"phase2a1_record_id","query_id","search_date","search_source","title","authors","year","doi_or_identifier","source_native_id","duplicate_group","screening_state","exclusion_reason","evidence_depth","full_text_access_status","evidence_location","proposed_corpus_record","raw_snapshot","notes"
"A1DEF-0001","PHASE2A1-SEARCH-0021","2026-07-31","Crossref","Hypothesis Testing","","2009","10.1017/cbo9780511806957.004","https://doi.org/10.1017/cbo9780511806957.004","A1DEF-DUP-0001","FALSE_POSITIVE","Resolved at title/abstract/citation-context because the record was off-topic, application-specific, secondary, sequential-only, or methodologically redundant with a verified primary anchor; it was not retained and is not used to support a substantive or absence conclusion.","LEVEL_3_DISCOVERY","NOT_RETRIEVED","","","audit/phase2a1_raw_search_results/DEF/PHASE2A1-SEARCH-0021_crossref.json","Discovery-only; not used in synthesis or an absence conclusion."
"A1DEF-0002","PHASE2A1-SEARCH-0021","2026-07-31","Crossref","Graphing Sample Distributions for Hypothesis Testing","","2021","10.4135/9781529630213.n2","https://doi.org/10.4135/9781529630213.n2","A1DEF-DUP-0002","FALSE_POSITIVE","Resolved at title/abstract/citation-context because the record was off-topic, application-specific, secondary, sequential-only, or methodologically redundant with a verified primary anchor; it was not retained and is not used to support a substantive or absence conclusion.","LEVEL_3_DISCOVERY","NOT_RETRIEVED","","","audit/phase2a1_raw_search_results/DEF/PHASE2A1-SEARCH-0021_crossref.json","Discovery-only; not used in synthesis or an absence conclusion."
"A1DEF-0003","PHASE2A1-SEARCH-0021","2026-07-31","Crossref","Bringing Game Theory to Hypothesis Testing: Establishing Finite Sample Bounds on Inference","Karl H. Schlag","2008","10.2139/ssrn.1266059","https://doi.org/10.2139/ssrn.1266059","A1DEF-DUP-0003","FALSE_POSITIVE","Resolved at title/abstract/citation-context because the record was off-topic, application-specific, secondary, sequential-only, or methodologically redundant with a verified primary anchor; it was not retained and is not used to support a substantive or absence conclusion.","LEVEL_3_DISCOVERY","NOT_RETRIEVED","","","audit/phase2a1_raw_search_results/DEF/PHASE2A1-SEARCH-0021_crossref.json","Discovery-only; not used in synthesis or an absence conclusion."
"A1DEF-0004","PHASE2A1-SEARCH-0021","2026-07-31","Crossref","Finite-Sample Two-Group Composite Hypothesis Testing via Machine Learning","Tianyu Zhan; Jian Kang","2022","10.1080/10618600.2021.2020128","https://doi.org/10.1080/10618600.2021.2020128","A1DEF-DUP-0004","FULL_TEXT_INCLUDED","","LEVEL_2_SUPPORTING","AUTHOR_MANUSCRIPT_FULL_TEXT_INSPECTED","Sections 2-3.3: two-group IID composite hypotheses, simulated training grid and critical-value construction; Sections 4-5 simulations; limitation discussion pp. 610-614 of source manuscript.","NEW_CORPUS_CANDIDATE","audit/phase2a1_raw_search_results/DEF/PHASE2A1-SEARCH-0021_crossref.json","Simulation-trained test; no theorem establishing a uniform finite-sample guarantee."
"A1DEF-0005","PHASE2A1-SEARCH-0021","2026-07-31","Crossref","Sample Size Determination for Bayesian Informative Hypothesis Testing","; Qianrao Fu","","10.33540/1221","https://doi.org/10.33540/1221","A1DEF-DUP-0005","FALSE_POSITIVE","Resolved at title/abstract/citation-context because the record was off-topic, application-specific, secondary, sequential-only, or methodologically redundant with a verified primary anchor; it was not retained and is not used to support a substantive or absence conclusion.","LEVEL_3_DISCOVERY","NOT_RETRIEVED","","","audit/phase2a1_raw_search_results/DEF/PHASE2A1-SEARCH-0021_crossref.json","Discovery-only; not used in synthesis or an absence conclusion."
"A1DEF-0006","PHASE2A1-SEARCH-0021","2026-07-31","Crossref","Active Fixed-Sample-Size Hypothesis Testing via POMDP Value Function Lipschitz Bounds","Timothy L. Molloy; Girish N. Nair","2024","10.23919/acc60939.2024.10644574","https://doi.org/10.23919/acc60939.2024.10644574","A1DEF-DUP-0006","FULL_TEXT_UNAVAILABLE","Official ANU repository preserved metadata only; primary conference full text was not legally accessible in the bounded search.","LEVEL_1_LOAD_BEARING","FULL_TEXT_UNAVAILABLE","","","audit/phase2a1_raw_search_results/DEF/PHASE2A1-SEARCH-0021_crossref.json","Not used for a substantive or absence conclusion."
"A1DEF-0007","PHASE2A1-SEARCH-0021","2026-07-31","Crossref","Sample Size and Hypothesis Testing","","2023","10.1002/9781119800002.ch14","https://doi.org/10.1002/9781119800002.ch14","A1DEF-DUP-0007","FALSE_POSITIVE","Resolved at title/abstract/citation-context because the record was off-topic, application-specific, secondary, sequential-only, or methodologically redundant with a verified primary anchor; it was not retained and is not used to support a substantive or absence conclusion.","LEVEL_3_DISCOVERY","NOT_RETRIEVED","","","audit/phase2a1_raw_search_results/DEF/PHASE2A1-SEARCH-0021_crossref.json","Discovery-only; not used in synthesis or an absence conclusion."
"A1DEF-0008","PHASE2A1-SEARCH-0021","2026-07-31","Crossref","Hypothesis Testing with One Sample","","2014","10.4324/9781315797564-13","https://doi.org/10.4324/9781315797564-13","A1DEF-DUP-0008","FALSE_POSITIVE","Resolved at title/abstract/citation-context because the record was off-topic, application-specific, secondary, sequential-only, or methodologically redundant with a verified primary anchor; it was not retained and is not used to support a substantive or absence conclusion.","LEVEL_3_DISCOVERY","NOT_RETRIEVED","","","audit/phase2a1_raw_search_results/DEF/PHASE2A1-SEARCH-0021_crossref.json","Discovery-only; not used in synthesis or an absence conclusion."
"A1DEF-0009","PHASE2A1-SEARCH-0021","2026-07-31","Crossref","A Finite Sample Test for the Composite Hypothesis of Stable Law","Albert Paulson; Xing Zhong; Thomas R. Willemain","2016","10.2139/ssrn.2781635","https://doi.org/10.2139/ssrn.2781635","A1DEF-DUP-0009","FALSE_POSITIVE","Resolved at title/abstract/citation-context because the record was off-topic, application-specific, secondary, sequential-only, or methodologically redundant with a verified primary anchor; it was not retained and is not used to support a substantive or absence conclusion.","LEVEL_3_DISCOVERY","NOT_RETRIEVED","","","audit/phase2a1_raw_search_results/DEF/PHASE2A1-SEARCH-0021_crossref.json","Discovery-only; not used in synthesis or an absence conclusion."
"A1DEF-0010","PHASE2A1-SEARCH-0021","2026-07-31","Crossref","The Optimal Finite-Sample Error Probability in Asymmetric Binary Hypothesis Testing","V. Lungu; I. Kontoyiannis","2024","10.1109/isit57864.2024.10619363","https://doi.org/10.1109/isit57864.2024.10619363","A1DEF-DUP-0010","FALSE_POSITIVE","Resolved at title/abstract/citation-context because the record was off-topic, application-specific, secondary, sequential-only, or methodologically redundant with a verified primary anchor; it was not retained and is not used to support a substantive or absence conclusion.","LEVEL_3_DISCOVERY","NOT_RETRIEVED","","","audit/phase2a1_raw_search_results/DEF/PHASE2A1-SEARCH-0021_crossref.json","Discovery-only; not used in synthesis or an absence conclusion."
"A1DEF-0011","PHASE2A1-SEARCH-0021","2026-07-31","Crossref","Hypothesis Testing and Finite Sample Properties of Generalized Method of Moments Estimators: A Monte Carlo Study","Ching-Sheng Mao","1990","10.2139/ssrn.2123593","https://doi.org/10.2139/ssrn.2123593","A1DEF-DUP-0011","FALSE_POSITIVE","Resolved at title/abstract/citation-context because the record was off-topic, application-specific, secondary, sequential-only, or methodologically redundant with a verified primary anchor; it was not retained and is not used to support a substantive or absence conclusion.","LEVEL_3_DISCOVERY","NOT_RETRIEVED","","","audit/phase2a1_raw_search_results/DEF/PHASE2A1-SEARCH-0021_crossref.json","Discovery-only; not used in synthesis or an absence conclusion."
"A1DEF-0012","PHASE2A1-SEARCH-0021","2026-07-31","Crossref","Hypothesis Testing and One-Sample t Tests","","2012","10.4135/9781071878989.n12","https://doi.org/10.4135/9781071878989.n12","A1DEF-DUP-0012","FALSE_POSITIVE","Resolved at title/abstract/citation-context because the record was off-topic, application-specific, secondary, sequential-only, or methodologically redundant with a verified primary anchor; it was not retained and is not used to support a substantive or absence conclusion.","LEVEL_3_DISCOVERY","NOT_RETRIEVED","","","audit/phase2a1_raw_search_results/DEF/PHASE2A1-SEARCH-0021_crossref.json","Discovery-only; not used in synthesis or an absence conclusion."
"A1DEF-0013","PHASE2A1-SEARCH-0021","2026-07-31","Crossref","One-Sample Hypothesis Testing Including Power and Sample Size","Melody S. Goodman","2025","10.4324/9781003401612-13","https://doi.org/10.4324/9781003401612-13","A1DEF-DUP-0013","FALSE_POSITIVE","Resolved at title/abstract/citation-context because the record was off-topic, application-specific, secondary, sequential-only, or methodologically redundant with a verified primary anchor; it was not retained and is not used to support a substantive or absence conclusion.","LEVEL_3_DISCOVERY","NOT_RETRIEVED","","","audit/phase2a1_raw_search_results/DEF/PHASE2A1-SEARCH-0021_crossref.json","Discovery-only; not used in synthesis or an absence conclusion."
"A1DEF-0014","PHASE2A1-SEARCH-0021","2026-07-31","Crossref","Lab C: One-sample hypothesis testing, power, and sample size","Melody S. Goodman","2017","10.4324/9781315155661-11","https://doi.org/10.4324/9781315155661-11","A1DEF-DUP-0014","FALSE_POSITIVE","Resolved at title/abstract/citation-context because the record was off-topic, application-specific, secondary, sequential-only, or methodologically redundant with a verified primary anchor; it was not retained and is not used to support a substantive or absence conclusion.","LEVEL_3_DISCOVERY","NOT_RETRIEVED","","","audit/phase2a1_raw_search_results/DEF/PHASE2A1-SEARCH-0021_crossref.json","Discovery-only; not used in synthesis or an absence conclusion."
"A1DEF-0015","PHASE2A1-SEARCH-0021","2026-07-31","Crossref","Large Sample Hypothesis Testing","Anthony Almudevar","2021","10.1201/9781003049340-14","https://doi.org/10.1201/9781003049340-14","A1DEF-DUP-0015","FALSE_POSITIVE","Resolved at title/abstract/citation-context because the record was off-topic, application-specific, secondary, sequential-only, or methodologically redundant with a verified primary anchor; it was not retained and is not used to support a substantive or absence conclusion.","LEVEL_3_DISCOVERY","NOT_RETRIEVED","","","audit/phase2a1_raw_search_results/DEF/PHASE2A1-SEARCH-0021_crossref.json","Discovery-only; not used in synthesis or an absence conclusion."
"A1DEF-0016","PHASE2A1-SEARCH-0022","2026-07-31","OpenAlex","Bayesian t tests for accepting and rejecting the null hypothesis","Jeffrey N. Rouder; Paul L. Speckman; Dongchu Sun; Richard D. Morey; Geoffrey Iverson","2009","10.3758/pbr.16.2.225","https://openalex.org/W1978662219","A1DEF-DUP-0016","FALSE_POSITIVE","Resolved at title/abstract/citation-context because the record was off-topic, application-specific, secondary, sequential-only, or methodologically redundant with a verified primary anchor; it was not retained and is not used to support a substantive or absence conclusion.","LEVEL_3_DISCOVERY","NOT_RETRIEVED","","","audit/phase2a1_raw_search_results/DEF/PHASE2A1-SEARCH-0022_openalex.json","Discovery-only; not used in synthesis or an absence conclusion."
"A1DEF-0017","PHASE2A1-SEARCH-0022","2026-07-31","OpenAlex","Wilcoxon-Mann-Whitney or t-test? On assumptions for hypothesis tests and multiple interpretations of decision rules","Michael P. Fay; Michael A. Proschan","2010","10.1214/09-ss051","https://openalex.org/W1974828111","A1DEF-DUP-0017","FALSE_POSITIVE","Resolved at title/abstract/citation-context because the record was off-topic, application-specific, secondary, sequential-only, or methodologically redundant with a verified primary anchor; it was not retained and is not used to support a substantive or absence conclusion.","LEVEL_3_DISCOVERY","NOT_RETRIEVED","","","audit/phase2a1_raw_search_results/DEF/PHASE2A1-SEARCH-0022_openalex.json","Discovery-only; not used in synthesis or an absence conclusion."
"A1DEF-0018","PHASE2A1-SEARCH-0022","2026-07-31","OpenAlex","Model Selection and Model Averaging in Phylogenetics: Advantages of Akaike Information Criterion and Bayesian Approaches Over Likelihood Ratio Tests","David Posada; Thomas R. Buckley","2004","10.1080/10635150490522304","https://openalex.org/W2101846955","A1DEF-DUP-0018","FALSE_POSITIVE","Resolved at title/abstract/citation-context because the record was off-topic, application-specific, secondary, sequential-only, or methodologically redundant with a verified primary anchor; it was not retained and is not used to support a substantive or absence conclusion.","LEVEL_3_DISCOVERY","NOT_RETRIEVED","","","audit/phase2a1_raw_search_results/DEF/PHASE2A1-SEARCH-0022_openalex.json","Discovery-only; not used in synthesis or an absence conclusion."
"A1DEF-0019","PHASE2A1-SEARCH-0022","2026-07-31","OpenAlex","On the use of Non-Local Prior Densities in Bayesian Hypothesis Tests","Valen E. Johnson; David Rossell","2010","10.1111/j.1467-9868.2009.00730.x","https://openalex.org/W2053675401","A1DEF-DUP-0019","FALSE_POSITIVE","Resolved at title/abstract/citation-context because the record was off-topic, application-specific, secondary, sequential-only, or methodologically redundant with a verified primary anchor; it was not retained and is not used to support a substantive or absence conclusion.","LEVEL_3_DISCOVERY","NOT_RETRIEVED","","","audit/phase2a1_raw_search_results/DEF/PHASE2A1-SEARCH-0022_openalex.json","Discovery-only; not used in synthesis or an absence conclusion."
"A1DEF-0020","PHASE2A1-SEARCH-0022","2026-07-31","OpenAlex","Pitfalls and Opportunities: What Macroeconomists Should Know about Unit Roots","John Y. Campbell; Pierre Perrón","1991","10.1086/654163","https://openalex.org/W3122245991","A1DEF-DUP-0020","FALSE_POSITIVE","Resolved at title/abstract/citation-context because the record was off-topic, application-specific, secondary, sequential-only, or methodologically redundant with a verified primary anchor; it was not retained and is not used to support a substantive or absence conclusion.","LEVEL_3_DISCOVERY","NOT_RETRIEVED","","","audit/phase2a1_raw_search_results/DEF/PHASE2A1-SEARCH-0022_openalex.json","Discovery-only; not used in synthesis or an absence conclusion."
"A1DEF-0021","PHASE2A1-SEARCH-0022","2026-07-31","OpenAlex","Panel cointegration tests of the Fisher effect","Joakim Westerlund","2007","10.1002/jae.967","https://openalex.org/W2025507654","A1DEF-DUP-0021","FALSE_POSITIVE","Resolved at title/abstract/citation-context because the record was off-topic, application-specific, secondary, sequential-only, or methodologically redundant with a verified primary anchor; it was not retained and is not used to support a substantive or absence conclusion.","LEVEL_3_DISCOVERY","NOT_RETRIEVED","","","audit/phase2a1_raw_search_results/DEF/PHASE2A1-SEARCH-0022_openalex.json","Discovery-only; not used in synthesis or an absence conclusion."
"A1DEF-0022","PHASE2A1-SEARCH-0022","2026-07-31","OpenAlex","Double/Debiased Machine Learning for Treatment and Structural Parameters","Victor Chernozhukov; Denis Chetverikov; Mert Demirer; Esther Duflo; Christian Hansen; Whitney K. Newey; James M. Robins","2017","10.3386/w23564","https://openalex.org/W2890118063","A1DEF-DUP-0022","FALSE_POSITIVE","Resolved at title/abstract/citation-context because the record was off-topic, application-specific, secondary, sequential-only, or methodologically redundant with a verified primary anchor; it was not retained and is not used to support a substantive or absence conclusion.","LEVEL_3_DISCOVERY","NOT_RETRIEVED","","","audit/phase2a1_raw_search_results/DEF/PHASE2A1-SEARCH-0022_openalex.json","Discovery-only; not used in synthesis or an absence conclusion."
"A1DEF-0023","PHASE2A1-SEARCH-0022","2026-07-31","OpenAlex","Choice of Sample Split in Out-of-Sample Forecast Evaluation","Peter Reinhard Hansen; Allan Timmermann","2012","https://openalex.org/W1526398682","https://openalex.org/W1526398682","A1DEF-DUP-0023","FALSE_POSITIVE","Resolved at title/abstract/citation-context because the record was off-topic, application-specific, secondary, sequential-only, or methodologically redundant with a verified primary anchor; it was not retained and is not used to support a substantive or absence conclusion.","LEVEL_3_DISCOVERY","NOT_RETRIEVED","","","audit/phase2a1_raw_search_results/DEF/PHASE2A1-SEARCH-0022_openalex.json","Discovery-only; not used in synthesis or an absence conclusion."
"A1DEF-0024","PHASE2A1-SEARCH-0022","2026-07-31","OpenAlex","Data-Driven Smooth Tests When the Hypothesis is Composite","W.C.M. Kallenberg; Teresa Ledwina","1997","10.1080/01621459.1997.10474065","https://openalex.org/W2132165960","A1DEF-DUP-0024","FALSE_POSITIVE","Resolved at title/abstract/citation-context because the record was off-topic, application-specific, secondary, sequential-only, or methodologically redundant with a verified primary anchor; it was not retained and is not used to support a substantive or absence conclusion.","LEVEL_3_DISCOVERY","NOT_RETRIEVED","","","audit/phase2a1_raw_search_results/DEF/PHASE2A1-SEARCH-0022_openalex.json","Discovery-only; not used in synthesis or an absence conclusion."
"A1DEF-0025","PHASE2A1-SEARCH-0022","2026-07-31","OpenAlex","IceCube high-energy starting event sample: Description and flux characterization with 7.5 years of data","R. Abbasi; M. Ackermann; J. Adams; J. A. Aguilar; M. Ahlers; M. Ahrens; Cyril Martin Alispach; A. A. Alves; N. M. Amin; K. Andeen; T. Anderson; I. Ansseau; G. Anton; C. Argüelles; Spencer Axani; X. Bai; Aswathi Balagopal; Anastasia Maria Barbano; S. W. Barwick; Benjamin Bastian; Vedant Basu; V. Baum; S. Baur; R. Bay; J. J. Beatty; K. Becker; J. Becker Tjus; Chiara Bellenghi; S. BenZvi; D. Berley; E. Bernardini; D. Besson; G. Binder; D. Bindig; E. Blaufuss; Summer Blot; S. Böser; O. Botner; J. Böttcher; Etienne Bourbeau; J. Bourbeau; Federica Bradascio; J. Braun; S. Bron; Jannes Brostean-Kaiser; A. Burgman; Raffaela Busse; Michael Campana; C. Chen; D. Chirkin; S. Choi; Brian Clark; K. Clark; Lew Classen; Alan Coleman; G. H. Collin; J. M. Conrad; Paul Coppin; Pablo Correa; D. F. Cowen; R. Cross; Pranav Dave; C. De Clercq; James DeLaunay; H.-P. Dembinski; Kunal Deoskar; S. De Ridder; Abhishek Desai; P. Desiati; K. D. de Vries; G. de Wasseige; M. de With; T. DeYoung; Sukeerthi Dharani; A. Diaz; J. C. Díaz–Vélez; Hrvoje Dujmović; M. Dunkman; M. A. DuVernois; Emily Dvorak; Thomas Ehrhardt; P. Eller; R. Engel; John Evans; P. A. Evenson; S. Fahey; A. R. Fazely; Sebastian Fiedlschuster; Aaron Fienberg; K. Filimonov; C. Finley; Leander Fischer; D. B. Fox; A. Franckowiak; Edward Friedman; Alexander Fritz; Philipp Fürst; T. K. Gaisser; J. S. Gallagher; Erik Ganster","2021","10.1103/physrevd.104.022002","https://openalex.org/W3098322373","A1DEF-DUP-0025","FALSE_POSITIVE","Resolved at title/abstract/citation-context because the record was off-topic, application-specific, secondary, sequential-only, or methodologically redundant with a verified primary anchor; it was not retained and is not used to support a substantive or absence conclusion.","LEVEL_3_DISCOVERY","NOT_RETRIEVED","","","audit/phase2a1_raw_search_results/DEF/PHASE2A1-SEARCH-0022_openalex.json","Discovery-only; not used in synthesis or an absence conclusion."
"A1DEF-0026","PHASE2A1-SEARCH-0022","2026-07-31","OpenAlex","Consistent Testing for Stochastic Dominance under General Sampling Schemes","Oliver B. Linton; Esfandiar Maasoumi; Yoon‐Jae Whang","2005","10.1111/j.1467-937x.2005.00350.x","https://openalex.org/W2136168643","A1DEF-DUP-0026","FALSE_POSITIVE","Resolved at title/abstract/citation-context because the record was off-topic, application-specific, secondary, sequential-only, or methodologically redundant with a verified primary anchor; it was not retained and is not used to support a substantive or absence conclusion.","LEVEL_3_DISCOVERY","NOT_RETRIEVED","","","audit/phase2a1_raw_search_results/DEF/PHASE2A1-SEARCH-0022_openalex.json","Discovery-only; not used in synthesis or an absence conclusion."
"A1DEF-0027","PHASE2A1-SEARCH-0022","2026-07-31","OpenAlex","Precise determination of the mass of the Higgs boson and tests of compatibility of its couplings with the standard model predictions using proton collisions at 7 and 8 $$\,\text {TeV}$$ TeV","V. Khachatryan; A. M. Sirunyan; A. Tumasyan; W. Adam; T. Bergauer; M. Dragicevic; J. Erö; M. Friedl; R. Frühwirth; V. M. Ghete; C. Hartl; N. Hörmann; J. Hrubec; M. Jeitler; W. Kiesenhofer; V. Knünz; M. Krammer; I. Krätschmer; D. Liko; I. Mikulec; D. Rabady; B. Rahbaran; H. Rohringer; R. Schöfbeck; J. Strauss; W. Treberer-Treberspurg; W. Waltenberger; C.-E. Wulz; V. Mossolov; N. Shumeiko; J. Suarez Gonzalez; S. Alderweireldt; S. Bansal; T. Cornelis; E. A. De Wolf; X. Janssen; A. Knutsson; J. Lauwers; S. Luyckx; S. Ochesanu; R. Rougny; M. Van De Klundert; H. Van Haevermaet; P. Van Mechelen; N. Van Remortel; A. Van Spilbeeck; F. Blekman; S. Blyweert; J. D’Hondt; N. Daci; N. Heracleous; J. Keaveney; S. Lowette; M. Maes; A. Olbrechts; Q. Python; D. Strom; S. Tavernier; W. Van Doninck; P. Van Mulders; G. P. Van Onsem; I. Villella; C. Caillol; B. Clerbaux; G. De Lentdecker; D. Dobur; L. Favart; A. P. R. Gay; A. Grebenyuk; A. Léonard; A. Mohammadi; L. Perniè; A. Randle-conde; T. Reis; T. Ševa; L. Thomas; C. Vander Velde; P. Vanlaer; J. Wang; F. Zenoni; V. Adler; K. Beernaert; L. Benucci; A. Cimmino; S. Costantini; S. Crucy; A. Fagot; G. Garcia; J. Mccartin; A. A. Ocampo Rios; D. Poyraz; D. Ryckbosch; S. Salva Diblen; M. Sigamani; N. Strobbe; F. Thyssen; M. Tytgat; E. Yazgan; N. Zaganidis; S. Başeğmez","2015","10.1140/epjc/s10052-015-3351-7","https://openalex.org/W2079479731","A1DEF-DUP-0027","FALSE_POSITIVE","Resolved at title/abstract/citation-context because the record was off-topic, application-specific, secondary, sequential-only, or methodologically redundant with a verified primary anchor; it was not retained and is not used to support a substantive or absence conclusion.","LEVEL_3_DISCOVERY","NOT_RETRIEVED","","","audit/phase2a1_raw_search_results/DEF/PHASE2A1-SEARCH-0022_openalex.json","Discovery-only; not used in synthesis or an absence conclusion."
"A1DEF-0028","PHASE2A1-SEARCH-0022","2026-07-31","OpenAlex","Data driven smooth tests for composite hypotheses","Tadeusz Inglot; W.C.M. Kallenberg; Teresa Ledwina","1997","10.1214/aos/1069362746","https://openalex.org/W2096769784","A1DEF-DUP-0028","FALSE_POSITIVE","Resolved at title/abstract/citation-context because the record was off-topic, application-specific, secondary, sequential-only, or methodologically redundant with a verified primary anchor; it was not retained and is not used to support a substantive or absence conclusion.","LEVEL_3_DISCOVERY","NOT_RETRIEVED","","","audit/phase2a1_raw_search_results/DEF/PHASE2A1-SEARCH-0022_openalex.json","Discovery-only; not used in synthesis or an absence conclusion."
"A1DEF-0029","PHASE2A1-SEARCH-0022","2026-07-31","OpenAlex","Could Fisher, Jeffreys and Neyman Have Agreed on Testing?","James O. Berger","2003","10.1214/ss/1056397485","https://openalex.org/W2038290376","A1DEF-DUP-0029","FALSE_POSITIVE","Resolved at title/abstract/citation-context because the record was off-topic, application-specific, secondary, sequential-only, or methodologically redundant with a verified primary anchor; it was not retained and is not used to support a substantive or absence conclusion.","LEVEL_3_DISCOVERY","NOT_RETRIEVED","","","audit/phase2a1_raw_search_results/DEF/PHASE2A1-SEARCH-0022_openalex.json","Discovery-only; not used in synthesis or an absence conclusion."
"A1DEF-0030","PHASE2A1-SEARCH-0022","2026-07-31","OpenAlex","Reduced Basis Approximation and a Posteriori Error Estimation for Affinely Parametrized Elliptic Coercive Partial Differential Equations","Gianluigi Rozza; D.B.P. Huynh; A.T. Patera","2008","10.1007/s11831-008-9019-9","https://openalex.org/W2052690618","A1DEF-DUP-0030","FALSE_POSITIVE","Resolved at title/abstract/citation-context because the record was off-topic, application-specific, secondary, sequential-only, or methodologically redundant with a verified primary anchor; it was not retained and is not used to support a substantive or absence conclusion.","LEVEL_3_DISCOVERY","NOT_RETRIEVED","","","audit/phase2a1_raw_search_results/DEF/PHASE2A1-SEARCH-0022_openalex.json","Discovery-only; not used in synthesis or an absence conclusion."
"A1DEF-0031","PHASE2A1-SEARCH-0023","2026-07-31","Crossref","Robust Testing for Independent Non Identically Distributed Variables and Markov Chains","Lucien Birgé","1983","10.1007/978-1-4612-5503-1_9","https://doi.org/10.1007/978-1-4612-5503-1_9","A1DEF-DUP-0031","FULL_TEXT_UNAVAILABLE","No legally accessible primary full text was found in the bounded publisher/repository/author search; the chapter may contain constructive robust tests for independent non-identically distributed observations and Markov chains, so its guarantee and scope cannot be inferred from metadata.","LEVEL_1_LOAD_BEARING","FULL_TEXT_UNAVAILABLE","","","audit/phase2a1_raw_search_results/DEF/PHASE2A1-SEARCH-0023_crossref.json","Not used for a substantive or absence conclusion."
"A1DEF-0032","PHASE2A1-SEARCH-0023","2026-07-31","Crossref","Testing hypotheses on independent, not identically distributed models","Wolfgang Wefelmeyer","1987","10.1007/978-94-009-3963-9_20","https://doi.org/10.1007/978-94-009-3963-9_20","A1DEF-DUP-0032","FULL_TEXT_UNAVAILABLE","No legally accessible primary full text found in the bounded publisher/repository/author search. The authoritative abstract describes an asymptotic power bound under contiguous alternatives, but the primary theorem could not be inspected.","LEVEL_1_LOAD_BEARING","FULL_TEXT_UNAVAILABLE","","","audit/phase2a1_raw_search_results/DEF/PHASE2A1-SEARCH-0023_crossref.json","Not used for a substantive or absence conclusion."
"A1DEF-0033","PHASE2A1-SEARCH-0023","2026-07-31","Crossref","Maxima of independent, non-identically distributed Gaussian vectors","Sebastian Engelke; Zakhar Kabluchko; Martin Schlather","2015","10.3150/13-bej560","https://doi.org/10.3150/13-bej560","A1DEF-DUP-0033","FALSE_POSITIVE","Resolved at title/abstract/citation-context because the record was off-topic, application-specific, secondary, sequential-only, or methodologically redundant with a verified primary anchor; it was not retained and is not used to support a substantive or absence conclusion.","LEVEL_3_DISCOVERY","NOT_RETRIEVED","","","audit/phase2a1_raw_search_results/DEF/PHASE2A1-SEARCH-0023_crossref.json","Discovery-only; not used in synthesis or an absence conclusion."
"A1DEF-0034","PHASE2A1-SEARCH-0023","2026-07-31","Crossref","Robust Estimation in Models for Independent Non-Identically Distributed Data","Rudolf Beran","1982","10.1214/aos/1176345783","https://doi.org/10.1214/aos/1176345783","A1DEF-DUP-0034","FALSE_POSITIVE","Resolved at title/abstract/citation-context because the record was off-topic, application-specific, secondary, sequential-only, or methodologically redundant with a verified primary anchor; it was not retained and is not used to support a substantive or absence conclusion.","LEVEL_3_DISCOVERY","NOT_RETRIEVED","","","audit/phase2a1_raw_search_results/DEF/PHASE2A1-SEARCH-0023_crossref.json","Discovery-only; not used in synthesis or an absence conclusion."
"A1DEF-0035","PHASE2A1-SEARCH-0023","2026-07-31","Crossref","Non-asymptotic equipartition properties for independent and identically distributed sources","En-Hui Yang; Jin Meng","2012","10.1109/ita.2012.6181822","https://doi.org/10.1109/ita.2012.6181822","A1DEF-DUP-0035","FALSE_POSITIVE","Resolved at title/abstract/citation-context because the record was off-topic, application-specific, secondary, sequential-only, or methodologically redundant with a verified primary anchor; it was not retained and is not used to support a substantive or absence conclusion.","LEVEL_3_DISCOVERY","NOT_RETRIEVED","","","audit/phase2a1_raw_search_results/DEF/PHASE2A1-SEARCH-0023_crossref.json","Discovery-only; not used in synthesis or an absence conclusion."
"A1DEF-0036","PHASE2A1-SEARCH-0023","2026-07-31","Crossref","Asymptotic distribution of independent non identically distributed random vectors given their sum. Functional limit laws for the increments of Lévy processes","Dimbihery Rabenoro","","10.70675/ee22ea3ez985cz46c2zad01zc52f2800b2c5","https://doi.org/10.70675/ee22ea3ez985cz46c2zad01zc52f2800b2c5","A1DEF-DUP-0036","FALSE_POSITIVE","Resolved at title/abstract/citation-context because the record was off-topic, application-specific, secondary, sequential-only, or methodologically redundant with a verified primary anchor; it was not retained and is not used to support a substantive or absence conclusion.","LEVEL_3_DISCOVERY","NOT_RETRIEVED","","","audit/phase2a1_raw_search_results/DEF/PHASE2A1-SEARCH-0023_crossref.json","Discovery-only; not used in synthesis or an absence conclusion."
"A1DEF-0037","PHASE2A1-SEARCH-0023","2026-07-31","Crossref","On the uniform approximation of distribution functions of sums of independent non-identically distributed random variables","","1987","10.1515/9783112314227-095","https://doi.org/10.1515/9783112314227-095","A1DEF-DUP-0037","FALSE_POSITIVE","Resolved at title/abstract/citation-context because the record was off-topic, application-specific, secondary, sequential-only, or methodologically redundant with a verified primary anchor; it was not retained and is not used to support a substantive or absence conclusion.","LEVEL_3_DISCOVERY","NOT_RETRIEVED","","","audit/phase2a1_raw_search_results/DEF/PHASE2A1-SEARCH-0023_crossref.json","Discovery-only; not used in synthesis or an absence conclusion."
"A1DEF-0038","PHASE2A1-SEARCH-0023","2026-07-31","Crossref","A limit theorem of symmetric statistics for non-identically distributed independent random elements","Mustafid","1990","10.32917/hmj/1206454447","https://doi.org/10.32917/hmj/1206454447","A1DEF-DUP-0038","FALSE_POSITIVE","Resolved at title/abstract/citation-context because the record was off-topic, application-specific, secondary, sequential-only, or methodologically redundant with a verified primary anchor; it was not retained and is not used to support a substantive or absence conclusion.","LEVEL_3_DISCOVERY","NOT_RETRIEVED","","","audit/phase2a1_raw_search_results/DEF/PHASE2A1-SEARCH-0023_crossref.json","Discovery-only; not used in synthesis or an absence conclusion."
"A1DEF-0039","PHASE2A1-SEARCH-0023","2026-07-31","Crossref","Large Deviations for the Supremum of Partial Sums of Non-Independent and Non-Identically Distributed Random Variables","Xia Wang; Xiaoya Liu","2026","10.3390/math14081322","https://doi.org/10.3390/math14081322","A1DEF-DUP-0039","FALSE_POSITIVE","Resolved at title/abstract/citation-context because the record was off-topic, application-specific, secondary, sequential-only, or methodologically redundant with a verified primary anchor; it was not retained and is not used to support a substantive or absence conclusion.","LEVEL_3_DISCOVERY","NOT_RETRIEVED","","","audit/phase2a1_raw_search_results/DEF/PHASE2A1-SEARCH-0023_crossref.json","Discovery-only; not used in synthesis or an absence conclusion."
"A1DEF-0040","PHASE2A1-SEARCH-0023","2026-07-31","Crossref","Test Based on Independent, but Non‐identically Distributed Random Variables","Jürg Hüsler","1987","10.1002/bimj.4710290408","https://doi.org/10.1002/bimj.4710290408","A1DEF-DUP-0040","FALSE_POSITIVE","Resolved at title/abstract/citation-context because the record was off-topic, application-specific, secondary, sequential-only, or methodologically redundant with a verified primary anchor; it was not retained and is not used to support a substantive or absence conclusion.","LEVEL_3_DISCOVERY","NOT_RETRIEVED","","","audit/phase2a1_raw_search_results/DEF/PHASE2A1-SEARCH-0023_crossref.json","Discovery-only; not used in synthesis or an absence conclusion."
"A1DEF-0041","PHASE2A1-SEARCH-0023","2026-07-31","Crossref","On Supervised Classification of Feature Vectors with Independent and Non-Identically Distributed Elements","Farzad Shahrivari; Nikola Zlatanov","2021","10.3390/e23081045","https://doi.org/10.3390/e23081045","A1DEF-DUP-0041","FALSE_POSITIVE","Resolved at title/abstract/citation-context because the record was off-topic, application-specific, secondary, sequential-only, or methodologically redundant with a verified primary anchor; it was not retained and is not used to support a substantive or absence conclusion.","LEVEL_3_DISCOVERY","NOT_RETRIEVED","","","audit/phase2a1_raw_search_results/DEF/PHASE2A1-SEARCH-0023_crossref.json","Discovery-only; not used in synthesis or an absence conclusion."
"A1DEF-0042","PHASE2A1-SEARCH-0023","2026-07-31","Crossref","APPLICATIONS OF INDEPENDENT AND IDENTICALLY DISTRIBUTED (IID) RANDOM PROCESSES IN POLARIMETRY AND CLIMATOLOGY","Dan Kestner","","10.37099/mtu.dc.etdr/1700","https://doi.org/10.37099/mtu.dc.etdr/1700","A1DEF-DUP-0042","FALSE_POSITIVE","Resolved at title/abstract/citation-context because the record was off-topic, application-specific, secondary, sequential-only, or methodologically redundant with a verified primary anchor; it was not retained and is not used to support a substantive or absence conclusion.","LEVEL_3_DISCOVERY","NOT_RETRIEVED","","","audit/phase2a1_raw_search_results/DEF/PHASE2A1-SEARCH-0023_crossref.json","Discovery-only; not used in synthesis or an absence conclusion."
"A1DEF-0043","PHASE2A1-SEARCH-0023","2026-07-31","Crossref","Structure learning with independent non-identically distributed data","Robert E. Tillman","2009","10.1145/1553374.1553507","https://doi.org/10.1145/1553374.1553507","A1DEF-DUP-0043","FALSE_POSITIVE","Resolved at title/abstract/citation-context because the record was off-topic, application-specific, secondary, sequential-only, or methodologically redundant with a verified primary anchor; it was not retained and is not used to support a substantive or absence conclusion.","LEVEL_3_DISCOVERY","NOT_RETRIEVED","","","audit/phase2a1_raw_search_results/DEF/PHASE2A1-SEARCH-0023_crossref.json","Discovery-only; not used in synthesis or an absence conclusion."
"A1DEF-0044","PHASE2A1-SEARCH-0023","2026-07-31","Crossref","Independent Identically Distributed (IID) Random Variables","Konrad Jacobs","1992","10.1007/978-3-0348-8645-1_4","https://doi.org/10.1007/978-3-0348-8645-1_4","A1DEF-DUP-0044","FALSE_POSITIVE","Resolved at title/abstract/citation-context because the record was off-topic, application-specific, secondary, sequential-only, or methodologically redundant with a verified primary anchor; it was not retained and is not used to support a substantive or absence conclusion.","LEVEL_3_DISCOVERY","NOT_RETRIEVED","","","audit/phase2a1_raw_search_results/DEF/PHASE2A1-SEARCH-0023_crossref.json","Discovery-only; not used in synthesis or an absence conclusion."
"A1DEF-0045","PHASE2A1-SEARCH-0023","2026-07-31","Crossref","A Hölderian FCLT for some multiparameter summation process of independent non-identically distributed random variables","Vaidotas Zemlys","2008","10.1214/ejp.v13-590","https://doi.org/10.1214/ejp.v13-590","A1DEF-DUP-0045","FALSE_POSITIVE","Resolved at title/abstract/citation-context because the record was off-topic, application-specific, secondary, sequential-only, or methodologically redundant with a verified primary anchor; it was not retained and is not used to support a substantive or absence conclusion.","LEVEL_3_DISCOVERY","NOT_RETRIEVED","","","audit/phase2a1_raw_search_results/DEF/PHASE2A1-SEARCH-0023_crossref.json","Discovery-only; not used in synthesis or an absence conclusion."
"A1DEF-0046","PHASE2A1-SEARCH-0024","2026-07-31","OpenAlex","Multiple Hypothesis Testing in Microarray Experiments","Sandrine Dudoit; Juliet Popper Shaffer; Jennifer C. Boldrick","2003","10.1214/ss/1056397487","https://openalex.org/W1965138864","A1DEF-DUP-0046","FALSE_POSITIVE","Resolved at title/abstract/citation-context because the record was off-topic, application-specific, secondary, sequential-only, or methodologically redundant with a verified primary anchor; it was not retained and is not used to support a substantive or absence conclusion.","LEVEL_3_DISCOVERY","NOT_RETRIEVED","","","audit/phase2a1_raw_search_results/DEF/PHASE2A1-SEARCH-0024_openalex.json","Discovery-only; not used in synthesis or an absence conclusion."
"A1DEF-0047","PHASE2A1-SEARCH-0024","2026-07-31","OpenAlex","Probing Interactions in Fixed and Multilevel Regression: Inferential and Graphical Techniques","Daniel J. Bauer; Patrick J. Curran","2005","10.1207/s15327906mbr4003_5","https://openalex.org/W2003258289","A1DEF-DUP-0047","FALSE_POSITIVE","Resolved at title/abstract/citation-context because the record was off-topic, application-specific, secondary, sequential-only, or methodologically redundant with a verified primary anchor; it was not retained and is not used to support a substantive or absence conclusion.","LEVEL_3_DISCOVERY","NOT_RETRIEVED","","","audit/phase2a1_raw_search_results/DEF/PHASE2A1-SEARCH-0024_openalex.json","Discovery-only; not used in synthesis or an absence conclusion."
"A1DEF-0048","PHASE2A1-SEARCH-0024","2026-07-31","OpenAlex","Model Selection and Model Averaging in Phylogenetics: Advantages of Akaike Information Criterion and Bayesian Approaches Over Likelihood Ratio Tests","David Posada; Thomas R. Buckley","2004","10.1080/10635150490522304","https://openalex.org/W2101846955","A1DEF-DUP-0018","DUPLICATE","Duplicate occurrence of a record already dispositioned in this prospective ledger.","LEVEL_3_DISCOVERY","NOT_APPLICABLE","","","audit/phase2a1_raw_search_results/DEF/PHASE2A1-SEARCH-0024_openalex.json","Duplicate search occurrence; retained evidence is attached to the first occurrence."
"A1DEF-0049","PHASE2A1-SEARCH-0024","2026-07-31","OpenAlex","Consistent Partial Least Squares Path Modeling1","Theo K. Dijkstra; Jörg Henseler","2015","10.25300/misq/2015/39.2.02","https://openalex.org/W2138071797","A1DEF-DUP-0048","FALSE_POSITIVE","Resolved at title/abstract/citation-context because the record was off-topic, application-specific, secondary, sequential-only, or methodologically redundant with a verified primary anchor; it was not retained and is not used to support a substantive or absence conclusion.","LEVEL_3_DISCOVERY","NOT_RETRIEVED","","","audit/phase2a1_raw_search_results/DEF/PHASE2A1-SEARCH-0024_openalex.json","Discovery-only; not used in synthesis or an absence conclusion."
"A1DEF-0050","PHASE2A1-SEARCH-0024","2026-07-31","OpenAlex","Empirical Tests of the Pollution Haven Hypothesis When Environmental Regulation is Endogenous","Daniel L. Millimet; Jayjit Roy","2015","10.1002/jae.2451","https://openalex.org/W2169853710","A1DEF-DUP-0049","FALSE_POSITIVE","Resolved at title/abstract/citation-context because the record was off-topic, application-specific, secondary, sequential-only, or methodologically redundant with a verified primary anchor; it was not retained and is not used to support a substantive or absence conclusion.","LEVEL_3_DISCOVERY","NOT_RETRIEVED","","","audit/phase2a1_raw_search_results/DEF/PHASE2A1-SEARCH-0024_openalex.json","Discovery-only; not used in synthesis or an absence conclusion."
"A1DEF-0051","PHASE2A1-SEARCH-0024","2026-07-31","OpenAlex","The Composite Nambu-Goldstone Higgs","Giuliano Panico; Andrea Wulzer","2015","10.1007/978-3-319-22617-0","https://openalex.org/W2133687881","A1DEF-DUP-0050","FALSE_POSITIVE","Resolved at title/abstract/citation-context because the record was off-topic, application-specific, secondary, sequential-only, or methodologically redundant with a verified primary anchor; it was not retained and is not used to support a substantive or absence conclusion.","LEVEL_3_DISCOVERY","NOT_RETRIEVED","","","audit/phase2a1_raw_search_results/DEF/PHASE2A1-SEARCH-0024_openalex.json","Discovery-only; not used in synthesis or an absence conclusion."
"A1DEF-0052","PHASE2A1-SEARCH-0024","2026-07-31","OpenAlex","Panel cointegration tests of the Fisher effect","Joakim Westerlund","2007","10.1002/jae.967","https://openalex.org/W2025507654","A1DEF-DUP-0021","DUPLICATE","Duplicate occurrence of a record already dispositioned in this prospective ledger.","LEVEL_3_DISCOVERY","NOT_APPLICABLE","","","audit/phase2a1_raw_search_results/DEF/PHASE2A1-SEARCH-0024_openalex.json","Duplicate search occurrence; retained evidence is attached to the first occurrence."
"A1DEF-0053","PHASE2A1-SEARCH-0024","2026-07-31","OpenAlex","Testing general relativity with present and future astrophysical observations","Emanuele Berti; Enrico Barausse; Vítor Cardoso; Leonardo Gualtieri; Paolo Pani; Ulrich Sperhake; Leo C. Stein; Norbert Wex; Kent Yagi; Tessa Baker; C. P. Burgess; Flávio S. Coelho; Daniela D. Doneva; Antonio De Felice; Pedro G. Ferreira; P. C. C. Freire; James Healy; Carlos Herdeiro; Michael Horbatsch; Burkhard Kleihaus; Antoine Klein; Kostas D. Kokkotas; Jutta Kunz; Pablo Laguna; R. N. Lang; Tjonnie G. F. Li; T. B. Littenberg; A. Matas; Saeed Mirshekari; H. Okawa; Eugen Radu; R. O’Shaughnessy; B. S. Sathyaprakash; Chris Van Den Broeck; Hans A. Winther; Helvi Witek; Mir Emad Aghili; Justin Alsing; B. Bolen; L. Bombelli; Sarah Caudill; Liang Chen; Juan Carlos Degollado; Ryuichi Fujita; Caixia Gao; Davide Gerosa; Saeed Kamali; Hector O. Silva; João G. Rosa; L. Sadeghian; Marco O. P. Sampaio; Hajime Sotani; Miguel Zilhão","2015","10.1088/0264-9381/32/24/243001","https://openalex.org/W2116923776","A1DEF-DUP-0051","FALSE_POSITIVE","Resolved at title/abstract/citation-context because the record was off-topic, application-specific, secondary, sequential-only, or methodologically redundant with a verified primary anchor; it was not retained and is not used to support a substantive or absence conclusion.","LEVEL_3_DISCOVERY","NOT_RETRIEVED","","","audit/phase2a1_raw_search_results/DEF/PHASE2A1-SEARCH-0024_openalex.json","Discovery-only; not used in synthesis or an absence conclusion."
"A1DEF-0054","PHASE2A1-SEARCH-0024","2026-07-31","OpenAlex","CISS - A Composite Indicator of Systemic Stress in the Financial System","Dániel Holló; Manfred Kremer; Marco Lo Duca","2012","10.2139/ssrn.1611717","https://openalex.org/W2162765294","A1DEF-DUP-0052","FALSE_POSITIVE","Resolved at title/abstract/citation-context because the record was off-topic, application-specific, secondary, sequential-only, or methodologically redundant with a verified primary anchor; it was not retained and is not used to support a substantive or absence conclusion.","LEVEL_3_DISCOVERY","NOT_RETRIEVED","","","audit/phase2a1_raw_search_results/DEF/PHASE2A1-SEARCH-0024_openalex.json","Discovery-only; not used in synthesis or an absence conclusion."
"A1DEF-0055","PHASE2A1-SEARCH-0024","2026-07-31","OpenAlex","Population differentiation as a test for selective sweeps","Hua Chen; Nick Patterson; David Reich","2010","10.1101/gr.100545.109","https://openalex.org/W2050340111","A1DEF-DUP-0053","FALSE_POSITIVE","Resolved at title/abstract/citation-context because the record was off-topic, application-specific, secondary, sequential-only, or methodologically redundant with a verified primary anchor; it was not retained and is not used to support a substantive or absence conclusion.","LEVEL_3_DISCOVERY","NOT_RETRIEVED","","","audit/phase2a1_raw_search_results/DEF/PHASE2A1-SEARCH-0024_openalex.json","Discovery-only; not used in synthesis or an absence conclusion."
"A1DEF-0056","PHASE2A1-SEARCH-0024","2026-07-31","OpenAlex","The Catechol-O-Methyltransferase Polymorphism: Relations to the Tonic–Phasic Dopamine Hypothesis and Neuropsychiatric Phenotypes","Robert M. Bilder; Jan Volavka; Herbert M. Lachman; Anthony A. Grace","2004","10.1038/sj.npp.1300542","https://openalex.org/W1997343027","A1DEF-DUP-0054","FALSE_POSITIVE","Resolved at title/abstract/citation-context because the record was off-topic, application-specific, secondary, sequential-only, or methodologically redundant with a verified primary anchor; it was not retained and is not used to support a substantive or absence conclusion.","LEVEL_3_DISCOVERY","NOT_RETRIEVED","","","audit/phase2a1_raw_search_results/DEF/PHASE2A1-SEARCH-0024_openalex.json","Discovery-only; not used in synthesis or an absence conclusion."
"A1DEF-0057","PHASE2A1-SEARCH-0024","2026-07-31","OpenAlex","A multiple testing correction method for genetic association studies using correlated single nucleotide polymorphisms","Xiaoyi Gao; Joshua Starmer; Eden R. Martin","2008","10.1002/gepi.20310","https://openalex.org/W2105673666","A1DEF-DUP-0055","FALSE_POSITIVE","Resolved at title/abstract/citation-context because the record was off-topic, application-specific, secondary, sequential-only, or methodologically redundant with a verified primary anchor; it was not retained and is not used to support a substantive or absence conclusion.","LEVEL_3_DISCOVERY","NOT_RETRIEVED","","","audit/phase2a1_raw_search_results/DEF/PHASE2A1-SEARCH-0024_openalex.json","Discovery-only; not used in synthesis or an absence conclusion."
"A1DEF-0058","PHASE2A1-SEARCH-0024","2026-07-31","OpenAlex","Testing for an Unusual Distribution of Rare Variants","Benjamin M. Neale; Manuel A. Rivas; Benjamin F. Voight; David Altshuler; Bernie Devlin; Marju Orho‐Melander; Sekar Kathiresan; Shaun Purcell; Kathryn Roeder; Mark J. Daly","2011","10.1371/journal.pgen.1001322","https://openalex.org/W2159998163","A1DEF-DUP-0056","FALSE_POSITIVE","Resolved at title/abstract/citation-context because the record was off-topic, application-specific, secondary, sequential-only, or methodologically redundant with a verified primary anchor; it was not retained and is not used to support a substantive or absence conclusion.","LEVEL_3_DISCOVERY","NOT_RETRIEVED","","","audit/phase2a1_raw_search_results/DEF/PHASE2A1-SEARCH-0024_openalex.json","Discovery-only; not used in synthesis or an absence conclusion."
"A1DEF-0059","PHASE2A1-SEARCH-0024","2026-07-31","OpenAlex","Inferring the Joint Demographic History of Multiple Populations from Multidimensional SNP Frequency Data","Ryan N. Gutenkunst; Ryan D. Hernandez; Scott Williamson; Carlos D. Bustamante","2009","10.1371/journal.pgen.1000695","https://openalex.org/W2125300654","A1DEF-DUP-0057","FALSE_POSITIVE","Resolved at title/abstract/citation-context because the record was off-topic, application-specific, secondary, sequential-only, or methodologically redundant with a verified primary anchor; it was not retained and is not used to support a substantive or absence conclusion.","LEVEL_3_DISCOVERY","NOT_RETRIEVED","","","audit/phase2a1_raw_search_results/DEF/PHASE2A1-SEARCH-0024_openalex.json","Discovery-only; not used in synthesis or an absence conclusion."
"A1DEF-0060","PHASE2A1-SEARCH-0024","2026-07-31","OpenAlex","Through the looking glass: understanding non-inferiority","Jennifer Schumi; Janet Wittes","2011","10.1186/1745-6215-12-106","https://openalex.org/W2128842690","A1DEF-DUP-0058","FALSE_POSITIVE","Resolved at title/abstract/citation-context because the record was off-topic, application-specific, secondary, sequential-only, or methodologically redundant with a verified primary anchor; it was not retained and is not used to support a substantive or absence conclusion.","LEVEL_3_DISCOVERY","NOT_RETRIEVED","","","audit/phase2a1_raw_search_results/DEF/PHASE2A1-SEARCH-0024_openalex.json","Discovery-only; not used in synthesis or an absence conclusion."
"A1DEF-0061","PHASE2A1-SEARCH-0025","2026-07-31","Crossref","<i>P</i> Values Maximized Over a Confidence Set for the Nuisance Parameter","Roger L. Berger; Dennis D. Boos","1994","10.1080/01621459.1994.10476836","https://doi.org/10.1080/01621459.1994.10476836","A1DEF-DUP-0059","FULL_TEXT_INCLUDED","","LEVEL_1_LOAD_BEARING","OFFICIAL_REPOSITORY_FULL_TEXT_INSPECTED","Institute of Statistics Mimeo Series 2218 / journal pp. 1012-1013: definition p_beta=sup over a (1-beta) nuisance confidence set plus beta and finite-sample validity argument.","NEW_CORPUS_CANDIDATE","audit/phase2a1_raw_search_results/DEF/PHASE2A1-SEARCH-0025_crossref.json","Fixed-sample exact/conservative uniform Type-I control with nuisance parameters; no Type-II or sample-size guarantee."
"A1DEF-0062","PHASE2A1-SEARCH-0025","2026-07-31","Crossref","Figure 10: Normal sample test results with the predicted level of confidence value.","","","10.7717/peerj-cs.614/fig-10","https://doi.org/10.7717/peerj-cs.614/fig-10","A1DEF-DUP-0060","FALSE_POSITIVE","Resolved at title/abstract/citation-context because the record was off-topic, application-specific, secondary, sequential-only, or methodologically redundant with a verified primary anchor; it was not retained and is not used to support a substantive or absence conclusion.","LEVEL_3_DISCOVERY","NOT_RETRIEVED","","","audit/phase2a1_raw_search_results/DEF/PHASE2A1-SEARCH-0025_crossref.json","Discovery-only; not used in synthesis or an absence conclusion."
"A1DEF-0063","PHASE2A1-SEARCH-0025","2026-07-31","Crossref","ExactVaRTest: Exact Finite-Sample Value-at-Risk Back-Testing","Yujian Chen","2025","10.32614/cran.package.exactvartest","https://doi.org/10.32614/cran.package.exactvartest","A1DEF-DUP-0061","FALSE_POSITIVE","Resolved at title/abstract/citation-context because the record was off-topic, application-specific, secondary, sequential-only, or methodologically redundant with a verified primary anchor; it was not retained and is not used to support a substantive or absence conclusion.","LEVEL_3_DISCOVERY","NOT_RETRIEVED","","","audit/phase2a1_raw_search_results/DEF/PHASE2A1-SEARCH-0025_crossref.json","Discovery-only; not used in synthesis or an absence conclusion."
"A1DEF-0064","PHASE2A1-SEARCH-0025","2026-07-31","Crossref","Figure 9: Viral Pneumonia sample test results with a predicted level of confidence value.","","","10.7717/peerj-cs.614/fig-9","https://doi.org/10.7717/peerj-cs.614/fig-9","A1DEF-DUP-0062","FALSE_POSITIVE","Resolved at title/abstract/citation-context because the record was off-topic, application-specific, secondary, sequential-only, or methodologically redundant with a verified primary anchor; it was not retained and is not used to support a substantive or absence conclusion.","LEVEL_3_DISCOVERY","NOT_RETRIEVED","","","audit/phase2a1_raw_search_results/DEF/PHASE2A1-SEARCH-0025_crossref.json","Discovery-only; not used in synthesis or an absence conclusion."
"A1DEF-0065","PHASE2A1-SEARCH-0025","2026-07-31","Crossref","Figure 8: COVID-19 sample test results with the predicted level of confidence value.","","","10.7717/peerj-cs.614/fig-8","https://doi.org/10.7717/peerj-cs.614/fig-8","A1DEF-DUP-0063","FALSE_POSITIVE","Resolved at title/abstract/citation-context because the record was off-topic, application-specific, secondary, sequential-only, or methodologically redundant with a verified primary anchor; it was not retained and is not used to support a substantive or absence conclusion.","LEVEL_3_DISCOVERY","NOT_RETRIEVED","","","audit/phase2a1_raw_search_results/DEF/PHASE2A1-SEARCH-0025_crossref.json","Discovery-only; not used in synthesis or an absence conclusion."
"A1DEF-0066","PHASE2A1-SEARCH-0025","2026-07-31","Crossref","An Empirical Process P-Value Test When a Nuisance Parameter is Present Under Either or Both Hypotheses","Jonathan B. Hill","2013","10.2139/ssrn.2334406","https://doi.org/10.2139/ssrn.2334406","A1DEF-DUP-0064","FALSE_POSITIVE","Resolved at title/abstract/citation-context because the record was off-topic, application-specific, secondary, sequential-only, or methodologically redundant with a verified primary anchor; it was not retained and is not used to support a substantive or absence conclusion.","LEVEL_3_DISCOVERY","NOT_RETRIEVED","","","audit/phase2a1_raw_search_results/DEF/PHASE2A1-SEARCH-0025_crossref.json","Discovery-only; not used in synthesis or an absence conclusion."
"A1DEF-0067","PHASE2A1-SEARCH-0025","2026-07-31","Crossref","Estimation of a Parameter and Its Exact Confidence Interval Following Sequential Sample Size Reestimation Trials","Yi Cheng; Yu Shen","2004","10.1111/j.0006-341x.2004.00246.x","https://doi.org/10.1111/j.0006-341x.2004.00246.x","A1DEF-DUP-0065","FALSE_POSITIVE","Resolved at title/abstract/citation-context because the record was off-topic, application-specific, secondary, sequential-only, or methodologically redundant with a verified primary anchor; it was not retained and is not used to support a substantive or absence conclusion.","LEVEL_3_DISCOVERY","NOT_RETRIEVED","","","audit/phase2a1_raw_search_results/DEF/PHASE2A1-SEARCH-0025_crossref.json","Discovery-only; not used in synthesis or an absence conclusion."
"A1DEF-0068","PHASE2A1-SEARCH-0025","2026-07-31","Crossref","ExactCox: Exact Test and Exact Confidence Interval for the Cox Model","Yongwu Shao","2024","10.32614/cran.package.exactcox","https://doi.org/10.32614/cran.package.exactcox","A1DEF-DUP-0066","FALSE_POSITIVE","Resolved at title/abstract/citation-context because the record was off-topic, application-specific, secondary, sequential-only, or methodologically redundant with a verified primary anchor; it was not retained and is not used to support a substantive or absence conclusion.","LEVEL_3_DISCOVERY","NOT_RETRIEVED","","","audit/phase2a1_raw_search_results/DEF/PHASE2A1-SEARCH-0025_crossref.json","Discovery-only; not used in synthesis or an absence conclusion."
"A1DEF-0069","PHASE2A1-SEARCH-0025","2026-07-31","Crossref","Table S2: Parameter estimates and 95% confidence intervals derived by model averaging across the confidence set of models","","","10.7717/peerj.7208/supp-2","https://doi.org/10.7717/peerj.7208/supp-2","A1DEF-DUP-0067","FALSE_POSITIVE","Resolved at title/abstract/citation-context because the record was off-topic, application-specific, secondary, sequential-only, or methodologically redundant with a verified primary anchor; it was not retained and is not used to support a substantive or absence conclusion.","LEVEL_3_DISCOVERY","NOT_RETRIEVED","","","audit/phase2a1_raw_search_results/DEF/PHASE2A1-SEARCH-0025_crossref.json","Discovery-only; not used in synthesis or an absence conclusion."
"A1DEF-0070","PHASE2A1-SEARCH-0025","2026-07-31","Crossref","Exact two-sample nonparametric confidence, prediction, and tolerance intervals based on ordinary and progressively type-II right censored data","N. Balakrishnan; E. Beutner; E. Cramer","2008","10.1007/s11749-008-0133-7","https://doi.org/10.1007/s11749-008-0133-7","A1DEF-DUP-0068","FALSE_POSITIVE","Resolved at title/abstract/citation-context because the record was off-topic, application-specific, secondary, sequential-only, or methodologically redundant with a verified primary anchor; it was not retained and is not used to support a substantive or absence conclusion.","LEVEL_3_DISCOVERY","NOT_RETRIEVED","","","audit/phase2a1_raw_search_results/DEF/PHASE2A1-SEARCH-0025_crossref.json","Discovery-only; not used in synthesis or an absence conclusion."
"A1DEF-0071","PHASE2A1-SEARCH-0025","2026-07-31","Crossref","The Exact Finite Sample Distribution Function of the Limited Information Maximum Likelihood Identifiability Test Statistic","James B. McDonald","1972","10.2307/1913858","https://doi.org/10.2307/1913858","A1DEF-DUP-0069","FALSE_POSITIVE","Resolved at title/abstract/citation-context because the record was off-topic, application-specific, secondary, sequential-only, or methodologically redundant with a verified primary anchor; it was not retained and is not used to support a substantive or absence conclusion.","LEVEL_3_DISCOVERY","NOT_RETRIEVED","","","audit/phase2a1_raw_search_results/DEF/PHASE2A1-SEARCH-0025_crossref.json","Discovery-only; not used in synthesis or an absence conclusion."
"A1DEF-0072","PHASE2A1-SEARCH-0025","2026-07-31","Crossref","Using the prior mean of a nuisance parameter","Julián de la Horra","1992","10.1007/bf02562659","https://doi.org/10.1007/bf02562659","A1DEF-DUP-0070","FALSE_POSITIVE","Resolved at title/abstract/citation-context because the record was off-topic, application-specific, secondary, sequential-only, or methodologically redundant with a verified primary anchor; it was not retained and is not used to support a substantive or absence conclusion.","LEVEL_3_DISCOVERY","NOT_RETRIEVED","","","audit/phase2a1_raw_search_results/DEF/PHASE2A1-SEARCH-0025_crossref.json","Discovery-only; not used in synthesis or an absence conclusion."
"A1DEF-0073","PHASE2A1-SEARCH-0025","2026-07-31","Crossref","A smoothed p-value test when there is a nuisance parameter under the alternative","Jonathan B. Hill","2024","10.1016/j.jspi.2023.08.001","https://doi.org/10.1016/j.jspi.2023.08.001","A1DEF-DUP-0071","FALSE_POSITIVE","Resolved at title/abstract/citation-context because the record was off-topic, application-specific, secondary, sequential-only, or methodologically redundant with a verified primary anchor; it was not retained and is not used to support a substantive or absence conclusion.","LEVEL_3_DISCOVERY","NOT_RETRIEVED","","","audit/phase2a1_raw_search_results/DEF/PHASE2A1-SEARCH-0025_crossref.json","Discovery-only; not used in synthesis or an absence conclusion."
"A1DEF-0074","PHASE2A1-SEARCH-0025","2026-07-31","Crossref","Exact Confidence Intervals in Distributions with One Parameter","Xianggui Qu","2026","10.3390/foundations6030028","https://doi.org/10.3390/foundations6030028","A1DEF-DUP-0072","FALSE_POSITIVE","Resolved at title/abstract/citation-context because the record was off-topic, application-specific, secondary, sequential-only, or methodologically redundant with a verified primary anchor; it was not retained and is not used to support a substantive or absence conclusion.","LEVEL_3_DISCOVERY","NOT_RETRIEVED","","","audit/phase2a1_raw_search_results/DEF/PHASE2A1-SEARCH-0025_crossref.json","Discovery-only; not used in synthesis or an absence conclusion."
"A1DEF-0075","PHASE2A1-SEARCH-0025","2026-07-31","Crossref","Non-informative nuisance parameter principle for weighted likelihood test using adaptive significance levels in count data","Andrés Felipe Flórez Rivera","","10.11606/t.45.2020.tde-19102020-141530","https://doi.org/10.11606/t.45.2020.tde-19102020-141530","A1DEF-DUP-0073","FALSE_POSITIVE","Resolved at title/abstract/citation-context because the record was off-topic, application-specific, secondary, sequential-only, or methodologically redundant with a verified primary anchor; it was not retained and is not used to support a substantive or absence conclusion.","LEVEL_3_DISCOVERY","NOT_RETRIEVED","","","audit/phase2a1_raw_search_results/DEF/PHASE2A1-SEARCH-0025_crossref.json","Discovery-only; not used in synthesis or an absence conclusion."
"A1DEF-0076","PHASE2A1-SEARCH-0026","2026-07-31","OpenAlex","Bootstrap confidence intervals","Thomas J. DiCiccio; Bradley Efron","1996","10.1214/ss/1032280214","https://openalex.org/W1507985183","A1DEF-DUP-0074","FALSE_POSITIVE","Resolved at title/abstract/citation-context because the record was off-topic, application-specific, secondary, sequential-only, or methodologically redundant with a verified primary anchor; it was not retained and is not used to support a substantive or absence conclusion.","LEVEL_3_DISCOVERY","NOT_RETRIEVED","","","audit/phase2a1_raw_search_results/DEF/PHASE2A1-SEARCH-0026_openalex.json","Discovery-only; not used in synthesis or an absence conclusion."
"A1DEF-0077","PHASE2A1-SEARCH-0026","2026-07-31","OpenAlex","The clustering of galaxies in the completed SDSS-III Baryon Oscillation Spectroscopic Survey: cosmological analysis of the DR12 galaxy sample","Shadab Alam; M. Ata; S. Bailey; Florian Beutler; Dmitry Bizyaev; J. Blazek; A. Bolton; Joel R. Brownstein; A. Burden; Chia-Hsun Chuang; Johan Comparat; Antonio J. Cuesta; Kyle Dawson; Daniel J. Eisenstein; S. Escoffier; Héctor Gil-Marín; Jan Niklas Grieb; Nick Hand; Shirley Ho; Karen Kinemuchi; D. Kirkby; Francisco-Shu Kitaura; Elena Malanushenko; Viktor Malanushenko; Claudia Maraston; Cameron K. McBride; Robert C. Nichol; Matthew D. Olmstead; Daniel Oravetz; Nikhil Padmanabhan; N. Palanque‐Delabrouille; Kaike Pan; Marcos Pellejero-Ibáñez; Will J. Percival; Patrick Petitjean; Francisco Prada; Adrian M. Price-Whelan; Beth Reid; Sergio Rodríguez-Torres; Natalie A. Roe; Ashley J. Ross; Nicholas P. Ross; Graziano Rossi; J. A. Rubiño-Martín; Shun Saito; Salvador Salazar-Albornoz; Lado Samushia; Ariel G. Sánchez; Siddharth Satpathy; David J. Schlegel; Donald P. Schneider; Claudia G. Scóccola; Hee‐Jong Seo; E. S. Sheldon; Audrey Simmons; Anže Slosar; Michael A. Strauss; Molly E. C. Swanson; D. Thomas; Jeremy L. Tinker; Rita Tojeiro; M. Vargas-Magaña; J. Alberto Vázquez; Licia Verde; David A. Wake; Yuting Wang; David H. Weinberg; Martin White; W. M. Wood‐Vasey; Christophe Yèche; Idit Zehavi; Zhongxu Zhai; Gong‐Bo Zhao","2017","10.1093/mnras/stx721","https://openalex.org/W2501864044","A1DEF-DUP-0075","FALSE_POSITIVE","Resolved at title/abstract/citation-context because the record was off-topic, application-specific, secondary, sequential-only, or methodologically redundant with a verified primary anchor; it was not retained and is not used to support a substantive or absence conclusion.","LEVEL_3_DISCOVERY","NOT_RETRIEVED","","","audit/phase2a1_raw_search_results/DEF/PHASE2A1-SEARCH-0026_openalex.json","Discovery-only; not used in synthesis or an absence conclusion."
"A1DEF-0078","PHASE2A1-SEARCH-0026","2026-07-31","OpenAlex","Wilcoxon-Mann-Whitney or t-test? On assumptions for hypothesis tests and multiple interpretations of decision rules","Michael P. Fay; Michael A. Proschan","2010","10.1214/09-ss051","https://openalex.org/W1974828111","A1DEF-DUP-0017","DUPLICATE","Duplicate occurrence of a record already dispositioned in this prospective ledger.","LEVEL_3_DISCOVERY","NOT_APPLICABLE","","","audit/phase2a1_raw_search_results/DEF/PHASE2A1-SEARCH-0026_openalex.json","Duplicate search occurrence; retained evidence is attached to the first occurrence."
"A1DEF-0079","PHASE2A1-SEARCH-0026","2026-07-31","OpenAlex","Fast Stable Restricted Maximum Likelihood and Marginal Likelihood Estimation of Semiparametric Generalized Linear Models","Simon N. Wood","2010","10.1111/j.1467-9868.2010.00749.x","https://openalex.org/W2119160928","A1DEF-DUP-0076","FALSE_POSITIVE","Resolved at title/abstract/citation-context because the record was off-topic, application-specific, secondary, sequential-only, or methodologically redundant with a verified primary anchor; it was not retained and is not used to support a substantive or absence conclusion.","LEVEL_3_DISCOVERY","NOT_RETRIEVED","","","audit/phase2a1_raw_search_results/DEF/PHASE2A1-SEARCH-0026_openalex.json","Discovery-only; not used in synthesis or an absence conclusion."
"A1DEF-0080","PHASE2A1-SEARCH-0026","2026-07-31","OpenAlex","Smoothing Parameter and Model Selection for General Smooth Models","Simon N. Wood; Natalya Pya; Benjamin Säfken","2016","10.1080/01621459.2016.1180986","https://openalex.org/W2593643174","A1DEF-DUP-0077","FALSE_POSITIVE","Resolved at title/abstract/citation-context because the record was off-topic, application-specific, secondary, sequential-only, or methodologically redundant with a verified primary anchor; it was not retained and is not used to support a substantive or absence conclusion.","LEVEL_3_DISCOVERY","NOT_RETRIEVED","","","audit/phase2a1_raw_search_results/DEF/PHASE2A1-SEARCH-0026_openalex.json","Discovery-only; not used in synthesis or an absence conclusion."
"A1DEF-0081","PHASE2A1-SEARCH-0026","2026-07-31","OpenAlex","A NICER View of PSR J0030+0451: Millisecond Pulsar Parameter Estimation","T. E. Riley; A. L. Watts; S. Bogdanov; P. S. Ray; R. M. Ludlam; S. Guillot; Z. Arzoumanian; C. L. Baker; A. V. Bilous; D. Chakrabarty; K. C. Gendreau; A. K. Harding; W. C. G. Ho; J. M. Lattimer; S. M. Morsink; T. E. Strohmayer","2019","10.3847/2041-8213/ab481c","https://openalex.org/W2995178730","A1DEF-DUP-0078","FALSE_POSITIVE","Resolved at title/abstract/citation-context because the record was off-topic, application-specific, secondary, sequential-only, or methodologically redundant with a verified primary anchor; it was not retained and is not used to support a substantive or absence conclusion.","LEVEL_3_DISCOVERY","NOT_RETRIEVED","","","audit/phase2a1_raw_search_results/DEF/PHASE2A1-SEARCH-0026_openalex.json","Discovery-only; not used in synthesis or an absence conclusion."
"A1DEF-0082","PHASE2A1-SEARCH-0026","2026-07-31","OpenAlex","Double/Debiased Machine Learning for Treatment and Structural Parameters","Victor Chernozhukov; Denis Chetverikov; Mert Demirer; Esther Duflo; Christian Hansen; Whitney K. Newey; James M. Robins","2017","10.3386/w23564","https://openalex.org/W2890118063","A1DEF-DUP-0022","DUPLICATE","Duplicate occurrence of a record already dispositioned in this prospective ledger.","LEVEL_3_DISCOVERY","NOT_APPLICABLE","","","audit/phase2a1_raw_search_results/DEF/PHASE2A1-SEARCH-0026_openalex.json","Duplicate search occurrence; retained evidence is attached to the first occurrence."
"A1DEF-0083","PHASE2A1-SEARCH-0026","2026-07-31","OpenAlex","Properties of statistical tests of neutrality for DNA polymorphism data.","Katy L. Simonsen; Gary A. Churchill; Charles F. Aquadro","1995","10.1093/genetics/141.1.413","https://openalex.org/W2113420705","A1DEF-DUP-0079","FALSE_POSITIVE","Resolved at title/abstract/citation-context because the record was off-topic, application-specific, secondary, sequential-only, or methodologically redundant with a verified primary anchor; it was not retained and is not used to support a substantive or absence conclusion.","LEVEL_3_DISCOVERY","NOT_RETRIEVED","","","audit/phase2a1_raw_search_results/DEF/PHASE2A1-SEARCH-0026_openalex.json","Discovery-only; not used in synthesis or an absence conclusion."
"A1DEF-0084","PHASE2A1-SEARCH-0026","2026-07-31","OpenAlex","Residuals and Influence in Regression","Robert F. Ling; R. Dennis Cook; Sanford Weisberg","1984","10.2307/1269506","https://openalex.org/W2145147745","A1DEF-DUP-0080","FALSE_POSITIVE","Resolved at title/abstract/citation-context because the record was off-topic, application-specific, secondary, sequential-only, or methodologically redundant with a verified primary anchor; it was not retained and is not used to support a substantive or absence conclusion.","LEVEL_3_DISCOVERY","NOT_RETRIEVED","","","audit/phase2a1_raw_search_results/DEF/PHASE2A1-SEARCH-0026_openalex.json","Discovery-only; not used in synthesis or an absence conclusion."
"A1DEF-0085","PHASE2A1-SEARCH-0026","2026-07-31","OpenAlex","Smoothing Parameter and Model Selection for General Smooth Models","Simon N. Wood; Natalya Pya; Benjamin Säfken","2017","10.6084/m9.figshare.3405673","https://openalex.org/W3122992882","A1DEF-DUP-0081","FALSE_POSITIVE","Resolved at title/abstract/citation-context because the record was off-topic, application-specific, secondary, sequential-only, or methodologically redundant with a verified primary anchor; it was not retained and is not used to support a substantive or absence conclusion.","LEVEL_3_DISCOVERY","NOT_RETRIEVED","","","audit/phase2a1_raw_search_results/DEF/PHASE2A1-SEARCH-0026_openalex.json","Discovery-only; not used in synthesis or an absence conclusion."
"A1DEF-0086","PHASE2A1-SEARCH-0026","2026-07-31","OpenAlex","P Values and Nuisance Parameters","Demortier, Luv","2008","10.5170/cern-2008-001.23","https://openalex.org/W2268205353","A1DEF-DUP-0082","FALSE_POSITIVE","Resolved at title/abstract/citation-context because the record was off-topic, application-specific, secondary, sequential-only, or methodologically redundant with a verified primary anchor; it was not retained and is not used to support a substantive or absence conclusion.","LEVEL_3_DISCOVERY","NOT_RETRIEVED","","","audit/phase2a1_raw_search_results/DEF/PHASE2A1-SEARCH-0026_openalex.json","Discovery-only; not used in synthesis or an absence conclusion."
"A1DEF-0087","PHASE2A1-SEARCH-0026","2026-07-31","OpenAlex","A Conditional Approach for Multivariate Extreme Values (with Discussion)","Janet E. Heffernan; Jonathan A. Tawn","2004","10.1111/j.1467-9868.2004.02050.x","https://openalex.org/W2060597638","A1DEF-DUP-0083","FALSE_POSITIVE","Resolved at title/abstract/citation-context because the record was off-topic, application-specific, secondary, sequential-only, or methodologically redundant with a verified primary anchor; it was not retained and is not used to support a substantive or absence conclusion.","LEVEL_3_DISCOVERY","NOT_RETRIEVED","","","audit/phase2a1_raw_search_results/DEF/PHASE2A1-SEARCH-0026_openalex.json","Discovery-only; not used in synthesis or an absence conclusion."
"A1DEF-0088","PHASE2A1-SEARCH-0026","2026-07-31","OpenAlex","Monte Carlo Confidence Sets for Identified Sets","Xiaohong Chen; Timothy Christensen; Elie Tamer","2018","10.3982/ecta14525","https://openalex.org/W2951328177","A1DEF-DUP-0084","FALSE_POSITIVE","Resolved at title/abstract/citation-context because the record was off-topic, application-specific, secondary, sequential-only, or methodologically redundant with a verified primary anchor; it was not retained and is not used to support a substantive or absence conclusion.","LEVEL_3_DISCOVERY","NOT_RETRIEVED","","","audit/phase2a1_raw_search_results/DEF/PHASE2A1-SEARCH-0026_openalex.json","Discovery-only; not used in synthesis or an absence conclusion."
"A1DEF-0089","PHASE2A1-SEARCH-0026","2026-07-31","OpenAlex","Recent Developments in the Econometrics of Program Evaluation","Guido W. Imbens; Jeffrey M. Wooldridge","2009","10.1257/jel.47.1.5","https://openalex.org/W3121385028","A1DEF-DUP-0085","FALSE_POSITIVE","Resolved at title/abstract/citation-context because the record was off-topic, application-specific, secondary, sequential-only, or methodologically redundant with a verified primary anchor; it was not retained and is not used to support a substantive or absence conclusion.","LEVEL_3_DISCOVERY","NOT_RETRIEVED","","","audit/phase2a1_raw_search_results/DEF/PHASE2A1-SEARCH-0026_openalex.json","Discovery-only; not used in synthesis or an absence conclusion."
"A1DEF-0090","PHASE2A1-SEARCH-0026","2026-07-31","OpenAlex","Testing environmental and genetic effects in the presence of spatial autocorrelation","François Rousset; Jean‐Baptiste Ferdy","2014","10.1111/ecog.00566","https://openalex.org/W2140745789","A1DEF-DUP-0086","FALSE_POSITIVE","Resolved at title/abstract/citation-context because the record was off-topic, application-specific, secondary, sequential-only, or methodologically redundant with a verified primary anchor; it was not retained and is not used to support a substantive or absence conclusion.","LEVEL_3_DISCOVERY","NOT_RETRIEVED","","","audit/phase2a1_raw_search_results/DEF/PHASE2A1-SEARCH-0026_openalex.json","Discovery-only; not used in synthesis or an absence conclusion."
"A1DEF-0091","PHASE2A1-SEARCH-0027","2026-07-31","Crossref","Minimax Nonparametric Hypothesis Testing: The Case of an Inhomogeneous Alternative","Oleg V. Lepski; Vladimir G. Spokoiny","1999","10.2307/3318439","https://doi.org/10.2307/3318439","A1DEF-DUP-0087","FALSE_POSITIVE","Resolved at title/abstract/citation-context because the record was off-topic, application-specific, secondary, sequential-only, or methodologically redundant with a verified primary anchor; it was not retained and is not used to support a substantive or absence conclusion.","LEVEL_3_DISCOVERY","NOT_RETRIEVED","","","audit/phase2a1_raw_search_results/DEF/PHASE2A1-SEARCH-0027_crossref.json","Discovery-only; not used in synthesis or an absence conclusion."
"A1DEF-0092","PHASE2A1-SEARCH-0027","2026-07-31","Crossref","Minimax nonparametric hypothesis testing for ellipsoids and Besov bodies","Yuri I. Ingster; Irina A. Suslina","2000","10.1051/ps:2000100","https://doi.org/10.1051/ps:2000100","A1DEF-DUP-0088","FALSE_POSITIVE","Resolved at title/abstract/citation-context because the record was off-topic, application-specific, secondary, sequential-only, or methodologically redundant with a verified primary anchor; it was not retained and is not used to support a substantive or absence conclusion.","LEVEL_3_DISCOVERY","NOT_RETRIEVED","","","audit/phase2a1_raw_search_results/DEF/PHASE2A1-SEARCH-0027_crossref.json","Discovery-only; not used in synthesis or an absence conclusion."
"A1DEF-0093","PHASE2A1-SEARCH-0027","2026-07-31","Crossref","Asymptotically minimax testing of nonparametric hypotheses","","1987","10.1515/9783112319000-044","https://doi.org/10.1515/9783112319000-044","A1DEF-DUP-0089","FALSE_POSITIVE","Resolved at title/abstract/citation-context because the record was off-topic, application-specific, secondary, sequential-only, or methodologically redundant with a verified primary anchor; it was not retained and is not used to support a substantive or absence conclusion.","LEVEL_3_DISCOVERY","NOT_RETRIEVED","","","audit/phase2a1_raw_search_results/DEF/PHASE2A1-SEARCH-0027_crossref.json","Discovery-only; not used in synthesis or an absence conclusion."
"A1DEF-0094","PHASE2A1-SEARCH-0027","2026-07-31","Crossref","Adaptive, Rate‐Optimal Hypothesis Testing in Nonparametric IV Models","Christoph Breunig; Xiaohong Chen","2024","10.3982/ecta18602","https://doi.org/10.3982/ecta18602","A1DEF-DUP-0090","FALSE_POSITIVE","Resolved at title/abstract/citation-context because the record was off-topic, application-specific, secondary, sequential-only, or methodologically redundant with a verified primary anchor; it was not retained and is not used to support a substantive or absence conclusion.","LEVEL_3_DISCOVERY","NOT_RETRIEVED","","","audit/phase2a1_raw_search_results/DEF/PHASE2A1-SEARCH-0027_crossref.json","Discovery-only; not used in synthesis or an absence conclusion."
"A1DEF-0095","PHASE2A1-SEARCH-0027","2026-07-31","Crossref","Nonparametric pragmatic hypothesis testing","Rodrigo Ferrari Lucas Lassance","","10.11606/d.104.2022.tde-18112022-174413","https://doi.org/10.11606/d.104.2022.tde-18112022-174413","A1DEF-DUP-0091","FALSE_POSITIVE","Resolved at title/abstract/citation-context because the record was off-topic, application-specific, secondary, sequential-only, or methodologically redundant with a verified primary anchor; it was not retained and is not used to support a substantive or absence conclusion.","LEVEL_3_DISCOVERY","NOT_RETRIEVED","","","audit/phase2a1_raw_search_results/DEF/PHASE2A1-SEARCH-0027_crossref.json","Discovery-only; not used in synthesis or an absence conclusion."
"A1DEF-0096","PHASE2A1-SEARCH-0027","2026-07-31","Crossref","Minimax Testing of a Simple Hypothesis Against a Weakly Nonparametric Set of Alternatives","Yu. I. Ingster","1989","10.1137/1133083","https://doi.org/10.1137/1133083","A1DEF-DUP-0092","FALSE_POSITIVE","Resolved at title/abstract/citation-context because the record was off-topic, application-specific, secondary, sequential-only, or methodologically redundant with a verified primary anchor; it was not retained and is not used to support a substantive or absence conclusion.","LEVEL_3_DISCOVERY","NOT_RETRIEVED","","","audit/phase2a1_raw_search_results/DEF/PHASE2A1-SEARCH-0027_crossref.json","Discovery-only; not used in synthesis or an absence conclusion."
"A1DEF-0097","PHASE2A1-SEARCH-0027","2026-07-31","Crossref","Nonparametric Hypothesis Testing Report","Loc Nguyen","2018","10.31219/osf.io/3vxmy","https://doi.org/10.31219/osf.io/3vxmy","A1DEF-DUP-0093","FALSE_POSITIVE","Resolved at title/abstract/citation-context because the record was off-topic, application-specific, secondary, sequential-only, or methodologically redundant with a verified primary anchor; it was not retained and is not used to support a substantive or absence conclusion.","LEVEL_3_DISCOVERY","NOT_RETRIEVED","","","audit/phase2a1_raw_search_results/DEF/PHASE2A1-SEARCH-0027_crossref.json","Discovery-only; not used in synthesis or an absence conclusion."
"A1DEF-0098","PHASE2A1-SEARCH-0027","2026-07-31","Crossref","Minimax Decentralized Hypothesis Testing","Gökhan Gül","2017","10.1007/978-3-319-49286-5_7","https://doi.org/10.1007/978-3-319-49286-5_7","A1DEF-DUP-0094","FALSE_POSITIVE","Resolved at title/abstract/citation-context because the record was off-topic, application-specific, secondary, sequential-only, or methodologically redundant with a verified primary anchor; it was not retained and is not used to support a substantive or absence conclusion.","LEVEL_3_DISCOVERY","NOT_RETRIEVED","","","audit/phase2a1_raw_search_results/DEF/PHASE2A1-SEARCH-0027_crossref.json","Discovery-only; not used in synthesis or an absence conclusion."
"A1DEF-0099","PHASE2A1-SEARCH-0027","2026-07-31","Crossref","Three Essays on Nonparametric Hypothesis Testing and Stochastic Frontier Analysis","Taining Wang","","10.33915/etd.3930","https://doi.org/10.33915/etd.3930","A1DEF-DUP-0095","FALSE_POSITIVE","Resolved at title/abstract/citation-context because the record was off-topic, application-specific, secondary, sequential-only, or methodologically redundant with a verified primary anchor; it was not retained and is not used to support a substantive or absence conclusion.","LEVEL_3_DISCOVERY","NOT_RETRIEVED","","","audit/phase2a1_raw_search_results/DEF/PHASE2A1-SEARCH-0027_crossref.json","Discovery-only; not used in synthesis or an absence conclusion."
"A1DEF-0100","PHASE2A1-SEARCH-0027","2026-07-31","Crossref","ON THE EQUIVALENCE BETWEEN BAYESIAN AND FREQUENTIST NONPARAMETRIC HYPOTHESIS TESTING","Qiuchen Hai","","10.37099/mtu.dc.etdr/507","https://doi.org/10.37099/mtu.dc.etdr/507","A1DEF-DUP-0096","FALSE_POSITIVE","Resolved at title/abstract/citation-context because the record was off-topic, application-specific, secondary, sequential-only, or methodologically redundant with a verified primary anchor; it was not retained and is not used to support a substantive or absence conclusion.","LEVEL_3_DISCOVERY","NOT_RETRIEVED","","","audit/phase2a1_raw_search_results/DEF/PHASE2A1-SEARCH-0027_crossref.json","Discovery-only; not used in synthesis or an absence conclusion."
"A1DEF-0101","PHASE2A1-SEARCH-0027","2026-07-31","Crossref","WITHDRAWN: A Nonasymptotic Analysis of Gradient Descent Ascent for Nonconvex-Concave Minimax Problems","Junchi Li","2025","10.21203/rs.3.rs-4971487/v2","https://doi.org/10.21203/rs.3.rs-4971487/v2","A1DEF-DUP-0097","FALSE_POSITIVE","Resolved at title/abstract/citation-context because the record was off-topic, application-specific, secondary, sequential-only, or methodologically redundant with a verified primary anchor; it was not retained and is not used to support a substantive or absence conclusion.","LEVEL_3_DISCOVERY","NOT_RETRIEVED","","","audit/phase2a1_raw_search_results/DEF/PHASE2A1-SEARCH-0027_crossref.json","Discovery-only; not used in synthesis or an absence conclusion."
"A1DEF-0102","PHASE2A1-SEARCH-0027","2026-07-31","Crossref","Nonparametric Estimation and Hypothesis Testing in Econometric Models","Aman Ullah","1989","10.1007/978-3-642-51848-5_7","https://doi.org/10.1007/978-3-642-51848-5_7","A1DEF-DUP-0098","FALSE_POSITIVE","Resolved at title/abstract/citation-context because the record was off-topic, application-specific, secondary, sequential-only, or methodologically redundant with a verified primary anchor; it was not retained and is not used to support a substantive or absence conclusion.","LEVEL_3_DISCOVERY","NOT_RETRIEVED","","","audit/phase2a1_raw_search_results/DEF/PHASE2A1-SEARCH-0027_crossref.json","Discovery-only; not used in synthesis or an absence conclusion."
"A1DEF-0103","PHASE2A1-SEARCH-0027","2026-07-31","Crossref","Nonparametric Bayes regression, classification and hypothesis testing on manifolds","","2012","10.1017/cbo9781139094764.015","https://doi.org/10.1017/cbo9781139094764.015","A1DEF-DUP-0099","FALSE_POSITIVE","Resolved at title/abstract/citation-context because the record was off-topic, application-specific, secondary, sequential-only, or methodologically redundant with a verified primary anchor; it was not retained and is not used to support a substantive or absence conclusion.","LEVEL_3_DISCOVERY","NOT_RETRIEVED","","","audit/phase2a1_raw_search_results/DEF/PHASE2A1-SEARCH-0027_crossref.json","Discovery-only; not used in synthesis or an absence conclusion."
"A1DEF-0104","PHASE2A1-SEARCH-0027","2026-07-31","Crossref","Minimax Hypothesis Testing about the Density Support","Ghislaine Gayraud","2001","10.2307/3318499","https://doi.org/10.2307/3318499","A1DEF-DUP-0100","FALSE_POSITIVE","Resolved at title/abstract/citation-context because the record was off-topic, application-specific, secondary, sequential-only, or methodologically redundant with a verified primary anchor; it was not retained and is not used to support a substantive or absence conclusion.","LEVEL_3_DISCOVERY","NOT_RETRIEVED","","","audit/phase2a1_raw_search_results/DEF/PHASE2A1-SEARCH-0027_crossref.json","Discovery-only; not used in synthesis or an absence conclusion."
"A1DEF-0105","PHASE2A1-SEARCH-0027","2026-07-31","Crossref","Nonparametric Tests","","2014","10.1002/9781118762585.part6","https://doi.org/10.1002/9781118762585.part6","A1DEF-DUP-0101","FALSE_POSITIVE","Resolved at title/abstract/citation-context because the record was off-topic, application-specific, secondary, sequential-only, or methodologically redundant with a verified primary anchor; it was not retained and is not used to support a substantive or absence conclusion.","LEVEL_3_DISCOVERY","NOT_RETRIEVED","","","audit/phase2a1_raw_search_results/DEF/PHASE2A1-SEARCH-0027_crossref.json","Discovery-only; not used in synthesis or an absence conclusion."
"A1DEF-0106","PHASE2A1-SEARCH-0028","2026-07-31","OpenAlex","Propagation-Separation Approach for Local Likelihood Estimation","Jörg Polzehl; Vladimir Spokoiny","2005","10.1007/s00440-005-0464-1","https://openalex.org/W2000953144","A1DEF-DUP-0102","FALSE_POSITIVE","Resolved at title/abstract/citation-context because the record was off-topic, application-specific, secondary, sequential-only, or methodologically redundant with a verified primary anchor; it was not retained and is not used to support a substantive or absence conclusion.","LEVEL_3_DISCOVERY","NOT_RETRIEVED","","","audit/phase2a1_raw_search_results/DEF/PHASE2A1-SEARCH-0028_openalex.json","Discovery-only; not used in synthesis or an absence conclusion."
"A1DEF-0107","PHASE2A1-SEARCH-0028","2026-07-31","OpenAlex","Minimax testing of a composite null hypothesis defined via a quadratic functional in the model of regression","Laëtitia Comminges; Arnak S. Dalalyan","2013","10.1214/13-ejs766","https://openalex.org/W2063519358","A1DEF-DUP-0103","FULL_TEXT_INCLUDED","","LEVEL_1_LOAD_BEARING","AUTHOR_MANUSCRIPT_FULL_TEXT_INSPECTED","Section 1 equations (1)-(4); Proposition 1 and Proposition 2; Theorem 1 and Theorem 2; proofs in Section 5.","NEW_CORPUS_CANDIDATE","audit/phase2a1_raw_search_results/DEF/PHASE2A1-SEARCH-0028_openalex.json","Structured composite-versus-composite minimax regression testing is established, but the error and lower-bound statements are asymptotic (gamma+o(1)), not exact finite-sample."
"A1DEF-0108","PHASE2A1-SEARCH-0028","2026-07-31","OpenAlex","Two-sample hypothesis testing for inhomogeneous random graphs","Debarghya Ghoshdastidar; Maurilio Gutzeit; Alexandra Carpentier; Ulrike von Luxburg","2020","10.1214/19-aos1884","https://openalex.org/W2748846107","A1DEF-DUP-0104","FALSE_POSITIVE","Resolved at title/abstract/citation-context because the record was off-topic, application-specific, secondary, sequential-only, or methodologically redundant with a verified primary anchor; it was not retained and is not used to support a substantive or absence conclusion.","LEVEL_3_DISCOVERY","NOT_RETRIEVED","","","audit/phase2a1_raw_search_results/DEF/PHASE2A1-SEARCH-0028_openalex.json","Discovery-only; not used in synthesis or an absence conclusion."
"A1DEF-0109","PHASE2A1-SEARCH-0028","2026-07-31","OpenAlex","Minimax hypothesis testing for curve registration","Olivier Collier","2012","10.1214/12-ejs706","https://openalex.org/W2059402105","A1DEF-DUP-0105","FALSE_POSITIVE","Resolved at title/abstract/citation-context because the record was off-topic, application-specific, secondary, sequential-only, or methodologically redundant with a verified primary anchor; it was not retained and is not used to support a substantive or absence conclusion.","LEVEL_3_DISCOVERY","NOT_RETRIEVED","","","audit/phase2a1_raw_search_results/DEF/PHASE2A1-SEARCH-0028_openalex.json","Discovery-only; not used in synthesis or an absence conclusion."
"A1DEF-0110","PHASE2A1-SEARCH-0028","2026-07-31","OpenAlex","Minimax optimality of permutation tests","Ilmun Kim; Sivaraman Balakrishnan; Larry Wasserman","2020","10.48550/arxiv.2003.13208","https://openalex.org/W3013156811","A1DEF-DUP-0106","FALSE_POSITIVE","Resolved at title/abstract/citation-context because the record was off-topic, application-specific, secondary, sequential-only, or methodologically redundant with a verified primary anchor; it was not retained and is not used to support a substantive or absence conclusion.","LEVEL_3_DISCOVERY","NOT_RETRIEVED","","","audit/phase2a1_raw_search_results/DEF/PHASE2A1-SEARCH-0028_openalex.json","Discovery-only; not used in synthesis or an absence conclusion."
"A1DEF-0111","PHASE2A1-SEARCH-0028","2026-07-31","OpenAlex","On combinatorial testing problems","Louigi Addario‐Berry; Nicolas Broutin; Luc Devroye; Gábor Lugosi","2010","10.1214/10-aos817","https://openalex.org/W2166043450","A1DEF-DUP-0107","FALSE_POSITIVE","Resolved at title/abstract/citation-context because the record was off-topic, application-specific, secondary, sequential-only, or methodologically redundant with a verified primary anchor; it was not retained and is not used to support a substantive or absence conclusion.","LEVEL_3_DISCOVERY","NOT_RETRIEVED","","","audit/phase2a1_raw_search_results/DEF/PHASE2A1-SEARCH-0028_openalex.json","Discovery-only; not used in synthesis or an absence conclusion."
"A1DEF-0112","PHASE2A1-SEARCH-0028","2026-07-31","OpenAlex","Optimal estimation and rank detection for sparse spiked covariance matrices","Tommaso Cai; Zongming Ma; Yihong Wu","2014","10.1007/s00440-014-0562-z","https://openalex.org/W2051623559","A1DEF-DUP-0108","FALSE_POSITIVE","Resolved at title/abstract/citation-context because the record was off-topic, application-specific, secondary, sequential-only, or methodologically redundant with a verified primary anchor; it was not retained and is not used to support a substantive or absence conclusion.","LEVEL_3_DISCOVERY","NOT_RETRIEVED","","","audit/phase2a1_raw_search_results/DEF/PHASE2A1-SEARCH-0028_openalex.json","Discovery-only; not used in synthesis or an absence conclusion."
"A1DEF-0113","PHASE2A1-SEARCH-0028","2026-07-31","OpenAlex","Optimal nonparametric inference via deep neural network","Ruiqi Liu; Ben Boukai; Zuofeng Shang","2021","10.1016/j.jmaa.2021.125561","https://openalex.org/W3190727821","A1DEF-DUP-0109","FALSE_POSITIVE","Resolved at title/abstract/citation-context because the record was off-topic, application-specific, secondary, sequential-only, or methodologically redundant with a verified primary anchor; it was not retained and is not used to support a substantive or absence conclusion.","LEVEL_3_DISCOVERY","NOT_RETRIEVED","","","audit/phase2a1_raw_search_results/DEF/PHASE2A1-SEARCH-0028_openalex.json","Discovery-only; not used in synthesis or an absence conclusion."
"A1DEF-0114","PHASE2A1-SEARCH-0028","2026-07-31","OpenAlex","High-dimensional change-point detection under sparse alternatives","Farida Enikeeva; Zaïd Harchaoui","2019","10.1214/18-aos1740","https://openalex.org/W2963416868","A1DEF-DUP-0110","FALSE_POSITIVE","Resolved at title/abstract/citation-context because the record was off-topic, application-specific, secondary, sequential-only, or methodologically redundant with a verified primary anchor; it was not retained and is not used to support a substantive or absence conclusion.","LEVEL_3_DISCOVERY","NOT_RETRIEVED","","","audit/phase2a1_raw_search_results/DEF/PHASE2A1-SEARCH-0028_openalex.json","Discovery-only; not used in synthesis or an absence conclusion."
"A1DEF-0115","PHASE2A1-SEARCH-0028","2026-07-31","OpenAlex","Minimax risks for sparse regressions: Ultra-high dimensional phenomenons","Nicolas Verzélen","2012","10.1214/12-ejs666","https://openalex.org/W1992898147","A1DEF-DUP-0111","FALSE_POSITIVE","Resolved at title/abstract/citation-context because the record was off-topic, application-specific, secondary, sequential-only, or methodologically redundant with a verified primary anchor; it was not retained and is not used to support a substantive or absence conclusion.","LEVEL_3_DISCOVERY","NOT_RETRIEVED","","","audit/phase2a1_raw_search_results/DEF/PHASE2A1-SEARCH-0028_openalex.json","Discovery-only; not used in synthesis or an absence conclusion."
"A1DEF-0116","PHASE2A1-SEARCH-0028","2026-07-31","OpenAlex","Minimax estimation of linear and quadratic functionals on sparsity classes","Olivier Collier; Laëtitia Comminges; Alexandre B. Tsybakov","2017","10.1214/15-aos1432","https://openalex.org/W1514469695","A1DEF-DUP-0112","FALSE_POSITIVE","Resolved at title/abstract/citation-context because the record was off-topic, application-specific, secondary, sequential-only, or methodologically redundant with a verified primary anchor; it was not retained and is not used to support a substantive or absence conclusion.","LEVEL_3_DISCOVERY","NOT_RETRIEVED","","","audit/phase2a1_raw_search_results/DEF/PHASE2A1-SEARCH-0028_openalex.json","Discovery-only; not used in synthesis or an absence conclusion."
"A1DEF-0117","PHASE2A1-SEARCH-0028","2026-07-31","OpenAlex","Learning models with uniform performance via distributionally robust optimization","John C. Duchi; Hongseok Namkoong","2021","10.1214/20-aos2004","https://openalex.org/W2896534181","A1DEF-DUP-0113","FALSE_POSITIVE","Resolved at title/abstract/citation-context because the record was off-topic, application-specific, secondary, sequential-only, or methodologically redundant with a verified primary anchor; it was not retained and is not used to support a substantive or absence conclusion.","LEVEL_3_DISCOVERY","NOT_RETRIEVED","","","audit/phase2a1_raw_search_results/DEF/PHASE2A1-SEARCH-0028_openalex.json","Discovery-only; not used in synthesis or an absence conclusion."
"A1DEF-0118","PHASE2A1-SEARCH-0028","2026-07-31","OpenAlex","E-detectors: A Nonparametric Framework for Sequential Change Detection","Jaehyeok Shin; Aaditya Ramdas; Alessandro Rinaldo","2023","10.51387/23-nejsds51","https://openalex.org/W4389226123","A1DEF-DUP-0114","FALSE_POSITIVE","Resolved at title/abstract/citation-context because the record was off-topic, application-specific, secondary, sequential-only, or methodologically redundant with a verified primary anchor; it was not retained and is not used to support a substantive or absence conclusion.","LEVEL_3_DISCOVERY","NOT_RETRIEVED","","","audit/phase2a1_raw_search_results/DEF/PHASE2A1-SEARCH-0028_openalex.json","Discovery-only; not used in synthesis or an absence conclusion."
"A1DEF-0119","PHASE2A1-SEARCH-0028","2026-07-31","OpenAlex","Federated Nonparametric Hypothesis Testing with Differential Privacy Constraints: Optimal Rates and Adaptive Tests","Tommaso Cai; Abhinav Chakraborty; Lasse Vuursteen","2024","10.48550/arxiv.2406.06749","https://openalex.org/W4399597572","A1DEF-DUP-0115","FALSE_POSITIVE","Resolved at title/abstract/citation-context because the record was off-topic, application-specific, secondary, sequential-only, or methodologically redundant with a verified primary anchor; it was not retained and is not used to support a substantive or absence conclusion.","LEVEL_3_DISCOVERY","NOT_RETRIEVED","","","audit/phase2a1_raw_search_results/DEF/PHASE2A1-SEARCH-0028_openalex.json","Discovery-only; not used in synthesis or an absence conclusion."
"A1DEF-0120","PHASE2A1-SEARCH-0028","2026-07-31","OpenAlex","Minimax and adaptive tests for detecting abrupt and possibly transitory changes in a Poisson process","Magalie Fromont; Fabrice Grela; Ronan Le Guével","2023","10.1214/23-ejs2152","https://openalex.org/W3168398747","A1DEF-DUP-0116","FALSE_POSITIVE","Resolved at title/abstract/citation-context because the record was off-topic, application-specific, secondary, sequential-only, or methodologically redundant with a verified primary anchor; it was not retained and is not used to support a substantive or absence conclusion.","LEVEL_3_DISCOVERY","NOT_RETRIEVED","","","audit/phase2a1_raw_search_results/DEF/PHASE2A1-SEARCH-0028_openalex.json","Discovery-only; not used in synthesis or an absence conclusion."
"A1DEF-0121","PHASE2A1-SEARCH-0029","2026-07-31","Crossref","Testing the General Linear Hypothesis","","2015","10.1017/cbo9781107588080.008","https://doi.org/10.1017/cbo9781107588080.008","A1DEF-DUP-0117","FALSE_POSITIVE","Resolved at title/abstract/citation-context because the record was off-topic, application-specific, secondary, sequential-only, or methodologically redundant with a verified primary anchor; it was not retained and is not used to support a substantive or absence conclusion.","LEVEL_3_DISCOVERY","NOT_RETRIEVED","","","audit/phase2a1_raw_search_results/DEF/PHASE2A1-SEARCH-0029_crossref.json","Discovery-only; not used in synthesis or an absence conclusion."
"A1DEF-0122","PHASE2A1-SEARCH-0029","2026-07-31","Crossref","Hypothesis testing for densities and high-dimensional multinomials: Sharp local minimax rates","Sivaraman Balakrishnan; Larry Wasserman","2019","10.1214/18-aos1729","https://doi.org/10.1214/18-aos1729","A1DEF-DUP-0118","FULL_TEXT_INCLUDED","","LEVEL_1_LOAD_BEARING","AUTHOR_MANUSCRIPT_FULL_TEXT_INSPECTED","Definition of level, worst Type-II error and local minimax critical radius; Theorem 1 (truncated chi-square); main Lipschitz-class theorem and matching lower bound.","NEW_CORPUS_CANDIDATE","audit/phase2a1_raw_search_results/DEF/PHASE2A1-SEARCH-0029_crossref.json","Constructive nonasymptotic goodness-of-fit tests and minimax lower bounds for separated composite alternatives, not a general composite-null design theorem."
"A1DEF-0123","PHASE2A1-SEARCH-0029","2026-07-31","Crossref","Hypothesis Testing","","2009","10.1017/cbo9780511806957.004","https://doi.org/10.1017/cbo9780511806957.004","A1DEF-DUP-0001","DUPLICATE","Duplicate occurrence of a record already dispositioned in this prospective ledger.","LEVEL_3_DISCOVERY","NOT_APPLICABLE","","","audit/phase2a1_raw_search_results/DEF/PHASE2A1-SEARCH-0029_crossref.json","Duplicate search occurrence; retained evidence is attached to the first occurrence."
"A1DEF-0124","PHASE2A1-SEARCH-0029","2026-07-31","Crossref","Minimax Lower Bounds","Christophe Giraud","2021","10.1201/9781003158745-3","https://doi.org/10.1201/9781003158745-3","A1DEF-DUP-0119","FALSE_POSITIVE","Resolved at title/abstract/citation-context because the record was off-topic, application-specific, secondary, sequential-only, or methodologically redundant with a verified primary anchor; it was not retained and is not used to support a substantive or absence conclusion.","LEVEL_3_DISCOVERY","NOT_RETRIEVED","","","audit/phase2a1_raw_search_results/DEF/PHASE2A1-SEARCH-0029_crossref.json","Discovery-only; not used in synthesis or an absence conclusion."
"A1DEF-0125","PHASE2A1-SEARCH-0029","2026-07-31","Crossref","Minimax lower bounds","","2019","10.1017/9781108627771.015","https://doi.org/10.1017/9781108627771.015","A1DEF-DUP-0120","FALSE_POSITIVE","Resolved at title/abstract/citation-context because the record was off-topic, application-specific, secondary, sequential-only, or methodologically redundant with a verified primary anchor; it was not retained and is not used to support a substantive or absence conclusion.","LEVEL_3_DISCOVERY","NOT_RETRIEVED","","","audit/phase2a1_raw_search_results/DEF/PHASE2A1-SEARCH-0029_crossref.json","Discovery-only; not used in synthesis or an absence conclusion."
"A1DEF-0126","PHASE2A1-SEARCH-0029","2026-07-31","Crossref","Finite memory hypothesis testing: Achieving performance bound without randomization.","B. Chandrasekaran; Thomas J. Harley","1971","10.1037/e434232004-001","https://doi.org/10.1037/e434232004-001","A1DEF-DUP-0121","FALSE_POSITIVE","Resolved at title/abstract/citation-context because the record was off-topic, application-specific, secondary, sequential-only, or methodologically redundant with a verified primary anchor; it was not retained and is not used to support a substantive or absence conclusion.","LEVEL_3_DISCOVERY","NOT_RETRIEVED","","","audit/phase2a1_raw_search_results/DEF/PHASE2A1-SEARCH-0029_crossref.json","Discovery-only; not used in synthesis or an absence conclusion."
"A1DEF-0127","PHASE2A1-SEARCH-0029","2026-07-31","Crossref","Nearly optimal sample size in hypothesis testing for high-dimensional regression","Adel Javanmard; Andrea Montanari","2013","10.1109/allerton.2013.6736695","https://doi.org/10.1109/allerton.2013.6736695","A1DEF-DUP-0122","FALSE_POSITIVE","Resolved at title/abstract/citation-context because the record was off-topic, application-specific, secondary, sequential-only, or methodologically redundant with a verified primary anchor; it was not retained and is not used to support a substantive or absence conclusion.","LEVEL_3_DISCOVERY","NOT_RETRIEVED","","","audit/phase2a1_raw_search_results/DEF/PHASE2A1-SEARCH-0029_crossref.json","Discovery-only; not used in synthesis or an absence conclusion."
"A1DEF-0128","PHASE2A1-SEARCH-0029","2026-07-31","Crossref","A strong converse bound for multiple hypothesis testing, with applications to high-dimensional estimation","Ramji Venkataramanan; Oliver Johnson","2018","10.1214/18-ejs1419","https://doi.org/10.1214/18-ejs1419","A1DEF-DUP-0123","FULL_TEXT_INCLUDED","","LEVEL_1_LOAD_BEARING","AUTHOR_MANUSCRIPT_FULL_TEXT_INSPECTED","Section 2 Theorem 1 and Lemma 2.1; Proposition 3.2 (density estimation); Proposition 5.3 (compressed sensing).","NEW_CORPUS_CANDIDATE","audit/phase2a1_raw_search_results/DEF/PHASE2A1-SEARCH-0029_crossref.json","Finite-n strong converse for multiple simple hypotheses and applications through packing reductions; no constructive composite test or experimental-design optimizer."
"A1DEF-0129","PHASE2A1-SEARCH-0029","2026-07-31","Crossref","Minimax Decentralized Hypothesis Testing","Gökhan Gül","2017","10.1007/978-3-319-49286-5_7","https://doi.org/10.1007/978-3-319-49286-5_7","A1DEF-DUP-0094","DUPLICATE","Duplicate occurrence of a record already dispositioned in this prospective ledger.","LEVEL_3_DISCOVERY","NOT_APPLICABLE","","","audit/phase2a1_raw_search_results/DEF/PHASE2A1-SEARCH-0029_crossref.json","Duplicate search occurrence; retained evidence is attached to the first occurrence."
"A1DEF-0130","PHASE2A1-SEARCH-0029","2026-07-31","Crossref","Minimax Lower Bounds for High-Dimensional Multi-Response Errors-in-Variables Regression","Xin Li; Dongya Wu","2022","10.20944/preprints202210.0169.v1","https://doi.org/10.20944/preprints202210.0169.v1","A1DEF-DUP-0124","FALSE_POSITIVE","Resolved at title/abstract/citation-context because the record was off-topic, application-specific, secondary, sequential-only, or methodologically redundant with a verified primary anchor; it was not retained and is not used to support a substantive or absence conclusion.","LEVEL_3_DISCOVERY","NOT_RETRIEVED","","","audit/phase2a1_raw_search_results/DEF/PHASE2A1-SEARCH-0029_crossref.json","Discovery-only; not used in synthesis or an absence conclusion."
"A1DEF-0131","PHASE2A1-SEARCH-0029","2026-07-31","Crossref","Minimax lower bounds","","2026","10.1017/9781009160421.008","https://doi.org/10.1017/9781009160421.008","A1DEF-DUP-0125","FALSE_POSITIVE","Resolved at title/abstract/citation-context because the record was off-topic, application-specific, secondary, sequential-only, or methodologically redundant with a verified primary anchor; it was not retained and is not used to support a substantive or absence conclusion.","LEVEL_3_DISCOVERY","NOT_RETRIEVED","","","audit/phase2a1_raw_search_results/DEF/PHASE2A1-SEARCH-0029_crossref.json","Discovery-only; not used in synthesis or an absence conclusion."
"A1DEF-0132","PHASE2A1-SEARCH-0029","2026-07-31","Crossref","A Framework for Paired-Sample Hypothesis Testing for High-Dimensional Data","Ioannis Bargiotas; Argyris Kalogeratos; Nicolas Vayatis","2023","10.1109/ictai59109.2023.00011","https://doi.org/10.1109/ictai59109.2023.00011","A1DEF-DUP-0126","FALSE_POSITIVE","Resolved at title/abstract/citation-context because the record was off-topic, application-specific, secondary, sequential-only, or methodologically redundant with a verified primary anchor; it was not retained and is not used to support a substantive or absence conclusion.","LEVEL_3_DISCOVERY","NOT_RETRIEVED","","","audit/phase2a1_raw_search_results/DEF/PHASE2A1-SEARCH-0029_crossref.json","Discovery-only; not used in synthesis or an absence conclusion."
"A1DEF-0133","PHASE2A1-SEARCH-0029","2026-07-31","Crossref","Graphing Sample Distributions for Hypothesis Testing","","2021","10.4135/9781529630213.n2","https://doi.org/10.4135/9781529630213.n2","A1DEF-DUP-0002","DUPLICATE","Duplicate occurrence of a record already dispositioned in this prospective ledger.","LEVEL_3_DISCOVERY","NOT_APPLICABLE","","","audit/phase2a1_raw_search_results/DEF/PHASE2A1-SEARCH-0029_crossref.json","Duplicate search occurrence; retained evidence is attached to the first occurrence."
"A1DEF-0134","PHASE2A1-SEARCH-0029","2026-07-31","Crossref","The Chernoff lower bound for symmetric quantum hypothesis testing","Michael Nussbaum; Arleta Szkoła","2009","10.1214/08-aos593","https://doi.org/10.1214/08-aos593","A1DEF-DUP-0127","FALSE_POSITIVE","Resolved at title/abstract/citation-context because the record was off-topic, application-specific, secondary, sequential-only, or methodologically redundant with a verified primary anchor; it was not retained and is not used to support a substantive or absence conclusion.","LEVEL_3_DISCOVERY","NOT_RETRIEVED","","","audit/phase2a1_raw_search_results/DEF/PHASE2A1-SEARCH-0029_crossref.json","Discovery-only; not used in synthesis or an absence conclusion."
"A1DEF-0135","PHASE2A1-SEARCH-0029","2026-07-31","Crossref","Bringing Game Theory to Hypothesis Testing: Establishing Finite Sample Bounds on Inference","Karl H. Schlag","2008","10.2139/ssrn.1266059","https://doi.org/10.2139/ssrn.1266059","A1DEF-DUP-0003","DUPLICATE","Duplicate occurrence of a record already dispositioned in this prospective ledger.","LEVEL_3_DISCOVERY","NOT_APPLICABLE","","","audit/phase2a1_raw_search_results/DEF/PHASE2A1-SEARCH-0029_crossref.json","Duplicate search occurrence; retained evidence is attached to the first occurrence."
"A1DEF-0136","PHASE2A1-SEARCH-0030","2026-07-31","OpenAlex","Wilcoxon-Mann-Whitney or t-test? On assumptions for hypothesis tests and multiple interpretations of decision rules","Michael P. Fay; Michael A. Proschan","2010","10.1214/09-ss051","https://openalex.org/W1974828111","A1DEF-DUP-0017","DUPLICATE","Duplicate occurrence of a record already dispositioned in this prospective ledger.","LEVEL_3_DISCOVERY","NOT_APPLICABLE","","","audit/phase2a1_raw_search_results/DEF/PHASE2A1-SEARCH-0030_openalex.json","Duplicate search occurrence; retained evidence is attached to the first occurrence."
"A1DEF-0137","PHASE2A1-SEARCH-0030","2026-07-31","OpenAlex","Data-Driven Distributionally Robust Optimization Using the Wasserstein Metric: Performance Guarantees and Tractable Reformulations","Peyman Mohajerin Esfahani; Daniel Kühn","2017","10.1007/s10107-017-1172-1","https://openalex.org/W2963450292","A1DEF-DUP-0128","FALSE_POSITIVE","Resolved at title/abstract/citation-context because the record was off-topic, application-specific, secondary, sequential-only, or methodologically redundant with a verified primary anchor; it was not retained and is not used to support a substantive or absence conclusion.","LEVEL_3_DISCOVERY","NOT_RETRIEVED","","","audit/phase2a1_raw_search_results/DEF/PHASE2A1-SEARCH-0030_openalex.json","Discovery-only; not used in synthesis or an absence conclusion."
"A1DEF-0138","PHASE2A1-SEARCH-0030","2026-07-31","OpenAlex","Statistical treatment choice based on asymmetric minimax regret criteria","Aleksey Tetenov","2011","10.1016/j.jeconom.2011.06.013","https://openalex.org/W2160120336","A1DEF-DUP-0129","FALSE_POSITIVE","Resolved at title/abstract/citation-context because the record was off-topic, application-specific, secondary, sequential-only, or methodologically redundant with a verified primary anchor; it was not retained and is not used to support a substantive or absence conclusion.","LEVEL_3_DISCOVERY","NOT_RETRIEVED","","","audit/phase2a1_raw_search_results/DEF/PHASE2A1-SEARCH-0030_openalex.json","Discovery-only; not used in synthesis or an absence conclusion."
"A1DEF-0139","PHASE2A1-SEARCH-0030","2026-07-31","OpenAlex","Statistical significance in high-dimensional linear models","Peter Bühlmann","2013","10.3150/12-bejsp11","https://openalex.org/W2097209031","A1DEF-DUP-0130","FALSE_POSITIVE","Resolved at title/abstract/citation-context because the record was off-topic, application-specific, secondary, sequential-only, or methodologically redundant with a verified primary anchor; it was not retained and is not used to support a substantive or absence conclusion.","LEVEL_3_DISCOVERY","NOT_RETRIEVED","","","audit/phase2a1_raw_search_results/DEF/PHASE2A1-SEARCH-0030_openalex.json","Discovery-only; not used in synthesis or an absence conclusion."
"A1DEF-0140","PHASE2A1-SEARCH-0030","2026-07-31","OpenAlex","Bayesian model averaging: a tutorial (with comments by M. Clyde, David Draper and E. I. George, and a rejoinder by the authors","Jennifer A. Hoeting; David Madigan; Adrian E. Raftery; Chris Volinsky","1999","10.1214/ss/1009212519","https://openalex.org/W1603903339","A1DEF-DUP-0131","FALSE_POSITIVE","Resolved at title/abstract/citation-context because the record was off-topic, application-specific, secondary, sequential-only, or methodologically redundant with a verified primary anchor; it was not retained and is not used to support a substantive or absence conclusion.","LEVEL_3_DISCOVERY","NOT_RETRIEVED","","","audit/phase2a1_raw_search_results/DEF/PHASE2A1-SEARCH-0030_openalex.json","Discovery-only; not used in synthesis or an absence conclusion."
"A1DEF-0141","PHASE2A1-SEARCH-0030","2026-07-31","OpenAlex","Wavelets on graphs via spectral graph theory","David K. Hammond; Pierre Vandergheynst; Rémi Gribonval","2010","10.1016/j.acha.2010.04.005","https://openalex.org/W2158787690","A1DEF-DUP-0132","FALSE_POSITIVE","Resolved at title/abstract/citation-context because the record was off-topic, application-specific, secondary, sequential-only, or methodologically redundant with a verified primary anchor; it was not retained and is not used to support a substantive or absence conclusion.","LEVEL_3_DISCOVERY","NOT_RETRIEVED","","","audit/phase2a1_raw_search_results/DEF/PHASE2A1-SEARCH-0030_openalex.json","Discovery-only; not used in synthesis or an absence conclusion."
"A1DEF-0142","PHASE2A1-SEARCH-0030","2026-07-31","OpenAlex","Noisy matrix decomposition via convex relaxation: Optimal rates in high dimensions","Alekh Agarwal; Sahand Negahban; Martin J. Wainwright","2012","10.1214/12-aos1000","https://openalex.org/W2154514661","A1DEF-DUP-0133","FALSE_POSITIVE","Resolved at title/abstract/citation-context because the record was off-topic, application-specific, secondary, sequential-only, or methodologically redundant with a verified primary anchor; it was not retained and is not used to support a substantive or absence conclusion.","LEVEL_3_DISCOVERY","NOT_RETRIEVED","","","audit/phase2a1_raw_search_results/DEF/PHASE2A1-SEARCH-0030_openalex.json","Discovery-only; not used in synthesis or an absence conclusion."
"A1DEF-0143","PHASE2A1-SEARCH-0030","2026-07-31","OpenAlex","Large Covariance Estimation by Thresholding Principal Orthogonal Complements","Jianqing Fan; Yuan Liao; Martina Mincheva","2013","10.1111/rssb.12016","https://openalex.org/W2040373108","A1DEF-DUP-0134","FALSE_POSITIVE","Resolved at title/abstract/citation-context because the record was off-topic, application-specific, secondary, sequential-only, or methodologically redundant with a verified primary anchor; it was not retained and is not used to support a substantive or absence conclusion.","LEVEL_3_DISCOVERY","NOT_RETRIEVED","","","audit/phase2a1_raw_search_results/DEF/PHASE2A1-SEARCH-0030_openalex.json","Discovery-only; not used in synthesis or an absence conclusion."
"A1DEF-0144","PHASE2A1-SEARCH-0030","2026-07-31","OpenAlex","Adapting to unknown sparsity by controlling the false discovery rate","Felix Abramovich; Yoav Benjamini; David L. Donoho; Iain M. Johnstone","2006","10.1214/009053606000000074","https://openalex.org/W2133264613","A1DEF-DUP-0135","FALSE_POSITIVE","Resolved at title/abstract/citation-context because the record was off-topic, application-specific, secondary, sequential-only, or methodologically redundant with a verified primary anchor; it was not retained and is not used to support a substantive or absence conclusion.","LEVEL_3_DISCOVERY","NOT_RETRIEVED","","","audit/phase2a1_raw_search_results/DEF/PHASE2A1-SEARCH-0030_openalex.json","Discovery-only; not used in synthesis or an absence conclusion."
"A1DEF-0145","PHASE2A1-SEARCH-0030","2026-07-31","OpenAlex","Two-sample hypothesis testing for inhomogeneous random graphs","Debarghya Ghoshdastidar; Maurilio Gutzeit; Alexandra Carpentier; Ulrike von Luxburg","2020","10.1214/19-aos1884","https://openalex.org/W2748846107","A1DEF-DUP-0104","DUPLICATE","Duplicate occurrence of a record already dispositioned in this prospective ledger.","LEVEL_3_DISCOVERY","NOT_APPLICABLE","","","audit/phase2a1_raw_search_results/DEF/PHASE2A1-SEARCH-0030_openalex.json","Duplicate search occurrence; retained evidence is attached to the first occurrence."
"A1DEF-0146","PHASE2A1-SEARCH-0030","2026-07-31","OpenAlex","Transfer learning for nonparametric classification: Minimax rate and adaptive classifier","Tommaso Cai; Hongji Wei","2021","10.1214/20-aos1949","https://openalex.org/W3128888666","A1DEF-DUP-0136","FALSE_POSITIVE","Resolved at title/abstract/citation-context because the record was off-topic, application-specific, secondary, sequential-only, or methodologically redundant with a verified primary anchor; it was not retained and is not used to support a substantive or absence conclusion.","LEVEL_3_DISCOVERY","NOT_RETRIEVED","","","audit/phase2a1_raw_search_results/DEF/PHASE2A1-SEARCH-0030_openalex.json","Discovery-only; not used in synthesis or an absence conclusion."
"A1DEF-0147","PHASE2A1-SEARCH-0030","2026-07-31","OpenAlex","Spike and slab variable selection: Frequentist and Bayesian strategies","Hemant Ishwaran; J. Sunil Rao","2005","10.1214/009053604000001147","https://openalex.org/W1969415786","A1DEF-DUP-0137","FALSE_POSITIVE","Resolved at title/abstract/citation-context because the record was off-topic, application-specific, secondary, sequential-only, or methodologically redundant with a verified primary anchor; it was not retained and is not used to support a substantive or absence conclusion.","LEVEL_3_DISCOVERY","NOT_RETRIEVED","","","audit/phase2a1_raw_search_results/DEF/PHASE2A1-SEARCH-0030_openalex.json","Discovery-only; not used in synthesis or an absence conclusion."
"A1DEF-0148","PHASE2A1-SEARCH-0030","2026-07-31","OpenAlex","Augmented minimax linear estimation","David A. Hirshberg; Stefan Wager","2021","10.1214/21-aos2080","https://openalex.org/W2796775270","A1DEF-DUP-0138","FALSE_POSITIVE","Resolved at title/abstract/citation-context because the record was off-topic, application-specific, secondary, sequential-only, or methodologically redundant with a verified primary anchor; it was not retained and is not used to support a substantive or absence conclusion.","LEVEL_3_DISCOVERY","NOT_RETRIEVED","","","audit/phase2a1_raw_search_results/DEF/PHASE2A1-SEARCH-0030_openalex.json","Discovery-only; not used in synthesis or an absence conclusion."
"A1DEF-0149","PHASE2A1-SEARCH-0030","2026-07-31","OpenAlex","Scientific Machine Learning Through Physics–Informed Neural Networks: Where we are and What’s Next","Salvatore Cuomo; Vincenzo Schiano Di Cola; Fabio Giampaolo; Gianluigi Rozza; Maziar Raissi; Francesco Piccialli","2022","10.1007/s10915-022-01939-z","https://openalex.org/W4288039037","A1DEF-DUP-0139","FALSE_POSITIVE","Resolved at title/abstract/citation-context because the record was off-topic, application-specific, secondary, sequential-only, or methodologically redundant with a verified primary anchor; it was not retained and is not used to support a substantive or absence conclusion.","LEVEL_3_DISCOVERY","NOT_RETRIEVED","","","audit/phase2a1_raw_search_results/DEF/PHASE2A1-SEARCH-0030_openalex.json","Discovery-only; not used in synthesis or an absence conclusion."
"A1DEF-0150","PHASE2A1-SEARCH-0030","2026-07-31","OpenAlex","Flexible smoothing with B-splines and penalties","Paul H.C. Eilers; Brian D. Marx","1996","10.1214/ss/1038425655","https://openalex.org/W1990420052","A1DEF-DUP-0140","FALSE_POSITIVE","Resolved at title/abstract/citation-context because the record was off-topic, application-specific, secondary, sequential-only, or methodologically redundant with a verified primary anchor; it was not retained and is not used to support a substantive or absence conclusion.","LEVEL_3_DISCOVERY","NOT_RETRIEVED","","","audit/phase2a1_raw_search_results/DEF/PHASE2A1-SEARCH-0030_openalex.json","Discovery-only; not used in synthesis or an absence conclusion."
"A1DEF-0151","PHASE2A1-SEARCH-0031","2026-07-31","Crossref","Hypothesis Testing","","2009","10.1017/cbo9780511806957.004","https://doi.org/10.1017/cbo9780511806957.004","A1DEF-DUP-0001","DUPLICATE","Duplicate occurrence of a record already dispositioned in this prospective ledger.","LEVEL_3_DISCOVERY","NOT_APPLICABLE","","","audit/phase2a1_raw_search_results/DEF/PHASE2A1-SEARCH-0031_crossref.json","Duplicate search occurrence; retained evidence is attached to the first occurrence."
"A1DEF-0152","PHASE2A1-SEARCH-0031","2026-07-31","Crossref","Finite-Sample Two-Group Composite Hypothesis Testing via Machine Learning","Tianyu Zhan; Jian Kang","2022","10.1080/10618600.2021.2020128","https://doi.org/10.1080/10618600.2021.2020128","A1DEF-DUP-0004","DUPLICATE","Duplicate occurrence of a record already dispositioned in this prospective ledger.","LEVEL_3_DISCOVERY","NOT_APPLICABLE","","","audit/phase2a1_raw_search_results/DEF/PHASE2A1-SEARCH-0031_crossref.json","Duplicate search occurrence; retained evidence is attached to the first occurrence."
"A1DEF-0153","PHASE2A1-SEARCH-0031","2026-07-31","Crossref","Graphing Sample Distributions for Hypothesis Testing","","2021","10.4135/9781529630213.n2","https://doi.org/10.4135/9781529630213.n2","A1DEF-DUP-0002","DUPLICATE","Duplicate occurrence of a record already dispositioned in this prospective ledger.","LEVEL_3_DISCOVERY","NOT_APPLICABLE","","","audit/phase2a1_raw_search_results/DEF/PHASE2A1-SEARCH-0031_crossref.json","Duplicate search occurrence; retained evidence is attached to the first occurrence."
"A1DEF-0154","PHASE2A1-SEARCH-0031","2026-07-31","Crossref","Bringing Game Theory to Hypothesis Testing: Establishing Finite Sample Bounds on Inference","Karl H. Schlag","2008","10.2139/ssrn.1266059","https://doi.org/10.2139/ssrn.1266059","A1DEF-DUP-0003","DUPLICATE","Duplicate occurrence of a record already dispositioned in this prospective ledger.","LEVEL_3_DISCOVERY","NOT_APPLICABLE","","","audit/phase2a1_raw_search_results/DEF/PHASE2A1-SEARCH-0031_crossref.json","Duplicate search occurrence; retained evidence is attached to the first occurrence."
"A1DEF-0155","PHASE2A1-SEARCH-0031","2026-07-31","Crossref","Optimal Noise Benefit in Composite Hypothesis Testing under Different Criteria","Shujun Liu; Ting Yang; Mingchun Tang; Hongqing Liu; Kui Zhang; Xinzheng Zhang","2016","10.3390/e18080400","https://doi.org/10.3390/e18080400","A1DEF-DUP-0141","FALSE_POSITIVE","Resolved at title/abstract/citation-context because the record was off-topic, application-specific, secondary, sequential-only, or methodologically redundant with a verified primary anchor; it was not retained and is not used to support a substantive or absence conclusion.","LEVEL_3_DISCOVERY","NOT_RETRIEVED","","","audit/phase2a1_raw_search_results/DEF/PHASE2A1-SEARCH-0031_crossref.json","Discovery-only; not used in synthesis or an absence conclusion."
"A1DEF-0156","PHASE2A1-SEARCH-0031","2026-07-31","Crossref","Beyond Hypothesis Testing","Joseph Kadane","2016","10.3390/e18050199","https://doi.org/10.3390/e18050199","A1DEF-DUP-0142","FALSE_POSITIVE","Resolved at title/abstract/citation-context because the record was off-topic, application-specific, secondary, sequential-only, or methodologically redundant with a verified primary anchor; it was not retained and is not used to support a substantive or absence conclusion.","LEVEL_3_DISCOVERY","NOT_RETRIEVED","","","audit/phase2a1_raw_search_results/DEF/PHASE2A1-SEARCH-0031_crossref.json","Discovery-only; not used in synthesis or an absence conclusion."
"A1DEF-0157","PHASE2A1-SEARCH-0031","2026-07-31","Crossref","A Finite Sample Test for the Composite Hypothesis of Stable Law","Albert Paulson; Xing Zhong; Thomas R. Willemain","2016","10.2139/ssrn.2781635","https://doi.org/10.2139/ssrn.2781635","A1DEF-DUP-0009","DUPLICATE","Duplicate occurrence of a record already dispositioned in this prospective ledger.","LEVEL_3_DISCOVERY","NOT_APPLICABLE","","","audit/phase2a1_raw_search_results/DEF/PHASE2A1-SEARCH-0031_crossref.json","Duplicate search occurrence; retained evidence is attached to the first occurrence."
"A1DEF-0158","PHASE2A1-SEARCH-0031","2026-07-31","Crossref","The Optimal Finite-Sample Error Probability in Asymmetric Binary Hypothesis Testing","V. Lungu; I. Kontoyiannis","2024","10.1109/isit57864.2024.10619363","https://doi.org/10.1109/isit57864.2024.10619363","A1DEF-DUP-0010","DUPLICATE","Duplicate occurrence of a record already dispositioned in this prospective ledger.","LEVEL_3_DISCOVERY","NOT_APPLICABLE","","","audit/phase2a1_raw_search_results/DEF/PHASE2A1-SEARCH-0031_crossref.json","Duplicate search occurrence; retained evidence is attached to the first occurrence."
"A1DEF-0159","PHASE2A1-SEARCH-0031","2026-07-31","Crossref","Hypothesis Testing and Finite Sample Properties of Generalized Method of Moments Estimators: A Monte Carlo Study","Ching-Sheng Mao","1990","10.2139/ssrn.2123593","https://doi.org/10.2139/ssrn.2123593","A1DEF-DUP-0011","DUPLICATE","Duplicate occurrence of a record already dispositioned in this prospective ledger.","LEVEL_3_DISCOVERY","NOT_APPLICABLE","","","audit/phase2a1_raw_search_results/DEF/PHASE2A1-SEARCH-0031_crossref.json","Duplicate search occurrence; retained evidence is attached to the first occurrence."
"A1DEF-0160","PHASE2A1-SEARCH-0031","2026-07-31","Crossref","Sample Size Determination for Bayesian Informative Hypothesis Testing","; Qianrao Fu","","10.33540/1221","https://doi.org/10.33540/1221","A1DEF-DUP-0005","DUPLICATE","Duplicate occurrence of a record already dispositioned in this prospective ledger.","LEVEL_3_DISCOVERY","NOT_APPLICABLE","","","audit/phase2a1_raw_search_results/DEF/PHASE2A1-SEARCH-0031_crossref.json","Duplicate search occurrence; retained evidence is attached to the first occurrence."
"A1DEF-0161","PHASE2A1-SEARCH-0031","2026-07-31","Crossref","Hypothesis Testing with One Sample","","2014","10.4324/9781315797564-13","https://doi.org/10.4324/9781315797564-13","A1DEF-DUP-0008","DUPLICATE","Duplicate occurrence of a record already dispositioned in this prospective ledger.","LEVEL_3_DISCOVERY","NOT_APPLICABLE","","","audit/phase2a1_raw_search_results/DEF/PHASE2A1-SEARCH-0031_crossref.json","Duplicate search occurrence; retained evidence is attached to the first occurrence."
"A1DEF-0162","PHASE2A1-SEARCH-0031","2026-07-31","Crossref","Privacy-Aware Distributed Hypothesis Testing","Sreejith Sreekumar; Asaf Cohen; Deniz Gündüz","2020","10.3390/e22060665","https://doi.org/10.3390/e22060665","A1DEF-DUP-0143","FALSE_POSITIVE","Resolved at title/abstract/citation-context because the record was off-topic, application-specific, secondary, sequential-only, or methodologically redundant with a verified primary anchor; it was not retained and is not used to support a substantive or absence conclusion.","LEVEL_3_DISCOVERY","NOT_RETRIEVED","","","audit/phase2a1_raw_search_results/DEF/PHASE2A1-SEARCH-0031_crossref.json","Discovery-only; not used in synthesis or an absence conclusion."
"A1DEF-0163","PHASE2A1-SEARCH-0031","2026-07-31","Crossref","Transfer Learning in Multiple Hypothesis Testing","Stefano Cabras; María Eugenia Castellanos Nueda","2024","10.3390/e26010049","https://doi.org/10.3390/e26010049","A1DEF-DUP-0144","FALSE_POSITIVE","Resolved at title/abstract/citation-context because the record was off-topic, application-specific, secondary, sequential-only, or methodologically redundant with a verified primary anchor; it was not retained and is not used to support a substantive or absence conclusion.","LEVEL_3_DISCOVERY","NOT_RETRIEVED","","","audit/phase2a1_raw_search_results/DEF/PHASE2A1-SEARCH-0031_crossref.json","Discovery-only; not used in synthesis or an absence conclusion."
"A1DEF-0164","PHASE2A1-SEARCH-0031","2026-07-31","Crossref","Monte Carlo Methodology and the Finite Sample Properties of Statistics for Testing Nested and Non-Nested Hypothesis","Neil R. Ericsson","1987","10.17016/ifdp.1987.317","https://doi.org/10.17016/ifdp.1987.317","A1DEF-DUP-0145","FALSE_POSITIVE","Resolved at title/abstract/citation-context because the record was off-topic, application-specific, secondary, sequential-only, or methodologically redundant with a verified primary anchor; it was not retained and is not used to support a substantive or absence conclusion.","LEVEL_3_DISCOVERY","NOT_RETRIEVED","","","audit/phase2a1_raw_search_results/DEF/PHASE2A1-SEARCH-0031_crossref.json","Discovery-only; not used in synthesis or an absence conclusion."
"A1DEF-0165","PHASE2A1-SEARCH-0031","2026-07-31","Crossref","Testing the Isotropic Cauchy Hypothesis","Jihad Fahs; Ibrahim Abou-Faycal; Ibrahim Issa","2024","10.3390/e26121084","https://doi.org/10.3390/e26121084","A1DEF-DUP-0146","FALSE_POSITIVE","Resolved at title/abstract/citation-context because the record was off-topic, application-specific, secondary, sequential-only, or methodologically redundant with a verified primary anchor; it was not retained and is not used to support a substantive or absence conclusion.","LEVEL_3_DISCOVERY","NOT_RETRIEVED","","","audit/phase2a1_raw_search_results/DEF/PHASE2A1-SEARCH-0031_crossref.json","Discovery-only; not used in synthesis or an absence conclusion."
"A1DEF-0166","PHASE2A1-SEARCH-0032","2026-07-31","OpenAlex","Permutation Entropy and Its Main Biomedical and Econophysics Applications: A Review","Massimiliano Zanin; Luciano Zunino; Osvaldo A. Rosso; David Papo","2012","10.3390/e14081553","https://openalex.org/W2157881370","A1DEF-DUP-0147","FALSE_POSITIVE","Resolved at title/abstract/citation-context because the record was off-topic, application-specific, secondary, sequential-only, or methodologically redundant with a verified primary anchor; it was not retained and is not used to support a substantive or absence conclusion.","LEVEL_3_DISCOVERY","NOT_RETRIEVED","","","audit/phase2a1_raw_search_results/DEF/PHASE2A1-SEARCH-0032_openalex.json","Discovery-only; not used in synthesis or an absence conclusion."
"A1DEF-0167","PHASE2A1-SEARCH-0032","2026-07-31","OpenAlex","Comparative study of approximate entropy and sample entropy robustness to spikes","Á. Molina; David Cuesta–Frau; Mateo Aboy; Cristina Crespo; Pau Miró–Martínez; Sandra Oltra–Crespo","2011","10.1016/j.artmed.2011.06.007","https://openalex.org/W2093589470","A1DEF-DUP-0148","FALSE_POSITIVE","Resolved at title/abstract/citation-context because the record was off-topic, application-specific, secondary, sequential-only, or methodologically redundant with a verified primary anchor; it was not retained and is not used to support a substantive or absence conclusion.","LEVEL_3_DISCOVERY","NOT_RETRIEVED","","","audit/phase2a1_raw_search_results/DEF/PHASE2A1-SEARCH-0032_openalex.json","Discovery-only; not used in synthesis or an absence conclusion."
"A1DEF-0168","PHASE2A1-SEARCH-0032","2026-07-31","OpenAlex","CHARMM: The biomolecular simulation program","Bernard R. Brooks; Charles L. Brooks; Alexander D. MacKerell; Lennart Nilsson; Robert J. Petrella; Benoı̂t Roux; Youngdo Won; Georgios Archontis; Christian Bartels; Stefan Boresch; Amedeo Caflisch; Leo S. D. Caves; Qiang Cui; Aaron R. Dinner; Michael Feig; Stefan Fischer; Jun Gao; Milan Hodošček; Wonpil Im; Krzysztof Kuczera; Themis Lazaridis; Jianpeng Ma; Victor Ovchinnikov; Emanuele Paci; Richard W. Pastor; Carol Beth Post; Jingzhi Pu; Michael Schaefer; Bruce Tidor; Richard M. Venable; H. Lee Woodcock; Xiaojing Wu; Wei Yang; Darrin M. York; Martin Karplus","2009","10.1002/jcc.21287","https://openalex.org/W2132262459","A1DEF-DUP-0149","FALSE_POSITIVE","Resolved at title/abstract/citation-context because the record was off-topic, application-specific, secondary, sequential-only, or methodologically redundant with a verified primary anchor; it was not retained and is not used to support a substantive or absence conclusion.","LEVEL_3_DISCOVERY","NOT_RETRIEVED","","","audit/phase2a1_raw_search_results/DEF/PHASE2A1-SEARCH-0032_openalex.json","Discovery-only; not used in synthesis or an absence conclusion."
"A1DEF-0169","PHASE2A1-SEARCH-0032","2026-07-31","OpenAlex","Fuzzy Entropy Metrics for the Analysis of Biomedical Signals: Assessment and Comparison","Hamed Azami; Peng Li; Steven E. Arnold; Javier Escudero; Anne Humeau‐Heurtier","2019","10.1109/access.2019.2930625","https://openalex.org/W2964070924","A1DEF-DUP-0150","FALSE_POSITIVE","Resolved at title/abstract/citation-context because the record was off-topic, application-specific, secondary, sequential-only, or methodologically redundant with a verified primary anchor; it was not retained and is not used to support a substantive or absence conclusion.","LEVEL_3_DISCOVERY","NOT_RETRIEVED","","","audit/phase2a1_raw_search_results/DEF/PHASE2A1-SEARCH-0032_openalex.json","Discovery-only; not used in synthesis or an absence conclusion."
"A1DEF-0170","PHASE2A1-SEARCH-0032","2026-07-31","OpenAlex","Process Modeling in Composites Manufacturing","SG Advani; EM Sozer; Leon Mishnaevsky","2003","10.1115/1.1584418","https://openalex.org/W1979838794","A1DEF-DUP-0151","FALSE_POSITIVE","Resolved at title/abstract/citation-context because the record was off-topic, application-specific, secondary, sequential-only, or methodologically redundant with a verified primary anchor; it was not retained and is not used to support a substantive or absence conclusion.","LEVEL_3_DISCOVERY","NOT_RETRIEVED","","","audit/phase2a1_raw_search_results/DEF/PHASE2A1-SEARCH-0032_openalex.json","Discovery-only; not used in synthesis or an absence conclusion."
"A1DEF-0171","PHASE2A1-SEARCH-0032","2026-07-31","OpenAlex","An improved bootstrap test of stochastic dominance","Oliver Linton; Kyungchul Song; Yoon‐Jae Whang","2009","10.1016/j.jeconom.2009.08.002","https://openalex.org/W2150476991","A1DEF-DUP-0152","FALSE_POSITIVE","Resolved at title/abstract/citation-context because the record was off-topic, application-specific, secondary, sequential-only, or methodologically redundant with a verified primary anchor; it was not retained and is not used to support a substantive or absence conclusion.","LEVEL_3_DISCOVERY","NOT_RETRIEVED","","","audit/phase2a1_raw_search_results/DEF/PHASE2A1-SEARCH-0032_openalex.json","Discovery-only; not used in synthesis or an absence conclusion."
"A1DEF-0172","PHASE2A1-SEARCH-0032","2026-07-31","OpenAlex","Are stock markets really efficient? Evidence of the adaptive market hypothesis","Andrew Urquhart; Frank McGroarty","2016","10.1016/j.irfa.2016.06.011","https://openalex.org/W2473204212","A1DEF-DUP-0153","FALSE_POSITIVE","Resolved at title/abstract/citation-context because the record was off-topic, application-specific, secondary, sequential-only, or methodologically redundant with a verified primary anchor; it was not retained and is not used to support a substantive or absence conclusion.","LEVEL_3_DISCOVERY","NOT_RETRIEVED","","","audit/phase2a1_raw_search_results/DEF/PHASE2A1-SEARCH-0032_openalex.json","Discovery-only; not used in synthesis or an absence conclusion."
"A1DEF-0173","PHASE2A1-SEARCH-0032","2026-07-31","OpenAlex","Enhanced Sampling in Molecular Dynamics Using Metadynamics, Replica-Exchange, and Temperature-Acceleration","Cameron F. Abrams; Giovanni Bussi","2013","10.3390/e16010163","https://openalex.org/W2086817352","A1DEF-DUP-0154","FALSE_POSITIVE","Resolved at title/abstract/citation-context because the record was off-topic, application-specific, secondary, sequential-only, or methodologically redundant with a verified primary anchor; it was not retained and is not used to support a substantive or absence conclusion.","LEVEL_3_DISCOVERY","NOT_RETRIEVED","","","audit/phase2a1_raw_search_results/DEF/PHASE2A1-SEARCH-0032_openalex.json","Discovery-only; not used in synthesis or an absence conclusion."
"A1DEF-0174","PHASE2A1-SEARCH-0032","2026-07-31","OpenAlex","Approximate entropy and auto mutual information analysis of the electroencephalogram in Alzheimer’s disease patients","Daniel Abásolo; Javier Escudero; Roberto Hornero; Carlos Gómez; Pedro Espino","2008","10.1007/s11517-008-0392-1","https://openalex.org/W2073259577","A1DEF-DUP-0155","FALSE_POSITIVE","Resolved at title/abstract/citation-context because the record was off-topic, application-specific, secondary, sequential-only, or methodologically redundant with a verified primary anchor; it was not retained and is not used to support a substantive or absence conclusion.","LEVEL_3_DISCOVERY","NOT_RETRIEVED","","","audit/phase2a1_raw_search_results/DEF/PHASE2A1-SEARCH-0032_openalex.json","Discovery-only; not used in synthesis or an absence conclusion."
"A1DEF-0175","PHASE2A1-SEARCH-0032","2026-07-31","OpenAlex","Statistical Anomaly Detection via Composite Hypothesis Testing for Markov Models","Jing Zhang; Ioannis Ch. Paschalidis","2017","10.1109/tsp.2017.2771722","https://openalex.org/W2591735613","A1DEF-DUP-0156","FALSE_POSITIVE","Resolved at title/abstract/citation-context because the record was off-topic, application-specific, secondary, sequential-only, or methodologically redundant with a verified primary anchor; it was not retained and is not used to support a substantive or absence conclusion.","LEVEL_3_DISCOVERY","NOT_RETRIEVED","","","audit/phase2a1_raw_search_results/DEF/PHASE2A1-SEARCH-0032_openalex.json","Discovery-only; not used in synthesis or an absence conclusion."
"A1DEF-0176","PHASE2A1-SEARCH-0032","2026-07-31","OpenAlex","Scientific Machine Learning Through Physics–Informed Neural Networks: Where we are and What’s Next","Salvatore Cuomo; Vincenzo Schiano Di Cola; Fabio Giampaolo; Gianluigi Rozza; Maziar Raissi; Francesco Piccialli","2022","10.1007/s10915-022-01939-z","https://openalex.org/W4288039037","A1DEF-DUP-0139","DUPLICATE","Duplicate occurrence of a record already dispositioned in this prospective ledger.","LEVEL_3_DISCOVERY","NOT_APPLICABLE","","","audit/phase2a1_raw_search_results/DEF/PHASE2A1-SEARCH-0032_openalex.json","Duplicate search occurrence; retained evidence is attached to the first occurrence."
"A1DEF-0177","PHASE2A1-SEARCH-0032","2026-07-31","OpenAlex","Land quality, sustainable development and environmental degradation in agricultural districts: A computational approach based on entropy indexes","Ilaria Zambon; Andrea Colantoni; Margherita Carlucci; Nathan Morrow; Adele Sateriano; Luca Salvati","2017","10.1016/j.eiar.2017.01.003","https://openalex.org/W2590658888","A1DEF-DUP-0157","FALSE_POSITIVE","Resolved at title/abstract/citation-context because the record was off-topic, application-specific, secondary, sequential-only, or methodologically redundant with a verified primary anchor; it was not retained and is not used to support a substantive or absence conclusion.","LEVEL_3_DISCOVERY","NOT_RETRIEVED","","","audit/phase2a1_raw_search_results/DEF/PHASE2A1-SEARCH-0032_openalex.json","Discovery-only; not used in synthesis or an absence conclusion."
"A1DEF-0178","PHASE2A1-SEARCH-0032","2026-07-31","OpenAlex","Slope Entropy: A New Time Series Complexity Estimator Based on Both Symbolic Patterns and Amplitude Information","David Cuesta–Frau","2019","10.3390/e21121167","https://openalex.org/W2991327750","A1DEF-DUP-0158","FALSE_POSITIVE","Resolved at title/abstract/citation-context because the record was off-topic, application-specific, secondary, sequential-only, or methodologically redundant with a verified primary anchor; it was not retained and is not used to support a substantive or absence conclusion.","LEVEL_3_DISCOVERY","NOT_RETRIEVED","","","audit/phase2a1_raw_search_results/DEF/PHASE2A1-SEARCH-0032_openalex.json","Discovery-only; not used in synthesis or an absence conclusion."
"A1DEF-0179","PHASE2A1-SEARCH-0032","2026-07-31","OpenAlex","Pursuing the method of multiple working hypotheses for hydrological modeling","Martyn Clark; Dmitri Kavetski; Fabrizio Fenicia","2011","10.1029/2010wr009827","https://openalex.org/W1537396274","A1DEF-DUP-0159","FALSE_POSITIVE","Resolved at title/abstract/citation-context because the record was off-topic, application-specific, secondary, sequential-only, or methodologically redundant with a verified primary anchor; it was not retained and is not used to support a substantive or absence conclusion.","LEVEL_3_DISCOVERY","NOT_RETRIEVED","","","audit/phase2a1_raw_search_results/DEF/PHASE2A1-SEARCH-0032_openalex.json","Discovery-only; not used in synthesis or an absence conclusion."
"A1DEF-0180","PHASE2A1-SEARCH-0032","2026-07-31","OpenAlex","Optical quantum super-resolution imaging and hypothesis testing","Ugo Zanforlin; Cosmo Lupo; Peter W. R. Connolly; Pieter Kok; Gerald S. Buller; Zixin Huang","2022","10.1038/s41467-022-32977-8","https://openalex.org/W4295751414","A1DEF-DUP-0160","FALSE_POSITIVE","Resolved at title/abstract/citation-context because the record was off-topic, application-specific, secondary, sequential-only, or methodologically redundant with a verified primary anchor; it was not retained and is not used to support a substantive or absence conclusion.","LEVEL_3_DISCOVERY","NOT_RETRIEVED","","","audit/phase2a1_raw_search_results/DEF/PHASE2A1-SEARCH-0032_openalex.json","Discovery-only; not used in synthesis or an absence conclusion."
"A1DEF-0181","PHASE2A1-SEARCH-0033","2026-07-31","Crossref","Strong Converse, Channel Dispersion, Error Exponents, and Finite Blocklength","","2024","10.1017/9781108966351.031","https://doi.org/10.1017/9781108966351.031","A1DEF-DUP-0161","FALSE_POSITIVE","Resolved at title/abstract/citation-context because the record was off-topic, application-specific, secondary, sequential-only, or methodologically redundant with a verified primary anchor; it was not retained and is not used to support a substantive or absence conclusion.","LEVEL_3_DISCOVERY","NOT_RETRIEVED","","","audit/phase2a1_raw_search_results/DEF/PHASE2A1-SEARCH-0033_crossref.json","Discovery-only; not used in synthesis or an absence conclusion."
"A1DEF-0182","PHASE2A1-SEARCH-0033","2026-07-31","Crossref","Boosting output distributions in finite blocklength channel coding converse bounds","Oliver Kosut","2015","10.1109/itw.2015.7133158","https://doi.org/10.1109/itw.2015.7133158","A1DEF-DUP-0162","FALSE_POSITIVE","Resolved at title/abstract/citation-context because the record was off-topic, application-specific, secondary, sequential-only, or methodologically redundant with a verified primary anchor; it was not retained and is not used to support a substantive or absence conclusion.","LEVEL_3_DISCOVERY","NOT_RETRIEVED","","","audit/phase2a1_raw_search_results/DEF/PHASE2A1-SEARCH-0033_crossref.json","Discovery-only; not used in synthesis or an absence conclusion."
"A1DEF-0183","PHASE2A1-SEARCH-0033","2026-07-31","Crossref","On Finite Blocklength Converse Bounds for Classical Communication Over Quantum Channels","Xin Wang; Kun Fang; Marco Tomamichel","2018","10.1109/isit.2018.8437796","https://doi.org/10.1109/isit.2018.8437796","A1DEF-DUP-0163","FALSE_POSITIVE","Resolved at title/abstract/citation-context because the record was off-topic, application-specific, secondary, sequential-only, or methodologically redundant with a verified primary anchor; it was not retained and is not used to support a substantive or absence conclusion.","LEVEL_3_DISCOVERY","NOT_RETRIEVED","","","audit/phase2a1_raw_search_results/DEF/PHASE2A1-SEARCH-0033_crossref.json","Discovery-only; not used in synthesis or an absence conclusion."
"A1DEF-0184","PHASE2A1-SEARCH-0033","2026-07-31","Crossref","Finite Blocklength Converse Bounds for Quantum Channels","William Matthews; Stephanie Wehner","2014","10.1109/tit.2014.2353614","https://doi.org/10.1109/tit.2014.2353614","A1DEF-DUP-0164","FALSE_POSITIVE","Resolved at title/abstract/citation-context because the record was off-topic, application-specific, secondary, sequential-only, or methodologically redundant with a verified primary anchor; it was not retained and is not used to support a substantive or absence conclusion.","LEVEL_3_DISCOVERY","NOT_RETRIEVED","","","audit/phase2a1_raw_search_results/DEF/PHASE2A1-SEARCH-0033_crossref.json","Discovery-only; not used in synthesis or an absence conclusion."
"A1DEF-0185","PHASE2A1-SEARCH-0033","2026-07-31","Crossref","Converse bounds for assorted codes in the finite blocklength regime","Yanina Y. Shkel; Vincent Y. F. Tan; Stark C. Draper","2013","10.1109/isit.2013.6620521","https://doi.org/10.1109/isit.2013.6620521","A1DEF-DUP-0165","FALSE_POSITIVE","Resolved at title/abstract/citation-context because the record was off-topic, application-specific, secondary, sequential-only, or methodologically redundant with a verified primary anchor; it was not retained and is not used to support a substantive or absence conclusion.","LEVEL_3_DISCOVERY","NOT_RETRIEVED","","","audit/phase2a1_raw_search_results/DEF/PHASE2A1-SEARCH-0033_crossref.json","Discovery-only; not used in synthesis or an absence conclusion."
"A1DEF-0186","PHASE2A1-SEARCH-0033","2026-07-31","Crossref","Finite Blocklength and Moderate Deviation Analysis of Hypothesis Testing of Correlated Quantum States and Application to Classical-Quantum Channels With Memory","Cambyse Rouze; Nilanjana Datta","2018","10.1109/tit.2017.2763975","https://doi.org/10.1109/tit.2017.2763975","A1DEF-DUP-0166","FALSE_POSITIVE","Resolved at title/abstract/citation-context because the record was off-topic, application-specific, secondary, sequential-only, or methodologically redundant with a verified primary anchor; it was not retained and is not used to support a substantive or absence conclusion.","LEVEL_3_DISCOVERY","NOT_RETRIEVED","","","audit/phase2a1_raw_search_results/DEF/PHASE2A1-SEARCH-0033_crossref.json","Discovery-only; not used in synthesis or an absence conclusion."
"A1DEF-0187","PHASE2A1-SEARCH-0033","2026-07-31","Crossref","Multiple quantum hypothesis testing expressions and classical-quantum channel converse bounds","Gonzalo Vazquez-Vilar","2016","10.1109/isit.2016.7541820","https://doi.org/10.1109/isit.2016.7541820","A1DEF-DUP-0167","FALSE_POSITIVE","Resolved at title/abstract/citation-context because the record was off-topic, application-specific, secondary, sequential-only, or methodologically redundant with a verified primary anchor; it was not retained and is not used to support a substantive or absence conclusion.","LEVEL_3_DISCOVERY","NOT_RETRIEVED","","","audit/phase2a1_raw_search_results/DEF/PHASE2A1-SEARCH-0033_crossref.json","Discovery-only; not used in synthesis or an absence conclusion."
"A1DEF-0188","PHASE2A1-SEARCH-0033","2026-07-31","Crossref","Strong converses for group testing from finite blocklength results","Oliver Johnson","2017","10.1109/tit.2017.2697358","https://doi.org/10.1109/tit.2017.2697358","A1DEF-DUP-0168","FALSE_POSITIVE","Resolved at title/abstract/citation-context because the record was off-topic, application-specific, secondary, sequential-only, or methodologically redundant with a verified primary anchor; it was not retained and is not used to support a substantive or absence conclusion.","LEVEL_3_DISCOVERY","NOT_RETRIEVED","","","audit/phase2a1_raw_search_results/DEF/PHASE2A1-SEARCH-0033_crossref.json","Discovery-only; not used in synthesis or an absence conclusion."
"A1DEF-0189","PHASE2A1-SEARCH-0033","2026-07-31","Crossref","Hypothesis Testing","","2009","10.1017/cbo9780511806957.004","https://doi.org/10.1017/cbo9780511806957.004","A1DEF-DUP-0001","DUPLICATE","Duplicate occurrence of a record already dispositioned in this prospective ledger.","LEVEL_3_DISCOVERY","NOT_APPLICABLE","","","audit/phase2a1_raw_search_results/DEF/PHASE2A1-SEARCH-0033_crossref.json","Duplicate search occurrence; retained evidence is attached to the first occurrence."
"A1DEF-0190","PHASE2A1-SEARCH-0033","2026-07-31","Crossref","Strong Converse and Stein's Lemma in Quantum Hypothesis Testing","Tomohiro Ogawa; Hiroshi Nagaoka","2005","10.1142/9789812563071_0003","https://doi.org/10.1142/9789812563071_0003","A1DEF-DUP-0169","FALSE_POSITIVE","Resolved at title/abstract/citation-context because the record was off-topic, application-specific, secondary, sequential-only, or methodologically redundant with a verified primary anchor; it was not retained and is not used to support a substantive or absence conclusion.","LEVEL_3_DISCOVERY","NOT_RETRIEVED","","","audit/phase2a1_raw_search_results/DEF/PHASE2A1-SEARCH-0033_crossref.json","Discovery-only; not used in synthesis or an absence conclusion."
"A1DEF-0191","PHASE2A1-SEARCH-0033","2026-07-31","Crossref","The strong converse theorem for hypothesis testing","T.S. Han; K. Kobayashi","1989","10.1109/18.42188","https://doi.org/10.1109/18.42188","A1DEF-DUP-0170","FALSE_POSITIVE","Resolved at title/abstract/citation-context because the record was off-topic, application-specific, secondary, sequential-only, or methodologically redundant with a verified primary anchor; it was not retained and is not used to support a substantive or absence conclusion.","LEVEL_3_DISCOVERY","NOT_RETRIEVED","","","audit/phase2a1_raw_search_results/DEF/PHASE2A1-SEARCH-0033_crossref.json","Discovery-only; not used in synthesis or an absence conclusion."
"A1DEF-0192","PHASE2A1-SEARCH-0033","2026-07-31","Crossref","On the converse theorem in statistical hypothesis testing","K. Nakagawa; F. Kanaya","1993","10.1109/18.212293","https://doi.org/10.1109/18.212293","A1DEF-DUP-0171","FALSE_POSITIVE","Resolved at title/abstract/citation-context because the record was off-topic, application-specific, secondary, sequential-only, or methodologically redundant with a verified primary anchor; it was not retained and is not used to support a substantive or absence conclusion.","LEVEL_3_DISCOVERY","NOT_RETRIEVED","","","audit/phase2a1_raw_search_results/DEF/PHASE2A1-SEARCH-0033_crossref.json","Discovery-only; not used in synthesis or an absence conclusion."
"A1DEF-0193","PHASE2A1-SEARCH-0033","2026-07-31","Crossref","A strong converse bound for multiple hypothesis testing, with applications to high-dimensional estimation","Ramji Venkataramanan; Oliver Johnson","2018","10.1214/18-ejs1419","https://doi.org/10.1214/18-ejs1419","A1DEF-DUP-0123","DUPLICATE","Duplicate occurrence of a record already dispositioned in this prospective ledger.","LEVEL_3_DISCOVERY","NOT_APPLICABLE","","","audit/phase2a1_raw_search_results/DEF/PHASE2A1-SEARCH-0033_crossref.json","Duplicate search occurrence; retained evidence is attached to the first occurrence."
"A1DEF-0194","PHASE2A1-SEARCH-0033","2026-07-31","Crossref","A Strong Converse Theorem for Hypothesis Testing Against Independence over a Two-Hop Network","Daming Cao; Lin Zhou; Vincent Y. F. Tan","2019","10.3390/e21121171","https://doi.org/10.3390/e21121171","A1DEF-DUP-0172","FALSE_POSITIVE","Resolved at title/abstract/citation-context because the record was off-topic, application-specific, secondary, sequential-only, or methodologically redundant with a verified primary anchor; it was not retained and is not used to support a substantive or absence conclusion.","LEVEL_3_DISCOVERY","NOT_RETRIEVED","","","audit/phase2a1_raw_search_results/DEF/PHASE2A1-SEARCH-0033_crossref.json","Discovery-only; not used in synthesis or an absence conclusion."
"A1DEF-0195","PHASE2A1-SEARCH-0033","2026-07-31","Crossref","Strong converse and Stein's lemma in quantum hypothesis testing","H. Nagaoka; T. Ogawa","2000","10.1109/18.887855","https://doi.org/10.1109/18.887855","A1DEF-DUP-0173","FALSE_POSITIVE","Resolved at title/abstract/citation-context because the record was off-topic, application-specific, secondary, sequential-only, or methodologically redundant with a verified primary anchor; it was not retained and is not used to support a substantive or absence conclusion.","LEVEL_3_DISCOVERY","NOT_RETRIEVED","","","audit/phase2a1_raw_search_results/DEF/PHASE2A1-SEARCH-0033_crossref.json","Discovery-only; not used in synthesis or an absence conclusion."
"A1DEF-0196","PHASE2A1-SEARCH-0034","2026-07-31","OpenAlex","Lossless Source Coding in the Point-to-Point, Multiple Access, and Random Access Scenarios","Shuqing Chen; Michelle Effros; Victoria Kostina","2020","10.1109/tit.2020.3005155","https://openalex.org/W2914958448","A1DEF-DUP-0174","FALSE_POSITIVE","Resolved at title/abstract/citation-context because the record was off-topic, application-specific, secondary, sequential-only, or methodologically redundant with a verified primary anchor; it was not retained and is not used to support a substantive or absence conclusion.","LEVEL_3_DISCOVERY","NOT_RETRIEVED","","","audit/phase2a1_raw_search_results/DEF/PHASE2A1-SEARCH-0034_openalex.json","Discovery-only; not used in synthesis or an absence conclusion."
"A1DEF-0197","PHASE2A1-SEARCH-0034","2026-07-31","OpenAlex","A Hypothesis Testing Approach for Communication Over Entanglement-Assisted Compound Quantum Channel","Anurag Anshu; Rahul Jain; Naqueeb Ahmad Warsi","2018","10.1109/tit.2018.2876280","https://openalex.org/W2636034934","A1DEF-DUP-0175","FALSE_POSITIVE","Resolved at title/abstract/citation-context because the record was off-topic, application-specific, secondary, sequential-only, or methodologically redundant with a verified primary anchor; it was not retained and is not used to support a substantive or absence conclusion.","LEVEL_3_DISCOVERY","NOT_RETRIEVED","","","audit/phase2a1_raw_search_results/DEF/PHASE2A1-SEARCH-0034_openalex.json","Discovery-only; not used in synthesis or an absence conclusion."
"A1DEF-0198","PHASE2A1-SEARCH-0034","2026-07-31","OpenAlex","Tight Asymptotic Bounds on Local Hypothesis Testing Between a Pure Bipartite State and the White Noise State","Masahito Hayashi; Masaki Owari","2017","10.1109/tit.2017.2687932","https://openalex.org/W2598086796","A1DEF-DUP-0176","FALSE_POSITIVE","Resolved at title/abstract/citation-context because the record was off-topic, application-specific, secondary, sequential-only, or methodologically redundant with a verified primary anchor; it was not retained and is not used to support a substantive or absence conclusion.","LEVEL_3_DISCOVERY","NOT_RETRIEVED","","","audit/phase2a1_raw_search_results/DEF/PHASE2A1-SEARCH-0034_openalex.json","Discovery-only; not used in synthesis or an absence conclusion."
"A1DEF-0199","PHASE2A1-SEARCH-0034","2026-07-31","OpenAlex","Converses from non-signalling codes and their relationship to converses from hypothesis testing","William Matthews","2016","10.3929/ethz-a-010645629","https://openalex.org/W2401078402","A1DEF-DUP-0177","FALSE_POSITIVE","Resolved at title/abstract/citation-context because the record was off-topic, application-specific, secondary, sequential-only, or methodologically redundant with a verified primary anchor; it was not retained and is not used to support a substantive or absence conclusion.","LEVEL_3_DISCOVERY","NOT_RETRIEVED","","","audit/phase2a1_raw_search_results/DEF/PHASE2A1-SEARCH-0034_openalex.json","Discovery-only; not used in synthesis or an absence conclusion."
"A1DEF-0200","PHASE2A1-SEARCH-0034","2026-07-31","OpenAlex","Explicit Performance Bound of Finite Blocklength Coded MIMO: Time-Domain versus Spatiotemporal Channel Coding","Feng Ye; Xiaohu You; Jiamin Li; Chen Ji; Chuan Zhang","2024","10.48550/arxiv.2406.13922","https://openalex.org/W4399911328","A1DEF-DUP-0178","FALSE_POSITIVE","Resolved at title/abstract/citation-context because the record was off-topic, application-specific, secondary, sequential-only, or methodologically redundant with a verified primary anchor; it was not retained and is not used to support a substantive or absence conclusion.","LEVEL_3_DISCOVERY","NOT_RETRIEVED","","","audit/phase2a1_raw_search_results/DEF/PHASE2A1-SEARCH-0034_openalex.json","Discovery-only; not used in synthesis or an absence conclusion."
"A1DEF-0201","PHASE2A1-SEARCH-0034","2026-07-31","OpenAlex","On Strong Converse Theorems for Quantum Hypothesis Testing and Channel Coding","Hao–Chung Cheng; Gao Li","2024","10.48550/arxiv.2403.13584","https://openalex.org/W4393063673","A1DEF-DUP-0179","FALSE_POSITIVE","Resolved at title/abstract/citation-context because the record was off-topic, application-specific, secondary, sequential-only, or methodologically redundant with a verified primary anchor; it was not retained and is not used to support a substantive or absence conclusion.","LEVEL_3_DISCOVERY","NOT_RETRIEVED","","","audit/phase2a1_raw_search_results/DEF/PHASE2A1-SEARCH-0034_openalex.json","Discovery-only; not used in synthesis or an absence conclusion."
"A1DEF-0202","PHASE2A1-SEARCH-0034","2026-07-31","OpenAlex","Semidefinite programming converse bounds for classical communication over quantum channels","Xin Wang; Wei Xie; Runyao Duan","2017","10.1109/isit.2017.8006825","https://openalex.org/W2743881328","A1DEF-DUP-0180","FALSE_POSITIVE","Resolved at title/abstract/citation-context because the record was off-topic, application-specific, secondary, sequential-only, or methodologically redundant with a verified primary anchor; it was not retained and is not used to support a substantive or absence conclusion.","LEVEL_3_DISCOVERY","NOT_RETRIEVED","","","audit/phase2a1_raw_search_results/DEF/PHASE2A1-SEARCH-0034_openalex.json","Discovery-only; not used in synthesis or an absence conclusion."
"A1DEF-0203","PHASE2A1-SEARCH-0034","2026-07-31","OpenAlex","Distributed Hypothesis Testing with Concurrent Detections","Pierre Escamilla; Michèle Wigger; Abdellatif Zaidi","2018","10.48550/arxiv.1805.06212","https://openalex.org/W2803790937","A1DEF-DUP-0181","FALSE_POSITIVE","Resolved at title/abstract/citation-context because the record was off-topic, application-specific, secondary, sequential-only, or methodologically redundant with a verified primary anchor; it was not retained and is not used to support a substantive or absence conclusion.","LEVEL_3_DISCOVERY","NOT_RETRIEVED","","","audit/phase2a1_raw_search_results/DEF/PHASE2A1-SEARCH-0034_openalex.json","Discovery-only; not used in synthesis or an absence conclusion."
"A1DEF-0204","PHASE2A1-SEARCH-0034","2026-07-31","OpenAlex","Finite-block-length analysis in classical and quantum information theory","Masahito HAYASHI","2017","10.2183/pjab.93.007","https://openalex.org/W2392161378","A1DEF-DUP-0182","FALSE_POSITIVE","Resolved at title/abstract/citation-context because the record was off-topic, application-specific, secondary, sequential-only, or methodologically redundant with a verified primary anchor; it was not retained and is not used to support a substantive or absence conclusion.","LEVEL_3_DISCOVERY","NOT_RETRIEVED","","","audit/phase2a1_raw_search_results/DEF/PHASE2A1-SEARCH-0034_openalex.json","Discovery-only; not used in synthesis or an absence conclusion."
"A1DEF-0205","PHASE2A1-SEARCH-0034","2026-07-31","OpenAlex","Resource theory of unextendibility and nonasymptotic quantum capacity","Eneet Kaur; Siddhartha Das; Mark M. Wilde; Andreas Winter","2021","10.1103/physreva.104.022401","https://openalex.org/W3188877029","A1DEF-DUP-0183","FALSE_POSITIVE","Resolved at title/abstract/citation-context because the record was off-topic, application-specific, secondary, sequential-only, or methodologically redundant with a verified primary anchor; it was not retained and is not used to support a substantive or absence conclusion.","LEVEL_3_DISCOVERY","NOT_RETRIEVED","","","audit/phase2a1_raw_search_results/DEF/PHASE2A1-SEARCH-0034_openalex.json","Discovery-only; not used in synthesis or an absence conclusion."
"A1DEF-0206","PHASE2A1-SEARCH-0034","2026-07-31","OpenAlex","A Survey on Error Exponents in Distributed Hypothesis Testing: Connections with Information Theory, Interpretations, and Applications","Sebastián Espinosa; Jorge F. Silva; Sandra Céspedes","2024","10.3390/e26070596","https://openalex.org/W4400578562","A1DEF-DUP-0184","FALSE_POSITIVE","Resolved at title/abstract/citation-context because the record was off-topic, application-specific, secondary, sequential-only, or methodologically redundant with a verified primary anchor; it was not retained and is not used to support a substantive or absence conclusion.","LEVEL_3_DISCOVERY","NOT_RETRIEVED","","","audit/phase2a1_raw_search_results/DEF/PHASE2A1-SEARCH-0034_openalex.json","Discovery-only; not used in synthesis or an absence conclusion."
"A1DEF-0207","PHASE2A1-SEARCH-0034","2026-07-31","OpenAlex","Secure Multiplex Coding With Dependent and Non-Uniform Multiple Messages","Masahito Hayashi; Ryutaroh Matsumoto","2016","10.1109/tit.2016.2530088","https://openalex.org/W2763740675","A1DEF-DUP-0185","FALSE_POSITIVE","Resolved at title/abstract/citation-context because the record was off-topic, application-specific, secondary, sequential-only, or methodologically redundant with a verified primary anchor; it was not retained and is not used to support a substantive or absence conclusion.","LEVEL_3_DISCOVERY","NOT_RETRIEVED","","","audit/phase2a1_raw_search_results/DEF/PHASE2A1-SEARCH-0034_openalex.json","Discovery-only; not used in synthesis or an absence conclusion."
"A1DEF-0208","PHASE2A1-SEARCH-0034","2026-07-31","OpenAlex","Quantum channel coding: Approximation algorithms and strong converse exponents","Aadil Oufkir; Mario Berta","2025","10.22331/q-2025-10-06-1877","https://openalex.org/W4414853649","A1DEF-DUP-0186","FALSE_POSITIVE","Resolved at title/abstract/citation-context because the record was off-topic, application-specific, secondary, sequential-only, or methodologically redundant with a verified primary anchor; it was not retained and is not used to support a substantive or absence conclusion.","LEVEL_3_DISCOVERY","NOT_RETRIEVED","","","audit/phase2a1_raw_search_results/DEF/PHASE2A1-SEARCH-0034_openalex.json","Discovery-only; not used in synthesis or an absence conclusion."
"A1DEF-0209","PHASE2A1-SEARCH-0034","2026-07-31","OpenAlex","Towards Massive, Ultra-Reliable, and Low-Latency Wireless Communication with Short Packets","Giuseppe Durisi; Tobias Koch; Petar Popovski","2015","10.48550/arxiv.1504.06526","https://openalex.org/W2951341240","A1DEF-DUP-0187","FALSE_POSITIVE","Resolved at title/abstract/citation-context because the record was off-topic, application-specific, secondary, sequential-only, or methodologically redundant with a verified primary anchor; it was not retained and is not used to support a substantive or absence conclusion.","LEVEL_3_DISCOVERY","NOT_RETRIEVED","","","audit/phase2a1_raw_search_results/DEF/PHASE2A1-SEARCH-0034_openalex.json","Discovery-only; not used in synthesis or an absence conclusion."
"A1DEF-0210","PHASE2A1-SEARCH-0034","2026-07-31","OpenAlex","How Deep the Theory of Quantum Communications Goes: Superadditivity, Superactivation and Causal Activation","Seid Koudia; Angela Sara Cacciapuoti; Kyrylo Simonov; Marcello Caleffi","2021","10.1109/comst.2022.3196449","https://openalex.org/W4287024319","A1DEF-DUP-0188","FALSE_POSITIVE","Resolved at title/abstract/citation-context because the record was off-topic, application-specific, secondary, sequential-only, or methodologically redundant with a verified primary anchor; it was not retained and is not used to support a substantive or absence conclusion.","LEVEL_3_DISCOVERY","NOT_RETRIEVED","","","audit/phase2a1_raw_search_results/DEF/PHASE2A1-SEARCH-0034_openalex.json","Discovery-only; not used in synthesis or an absence conclusion."
"A1DEF-0211","PHASE2A1-SEARCH-0035","2026-07-31","Crossref","Graphing Sample Distributions for Hypothesis Testing","","2021","10.4135/9781529630213.n2","https://doi.org/10.4135/9781529630213.n2","A1DEF-DUP-0002","DUPLICATE","Duplicate occurrence of a record already dispositioned in this prospective ledger.","LEVEL_3_DISCOVERY","NOT_APPLICABLE","","","audit/phase2a1_raw_search_results/DEF/PHASE2A1-SEARCH-0035_crossref.json","Duplicate search occurrence; retained evidence is attached to the first occurrence."
"A1DEF-0212","PHASE2A1-SEARCH-0035","2026-07-31","Crossref","Active Fixed-Sample-Size Hypothesis Testing via POMDP Value Function Lipschitz Bounds","Timothy L. Molloy; Girish N. Nair","2024","10.23919/acc60939.2024.10644574","https://doi.org/10.23919/acc60939.2024.10644574","A1DEF-DUP-0006","DUPLICATE","Duplicate occurrence of a record already dispositioned in this prospective ledger.","LEVEL_3_DISCOVERY","NOT_APPLICABLE","","","audit/phase2a1_raw_search_results/DEF/PHASE2A1-SEARCH-0035_crossref.json","Duplicate search occurrence; retained evidence is attached to the first occurrence."
"A1DEF-0213","PHASE2A1-SEARCH-0035","2026-07-31","Crossref","Sample Complexity of Locally Differentially Private Quantum Hypothesis Testing","Hao–Chung Cheng; Christoph Hirche; Cambyse Rouzé","2024","10.1109/isit57864.2024.10619433","https://doi.org/10.1109/isit57864.2024.10619433","A1DEF-DUP-0189","FALSE_POSITIVE","Resolved at title/abstract/citation-context because the record was off-topic, application-specific, secondary, sequential-only, or methodologically redundant with a verified primary anchor; it was not retained and is not used to support a substantive or absence conclusion.","LEVEL_3_DISCOVERY","NOT_RETRIEVED","","","audit/phase2a1_raw_search_results/DEF/PHASE2A1-SEARCH-0035_crossref.json","Discovery-only; not used in synthesis or an absence conclusion."
"A1DEF-0214","PHASE2A1-SEARCH-0035","2026-07-31","Crossref","Information acquisition, controlled sensing, and active hypothesis testing","Tara Javidi","2014","10.1109/iwcit.2014.6842495","https://doi.org/10.1109/iwcit.2014.6842495","A1DEF-DUP-0190","FALSE_POSITIVE","Resolved at title/abstract/citation-context because the record was off-topic, application-specific, secondary, sequential-only, or methodologically redundant with a verified primary anchor; it was not retained and is not used to support a substantive or absence conclusion.","LEVEL_3_DISCOVERY","NOT_RETRIEVED","","","audit/phase2a1_raw_search_results/DEF/PHASE2A1-SEARCH-0035_crossref.json","Discovery-only; not used in synthesis or an absence conclusion."
"A1DEF-0215","PHASE2A1-SEARCH-0035","2026-07-31","Crossref","Sample Size Determination for Bayesian Informative Hypothesis Testing","; Qianrao Fu","","10.33540/1221","https://doi.org/10.33540/1221","A1DEF-DUP-0005","DUPLICATE","Duplicate occurrence of a record already dispositioned in this prospective ledger.","LEVEL_3_DISCOVERY","NOT_APPLICABLE","","","audit/phase2a1_raw_search_results/DEF/PHASE2A1-SEARCH-0035_crossref.json","Duplicate search occurrence; retained evidence is attached to the first occurrence."
"A1DEF-0216","PHASE2A1-SEARCH-0035","2026-07-31","Crossref","Objective Bayesian Two Sample Hypothesis Testing for Online Controlled Experiments","Alex Deng","2015","10.1145/2740908.2742563","https://doi.org/10.1145/2740908.2742563","A1DEF-DUP-0191","FALSE_POSITIVE","Resolved at title/abstract/citation-context because the record was off-topic, application-specific, secondary, sequential-only, or methodologically redundant with a verified primary anchor; it was not retained and is not used to support a substantive or absence conclusion.","LEVEL_3_DISCOVERY","NOT_RETRIEVED","","","audit/phase2a1_raw_search_results/DEF/PHASE2A1-SEARCH-0035_crossref.json","Discovery-only; not used in synthesis or an absence conclusion."
"A1DEF-0217","PHASE2A1-SEARCH-0035","2026-07-31","Crossref","Objective Bayesian Two Sample Hypothesis Testing for Online Controlled Experiments","Alex Deng","2015","10.1145/2740908.2743062","https://doi.org/10.1145/2740908.2743062","A1DEF-DUP-0192","FALSE_POSITIVE","Resolved at title/abstract/citation-context because the record was off-topic, application-specific, secondary, sequential-only, or methodologically redundant with a verified primary anchor; it was not retained and is not used to support a substantive or absence conclusion.","LEVEL_3_DISCOVERY","NOT_RETRIEVED","","","audit/phase2a1_raw_search_results/DEF/PHASE2A1-SEARCH-0035_crossref.json","Discovery-only; not used in synthesis or an absence conclusion."
"A1DEF-0218","PHASE2A1-SEARCH-0035","2026-07-31","Crossref","Hypothesis Testing with One Sample","","2014","10.4324/9781315797564-13","https://doi.org/10.4324/9781315797564-13","A1DEF-DUP-0008","DUPLICATE","Duplicate occurrence of a record already dispositioned in this prospective ledger.","LEVEL_3_DISCOVERY","NOT_APPLICABLE","","","audit/phase2a1_raw_search_results/DEF/PHASE2A1-SEARCH-0035_crossref.json","Duplicate search occurrence; retained evidence is attached to the first occurrence."
"A1DEF-0219","PHASE2A1-SEARCH-0035","2026-07-31","Crossref","Controlled Sensing for Multi-Hypothesis Testing with Co-Dependent Actions","Javad Heydari; Ali Tajer","2018","10.1109/isit.2018.8437682","https://doi.org/10.1109/isit.2018.8437682","A1DEF-DUP-0193","FALSE_POSITIVE","Resolved at title/abstract/citation-context because the record was off-topic, application-specific, secondary, sequential-only, or methodologically redundant with a verified primary anchor; it was not retained and is not used to support a substantive or absence conclusion.","LEVEL_3_DISCOVERY","NOT_RETRIEVED","","","audit/phase2a1_raw_search_results/DEF/PHASE2A1-SEARCH-0035_crossref.json","Discovery-only; not used in synthesis or an absence conclusion."
"A1DEF-0220","PHASE2A1-SEARCH-0035","2026-07-31","Crossref","Hypothesis Testing and One-Sample t Tests","","2012","10.4135/9781071878989.n12","https://doi.org/10.4135/9781071878989.n12","A1DEF-DUP-0012","DUPLICATE","Duplicate occurrence of a record already dispositioned in this prospective ledger.","LEVEL_3_DISCOVERY","NOT_APPLICABLE","","","audit/phase2a1_raw_search_results/DEF/PHASE2A1-SEARCH-0035_crossref.json","Duplicate search occurrence; retained evidence is attached to the first occurrence."
"A1DEF-0221","PHASE2A1-SEARCH-0035","2026-07-31","Crossref","Hypothesis Testing","","2009","10.1017/cbo9780511806957.004","https://doi.org/10.1017/cbo9780511806957.004","A1DEF-DUP-0001","DUPLICATE","Duplicate occurrence of a record already dispositioned in this prospective ledger.","LEVEL_3_DISCOVERY","NOT_APPLICABLE","","","audit/phase2a1_raw_search_results/DEF/PHASE2A1-SEARCH-0035_crossref.json","Duplicate search occurrence; retained evidence is attached to the first occurrence."
"A1DEF-0222","PHASE2A1-SEARCH-0035","2026-07-31","Crossref","Sample Size and Hypothesis Testing","","2023","10.1002/9781119800002.ch14","https://doi.org/10.1002/9781119800002.ch14","A1DEF-DUP-0007","DUPLICATE","Duplicate occurrence of a record already dispositioned in this prospective ledger.","LEVEL_3_DISCOVERY","NOT_APPLICABLE","","","audit/phase2a1_raw_search_results/DEF/PHASE2A1-SEARCH-0035_crossref.json","Duplicate search occurrence; retained evidence is attached to the first occurrence."
"A1DEF-0223","PHASE2A1-SEARCH-0035","2026-07-31","Crossref","Controlled sensing for hypothesis testing","Sirin Nitinawarat; George K. Atia; Venugopal V. Veeravalli","2012","10.1109/icassp.2012.6289111","https://doi.org/10.1109/icassp.2012.6289111","A1DEF-DUP-0194","FALSE_POSITIVE","Resolved at title/abstract/citation-context because the record was off-topic, application-specific, secondary, sequential-only, or methodologically redundant with a verified primary anchor; it was not retained and is not used to support a substantive or absence conclusion.","LEVEL_3_DISCOVERY","NOT_RETRIEVED","","","audit/phase2a1_raw_search_results/DEF/PHASE2A1-SEARCH-0035_crossref.json","Discovery-only; not used in synthesis or an absence conclusion."
"A1DEF-0224","PHASE2A1-SEARCH-0035","2026-07-31","Crossref","An invitation to the sample complexity of quantum hypothesis testing","Hao-Chung Cheng; Nilanjana Datta; Nana Liu; Theshani Nuradha; Robert Salzmann; Mark M. Wilde","2025","10.1038/s41534-025-00980-8","https://doi.org/10.1038/s41534-025-00980-8","A1DEF-DUP-0195","FALSE_POSITIVE","Resolved at title/abstract/citation-context because the record was off-topic, application-specific, secondary, sequential-only, or methodologically redundant with a verified primary anchor; it was not retained and is not used to support a substantive or absence conclusion.","LEVEL_3_DISCOVERY","NOT_RETRIEVED","","","audit/phase2a1_raw_search_results/DEF/PHASE2A1-SEARCH-0035_crossref.json","Discovery-only; not used in synthesis or an absence conclusion."
"A1DEF-0225","PHASE2A1-SEARCH-0035","2026-07-31","Crossref","Large Sample Hypothesis Testing","Anthony Almudevar","2021","10.1201/9781003049340-14","https://doi.org/10.1201/9781003049340-14","A1DEF-DUP-0015","DUPLICATE","Duplicate occurrence of a record already dispositioned in this prospective ledger.","LEVEL_3_DISCOVERY","NOT_APPLICABLE","","","audit/phase2a1_raw_search_results/DEF/PHASE2A1-SEARCH-0035_crossref.json","Duplicate search occurrence; retained evidence is attached to the first occurrence."
"A1DEF-0226","PHASE2A1-SEARCH-0036","2026-07-31","OpenAlex","Bayesian computation: a summary of the current state, and samples backwards and forwards","Peter J. Green; Krzysztof Łatuszyński; Marcelo Pereyra; Christian P. Robert","2015","10.1007/s11222-015-9574-5","https://openalex.org/W639587122","A1DEF-DUP-0196","FALSE_POSITIVE","Resolved at title/abstract/citation-context because the record was off-topic, application-specific, secondary, sequential-only, or methodologically redundant with a verified primary anchor; it was not retained and is not used to support a substantive or absence conclusion.","LEVEL_3_DISCOVERY","NOT_RETRIEVED","","","audit/phase2a1_raw_search_results/DEF/PHASE2A1-SEARCH-0036_openalex.json","Discovery-only; not used in synthesis or an absence conclusion."
"A1DEF-0227","PHASE2A1-SEARCH-0036","2026-07-31","OpenAlex","Computational advantage of quantum random sampling","Dominik Hangleiter; Jens Eisert","2023","10.1103/revmodphys.95.035001","https://openalex.org/W4384935381","A1DEF-DUP-0197","FALSE_POSITIVE","Resolved at title/abstract/citation-context because the record was off-topic, application-specific, secondary, sequential-only, or methodologically redundant with a verified primary anchor; it was not retained and is not used to support a substantive or absence conclusion.","LEVEL_3_DISCOVERY","NOT_RETRIEVED","","","audit/phase2a1_raw_search_results/DEF/PHASE2A1-SEARCH-0036_openalex.json","Discovery-only; not used in synthesis or an absence conclusion."
"A1DEF-0228","PHASE2A1-SEARCH-0036","2026-07-31","OpenAlex","The Origins of Eukaryotic Gene Structure","Michael Lynch","2005","10.1093/molbev/msj050","https://openalex.org/W2143470360","A1DEF-DUP-0198","FALSE_POSITIVE","Resolved at title/abstract/citation-context because the record was off-topic, application-specific, secondary, sequential-only, or methodologically redundant with a verified primary anchor; it was not retained and is not used to support a substantive or absence conclusion.","LEVEL_3_DISCOVERY","NOT_RETRIEVED","","","audit/phase2a1_raw_search_results/DEF/PHASE2A1-SEARCH-0036_openalex.json","Discovery-only; not used in synthesis or an absence conclusion."
"A1DEF-0229","PHASE2A1-SEARCH-0036","2026-07-31","OpenAlex","Adaptive Sensing for Estimation of Structured Sparse Signals","Rui M. Castro; Ervin Tánczos","2015","10.1109/tit.2015.2396917","https://openalex.org/W2017096395","A1DEF-DUP-0199","FALSE_POSITIVE","Resolved at title/abstract/citation-context because the record was off-topic, application-specific, secondary, sequential-only, or methodologically redundant with a verified primary anchor; it was not retained and is not used to support a substantive or absence conclusion.","LEVEL_3_DISCOVERY","NOT_RETRIEVED","","","audit/phase2a1_raw_search_results/DEF/PHASE2A1-SEARCH-0036_openalex.json","Discovery-only; not used in synthesis or an absence conclusion."
"A1DEF-0230","PHASE2A1-SEARCH-0036","2026-07-31","OpenAlex","Optimal Nested Test Plan for Combinatorial Quantitative Group Testing","Chao Wang; Qing Zhao; Chen‐Nee Chuah","2017","10.1109/tsp.2017.2780053","https://openalex.org/W2962970366","A1DEF-DUP-0200","FALSE_POSITIVE","Resolved at title/abstract/citation-context because the record was off-topic, application-specific, secondary, sequential-only, or methodologically redundant with a verified primary anchor; it was not retained and is not used to support a substantive or absence conclusion.","LEVEL_3_DISCOVERY","NOT_RETRIEVED","","","audit/phase2a1_raw_search_results/DEF/PHASE2A1-SEARCH-0036_openalex.json","Discovery-only; not used in synthesis or an absence conclusion."
"A1DEF-0231","PHASE2A1-SEARCH-0036","2026-07-31","OpenAlex","Detection of Correlations With Adaptive Sensing","Rui Castro; Gábor Lugosi; Pierre-André Savalle","2014","10.1109/tit.2014.2364713","https://openalex.org/W2024011275","A1DEF-DUP-0201","FALSE_POSITIVE","Resolved at title/abstract/citation-context because the record was off-topic, application-specific, secondary, sequential-only, or methodologically redundant with a verified primary anchor; it was not retained and is not used to support a substantive or absence conclusion.","LEVEL_3_DISCOVERY","NOT_RETRIEVED","","","audit/phase2a1_raw_search_results/DEF/PHASE2A1-SEARCH-0036_openalex.json","Discovery-only; not used in synthesis or an absence conclusion."
"A1DEF-0232","PHASE2A1-SEARCH-0036","2026-07-31","OpenAlex","Gas source localization and mapping with mobile robots: A review","Adam Francis; Shuai Li; C. A. Griffiths; Johann Sienz","2022","10.1002/rob.22109","https://openalex.org/W4286215669","A1DEF-DUP-0202","FALSE_POSITIVE","Resolved at title/abstract/citation-context because the record was off-topic, application-specific, secondary, sequential-only, or methodologically redundant with a verified primary anchor; it was not retained and is not used to support a substantive or absence conclusion.","LEVEL_3_DISCOVERY","NOT_RETRIEVED","","","audit/phase2a1_raw_search_results/DEF/PHASE2A1-SEARCH-0036_openalex.json","Discovery-only; not used in synthesis or an absence conclusion."
"A1DEF-0233","PHASE2A1-SEARCH-0036","2026-07-31","OpenAlex","Random Observations on Random Observations: Sparse Signal Acquisition and Processing","Mark A. Davenport","2010","https://openalex.org/W2150446607","https://openalex.org/W2150446607","A1DEF-DUP-0203","FALSE_POSITIVE","Resolved at title/abstract/citation-context because the record was off-topic, application-specific, secondary, sequential-only, or methodologically redundant with a verified primary anchor; it was not retained and is not used to support a substantive or absence conclusion.","LEVEL_3_DISCOVERY","NOT_RETRIEVED","","","audit/phase2a1_raw_search_results/DEF/PHASE2A1-SEARCH-0036_openalex.json","Discovery-only; not used in synthesis or an absence conclusion."
"A1DEF-0234","PHASE2A1-SEARCH-0036","2026-07-31","OpenAlex","Active Learning and Adaptive Sampling for Non-Parametric Inference","Rui Castro","2007","https://openalex.org/W1529387951","https://openalex.org/W1529387951","A1DEF-DUP-0204","FALSE_POSITIVE","Resolved at title/abstract/citation-context because the record was off-topic, application-specific, secondary, sequential-only, or methodologically redundant with a verified primary anchor; it was not retained and is not used to support a substantive or absence conclusion.","LEVEL_3_DISCOVERY","NOT_RETRIEVED","","","audit/phase2a1_raw_search_results/DEF/PHASE2A1-SEARCH-0036_openalex.json","Discovery-only; not used in synthesis or an absence conclusion."
"A1DEF-0235","PHASE2A1-SEARCH-0036","2026-07-31","OpenAlex","Adaptive, Rate-Optimal Hypothesis Testing in Nonparametric IV Models","Christoph Breunig; Chen, Xiaohong","2020","10.48550/arxiv.2006.09587","https://openalex.org/W4226017885","A1DEF-DUP-0205","FALSE_POSITIVE","Resolved at title/abstract/citation-context because the record was off-topic, application-specific, secondary, sequential-only, or methodologically redundant with a verified primary anchor; it was not retained and is not used to support a substantive or absence conclusion.","LEVEL_3_DISCOVERY","NOT_RETRIEVED","","","audit/phase2a1_raw_search_results/DEF/PHASE2A1-SEARCH-0036_openalex.json","Discovery-only; not used in synthesis or an absence conclusion."
"A1DEF-0236","PHASE2A1-SEARCH-0036","2026-07-31","OpenAlex","Heterogeneity Aware Two-Stage Group Testing","Mohamed Adel Attia; Wei-Ting Chang; Ravi Tandon","2021","10.1109/tsp.2021.3093785","https://openalex.org/W3187207807","A1DEF-DUP-0206","FALSE_POSITIVE","Resolved at title/abstract/citation-context because the record was off-topic, application-specific, secondary, sequential-only, or methodologically redundant with a verified primary anchor; it was not retained and is not used to support a substantive or absence conclusion.","LEVEL_3_DISCOVERY","NOT_RETRIEVED","","","audit/phase2a1_raw_search_results/DEF/PHASE2A1-SEARCH-0036_openalex.json","Discovery-only; not used in synthesis or an absence conclusion."
"A1DEF-0237","PHASE2A1-SEARCH-0036","2026-07-31","OpenAlex","Guilt-free data reuse","Cynthia Dwork; Vitaly Feldman; Moritz Hardt; Toniann Pitassi; Omer Reingold; Aaron Roth","2017","10.1145/3051088","https://openalex.org/W2602562802","A1DEF-DUP-0207","FALSE_POSITIVE","Resolved at title/abstract/citation-context because the record was off-topic, application-specific, secondary, sequential-only, or methodologically redundant with a verified primary anchor; it was not retained and is not used to support a substantive or absence conclusion.","LEVEL_3_DISCOVERY","NOT_RETRIEVED","","","audit/phase2a1_raw_search_results/DEF/PHASE2A1-SEARCH-0036_openalex.json","Discovery-only; not used in synthesis or an absence conclusion."
"A1DEF-0238","PHASE2A1-SEARCH-0036","2026-07-31","OpenAlex","Optimal high-dimensional and nonparametric distributed testing under communication constraints","Botond Szabó; Lasse Vuursteen; Harry van Zanten","2023","10.1214/23-aos2269","https://openalex.org/W4386035725","A1DEF-DUP-0208","FALSE_POSITIVE","Resolved at title/abstract/citation-context because the record was off-topic, application-specific, secondary, sequential-only, or methodologically redundant with a verified primary anchor; it was not retained and is not used to support a substantive or absence conclusion.","LEVEL_3_DISCOVERY","NOT_RETRIEVED","","","audit/phase2a1_raw_search_results/DEF/PHASE2A1-SEARCH-0036_openalex.json","Discovery-only; not used in synthesis or an absence conclusion."
"A1DEF-0239","PHASE2A1-SEARCH-0036","2026-07-31","OpenAlex","Symbiogenesis, gradualism, and mitochondrial energy in eukaryote origin","William Martin","2017","10.18054/pb.v119i3.5694","https://openalex.org/W2765889724","A1DEF-DUP-0209","FALSE_POSITIVE","Resolved at title/abstract/citation-context because the record was off-topic, application-specific, secondary, sequential-only, or methodologically redundant with a verified primary anchor; it was not retained and is not used to support a substantive or absence conclusion.","LEVEL_3_DISCOVERY","NOT_RETRIEVED","","","audit/phase2a1_raw_search_results/DEF/PHASE2A1-SEARCH-0036_openalex.json","Discovery-only; not used in synthesis or an absence conclusion."
"A1DEF-0240","PHASE2A1-SEARCH-0036","2026-07-31","OpenAlex","Territoriality in non-breeding shorebirds","J. P. Myers; Peter G. Connors; Frank A. Pitelka","1979","https://openalex.org/W1493812546","https://openalex.org/W1493812546","A1DEF-DUP-0210","FALSE_POSITIVE","Resolved at title/abstract/citation-context because the record was off-topic, application-specific, secondary, sequential-only, or methodologically redundant with a verified primary anchor; it was not retained and is not used to support a substantive or absence conclusion.","LEVEL_3_DISCOVERY","NOT_RETRIEVED","","","audit/phase2a1_raw_search_results/DEF/PHASE2A1-SEARCH-0036_openalex.json","Discovery-only; not used in synthesis or an absence conclusion."
"A1DEF-0241","PHASE2A1-SEARCH-0037","2026-07-31","OpenAlex","<i>P</i> Values Maximized Over a Confidence Set for the Nuisance Parameter","Roger L. Berger; Dennis D. Boos","1994","10.1080/01621459.1994.10476836","https://openalex.org/W2055708265","A1DEF-DUP-0059","DUPLICATE","Duplicate occurrence of a record already dispositioned in this prospective ledger.","LEVEL_3_DISCOVERY","NOT_APPLICABLE","","","audit/phase2a1_raw_search_results/DEF/PHASE2A1-SEARCH-0037_bergerboos_anchor_openalex.json","Duplicate search occurrence; retained evidence is attached to the first occurrence."
"A1DEF-0242","PHASE2A1-SEARCH-0037","2026-07-31","OpenAlex","Statistical Inference","George Casella; Roger L. Berger","1993","10.1201/9781003456285","https://openalex.org/W2799002609","A1DEF-DUP-0211","FALSE_POSITIVE","Resolved at title/abstract/citation-context because the record was off-topic, application-specific, secondary, sequential-only, or methodologically redundant with a verified primary anchor; it was not retained and is not used to support a substantive or absence conclusion.","LEVEL_3_DISCOVERY","NOT_RETRIEVED","","","audit/phase2a1_raw_search_results/DEF/PHASE2A1-SEARCH-0037_bergerboos_backward_openalex.json","Discovery-only; not used in synthesis or an absence conclusion."
"A1DEF-0243","PHASE2A1-SEARCH-0037","2026-07-31","OpenAlex","Mathematical Statistics: Basic Ideas and Selected Topics.","Kenneth W. Wachter; Peter J. Bickel; Kjell A. Doksum","1979","10.2307/2286373","https://openalex.org/W1967573895","A1DEF-DUP-0212","FALSE_POSITIVE","Resolved at title/abstract/citation-context because the record was off-topic, application-specific, secondary, sequential-only, or methodologically redundant with a verified primary anchor; it was not retained and is not used to support a substantive or absence conclusion.","LEVEL_3_DISCOVERY","NOT_RETRIEVED","","","audit/phase2a1_raw_search_results/DEF/PHASE2A1-SEARCH-0037_bergerboos_backward_openalex.json","Discovery-only; not used in synthesis or an absence conclusion."
"A1DEF-0244","PHASE2A1-SEARCH-0037","2026-07-31","OpenAlex","A Suggestion for Using Powerful and Informative Tests of Normality","Ralph B. D’Agostino; Albert J. Belanger; Ralph B. D’Agostino","1990","10.1080/00031305.1990.10475751","https://openalex.org/W1975107026","A1DEF-DUP-0213","FALSE_POSITIVE","Resolved at title/abstract/citation-context because the record was off-topic, application-specific, secondary, sequential-only, or methodologically redundant with a verified primary anchor; it was not retained and is not used to support a substantive or absence conclusion.","LEVEL_3_DISCOVERY","NOT_RETRIEVED","","","audit/phase2a1_raw_search_results/DEF/PHASE2A1-SEARCH-0037_bergerboos_backward_openalex.json","Discovery-only; not used in synthesis or an absence conclusion."
"A1DEF-0245","PHASE2A1-SEARCH-0037","2026-07-31","OpenAlex","A Comparative Study of Tests for Homogeneity of Variances, with Applications to the Outer Continental Shelf Bidding Data","W. J. Conover; M. Johnson; Myrle M. Johnson","1981","10.1080/00401706.1981.10487680","https://openalex.org/W1987122296","A1DEF-DUP-0214","FALSE_POSITIVE","Resolved at title/abstract/citation-context because the record was off-topic, application-specific, secondary, sequential-only, or methodologically redundant with a verified primary anchor; it was not retained and is not used to support a substantive or absence conclusion.","LEVEL_3_DISCOVERY","NOT_RETRIEVED","","","audit/phase2a1_raw_search_results/DEF/PHASE2A1-SEARCH-0037_bergerboos_backward_openalex.json","Discovery-only; not used in synthesis or an absence conclusion."
"A1DEF-0246","PHASE2A1-SEARCH-0037","2026-07-31","OpenAlex","Introduction to the Theory of Nonparametric Statistics.","John Haigh; Ronald H. Randles; Douglas A. Wolfe","1980","10.2307/2982149","https://openalex.org/W2991365975","A1DEF-DUP-0215","FALSE_POSITIVE","Resolved at title/abstract/citation-context because the record was off-topic, application-specific, secondary, sequential-only, or methodologically redundant with a verified primary anchor; it was not retained and is not used to support a substantive or absence conclusion.","LEVEL_3_DISCOVERY","NOT_RETRIEVED","","","audit/phase2a1_raw_search_results/DEF/PHASE2A1-SEARCH-0037_bergerboos_backward_openalex.json","Discovery-only; not used in synthesis or an absence conclusion."
"A1DEF-0247","PHASE2A1-SEARCH-0037","2026-07-31","OpenAlex","Generalized <i>p</i> -Values in Significance Testing of Hypotheses in the Presence of Nuisance Parameters","Kam‐Wah Tsui; Samaradasa Weerahandi","1989","10.1080/01621459.1989.10478810","https://openalex.org/W1982256346","A1DEF-DUP-0216","FALSE_POSITIVE","Resolved at title/abstract/citation-context because the record was off-topic, application-specific, secondary, sequential-only, or methodologically redundant with a verified primary anchor; it was not retained and is not used to support a substantive or absence conclusion.","LEVEL_3_DISCOVERY","NOT_RETRIEVED","","","audit/phase2a1_raw_search_results/DEF/PHASE2A1-SEARCH-0037_bergerboos_backward_openalex.json","Discovery-only; not used in synthesis or an absence conclusion."
"A1DEF-0248","PHASE2A1-SEARCH-0037","2026-07-31","OpenAlex","Welch's Approximate Solution for the Behrens-Fisher Problem","D. J. Best; J. C. W. Rayner","1987","10.2307/1269775","https://openalex.org/W1980104166","A1DEF-DUP-0217","FALSE_POSITIVE","Resolved at title/abstract/citation-context because the record was off-topic, application-specific, secondary, sequential-only, or methodologically redundant with a verified primary anchor; it was not retained and is not used to support a substantive or absence conclusion.","LEVEL_3_DISCOVERY","NOT_RETRIEVED","","","audit/phase2a1_raw_search_results/DEF/PHASE2A1-SEARCH-0037_bergerboos_backward_openalex.json","Discovery-only; not used in synthesis or an absence conclusion."
"A1DEF-0249","PHASE2A1-SEARCH-0037","2026-07-31","OpenAlex","Teratogenic effect of calcium edetate (CaEDTA) in rats and the protective effect of zinc","C. Brownie; C. Brownie; Drew M. Noden; L Krook; M. Haluska; Arthur L. Aronson","1986","10.1016/0041-008x(86)90278-4","https://openalex.org/W1986132499","A1DEF-DUP-0218","FALSE_POSITIVE","Resolved at title/abstract/citation-context because the record was off-topic, application-specific, secondary, sequential-only, or methodologically redundant with a verified primary anchor; it was not retained and is not used to support a substantive or absence conclusion.","LEVEL_3_DISCOVERY","NOT_RETRIEVED","","","audit/phase2a1_raw_search_results/DEF/PHASE2A1-SEARCH-0037_bergerboos_backward_openalex.json","Discovery-only; not used in synthesis or an absence conclusion."
"A1DEF-0250","PHASE2A1-SEARCH-0037","2026-07-31","OpenAlex","Salmonellosis Associated with Marijuana","David N. Taylor; I K Wachsmuth; Y.‐H. Shangkuan; Emmett V. Schmidt; Timothy J. Barrett; Janice S. Schrader; Charlene S. Scherach; Harry B. McGee; Roger A. Feldman; D J Brenner","1982","10.1056/nejm198205273062101","https://openalex.org/W2332903160","A1DEF-DUP-0219","FALSE_POSITIVE","Resolved at title/abstract/citation-context because the record was off-topic, application-specific, secondary, sequential-only, or methodologically redundant with a verified primary anchor; it was not retained and is not used to support a substantive or absence conclusion.","LEVEL_3_DISCOVERY","NOT_RETRIEVED","","","audit/phase2a1_raw_search_results/DEF/PHASE2A1-SEARCH-0037_bergerboos_backward_openalex.json","Discovery-only; not used in synthesis or an absence conclusion."
"A1DEF-0251","PHASE2A1-SEARCH-0037","2026-07-31","OpenAlex","Exact Properties of Some Exact Test Statistics for Comparing Two Binomial Proportions","Barry E. Storer; Choongrak Kim","1990","10.1080/01621459.1990.10475318","https://openalex.org/W2083770412","A1DEF-DUP-0220","FALSE_POSITIVE","Resolved at title/abstract/citation-context because the record was off-topic, application-specific, secondary, sequential-only, or methodologically redundant with a verified primary anchor; it was not retained and is not used to support a substantive or absence conclusion.","LEVEL_3_DISCOVERY","NOT_RETRIEVED","","","audit/phase2a1_raw_search_results/DEF/PHASE2A1-SEARCH-0037_bergerboos_backward_openalex.json","Discovery-only; not used in synthesis or an absence conclusion."
"A1DEF-0252","PHASE2A1-SEARCH-0037","2026-07-31","OpenAlex","Statistical Inference","","1990","10.1093/oso/9780198555520.003.0001","https://openalex.org/W4388295198","A1DEF-DUP-0221","FALSE_POSITIVE","Resolved at title/abstract/citation-context because the record was off-topic, application-specific, secondary, sequential-only, or methodologically redundant with a verified primary anchor; it was not retained and is not used to support a substantive or absence conclusion.","LEVEL_3_DISCOVERY","NOT_RETRIEVED","","","audit/phase2a1_raw_search_results/DEF/PHASE2A1-SEARCH-0037_bergerboos_backward_openalex.json","Discovery-only; not used in synthesis or an absence conclusion."
"A1DEF-0253","PHASE2A1-SEARCH-0037","2026-07-31","OpenAlex","THE COMPARISON OF SAMPLES WITH POSSIBLY UNEQUAL VARIANCES","Ronald Aylmer Fisher","1939","10.1111/j.1469-1809.1939.tb02205.x","https://openalex.org/W1977577267","A1DEF-DUP-0222","FALSE_POSITIVE","Resolved at title/abstract/citation-context because the record was off-topic, application-specific, secondary, sequential-only, or methodologically redundant with a verified primary anchor; it was not retained and is not used to support a substantive or absence conclusion.","LEVEL_3_DISCOVERY","NOT_RETRIEVED","","","audit/phase2a1_raw_search_results/DEF/PHASE2A1-SEARCH-0037_bergerboos_backward_openalex.json","Discovery-only; not used in synthesis or an absence conclusion."
"A1DEF-0254","PHASE2A1-SEARCH-0037","2026-07-31","OpenAlex","Comparing the Means of Two Independent Samples","G. A. Barnard","1984","10.2307/2347702","https://openalex.org/W2514544919","A1DEF-DUP-0223","FALSE_POSITIVE","Resolved at title/abstract/citation-context because the record was off-topic, application-specific, secondary, sequential-only, or methodologically redundant with a verified primary anchor; it was not retained and is not used to support a substantive or absence conclusion.","LEVEL_3_DISCOVERY","NOT_RETRIEVED","","","audit/phase2a1_raw_search_results/DEF/PHASE2A1-SEARCH-0037_bergerboos_backward_openalex.json","Discovery-only; not used in synthesis or an absence conclusion."
"A1DEF-0255","PHASE2A1-SEARCH-0037","2026-07-31","OpenAlex","Resampling from centered data in the two-sample problem","Denni D Boos; Paul Janssen; Noël Veraverbeke","1989","10.1016/0378-3758(89)90051-7","https://openalex.org/W2056356823","A1DEF-DUP-0224","FALSE_POSITIVE","Resolved at title/abstract/citation-context because the record was off-topic, application-specific, secondary, sequential-only, or methodologically redundant with a verified primary anchor; it was not retained and is not used to support a substantive or absence conclusion.","LEVEL_3_DISCOVERY","NOT_RETRIEVED","","","audit/phase2a1_raw_search_results/DEF/PHASE2A1-SEARCH-0037_bergerboos_backward_openalex.json","Discovery-only; not used in synthesis or an absence conclusion."
"A1DEF-0256","PHASE2A1-SEARCH-0037","2026-07-31","OpenAlex","Properties of Students $t$ and of the Behrens-Fisher Solution to the Two Means Problem","G. K. Robinson","1976","10.1214/aos/1176343594","https://openalex.org/W2020228603","A1DEF-DUP-0225","FALSE_POSITIVE","Resolved at title/abstract/citation-context because the record was off-topic, application-specific, secondary, sequential-only, or methodologically redundant with a verified primary anchor; it was not retained and is not used to support a substantive or absence conclusion.","LEVEL_3_DISCOVERY","NOT_RETRIEVED","","","audit/phase2a1_raw_search_results/DEF/PHASE2A1-SEARCH-0037_bergerboos_backward_openalex.json","Discovery-only; not used in synthesis or an absence conclusion."
"A1DEF-0257","PHASE2A1-SEARCH-0037","2026-07-31","OpenAlex","A Note on the Wilcoxon-Mann-Whitney Test for 2 x k Ordered Tables","John D. Emerson; Lincoln E. Moses","1985","10.2307/2530667","https://openalex.org/W2321437396","A1DEF-DUP-0226","FALSE_POSITIVE","Resolved at title/abstract/citation-context because the record was off-topic, application-specific, secondary, sequential-only, or methodologically redundant with a verified primary anchor; it was not retained and is not used to support a substantive or absence conclusion.","LEVEL_3_DISCOVERY","NOT_RETRIEVED","","","audit/phase2a1_raw_search_results/DEF/PHASE2A1-SEARCH-0037_bergerboos_backward_openalex.json","Discovery-only; not used in synthesis or an absence conclusion."
"A1DEF-0258","PHASE2A1-SEARCH-0037","2026-07-31","OpenAlex","Welch's Approximate Solution for the Behrens–Fisher Problem","D. J. Best; J. C. W. Rayner","1987","10.1080/00401706.1987.10488211","https://openalex.org/W4231562469","A1DEF-DUP-0227","FALSE_POSITIVE","Resolved at title/abstract/citation-context because the record was off-topic, application-specific, secondary, sequential-only, or methodologically redundant with a verified primary anchor; it was not retained and is not used to support a substantive or absence conclusion.","LEVEL_3_DISCOVERY","NOT_RETRIEVED","","","audit/phase2a1_raw_search_results/DEF/PHASE2A1-SEARCH-0037_bergerboos_backward_openalex.json","Discovery-only; not used in synthesis or an absence conclusion."
"A1DEF-0259","PHASE2A1-SEARCH-0037","2026-07-31","OpenAlex","Asymptotic normality of u-statistics based on trimmed samples","Paul Janssen; Robert Serfling; Noël Veraverbeke","1987","10.1016/0378-3758(87)90056-5","https://openalex.org/W2004301828","A1DEF-DUP-0228","FALSE_POSITIVE","Resolved at title/abstract/citation-context because the record was off-topic, application-specific, secondary, sequential-only, or methodologically redundant with a verified primary anchor; it was not retained and is not used to support a substantive or absence conclusion.","LEVEL_3_DISCOVERY","NOT_RETRIEVED","","","audit/phase2a1_raw_search_results/DEF/PHASE2A1-SEARCH-0037_bergerboos_backward_openalex.json","Discovery-only; not used in synthesis or an absence conclusion."
"A1DEF-0260","PHASE2A1-SEARCH-0037","2026-07-31","OpenAlex","Introduction to the theory of nonparametric statistics","Ronald H. Randles; Douglas A. Wolfe","1979","https://openalex.org/W1972019717","https://openalex.org/W1972019717","A1DEF-DUP-0229","FALSE_POSITIVE","Resolved at title/abstract/citation-context because the record was off-topic, application-specific, secondary, sequential-only, or methodologically redundant with a verified primary anchor; it was not retained and is not used to support a substantive or absence conclusion.","LEVEL_3_DISCOVERY","NOT_RETRIEVED","","","audit/phase2a1_raw_search_results/DEF/PHASE2A1-SEARCH-0037_bergerboos_backward_openalex.json","Discovery-only; not used in synthesis or an absence conclusion."
"A1DEF-0261","PHASE2A1-SEARCH-0037","2026-07-31","OpenAlex","Wilcoxon-Mann-Whitney or t-test? On assumptions for hypothesis tests and multiple interpretations of decision rules","Michael P. Fay; Michael A. Proschan","2010","10.1214/09-ss051","https://openalex.org/W1974828111","A1DEF-DUP-0017","DUPLICATE","Duplicate occurrence of a record already dispositioned in this prospective ledger.","LEVEL_3_DISCOVERY","NOT_APPLICABLE","","","audit/phase2a1_raw_search_results/DEF/PHASE2A1-SEARCH-0037_bergerboos_forward_openalex.json","Duplicate search occurrence; retained evidence is attached to the first occurrence."
"A1DEF-0262","PHASE2A1-SEARCH-0037","2026-07-31","OpenAlex","Properties of statistical tests of neutrality for DNA polymorphism data.","Katy L. Simonsen; Gary A. Churchill; Charles F. Aquadro","1995","10.1093/genetics/141.1.413","https://openalex.org/W2113420705","A1DEF-DUP-0079","DUPLICATE","Duplicate occurrence of a record already dispositioned in this prospective ledger.","LEVEL_3_DISCOVERY","NOT_APPLICABLE","","","audit/phase2a1_raw_search_results/DEF/PHASE2A1-SEARCH-0037_bergerboos_forward_openalex.json","Duplicate search occurrence; retained evidence is attached to the first occurrence."
"A1DEF-0263","PHASE2A1-SEARCH-0037","2026-07-31","OpenAlex","Fluconazole Prophylaxis against Fungal Colonization and Infection in Preterm Infants","David Kaufman; Robert Boyle; Kevin C. Hazen; James T. Patrie; Melinda Robinson; Leigh G. Donowitz","2001","10.1056/nejmoa010494","https://openalex.org/W2016673581","A1DEF-DUP-0230","FALSE_POSITIVE","Resolved at title/abstract/citation-context because the record was off-topic, application-specific, secondary, sequential-only, or methodologically redundant with a verified primary anchor; it was not retained and is not used to support a substantive or absence conclusion.","LEVEL_3_DISCOVERY","NOT_RETRIEVED","","","audit/phase2a1_raw_search_results/DEF/PHASE2A1-SEARCH-0037_bergerboos_forward_openalex.json","Discovery-only; not used in synthesis or an absence conclusion."
"A1DEF-0264","PHASE2A1-SEARCH-0037","2026-07-31","OpenAlex","Valid <i>P</i> -Values Behave Exactly as They Should: Some Misleading Criticisms of <i>P</i> -Values and Their Resolution With <i>S</i> -Values","Sander Greenland","2019","10.1080/00031305.2018.1529625","https://openalex.org/W2923919911","A1DEF-DUP-0231","FALSE_POSITIVE","Resolved at title/abstract/citation-context because the record was off-topic, application-specific, secondary, sequential-only, or methodologically redundant with a verified primary anchor; it was not retained and is not used to support a substantive or absence conclusion.","LEVEL_3_DISCOVERY","NOT_RETRIEVED","","","audit/phase2a1_raw_search_results/DEF/PHASE2A1-SEARCH-0037_bergerboos_forward_openalex.json","Discovery-only; not used in synthesis or an absence conclusion."
"A1DEF-0265","PHASE2A1-SEARCH-0037","2026-07-31","OpenAlex","<i>P</i> Values for Composite Null Models","M. J. Bayarri; James O. Berger","2000","10.1080/01621459.2000.10474309","https://openalex.org/W2100320591","A1DEF-DUP-0232","FALSE_POSITIVE","Resolved at title/abstract/citation-context because the record was off-topic, application-specific, secondary, sequential-only, or methodologically redundant with a verified primary anchor; it was not retained and is not used to support a substantive or absence conclusion.","LEVEL_3_DISCOVERY","NOT_RETRIEVED","","","audit/phase2a1_raw_search_results/DEF/PHASE2A1-SEARCH-0037_bergerboos_forward_openalex.json","Discovery-only; not used in synthesis or an absence conclusion."
"A1DEF-0266","PHASE2A1-SEARCH-0037","2026-07-31","OpenAlex","Recommended tests for association in 2×2 tables","Stian Lydersen; Morten Wang Fagerland; Petter Laake","2009","10.1002/sim.3531","https://openalex.org/W2118402681","A1DEF-DUP-0233","FALSE_POSITIVE","Resolved at title/abstract/citation-context because the record was off-topic, application-specific, secondary, sequential-only, or methodologically redundant with a verified primary anchor; it was not retained and is not used to support a substantive or absence conclusion.","LEVEL_3_DISCOVERY","NOT_RETRIEVED","","","audit/phase2a1_raw_search_results/DEF/PHASE2A1-SEARCH-0037_bergerboos_forward_openalex.json","Discovery-only; not used in synthesis or an absence conclusion."
"A1DEF-0267","PHASE2A1-SEARCH-0037","2026-07-31","OpenAlex","Dynamic Treatment Regimes","Bibhas Chakraborty; Susan A. Murphy","2013","10.1146/annurev-statistics-022513-115553","https://openalex.org/W2134103864","A1DEF-DUP-0234","FALSE_POSITIVE","Resolved at title/abstract/citation-context because the record was off-topic, application-specific, secondary, sequential-only, or methodologically redundant with a verified primary anchor; it was not retained and is not used to support a substantive or absence conclusion.","LEVEL_3_DISCOVERY","NOT_RETRIEVED","","","audit/phase2a1_raw_search_results/DEF/PHASE2A1-SEARCH-0037_bergerboos_forward_openalex.json","Discovery-only; not used in synthesis or an absence conclusion."
"A1DEF-0268","PHASE2A1-SEARCH-0037","2026-07-31","OpenAlex","Test‐Based Exact Confidence Intervals for the Difference of Two Binomial Proportions","Ivan S. F. Chan; Zhongxin Zhang","1999","10.1111/j.0006-341x.1999.01202.x","https://openalex.org/W1979080264","A1DEF-DUP-0235","FALSE_POSITIVE","Resolved at title/abstract/citation-context because the record was off-topic, application-specific, secondary, sequential-only, or methodologically redundant with a verified primary anchor; it was not retained and is not used to support a substantive or absence conclusion.","LEVEL_3_DISCOVERY","NOT_RETRIEVED","","","audit/phase2a1_raw_search_results/DEF/PHASE2A1-SEARCH-0037_bergerboos_forward_openalex.json","Discovery-only; not used in synthesis or an absence conclusion."
"A1DEF-0269","PHASE2A1-SEARCH-0037","2026-07-31","OpenAlex","Three-year clinical comparison of survival of endodontically treated teeth restored with either full cast coverage or with direct composite restoration","Francesco Mannocci; Egidio Bertelli; Martyn Sherriff; Timothy F. Watson; T. R. Pitt Ford","2002","10.1067/mpr.2002.128492","https://openalex.org/W2091353386","A1DEF-DUP-0236","FALSE_POSITIVE","Resolved at title/abstract/citation-context because the record was off-topic, application-specific, secondary, sequential-only, or methodologically redundant with a verified primary anchor; it was not retained and is not used to support a substantive or absence conclusion.","LEVEL_3_DISCOVERY","NOT_RETRIEVED","","","audit/phase2a1_raw_search_results/DEF/PHASE2A1-SEARCH-0037_bergerboos_forward_openalex.json","Discovery-only; not used in synthesis or an absence conclusion."
"A1DEF-0270","PHASE2A1-SEARCH-0037","2026-07-31","OpenAlex","On Small-Sample Confidence Intervals for Parameters in Discrete Distributions","Alan Agresti; Yongyi Min","2001","10.1111/j.0006-341x.2001.00963.x","https://openalex.org/W2159514419","A1DEF-DUP-0237","FALSE_POSITIVE","Resolved at title/abstract/citation-context because the record was off-topic, application-specific, secondary, sequential-only, or methodologically redundant with a verified primary anchor; it was not retained and is not used to support a substantive or absence conclusion.","LEVEL_3_DISCOVERY","NOT_RETRIEVED","","","audit/phase2a1_raw_search_results/DEF/PHASE2A1-SEARCH-0037_bergerboos_forward_openalex.json","Discovery-only; not used in synthesis or an absence conclusion."
"A1DEF-0271","PHASE2A1-SEARCH-0037","2026-07-31","OpenAlex","Revisiting the global electroweak fit of the Standard Model and beyond with Gfitter","The Gfitter Group; H. Flächer; Hans H. Goebel; J. Haller; Andreas Hoecker; K. Mönig; J. Stelzer","2009","10.1140/epjc/s10052-009-0966-6","https://openalex.org/W2146665060","A1DEF-DUP-0238","FALSE_POSITIVE","Resolved at title/abstract/citation-context because the record was off-topic, application-specific, secondary, sequential-only, or methodologically redundant with a verified primary anchor; it was not retained and is not used to support a substantive or absence conclusion.","LEVEL_3_DISCOVERY","NOT_RETRIEVED","","","audit/phase2a1_raw_search_results/DEF/PHASE2A1-SEARCH-0037_bergerboos_forward_openalex.json","Discovery-only; not used in synthesis or an absence conclusion."
"A1DEF-0272","PHASE2A1-SEARCH-0037","2026-07-31","OpenAlex","Weak Instrument Robust Tests in GMM and the New Keynesian Phillips Curve","Frank Kleibergen; Sophocles Mavroeidis","2009","10.1198/jbes.2009.08280","https://openalex.org/W2111094164","A1DEF-DUP-0239","FALSE_POSITIVE","Resolved at title/abstract/citation-context because the record was off-topic, application-specific, secondary, sequential-only, or methodologically redundant with a verified primary anchor; it was not retained and is not used to support a substantive or absence conclusion.","LEVEL_3_DISCOVERY","NOT_RETRIEVED","","","audit/phase2a1_raw_search_results/DEF/PHASE2A1-SEARCH-0037_bergerboos_forward_openalex.json","Discovery-only; not used in synthesis or an absence conclusion."
"A1DEF-0273","PHASE2A1-SEARCH-0037","2026-07-31","OpenAlex","Recommended confidence intervals for two independent binomial proportions","Morten Wang Fagerland; Stian Lydersen; Petter Laake","2011","10.1177/0962280211415469","https://openalex.org/W2166365439","A1DEF-DUP-0240","FALSE_POSITIVE","Resolved at title/abstract/citation-context because the record was off-topic, application-specific, secondary, sequential-only, or methodologically redundant with a verified primary anchor; it was not retained and is not used to support a substantive or absence conclusion.","LEVEL_3_DISCOVERY","NOT_RETRIEVED","","","audit/phase2a1_raw_search_results/DEF/PHASE2A1-SEARCH-0037_bergerboos_forward_openalex.json","Discovery-only; not used in synthesis or an absence conclusion."
"A1DEF-0274","PHASE2A1-SEARCH-0037","2026-07-31","OpenAlex","Dynamic treatment regimes: Technical challenges and applications","Eric B. Laber; Daniel J. Lizotte; Min Qian; William E. Pelham; Susan A. Murphy","2014","10.1214/14-ejs920","https://openalex.org/W1996851858","A1DEF-DUP-0241","FALSE_POSITIVE","Resolved at title/abstract/citation-context because the record was off-topic, application-specific, secondary, sequential-only, or methodologically redundant with a verified primary anchor; it was not retained and is not used to support a substantive or absence conclusion.","LEVEL_3_DISCOVERY","NOT_RETRIEVED","","","audit/phase2a1_raw_search_results/DEF/PHASE2A1-SEARCH-0037_bergerboos_forward_openalex.json","Discovery-only; not used in synthesis or an absence conclusion."
"A1DEF-0275","PHASE2A1-SEARCH-0037","2026-07-31","OpenAlex","Exact inference for categorical data: recent advances and continuing controversies","Alan Agresti","2001","10.1002/sim.738","https://openalex.org/W2044581206","A1DEF-DUP-0242","FALSE_POSITIVE","Resolved at title/abstract/citation-context because the record was off-topic, application-specific, secondary, sequential-only, or methodologically redundant with a verified primary anchor; it was not retained and is not used to support a substantive or absence conclusion.","LEVEL_3_DISCOVERY","NOT_RETRIEVED","","","audit/phase2a1_raw_search_results/DEF/PHASE2A1-SEARCH-0037_bergerboos_forward_openalex.json","Discovery-only; not used in synthesis or an absence conclusion."
"A1DEF-0276","PHASE2A1-SEARCH-0037","2026-07-31","OpenAlex","Notions of Limiting<i>P</i>Values Based on Data Depth and Bootstrap","Regina Y. Liu; Kesar Singh","1997","10.1080/01621459.1997.10473624","https://openalex.org/W2050684539","A1DEF-DUP-0243","FALSE_POSITIVE","Resolved at title/abstract/citation-context because the record was off-topic, application-specific, secondary, sequential-only, or methodologically redundant with a verified primary anchor; it was not retained and is not used to support a substantive or absence conclusion.","LEVEL_3_DISCOVERY","NOT_RETRIEVED","","","audit/phase2a1_raw_search_results/DEF/PHASE2A1-SEARCH-0037_bergerboos_forward_openalex.json","Discovery-only; not used in synthesis or an absence conclusion."
"A1DEF-0277","PHASE2A1-SEARCH-0037","2026-07-31","OpenAlex","Reasoning about Interference Between Units: A General Framework","Jake Bowers; Mark Fredrickson; Costas Panagopoulos","2012","10.1093/pan/mps038","https://openalex.org/W2109712249","A1DEF-DUP-0244","FALSE_POSITIVE","Resolved at title/abstract/citation-context because the record was off-topic, application-specific, secondary, sequential-only, or methodologically redundant with a verified primary anchor; it was not retained and is not used to support a substantive or absence conclusion.","LEVEL_3_DISCOVERY","NOT_RETRIEVED","","","audit/phase2a1_raw_search_results/DEF/PHASE2A1-SEARCH-0037_bergerboos_forward_openalex.json","Discovery-only; not used in synthesis or an absence conclusion."
"A1DEF-0278","PHASE2A1-SEARCH-0037","2026-07-31","OpenAlex","Randomization Inference for Treatment Effect Variation","Peng Ding; Avi Feller; Luke Miratrix","2015","10.1111/rssb.12124","https://openalex.org/W1577411356","A1DEF-DUP-0245","FALSE_POSITIVE","Resolved at title/abstract/citation-context because the record was off-topic, application-specific, secondary, sequential-only, or methodologically redundant with a verified primary anchor; it was not retained and is not used to support a substantive or absence conclusion.","LEVEL_3_DISCOVERY","NOT_RETRIEVED","","","audit/phase2a1_raw_search_results/DEF/PHASE2A1-SEARCH-0037_bergerboos_forward_openalex.json","Discovery-only; not used in synthesis or an absence conclusion."
"A1DEF-0279","PHASE2A1-SEARCH-0037","2026-07-31","OpenAlex","Effective Adjunctive Therapy by an Innate Defense Regulatory Peptide in a Preclinical Model of Severe Malaria","Ariel H. Achtman; Sandra Pilat; Charity W. Law; David J. Lynn; Laure Janot; Matt Mayer; Shuhua Ma; Jason Kindrachuk; B. Brett Finlay; Fiona S. L. Brinkman; Gordon K. Smyth; Robert E. W. Hancock; Louis Schofield","2012","10.1126/scitranslmed.3003515","https://openalex.org/W2102823978","A1DEF-DUP-0246","FALSE_POSITIVE","Resolved at title/abstract/citation-context because the record was off-topic, application-specific, secondary, sequential-only, or methodologically redundant with a verified primary anchor; it was not retained and is not used to support a substantive or absence conclusion.","LEVEL_3_DISCOVERY","NOT_RETRIEVED","","","audit/phase2a1_raw_search_results/DEF/PHASE2A1-SEARCH-0037_bergerboos_forward_openalex.json","Discovery-only; not used in synthesis or an absence conclusion."
"A1DEF-0280","PHASE2A1-SEARCH-0037","2026-07-31","OpenAlex","Measurement of the CKM angle γ from a combination of <mml:math xmlns:mml=""http://www.w3.org/1998/Math/MathML"" altimg=""si1.gif"" overflow=""scroll""><mml:msup><mml:mrow><mml:mi>B</mml:mi></mml:mrow><mml:mrow><mml:mo>±</mml:mo></mml:mrow></mml:msup><mml:mo>→</mml:mo><mml:mi>D</mml:mi><mml:msup><mml:mrow><mml:mi>h</mml:mi></mml:mrow><mml:mrow><mml:mo>±</mml:mo></mml:mrow></mml:msup></mml:math> analyses","R. Aaij; C. Abellán Beteta; B. Adeva; M. Adinolfi; C. Adrover; A. A. Affolder; Z. Ajaltouni; J. Albrecht; F. Alessio; M. Alexander; S. Ali; G. Alkhazov; P. Álvarez Cartelle; A. A. Alves; S. Amato; S. Amerio; Y. Amhis; L. Anderlini; J. Anderson; R. Andreassen; R. B. Appleby; O. Aquines Gutierrez; F. Archilli; A. Artamonov; M. Artuso; E. Aslanides; G. Auriemma; S. Bachmann; J. J. Back; C. Baesso; V. Balagura; W. Baldini; R. J. Barlow; C. Barschel; S. Barsuk; W. Barter; Thomas Bauer; A. Bay; J. Beddow; F. Bedeschi; I. Bediaga; S. Belogurov; K. Belous; I. Belyaev; E. Ben-Haim; G. Bencivenni; S. Benson; J. Benton; A. Berezhnoy; R. Bernet; M.-O. Bettler; M. van Beuzekom; A. Bień; S. Bifani; T. Bird; A. Bizzeti; P. M. Bjørnstad; T. Blake; F. Blanc; J. Blouw; S. Blusk; V. Bocci; A. Bondar; N. Bondar; W. Bonivento; S. Borghi; A. Borgia; T. J. V. Bowcock; E. Bowen; C. Bozzi; T. Brambach; J. F. J. van den Brand; J. Bressieux; D. Brett; M. Britsch; T. Britton; N. H. Brook; H. Brown; I. Burducea; A. Bursche; G. Busetto; J. Buytaert; S. Cadeddu; O. Callot; M. Calvi; M. Calvo Gomez; A. Camboni; P. Campana; D. H. Cámpora Pérez; A. Carbone; G. Carboni; R. Cardinale; A. Cardini; H. Carranza-Mejia; L. Carson; K. Carvalho Akiba; G. Casse; L. Castillo García; M. Cattaneo; Ch. Cauet","2013","10.1016/j.physletb.2013.08.020","https://openalex.org/W2034479840","A1DEF-DUP-0247","FALSE_POSITIVE","Resolved at title/abstract/citation-context because the record was off-topic, application-specific, secondary, sequential-only, or methodologically redundant with a verified primary anchor; it was not retained and is not used to support a substantive or absence conclusion.","LEVEL_3_DISCOVERY","NOT_RETRIEVED","","","audit/phase2a1_raw_search_results/DEF/PHASE2A1-SEARCH-0037_bergerboos_forward_openalex.json","Discovery-only; not used in synthesis or an absence conclusion."
"A1DEF-0281","PHASE2A1-SEARCH-0037","2026-07-31","OpenAlex","Assessment of Visual Function with Cotoretigene Toliparvovec in X-Linked Retinitis Pigmentosa in the Randomized XIRIUS Phase 2/3 Study","Byron L. Lam; Mark E. Pennesi; Christine N. Kay; Sushil Panda; James A. Gow; Guolin Zhao; Robert E. MacLaren; Robert E. MacLaren; Robert MacLaren; Robert MacLaren; Tomás S. Alemán; David G. Birch; Assad Jalil; Andrew Lotery; Byron Lam; Mark Pennesi; Christine N. Kay; Imram H. Yusuf; Jasmina Cehajic‐Kapetanovic; Jasleen K. Jolly; Amandeep S. Josan; Laura J. Taylor; Kanmin Xue; Anika Nanda; Thomas Buckley; Anna Paola Salvetti; Suresh Thulasidharan; Miguel Kurc; Samir Khandhadia; Karla Orsine Murtas Dias; Abeir Baltmr; Nakul Mandal; Georgios Tsokolas; Tsveta Ivanova; Muhannd El-Faouri; Sherif Shaarawy; Graeme C. Black; Janet L. Davis; Ninel Z. Gregori; Carlos E. Mendoza‐Santiesteban; Andreas Lauer; Paul Yang; Steven T. Bailey; Rand Spencer; Gary E. Fish; Robert Wang; Deborah Y. Chong; Ashkan M. Abbey; Rajiv Anand; Albert A. MaGuire; Robert L. Roseman; Kaushik Hazariwala; Brandon Parrott","2024","10.1016/j.ophtha.2024.02.023","https://openalex.org/W4392786726","A1DEF-DUP-0248","FALSE_POSITIVE","Resolved at title/abstract/citation-context because the record was off-topic, application-specific, secondary, sequential-only, or methodologically redundant with a verified primary anchor; it was not retained and is not used to support a substantive or absence conclusion.","LEVEL_3_DISCOVERY","NOT_RETRIEVED","","","audit/phase2a1_raw_search_results/DEF/PHASE2A1-SEARCH-0037_bergerboos_forward_openalex.json","Discovery-only; not used in synthesis or an absence conclusion."
"A1DEF-0282","PHASE2A1-SEARCH-0037","2026-07-31","OpenAlex","A Cautionary Note on Exact Unconditional Inference for a Difference between Two Independent Binomial Proportions","Devan V. Mehrotra; Ivan S. F. Chan; Roger L. Berger","2003","10.1111/1541-0420.00051","https://openalex.org/W2094509004","A1DEF-DUP-0249","FALSE_POSITIVE","Resolved at title/abstract/citation-context because the record was off-topic, application-specific, secondary, sequential-only, or methodologically redundant with a verified primary anchor; it was not retained and is not used to support a substantive or absence conclusion.","LEVEL_3_DISCOVERY","NOT_RETRIEVED","","","audit/phase2a1_raw_search_results/DEF/PHASE2A1-SEARCH-0037_bergerboos_forward_openalex.json","Discovery-only; not used in synthesis or an absence conclusion."
"A1DEF-0283","PHASE2A1-SEARCH-0037","2026-07-31","OpenAlex","Risk factor assessment of endoscopically removed malignant colorectal polyps","Peter Netzer; Carolina Eliane Reina Forster; Ruggero Biral; C Ruchti; J. Neuweiler; Edouard Stauffer; René Schönegg; Christoph A. Maurer; J. Hüsler; F Halter; Adrian Schmassmann","1998","10.1136/gut.43.5.669","https://openalex.org/W2109419711","A1DEF-DUP-0250","FALSE_POSITIVE","Resolved at title/abstract/citation-context because the record was off-topic, application-specific, secondary, sequential-only, or methodologically redundant with a verified primary anchor; it was not retained and is not used to support a substantive or absence conclusion.","LEVEL_3_DISCOVERY","NOT_RETRIEVED","","","audit/phase2a1_raw_search_results/DEF/PHASE2A1-SEARCH-0037_bergerboos_forward_openalex.json","Discovery-only; not used in synthesis or an absence conclusion."
"A1DEF-0284","PHASE2A1-SEARCH-0037","2026-07-31","OpenAlex","Prevalence of and Risks for Cervical Human Papillomavirus Infection and Squamous Intraepithelial Lesions in Adolescent Girls","Anna-Barbara Moscicki; Jonas H. Ellenberg; Sten H. Vermund; Christie A. Holland; Teresa M. Darragh; Peggy A. Crowley‐Nowick; Linda Levin; Craig M. Wilson","2000","10.1001/archpedi.154.2.127","https://openalex.org/W2081601986","A1DEF-DUP-0251","FALSE_POSITIVE","Resolved at title/abstract/citation-context because the record was off-topic, application-specific, secondary, sequential-only, or methodologically redundant with a verified primary anchor; it was not retained and is not used to support a substantive or absence conclusion.","LEVEL_3_DISCOVERY","NOT_RETRIEVED","","","audit/phase2a1_raw_search_results/DEF/PHASE2A1-SEARCH-0037_bergerboos_forward_openalex.json","Discovery-only; not used in synthesis or an absence conclusion."
"A1DEF-0285","PHASE2A1-SEARCH-0037","2026-07-31","OpenAlex","Eating disorders in females with type 1 diabetes: an update of a meta‐analysis","Søren Nielsen","2002","10.1002/erv.474","https://openalex.org/W2112823877","A1DEF-DUP-0252","FALSE_POSITIVE","Resolved at title/abstract/citation-context because the record was off-topic, application-specific, secondary, sequential-only, or methodologically redundant with a verified primary anchor; it was not retained and is not used to support a substantive or absence conclusion.","LEVEL_3_DISCOVERY","NOT_RETRIEVED","","","audit/phase2a1_raw_search_results/DEF/PHASE2A1-SEARCH-0037_bergerboos_forward_openalex.json","Discovery-only; not used in synthesis or an absence conclusion."
"A1DEF-0286","PHASE2A1-SEARCH-0037","2026-07-31","OpenAlex","Monte Carlo tests with nuisance parameters: A general approach to finite-sample inference and nonstandard asymptotics","Jean-Marie Dufour","2005","10.1016/j.jeconom.2005.06.007","https://openalex.org/W2149862193","A1DEF-DUP-0253","FULL_TEXT_INCLUDED","","LEVEL_1_LOAD_BEARING","AUTHOR_MANUSCRIPT_FULL_TEXT_INSPECTED","Section 4, equations (4.1)-(4.20), Proposition 4.1 p.18 and Proposition 4.2 p.19; p.20 discussion of exact/conservative Type-I control. Propositions 5.1-5.2 are asymptotic restricted-confidence-set variants.","NEW_CORPUS_CANDIDATE","audit/phase2a1_raw_search_results/DEF/PHASE2A1-SEARCH-0037_dufour_anchor_openalex.json","Maximized Monte Carlo tests provide finite-sample Type-I control with nuisance parameters; they do not supply uniform Type-II or sample-complexity bounds."
"A1DEF-0287","PHASE2A1-SEARCH-0037","2026-07-31","OpenAlex","An Introduction to the Bootstrap","Bradley Efron; Robert Tibshirani","1994","10.1201/9780429246593","https://openalex.org/W1995945562","A1DEF-DUP-0254","FALSE_POSITIVE","Resolved at title/abstract/citation-context because the record was off-topic, application-specific, secondary, sequential-only, or methodologically redundant with a verified primary anchor; it was not retained and is not used to support a substantive or absence conclusion.","LEVEL_3_DISCOVERY","NOT_RETRIEVED","","","audit/phase2a1_raw_search_results/DEF/PHASE2A1-SEARCH-0037_dufour_backward_openalex.json","Discovery-only; not used in synthesis or an absence conclusion."
"A1DEF-0288","PHASE2A1-SEARCH-0037","2026-07-31","OpenAlex","Simulation-based Econometric Methods","Christian Gouriéroux; Alain Monfort","1997","10.1093/0198774753.001.0001","https://openalex.org/W1538160166","A1DEF-DUP-0255","FALSE_POSITIVE","Resolved at title/abstract/citation-context because the record was off-topic, application-specific, secondary, sequential-only, or methodologically redundant with a verified primary anchor; it was not retained and is not used to support a substantive or absence conclusion.","LEVEL_3_DISCOVERY","NOT_RETRIEVED","","","audit/phase2a1_raw_search_results/DEF/PHASE2A1-SEARCH-0037_dufour_backward_openalex.json","Discovery-only; not used in synthesis or an absence conclusion."
"A1DEF-0289","PHASE2A1-SEARCH-0037","2026-07-31","OpenAlex","Modified Randomization Tests for Nonparametric Hypotheses","Meyer Dwass","1957","10.1214/aoms/1177707045","https://openalex.org/W1973886547","A1DEF-DUP-0256","FALSE_POSITIVE","Resolved at title/abstract/citation-context because the record was off-topic, application-specific, secondary, sequential-only, or methodologically redundant with a verified primary anchor; it was not retained and is not used to support a substantive or absence conclusion.","LEVEL_3_DISCOVERY","NOT_RETRIEVED","","","audit/phase2a1_raw_search_results/DEF/PHASE2A1-SEARCH-0037_dufour_backward_openalex.json","Discovery-only; not used in synthesis or an absence conclusion."
"A1DEF-0290","PHASE2A1-SEARCH-0037","2026-07-31","OpenAlex","Simple Monte Carlo Tests for Spatial Pattern","Julian Besag; Peter J. Diggle","1977","10.2307/2346974","https://openalex.org/W1500064878","A1DEF-DUP-0257","FALSE_POSITIVE","Resolved at title/abstract/citation-context because the record was off-topic, application-specific, secondary, sequential-only, or methodologically redundant with a verified primary anchor; it was not retained and is not used to support a substantive or absence conclusion.","LEVEL_3_DISCOVERY","NOT_RETRIEVED","","","audit/phase2a1_raw_search_results/DEF/PHASE2A1-SEARCH-0037_dufour_backward_openalex.json","Discovery-only; not used in synthesis or an absence conclusion."
"A1DEF-0291","PHASE2A1-SEARCH-0037","2026-07-31","OpenAlex","Integration of correspondences","Gérard Debreu","1967","https://openalex.org/W1500655567","https://openalex.org/W1500655567","A1DEF-DUP-0258","FALSE_POSITIVE","Resolved at title/abstract/citation-context because the record was off-topic, application-specific, secondary, sequential-only, or methodologically redundant with a verified primary anchor; it was not retained and is not used to support a substantive or absence conclusion.","LEVEL_3_DISCOVERY","NOT_RETRIEVED","","","audit/phase2a1_raw_search_results/DEF/PHASE2A1-SEARCH-0037_dufour_backward_openalex.json","Discovery-only; not used in synthesis or an absence conclusion."
"A1DEF-0292","PHASE2A1-SEARCH-0037","2026-07-31","OpenAlex","The Efficiency of Simulation-Based Multiple Comparisons","Don Edwards; Jack J. Berry","1987","10.2307/2531545","https://openalex.org/W1999311530","A1DEF-DUP-0259","FALSE_POSITIVE","Resolved at title/abstract/citation-context because the record was off-topic, application-specific, secondary, sequential-only, or methodologically redundant with a verified primary anchor; it was not retained and is not used to support a substantive or absence conclusion.","LEVEL_3_DISCOVERY","NOT_RETRIEVED","","","audit/phase2a1_raw_search_results/DEF/PHASE2A1-SEARCH-0037_dufour_backward_openalex.json","Discovery-only; not used in synthesis or an absence conclusion."
"A1DEF-0293","PHASE2A1-SEARCH-0037","2026-07-31","OpenAlex","Finite Sample Properties and Asymptotic Efficiency of Monte Carlo Tests","Karl‐Heinz Jöckel","1986","10.1214/aos/1176349860","https://openalex.org/W1967873557","A1DEF-DUP-0260","FALSE_POSITIVE","Resolved at title/abstract/citation-context because the record was off-topic, application-specific, secondary, sequential-only, or methodologically redundant with a verified primary anchor; it was not retained and is not used to support a substantive or absence conclusion.","LEVEL_3_DISCOVERY","NOT_RETRIEVED","","","audit/phase2a1_raw_search_results/DEF/PHASE2A1-SEARCH-0037_dufour_backward_openalex.json","Discovery-only; not used in synthesis or an absence conclusion."
"A1DEF-0294","PHASE2A1-SEARCH-0037","2026-07-31","OpenAlex","The Effect of Simulation Order on Level Accuracy and Power of Monte Carlo Tests","Peter Hall; D. M. Titterington","1989","10.1111/j.2517-6161.1989.tb01440.x","https://openalex.org/W166195552","A1DEF-DUP-0261","FALSE_POSITIVE","Resolved at title/abstract/citation-context because the record was off-topic, application-specific, secondary, sequential-only, or methodologically redundant with a verified primary anchor; it was not retained and is not used to support a substantive or absence conclusion.","LEVEL_3_DISCOVERY","NOT_RETRIEVED","","","audit/phase2a1_raw_search_results/DEF/PHASE2A1-SEARCH-0037_dufour_backward_openalex.json","Discovery-only; not used in synthesis or an absence conclusion."
"A1DEF-0295","PHASE2A1-SEARCH-0037","2026-07-31","OpenAlex","Some Measurability Results for Extrema of Random Functions Over Random Sets","Maxwell B. Stinchcombe; Halbert White","1992","10.2307/2297861","https://openalex.org/W2003032781","A1DEF-DUP-0262","FALSE_POSITIVE","Resolved at title/abstract/citation-context because the record was off-topic, application-specific, secondary, sequential-only, or methodologically redundant with a verified primary anchor; it was not retained and is not used to support a substantive or absence conclusion.","LEVEL_3_DISCOVERY","NOT_RETRIEVED","","","audit/phase2a1_raw_search_results/DEF/PHASE2A1-SEARCH-0037_dufour_backward_openalex.json","Discovery-only; not used in synthesis or an absence conclusion."
"A1DEF-0296","PHASE2A1-SEARCH-0037","2026-07-31","OpenAlex","Effect of tail weight and outliers on power and type-i error of robust permutation tests for location","Allie Keller-Mcnulty; James J. Higgins","1987","10.1080/03610918708812575","https://openalex.org/W1503120176","A1DEF-DUP-0263","FALSE_POSITIVE","Resolved at title/abstract/citation-context because the record was off-topic, application-specific, secondary, sequential-only, or methodologically redundant with a verified primary anchor; it was not retained and is not used to support a substantive or absence conclusion.","LEVEL_3_DISCOVERY","NOT_RETRIEVED","","","audit/phase2a1_raw_search_results/DEF/PHASE2A1-SEARCH-0037_dufour_backward_openalex.json","Discovery-only; not used in synthesis or an absence conclusion."
"A1DEF-0297","PHASE2A1-SEARCH-0037","2026-07-31","OpenAlex","Bootstrapping Unstable First-Order Autoregressive Processes","I. V. Basawa; Atul Mallik; William P. McCormick; J Reeves; Robert L. Taylor","1991","10.1214/aos/1176348142","https://openalex.org/W1978893196","A1DEF-DUP-0264","FALSE_POSITIVE","Resolved at title/abstract/citation-context because the record was off-topic, application-specific, secondary, sequential-only, or methodologically redundant with a verified primary anchor; it was not retained and is not used to support a substantive or absence conclusion.","LEVEL_3_DISCOVERY","NOT_RETRIEVED","","","audit/phase2a1_raw_search_results/DEF/PHASE2A1-SEARCH-0037_dufour_backward_openalex.json","Discovery-only; not used in synthesis or an absence conclusion."
"A1DEF-0298","PHASE2A1-SEARCH-0037","2026-07-31","OpenAlex","Bootstrap of the Mean in the Infinite Variance Case","Krishna B. Athreya","1987","10.1214/aos/1176350371","https://openalex.org/W1976241708","A1DEF-DUP-0265","FALSE_POSITIVE","Resolved at title/abstract/citation-context because the record was off-topic, application-specific, secondary, sequential-only, or methodologically redundant with a verified primary anchor; it was not retained and is not used to support a substantive or absence conclusion.","LEVEL_3_DISCOVERY","NOT_RETRIEVED","","","audit/phase2a1_raw_search_results/DEF/PHASE2A1-SEARCH-0037_dufour_backward_openalex.json","Discovery-only; not used in synthesis or an absence conclusion."
"A1DEF-0299","PHASE2A1-SEARCH-0037","2026-07-31","OpenAlex","Barnard's Monte Carlo Tests: How Many Simulations?","F. H. C. Marriott","1979","10.2307/2346816","https://openalex.org/W192831050","A1DEF-DUP-0266","FALSE_POSITIVE","Resolved at title/abstract/citation-context because the record was off-topic, application-specific, secondary, sequential-only, or methodologically redundant with a verified primary anchor; it was not retained and is not used to support a substantive or absence conclusion.","LEVEL_3_DISCOVERY","NOT_RETRIEVED","","","audit/phase2a1_raw_search_results/DEF/PHASE2A1-SEARCH-0037_dufour_backward_openalex.json","Discovery-only; not used in synthesis or an absence conclusion."
"A1DEF-0300","PHASE2A1-SEARCH-0037","2026-07-31","OpenAlex","Asymptotic theory for bootstrap methods in statistics","Rudolf Beran; Gilles R. Ducharme","1991","https://openalex.org/W1488205271","https://openalex.org/W1488205271","A1DEF-DUP-0267","FALSE_POSITIVE","Resolved at title/abstract/citation-context because the record was off-topic, application-specific, secondary, sequential-only, or methodologically redundant with a verified primary anchor; it was not retained and is not used to support a substantive or absence conclusion.","LEVEL_3_DISCOVERY","NOT_RETRIEVED","","","audit/phase2a1_raw_search_results/DEF/PHASE2A1-SEARCH-0037_dufour_backward_openalex.json","Discovery-only; not used in synthesis or an absence conclusion."
"A1DEF-0301","PHASE2A1-SEARCH-0037","2026-07-31","OpenAlex","Problems related to confidence intervals for impulse responses of autoregressive processes","Alexander Benkwitz; Michael H. Neumann; Helmut Lütekpohl","2000","10.1080/07474930008800460","https://openalex.org/W1972091967","A1DEF-DUP-0268","FALSE_POSITIVE","Resolved at title/abstract/citation-context because the record was off-topic, application-specific, secondary, sequential-only, or methodologically redundant with a verified primary anchor; it was not retained and is not used to support a substantive or absence conclusion.","LEVEL_3_DISCOVERY","NOT_RETRIEVED","","","audit/phase2a1_raw_search_results/DEF/PHASE2A1-SEARCH-0037_dufour_backward_openalex.json","Discovery-only; not used in synthesis or an absence conclusion."
"A1DEF-0302","PHASE2A1-SEARCH-0037","2026-07-31","OpenAlex","19 Simulation estimation methods for limited dependent variable models","Vassilis A. Hajivassiliou","1993","10.1016/s0169-7161(05)80054-9","https://openalex.org/W1493849049","A1DEF-DUP-0269","FALSE_POSITIVE","Resolved at title/abstract/citation-context because the record was off-topic, application-specific, secondary, sequential-only, or methodologically redundant with a verified primary anchor; it was not retained and is not used to support a substantive or absence conclusion.","LEVEL_3_DISCOVERY","NOT_RETRIEVED","","","audit/phase2a1_raw_search_results/DEF/PHASE2A1-SEARCH-0037_dufour_backward_openalex.json","Discovery-only; not used in synthesis or an absence conclusion."
"A1DEF-0303","PHASE2A1-SEARCH-0037","2026-07-31","OpenAlex","20 Simulation estimation for panel data models with limited dependent variables","Michael P. Keane","1993","10.1016/s0169-7161(05)80055-0","https://openalex.org/W1690342249","A1DEF-DUP-0270","FALSE_POSITIVE","Resolved at title/abstract/citation-context because the record was off-topic, application-specific, secondary, sequential-only, or methodologically redundant with a verified primary anchor; it was not retained and is not used to support a substantive or absence conclusion.","LEVEL_3_DISCOVERY","NOT_RETRIEVED","","","audit/phase2a1_raw_search_results/DEF/PHASE2A1-SEARCH-0037_dufour_backward_openalex.json","Discovery-only; not used in synthesis or an absence conclusion."
"A1DEF-0304","PHASE2A1-SEARCH-0037","2026-07-31","OpenAlex","A sequential approximation to a permutation test","Robin H. Lock","1991","10.1080/03610919108812956","https://openalex.org/W1969255591","A1DEF-DUP-0271","FALSE_POSITIVE","Resolved at title/abstract/citation-context because the record was off-topic, application-specific, secondary, sequential-only, or methodologically redundant with a verified primary anchor; it was not retained and is not used to support a substantive or absence conclusion.","LEVEL_3_DISCOVERY","NOT_RETRIEVED","","","audit/phase2a1_raw_search_results/DEF/PHASE2A1-SEARCH-0037_dufour_backward_openalex.json","Discovery-only; not used in synthesis or an absence conclusion."
"A1DEF-0305","PHASE2A1-SEARCH-0037","2026-07-31","OpenAlex","21 A perspective on application of bootstrap methods in econometrics","Jinook Jeong; G. S. Maddala","1993","10.1016/s0169-7161(05)80056-2","https://openalex.org/W1481459996","A1DEF-DUP-0272","FALSE_POSITIVE","Resolved at title/abstract/citation-context because the record was off-topic, application-specific, secondary, sequential-only, or methodologically redundant with a verified primary anchor; it was not retained and is not used to support a substantive or absence conclusion.","LEVEL_3_DISCOVERY","NOT_RETRIEVED","","","audit/phase2a1_raw_search_results/DEF/PHASE2A1-SEARCH-0037_dufour_backward_openalex.json","Discovery-only; not used in synthesis or an absence conclusion."
"A1DEF-0306","PHASE2A1-SEARCH-0037","2026-07-31","OpenAlex","23 Bootstrap methods: Applications in econometrics","Hrishikesh D. Vinod","1993","10.1016/s0169-7161(05)80058-6","https://openalex.org/W1495576629","A1DEF-DUP-0273","FALSE_POSITIVE","Resolved at title/abstract/citation-context because the record was off-topic, application-specific, secondary, sequential-only, or methodologically redundant with a verified primary anchor; it was not retained and is not used to support a substantive or absence conclusion.","LEVEL_3_DISCOVERY","NOT_RETRIEVED","","","audit/phase2a1_raw_search_results/DEF/PHASE2A1-SEARCH-0037_dufour_backward_openalex.json","Discovery-only; not used in synthesis or an absence conclusion."
"A1DEF-0307","PHASE2A1-SEARCH-0037","2026-07-31","OpenAlex","Exact tests in single equation autoregressive distributed lag models","Jan F. Kiviet; Jean‐Marie Dufour","1997","10.1016/s0304-4076(97)00048-1","https://openalex.org/W1965405678","A1DEF-DUP-0274","FALSE_POSITIVE","Resolved at title/abstract/citation-context because the record was off-topic, application-specific, secondary, sequential-only, or methodologically redundant with a verified primary anchor; it was not retained and is not used to support a substantive or absence conclusion.","LEVEL_3_DISCOVERY","NOT_RETRIEVED","","","audit/phase2a1_raw_search_results/DEF/PHASE2A1-SEARCH-0037_dufour_backward_openalex.json","Discovery-only; not used in synthesis or an absence conclusion."
"A1DEF-0308","PHASE2A1-SEARCH-0037","2026-07-31","OpenAlex","MMC techniques for limited dependent variables models: Implementation by the branch-and-bound algorithm","Frédéric Jouneau-Sion; Olivier Torrès","2005","10.1016/j.jeconom.2005.06.006","https://openalex.org/W1969376337","A1DEF-DUP-0275","FALSE_POSITIVE","Resolved at title/abstract/citation-context because the record was off-topic, application-specific, secondary, sequential-only, or methodologically redundant with a verified primary anchor; it was not retained and is not used to support a substantive or absence conclusion.","LEVEL_3_DISCOVERY","NOT_RETRIEVED","","","audit/phase2a1_raw_search_results/DEF/PHASE2A1-SEARCH-0037_dufour_backward_openalex.json","Discovery-only; not used in synthesis or an absence conclusion."
"A1DEF-0309","PHASE2A1-SEARCH-0037","2026-07-31","OpenAlex","Simulation-Based Finite-Sample Inference in Simultaneous Equations","Lynda Khalaf; Jean‐Marie Dufour","2004","https://openalex.org/W1516599059","https://openalex.org/W1516599059","A1DEF-DUP-0276","FALSE_POSITIVE","Resolved at title/abstract/citation-context because the record was off-topic, application-specific, secondary, sequential-only, or methodologically redundant with a verified primary anchor; it was not retained and is not used to support a substantive or absence conclusion.","LEVEL_3_DISCOVERY","NOT_RETRIEVED","","","audit/phase2a1_raw_search_results/DEF/PHASE2A1-SEARCH-0037_dufour_backward_openalex.json","Discovery-only; not used in synthesis or an absence conclusion."
"A1DEF-0310","PHASE2A1-SEARCH-0037","2026-07-31","OpenAlex","Computer-Aided Econometrics","","2003","10.1201/9780203911570","https://openalex.org/W614746911","A1DEF-DUP-0277","FALSE_POSITIVE","Resolved at title/abstract/citation-context because the record was off-topic, application-specific, secondary, sequential-only, or methodologically redundant with a verified primary anchor; it was not retained and is not used to support a substantive or absence conclusion.","LEVEL_3_DISCOVERY","NOT_RETRIEVED","","","audit/phase2a1_raw_search_results/DEF/PHASE2A1-SEARCH-0037_dufour_backward_openalex.json","Discovery-only; not used in synthesis or an absence conclusion."
"A1DEF-0311","PHASE2A1-SEARCH-0037","2026-07-31","OpenAlex","22 Stochastic simulations for inference in nonlinear errors-in-variables models","Roberto S. Mariano; Bryan W. Brown","1993","10.1016/s0169-7161(05)80057-4","https://openalex.org/W1547794046","A1DEF-DUP-0278","FALSE_POSITIVE","Resolved at title/abstract/citation-context because the record was off-topic, application-specific, secondary, sequential-only, or methodologically redundant with a verified primary anchor; it was not retained and is not used to support a substantive or absence conclusion.","LEVEL_3_DISCOVERY","NOT_RETRIEVED","","","audit/phase2a1_raw_search_results/DEF/PHASE2A1-SEARCH-0037_dufour_backward_openalex.json","Discovery-only; not used in synthesis or an absence conclusion."
"A1DEF-0312","PHASE2A1-SEARCH-0037","2026-07-31","OpenAlex","Estimation and Confidence Regions for Parameter Sets in Econometric Models","Victor Chernozhukov; Han Hong; Elie Tamer","2007","10.1111/j.1468-0262.2007.00794.x","https://openalex.org/W2131071299","A1DEF-DUP-0279","FALSE_POSITIVE","Resolved at title/abstract/citation-context because the record was off-topic, application-specific, secondary, sequential-only, or methodologically redundant with a verified primary anchor; it was not retained and is not used to support a substantive or absence conclusion.","LEVEL_3_DISCOVERY","NOT_RETRIEVED","","","audit/phase2a1_raw_search_results/DEF/PHASE2A1-SEARCH-0037_dufour_forward_openalex.json","Discovery-only; not used in synthesis or an absence conclusion."
"A1DEF-0313","PHASE2A1-SEARCH-0037","2026-07-31","OpenAlex","Modelling Nonlinear Economic Time Series","Timo Teräsvirta; Dag Tjøstheim; Clive W. J. Granger","2010","10.1093/acprof:oso/9780199587148.001.0001","https://openalex.org/W39739780","A1DEF-DUP-0280","FALSE_POSITIVE","Resolved at title/abstract/citation-context because the record was off-topic, application-specific, secondary, sequential-only, or methodologically redundant with a verified primary anchor; it was not retained and is not used to support a substantive or absence conclusion.","LEVEL_3_DISCOVERY","NOT_RETRIEVED","","","audit/phase2a1_raw_search_results/DEF/PHASE2A1-SEARCH-0037_dufour_forward_openalex.json","Discovery-only; not used in synthesis or an absence conclusion."
"A1DEF-0314","PHASE2A1-SEARCH-0037","2026-07-31","OpenAlex","Dependence structure and extreme comovements in international equity and bond markets","René García; Georges Tsafack","2011","10.1016/j.jbankfin.2011.01.003","https://openalex.org/W2728863691","A1DEF-DUP-0281","FALSE_POSITIVE","Resolved at title/abstract/citation-context because the record was off-topic, application-specific, secondary, sequential-only, or methodologically redundant with a verified primary anchor; it was not retained and is not used to support a substantive or absence conclusion.","LEVEL_3_DISCOVERY","NOT_RETRIEVED","","","audit/phase2a1_raw_search_results/DEF/PHASE2A1-SEARCH-0037_dufour_forward_openalex.json","Discovery-only; not used in synthesis or an absence conclusion."
"A1DEF-0315","PHASE2A1-SEARCH-0037","2026-07-31","OpenAlex","Global Envelope Tests for Spatial Processes","Mari Myllymäki; Tomáš Mrkvička; Pavel Grabarnik; Henri Seijo; Ute Hahn","2016","10.1111/rssb.12172","https://openalex.org/W1750856584","A1DEF-DUP-0282","FALSE_POSITIVE","Resolved at title/abstract/citation-context because the record was off-topic, application-specific, secondary, sequential-only, or methodologically redundant with a verified primary anchor; it was not retained and is not used to support a substantive or absence conclusion.","LEVEL_3_DISCOVERY","NOT_RETRIEVED","","","audit/phase2a1_raw_search_results/DEF/PHASE2A1-SEARCH-0037_dufour_forward_openalex.json","Discovery-only; not used in synthesis or an absence conclusion."
"A1DEF-0316","PHASE2A1-SEARCH-0037","2026-07-31","OpenAlex","Evaluating Value-at-Risk Models via Quantile Regression","Wagner Piazza Gaglianone; Luiz Renato Lima; Oliver Linton; Daniel R. Smith","2010","10.1198/jbes.2010.07318","https://openalex.org/W2164961494","A1DEF-DUP-0283","FALSE_POSITIVE","Resolved at title/abstract/citation-context because the record was off-topic, application-specific, secondary, sequential-only, or methodologically redundant with a verified primary anchor; it was not retained and is not used to support a substantive or absence conclusion.","LEVEL_3_DISCOVERY","NOT_RETRIEVED","","","audit/phase2a1_raw_search_results/DEF/PHASE2A1-SEARCH-0037_dufour_forward_openalex.json","Discovery-only; not used in synthesis or an absence conclusion."
"A1DEF-0317","PHASE2A1-SEARCH-0037","2026-07-31","OpenAlex","Frontiers in VaR forecasting and backtesting","María Rosa Nieto; Esther Ruiz","2016","10.1016/j.ijforecast.2015.08.003","https://openalex.org/W2267959203","A1DEF-DUP-0284","FALSE_POSITIVE","Resolved at title/abstract/citation-context because the record was off-topic, application-specific, secondary, sequential-only, or methodologically redundant with a verified primary anchor; it was not retained and is not used to support a substantive or absence conclusion.","LEVEL_3_DISCOVERY","NOT_RETRIEVED","","","audit/phase2a1_raw_search_results/DEF/PHASE2A1-SEARCH-0037_dufour_forward_openalex.json","Discovery-only; not used in synthesis or an absence conclusion."
"A1DEF-0318","PHASE2A1-SEARCH-0037","2026-07-31","OpenAlex","Backtesting Value-at-Risk: A GMM Duration-Based Test","Bertrand Candelon; Gilbert Colletaz; Christophe Hurlin; Sessi Tokpavi","2010","10.1093/jjfinec/nbq025","https://openalex.org/W2238384965","A1DEF-DUP-0285","FALSE_POSITIVE","Resolved at title/abstract/citation-context because the record was off-topic, application-specific, secondary, sequential-only, or methodologically redundant with a verified primary anchor; it was not retained and is not used to support a substantive or absence conclusion.","LEVEL_3_DISCOVERY","NOT_RETRIEVED","","","audit/phase2a1_raw_search_results/DEF/PHASE2A1-SEARCH-0037_dufour_forward_openalex.json","Discovery-only; not used in synthesis or an absence conclusion."
"A1DEF-0319","PHASE2A1-SEARCH-0037","2026-07-31","OpenAlex","Testing the Mantel statistic with a spatially‐constrained permutation procedure","Julie Crabot; Sylvie Clappe; Stéphane Dray; Thibault Datry","2018","10.1111/2041-210x.13141","https://openalex.org/W2905752552","A1DEF-DUP-0286","FALSE_POSITIVE","Resolved at title/abstract/citation-context because the record was off-topic, application-specific, secondary, sequential-only, or methodologically redundant with a verified primary anchor; it was not retained and is not used to support a substantive or absence conclusion.","LEVEL_3_DISCOVERY","NOT_RETRIEVED","","","audit/phase2a1_raw_search_results/DEF/PHASE2A1-SEARCH-0037_dufour_forward_openalex.json","Discovery-only; not used in synthesis or an absence conclusion."
"A1DEF-0320","PHASE2A1-SEARCH-0037","2026-07-31","OpenAlex","Range-based DCC models for covariance and value-at-risk forecasting","Piotr Fiszeder; Marcin Fałdziński; Péter Molnár","2019","10.1016/j.jempfin.2019.08.004","https://openalex.org/W2969443233","A1DEF-DUP-0287","FALSE_POSITIVE","Resolved at title/abstract/citation-context because the record was off-topic, application-specific, secondary, sequential-only, or methodologically redundant with a verified primary anchor; it was not retained and is not used to support a substantive or absence conclusion.","LEVEL_3_DISCOVERY","NOT_RETRIEVED","","","audit/phase2a1_raw_search_results/DEF/PHASE2A1-SEARCH-0037_dufour_forward_openalex.json","Discovery-only; not used in synthesis or an absence conclusion."
"A1DEF-0321","PHASE2A1-SEARCH-0037","2026-07-31","OpenAlex","Likelihood inference in some finite mixture models","Xiaohong Chen; Maria Ponomareva; Elie Tamer","2014","10.1016/j.jeconom.2014.04.010","https://openalex.org/W2268235924","A1DEF-DUP-0288","FALSE_POSITIVE","Resolved at title/abstract/citation-context because the record was off-topic, application-specific, secondary, sequential-only, or methodologically redundant with a verified primary anchor; it was not retained and is not used to support a substantive or absence conclusion.","LEVEL_3_DISCOVERY","NOT_RETRIEVED","","","audit/phase2a1_raw_search_results/DEF/PHASE2A1-SEARCH-0037_dufour_forward_openalex.json","Discovery-only; not used in synthesis or an absence conclusion."
"A1DEF-0322","PHASE2A1-SEARCH-0037","2026-07-31","OpenAlex","Statistical Methods for Distributional Analysis","Frank Cowell; Emmanuel Flachaire","2014","10.1016/b978-0-444-59428-0.00007-2","https://openalex.org/W2218984867","A1DEF-DUP-0289","FALSE_POSITIVE","Resolved at title/abstract/citation-context because the record was off-topic, application-specific, secondary, sequential-only, or methodologically redundant with a verified primary anchor; it was not retained and is not used to support a substantive or absence conclusion.","LEVEL_3_DISCOVERY","NOT_RETRIEVED","","","audit/phase2a1_raw_search_results/DEF/PHASE2A1-SEARCH-0037_dufour_forward_openalex.json","Discovery-only; not used in synthesis or an absence conclusion."
"A1DEF-0323","PHASE2A1-SEARCH-0037","2026-07-31","OpenAlex","Multivariate Tests of Mean–Variance Efficiency With Possibly Non-Gaussian Errors","Marie‐Claude Beaulieu; Jean‐Marie Dufour; Lynda Khalaf","2007","10.1198/073500106000000468","https://openalex.org/W1996821855","A1DEF-DUP-0290","FALSE_POSITIVE","Resolved at title/abstract/citation-context because the record was off-topic, application-specific, secondary, sequential-only, or methodologically redundant with a verified primary anchor; it was not retained and is not used to support a substantive or absence conclusion.","LEVEL_3_DISCOVERY","NOT_RETRIEVED","","","audit/phase2a1_raw_search_results/DEF/PHASE2A1-SEARCH-0037_dufour_forward_openalex.json","Discovery-only; not used in synthesis or an absence conclusion."
"A1DEF-0324","PHASE2A1-SEARCH-0037","2026-07-31","OpenAlex","Filtering Out Expected Dividends and Expected Returns","Oleg Rytchkov","2012","10.1142/s2010139212500127","https://openalex.org/W2098114674","A1DEF-DUP-0291","FALSE_POSITIVE","Resolved at title/abstract/citation-context because the record was off-topic, application-specific, secondary, sequential-only, or methodologically redundant with a verified primary anchor; it was not retained and is not used to support a substantive or absence conclusion.","LEVEL_3_DISCOVERY","NOT_RETRIEVED","","","audit/phase2a1_raw_search_results/DEF/PHASE2A1-SEARCH-0037_dufour_forward_openalex.json","Discovery-only; not used in synthesis or an absence conclusion."
"A1DEF-0325","PHASE2A1-SEARCH-0037","2026-07-31","OpenAlex","A new set of improved Value-at-Risk backtests","Daniel Ziggel; Tobias Berens; Gregor Weiß; Dominik Wied","2014","10.1016/j.jbankfin.2014.07.005","https://openalex.org/W3123136836","A1DEF-DUP-0292","FALSE_POSITIVE","Resolved at title/abstract/citation-context because the record was off-topic, application-specific, secondary, sequential-only, or methodologically redundant with a verified primary anchor; it was not retained and is not used to support a substantive or absence conclusion.","LEVEL_3_DISCOVERY","NOT_RETRIEVED","","","audit/phase2a1_raw_search_results/DEF/PHASE2A1-SEARCH-0037_dufour_forward_openalex.json","Discovery-only; not used in synthesis or an absence conclusion."
"A1DEF-0326","PHASE2A1-SEARCH-0037","2026-07-31","OpenAlex","Efficient tests of long‐run causation in trivariate VAR processes with a rolling window study of the money–income relationship","Jonathan B. Hill","2007","10.1002/jae.925","https://openalex.org/W2149114159","A1DEF-DUP-0293","FALSE_POSITIVE","Resolved at title/abstract/citation-context because the record was off-topic, application-specific, secondary, sequential-only, or methodologically redundant with a verified primary anchor; it was not retained and is not used to support a substantive or absence conclusion.","LEVEL_3_DISCOVERY","NOT_RETRIEVED","","","audit/phase2a1_raw_search_results/DEF/PHASE2A1-SEARCH-0037_dufour_forward_openalex.json","Discovery-only; not used in synthesis or an absence conclusion."
"A1DEF-0327","PHASE2A1-SEARCH-0037","2026-07-31","OpenAlex","Improved multivariate portmanteau test","Esam Mahdi; A. Ian McLeod","2011","10.1111/j.1467-9892.2011.00752.x","https://openalex.org/W1908079346","A1DEF-DUP-0294","FALSE_POSITIVE","Resolved at title/abstract/citation-context because the record was off-topic, application-specific, secondary, sequential-only, or methodologically redundant with a verified primary anchor; it was not retained and is not used to support a substantive or absence conclusion.","LEVEL_3_DISCOVERY","NOT_RETRIEVED","","","audit/phase2a1_raw_search_results/DEF/PHASE2A1-SEARCH-0037_dufour_forward_openalex.json","Discovery-only; not used in synthesis or an absence conclusion."
"A1DEF-0328","PHASE2A1-SEARCH-0037","2026-07-31","OpenAlex","Bonferroni-based size-correction for nonstandard testing problems","Adam McCloskey","2017","10.1016/j.jeconom.2017.05.001","https://openalex.org/W2145680131","A1DEF-DUP-0295","FALSE_POSITIVE","Resolved at title/abstract/citation-context because the record was off-topic, application-specific, secondary, sequential-only, or methodologically redundant with a verified primary anchor; it was not retained and is not used to support a substantive or absence conclusion.","LEVEL_3_DISCOVERY","NOT_RETRIEVED","","","audit/phase2a1_raw_search_results/DEF/PHASE2A1-SEARCH-0037_dufour_forward_openalex.json","Discovery-only; not used in synthesis or an absence conclusion."
"A1DEF-0329","PHASE2A1-SEARCH-0037","2026-07-31","OpenAlex","Testing for a unit root in a stationary ESTAR process","Rehim Kılıç","2011","10.1080/07474938.2011.553511","https://openalex.org/W2150258130","A1DEF-DUP-0296","FALSE_POSITIVE","Resolved at title/abstract/citation-context because the record was off-topic, application-specific, secondary, sequential-only, or methodologically redundant with a verified primary anchor; it was not retained and is not used to support a substantive or absence conclusion.","LEVEL_3_DISCOVERY","NOT_RETRIEVED","","","audit/phase2a1_raw_search_results/DEF/PHASE2A1-SEARCH-0037_dufour_forward_openalex.json","Discovery-only; not used in synthesis or an absence conclusion."
"A1DEF-0330","PHASE2A1-SEARCH-0037","2026-07-31","OpenAlex","Exact computation of max weighted score estimators","Kostas Florios; Spyros Skouras","2008","10.1016/j.jeconom.2008.05.018","https://openalex.org/W2072812988","A1DEF-DUP-0297","FALSE_POSITIVE","Resolved at title/abstract/citation-context because the record was off-topic, application-specific, secondary, sequential-only, or methodologically redundant with a verified primary anchor; it was not retained and is not used to support a substantive or absence conclusion.","LEVEL_3_DISCOVERY","NOT_RETRIEVED","","","audit/phase2a1_raw_search_results/DEF/PHASE2A1-SEARCH-0037_dufour_forward_openalex.json","Discovery-only; not used in synthesis or an absence conclusion."
"A1DEF-0331","PHASE2A1-SEARCH-0037","2026-07-31","OpenAlex","Backtesting value-at-risk accuracy: a simple new test","Christophe Hurlin; Sessi Tokpavi","2007","10.21314/jor.2007.148","https://openalex.org/W2307270787","A1DEF-DUP-0298","FALSE_POSITIVE","Resolved at title/abstract/citation-context because the record was off-topic, application-specific, secondary, sequential-only, or methodologically redundant with a verified primary anchor; it was not retained and is not used to support a substantive or absence conclusion.","LEVEL_3_DISCOVERY","NOT_RETRIEVED","","","audit/phase2a1_raw_search_results/DEF/PHASE2A1-SEARCH-0037_dufour_forward_openalex.json","Discovery-only; not used in synthesis or an absence conclusion."
"A1DEF-0332","PHASE2A1-SEARCH-0037","2026-07-31","OpenAlex","Backtesting Value-at-Risk: From Dynamic Quantile to Dynamic Binary Tests","Elena-Ivona Dumitrescu; Christophe Hurlin; Vinson Pham","2012","10.3917/fina.331.0079","https://openalex.org/W1897669597","A1DEF-DUP-0299","FALSE_POSITIVE","Resolved at title/abstract/citation-context because the record was off-topic, application-specific, secondary, sequential-only, or methodologically redundant with a verified primary anchor; it was not retained and is not used to support a substantive or absence conclusion.","LEVEL_3_DISCOVERY","NOT_RETRIEVED","","","audit/phase2a1_raw_search_results/DEF/PHASE2A1-SEARCH-0037_dufour_forward_openalex.json","Discovery-only; not used in synthesis or an absence conclusion."
"A1DEF-0333","PHASE2A1-SEARCH-0037","2026-07-31","OpenAlex","A unified approach to investigate pure and wake-up-call contagion: Evidence from the Eurozone's first financial crisis","Alexander Ludwig","2014","10.1016/j.jimonfin.2014.07.008","https://openalex.org/W2000700623","A1DEF-DUP-0300","FALSE_POSITIVE","Resolved at title/abstract/citation-context because the record was off-topic, application-specific, secondary, sequential-only, or methodologically redundant with a verified primary anchor; it was not retained and is not used to support a substantive or absence conclusion.","LEVEL_3_DISCOVERY","NOT_RETRIEVED","","","audit/phase2a1_raw_search_results/DEF/PHASE2A1-SEARCH-0037_dufour_forward_openalex.json","Discovery-only; not used in synthesis or an absence conclusion."
"A1DEF-0334","PHASE2A1-SEARCH-0037","2026-07-31","OpenAlex","Asymmetric multivariate normal mixture GARCH","Markus Haas; Stefan Mittnik; Marc S. Paolella","2008","10.1016/j.csda.2007.12.018","https://openalex.org/W2125420460","A1DEF-DUP-0301","FALSE_POSITIVE","Resolved at title/abstract/citation-context because the record was off-topic, application-specific, secondary, sequential-only, or methodologically redundant with a verified primary anchor; it was not retained and is not used to support a substantive or absence conclusion.","LEVEL_3_DISCOVERY","NOT_RETRIEVED","","","audit/phase2a1_raw_search_results/DEF/PHASE2A1-SEARCH-0037_dufour_forward_openalex.json","Discovery-only; not used in synthesis or an absence conclusion."
"A1DEF-0335","PHASE2A1-SEARCH-0037","2026-07-31","OpenAlex","Volatility and quantile forecasts by realized stochastic volatility models with generalized hyperbolic distribution","Makoto Takahashi; Toshiaki Watanabe; Yasuhiro Omori","2016","10.1016/j.ijforecast.2015.07.005","https://openalex.org/W1519158075","A1DEF-DUP-0302","FALSE_POSITIVE","Resolved at title/abstract/citation-context because the record was off-topic, application-specific, secondary, sequential-only, or methodologically redundant with a verified primary anchor; it was not retained and is not used to support a substantive or absence conclusion.","LEVEL_3_DISCOVERY","NOT_RETRIEVED","","","audit/phase2a1_raw_search_results/DEF/PHASE2A1-SEARCH-0037_dufour_forward_openalex.json","Discovery-only; not used in synthesis or an absence conclusion."
"A1DEF-0336","PHASE2A1-SEARCH-0037","2026-07-31","OpenAlex","Testing for Granger causality in distribution tails: An application to oil markets integration","Bertrand Candelon; Marc Joëts; Sessi Tokpavi","2012","10.1016/j.econmod.2012.11.049","https://openalex.org/W2120803614","A1DEF-DUP-0303","FALSE_POSITIVE","Resolved at title/abstract/citation-context because the record was off-topic, application-specific, secondary, sequential-only, or methodologically redundant with a verified primary anchor; it was not retained and is not used to support a substantive or absence conclusion.","LEVEL_3_DISCOVERY","NOT_RETRIEVED","","","audit/phase2a1_raw_search_results/DEF/PHASE2A1-SEARCH-0037_dufour_forward_openalex.json","Discovery-only; not used in synthesis or an absence conclusion."
"A1DEF-0337","PHASE2A1-SEARCH-0037","2026-07-31","Crossref","Robust Hypothesis Testing with &lt;inline-formula&gt; &lt;tex-math notation=""LaTeX""&gt;$\alpha $&lt;/tex-math&gt; &lt;/inline-formula&gt;-Divergence","Gokhan Gul; Abdelhak M. Zoubir","2016","10.1109/tsp.2016.2569405","https://doi.org/10.1109/tsp.2016.2569405","A1DEF-DUP-0304","FULL_TEXT_INCLUDED","","LEVEL_1_LOAD_BEARING","AUTHOR_MANUSCRIPT_FULL_TEXT_INSPECTED","Section II uncertainty sets and saddle problem; Theorem 1 (least-favourable densities and test); maximum-uncertainty/overlap calculation in the robustness-range section.","NEW_CORPUS_CANDIDATE","audit/phase2a1_raw_search_results/DEF/PHASE2A1-SEARCH-0037_gul_zoubir_alpha_crossref.json","Exact one-observation minimax robust test for alpha-divergence neighborhoods; no established product-n or heterogeneous design guarantee."
"A1DEF-0338","PHASE2A1-SEARCH-0037","2026-07-31","Crossref","Minimax Robust Hypothesis Testing","Gokhan Gul; Abdelhak M. Zoubir","2017","10.1109/tit.2017.2693198","https://doi.org/10.1109/tit.2017.2693198","A1DEF-DUP-0305","FALSE_POSITIVE","Resolved at title/abstract/citation-context because the record was off-topic, application-specific, secondary, sequential-only, or methodologically redundant with a verified primary anchor; it was not retained and is not used to support a substantive or absence conclusion.","LEVEL_3_DISCOVERY","NOT_RETRIEVED","","","audit/phase2a1_raw_search_results/DEF/PHASE2A1-SEARCH-0037_gul_zoubir_minimax_crossref.json","Discovery-only; not used in synthesis or an absence conclusion."
"A1DEF-0339","PHASE2A1-SEARCH-0038","2026-07-31","OpenAlex","Non-asymptotic minimax rates of testing in signal detection","Yannick Baraud","2002","https://openalex.org/W1591122161","https://openalex.org/W1591122161","A1DEF-DUP-0306","FULL_TEXT_INCLUDED","","LEVEL_1_LOAD_BEARING","OFFICIAL_REPOSITORY_FULL_TEXT_INSPECTED","Section 1 equations (1)-(2); Proposition 1 and Theorem 1 pp. 4-5 equations (5)-(7) lower bound; Proposition 2 pp. 5-6 equations (8)-(10) constructive chi-square test; Propositions 3-4 pp. 7-8.","NEW_CORPUS_CANDIDATE","audit/phase2a1_raw_search_results/DEF/PHASE2A1-SEARCH-0038_baraud_anchor_exact_openalex.json","Nonasymptotic minimax upper and lower bounds for a simple Gaussian null versus geometric composite alternatives."
"A1DEF-0340","PHASE2A1-SEARCH-0038","2026-07-31","OpenAlex","Non-asymptotic minimax rates of testing in signal detection","Yannick Baraud","2002","https://openalex.org/W1591122161","https://openalex.org/W1591122161","A1DEF-DUP-0306","DUPLICATE","Duplicate occurrence of a record already dispositioned in this prospective ledger.","LEVEL_3_DISCOVERY","NOT_APPLICABLE","","","audit/phase2a1_raw_search_results/DEF/PHASE2A1-SEARCH-0038_baraud_anchor_openalex.json","Duplicate search occurrence; retained evidence is attached to the first occurrence."
"A1DEF-0341","PHASE2A1-SEARCH-0038","2026-07-31","OpenAlex","Optimal change-point detection and localization","Nicolas Verzélen; Magalie Fromont; Matthieu Lerasle; Patricia Reynaud-Bouret","2023","10.1214/23-aos2297","https://openalex.org/W3094239884","A1DEF-DUP-0307","FALSE_POSITIVE","Resolved at title/abstract/citation-context because the record was off-topic, application-specific, secondary, sequential-only, or methodologically redundant with a verified primary anchor; it was not retained and is not used to support a substantive or absence conclusion.","LEVEL_3_DISCOVERY","NOT_RETRIEVED","","","audit/phase2a1_raw_search_results/DEF/PHASE2A1-SEARCH-0038_baraud_anchor_openalex.json","Discovery-only; not used in synthesis or an absence conclusion."
"A1DEF-0342","PHASE2A1-SEARCH-0038","2026-07-31","OpenAlex","Adaptive tests of linear hypotheses by model selection","Yannick Baraud; Sylvie Huet; Béatrice Laurent","2003","10.1214/aos/1046294463","https://openalex.org/W2116029813","A1DEF-DUP-0308","FULL_TEXT_INCLUDED","","LEVEL_1_LOAD_BEARING","OFFICIAL_REPOSITORY_FULL_TEXT_INSPECTED","Section 2 equations (2)-(5) exact level; Theorem 1 pp.230-231 finite-n power set; Proposition 1 p.231; Corollaries 1-2 pp.233-236; explicit restriction to IID Gaussian errors p.227.","NEW_CORPUS_CANDIDATE","audit/phase2a1_raw_search_results/DEF/PHASE2A1-SEARCH-0038_baraud_anchor_openalex.json","Constructive nonasymptotic test of a composite linear-subspace null with unknown common variance and explicit power conditions; model-specific, IID Gaussian."
"A1DEF-0343","PHASE2A1-SEARCH-0038","2026-07-31","OpenAlex","Minimax optimal conditional independence testing","Matey Neykov; Sivaraman Balakrishnan; Larry Wasserman","2021","10.1214/20-aos2030","https://openalex.org/W2999595535","A1DEF-DUP-0309","FALSE_POSITIVE","Resolved at title/abstract/citation-context because the record was off-topic, application-specific, secondary, sequential-only, or methodologically redundant with a verified primary anchor; it was not retained and is not used to support a substantive or absence conclusion.","LEVEL_3_DISCOVERY","NOT_RETRIEVED","","","audit/phase2a1_raw_search_results/DEF/PHASE2A1-SEARCH-0038_baraud_anchor_openalex.json","Discovery-only; not used in synthesis or an absence conclusion."
"A1DEF-0344","PHASE2A1-SEARCH-0038","2026-07-31","OpenAlex","Minimax risks for sparse regressions: Ultra-high dimensional phenomenons","Nicolas Verzélen","2012","10.1214/12-ejs666","https://openalex.org/W1992898147","A1DEF-DUP-0111","DUPLICATE","Duplicate occurrence of a record already dispositioned in this prospective ledger.","LEVEL_3_DISCOVERY","NOT_APPLICABLE","","","audit/phase2a1_raw_search_results/DEF/PHASE2A1-SEARCH-0038_baraud_anchor_openalex.json","Duplicate search occurrence; retained evidence is attached to the first occurrence."
"A1DEF-0345","PHASE2A1-SEARCH-0038","2026-07-31","OpenAlex","Exchangeability and related topics","David Aldous","1985","10.1007/bfb0099421","https://openalex.org/W263845233","A1DEF-DUP-0310","FALSE_POSITIVE","Resolved at title/abstract/citation-context because the record was off-topic, application-specific, secondary, sequential-only, or methodologically redundant with a verified primary anchor; it was not retained and is not used to support a substantive or absence conclusion.","LEVEL_3_DISCOVERY","NOT_RETRIEVED","","","audit/phase2a1_raw_search_results/DEF/PHASE2A1-SEARCH-0038_baraud_backward_openalex.json","Discovery-only; not used in synthesis or an absence conclusion."
"A1DEF-0346","PHASE2A1-SEARCH-0038","2026-07-31","OpenAlex","Asymptotic Methods in Statistical Decision Theory","Lucien Le Cam","1986","10.1007/978-1-4612-4946-7","https://openalex.org/W1535258871","A1DEF-DUP-0311","FALSE_POSITIVE","Resolved at title/abstract/citation-context because the record was off-topic, application-specific, secondary, sequential-only, or methodologically redundant with a verified primary anchor; it was not retained and is not used to support a substantive or absence conclusion.","LEVEL_3_DISCOVERY","NOT_RETRIEVED","","","audit/phase2a1_raw_search_results/DEF/PHASE2A1-SEARCH-0038_baraud_backward_openalex.json","Discovery-only; not used in synthesis or an absence conclusion."
"A1DEF-0347","PHASE2A1-SEARCH-0038","2026-07-31","OpenAlex","Adaptive estimation of a quadratic functional by model selection","Béatrice Laurent; Pascal Massart","2000","10.1214/aos/1015957395","https://openalex.org/W1560153690","A1DEF-DUP-0312","FALSE_POSITIVE","Resolved at title/abstract/citation-context because the record was off-topic, application-specific, secondary, sequential-only, or methodologically redundant with a verified primary anchor; it was not retained and is not used to support a substantive or absence conclusion.","LEVEL_3_DISCOVERY","NOT_RETRIEVED","","","audit/phase2a1_raw_search_results/DEF/PHASE2A1-SEARCH-0038_baraud_backward_openalex.json","Discovery-only; not used in synthesis or an absence conclusion."
"A1DEF-0348","PHASE2A1-SEARCH-0038","2026-07-31","OpenAlex","Minimax estimation via wavelet shrinkage","David L. Donoho; Iain M. Johnstone","1998","10.1214/aos/1024691081","https://openalex.org/W2033484654","A1DEF-DUP-0313","FALSE_POSITIVE","Resolved at title/abstract/citation-context because the record was off-topic, application-specific, secondary, sequential-only, or methodologically redundant with a verified primary anchor; it was not retained and is not used to support a substantive or absence conclusion.","LEVEL_3_DISCOVERY","NOT_RETRIEVED","","","audit/phase2a1_raw_search_results/DEF/PHASE2A1-SEARCH-0038_baraud_backward_openalex.json","Discovery-only; not used in synthesis or an absence conclusion."
"A1DEF-0349","PHASE2A1-SEARCH-0038","2026-07-31","OpenAlex","Gaussian model selection","Lucien Birgé; Pascal Massart","2001","10.1007/s100970100031","https://openalex.org/W1995771589","A1DEF-DUP-0314","FALSE_POSITIVE","Resolved at title/abstract/citation-context because the record was off-topic, application-specific, secondary, sequential-only, or methodologically redundant with a verified primary anchor; it was not retained and is not used to support a substantive or absence conclusion.","LEVEL_3_DISCOVERY","NOT_RETRIEVED","","","audit/phase2a1_raw_search_results/DEF/PHASE2A1-SEARCH-0038_baraud_backward_openalex.json","Discovery-only; not used in synthesis or an absence conclusion."
"A1DEF-0350","PHASE2A1-SEARCH-0038","2026-07-31","OpenAlex","Adaptive hypothesis testing using wavelets","Vladimir Spokoiny","1996","10.1214/aos/1032181163","https://openalex.org/W1973598141","A1DEF-DUP-0315","FALSE_POSITIVE","Resolved at title/abstract/citation-context because the record was off-topic, application-specific, secondary, sequential-only, or methodologically redundant with a verified primary anchor; it was not retained and is not used to support a substantive or absence conclusion.","LEVEL_3_DISCOVERY","NOT_RETRIEVED","","","audit/phase2a1_raw_search_results/DEF/PHASE2A1-SEARCH-0038_baraud_backward_openalex.json","Discovery-only; not used in synthesis or an absence conclusion."
"A1DEF-0351","PHASE2A1-SEARCH-0038","2026-07-31","OpenAlex","An alternative point of view on Lepski's method","Lucien Birgé","2001","10.1214/lnms/1215090065","https://openalex.org/W2111992537","A1DEF-DUP-0316","FALSE_POSITIVE","Resolved at title/abstract/citation-context because the record was off-topic, application-specific, secondary, sequential-only, or methodologically redundant with a verified primary anchor; it was not retained and is not used to support a substantive or absence conclusion.","LEVEL_3_DISCOVERY","NOT_RETRIEVED","","","audit/phase2a1_raw_search_results/DEF/PHASE2A1-SEARCH-0038_baraud_backward_openalex.json","Discovery-only; not used in synthesis or an absence conclusion."
"A1DEF-0352","PHASE2A1-SEARCH-0038","2026-07-31","OpenAlex","Adaptive tests of linear hypotheses by model selection","Yannick Baraud; Sylvie Huet; Béatrice Laurent","2003","10.1214/aos/1046294463","https://openalex.org/W2116029813","A1DEF-DUP-0308","DUPLICATE","Duplicate occurrence of a record already dispositioned in this prospective ledger.","LEVEL_3_DISCOVERY","NOT_APPLICABLE","","","audit/phase2a1_raw_search_results/DEF/PHASE2A1-SEARCH-0038_baraud_backward_openalex.json","Duplicate search occurrence; retained evidence is attached to the first occurrence."
"A1DEF-0353","PHASE2A1-SEARCH-0038","2026-07-31","OpenAlex","Minimax Detection of a Signal In a Gaussian White Noise","Mikhail Ermakov","1991","10.1137/1135098","https://openalex.org/W2052013665","A1DEF-DUP-0317","FALSE_POSITIVE","Resolved at title/abstract/citation-context because the record was off-topic, application-specific, secondary, sequential-only, or methodologically redundant with a verified primary anchor; it was not retained and is not used to support a substantive or absence conclusion.","LEVEL_3_DISCOVERY","NOT_RETRIEVED","","","audit/phase2a1_raw_search_results/DEF/PHASE2A1-SEARCH-0038_baraud_backward_openalex.json","Discovery-only; not used in synthesis or an absence conclusion."
"A1DEF-0354","PHASE2A1-SEARCH-0038","2026-07-31","OpenAlex","Minimax Nonparametric Hypothesis Testing: The Case of an Inhomogeneous Alternative","Oleg Lepski; Vladimir Spokoiny","1999","10.2307/3318439","https://openalex.org/W1997875843","A1DEF-DUP-0087","DUPLICATE","Duplicate occurrence of a record already dispositioned in this prospective ledger.","LEVEL_3_DISCOVERY","NOT_APPLICABLE","","","audit/phase2a1_raw_search_results/DEF/PHASE2A1-SEARCH-0038_baraud_backward_openalex.json","Duplicate search occurrence; retained evidence is attached to the first occurrence."
"A1DEF-0355","PHASE2A1-SEARCH-0038","2026-07-31","OpenAlex","A New Test of Linear Hypothesis in Regression","Yannick Baraud; Sylvie Huet; Béatrice Laurent","2002","10.1007/978-1-4612-0103-8_15","https://openalex.org/W165709456","A1DEF-DUP-0318","FALSE_POSITIVE","Resolved at title/abstract/citation-context because the record was off-topic, application-specific, secondary, sequential-only, or methodologically redundant with a verified primary anchor; it was not retained and is not used to support a substantive or absence conclusion.","LEVEL_3_DISCOVERY","NOT_RETRIEVED","","","audit/phase2a1_raw_search_results/DEF/PHASE2A1-SEARCH-0038_baraud_backward_openalex.json","Discovery-only; not used in synthesis or an absence conclusion."
"A1DEF-0356","PHASE2A1-SEARCH-0038","2026-07-31","OpenAlex","Testing Statistical Hypotheses","Magdalena Niewiadomska-Bugaj; Robert Bartoszynski","2021","10.1002/9781119243830.ch12","https://openalex.org/W2045638068","A1DEF-DUP-0319","FALSE_POSITIVE","Resolved at title/abstract/citation-context because the record was off-topic, application-specific, secondary, sequential-only, or methodologically redundant with a verified primary anchor; it was not retained and is not used to support a substantive or absence conclusion.","LEVEL_3_DISCOVERY","NOT_RETRIEVED","","","audit/phase2a1_raw_search_results/DEF/PHASE2A1-SEARCH-0038_baraud_backward_openalex.json","Discovery-only; not used in synthesis or an absence conclusion."
"A1DEF-0357","PHASE2A1-SEARCH-0038","2026-07-31","OpenAlex","Mathematical Foundations of Infinite-Dimensional Statistical Models","Evarist Giné; Richard Nickl","2015","10.1017/cbo9781107337862","https://openalex.org/W2344998188","A1DEF-DUP-0320","FALSE_POSITIVE","Resolved at title/abstract/citation-context because the record was off-topic, application-specific, secondary, sequential-only, or methodologically redundant with a verified primary anchor; it was not retained and is not used to support a substantive or absence conclusion.","LEVEL_3_DISCOVERY","NOT_RETRIEVED","","","audit/phase2a1_raw_search_results/DEF/PHASE2A1-SEARCH-0038_baraud_forward_openalex.json","Discovery-only; not used in synthesis or an absence conclusion."
"A1DEF-0358","PHASE2A1-SEARCH-0038","2026-07-31","OpenAlex","Optimal detection of sparse principal components in high dimension","Quentin Berthet; Philippe Rigollet","2013","10.1214/13-aos1127","https://openalex.org/W2006452405","A1DEF-DUP-0321","FALSE_POSITIVE","Resolved at title/abstract/citation-context because the record was off-topic, application-specific, secondary, sequential-only, or methodologically redundant with a verified primary anchor; it was not retained and is not used to support a substantive or absence conclusion.","LEVEL_3_DISCOVERY","NOT_RETRIEVED","","","audit/phase2a1_raw_search_results/DEF/PHASE2A1-SEARCH-0038_baraud_forward_openalex.json","Discovery-only; not used in synthesis or an absence conclusion."
"A1DEF-0359","PHASE2A1-SEARCH-0038","2026-07-31","OpenAlex","Two-Sample Covariance Matrix Testing and Support Recovery in High-Dimensional and Sparse Settings","Tommaso Cai; Weidong Liu; Xia Yin","2013","10.1080/01621459.2012.758041","https://openalex.org/W1992362262","A1DEF-DUP-0322","FALSE_POSITIVE","Resolved at title/abstract/citation-context because the record was off-topic, application-specific, secondary, sequential-only, or methodologically redundant with a verified primary anchor; it was not retained and is not used to support a substantive or absence conclusion.","LEVEL_3_DISCOVERY","NOT_RETRIEVED","","","audit/phase2a1_raw_search_results/DEF/PHASE2A1-SEARCH-0038_baraud_forward_openalex.json","Discovery-only; not used in synthesis or an absence conclusion."
"A1DEF-0360","PHASE2A1-SEARCH-0038","2026-07-31","OpenAlex","Confidence intervals for high-dimensional linear regression: Minimax rates and adaptivity","Tommaso Cai; Zijian Guo","2017","10.1214/16-aos1461","https://openalex.org/W1666335228","A1DEF-DUP-0323","FALSE_POSITIVE","Resolved at title/abstract/citation-context because the record was off-topic, application-specific, secondary, sequential-only, or methodologically redundant with a verified primary anchor; it was not retained and is not used to support a substantive or absence conclusion.","LEVEL_3_DISCOVERY","NOT_RETRIEVED","","","audit/phase2a1_raw_search_results/DEF/PHASE2A1-SEARCH-0038_baraud_forward_openalex.json","Discovery-only; not used in synthesis or an absence conclusion."
"A1DEF-0361","PHASE2A1-SEARCH-0038","2026-07-31","OpenAlex","Testing differential networks with applications to the detection of gene-gene interactions","Xia Yin; Tianxi Cai; Tommaso Cai","2015","10.1093/biomet/asu074","https://openalex.org/W2063751559","A1DEF-DUP-0324","FALSE_POSITIVE","Resolved at title/abstract/citation-context because the record was off-topic, application-specific, secondary, sequential-only, or methodologically redundant with a verified primary anchor; it was not retained and is not used to support a substantive or absence conclusion.","LEVEL_3_DISCOVERY","NOT_RETRIEVED","","","audit/phase2a1_raw_search_results/DEF/PHASE2A1-SEARCH-0038_baraud_forward_openalex.json","Discovery-only; not used in synthesis or an absence conclusion."
"A1DEF-0362","PHASE2A1-SEARCH-0038","2026-07-31","OpenAlex","On combinatorial testing problems","Louigi Addario‐Berry; Nicolas Broutin; Luc Devroye; Gábor Lugosi","2010","10.1214/10-aos817","https://openalex.org/W2166043450","A1DEF-DUP-0107","DUPLICATE","Duplicate occurrence of a record already dispositioned in this prospective ledger.","LEVEL_3_DISCOVERY","NOT_APPLICABLE","","","audit/phase2a1_raw_search_results/DEF/PHASE2A1-SEARCH-0038_baraud_forward_openalex.json","Duplicate search occurrence; retained evidence is attached to the first occurrence."
"A1DEF-0363","PHASE2A1-SEARCH-0038","2026-07-31","OpenAlex","High-dimensional change-point detection under sparse alternatives","Farida Enikeeva; Zaïd Harchaoui","2019","10.1214/18-aos1740","https://openalex.org/W2963416868","A1DEF-DUP-0110","DUPLICATE","Duplicate occurrence of a record already dispositioned in this prospective ledger.","LEVEL_3_DISCOVERY","NOT_APPLICABLE","","","audit/phase2a1_raw_search_results/DEF/PHASE2A1-SEARCH-0038_baraud_forward_openalex.json","Duplicate search occurrence; retained evidence is attached to the first occurrence."
"A1DEF-0364","PHASE2A1-SEARCH-0038","2026-07-31","OpenAlex","Distribution-free tests of independence in high dimensions","Fang Han; Shizhe Chen; Han Liu","2017","10.1093/biomet/asx050","https://openalex.org/W2964281409","A1DEF-DUP-0325","FALSE_POSITIVE","Resolved at title/abstract/citation-context because the record was off-topic, application-specific, secondary, sequential-only, or methodologically redundant with a verified primary anchor; it was not retained and is not used to support a substantive or absence conclusion.","LEVEL_3_DISCOVERY","NOT_RETRIEVED","","","audit/phase2a1_raw_search_results/DEF/PHASE2A1-SEARCH-0038_baraud_forward_openalex.json","Discovery-only; not used in synthesis or an absence conclusion."
"A1DEF-0365","PHASE2A1-SEARCH-0038","2026-07-31","OpenAlex","Global and Simultaneous Hypothesis Testing for High-Dimensional Logistic Regression Models","Rong Ma; Tommaso Cai; Hongzhe Li","2020","10.1080/01621459.2019.1699421","https://openalex.org/W2803956787","A1DEF-DUP-0326","FALSE_POSITIVE","Resolved at title/abstract/citation-context because the record was off-topic, application-specific, secondary, sequential-only, or methodologically redundant with a verified primary anchor; it was not retained and is not used to support a substantive or absence conclusion.","LEVEL_3_DISCOVERY","NOT_RETRIEVED","","","audit/phase2a1_raw_search_results/DEF/PHASE2A1-SEARCH-0038_baraud_forward_openalex.json","Discovery-only; not used in synthesis or an absence conclusion."
"A1DEF-0366","PHASE2A1-SEARCH-0038","2026-07-31","OpenAlex","Estimation and inference in functional mixed-effects models","Anestis Antoniadis; Theofanis Sapatinas","2006","10.1016/j.csda.2006.09.038","https://openalex.org/W2157220229","A1DEF-DUP-0327","FALSE_POSITIVE","Resolved at title/abstract/citation-context because the record was off-topic, application-specific, secondary, sequential-only, or methodologically redundant with a verified primary anchor; it was not retained and is not used to support a substantive or absence conclusion.","LEVEL_3_DISCOVERY","NOT_RETRIEVED","","","audit/phase2a1_raw_search_results/DEF/PHASE2A1-SEARCH-0038_baraud_forward_openalex.json","Discovery-only; not used in synthesis or an absence conclusion."
"A1DEF-0367","PHASE2A1-SEARCH-0038","2026-07-31","OpenAlex","An adaptation theory for nonparametric confidence intervals","T. Tony Cai; Mark G. Low","2004","10.1214/009053604000000049","https://openalex.org/W2095067256","A1DEF-DUP-0328","FALSE_POSITIVE","Resolved at title/abstract/citation-context because the record was off-topic, application-specific, secondary, sequential-only, or methodologically redundant with a verified primary anchor; it was not retained and is not used to support a substantive or absence conclusion.","LEVEL_3_DISCOVERY","NOT_RETRIEVED","","","audit/phase2a1_raw_search_results/DEF/PHASE2A1-SEARCH-0038_baraud_forward_openalex.json","Discovery-only; not used in synthesis or an absence conclusion."
"A1DEF-0368","PHASE2A1-SEARCH-0038","2026-07-31","OpenAlex","Nonquadratic estimators of a quadratic functional","Tommaso Cai; Mark G. Low","2005","10.1214/009053605000000147","https://openalex.org/W2025612377","A1DEF-DUP-0329","FALSE_POSITIVE","Resolved at title/abstract/citation-context because the record was off-topic, application-specific, secondary, sequential-only, or methodologically redundant with a verified primary anchor; it was not retained and is not used to support a substantive or absence conclusion.","LEVEL_3_DISCOVERY","NOT_RETRIEVED","","","audit/phase2a1_raw_search_results/DEF/PHASE2A1-SEARCH-0038_baraud_forward_openalex.json","Discovery-only; not used in synthesis or an absence conclusion."
"A1DEF-0369","PHASE2A1-SEARCH-0038","2026-07-31","OpenAlex","Adaptive tests of linear hypotheses by model selection","Yannick Baraud; Sylvie Huet; Béatrice Laurent","2003","10.1214/aos/1046294463","https://openalex.org/W2116029813","A1DEF-DUP-0308","DUPLICATE","Duplicate occurrence of a record already dispositioned in this prospective ledger.","LEVEL_3_DISCOVERY","NOT_APPLICABLE","","","audit/phase2a1_raw_search_results/DEF/PHASE2A1-SEARCH-0038_baraud_forward_openalex.json","Duplicate search occurrence; retained evidence is attached to the first occurrence."
"A1DEF-0370","PHASE2A1-SEARCH-0038","2026-07-31","OpenAlex","OPTIMAL ADAPTIVE ESTIMATION OF A QUADRATIC FUNCTIONAL","Tommaso Cai; Mark G. Low","2006","https://openalex.org/W3103631397","https://openalex.org/W3103631397","A1DEF-DUP-0330","FALSE_POSITIVE","Resolved at title/abstract/citation-context because the record was off-topic, application-specific, secondary, sequential-only, or methodologically redundant with a verified primary anchor; it was not retained and is not used to support a substantive or absence conclusion.","LEVEL_3_DISCOVERY","NOT_RETRIEVED","","","audit/phase2a1_raw_search_results/DEF/PHASE2A1-SEARCH-0038_baraud_forward_openalex.json","Discovery-only; not used in synthesis or an absence conclusion."
"A1DEF-0371","PHASE2A1-SEARCH-0038","2026-07-31","OpenAlex","Two-sample tests for high-dimension, strongly spiked eigenvalue models","Makoto Aoshima; Kazuyoshi Yata","2017","10.5705/ss.202016.0063","https://openalex.org/W2588527329","A1DEF-DUP-0331","FALSE_POSITIVE","Resolved at title/abstract/citation-context because the record was off-topic, application-specific, secondary, sequential-only, or methodologically redundant with a verified primary anchor; it was not retained and is not used to support a substantive or absence conclusion.","LEVEL_3_DISCOVERY","NOT_RETRIEVED","","","audit/phase2a1_raw_search_results/DEF/PHASE2A1-SEARCH-0038_baraud_forward_openalex.json","Discovery-only; not used in synthesis or an absence conclusion."
"A1DEF-0372","PHASE2A1-SEARCH-0038","2026-07-31","OpenAlex","DETECTION OF CORRELATIONS","Ery Arias-Castro; Sébastien Bubeck; Gábor Lugosi","2012","https://openalex.org/W3104928457","https://openalex.org/W3104928457","A1DEF-DUP-0332","FALSE_POSITIVE","Resolved at title/abstract/citation-context because the record was off-topic, application-specific, secondary, sequential-only, or methodologically redundant with a verified primary anchor; it was not retained and is not used to support a substantive or absence conclusion.","LEVEL_3_DISCOVERY","NOT_RETRIEVED","","","audit/phase2a1_raw_search_results/DEF/PHASE2A1-SEARCH-0038_baraud_forward_openalex.json","Discovery-only; not used in synthesis or an absence conclusion."
"A1DEF-0373","PHASE2A1-SEARCH-0038","2026-07-31","OpenAlex","Minimax adaptive tests for the functional linear model","Nadine Hilgert; André Mas; Nicolas Verzélen","2013","10.1214/13-aos1093","https://openalex.org/W2121922297","A1DEF-DUP-0333","FALSE_POSITIVE","Resolved at title/abstract/citation-context because the record was off-topic, application-specific, secondary, sequential-only, or methodologically redundant with a verified primary anchor; it was not retained and is not used to support a substantive or absence conclusion.","LEVEL_3_DISCOVERY","NOT_RETRIEVED","","","audit/phase2a1_raw_search_results/DEF/PHASE2A1-SEARCH-0038_baraud_forward_openalex.json","Discovery-only; not used in synthesis or an absence conclusion."
"A1DEF-0374","PHASE2A1-SEARCH-0038","2026-07-31","OpenAlex","AN ADAPTATION THEORY FOR NONPARAMETRIC CONFIDENCE INTERVALS1","T. Tony; Cai; Mark G. Low","2004","https://openalex.org/W3098956361","https://openalex.org/W3098956361","A1DEF-DUP-0334","FALSE_POSITIVE","Resolved at title/abstract/citation-context because the record was off-topic, application-specific, secondary, sequential-only, or methodologically redundant with a verified primary anchor; it was not retained and is not used to support a substantive or absence conclusion.","LEVEL_3_DISCOVERY","NOT_RETRIEVED","","","audit/phase2a1_raw_search_results/DEF/PHASE2A1-SEARCH-0038_baraud_forward_openalex.json","Discovery-only; not used in synthesis or an absence conclusion."
"A1DEF-0375","PHASE2A1-SEARCH-0038","2026-07-31","OpenAlex","Optimal change-point detection and localization","Nicolas Verzélen; Magalie Fromont; Matthieu Lerasle; Patricia Reynaud-Bouret","2023","10.1214/23-aos2297","https://openalex.org/W3094239884","A1DEF-DUP-0307","DUPLICATE","Duplicate occurrence of a record already dispositioned in this prospective ledger.","LEVEL_3_DISCOVERY","NOT_APPLICABLE","","","audit/phase2a1_raw_search_results/DEF/PHASE2A1-SEARCH-0038_baraud_forward_openalex.json","Duplicate search occurrence; retained evidence is attached to the first occurrence."
"A1DEF-0376","PHASE2A1-SEARCH-0038","2026-07-31","OpenAlex","Hypothesis testing for high-dimensional sparse binary regression","Rajarshi Mukherjee; Natesh S. Pillai; Xihong Lin","2015","10.1214/14-aos1279","https://openalex.org/W2014100575","A1DEF-DUP-0335","FALSE_POSITIVE","Resolved at title/abstract/citation-context because the record was off-topic, application-specific, secondary, sequential-only, or methodologically redundant with a verified primary anchor; it was not retained and is not used to support a substantive or absence conclusion.","LEVEL_3_DISCOVERY","NOT_RETRIEVED","","","audit/phase2a1_raw_search_results/DEF/PHASE2A1-SEARCH-0038_baraud_forward_openalex.json","Discovery-only; not used in synthesis or an absence conclusion."
"A1DEF-0377","PHASE2A1-SEARCH-0038","2026-07-31","OpenAlex","Adaptive test of independence based on HSIC measures","Mélisande Albert; Béatrice Laurent; Amandine Marrel; Anouar Meynaoui","2022","10.1214/21-aos2129","https://openalex.org/W2970964708","A1DEF-DUP-0336","FALSE_POSITIVE","Resolved at title/abstract/citation-context because the record was off-topic, application-specific, secondary, sequential-only, or methodologically redundant with a verified primary anchor; it was not retained and is not used to support a substantive or absence conclusion.","LEVEL_3_DISCOVERY","NOT_RETRIEVED","","","audit/phase2a1_raw_search_results/DEF/PHASE2A1-SEARCH-0038_baraud_forward_openalex.json","Discovery-only; not used in synthesis or an absence conclusion."
"A1DEF-0378","PHASE2A1-SEARCH-0038","2026-07-31","OpenAlex","2 Detecting Positive Correlations in a Multivariate Sample","Ery Arias-Castro","2012","https://openalex.org/W3103097280","https://openalex.org/W3103097280","A1DEF-DUP-0337","FALSE_POSITIVE","Resolved at title/abstract/citation-context because the record was off-topic, application-specific, secondary, sequential-only, or methodologically redundant with a verified primary anchor; it was not retained and is not used to support a substantive or absence conclusion.","LEVEL_3_DISCOVERY","NOT_RETRIEVED","","","audit/phase2a1_raw_search_results/DEF/PHASE2A1-SEARCH-0038_baraud_forward_openalex.json","Discovery-only; not used in synthesis or an absence conclusion."
"A1DEF-0379","PHASE2A1-SEARCH-0038","2026-07-31","OpenAlex","Testing inverse problems: A direct or an indirect problem?","Béatrice Laurent; Jean–Michel Loubes; Clément Marteau","2010","10.1016/j.jspi.2010.11.035","https://openalex.org/W1986264423","A1DEF-DUP-0338","FALSE_POSITIVE","Resolved at title/abstract/citation-context because the record was off-topic, application-specific, secondary, sequential-only, or methodologically redundant with a verified primary anchor; it was not retained and is not used to support a substantive or absence conclusion.","LEVEL_3_DISCOVERY","NOT_RETRIEVED","","","audit/phase2a1_raw_search_results/DEF/PHASE2A1-SEARCH-0038_baraud_forward_openalex.json","Discovery-only; not used in synthesis or an absence conclusion."
"A1DEF-0380","PHASE2A1-SEARCH-0038","2026-07-31","OpenAlex","Two-sample hypothesis testing for inhomogeneous random graphs","Debarghya Ghoshdastidar; Maurilio Gutzeit; Alexandra Carpentier; Ulrike von Luxburg","2020","10.1214/19-aos1884","https://openalex.org/W2748846107","A1DEF-DUP-0104","DUPLICATE","Duplicate occurrence of a record already dispositioned in this prospective ledger.","LEVEL_3_DISCOVERY","NOT_APPLICABLE","","","audit/phase2a1_raw_search_results/DEF/PHASE2A1-SEARCH-0038_baraud_forward_openalex.json","Duplicate search occurrence; retained evidence is attached to the first occurrence."
"A1DEF-0381","PHASE2A1-SEARCH-0038","2026-07-31","OpenAlex","Minimax optimality of permutation tests","Ilmun Kim; Sivaraman Balakrishnan; Larry Wasserman","2022","10.1214/21-aos2103","https://openalex.org/W4212851319","A1DEF-DUP-0339","FALSE_POSITIVE","Resolved at title/abstract/citation-context because the record was off-topic, application-specific, secondary, sequential-only, or methodologically redundant with a verified primary anchor; it was not retained and is not used to support a substantive or absence conclusion.","LEVEL_3_DISCOVERY","NOT_RETRIEVED","","","audit/phase2a1_raw_search_results/DEF/PHASE2A1-SEARCH-0038_baraud_forward_openalex.json","Discovery-only; not used in synthesis or an absence conclusion."
"A1DEF-0382","PHASE2A1-SEARCH-0038","2026-07-31","Crossref","Minimax testing of a composite null hypothesis defined via a quadratic functional in the model of regression","Laëtitia Comminges; Arnak S. Dalalyan","2013","10.1214/13-ejs766","https://doi.org/10.1214/13-ejs766","A1DEF-DUP-0103","DUPLICATE","Duplicate occurrence of a record already dispositioned in this prospective ledger.","LEVEL_3_DISCOVERY","NOT_APPLICABLE","","","audit/phase2a1_raw_search_results/DEF/PHASE2A1-SEARCH-0038_comminges_dalalyan_crossref.json","Duplicate search occurrence; retained evidence is attached to the first occurrence."
"A1DEF-0383","PHASE2A1-SEARCH-0038","2026-07-31","OpenAlex","Non asymptotic minimax rates of testing in signal detection with heterogeneous variances","Béatrice Laurent; Jean–Michel Loubes; Clément Marteau","2012","10.1214/12-ejs667","https://openalex.org/W2060233947","A1DEF-DUP-0340","FULL_TEXT_INCLUDED","","LEVEL_1_LOAD_BEARING","PUBLISHER_FULL_TEXT_INSPECTED","Section 2 Proposition 1 and Theorem 1 (lower bounds); Section 3 Proposition 2 and Theorem 2 (constructive upper bounds); Section 4 Proposition 3 and Theorem 3; Section 5.1 Lemma 1 and Section 5.2 equation (5.19).","NEW_CORPUS_CANDIDATE","audit/phase2a1_raw_search_results/DEF/PHASE2A1-SEARCH-0038_laurent_anchor_openalex.json","Finite-sample uniform Type-I/II upper bounds and minimax lower bounds with independent heterogeneous Gaussian coordinates of known variance."
"A1DEF-0384","PHASE2A1-SEARCH-0038","2026-07-31","OpenAlex","Adaptive estimation of a quadratic functional by model selection","Béatrice Laurent; Pascal Massart","2000","10.1214/aos/1015957395","https://openalex.org/W1560153690","A1DEF-DUP-0312","DUPLICATE","Duplicate occurrence of a record already dispositioned in this prospective ledger.","LEVEL_3_DISCOVERY","NOT_APPLICABLE","","","audit/phase2a1_raw_search_results/DEF/PHASE2A1-SEARCH-0038_laurent_backward_openalex.json","Duplicate search occurrence; retained evidence is attached to the first occurrence."
"A1DEF-0385","PHASE2A1-SEARCH-0038","2026-07-31","OpenAlex","A Statistical Perspective on Ill-Posed Inverse Problems","Finbarr O’Sullivan","1986","10.1214/ss/1177013525","https://openalex.org/W2140054106","A1DEF-DUP-0341","FALSE_POSITIVE","Resolved at title/abstract/citation-context because the record was off-topic, application-specific, secondary, sequential-only, or methodologically redundant with a verified primary anchor; it was not retained and is not used to support a substantive or absence conclusion.","LEVEL_3_DISCOVERY","NOT_RETRIEVED","","","audit/phase2a1_raw_search_results/DEF/PHASE2A1-SEARCH-0038_laurent_backward_openalex.json","Discovery-only; not used in synthesis or an absence conclusion."
"A1DEF-0386","PHASE2A1-SEARCH-0038","2026-07-31","OpenAlex","Nonlinear Solution of Linear Inverse Problems by Wavelet–Vaguelette Decomposition","David L. Donoho","1995","10.1006/acha.1995.1008","https://openalex.org/W2092543127","A1DEF-DUP-0342","FALSE_POSITIVE","Resolved at title/abstract/citation-context because the record was off-topic, application-specific, secondary, sequential-only, or methodologically redundant with a verified primary anchor; it was not retained and is not used to support a substantive or absence conclusion.","LEVEL_3_DISCOVERY","NOT_RETRIEVED","","","audit/phase2a1_raw_search_results/DEF/PHASE2A1-SEARCH-0038_laurent_backward_openalex.json","Discovery-only; not used in synthesis or an absence conclusion."
"A1DEF-0387","PHASE2A1-SEARCH-0038","2026-07-31","OpenAlex","Nonparametric Goodness-of-Fit Testing Under Gaussian Models","Yu. I. Ingster; Irina A. Suslina","2003","10.1007/978-0-387-21580-8","https://openalex.org/W1502103205","A1DEF-DUP-0343","FALSE_POSITIVE","Resolved at title/abstract/citation-context because the record was off-topic, application-specific, secondary, sequential-only, or methodologically redundant with a verified primary anchor; it was not retained and is not used to support a substantive or absence conclusion.","LEVEL_3_DISCOVERY","NOT_RETRIEVED","","","audit/phase2a1_raw_search_results/DEF/PHASE2A1-SEARCH-0038_laurent_backward_openalex.json","Discovery-only; not used in synthesis or an absence conclusion."
"A1DEF-0388","PHASE2A1-SEARCH-0038","2026-07-31","OpenAlex","Adaptive hypothesis testing using wavelets","Vladimir Spokoiny","1996","10.1214/aos/1032181163","https://openalex.org/W1973598141","A1DEF-DUP-0315","DUPLICATE","Duplicate occurrence of a record already dispositioned in this prospective ledger.","LEVEL_3_DISCOVERY","NOT_APPLICABLE","","","audit/phase2a1_raw_search_results/DEF/PHASE2A1-SEARCH-0038_laurent_backward_openalex.json","Duplicate search occurrence; retained evidence is attached to the first occurrence."
"A1DEF-0389","PHASE2A1-SEARCH-0038","2026-07-31","OpenAlex","Nonparametric statistical inverse problems","Laurent Cavalier","2008","10.1088/0266-5611/24/3/034004","https://openalex.org/W2165715950","A1DEF-DUP-0344","FALSE_POSITIVE","Resolved at title/abstract/citation-context because the record was off-topic, application-specific, secondary, sequential-only, or methodologically redundant with a verified primary anchor; it was not retained and is not used to support a substantive or absence conclusion.","LEVEL_3_DISCOVERY","NOT_RETRIEVED","","","audit/phase2a1_raw_search_results/DEF/PHASE2A1-SEARCH-0038_laurent_backward_openalex.json","Discovery-only; not used in synthesis or an absence conclusion."
"A1DEF-0390","PHASE2A1-SEARCH-0038","2026-07-31","OpenAlex","Non-asymptotic minimax rates of testing in signal detection","Yannick Baraud","2002","https://openalex.org/W1591122161","https://openalex.org/W1591122161","A1DEF-DUP-0306","DUPLICATE","Duplicate occurrence of a record already dispositioned in this prospective ledger.","LEVEL_3_DISCOVERY","NOT_APPLICABLE","","","audit/phase2a1_raw_search_results/DEF/PHASE2A1-SEARCH-0038_laurent_backward_openalex.json","Duplicate search occurrence; retained evidence is attached to the first occurrence."
"A1DEF-0391","PHASE2A1-SEARCH-0038","2026-07-31","OpenAlex","Adaptive tests of linear hypotheses by model selection","Yannick Baraud; Sylvie Huet; Béatrice Laurent","2003","10.1214/aos/1046294463","https://openalex.org/W2116029813","A1DEF-DUP-0308","DUPLICATE","Duplicate occurrence of a record already dispositioned in this prospective ledger.","LEVEL_3_DISCOVERY","NOT_APPLICABLE","","","audit/phase2a1_raw_search_results/DEF/PHASE2A1-SEARCH-0038_laurent_backward_openalex.json","Duplicate search occurrence; retained evidence is attached to the first occurrence."
"A1DEF-0392","PHASE2A1-SEARCH-0038","2026-07-31","OpenAlex","Goodness-of-fit testing and quadratic functional estimation from indirect observations","Cristina Butucea","2007","10.1214/009053607000000118","https://openalex.org/W2093750492","A1DEF-DUP-0345","FALSE_POSITIVE","Resolved at title/abstract/citation-context because the record was off-topic, application-specific, secondary, sequential-only, or methodologically redundant with a verified primary anchor; it was not retained and is not used to support a substantive or absence conclusion.","LEVEL_3_DISCOVERY","NOT_RETRIEVED","","","audit/phase2a1_raw_search_results/DEF/PHASE2A1-SEARCH-0038_laurent_backward_openalex.json","Discovery-only; not used in synthesis or an absence conclusion."
"A1DEF-0393","PHASE2A1-SEARCH-0038","2026-07-31","OpenAlex","Testing inverse problems: A direct or an indirect problem?","Béatrice Laurent; Jean–Michel Loubes; Clément Marteau","2010","10.1016/j.jspi.2010.11.035","https://openalex.org/W1986264423","A1DEF-DUP-0338","DUPLICATE","Duplicate occurrence of a record already dispositioned in this prospective ledger.","LEVEL_3_DISCOVERY","NOT_APPLICABLE","","","audit/phase2a1_raw_search_results/DEF/PHASE2A1-SEARCH-0038_laurent_backward_openalex.json","Duplicate search occurrence; retained evidence is attached to the first occurrence."
"A1DEF-0394","PHASE2A1-SEARCH-0038","2026-07-31","OpenAlex","Minimax Detection of a Signal In a Gaussian White Noise","Mikhail Ermakov","1991","10.1137/1135098","https://openalex.org/W2052013665","A1DEF-DUP-0317","DUPLICATE","Duplicate occurrence of a record already dispositioned in this prospective ledger.","LEVEL_3_DISCOVERY","NOT_APPLICABLE","","","audit/phase2a1_raw_search_results/DEF/PHASE2A1-SEARCH-0038_laurent_backward_openalex.json","Duplicate search occurrence; retained evidence is attached to the first occurrence."
"A1DEF-0395","PHASE2A1-SEARCH-0038","2026-07-31","OpenAlex","Minimax signal detection in ill-posed inverse problems","Yuri I. Ingster; Theofanis Sapatinas; Irina A. Suslina","2012","10.1214/12-aos1011","https://openalex.org/W2143491806","A1DEF-DUP-0346","FALSE_POSITIVE","Resolved at title/abstract/citation-context because the record was off-topic, application-specific, secondary, sequential-only, or methodologically redundant with a verified primary anchor; it was not retained and is not used to support a substantive or absence conclusion.","LEVEL_3_DISCOVERY","NOT_RETRIEVED","","","audit/phase2a1_raw_search_results/DEF/PHASE2A1-SEARCH-0038_laurent_backward_openalex.json","Discovery-only; not used in synthesis or an absence conclusion."
"A1DEF-0396","PHASE2A1-SEARCH-0038","2026-07-31","OpenAlex","Penalized estimators for non linear inverse problems","Jean–Michel Loubes; Carenne Ludeña","2008","10.1051/ps:2008024","https://openalex.org/W2076208450","A1DEF-DUP-0347","FALSE_POSITIVE","Resolved at title/abstract/citation-context because the record was off-topic, application-specific, secondary, sequential-only, or methodologically redundant with a verified primary anchor; it was not retained and is not used to support a substantive or absence conclusion.","LEVEL_3_DISCOVERY","NOT_RETRIEVED","","","audit/phase2a1_raw_search_results/DEF/PHASE2A1-SEARCH-0038_laurent_backward_openalex.json","Discovery-only; not used in synthesis or an absence conclusion."
"A1DEF-0397","PHASE2A1-SEARCH-0038","2026-07-31","OpenAlex","Testing for Lack of Fit in Inverse Regression—with Applications to Biophotonic Imaging","Nicolai Bissantz; Gerda Claeskens; Hajo Holzmann; Axel Munk","2008","10.1111/j.1467-9868.2008.00670.x","https://openalex.org/W2018808115","A1DEF-DUP-0348","FALSE_POSITIVE","Resolved at title/abstract/citation-context because the record was off-topic, application-specific, secondary, sequential-only, or methodologically redundant with a verified primary anchor; it was not retained and is not used to support a substantive or absence conclusion.","LEVEL_3_DISCOVERY","NOT_RETRIEVED","","","audit/phase2a1_raw_search_results/DEF/PHASE2A1-SEARCH-0038_laurent_backward_openalex.json","Discovery-only; not used in synthesis or an absence conclusion."
"A1DEF-0398","PHASE2A1-SEARCH-0038","2026-07-31","OpenAlex","Adaptive complexity regularization for linear inverse problems","Jean-Michel Loubes; Carenne Ludeña","2008","10.1214/07-ejs115","https://openalex.org/W2075471692","A1DEF-DUP-0349","FALSE_POSITIVE","Resolved at title/abstract/citation-context because the record was off-topic, application-specific, secondary, sequential-only, or methodologically redundant with a verified primary anchor; it was not retained and is not used to support a substantive or absence conclusion.","LEVEL_3_DISCOVERY","NOT_RETRIEVED","","","audit/phase2a1_raw_search_results/DEF/PHASE2A1-SEARCH-0038_laurent_backward_openalex.json","Discovery-only; not used in synthesis or an absence conclusion."
"A1DEF-0399","PHASE2A1-SEARCH-0038","2026-07-31","OpenAlex","Minimax detection of a signal in the heteroscedastic Gaussian white noise","Mikhail Ermakov","2006","10.1007/s10958-006-0244-1","https://openalex.org/W2031659336","A1DEF-DUP-0350","FALSE_POSITIVE","Resolved at title/abstract/citation-context because the record was off-topic, application-specific, secondary, sequential-only, or methodologically redundant with a verified primary anchor; it was not retained and is not used to support a substantive or absence conclusion.","LEVEL_3_DISCOVERY","NOT_RETRIEVED","","","audit/phase2a1_raw_search_results/DEF/PHASE2A1-SEARCH-0038_laurent_backward_openalex.json","Discovery-only; not used in synthesis or an absence conclusion."
"A1DEF-0400","PHASE2A1-SEARCH-0038","2026-07-31","OpenAlex","Minimax Nonparametric Hypothesis Testing: The Case of an Inhomogeneous Alternative","Oleg Lepski; Vladimir Spokoiny","1999","10.2307/3318439","https://openalex.org/W1997875843","A1DEF-DUP-0087","DUPLICATE","Duplicate occurrence of a record already dispositioned in this prospective ledger.","LEVEL_3_DISCOVERY","NOT_APPLICABLE","","","audit/phase2a1_raw_search_results/DEF/PHASE2A1-SEARCH-0038_laurent_backward_openalex.json","Duplicate search occurrence; retained evidence is attached to the first occurrence."
"A1DEF-0401","PHASE2A1-SEARCH-0038","2026-07-31","OpenAlex","Adaptive complexity regularization for linear inverse problems","Jean–Michel Loubes","2016","https://openalex.org/W3099624496","https://openalex.org/W3099624496","A1DEF-DUP-0351","FALSE_POSITIVE","Resolved at title/abstract/citation-context because the record was off-topic, application-specific, secondary, sequential-only, or methodologically redundant with a verified primary anchor; it was not retained and is not used to support a substantive or absence conclusion.","LEVEL_3_DISCOVERY","NOT_RETRIEVED","","","audit/phase2a1_raw_search_results/DEF/PHASE2A1-SEARCH-0038_laurent_backward_openalex.json","Discovery-only; not used in synthesis or an absence conclusion."
"A1DEF-0402","PHASE2A1-SEARCH-0038","2026-07-31","OpenAlex","Multiscale methods for shape constraints in deconvolution: Confidence statements for qualitative features","Johannes Schmidt-Hieber; Axel Munk; Lutz Dümbgen","2013","10.1214/13-aos1089","https://openalex.org/W2003043897","A1DEF-DUP-0352","FALSE_POSITIVE","Resolved at title/abstract/citation-context because the record was off-topic, application-specific, secondary, sequential-only, or methodologically redundant with a verified primary anchor; it was not retained and is not used to support a substantive or absence conclusion.","LEVEL_3_DISCOVERY","NOT_RETRIEVED","","","audit/phase2a1_raw_search_results/DEF/PHASE2A1-SEARCH-0038_laurent_forward_openalex.json","Discovery-only; not used in synthesis or an absence conclusion."
"A1DEF-0403","PHASE2A1-SEARCH-0038","2026-07-31","OpenAlex","Adaptive test of independence based on HSIC measures","Mélisande Albert; Béatrice Laurent; Amandine Marrel; Anouar Meynaoui","2022","10.1214/21-aos2129","https://openalex.org/W2970964708","A1DEF-DUP-0336","DUPLICATE","Duplicate occurrence of a record already dispositioned in this prospective ledger.","LEVEL_3_DISCOVERY","NOT_APPLICABLE","","","audit/phase2a1_raw_search_results/DEF/PHASE2A1-SEARCH-0038_laurent_forward_openalex.json","Duplicate search occurrence; retained evidence is attached to the first occurrence."
"A1DEF-0404","PHASE2A1-SEARCH-0038","2026-07-31","OpenAlex","Testing inverse problems: A direct or an indirect problem?","Béatrice Laurent; Jean–Michel Loubes; Clément Marteau","2010","10.1016/j.jspi.2010.11.035","https://openalex.org/W1986264423","A1DEF-DUP-0338","DUPLICATE","Duplicate occurrence of a record already dispositioned in this prospective ledger.","LEVEL_3_DISCOVERY","NOT_APPLICABLE","","","audit/phase2a1_raw_search_results/DEF/PHASE2A1-SEARCH-0038_laurent_forward_openalex.json","Duplicate search occurrence; retained evidence is attached to the first occurrence."
"A1DEF-0405","PHASE2A1-SEARCH-0038","2026-07-31","OpenAlex","Minimax signal detection in ill-posed inverse problems","Yuri I. Ingster; Theofanis Sapatinas; Irina A. Suslina","2012","10.1214/12-aos1011","https://openalex.org/W2143491806","A1DEF-DUP-0346","DUPLICATE","Duplicate occurrence of a record already dispositioned in this prospective ledger.","LEVEL_3_DISCOVERY","NOT_APPLICABLE","","","audit/phase2a1_raw_search_results/DEF/PHASE2A1-SEARCH-0038_laurent_forward_openalex.json","Duplicate search occurrence; retained evidence is attached to the first occurrence."
"A1DEF-0406","PHASE2A1-SEARCH-0038","2026-07-31","OpenAlex","Minimax testing of a composite null hypothesis defined via a quadratic functional in the model of regression","Laëtitia Comminges; Arnak S. Dalalyan","2013","10.1214/13-ejs766","https://openalex.org/W2063519358","A1DEF-DUP-0103","DUPLICATE","Duplicate occurrence of a record already dispositioned in this prospective ledger.","LEVEL_3_DISCOVERY","NOT_APPLICABLE","","","audit/phase2a1_raw_search_results/DEF/PHASE2A1-SEARCH-0038_laurent_forward_openalex.json","Duplicate search occurrence; retained evidence is attached to the first occurrence."
"A1DEF-0407","PHASE2A1-SEARCH-0038","2026-07-31","OpenAlex","Dimension Reduction for Hypothesis Testing in Worst-Case Scenarios","Raja Fazliza Raja Suleiman; David Mary; André Ferrari","2014","10.1109/tsp.2014.2359641","https://openalex.org/W2006256533","A1DEF-DUP-0353","FALSE_POSITIVE","Resolved at title/abstract/citation-context because the record was off-topic, application-specific, secondary, sequential-only, or methodologically redundant with a verified primary anchor; it was not retained and is not used to support a substantive or absence conclusion.","LEVEL_3_DISCOVERY","NOT_RETRIEVED","","","audit/phase2a1_raw_search_results/DEF/PHASE2A1-SEARCH-0038_laurent_forward_openalex.json","Discovery-only; not used in synthesis or an absence conclusion."
"A1DEF-0408","PHASE2A1-SEARCH-0038","2026-07-31","OpenAlex","Minimax Rates for Statistical Inverse Problems Under General Source Conditions","LiTao Ding; Peter Mathé","2017","10.1515/cmam-2017-0055","https://openalex.org/W2962857170","A1DEF-DUP-0354","FALSE_POSITIVE","Resolved at title/abstract/citation-context because the record was off-topic, application-specific, secondary, sequential-only, or methodologically redundant with a verified primary anchor; it was not retained and is not used to support a substantive or absence conclusion.","LEVEL_3_DISCOVERY","NOT_RETRIEVED","","","audit/phase2a1_raw_search_results/DEF/PHASE2A1-SEARCH-0038_laurent_forward_openalex.json","Discovery-only; not used in synthesis or an absence conclusion."
"A1DEF-0409","PHASE2A1-SEARCH-0038","2026-07-31","OpenAlex","Sparse signal detection in heteroscedastic Gaussian sequence models: Sharp minimax rates","Julien Chhor; Rajarshi Mukherjee; Subhabrata Sen","2024","10.3150/23-bej1667","https://openalex.org/W4396934653","A1DEF-DUP-0355","FALSE_POSITIVE","Resolved at title/abstract/citation-context because the record was off-topic, application-specific, secondary, sequential-only, or methodologically redundant with a verified primary anchor; it was not retained and is not used to support a substantive or absence conclusion.","LEVEL_3_DISCOVERY","NOT_RETRIEVED","","","audit/phase2a1_raw_search_results/DEF/PHASE2A1-SEARCH-0038_laurent_forward_openalex.json","Discovery-only; not used in synthesis or an absence conclusion."
"A1DEF-0410","PHASE2A1-SEARCH-0038","2026-07-31","OpenAlex","Optimal heteroskedasticity testing in nonparametric regression","Subhodh Kotekal; Soumyabrata Kundu","2025","10.1214/24-aos2467","https://openalex.org/W4407557573","A1DEF-DUP-0356","FALSE_POSITIVE","Resolved at title/abstract/citation-context because the record was off-topic, application-specific, secondary, sequential-only, or methodologically redundant with a verified primary anchor; it was not retained and is not used to support a substantive or absence conclusion.","LEVEL_3_DISCOVERY","NOT_RETRIEVED","","","audit/phase2a1_raw_search_results/DEF/PHASE2A1-SEARCH-0038_laurent_forward_openalex.json","Discovery-only; not used in synthesis or an absence conclusion."
"A1DEF-0411","PHASE2A1-SEARCH-0038","2026-07-31","OpenAlex","Maximum a posteriori testing in statistical inverse problems","Remo Kretschmann; Frank Werner","2025","10.3934/ipi.2025015","https://openalex.org/W4409319667","A1DEF-DUP-0357","FALSE_POSITIVE","Resolved at title/abstract/citation-context because the record was off-topic, application-specific, secondary, sequential-only, or methodologically redundant with a verified primary anchor; it was not retained and is not used to support a substantive or absence conclusion.","LEVEL_3_DISCOVERY","NOT_RETRIEVED","","","audit/phase2a1_raw_search_results/DEF/PHASE2A1-SEARCH-0038_laurent_forward_openalex.json","Discovery-only; not used in synthesis or an absence conclusion."
"A1DEF-0412","PHASE2A1-SEARCH-0038","2026-07-31","OpenAlex","Signal detection for inverse problems in a multidimensional framework","Yu. I. Ingster; Béatrice Laurent; Clément Marteau","2014","10.3103/s1066530714040036","https://openalex.org/W1988015934","A1DEF-DUP-0358","FALSE_POSITIVE","Resolved at title/abstract/citation-context because the record was off-topic, application-specific, secondary, sequential-only, or methodologically redundant with a verified primary anchor; it was not retained and is not used to support a substantive or absence conclusion.","LEVEL_3_DISCOVERY","NOT_RETRIEVED","","","audit/phase2a1_raw_search_results/DEF/PHASE2A1-SEARCH-0038_laurent_forward_openalex.json","Discovery-only; not used in synthesis or an absence conclusion."
"A1DEF-0413","PHASE2A1-SEARCH-0038","2026-07-31","OpenAlex","General regularization schemes for signal detection in inverse problems","Clément Marteau; Peter Mathé","2014","10.3103/s1066530714030028","https://openalex.org/W2091059250","A1DEF-DUP-0359","FALSE_POSITIVE","Resolved at title/abstract/citation-context because the record was off-topic, application-specific, secondary, sequential-only, or methodologically redundant with a verified primary anchor; it was not retained and is not used to support a substantive or absence conclusion.","LEVEL_3_DISCOVERY","NOT_RETRIEVED","","","audit/phase2a1_raw_search_results/DEF/PHASE2A1-SEARCH-0038_laurent_forward_openalex.json","Discovery-only; not used in synthesis or an absence conclusion."
"A1DEF-0414","PHASE2A1-SEARCH-0038","2026-07-31","OpenAlex","A unified treatment for non-asymptotic and asymptotic approaches to minimax signal detection","Clément Marteau; Theofanis Sapatinas","2015","10.1214/15-ss112","https://openalex.org/W2286033046","A1DEF-DUP-0360","FALSE_POSITIVE","Resolved at title/abstract/citation-context because the record was off-topic, application-specific, secondary, sequential-only, or methodologically redundant with a verified primary anchor; it was not retained and is not used to support a substantive or absence conclusion.","LEVEL_3_DISCOVERY","NOT_RETRIEVED","","","audit/phase2a1_raw_search_results/DEF/PHASE2A1-SEARCH-0038_laurent_forward_openalex.json","Discovery-only; not used in synthesis or an absence conclusion."
"A1DEF-0415","PHASE2A1-SEARCH-0038","2026-07-31","OpenAlex","Minimax rates for sparse signal detection under correlation","Subhodh Kotekal; Chao Gao","2023","10.1093/imaiai/iaad044","https://openalex.org/W4388875619","A1DEF-DUP-0361","FALSE_POSITIVE","Resolved at title/abstract/citation-context because the record was off-topic, application-specific, secondary, sequential-only, or methodologically redundant with a verified primary anchor; it was not retained and is not used to support a substantive or absence conclusion.","LEVEL_3_DISCOVERY","NOT_RETRIEVED","","","audit/phase2a1_raw_search_results/DEF/PHASE2A1-SEARCH-0038_laurent_forward_openalex.json","Discovery-only; not used in synthesis or an absence conclusion."
"A1DEF-0416","PHASE2A1-SEARCH-0038","2026-07-31","OpenAlex","Sharp detection of smooth signals in a high-dimensional sparse matrix with indirect observations","Cristina Butucea; Ghislaine Gayraud","2016","10.1214/15-aihp689","https://openalex.org/W1714071681","A1DEF-DUP-0362","FALSE_POSITIVE","Resolved at title/abstract/citation-context because the record was off-topic, application-specific, secondary, sequential-only, or methodologically redundant with a verified primary anchor; it was not retained and is not used to support a substantive or absence conclusion.","LEVEL_3_DISCOVERY","NOT_RETRIEVED","","","audit/phase2a1_raw_search_results/DEF/PHASE2A1-SEARCH-0038_laurent_forward_openalex.json","Discovery-only; not used in synthesis or an absence conclusion."
"A1DEF-0417","PHASE2A1-SEARCH-0038","2026-07-31","OpenAlex","Sparse anomaly detection across referentials: A rank-based higher criticism approach","Ivo V. Stoepker; Rui M. Castro; Ery Arias-Castro","2025","10.1214/24-aos2477","https://openalex.org/W4409975317","A1DEF-DUP-0363","FALSE_POSITIVE","Resolved at title/abstract/citation-context because the record was off-topic, application-specific, secondary, sequential-only, or methodologically redundant with a verified primary anchor; it was not retained and is not used to support a substantive or absence conclusion.","LEVEL_3_DISCOVERY","NOT_RETRIEVED","","","audit/phase2a1_raw_search_results/DEF/PHASE2A1-SEARCH-0038_laurent_forward_openalex.json","Discovery-only; not used in synthesis or an absence conclusion."
"A1DEF-0418","PHASE2A1-SEARCH-0038","2026-07-31","OpenAlex","Family-Wise Separation Rates for multiple testing","Magalie Fromont; Matthieu Lerasle; Patricia Reynaud-Bouret","2016","10.1214/15-aos1418","https://openalex.org/W2552042701","A1DEF-DUP-0364","FALSE_POSITIVE","Resolved at title/abstract/citation-context because the record was off-topic, application-specific, secondary, sequential-only, or methodologically redundant with a verified primary anchor; it was not retained and is not used to support a substantive or absence conclusion.","LEVEL_3_DISCOVERY","NOT_RETRIEVED","","","audit/phase2a1_raw_search_results/DEF/PHASE2A1-SEARCH-0038_laurent_forward_openalex.json","Discovery-only; not used in synthesis or an absence conclusion."
"A1DEF-0419","PHASE2A1-SEARCH-0038","2026-07-31","OpenAlex","Bump detection in heterogeneous Gaussian regression","Farida Enikeeva; Axel Munk; Frank Werner","2017","10.3150/16-bej899","https://openalex.org/W2201169240","A1DEF-DUP-0365","FALSE_POSITIVE","Resolved at title/abstract/citation-context because the record was off-topic, application-specific, secondary, sequential-only, or methodologically redundant with a verified primary anchor; it was not retained and is not used to support a substantive or absence conclusion.","LEVEL_3_DISCOVERY","NOT_RETRIEVED","","","audit/phase2a1_raw_search_results/DEF/PHASE2A1-SEARCH-0038_laurent_forward_openalex.json","Discovery-only; not used in synthesis or an absence conclusion."
"A1DEF-0420","PHASE2A1-SEARCH-0038","2026-07-31","OpenAlex","Goodness-of-fit testing strategies from indirect observations","Jean–Michel Loubes; Clément Marteau","2013","10.1080/10485252.2013.827680","https://openalex.org/W1967398801","A1DEF-DUP-0366","FALSE_POSITIVE","Resolved at title/abstract/citation-context because the record was off-topic, application-specific, secondary, sequential-only, or methodologically redundant with a verified primary anchor; it was not retained and is not used to support a substantive or absence conclusion.","LEVEL_3_DISCOVERY","NOT_RETRIEVED","","","audit/phase2a1_raw_search_results/DEF/PHASE2A1-SEARCH-0038_laurent_forward_openalex.json","Discovery-only; not used in synthesis or an absence conclusion."
"A1DEF-0421","PHASE2A1-SEARCH-0038","2026-07-31","OpenAlex","Multidimensional two-component Gaussian mixtures detection","Béatrice Laurent; Clément Marteau; Cathy Maugis-Rabusseau","2018","10.1214/17-aihp823","https://openalex.org/W2237470580","A1DEF-DUP-0367","FALSE_POSITIVE","Resolved at title/abstract/citation-context because the record was off-topic, application-specific, secondary, sequential-only, or methodologically redundant with a verified primary anchor; it was not retained and is not used to support a substantive or absence conclusion.","LEVEL_3_DISCOVERY","NOT_RETRIEVED","","","audit/phase2a1_raw_search_results/DEF/PHASE2A1-SEARCH-0038_laurent_forward_openalex.json","Discovery-only; not used in synthesis or an absence conclusion."
"A1DEF-0422","PHASE2A1-SEARCH-0038","2026-07-31","OpenAlex","Maxiset Point of View for Signal Detection in Inverse Problems","Florent Autin; Marianne Clausel; Jean‐Marc Freyermuth; Clément Marteau","2019","10.3103/s1066530719030037","https://openalex.org/W2792075029","A1DEF-DUP-0368","FALSE_POSITIVE","Resolved at title/abstract/citation-context because the record was off-topic, application-specific, secondary, sequential-only, or methodologically redundant with a verified primary anchor; it was not retained and is not used to support a substantive or absence conclusion.","LEVEL_3_DISCOVERY","NOT_RETRIEVED","","","audit/phase2a1_raw_search_results/DEF/PHASE2A1-SEARCH-0038_laurent_forward_openalex.json","Discovery-only; not used in synthesis or an absence conclusion."
"A1DEF-0423","PHASE2A1-SEARCH-0038","2026-07-31","OpenAlex","Adaptive Bayesian Estimation in Indirect Gaussian Sequence Space Models","Johannes; Anna Simoni; Schenk","2020","10.15609/annaeconstat2009.137.0083","https://openalex.org/W3011129963","A1DEF-DUP-0369","FALSE_POSITIVE","Resolved at title/abstract/citation-context because the record was off-topic, application-specific, secondary, sequential-only, or methodologically redundant with a verified primary anchor; it was not retained and is not used to support a substantive or absence conclusion.","LEVEL_3_DISCOVERY","NOT_RETRIEVED","","","audit/phase2a1_raw_search_results/DEF/PHASE2A1-SEARCH-0038_laurent_forward_openalex.json","Discovery-only; not used in synthesis or an absence conclusion."
"A1DEF-0424","PHASE2A1-SEARCH-0038","2026-07-31","OpenAlex","Minimax detection of localized signals in statistical inverse problems","Markus Pohlmann; Frank Werner; Axel Munk","2023","10.1093/imaiai/iaad026","https://openalex.org/W4384660896","A1DEF-DUP-0370","FALSE_POSITIVE","Resolved at title/abstract/citation-context because the record was off-topic, application-specific, secondary, sequential-only, or methodologically redundant with a verified primary anchor; it was not retained and is not used to support a substantive or absence conclusion.","LEVEL_3_DISCOVERY","NOT_RETRIEVED","","","audit/phase2a1_raw_search_results/DEF/PHASE2A1-SEARCH-0038_laurent_forward_openalex.json","Discovery-only; not used in synthesis or an absence conclusion."
"A1DEF-0425","PHASE2A1-SEARCH-0038","2026-07-31","OpenAlex","Multiscale scanning in inverse problems","Katharina Proksch; Frank Werner; Axel Munk","2018","10.1214/17-aos1669","https://openalex.org/W2549475995","A1DEF-DUP-0371","FALSE_POSITIVE","Resolved at title/abstract/citation-context because the record was off-topic, application-specific, secondary, sequential-only, or methodologically redundant with a verified primary anchor; it was not retained and is not used to support a substantive or absence conclusion.","LEVEL_3_DISCOVERY","NOT_RETRIEVED","","","audit/phase2a1_raw_search_results/DEF/PHASE2A1-SEARCH-0038_laurent_forward_openalex.json","Discovery-only; not used in synthesis or an absence conclusion."
"A1DEF-0426","PHASE2A1-SEARCH-0038","2026-07-31","OpenAlex","Adaptive Minimax Testing for Circular Convolution","Sandra Schluttenhofer; Jan Johannes","2020","10.3103/s1066530720020039","https://openalex.org/W3040714936","A1DEF-DUP-0372","FALSE_POSITIVE","Resolved at title/abstract/citation-context because the record was off-topic, application-specific, secondary, sequential-only, or methodologically redundant with a verified primary anchor; it was not retained and is not used to support a substantive or absence conclusion.","LEVEL_3_DISCOVERY","NOT_RETRIEVED","","","audit/phase2a1_raw_search_results/DEF/PHASE2A1-SEARCH-0038_laurent_forward_openalex.json","Discovery-only; not used in synthesis or an absence conclusion."
"A1DEF-0427","PHASE2A1-SEARCH-0039","2026-07-31","OpenAlex","Channel Coding Rate in the Finite Blocklength Regime","Yury Polyanskiy; H. Vincent Poor; Sergio Verdú","2010","10.1109/tit.2010.2043769","https://openalex.org/W2106864314","A1DEF-DUP-0373","FULL_TEXT_INCLUDED","","LEVEL_1_LOAD_BEARING","AUTHOR_MANUSCRIPT_FULL_TEXT_INSPECTED","Section III-E equations (100)-(105) beta_alpha formulation; Theorem 26 pp.25-27; Theorem 27 equation (134); Theorems 30-31 equations (148) and (153).","NEW_CORPUS_CANDIDATE","audit/phase2a1_raw_search_results/DEF/PHASE2A1-SEARCH-0039_polyanskiy_anchor_openalex.json","Exact nonasymptotic fixed-block converses for finite-message channel coding; transferable as lower-bound machinery after a finite packing, not a constructive composite test."
"A1DEF-0428","PHASE2A1-SEARCH-0039","2026-07-31","OpenAlex","A Mathematical Theory of Communication","Claude E. Shannon","1948","10.1002/j.1538-7305.1948.tb01338.x","https://openalex.org/W1995875735","A1DEF-DUP-0374","FALSE_POSITIVE","Resolved at title/abstract/citation-context because the record was off-topic, application-specific, secondary, sequential-only, or methodologically redundant with a verified primary anchor; it was not retained and is not used to support a substantive or absence conclusion.","LEVEL_3_DISCOVERY","NOT_RETRIEVED","","","audit/phase2a1_raw_search_results/DEF/PHASE2A1-SEARCH-0039_polyanskiy_backward_openalex.json","Discovery-only; not used in synthesis or an absence conclusion."
"A1DEF-0429","PHASE2A1-SEARCH-0039","2026-07-31","OpenAlex","Handbook of Mathematical Functions with Formulas","D. B. Owen","1965","10.1080/00401706.1965.10490234","https://openalex.org/W1996160600","A1DEF-DUP-0375","FALSE_POSITIVE","Resolved at title/abstract/citation-context because the record was off-topic, application-specific, secondary, sequential-only, or methodologically redundant with a verified primary anchor; it was not retained and is not used to support a substantive or absence conclusion.","LEVEL_3_DISCOVERY","NOT_RETRIEVED","","","audit/phase2a1_raw_search_results/DEF/PHASE2A1-SEARCH-0039_polyanskiy_backward_openalex.json","Discovery-only; not used in synthesis or an absence conclusion."
"A1DEF-0430","PHASE2A1-SEARCH-0039","2026-07-31","OpenAlex","Information Theory and Reliable Communication","David A. Bell","1969","10.1049/ep.1969.0319","https://openalex.org/W1989008275","A1DEF-DUP-0376","FALSE_POSITIVE","Resolved at title/abstract/citation-context because the record was off-topic, application-specific, secondary, sequential-only, or methodologically redundant with a verified primary anchor; it was not retained and is not used to support a substantive or absence conclusion.","LEVEL_3_DISCOVERY","NOT_RETRIEVED","","","audit/phase2a1_raw_search_results/DEF/PHASE2A1-SEARCH-0039_polyanskiy_backward_openalex.json","Discovery-only; not used in synthesis or an absence conclusion."
"A1DEF-0431","PHASE2A1-SEARCH-0039","2026-07-31","OpenAlex","A personal communication","Micheál Jacob","1989","10.1177/001789698904800401","https://openalex.org/W2034441788","A1DEF-DUP-0377","FALSE_POSITIVE","Resolved at title/abstract/citation-context because the record was off-topic, application-specific, secondary, sequential-only, or methodologically redundant with a verified primary anchor; it was not retained and is not used to support a substantive or absence conclusion.","LEVEL_3_DISCOVERY","NOT_RETRIEVED","","","audit/phase2a1_raw_search_results/DEF/PHASE2A1-SEARCH-0039_polyanskiy_backward_openalex.json","Discovery-only; not used in synthesis or an absence conclusion."
"A1DEF-0432","PHASE2A1-SEARCH-0039","2026-07-31","OpenAlex","An introduction to signal detection and estimation (2nd ed.)","H. Vincent Poor","1994","https://openalex.org/W1590772317","https://openalex.org/W1590772317","A1DEF-DUP-0378","FALSE_POSITIVE","Resolved at title/abstract/citation-context because the record was off-topic, application-specific, secondary, sequential-only, or methodologically redundant with a verified primary anchor; it was not retained and is not used to support a substantive or absence conclusion.","LEVEL_3_DISCOVERY","NOT_RETRIEVED","","","audit/phase2a1_raw_search_results/DEF/PHASE2A1-SEARCH-0039_polyanskiy_backward_openalex.json","Discovery-only; not used in synthesis or an absence conclusion."
"A1DEF-0433","PHASE2A1-SEARCH-0039","2026-07-31","OpenAlex","Finite-length analysis of low-density parity-check codes on the binary erasure channel","Changyan Di; D. Proietti; I.E. Telatar; Thomas J. Richardson; Rüdiger Urbanke","2002","10.1109/tit.2002.1003839","https://openalex.org/W2095882513","A1DEF-DUP-0379","FALSE_POSITIVE","Resolved at title/abstract/citation-context because the record was off-topic, application-specific, secondary, sequential-only, or methodologically redundant with a verified primary anchor; it was not retained and is not used to support a substantive or absence conclusion.","LEVEL_3_DISCOVERY","NOT_RETRIEVED","","","audit/phase2a1_raw_search_results/DEF/PHASE2A1-SEARCH-0039_polyanskiy_backward_openalex.json","Discovery-only; not used in synthesis or an absence conclusion."
"A1DEF-0434","PHASE2A1-SEARCH-0039","2026-07-31","OpenAlex","Probability of Error for Optimal Codes in a Gaussian Channel","Claude E. Shannon","1959","10.1002/j.1538-7305.1959.tb03905.x","https://openalex.org/W2044180609","A1DEF-DUP-0380","FALSE_POSITIVE","Resolved at title/abstract/citation-context because the record was off-topic, application-specific, secondary, sequential-only, or methodologically redundant with a verified primary anchor; it was not retained and is not used to support a substantive or absence conclusion.","LEVEL_3_DISCOVERY","NOT_RETRIEVED","","","audit/phase2a1_raw_search_results/DEF/PHASE2A1-SEARCH-0039_polyanskiy_backward_openalex.json","Discovery-only; not used in synthesis or an absence conclusion."
"A1DEF-0435","PHASE2A1-SEARCH-0039","2026-07-31","OpenAlex","A general formula for channel capacity","Sergio Verdú; Te Sun Han","1994","10.1109/18.335960","https://openalex.org/W2020347709","A1DEF-DUP-0381","FALSE_POSITIVE","Resolved at title/abstract/citation-context because the record was off-topic, application-specific, secondary, sequential-only, or methodologically redundant with a verified primary anchor; it was not retained and is not used to support a substantive or absence conclusion.","LEVEL_3_DISCOVERY","NOT_RETRIEVED","","","audit/phase2a1_raw_search_results/DEF/PHASE2A1-SEARCH-0039_polyanskiy_backward_openalex.json","Discovery-only; not used in synthesis or an absence conclusion."
"A1DEF-0436","PHASE2A1-SEARCH-0039","2026-07-31","OpenAlex","A simple derivation of the coding theorem and some applications","Robert G. Gallager","1965","10.1109/tit.1965.1053730","https://openalex.org/W1993944611","A1DEF-DUP-0382","FALSE_POSITIVE","Resolved at title/abstract/citation-context because the record was off-topic, application-specific, secondary, sequential-only, or methodologically redundant with a verified primary anchor; it was not retained and is not used to support a substantive or absence conclusion.","LEVEL_3_DISCOVERY","NOT_RETRIEVED","","","audit/phase2a1_raw_search_results/DEF/PHASE2A1-SEARCH-0039_polyanskiy_backward_openalex.json","Discovery-only; not used in synthesis or an absence conclusion."
"A1DEF-0437","PHASE2A1-SEARCH-0039","2026-07-31","OpenAlex","Lower bounds to error probability for coding on discrete memoryless channels. II","Claude E. Shannon; Robert G. Gallager; Elwyn R. Berlekamp","1967","10.1016/s0019-9958(67)91200-4","https://openalex.org/W2005530146","A1DEF-DUP-0383","FALSE_POSITIVE","Resolved at title/abstract/citation-context because the record was off-topic, application-specific, secondary, sequential-only, or methodologically redundant with a verified primary anchor; it was not retained and is not used to support a substantive or absence conclusion.","LEVEL_3_DISCOVERY","NOT_RETRIEVED","","","audit/phase2a1_raw_search_results/DEF/PHASE2A1-SEARCH-0039_polyanskiy_backward_openalex.json","Discovery-only; not used in synthesis or an absence conclusion."
"A1DEF-0438","PHASE2A1-SEARCH-0039","2026-07-31","OpenAlex","Coding Theorems of Information Theory","J. Wolfowitz","1978","10.1007/978-3-642-66822-7","https://openalex.org/W1978910765","A1DEF-DUP-0384","FALSE_POSITIVE","Resolved at title/abstract/citation-context because the record was off-topic, application-specific, secondary, sequential-only, or methodologically redundant with a verified primary anchor; it was not retained and is not used to support a substantive or absence conclusion.","LEVEL_3_DISCOVERY","NOT_RETRIEVED","","","audit/phase2a1_raw_search_results/DEF/PHASE2A1-SEARCH-0039_polyanskiy_backward_openalex.json","Discovery-only; not used in synthesis or an absence conclusion."
"A1DEF-0439","PHASE2A1-SEARCH-0039","2026-07-31","OpenAlex","Hypothesis testing and information theory","Richard E. Blahut","1974","10.1109/tit.1974.1055254","https://openalex.org/W2034597819","A1DEF-DUP-0385","FALSE_POSITIVE","Resolved at title/abstract/citation-context because the record was off-topic, application-specific, secondary, sequential-only, or methodologically redundant with a verified primary anchor; it was not retained and is not used to support a substantive or absence conclusion.","LEVEL_3_DISCOVERY","NOT_RETRIEVED","","","audit/phase2a1_raw_search_results/DEF/PHASE2A1-SEARCH-0039_polyanskiy_backward_openalex.json","Discovery-only; not used in synthesis or an absence conclusion."
"A1DEF-0440","PHASE2A1-SEARCH-0039","2026-07-31","OpenAlex","On the concentration function of a sum of independent random variables","Carl-Gustav Esseen","1968","10.1007/bf00531753","https://openalex.org/W2042699980","A1DEF-DUP-0386","FALSE_POSITIVE","Resolved at title/abstract/citation-context because the record was off-topic, application-specific, secondary, sequential-only, or methodologically redundant with a verified primary anchor; it was not retained and is not used to support a substantive or absence conclusion.","LEVEL_3_DISCOVERY","NOT_RETRIEVED","","","audit/phase2a1_raw_search_results/DEF/PHASE2A1-SEARCH-0039_polyanskiy_backward_openalex.json","Discovery-only; not used in synthesis or an absence conclusion."
"A1DEF-0441","PHASE2A1-SEARCH-0039","2026-07-31","OpenAlex","The coding of messages subject to chance errors","J. Wolfowitz","1957","10.1215/ijm/1255380682","https://openalex.org/W1588709600","A1DEF-DUP-0387","FALSE_POSITIVE","Resolved at title/abstract/citation-context because the record was off-topic, application-specific, secondary, sequential-only, or methodologically redundant with a verified primary anchor; it was not retained and is not used to support a substantive or absence conclusion.","LEVEL_3_DISCOVERY","NOT_RETRIEVED","","","audit/phase2a1_raw_search_results/DEF/PHASE2A1-SEARCH-0039_polyanskiy_backward_openalex.json","Discovery-only; not used in synthesis or an absence conclusion."
"A1DEF-0442","PHASE2A1-SEARCH-0039","2026-07-31","OpenAlex","An application of Fourier methods to the problem of sharpening the Berry-Esseen inequality","Paul Beek","1972","10.1007/bf00536558","https://openalex.org/W2018287613","A1DEF-DUP-0388","FALSE_POSITIVE","Resolved at title/abstract/citation-context because the record was off-topic, application-specific, secondary, sequential-only, or methodologically redundant with a verified primary anchor; it was not retained and is not used to support a substantive or absence conclusion.","LEVEL_3_DISCOVERY","NOT_RETRIEVED","","","audit/phase2a1_raw_search_results/DEF/PHASE2A1-SEARCH-0039_polyanskiy_backward_openalex.json","Discovery-only; not used in synthesis or an absence conclusion."
"A1DEF-0443","PHASE2A1-SEARCH-0039","2026-07-31","OpenAlex","Certain results in coding theory for noisy channels","Claude E. Shannon","1957","10.1016/s0019-9958(57)90039-6","https://openalex.org/W2008825922","A1DEF-DUP-0389","FALSE_POSITIVE","Resolved at title/abstract/citation-context because the record was off-topic, application-specific, secondary, sequential-only, or methodologically redundant with a verified primary anchor; it was not retained and is not used to support a substantive or absence conclusion.","LEVEL_3_DISCOVERY","NOT_RETRIEVED","","","audit/phase2a1_raw_search_results/DEF/PHASE2A1-SEARCH-0039_polyanskiy_backward_openalex.json","Discovery-only; not used in synthesis or an absence conclusion."
"A1DEF-0444","PHASE2A1-SEARCH-0039","2026-07-31","OpenAlex","Code Performance as a Function of Block Size","S. Dolinar; D. Divsalar; F. Pollara","1998","https://openalex.org/W1619724041","https://openalex.org/W1619724041","A1DEF-DUP-0390","FALSE_POSITIVE","Resolved at title/abstract/citation-context because the record was off-topic, application-specific, secondary, sequential-only, or methodologically redundant with a verified primary anchor; it was not retained and is not used to support a substantive or absence conclusion.","LEVEL_3_DISCOVERY","NOT_RETRIEVED","","","audit/phase2a1_raw_search_results/DEF/PHASE2A1-SEARCH-0039_polyanskiy_backward_openalex.json","Discovery-only; not used in synthesis or an absence conclusion."
"A1DEF-0445","PHASE2A1-SEARCH-0039","2026-07-31","OpenAlex","Notes on a general strong converse","J. Wolfowitz","1968","10.1016/s0019-9958(68)90112-5","https://openalex.org/W2094027184","A1DEF-DUP-0391","FALSE_POSITIVE","Resolved at title/abstract/citation-context because the record was off-topic, application-specific, secondary, sequential-only, or methodologically redundant with a verified primary anchor; it was not retained and is not used to support a substantive or absence conclusion.","LEVEL_3_DISCOVERY","NOT_RETRIEVED","","","audit/phase2a1_raw_search_results/DEF/PHASE2A1-SEARCH-0039_polyanskiy_backward_openalex.json","Discovery-only; not used in synthesis or an absence conclusion."
"A1DEF-0446","PHASE2A1-SEARCH-0039","2026-07-31","OpenAlex","Bounds on Communication","D. Slepian","1963","10.1002/j.1538-7305.1963.tb04013.x","https://openalex.org/W2017309302","A1DEF-DUP-0392","FALSE_POSITIVE","Resolved at title/abstract/citation-context because the record was off-topic, application-specific, secondary, sequential-only, or methodologically redundant with a verified primary anchor; it was not retained and is not used to support a substantive or absence conclusion.","LEVEL_3_DISCOVERY","NOT_RETRIEVED","","","audit/phase2a1_raw_search_results/DEF/PHASE2A1-SEARCH-0039_polyanskiy_backward_openalex.json","Discovery-only; not used in synthesis or an absence conclusion."
"A1DEF-0447","PHASE2A1-SEARCH-0039","2026-07-31","OpenAlex","Mathematical Problems in the Shannon Theory of Optimal Coding of Information","R. L. Dobrushin","1961","https://openalex.org/W1597135703","https://openalex.org/W1597135703","A1DEF-DUP-0393","FALSE_POSITIVE","Resolved at title/abstract/citation-context because the record was off-topic, application-specific, secondary, sequential-only, or methodologically redundant with a verified primary anchor; it was not retained and is not used to support a substantive or absence conclusion.","LEVEL_3_DISCOVERY","NOT_RETRIEVED","","","audit/phase2a1_raw_search_results/DEF/PHASE2A1-SEARCH-0039_polyanskiy_backward_openalex.json","Discovery-only; not used in synthesis or an absence conclusion."
"A1DEF-0448","PHASE2A1-SEARCH-0039","2026-07-31","OpenAlex","The information-outage probability of finite-length codes over AWGN channels","David Buckingham; Matthew C. Valenti","2008","10.1109/ciss.2008.4558558","https://openalex.org/W2055620998","A1DEF-DUP-0394","FALSE_POSITIVE","Resolved at title/abstract/citation-context because the record was off-topic, application-specific, secondary, sequential-only, or methodologically redundant with a verified primary anchor; it was not retained and is not used to support a substantive or absence conclusion.","LEVEL_3_DISCOVERY","NOT_RETRIEVED","","","audit/phase2a1_raw_search_results/DEF/PHASE2A1-SEARCH-0039_polyanskiy_backward_openalex.json","Discovery-only; not used in synthesis or an absence conclusion."
"A1DEF-0449","PHASE2A1-SEARCH-0039","2026-07-31","OpenAlex","A ubiquitous, personalized computing environment for all: Teleporting in an X Window System Environment","T. Richardson; F. Bennett; Glenford Mapp; A. Hopper","1994","10.1109/mpc.1994.311827","https://openalex.org/W2090841176","A1DEF-DUP-0395","FALSE_POSITIVE","Resolved at title/abstract/citation-context because the record was off-topic, application-specific, secondary, sequential-only, or methodologically redundant with a verified primary anchor; it was not retained and is not used to support a substantive or absence conclusion.","LEVEL_3_DISCOVERY","NOT_RETRIEVED","","","audit/phase2a1_raw_search_results/DEF/PHASE2A1-SEARCH-0039_polyanskiy_backward_openalex.json","Discovery-only; not used in synthesis or an absence conclusion."
"A1DEF-0450","PHASE2A1-SEARCH-0039","2026-07-31","OpenAlex","Microwave Radio Links: From Theory to Design","Carlos Salema","2002","https://openalex.org/W593251972","https://openalex.org/W593251972","A1DEF-DUP-0396","FALSE_POSITIVE","Resolved at title/abstract/citation-context because the record was off-topic, application-specific, secondary, sequential-only, or methodologically redundant with a verified primary anchor; it was not retained and is not used to support a substantive or absence conclusion.","LEVEL_3_DISCOVERY","NOT_RETRIEVED","","","audit/phase2a1_raw_search_results/DEF/PHASE2A1-SEARCH-0039_polyanskiy_backward_openalex.json","Discovery-only; not used in synthesis or an absence conclusion."
"A1DEF-0451","PHASE2A1-SEARCH-0039","2026-07-31","OpenAlex","Coding theorems of information theory","Amiel Feinstein","1963","10.1016/s0019-9958(63)90434-0","https://openalex.org/W1990209594","A1DEF-DUP-0397","FALSE_POSITIVE","Resolved at title/abstract/citation-context because the record was off-topic, application-specific, secondary, sequential-only, or methodologically redundant with a verified primary anchor; it was not retained and is not used to support a substantive or absence conclusion.","LEVEL_3_DISCOVERY","NOT_RETRIEVED","","","audit/phase2a1_raw_search_results/DEF/PHASE2A1-SEARCH-0039_polyanskiy_backward_openalex.json","Discovery-only; not used in synthesis or an absence conclusion."
"A1DEF-0452","PHASE2A1-SEARCH-0039","2026-07-31","OpenAlex","Inequalities for Bessel Functions of a Purely Imaginary Argument","A. V. Prokhorov","1968","10.1137/1113063","https://openalex.org/W2070496065","A1DEF-DUP-0398","FALSE_POSITIVE","Resolved at title/abstract/citation-context because the record was off-topic, application-specific, secondary, sequential-only, or methodologically redundant with a verified primary anchor; it was not retained and is not used to support a substantive or absence conclusion.","LEVEL_3_DISCOVERY","NOT_RETRIEVED","","","audit/phase2a1_raw_search_results/DEF/PHASE2A1-SEARCH-0039_polyanskiy_backward_openalex.json","Discovery-only; not used in synthesis or an absence conclusion."
"A1DEF-0453","PHASE2A1-SEARCH-0039","2026-07-31","OpenAlex","In-Band Full-Duplex Wireless: Challenges and Opportunities","Ashutosh Sabharwal; Philip Schniter; Dongning Guo; Daniel W. Bliss; Sampath Rangarajan; Risto Wichman","2014","10.1109/jsac.2014.2330193","https://openalex.org/W2049516452","A1DEF-DUP-0399","FALSE_POSITIVE","Resolved at title/abstract/citation-context because the record was off-topic, application-specific, secondary, sequential-only, or methodologically redundant with a verified primary anchor; it was not retained and is not used to support a substantive or absence conclusion.","LEVEL_3_DISCOVERY","NOT_RETRIEVED","","","audit/phase2a1_raw_search_results/DEF/PHASE2A1-SEARCH-0039_polyanskiy_forward_openalex.json","Discovery-only; not used in synthesis or an absence conclusion."
"A1DEF-0454","PHASE2A1-SEARCH-0039","2026-07-31","OpenAlex","Massive MIMO Networks: Spectral, Energy, and Hardware Efficiency","Emil Björnson; Jakob Hoydis; Luca Sanguinetti","2017","10.1561/2000000093","https://openalex.org/W2770606349","A1DEF-DUP-0400","FALSE_POSITIVE","Resolved at title/abstract/citation-context because the record was off-topic, application-specific, secondary, sequential-only, or methodologically redundant with a verified primary anchor; it was not retained and is not used to support a substantive or absence conclusion.","LEVEL_3_DISCOVERY","NOT_RETRIEVED","","","audit/phase2a1_raw_search_results/DEF/PHASE2A1-SEARCH-0039_polyanskiy_forward_openalex.json","Discovery-only; not used in synthesis or an absence conclusion."
"A1DEF-0455","PHASE2A1-SEARCH-0039","2026-07-31","OpenAlex","Towards 6G wireless communication networks: vision, enabling technologies, and new paradigm shifts","Xiaohu You; Cheng‐Xiang Wang; Jie Huang; Xiqi Gao; Zaichen Zhang; Mao Wang; Yongming Huang; Chuan Zhang; Yanxiang Jiang; Jiaheng Wang; Min Zhu; Bin Sheng; Dongming Wang; Zhiwen Pan; Pengcheng Zhu; Yang Yang; Zening Liu; Ping Zhang; Xiaofeng Tao; Shaoqian Li; Zhi Chen; Xinying Ma; I Chih‐Lin; Shuangfeng Han; Ke Li; Chengkang Pan; Zhimin Zheng; Lajos Hanzo; Xuemin Shen; Yingjie Jay Guo; Zhiguo Ding; Harald Haas; Wen Tong; Peiying Zhu; Ganghua Yang; Jun Wang; Erik G. Larsson; Hien Quoc Ngo; Wei Hong; Haiming Wang; Debin Hou; Jixin Chen; Zhe Chen; Zhang‐Cheng Hao; Geoffrey Ye Li; Rahim Tafazolli; Yue Gao; H. Vincent Poor; Gerhard Fettweis; Ying‐Chang Liang","2020","10.1007/s11432-020-2955-6","https://openalex.org/W3110989801","A1DEF-DUP-0401","FALSE_POSITIVE","Resolved at title/abstract/citation-context because the record was off-topic, application-specific, secondary, sequential-only, or methodologically redundant with a verified primary anchor; it was not retained and is not used to support a substantive or absence conclusion.","LEVEL_3_DISCOVERY","NOT_RETRIEVED","","","audit/phase2a1_raw_search_results/DEF/PHASE2A1-SEARCH-0039_polyanskiy_forward_openalex.json","Discovery-only; not used in synthesis or an absence conclusion."
"A1DEF-0456","PHASE2A1-SEARCH-0039","2026-07-31","OpenAlex","List Decoding of Polar Codes","Ido Tal; Alexander Vardy","2015","10.1109/tit.2015.2410251","https://openalex.org/W2106045225","A1DEF-DUP-0402","FALSE_POSITIVE","Resolved at title/abstract/citation-context because the record was off-topic, application-specific, secondary, sequential-only, or methodologically redundant with a verified primary anchor; it was not retained and is not used to support a substantive or absence conclusion.","LEVEL_3_DISCOVERY","NOT_RETRIEVED","","","audit/phase2a1_raw_search_results/DEF/PHASE2A1-SEARCH-0039_polyanskiy_forward_openalex.json","Discovery-only; not used in synthesis or an absence conclusion."
"A1DEF-0457","PHASE2A1-SEARCH-0039","2026-07-31","OpenAlex","Deep Joint Source-Channel Coding for Wireless Image Transmission","Eirina Bourtsoulatze; David Burth Kurka; Denız Gündüz","2019","10.1109/tccn.2019.2919300","https://openalex.org/W2946889564","A1DEF-DUP-0403","FALSE_POSITIVE","Resolved at title/abstract/citation-context because the record was off-topic, application-specific, secondary, sequential-only, or methodologically redundant with a verified primary anchor; it was not retained and is not used to support a substantive or absence conclusion.","LEVEL_3_DISCOVERY","NOT_RETRIEVED","","","audit/phase2a1_raw_search_results/DEF/PHASE2A1-SEARCH-0039_polyanskiy_forward_openalex.json","Discovery-only; not used in synthesis or an absence conclusion."
"A1DEF-0458","PHASE2A1-SEARCH-0039","2026-07-31","OpenAlex","Toward Massive, Ultrareliable, and Low-Latency Wireless Communication With Short Packets","Giuseppe Durisi; Tobias Koch; Petar Popovski","2016","10.1109/jproc.2016.2537298","https://openalex.org/W2262889796","A1DEF-DUP-0404","FALSE_POSITIVE","Resolved at title/abstract/citation-context because the record was off-topic, application-specific, secondary, sequential-only, or methodologically redundant with a verified primary anchor; it was not retained and is not used to support a substantive or absence conclusion.","LEVEL_3_DISCOVERY","NOT_RETRIEVED","","","audit/phase2a1_raw_search_results/DEF/PHASE2A1-SEARCH-0039_polyanskiy_forward_openalex.json","Discovery-only; not used in synthesis or an absence conclusion."
"A1DEF-0459","PHASE2A1-SEARCH-0039","2026-07-31","OpenAlex","Edge Artificial Intelligence for 6G: Vision, Enabling Technologies, and Applications","Khaled B. Letaief; Yuanming Shi; Jianmin Lu; Jianhua Lu","2021","10.1109/jsac.2021.3126076","https://openalex.org/W3212941463","A1DEF-DUP-0405","FALSE_POSITIVE","Resolved at title/abstract/citation-context because the record was off-topic, application-specific, secondary, sequential-only, or methodologically redundant with a verified primary anchor; it was not retained and is not used to support a substantive or absence conclusion.","LEVEL_3_DISCOVERY","NOT_RETRIEVED","","","audit/phase2a1_raw_search_results/DEF/PHASE2A1-SEARCH-0039_polyanskiy_forward_openalex.json","Discovery-only; not used in synthesis or an absence conclusion."
"A1DEF-0460","PHASE2A1-SEARCH-0039","2026-07-31","OpenAlex","Classifications and Applications of Physical Layer Security Techniques for Confidentiality: A Comprehensive Survey","Jehad M. Hamamreh; Haji M. Furqan; Hüseyin Arslan","2018","10.1109/comst.2018.2878035","https://openalex.org/W2898104747","A1DEF-DUP-0406","FALSE_POSITIVE","Resolved at title/abstract/citation-context because the record was off-topic, application-specific, secondary, sequential-only, or methodologically redundant with a verified primary anchor; it was not retained and is not used to support a substantive or absence conclusion.","LEVEL_3_DISCOVERY","NOT_RETRIEVED","","","audit/phase2a1_raw_search_results/DEF/PHASE2A1-SEARCH-0039_polyanskiy_forward_openalex.json","Discovery-only; not used in synthesis or an absence conclusion."
"A1DEF-0461","PHASE2A1-SEARCH-0039","2026-07-31","OpenAlex","Energy-efficient wireless communications: tutorial, survey, and open issues","Geoffrey Li; Zhikun Xu; Cong Xiong; Chenyang Yang; Shunqing Zhang; Yan Chen; Shugong Xu","2011","10.1109/mwc.2011.6108331","https://openalex.org/W2154319347","A1DEF-DUP-0407","FALSE_POSITIVE","Resolved at title/abstract/citation-context because the record was off-topic, application-specific, secondary, sequential-only, or methodologically redundant with a verified primary anchor; it was not retained and is not used to support a substantive or absence conclusion.","LEVEL_3_DISCOVERY","NOT_RETRIEVED","","","audit/phase2a1_raw_search_results/DEF/PHASE2A1-SEARCH-0039_polyanskiy_forward_openalex.json","Discovery-only; not used in synthesis or an absence conclusion."
"A1DEF-0462","PHASE2A1-SEARCH-0039","2026-07-31","OpenAlex","Massive Access for 5G and Beyond","Xiaoming Chen; Derrick Wing Kwan Ng; Wei Yu; Erik G. Larsson; Naofal Al‐Dhahir; Robert Schober","2020","10.1109/jsac.2020.3019724","https://openalex.org/W3089248281","A1DEF-DUP-0408","FALSE_POSITIVE","Resolved at title/abstract/citation-context because the record was off-topic, application-specific, secondary, sequential-only, or methodologically redundant with a verified primary anchor; it was not retained and is not used to support a substantive or absence conclusion.","LEVEL_3_DISCOVERY","NOT_RETRIEVED","","","audit/phase2a1_raw_search_results/DEF/PHASE2A1-SEARCH-0039_polyanskiy_forward_openalex.json","Discovery-only; not used in synthesis or an absence conclusion."
"A1DEF-0463","PHASE2A1-SEARCH-0039","2026-07-31","OpenAlex","Federated learning over wireless fading channels","Mohammad Mohammadi Amiri; Denız Gündüz","2020","10.1109/twc.2020.2974748","https://openalex.org/W3006919779","A1DEF-DUP-0409","FALSE_POSITIVE","Resolved at title/abstract/citation-context because the record was off-topic, application-specific, secondary, sequential-only, or methodologically redundant with a verified primary anchor; it was not retained and is not used to support a substantive or absence conclusion.","LEVEL_3_DISCOVERY","NOT_RETRIEVED","","","audit/phase2a1_raw_search_results/DEF/PHASE2A1-SEARCH-0039_polyanskiy_forward_openalex.json","Discovery-only; not used in synthesis or an absence conclusion."
"A1DEF-0464","PHASE2A1-SEARCH-0039","2026-07-31","OpenAlex","Quasi-Static Multiple-Antenna Fading Channels at Finite Blocklength","Wei Yang; Giuseppe Durisi; Tobias Koch; Yury Polyanskiy","2014","10.1109/tit.2014.2318726","https://openalex.org/W2036533317","A1DEF-DUP-0410","FALSE_POSITIVE","Resolved at title/abstract/citation-context because the record was off-topic, application-specific, secondary, sequential-only, or methodologically redundant with a verified primary anchor; it was not retained and is not used to support a substantive or absence conclusion.","LEVEL_3_DISCOVERY","NOT_RETRIEVED","","","audit/phase2a1_raw_search_results/DEF/PHASE2A1-SEARCH-0039_polyanskiy_forward_openalex.json","Discovery-only; not used in synthesis or an absence conclusion."
"A1DEF-0465","PHASE2A1-SEARCH-0039","2026-07-31","OpenAlex","Cellular, Wide-Area, and Non-Terrestrial IoT: A Survey on 5G Advances and the Road Toward 6G","Mojtaba Vaezi; Amin Azari; Saeed R. Khosravirad; Mahyar Shirvanimoghaddam; Mohammad Mahdi Azari; Danai Chasaki; Petar Popovski","2022","10.1109/comst.2022.3151028","https://openalex.org/W3180641418","A1DEF-DUP-0411","FALSE_POSITIVE","Resolved at title/abstract/citation-context because the record was off-topic, application-specific, secondary, sequential-only, or methodologically redundant with a verified primary anchor; it was not retained and is not used to support a substantive or absence conclusion.","LEVEL_3_DISCOVERY","NOT_RETRIEVED","","","audit/phase2a1_raw_search_results/DEF/PHASE2A1-SEARCH-0039_polyanskiy_forward_openalex.json","Discovery-only; not used in synthesis or an absence conclusion."
"A1DEF-0466","PHASE2A1-SEARCH-0039","2026-07-31","OpenAlex","Evolution of NOMA Toward Next Generation Multiple Access (NGMA) for 6G","Yuanwei Liu; Shuowen Zhang; Xidong Mu; Zhiguo Ding; Robert Schober; Naofal Al‐Dhahir; Ekram Hossain; Xuemin Shen","2022","10.1109/jsac.2022.3145234","https://openalex.org/W4210439023","A1DEF-DUP-0412","FALSE_POSITIVE","Resolved at title/abstract/citation-context because the record was off-topic, application-specific, secondary, sequential-only, or methodologically redundant with a verified primary anchor; it was not retained and is not used to support a substantive or absence conclusion.","LEVEL_3_DISCOVERY","NOT_RETRIEVED","","","audit/phase2a1_raw_search_results/DEF/PHASE2A1-SEARCH-0039_polyanskiy_forward_openalex.json","Discovery-only; not used in synthesis or an absence conclusion."
"A1DEF-0467","PHASE2A1-SEARCH-0039","2026-07-31","OpenAlex","List decoding of polar codes","Ido Tal; Alexander Vardy","2011","10.1109/isit.2011.6033904","https://openalex.org/W2134750166","A1DEF-DUP-0413","FALSE_POSITIVE","Resolved at title/abstract/citation-context because the record was off-topic, application-specific, secondary, sequential-only, or methodologically redundant with a verified primary anchor; it was not retained and is not used to support a substantive or absence conclusion.","LEVEL_3_DISCOVERY","NOT_RETRIEVED","","","audit/phase2a1_raw_search_results/DEF/PHASE2A1-SEARCH-0039_polyanskiy_forward_openalex.json","Discovery-only; not used in synthesis or an absence conclusion."
"A1DEF-0468","PHASE2A1-SEARCH-0039","2026-07-31","OpenAlex","A Comprehensive Overview on 5G-and-Beyond Networks With UAVs: From Communications to Sensing and Intelligence","Qingqing Wu; Jie Xu; Yong Zeng; Derrick Wing Kwan Ng; Naofal Al‐Dhahir; Robert Schober; A. Lee Swindlehurst","2021","10.1109/jsac.2021.3088681","https://openalex.org/W3167450743","A1DEF-DUP-0414","FALSE_POSITIVE","Resolved at title/abstract/citation-context because the record was off-topic, application-specific, secondary, sequential-only, or methodologically redundant with a verified primary anchor; it was not retained and is not used to support a substantive or absence conclusion.","LEVEL_3_DISCOVERY","NOT_RETRIEVED","","","audit/phase2a1_raw_search_results/DEF/PHASE2A1-SEARCH-0039_polyanskiy_forward_openalex.json","Discovery-only; not used in synthesis or an absence conclusion."
"A1DEF-0469","PHASE2A1-SEARCH-0039","2026-07-31","OpenAlex","A perspective on massive random-access","Yury Polyanskiy","2017","10.1109/isit.2017.8006984","https://openalex.org/W2742359230","A1DEF-DUP-0415","FALSE_POSITIVE","Resolved at title/abstract/citation-context because the record was off-topic, application-specific, secondary, sequential-only, or methodologically redundant with a verified primary anchor; it was not retained and is not used to support a substantive or absence conclusion.","LEVEL_3_DISCOVERY","NOT_RETRIEVED","","","audit/phase2a1_raw_search_results/DEF/PHASE2A1-SEARCH-0039_polyanskiy_forward_openalex.json","Discovery-only; not used in synthesis or an absence conclusion."
"A1DEF-0470","PHASE2A1-SEARCH-0039","2026-07-31","OpenAlex","Ultra-Reliable and Low-Latency Communications in 5G Downlink: Physical Layer Aspects","Hyoungju Ji; Sunho Park; Jeongho Yeo; Younsun Kim; Juho Lee; Byonghyo Shim","2018","10.1109/mwc.2018.1700294","https://openalex.org/W2796181329","A1DEF-DUP-0416","FALSE_POSITIVE","Resolved at title/abstract/citation-context because the record was off-topic, application-specific, secondary, sequential-only, or methodologically redundant with a verified primary anchor; it was not retained and is not used to support a substantive or absence conclusion.","LEVEL_3_DISCOVERY","NOT_RETRIEVED","","","audit/phase2a1_raw_search_results/DEF/PHASE2A1-SEARCH-0039_polyanskiy_forward_openalex.json","Discovery-only; not used in synthesis or an absence conclusion."
"A1DEF-0471","PHASE2A1-SEARCH-0039","2026-07-31","OpenAlex","Covert Communication Over Noisy Channels: A Resolvability Perspective","Matthieu R. Bloch","2016","10.1109/tit.2016.2530089","https://openalex.org/W1897081267","A1DEF-DUP-0417","FALSE_POSITIVE","Resolved at title/abstract/citation-context because the record was off-topic, application-specific, secondary, sequential-only, or methodologically redundant with a verified primary anchor; it was not retained and is not used to support a substantive or absence conclusion.","LEVEL_3_DISCOVERY","NOT_RETRIEVED","","","audit/phase2a1_raw_search_results/DEF/PHASE2A1-SEARCH-0039_polyanskiy_forward_openalex.json","Discovery-only; not used in synthesis or an absence conclusion."
"A1DEF-0472","PHASE2A1-SEARCH-0039","2026-07-31","OpenAlex","Wireless Access for Ultra-Reliable Low-Latency Communication: Principles and Building Blocks","Petar Popovski; Jimmy Jessen Nielsen; Čedomir Stefanović; Elisabeth de Carvalho; Erik G. Ström; Kasper Fløe Trillingsgaard; Alexandru-Sabin Bana; Dong Min Kim; Radosław Kotaba; Jihong Park; René Sørensen","2018","10.1109/mnet.2018.1700258","https://openalex.org/W2776794349","A1DEF-DUP-0418","FALSE_POSITIVE","Resolved at title/abstract/citation-context because the record was off-topic, application-specific, secondary, sequential-only, or methodologically redundant with a verified primary anchor; it was not retained and is not used to support a substantive or absence conclusion.","LEVEL_3_DISCOVERY","NOT_RETRIEVED","","","audit/phase2a1_raw_search_results/DEF/PHASE2A1-SEARCH-0039_polyanskiy_forward_openalex.json","Discovery-only; not used in synthesis or an absence conclusion."
"A1DEF-0473","PHASE2A1-SEARCH-0039","2026-07-31","OpenAlex","An Adaptive Successive Cancellation List Decoder for Polar Codes with Cyclic Redundancy Check","Bin Li; Hui Shen; David Tse","2012","10.1109/lcomm.2012.111612.121898","https://openalex.org/W1972808865","A1DEF-DUP-0419","FALSE_POSITIVE","Resolved at title/abstract/citation-context because the record was off-topic, application-specific, secondary, sequential-only, or methodologically redundant with a verified primary anchor; it was not retained and is not used to support a substantive or absence conclusion.","LEVEL_3_DISCOVERY","NOT_RETRIEVED","","","audit/phase2a1_raw_search_results/DEF/PHASE2A1-SEARCH-0039_polyanskiy_forward_openalex.json","Discovery-only; not used in synthesis or an absence conclusion."
"A1DEF-0474","PHASE2A1-SEARCH-0039","2026-07-31","OpenAlex","A Tutorial on Ultrareliable and Low-Latency Communications in 6G: Integrating Domain Knowledge Into Deep Learning","Changyang She; Chengjian Sun; Zhouyou Gu; Yonghui Li; Chenyang Yang; H. Vincent Poor; Branka Vucetic","2021","10.1109/jproc.2021.3053601","https://openalex.org/W3135089279","A1DEF-DUP-0420","FALSE_POSITIVE","Resolved at title/abstract/citation-context because the record was off-topic, application-specific, secondary, sequential-only, or methodologically redundant with a verified primary anchor; it was not retained and is not used to support a substantive or absence conclusion.","LEVEL_3_DISCOVERY","NOT_RETRIEVED","","","audit/phase2a1_raw_search_results/DEF/PHASE2A1-SEARCH-0039_polyanskiy_forward_openalex.json","Discovery-only; not used in synthesis or an absence conclusion."
"A1DEF-0475","PHASE2A1-SEARCH-0039","2026-07-31","OpenAlex","Fundamental Limits of Communication With Low Probability of Detection","Ligong Wang; Gregory W. Wornell; Lizhong Zheng","2016","10.1109/tit.2016.2548471","https://openalex.org/W3104101844","A1DEF-DUP-0421","FALSE_POSITIVE","Resolved at title/abstract/citation-context because the record was off-topic, application-specific, secondary, sequential-only, or methodologically redundant with a verified primary anchor; it was not retained and is not used to support a substantive or absence conclusion.","LEVEL_3_DISCOVERY","NOT_RETRIEVED","","","audit/phase2a1_raw_search_results/DEF/PHASE2A1-SEARCH-0039_polyanskiy_forward_openalex.json","Discovery-only; not used in synthesis or an absence conclusion."
"A1DEF-0476","PHASE2A1-SEARCH-0039","2026-07-31","OpenAlex","Achieving the Secrecy Capacity of Wiretap Channels Using Polar Codes","Hessam Mahdavifar; Alexander Vardy","2011","10.1109/tit.2011.2162275","https://openalex.org/W2211831180","A1DEF-DUP-0422","FALSE_POSITIVE","Resolved at title/abstract/citation-context because the record was off-topic, application-specific, secondary, sequential-only, or methodologically redundant with a verified primary anchor; it was not retained and is not used to support a substantive or absence conclusion.","LEVEL_3_DISCOVERY","NOT_RETRIEVED","","","audit/phase2a1_raw_search_results/DEF/PHASE2A1-SEARCH-0039_polyanskiy_forward_openalex.json","Discovery-only; not used in synthesis or an absence conclusion."
"A1DEF-0477","PHASE2A1-SEARCH-0039","2026-07-31","OpenAlex","Ultra-Reliable Low Latency Cellular Networks: Use Cases, Challenges and Approaches","He Chen; Rana Abbas; Peng Cheng; Mahyar Shirvanimoghaddam; Wibowo Hardjawana; Wei Bao; Yonghui Li; Branka Vucetic","2018","10.1109/mcom.2018.1701178","https://openalex.org/W2963494103","A1DEF-DUP-0423","FALSE_POSITIVE","Resolved at title/abstract/citation-context because the record was off-topic, application-specific, secondary, sequential-only, or methodologically redundant with a verified primary anchor; it was not retained and is not used to support a substantive or absence conclusion.","LEVEL_3_DISCOVERY","NOT_RETRIEVED","","","audit/phase2a1_raw_search_results/DEF/PHASE2A1-SEARCH-0039_polyanskiy_forward_openalex.json","Discovery-only; not used in synthesis or an absence conclusion."
"A1DEF-0478","PHASE2A1-SEARCH-0039","2026-07-31","OpenAlex","A strong converse bound for multiple hypothesis testing, with applications to high-dimensional estimation","Ramji Venkataramanan; Oliver Johnson","2018","10.1214/18-ejs1419","https://openalex.org/W2790620458","A1DEF-DUP-0123","DUPLICATE","Duplicate occurrence of a record already dispositioned in this prospective ledger.","LEVEL_3_DISCOVERY","NOT_APPLICABLE","","","audit/phase2a1_raw_search_results/DEF/PHASE2A1-SEARCH-0039_venkataramanan_anchor_openalex.json","Duplicate search occurrence; retained evidence is attached to the first occurrence."
"A1DEF-0479","PHASE2A1-SEARCH-0039","2026-07-31","OpenAlex","Elements of Information Theory","Thomas M. Cover; Joy A. Thomas","2001","10.1002/0471200611","https://openalex.org/W2099111195","A1DEF-DUP-0424","FALSE_POSITIVE","Resolved at title/abstract/citation-context because the record was off-topic, application-specific, secondary, sequential-only, or methodologically redundant with a verified primary anchor; it was not retained and is not used to support a substantive or absence conclusion.","LEVEL_3_DISCOVERY","NOT_RETRIEVED","","","audit/phase2a1_raw_search_results/DEF/PHASE2A1-SEARCH-0039_venkataramanan_backward_openalex.json","Discovery-only; not used in synthesis or an absence conclusion."
"A1DEF-0480","PHASE2A1-SEARCH-0039","2026-07-31","OpenAlex","Compressed sensing","David L. Donoho","2004","https://openalex.org/W2296616510","https://openalex.org/W2296616510","A1DEF-DUP-0425","FALSE_POSITIVE","Resolved at title/abstract/citation-context because the record was off-topic, application-specific, secondary, sequential-only, or methodologically redundant with a verified primary anchor; it was not retained and is not used to support a substantive or absence conclusion.","LEVEL_3_DISCOVERY","NOT_RETRIEVED","","","audit/phase2a1_raw_search_results/DEF/PHASE2A1-SEARCH-0039_venkataramanan_backward_openalex.json","Discovery-only; not used in synthesis or an absence conclusion."
"A1DEF-0481","PHASE2A1-SEARCH-0039","2026-07-31","OpenAlex","Robust uncertainty principles: exact signal reconstruction from highly incomplete frequency information","Emmanuel J. Candès; Justin Romberg; Terence Tao","2006","10.1109/tit.2005.862083","https://openalex.org/W2145096794","A1DEF-DUP-0426","FALSE_POSITIVE","Resolved at title/abstract/citation-context because the record was off-topic, application-specific, secondary, sequential-only, or methodologically redundant with a verified primary anchor; it was not retained and is not used to support a substantive or absence conclusion.","LEVEL_3_DISCOVERY","NOT_RETRIEVED","","","audit/phase2a1_raw_search_results/DEF/PHASE2A1-SEARCH-0039_venkataramanan_backward_openalex.json","Discovery-only; not used in synthesis or an absence conclusion."
"A1DEF-0482","PHASE2A1-SEARCH-0039","2026-07-31","OpenAlex","Decoding by Linear Programming","Emmanuel J. Candès; Terence Tao","2005","10.1109/tit.2005.858979","https://openalex.org/W2129131372","A1DEF-DUP-0427","FALSE_POSITIVE","Resolved at title/abstract/citation-context because the record was off-topic, application-specific, secondary, sequential-only, or methodologically redundant with a verified primary anchor; it was not retained and is not used to support a substantive or absence conclusion.","LEVEL_3_DISCOVERY","NOT_RETRIEVED","","","audit/phase2a1_raw_search_results/DEF/PHASE2A1-SEARCH-0039_venkataramanan_backward_openalex.json","Discovery-only; not used in synthesis or an absence conclusion."
"A1DEF-0483","PHASE2A1-SEARCH-0039","2026-07-31","OpenAlex","Channel Coding Rate in the Finite Blocklength Regime","Yury Polyanskiy; H. Vincent Poor; Sergio Verdú","2010","10.1109/tit.2010.2043769","https://openalex.org/W2106864314","A1DEF-DUP-0373","DUPLICATE","Duplicate occurrence of a record already dispositioned in this prospective ledger.","LEVEL_3_DISCOVERY","NOT_APPLICABLE","","","audit/phase2a1_raw_search_results/DEF/PHASE2A1-SEARCH-0039_venkataramanan_backward_openalex.json","Duplicate search occurrence; retained evidence is attached to the first occurrence."
"A1DEF-0484","PHASE2A1-SEARCH-0039","2026-07-31","OpenAlex","The restricted isometry property and its implications for compressed sensing","Emmanuel J. Candès","2008","10.1016/j.crma.2008.03.014","https://openalex.org/W2015418199","A1DEF-DUP-0428","FALSE_POSITIVE","Resolved at title/abstract/citation-context because the record was off-topic, application-specific, secondary, sequential-only, or methodologically redundant with a verified primary anchor; it was not retained and is not used to support a substantive or absence conclusion.","LEVEL_3_DISCOVERY","NOT_RETRIEVED","","","audit/phase2a1_raw_search_results/DEF/PHASE2A1-SEARCH-0039_venkataramanan_backward_openalex.json","Discovery-only; not used in synthesis or an absence conclusion."
"A1DEF-0485","PHASE2A1-SEARCH-0039","2026-07-31","OpenAlex","Introduction to Nonparametric Estimation","Alexandre B. Tsybakov","2008","10.1007/b13794","https://openalex.org/W1511694993","A1DEF-DUP-0429","FALSE_POSITIVE","Resolved at title/abstract/citation-context because the record was off-topic, application-specific, secondary, sequential-only, or methodologically redundant with a verified primary anchor; it was not retained and is not used to support a substantive or absence conclusion.","LEVEL_3_DISCOVERY","NOT_RETRIEVED","","","audit/phase2a1_raw_search_results/DEF/PHASE2A1-SEARCH-0039_venkataramanan_backward_openalex.json","Discovery-only; not used in synthesis or an absence conclusion."
"A1DEF-0486","PHASE2A1-SEARCH-0039","2026-07-31","OpenAlex","Simultaneous analysis of Lasso and Dantzig selector","Peter J. Bickel; Ya’acov Ritov; Alexandre B. Tsybakov","2009","10.1214/08-aos620","https://openalex.org/W2116581043","A1DEF-DUP-0430","FALSE_POSITIVE","Resolved at title/abstract/citation-context because the record was off-topic, application-specific, secondary, sequential-only, or methodologically redundant with a verified primary anchor; it was not retained and is not used to support a substantive or absence conclusion.","LEVEL_3_DISCOVERY","NOT_RETRIEVED","","","audit/phase2a1_raw_search_results/DEF/PHASE2A1-SEARCH-0039_venkataramanan_backward_openalex.json","Discovery-only; not used in synthesis or an absence conclusion."
"A1DEF-0487","PHASE2A1-SEARCH-0039","2026-07-31","OpenAlex","Concentration Inequalities and Model Selection","Massart, Pascal; Jean Picard","2007","10.1007/978-3-540-48503-2","https://openalex.org/W156419107","A1DEF-DUP-0431","FALSE_POSITIVE","Resolved at title/abstract/citation-context because the record was off-topic, application-specific, secondary, sequential-only, or methodologically redundant with a verified primary anchor; it was not retained and is not used to support a substantive or absence conclusion.","LEVEL_3_DISCOVERY","NOT_RETRIEVED","","","audit/phase2a1_raw_search_results/DEF/PHASE2A1-SEARCH-0039_venkataramanan_backward_openalex.json","Discovery-only; not used in synthesis or an absence conclusion."
"A1DEF-0488","PHASE2A1-SEARCH-0039","2026-07-31","OpenAlex","Optimal aggregation of classifiers in statistical learning","A. B. Tsybakov","2004","10.1214/aos/1079120131","https://openalex.org/W2043919728","A1DEF-DUP-0432","FALSE_POSITIVE","Resolved at title/abstract/citation-context because the record was off-topic, application-specific, secondary, sequential-only, or methodologically redundant with a verified primary anchor; it was not retained and is not used to support a substantive or absence conclusion.","LEVEL_3_DISCOVERY","NOT_RETRIEVED","","","audit/phase2a1_raw_search_results/DEF/PHASE2A1-SEARCH-0039_venkataramanan_backward_openalex.json","Discovery-only; not used in synthesis or an absence conclusion."
"A1DEF-0489","PHASE2A1-SEARCH-0039","2026-07-31","OpenAlex","Information-theoretic determination of minimax rates of convergence","Yuhong Yang; Andrew R. Barron","1999","10.1214/aos/1017939142","https://openalex.org/W1524622012","A1DEF-DUP-0433","FALSE_POSITIVE","Resolved at title/abstract/citation-context because the record was off-topic, application-specific, secondary, sequential-only, or methodologically redundant with a verified primary anchor; it was not retained and is not used to support a substantive or absence conclusion.","LEVEL_3_DISCOVERY","NOT_RETRIEVED","","","audit/phase2a1_raw_search_results/DEF/PHASE2A1-SEARCH-0039_venkataramanan_backward_openalex.json","Discovery-only; not used in synthesis or an absence conclusion."
"A1DEF-0490","PHASE2A1-SEARCH-0039","2026-07-31","OpenAlex","Minimax Rates of Estimation for High-Dimensional Linear Regression Over $\ell_q$-Balls","Garvesh Raskutti; Martin J. Wainwright; Bin Yu","2011","10.1109/tit.2011.2165799","https://openalex.org/W2159700154","A1DEF-DUP-0434","FALSE_POSITIVE","Resolved at title/abstract/citation-context because the record was off-topic, application-specific, secondary, sequential-only, or methodologically redundant with a verified primary anchor; it was not retained and is not used to support a substantive or absence conclusion.","LEVEL_3_DISCOVERY","NOT_RETRIEVED","","","audit/phase2a1_raw_search_results/DEF/PHASE2A1-SEARCH-0039_venkataramanan_backward_openalex.json","Discovery-only; not used in synthesis or an absence conclusion."
"A1DEF-0491","PHASE2A1-SEARCH-0039","2026-07-31","OpenAlex","Mathematical Foundations of Infinite-Dimensional Statistical Models","Evarist Giné; Richard Nickl","2015","10.1017/cbo9781107337862","https://openalex.org/W2344998188","A1DEF-DUP-0320","DUPLICATE","Duplicate occurrence of a record already dispositioned in this prospective ledger.","LEVEL_3_DISCOVERY","NOT_APPLICABLE","","","audit/phase2a1_raw_search_results/DEF/PHASE2A1-SEARCH-0039_venkataramanan_backward_openalex.json","Duplicate search occurrence; retained evidence is attached to the first occurrence."
"A1DEF-0492","PHASE2A1-SEARCH-0039","2026-07-31","OpenAlex","General formulas for capacity of classical-quantum channels","Masahito Hayashi; Hiroshi Nagaoka","2003","10.1109/tit.2003.813556","https://openalex.org/W2167830490","A1DEF-DUP-0435","FALSE_POSITIVE","Resolved at title/abstract/citation-context because the record was off-topic, application-specific, secondary, sequential-only, or methodologically redundant with a verified primary anchor; it was not retained and is not used to support a substantive or absence conclusion.","LEVEL_3_DISCOVERY","NOT_RETRIEVED","","","audit/phase2a1_raw_search_results/DEF/PHASE2A1-SEARCH-0039_venkataramanan_backward_openalex.json","Discovery-only; not used in synthesis or an absence conclusion."
"A1DEF-0493","PHASE2A1-SEARCH-0039","2026-07-31","OpenAlex","Assouad, Fano, and Le Cam","Bin Yu","1997","10.1007/978-1-4612-1880-7_29","https://openalex.org/W1538452572","A1DEF-DUP-0436","FALSE_POSITIVE","Resolved at title/abstract/citation-context because the record was off-topic, application-specific, secondary, sequential-only, or methodologically redundant with a verified primary anchor; it was not retained and is not used to support a substantive or absence conclusion.","LEVEL_3_DISCOVERY","NOT_RETRIEVED","","","audit/phase2a1_raw_search_results/DEF/PHASE2A1-SEARCH-0039_venkataramanan_backward_openalex.json","Discovery-only; not used in synthesis or an absence conclusion."
"A1DEF-0494","PHASE2A1-SEARCH-0039","2026-07-31","OpenAlex","Error exponent in asymmetric quantum hypothesis testing and its application to classical-quantum channel coding","Masahito Hayashi","2007","10.1103/physreva.76.062301","https://openalex.org/W2035972614","A1DEF-DUP-0437","FALSE_POSITIVE","Resolved at title/abstract/citation-context because the record was off-topic, application-specific, secondary, sequential-only, or methodologically redundant with a verified primary anchor; it was not retained and is not used to support a substantive or absence conclusion.","LEVEL_3_DISCOVERY","NOT_RETRIEVED","","","audit/phase2a1_raw_search_results/DEF/PHASE2A1-SEARCH-0039_venkataramanan_backward_openalex.json","Discovery-only; not used in synthesis or an absence conclusion."
"A1DEF-0495","PHASE2A1-SEARCH-0039","2026-07-31","OpenAlex","Rate Minimaxity of the Lasso and Dantzig Selector for the l q Loss in l r Balls","Fei Ye; Cun‐Hui Zhang","2010","https://openalex.org/W2295765951","https://openalex.org/W2295765951","A1DEF-DUP-0438","FALSE_POSITIVE","Resolved at title/abstract/citation-context because the record was off-topic, application-specific, secondary, sequential-only, or methodologically redundant with a verified primary anchor; it was not retained and is not used to support a substantive or absence conclusion.","LEVEL_3_DISCOVERY","NOT_RETRIEVED","","","audit/phase2a1_raw_search_results/DEF/PHASE2A1-SEARCH-0039_venkataramanan_backward_openalex.json","Discovery-only; not used in synthesis or an absence conclusion."
"A1DEF-0496","PHASE2A1-SEARCH-0039","2026-07-31","OpenAlex","Minimax Bounds for Active Learning","Rui Castro; Robert D. Nowak","2008","10.1109/tit.2008.920189","https://openalex.org/W2106447856","A1DEF-DUP-0439","FALSE_POSITIVE","Resolved at title/abstract/citation-context because the record was off-topic, application-specific, secondary, sequential-only, or methodologically redundant with a verified primary anchor; it was not retained and is not used to support a substantive or absence conclusion.","LEVEL_3_DISCOVERY","NOT_RETRIEVED","","","audit/phase2a1_raw_search_results/DEF/PHASE2A1-SEARCH-0039_venkataramanan_backward_openalex.json","Discovery-only; not used in synthesis or an absence conclusion."
"A1DEF-0497","PHASE2A1-SEARCH-0039","2026-07-31","OpenAlex","Information Theoretic Bounds for Compressed Sensing","Shuchin Aeron; Venkatesh Saligrama; Manqi Zhao","2010","10.1109/tit.2010.2059891","https://openalex.org/W2109379066","A1DEF-DUP-0440","FALSE_POSITIVE","Resolved at title/abstract/citation-context because the record was off-topic, application-specific, secondary, sequential-only, or methodologically redundant with a verified primary anchor; it was not retained and is not used to support a substantive or absence conclusion.","LEVEL_3_DISCOVERY","NOT_RETRIEVED","","","audit/phase2a1_raw_search_results/DEF/PHASE2A1-SEARCH-0039_venkataramanan_backward_openalex.json","Discovery-only; not used in synthesis or an absence conclusion."
"A1DEF-0498","PHASE2A1-SEARCH-0039","2026-07-31","OpenAlex","Dissipation of Information in Channels With Input Constraints","Yury Polyanskiy; Yihong Wu","2015","10.1109/tit.2015.2482978","https://openalex.org/W2129774678","A1DEF-DUP-0441","FALSE_POSITIVE","Resolved at title/abstract/citation-context because the record was off-topic, application-specific, secondary, sequential-only, or methodologically redundant with a verified primary anchor; it was not retained and is not used to support a substantive or absence conclusion.","LEVEL_3_DISCOVERY","NOT_RETRIEVED","","","audit/phase2a1_raw_search_results/DEF/PHASE2A1-SEARCH-0039_venkataramanan_backward_openalex.json","Discovery-only; not used in synthesis or an absence conclusion."
"A1DEF-0499","PHASE2A1-SEARCH-0039","2026-07-31","OpenAlex","Lower Bounds for the Minimax Risk Using $f$-Divergences, and Applications","Adityanand Guntuboyina","2011","10.1109/tit.2011.2110791","https://openalex.org/W2101210333","A1DEF-DUP-0442","FALSE_POSITIVE","Resolved at title/abstract/citation-context because the record was off-topic, application-specific, secondary, sequential-only, or methodologically redundant with a verified primary anchor; it was not retained and is not used to support a substantive or absence conclusion.","LEVEL_3_DISCOVERY","NOT_RETRIEVED","","","audit/phase2a1_raw_search_results/DEF/PHASE2A1-SEARCH-0039_venkataramanan_backward_openalex.json","Discovery-only; not used in synthesis or an absence conclusion."
"A1DEF-0500","PHASE2A1-SEARCH-0039","2026-07-31","OpenAlex","A New Lower Bound for Multiple Hypothesis Testing","Lucien Birgé","2005","10.1109/tit.2005.844101","https://openalex.org/W2101412426","A1DEF-DUP-0443","FALSE_POSITIVE","Resolved at title/abstract/citation-context because the record was off-topic, application-specific, secondary, sequential-only, or methodologically redundant with a verified primary anchor; it was not retained and is not used to support a substantive or absence conclusion.","LEVEL_3_DISCOVERY","NOT_RETRIEVED","","","audit/phase2a1_raw_search_results/DEF/PHASE2A1-SEARCH-0039_venkataramanan_backward_openalex.json","Discovery-only; not used in synthesis or an absence conclusion."
"A1DEF-0501","PHASE2A1-SEARCH-0039","2026-07-31","OpenAlex","On estimating a density using Hellinger distance and some other strange facts","Lucien Birgé","1986","10.1007/bf00332312","https://openalex.org/W2116278188","A1DEF-DUP-0444","FALSE_POSITIVE","Resolved at title/abstract/citation-context because the record was off-topic, application-specific, secondary, sequential-only, or methodologically redundant with a verified primary anchor; it was not retained and is not used to support a substantive or absence conclusion.","LEVEL_3_DISCOVERY","NOT_RETRIEVED","","","audit/phase2a1_raw_search_results/DEF/PHASE2A1-SEARCH-0039_venkataramanan_backward_openalex.json","Discovery-only; not used in synthesis or an absence conclusion."
"A1DEF-0502","PHASE2A1-SEARCH-0039","2026-07-31","OpenAlex","Bayesian &lt;inline-formula&gt; &lt;tex-math notation=""LaTeX""&gt;$M$ &lt;/tex-math&gt; &lt;/inline-formula&gt;-Ary Hypothesis Testing: The Meta-Converse and Verdú-Han Bounds Are Tight","Gonzalo Vazquez-Vilar; Adrià Tauste Campo; Albert Guillén i Fàbregas; Alfonso García Martínez","2016","10.1109/tit.2016.2542080","https://openalex.org/W2236569555","A1DEF-DUP-0445","FALSE_POSITIVE","Resolved at title/abstract/citation-context because the record was off-topic, application-specific, secondary, sequential-only, or methodologically redundant with a verified primary anchor; it was not retained and is not used to support a substantive or absence conclusion.","LEVEL_3_DISCOVERY","NOT_RETRIEVED","","","audit/phase2a1_raw_search_results/DEF/PHASE2A1-SEARCH-0039_venkataramanan_backward_openalex.json","Discovery-only; not used in synthesis or an absence conclusion."
"A1DEF-0503","PHASE2A1-SEARCH-0039","2026-07-31","OpenAlex","Strong converses for group testing from finite blocklength results","Oliver Johnson","2017","10.1109/tit.2017.2697358","https://openalex.org/W1932586092","A1DEF-DUP-0168","DUPLICATE","Duplicate occurrence of a record already dispositioned in this prospective ledger.","LEVEL_3_DISCOVERY","NOT_APPLICABLE","","","audit/phase2a1_raw_search_results/DEF/PHASE2A1-SEARCH-0039_venkataramanan_backward_openalex.json","Duplicate search occurrence; retained evidence is attached to the first occurrence."
"A1DEF-0504","PHASE2A1-SEARCH-0039","2026-07-31","OpenAlex","Fundamental Limits of Weak Recovery with Applications to Phase Retrieval","Marco Mondelli; Andrea Montanari","2018","10.1007/s10208-018-9395-y","https://openalex.org/W2750338112","A1DEF-DUP-0446","FALSE_POSITIVE","Resolved at title/abstract/citation-context because the record was off-topic, application-specific, secondary, sequential-only, or methodologically redundant with a verified primary anchor; it was not retained and is not used to support a substantive or absence conclusion.","LEVEL_3_DISCOVERY","NOT_RETRIEVED","","","audit/phase2a1_raw_search_results/DEF/PHASE2A1-SEARCH-0039_venkataramanan_forward_openalex.json","Discovery-only; not used in synthesis or an absence conclusion."
"A1DEF-0505","PHASE2A1-SEARCH-0039","2026-07-31","OpenAlex","An Introductory Guide to Fano’s Inequality with Applications in Statistical Estimation","Jonathan Scarlett; Volkan Cevher","2021","10.1017/9781108616799.017","https://openalex.org/W2906918961","A1DEF-DUP-0447","FALSE_POSITIVE","Resolved at title/abstract/citation-context because the record was off-topic, application-specific, secondary, sequential-only, or methodologically redundant with a verified primary anchor; it was not retained and is not used to support a substantive or absence conclusion.","LEVEL_3_DISCOVERY","NOT_RETRIEVED","","","audit/phase2a1_raw_search_results/DEF/PHASE2A1-SEARCH-0039_venkataramanan_forward_openalex.json","Discovery-only; not used in synthesis or an absence conclusion."
"A1DEF-0506","PHASE2A1-SEARCH-0039","2026-07-31","OpenAlex","Neyman-Pearson Causal Inference","Joni Shaska; Urbashi Mitra","2024","10.1109/isit57864.2024.10619696","https://openalex.org/W4401692352","A1DEF-DUP-0448","FALSE_POSITIVE","Resolved at title/abstract/citation-context because the record was off-topic, application-specific, secondary, sequential-only, or methodologically redundant with a verified primary anchor; it was not retained and is not used to support a substantive or absence conclusion.","LEVEL_3_DISCOVERY","NOT_RETRIEVED","","","audit/phase2a1_raw_search_results/DEF/PHASE2A1-SEARCH-0039_venkataramanan_forward_openalex.json","Discovery-only; not used in synthesis or an absence conclusion."
"A1DEF-0507","PHASE2A1-SEARCH-0039","2026-07-31","OpenAlex","Introduction to Information Theory and Data Science.","Miguel R. D. Rodrigues; Stark C. Draper; Waheed U. Bajwa; Yonina C. Eldar","2021","10.1017/9781108616799.002","https://openalex.org/W3137742455","A1DEF-DUP-0449","FALSE_POSITIVE","Resolved at title/abstract/citation-context because the record was off-topic, application-specific, secondary, sequential-only, or methodologically redundant with a verified primary anchor; it was not retained and is not used to support a substantive or absence conclusion.","LEVEL_3_DISCOVERY","NOT_RETRIEVED","","","audit/phase2a1_raw_search_results/DEF/PHASE2A1-SEARCH-0039_venkataramanan_forward_openalex.json","Discovery-only; not used in synthesis or an absence conclusion."
"A1DEF-0508","PHASE2A1-SEARCH-0039","2026-07-31","OpenAlex","About the lower bounds for the multiple testing problem","Yannick Baraud","2018","10.48550/arxiv.1807.05410","https://openalex.org/W2884514131","A1DEF-DUP-0450","FALSE_POSITIVE","Resolved at title/abstract/citation-context because the record was off-topic, application-specific, secondary, sequential-only, or methodologically redundant with a verified primary anchor; it was not retained and is not used to support a substantive or absence conclusion.","LEVEL_3_DISCOVERY","NOT_RETRIEVED","","","audit/phase2a1_raw_search_results/DEF/PHASE2A1-SEARCH-0039_venkataramanan_forward_openalex.json","Discovery-only; not used in synthesis or an absence conclusion."
"A1DEF-0509","PHASE2A1-SEARCH-0037","2026-07-31","Official author/repository access pass","Universal Inference","Larry Wasserman; Aaditya Ramdas; Sivaraman Balakrishnan","2020","10.1073/pnas.1922664117","arXiv:1912.11436","A1DEF-DUP-0451","FULL_TEXT_INCLUDED","","LEVEL_1_LOAD_BEARING","AUTHOR_MANUSCRIPT_FULL_TEXT_INSPECTED","Theorem 1 (finite-sample confidence set); Universal hypothesis test and Theorem 3 (split/cross-fit likelihood-ratio Type-I <= alpha); profile-likelihood nuisance discussion in Methods/SI.","NEW_CORPUS_CANDIDATE","audit/phase2a1_raw_search_results/DEF/PHASE2A1-SEARCH-0037_universal_inference_fulltext.pdf","Finite-sample Type-I control for dominated IID composite nulls; power is conservative and no uniform Type-II/sample-size result is proved."
"A1DEF-0510","PHASE2A1-SEARCH-0037","2026-07-31","Official proceedings access pass","Robust hypothesis testing with squared Hellinger distance","Gökhan Gül; Abdelhak M. Zoubir","2014","10.5281/zenodo.54502","Zenodo:54502","A1DEF-DUP-0452","FULL_TEXT_INCLUDED","","LEVEL_1_LOAD_BEARING","OFFICIAL_PROCEEDINGS_FULL_TEXT_INSPECTED","Sections II-III define squared-Hellinger balls and minimax Bayes problem; least-favourable equations in Sections III-IV; maximum robustness/overlap discussion near pp.844-878 and conclusion.","NEW_CORPUS_CANDIDATE","audit/phase2a1_raw_search_results/DEF/PHASE2A1-SEARCH-0037_gul_zoubir_hellinger_fulltext.pdf","Exact single-observation minimax robust test over Hellinger balls, not a general fixed-replicate EMU result."
"A1DEF-0511","PHASE2A1-SEARCH-0037","2026-07-31","Official PMLR access pass","Robust hypothesis testing and distribution estimation in Hellinger distance","Ananda Theertha Suresh","2021","pmlr:v130:theertha-suresh21a","pmlr:v130:theertha-suresh21a","A1DEF-DUP-0453","FULL_TEXT_INCLUDED","","LEVEL_1_LOAD_BEARING","OFFICIAL_PMLR_FULL_TEXT_INSPECTED","Problem definitions pp.1-2; HellingerTest construction; Theorem 1 fixed-sample upper/sample-complexity bound and Theorem 2 lower obstruction.","NEW_CORPUS_CANDIDATE","audit/phase2a1_raw_search_results/DEF/PHASE2A1-SEARCH-0037_suresh_hellinger_fulltext.pdf","Constructive fixed-sample uniform test and matching order lower bound for Hellinger-margin robust neighborhoods around two known laws."
"A1DEF-0512","PHASE2A1-SEARCH-0037","2026-07-31","arXiv API/access pass","Finite-Sample Minimax Robustness in Hypothesis Testing","Gökhan Gül","2026","arxiv:2602.19803","arXiv:2602.19803","A1DEF-DUP-0454","FULL_TEXT_INCLUDED","","LEVEL_1_LOAD_BEARING","LEGITIMATE_PREPRINT_FULL_TEXT_INSPECTED","Definitions of single-model and finite-model robustness; equivalence theorem for f-divergence classes; finite-model-to-asymptotic implications; total-variation construction theorem.","NEW_CORPUS_CANDIDATE","audit/phase2a1_raw_search_results/DEF/PHASE2A1-SEARCH-0037_gul_2026_finite_sample_fulltext.pdf","Current non-peer-reviewed preprint; finite-sample minimax robustness holds only under stated structural conditions and does not itself solve nonlinear EMU design."
"A1DEF-0513","PHASE2A1-SEARCH-0037","2026-07-31","Publisher/author access pass","Testing hypotheses on independent, not identically distributed models","Wolfgang Wefelmeyer","1987","10.1007/978-94-009-3963-9_20","https://doi.org/10.1007/978-94-009-3963-9_20","A1DEF-DUP-0032","DUPLICATE","Duplicate occurrence of a record already dispositioned in this prospective ledger.","LEVEL_3_DISCOVERY","NOT_APPLICABLE","","","audit/phase2a1_raw_search_results/DEF/PHASE2A1-SEARCH-0037_0038_arxiv_metadata.xml","Duplicate search occurrence; retained evidence is attached to the first occurrence."
"A1DEF-0514","PHASE2A1-SEARCH-0037","2026-07-31","Publisher/repository access pass","On Verifying Composite Hypotheses with Nuisance Parameters in the Multivariate Case","A. V. Bernshtein","1981","10.1137/1125037","https://doi.org/10.1137/1125037","A1DEF-DUP-0455","FULL_TEXT_UNAVAILABLE","SIAM publisher access was paywalled and no recognised repository or author manuscript was found in the bounded search; the multivariate composite-hypothesis result could not be verified.","LEVEL_1_LOAD_BEARING","FULL_TEXT_UNAVAILABLE","","","audit/phase2a1_raw_search_results/DEF/PHASE2A1-SEARCH-0037_bernshtein_crossref.json","Not used for a substantive or absence conclusion."
"A1DEF-0515","PHASE2A1-SEARCH-0039","2026-07-31","Official institutional-repository access pass","Active Fixed-Sample-Size Hypothesis Testing via POMDP Value Function Lipschitz Bounds","Timothy L. Molloy; Girish N. Nair","2024","10.23919/acc60939.2024.10644574","https://doi.org/10.23919/ACC60939.2024.10644574","A1DEF-DUP-0006","DUPLICATE","Duplicate occurrence of a record already dispositioned in this prospective ledger.","LEVEL_3_DISCOVERY","NOT_APPLICABLE","","","audit/phase2a1_raw_search_results/DEF/PHASE2A1-SEARCH-0039_pomdp_crossref.json","Duplicate access-pass occurrence; retained unavailable disposition is attached to A1DEF-0006."
