"workstream_record_id","search_source","query_id","search_date","title","year","doi_or_identifier","source_native_id","citation_anchor","duplicate_group","screening_state","exclusion_reason","evidence_level","final_corpus_id","notes"
"AC0001","Primary full-text reference list","PHASE2-SEARCH-0056","2026-07-31","Metabolic flux analysis of CHO cells at growth and non-growth phases using isotopic tracers and mass spectrometry","","10.1016/j.ymben.2011.07.002","","10.1016/j.ymben.2011.12.005","A-CLOSE-DUP-0001","TITLE_ABSTRACT_EXCLUDED","NO_DIRECT_EXPERIMENTAL_DESIGN_METHOD","LEVEL_3_DISCOVERY_ONLY","","Prospective backward-reference occurrence."
"AC0002","Primary full-text reference list","PHASE2-SEARCH-0056","2026-07-31","Towards dynamic metabolic flux analysis in CHO cell cultures","","10.1002/biot.201100052","","10.1016/j.ymben.2011.12.005","A-CLOSE-DUP-0002","TITLE_ABSTRACT_EXCLUDED","NO_DIRECT_EXPERIMENTAL_DESIGN_METHOD","LEVEL_3_DISCOVERY_ONLY","","Prospective backward-reference occurrence."
"AC0003","Primary full-text reference list","PHASE2-SEARCH-0056","2026-07-31","Determination of confidence intervals of metabolic fluxes estimated from stable isotope measurements","","10.1016/j.ymben.2006.01.004","","10.1016/j.ymben.2011.12.005","A-CLOSE-DUP-0003","TITLE_ABSTRACT_EXCLUDED","NO_DIRECT_EXPERIMENTAL_DESIGN_METHOD","LEVEL_3_DISCOVERY_ONLY","","Prospective backward-reference occurrence."
"AC0004","Primary full-text reference list","PHASE2-SEARCH-0056","2026-07-31","Accurate assessment of amino acid mass isotopomer distributions for metabolic flux analysis","","10.1021/ac0708893","","10.1016/j.ymben.2011.12.005","A-CLOSE-DUP-0004","TITLE_ABSTRACT_EXCLUDED","NO_DIRECT_EXPERIMENTAL_DESIGN_METHOD","LEVEL_3_DISCOVERY_ONLY","","Prospective backward-reference occurrence."
"AC0005","Primary full-text reference list","PHASE2-SEARCH-0056","2026-07-31","Elementary metabolite units (EMU): a novel framework for modeling isotopic distributions","","10.1016/j.ymben.2006.09.001","","10.1016/j.ymben.2011.12.005","A-CLOSE-DUP-0005","TITLE_ABSTRACT_EXCLUDED","NO_DIRECT_EXPERIMENTAL_DESIGN_METHOD","LEVEL_3_DISCOVERY_ONLY","","Prospective backward-reference occurrence."
"AC0006","Primary full-text reference list","PHASE2-SEARCH-0056","2026-07-31","Measuring deuterium enrichment of glucose hydrogen atoms by gas chromatography/mass spectrometry","","10.1021/ac200012p","","10.1016/j.ymben.2011.12.005","A-CLOSE-DUP-0006","TITLE_ABSTRACT_EXCLUDED","NO_DIRECT_EXPERIMENTAL_DESIGN_METHOD","LEVEL_3_DISCOVERY_ONLY","","Prospective backward-reference occurrence."
"AC0007","Primary full-text reference list","PHASE2-SEARCH-0056","2026-07-31","Metabolic flux analysis in a nonstationary system: fed-batch fermentation of a high yielding strain of E. coli producing 1,3-propanediol","","10.1016/j.ymben.2007.01.003","","10.1016/j.ymben.2011.12.005","A-CLOSE-DUP-0007","TITLE_ABSTRACT_EXCLUDED","NO_DIRECT_EXPERIMENTAL_DESIGN_METHOD","LEVEL_3_DISCOVERY_ONLY","","Prospective backward-reference occurrence."
"AC0008","Primary full-text reference list","PHASE2-SEARCH-0056","2026-07-31","An improved method for statistical analysis of metabolic flux analysis using isotopomer mapping matrices with analytical expressions","","10.1016/s0168-1656(03)00169-x","","10.1016/j.ymben.2011.12.005","A-CLOSE-DUP-0008","TITLE_ABSTRACT_EXCLUDED","NO_DIRECT_EXPERIMENTAL_DESIGN_METHOD","LEVEL_3_DISCOVERY_ONLY","","Prospective backward-reference occurrence."
"AC0009","Primary full-text reference list","PHASE2-SEARCH-0056","2026-07-31","Identification of optimal measurement sets for complete flux elucidation in metabolic flux analysis experiments","","10.1002/bit.21926","","10.1016/j.ymben.2011.12.005","A-CLOSE-DUP-0009","TITLE_ABSTRACT_EXCLUDED","NO_DIRECT_EXPERIMENTAL_DESIGN_METHOD","LEVEL_3_DISCOVERY_ONLY","","Prospective backward-reference occurrence."
"AC0010","Primary full-text reference list","PHASE2-SEARCH-0056","2026-07-31","Tandem mass spectrometry: A novel approach for metabolic flux analysis","","10.1016/j.ymben.2010.11.006","","10.1016/j.ymben.2011.12.005","A-CLOSE-DUP-0010","TITLE_ABSTRACT_EXCLUDED","NO_DIRECT_EXPERIMENTAL_DESIGN_METHOD","LEVEL_3_DISCOVERY_ONLY","","Prospective backward-reference occurrence."
"AC0011","Primary full-text reference list","PHASE2-SEARCH-0056","2026-07-31","Resolving the TCA cycle and pentose-phosphate pathway of Clostridium acetobutylicum ATCC 824: Isotopomer analysis, in vitro activities and expression analysis","","10.1002/biot.201000282","","10.1016/j.ymben.2011.12.005","A-CLOSE-DUP-0011","TITLE_ABSTRACT_EXCLUDED","NO_DIRECT_EXPERIMENTAL_DESIGN_METHOD","LEVEL_3_DISCOVERY_ONLY","","Prospective backward-reference occurrence."
"AC0012","Primary full-text reference list","PHASE2-SEARCH-0056","2026-07-31","Metabolic flux analysis of the mixotrophic metabolisms in the green sulfur bacterium Chlorobaculum tepidum","","10.1074/jbc.M110.162958","","10.1016/j.ymben.2011.12.005","A-CLOSE-DUP-0012","TITLE_ABSTRACT_EXCLUDED","NO_DIRECT_EXPERIMENTAL_DESIGN_METHOD","LEVEL_3_DISCOVERY_ONLY","","Prospective backward-reference occurrence."
"AC0013","Primary full-text reference list","PHASE2-SEARCH-0056","2026-07-31","13C isotopomer analysis of glutamate by tandem mass spectrometry","","10.1006/abio.2001.5457","","10.1016/j.ymben.2011.12.005","A-CLOSE-DUP-0013","TITLE_ABSTRACT_EXCLUDED","NO_DIRECT_EXPERIMENTAL_DESIGN_METHOD","LEVEL_3_DISCOVERY_ONLY","","Prospective backward-reference occurrence."
"AC0014","Primary full-text reference list","PHASE2-SEARCH-0056","2026-07-31","Probing metabolic pathways with isotopic tracers: insights from mammalian metabolic physiology","","10.1016/j.ymben.2003.10.008","","10.1016/j.ymben.2011.12.005","A-CLOSE-DUP-0014","TITLE_ABSTRACT_EXCLUDED","NO_DIRECT_EXPERIMENTAL_DESIGN_METHOD","LEVEL_3_DISCOVERY_ONLY","","Prospective backward-reference occurrence."
"AC0015","Primary full-text reference list","PHASE2-SEARCH-0056","2026-07-31","Dynamic metabolic flux analysis (DMFA): A framework for determining fluxes at metabolic non-steady state","","10.1016/j.ymben.2011.09.010","","10.1016/j.ymben.2011.12.005","A-CLOSE-DUP-0015","TITLE_ABSTRACT_EXCLUDED","NO_DIRECT_EXPERIMENTAL_DESIGN_METHOD","LEVEL_3_DISCOVERY_ONLY","","Prospective backward-reference occurrence."
"AC0016","Primary full-text reference list","PHASE2-SEARCH-0056","2026-07-31","Evaluation of 13C isotopic tracers for metabolic flux analysis in mammalian cells","","10.1016/j.jbiotec.2009.07.010","","10.1016/j.ymben.2011.12.005","A-CLOSE-DUP-0016","TITLE_ABSTRACT_EXCLUDED","NO_DIRECT_EXPERIMENTAL_DESIGN_METHOD","LEVEL_3_DISCOVERY_ONLY","","Prospective backward-reference occurrence."
"AC0017","Primary full-text reference list","PHASE2-SEARCH-0056","2026-07-31","Bidirectional reaction steps in metabolic networks: IV. Optimal design of isotopomer labeling experiments","","10.1002/(sici)1097-0290(1999)66:2&lt;86::aid-bit2&gt;3.0.co;2-a","","10.1016/j.ymben.2011.12.005","A-CLOSE-DUP-0017","TITLE_ABSTRACT_EXCLUDED","NO_DIRECT_EXPERIMENTAL_DESIGN_METHOD","LEVEL_3_DISCOVERY_ONLY","","Prospective backward-reference occurrence."
"AC0018","Primary full-text reference list","PHASE2-SEARCH-0056","2026-07-31","Linking high-resolution metabolic flux phenotypes and transcriptional regulation in yeast modulated by the global regulator Gcn4p","","10.1073/pnas.0811091106","","10.1016/j.ymben.2011.12.005","A-CLOSE-DUP-0018","TITLE_ABSTRACT_EXCLUDED","NO_DIRECT_EXPERIMENTAL_DESIGN_METHOD","LEVEL_3_DISCOVERY_ONLY","","Prospective backward-reference occurrence."
"AC0019","Primary full-text reference list","PHASE2-SEARCH-0056","2026-07-31","Computational approaches in metabolic engineering","","10.1155/2010/207414","","10.1016/j.ymben.2011.12.005","A-CLOSE-DUP-0019","TITLE_ABSTRACT_EXCLUDED","NO_DIRECT_EXPERIMENTAL_DESIGN_METHOD","LEVEL_3_DISCOVERY_ONLY","","Prospective backward-reference occurrence."
"AC0020","Primary full-text reference list","PHASE2-SEARCH-0056","2026-07-31","Metabolic networks in motion: 13C-based flux analysis","","10.1038/msb4100109","","10.1016/j.ymben.2011.12.005","A-CLOSE-DUP-0020","TITLE_ABSTRACT_EXCLUDED","NO_DIRECT_EXPERIMENTAL_DESIGN_METHOD","LEVEL_3_DISCOVERY_ONLY","","Prospective backward-reference occurrence."
"AC0021","Primary full-text reference list","PHASE2-SEARCH-0056","2026-07-31","A transient isotopic labeling methodology for 13C metabolic flux analysis of photoautotrophic microorganisms","","10.1016/j.phytochem.2007.03.042","","10.1016/j.ymben.2011.12.005","A-CLOSE-DUP-0021","TITLE_ABSTRACT_EXCLUDED","NO_DIRECT_EXPERIMENTAL_DESIGN_METHOD","LEVEL_3_DISCOVERY_ONLY","","Prospective backward-reference occurrence."
"AC0022","Primary full-text reference list","PHASE2-SEARCH-0056","2026-07-31","Metabolic fluxes and metabolic engineering","","10.1006/mben.1998.0101","","10.1016/j.ymben.2011.12.005","A-CLOSE-DUP-0022","TITLE_ABSTRACT_EXCLUDED","NO_DIRECT_EXPERIMENTAL_DESIGN_METHOD","LEVEL_3_DISCOVERY_ONLY","","Prospective backward-reference occurrence."
"AC0023","Primary full-text reference list","PHASE2-SEARCH-0056","2026-07-31","Biosynthetically directed fractional 13C-labeling of proteinogenic amino acids. An efficient analytical tool to investigate intermediary metabolism","","10.1111/j.1432-1033.1995.tb20829.x","","10.1016/j.ymben.2011.12.005","A-CLOSE-DUP-0023","TITLE_ABSTRACT_EXCLUDED","NO_DIRECT_EXPERIMENTAL_DESIGN_METHOD","LEVEL_3_DISCOVERY_ONLY","","Prospective backward-reference occurrence."
"AC0024","Primary full-text reference list","PHASE2-SEARCH-0056","2026-07-31","Metabolic flux analysis using mass spectrometry","","10.1007/3-540-45736-4_3","","10.1016/j.ymben.2011.12.005","A-CLOSE-DUP-0024","TITLE_ABSTRACT_EXCLUDED","NO_DIRECT_EXPERIMENTAL_DESIGN_METHOD","LEVEL_3_DISCOVERY_ONLY","","Prospective backward-reference occurrence."
"AC0025","Primary full-text reference list","PHASE2-SEARCH-0056","2026-07-31","Theoretical aspects of 13C metabolic flux analysis with sole quantification of carbon dioxide labeling","","10.1016/j.compbiolchem.2005.02.005","","10.1016/j.ymben.2011.12.005","A-CLOSE-DUP-0025","TITLE_ABSTRACT_EXCLUDED","NO_DIRECT_EXPERIMENTAL_DESIGN_METHOD","LEVEL_3_DISCOVERY_ONLY","","Prospective backward-reference occurrence."
"AC0026","Primary full-text reference list","PHASE2-SEARCH-0056","2026-07-31","Respirometric 13C flux analysis, Part I: design, construction and validation of a novel multiple reactor system using on-line membrane inlet mass spectrometry","","10.1016/j.ymben.2006.03.001","","10.1016/j.ymben.2011.12.005","A-CLOSE-DUP-0026","TITLE_ABSTRACT_EXCLUDED","NO_DIRECT_EXPERIMENTAL_DESIGN_METHOD","LEVEL_3_DISCOVERY_ONLY","","Prospective backward-reference occurrence."
"AC0027","Primary full-text reference list","PHASE2-SEARCH-0056","2026-07-31","Quantifying reductive carboxylation flux of glutamine to lipid in a brown adipocyte cell line","","10.1074/jbc.M706494200","","10.1016/j.ymben.2011.12.005","A-CLOSE-DUP-0027","TITLE_ABSTRACT_EXCLUDED","NO_DIRECT_EXPERIMENTAL_DESIGN_METHOD","LEVEL_3_DISCOVERY_ONLY","","Prospective backward-reference occurrence."
"AC0028","Primary full-text reference list","PHASE2-SEARCH-0056","2026-07-31","An elementary metabolite unit (EMU) based method of isotopically nonstationary flux analysis","","10.1002/bit.21632","","10.1016/j.ymben.2011.12.005","A-CLOSE-DUP-0028","TITLE_ABSTRACT_INCLUDED","","LEVEL_2_SUPPORTING","","Prospective backward-reference occurrence."
"AC0029","Primary full-text reference list","PHASE2-SEARCH-0056","2026-07-31","(13)C-based metabolic flux analysis","","10.1038/nprot.2009.58","","10.1016/j.ymben.2011.12.005","A-CLOSE-DUP-0029","TITLE_ABSTRACT_EXCLUDED","NO_DIRECT_EXPERIMENTAL_DESIGN_METHOD","LEVEL_3_DISCOVERY_ONLY","","Prospective backward-reference occurrence."
"AC0030","Primary full-text reference list","PHASE2-SEARCH-0056","2026-07-31","Metabolic networks in motion: 13 C-based flux analysis","","10.1038/msb4100109","","10.1186/1752-0509-6-43","A-CLOSE-DUP-0020","DUPLICATE","DUPLICATE_RECORD_RETURNED_EARLIER_IN_CLOSURE_PASS","LEVEL_3_DISCOVERY_ONLY","","Prospective backward-reference occurrence."
"AC0031","Primary full-text reference list","PHASE2-SEARCH-0056","2026-07-31","(13)C-based metabolic flux analysis","","10.1038/nprot.2009.58","","10.1186/1752-0509-6-43","A-CLOSE-DUP-0029","DUPLICATE","DUPLICATE_RECORD_RETURNED_EARLIER_IN_CLOSURE_PASS","LEVEL_3_DISCOVERY_ONLY","","Prospective backward-reference occurrence."
"AC0032","Primary full-text reference list","PHASE2-SEARCH-0056","2026-07-31","Metabolic fluxes and metabolic engineering","","10.1006/mben.1998.0101","","10.1186/1752-0509-6-43","A-CLOSE-DUP-0022","DUPLICATE","DUPLICATE_RECORD_RETURNED_EARLIER_IN_CLOSURE_PASS","LEVEL_3_DISCOVERY_ONLY","","Prospective backward-reference occurrence."
"AC0033","Primary full-text reference list","PHASE2-SEARCH-0056","2026-07-31","Resolving the TCA cycle and pentose-phosphate pathway of Clostridium acetobutylicum ATCC 824: Isotopomer analysis, in vitro activities and expression analysis","","10.1002/biot.201000282","","10.1186/1752-0509-6-43","A-CLOSE-DUP-0011","DUPLICATE","DUPLICATE_RECORD_RETURNED_EARLIER_IN_CLOSURE_PASS","LEVEL_3_DISCOVERY_ONLY","","Prospective backward-reference occurrence."
"AC0034","Primary full-text reference list","PHASE2-SEARCH-0056","2026-07-31","Computational approaches in metabolic engineering","","10.1155/2010/207414","","10.1186/1752-0509-6-43","A-CLOSE-DUP-0019","DUPLICATE","DUPLICATE_RECORD_RETURNED_EARLIER_IN_CLOSURE_PASS","LEVEL_3_DISCOVERY_ONLY","","Prospective backward-reference occurrence."
"AC0035","Primary full-text reference list","PHASE2-SEARCH-0056","2026-07-31","Biosynthetically directed fractional 13 C-labeling of proteinogenic amino acids, An efficient analytical tool to investigate intermediary metabolism","","10.1111/j.1432-1033.1995.tb20829.x","","10.1186/1752-0509-6-43","A-CLOSE-DUP-0023","DUPLICATE","DUPLICATE_RECORD_RETURNED_EARLIER_IN_CLOSURE_PASS","LEVEL_3_DISCOVERY_ONLY","","Prospective backward-reference occurrence."
"AC0036","Primary full-text reference list","PHASE2-SEARCH-0056","2026-07-31","Accurate assessment of amino acid mass isotopomer distributions for metabolic flux analysis","","10.1021/ac0708893","","10.1186/1752-0509-6-43","A-CLOSE-DUP-0004","DUPLICATE","DUPLICATE_RECORD_RETURNED_EARLIER_IN_CLOSURE_PASS","LEVEL_3_DISCOVERY_ONLY","","Prospective backward-reference occurrence."
"AC0037","Primary full-text reference list","PHASE2-SEARCH-0056","2026-07-31","Metabolic flux analysis using mass spectrometry","","10.1007/3-540-45736-4_3","","10.1186/1752-0509-6-43","A-CLOSE-DUP-0024","DUPLICATE","DUPLICATE_RECORD_RETURNED_EARLIER_IN_CLOSURE_PASS","LEVEL_3_DISCOVERY_ONLY","","Prospective backward-reference occurrence."
"AC0038","Primary full-text reference list","PHASE2-SEARCH-0056","2026-07-31","Measuring deuterium enrichment of glucose hydrogen atoms by gas chromatography/mass spectrometry","","10.1021/ac200012p","","10.1186/1752-0509-6-43","A-CLOSE-DUP-0006","DUPLICATE","DUPLICATE_RECORD_RETURNED_EARLIER_IN_CLOSURE_PASS","LEVEL_3_DISCOVERY_ONLY","","Prospective backward-reference occurrence."
"AC0039","Primary full-text reference list","PHASE2-SEARCH-0056","2026-07-31","Tandem mass spectrometry: A novel approach for metabolic flux analysis","","10.1016/j.ymben.2010.11.006","","10.1186/1752-0509-6-43","A-CLOSE-DUP-0010","DUPLICATE","DUPLICATE_RECORD_RETURNED_EARLIER_IN_CLOSURE_PASS","LEVEL_3_DISCOVERY_ONLY","","Prospective backward-reference occurrence."
"AC0040","Primary full-text reference list","PHASE2-SEARCH-0056","2026-07-31","13 C isotopomer analysis of glutamate by tandem mass spectrometry","","10.1006/abio.2001.5457","","10.1186/1752-0509-6-43","A-CLOSE-DUP-0013","DUPLICATE","DUPLICATE_RECORD_RETURNED_EARLIER_IN_CLOSURE_PASS","LEVEL_3_DISCOVERY_ONLY","","Prospective backward-reference occurrence."
"AC0041","Primary full-text reference list","PHASE2-SEARCH-0056","2026-07-31","A universal framework for 13 C metabolic flux analysis","","10.1006/mben.2001.0188","","10.1186/1752-0509-6-43","A-CLOSE-DUP-0030","TITLE_ABSTRACT_EXCLUDED","NO_DIRECT_EXPERIMENTAL_DESIGN_METHOD","LEVEL_3_DISCOVERY_ONLY","","Prospective backward-reference occurrence."
"AC0042","Primary full-text reference list","PHASE2-SEARCH-0056","2026-07-31","Elementary metabolite units (EMU): a novel framework for modeling isotopic distributions","","10.1016/j.ymben.2006.09.001","","10.1186/1752-0509-6-43","A-CLOSE-DUP-0005","DUPLICATE","DUPLICATE_RECORD_RETURNED_EARLIER_IN_CLOSURE_PASS","LEVEL_3_DISCOVERY_ONLY","","Prospective backward-reference occurrence."
"AC0043","Primary full-text reference list","PHASE2-SEARCH-0056","2026-07-31","Dynamic metabolic flux analysis (DMFA): A framework for determining fluxes at metabolic non-steady state","","10.1016/j.ymben.2011.09.010","","10.1186/1752-0509-6-43","A-CLOSE-DUP-0015","DUPLICATE","DUPLICATE_RECORD_RETURNED_EARLIER_IN_CLOSURE_PASS","LEVEL_3_DISCOVERY_ONLY","","Prospective backward-reference occurrence."
"AC0044","Primary full-text reference list","PHASE2-SEARCH-0056","2026-07-31","Metabolic flux analysis of CHO cells at growth and non-growth phases using isotopic tracers and mass spectrometry","","10.1016/j.ymben.2011.07.002","","10.1186/1752-0509-6-43","A-CLOSE-DUP-0001","DUPLICATE","DUPLICATE_RECORD_RETURNED_EARLIER_IN_CLOSURE_PASS","LEVEL_3_DISCOVERY_ONLY","","Prospective backward-reference occurrence."
"AC0045","Primary full-text reference list","PHASE2-SEARCH-0056","2026-07-31","Metabolic flux analysis and pharmaceutical production","","10.1016/j.ymben.2009.10.004","","10.1186/1752-0509-6-43","A-CLOSE-DUP-0031","TITLE_ABSTRACT_EXCLUDED","NO_DIRECT_EXPERIMENTAL_DESIGN_METHOD","LEVEL_3_DISCOVERY_ONLY","","Prospective backward-reference occurrence."
"AC0046","Primary full-text reference list","PHASE2-SEARCH-0056","2026-07-31","Evaluation of 13C isotopic tracers for metabolic flux analysis in mammalian cells","","10.1016/j.jbiotec.2009.07.010","","10.1186/1752-0509-6-43","A-CLOSE-DUP-0016","DUPLICATE","DUPLICATE_RECORD_RETURNED_EARLIER_IN_CLOSURE_PASS","LEVEL_3_DISCOVERY_ONLY","","Prospective backward-reference occurrence."
"AC0047","Primary full-text reference list","PHASE2-SEARCH-0056","2026-07-31","Metabolic Flux Analysis in Systems Biology of Mammalian Cells","","10.1007/10_2011_99","","10.1186/1752-0509-6-43","A-CLOSE-DUP-0032","TITLE_ABSTRACT_EXCLUDED","NO_DIRECT_EXPERIMENTAL_DESIGN_METHOD","LEVEL_3_DISCOVERY_ONLY","","Prospective backward-reference occurrence."
"AC0048","Primary full-text reference list","PHASE2-SEARCH-0056","2026-07-31","Metabolic flux analysis in eukaryotes","","10.1016/j.copbio.2010.01.011","","10.1186/1752-0509-6-43","A-CLOSE-DUP-0033","TITLE_ABSTRACT_EXCLUDED","NO_DIRECT_EXPERIMENTAL_DESIGN_METHOD","LEVEL_3_DISCOVERY_ONLY","","Prospective backward-reference occurrence."
"AC0049","Primary full-text reference list","PHASE2-SEARCH-0056","2026-07-31","Metabolic flux analysis in mammalian cell culture","","10.1016/j.ymben.2009.09.002","","10.1186/1752-0509-6-43","A-CLOSE-DUP-0034","TITLE_ABSTRACT_EXCLUDED","NO_DIRECT_EXPERIMENTAL_DESIGN_METHOD","LEVEL_3_DISCOVERY_ONLY","","Prospective backward-reference occurrence."
"AC0050","Primary full-text reference list","PHASE2-SEARCH-0056","2026-07-31","Effect of anaplerotic fluxes and amino acid availability on hepatic lipoapoptosis","","10.1074/jbc.M109.049478","","10.1186/1752-0509-6-43","A-CLOSE-DUP-0035","TITLE_ABSTRACT_EXCLUDED","NO_DIRECT_EXPERIMENTAL_DESIGN_METHOD","LEVEL_3_DISCOVERY_ONLY","","Prospective backward-reference occurrence."
"AC0051","Primary full-text reference list","PHASE2-SEARCH-0056","2026-07-31","Quantifying reductive carboxylation flux of glutamine to lipid in a brown adipocyte cell line","","10.1074/jbc.M706494200","","10.1186/1752-0509-6-43","A-CLOSE-DUP-0027","DUPLICATE","DUPLICATE_RECORD_RETURNED_EARLIER_IN_CLOSURE_PASS","LEVEL_3_DISCOVERY_ONLY","","Prospective backward-reference occurrence."
"AC0052","Primary full-text reference list","PHASE2-SEARCH-0056","2026-07-31","Cytosolic phosphoenolpyruvate carboxykinase does not solely control the rate of hepatic gluconeogenesis in the intact mouse liver","","10.1016/j.cmet.2007.03.004","","10.1186/1752-0509-6-43","A-CLOSE-DUP-0036","TITLE_ABSTRACT_EXCLUDED","NO_DIRECT_EXPERIMENTAL_DESIGN_METHOD","LEVEL_3_DISCOVERY_ONLY","","Prospective backward-reference occurrence."
"AC0053","Primary full-text reference list","PHASE2-SEARCH-0056","2026-07-31","Impaired tricarboxylic acid cycle activity in mouse livers lacking cytosolic phosphoenolpyruvate carboxykinase","","10.1074/jbc.M407120200","","10.1186/1752-0509-6-43","A-CLOSE-DUP-0037","TITLE_ABSTRACT_EXCLUDED","NO_DIRECT_EXPERIMENTAL_DESIGN_METHOD","LEVEL_3_DISCOVERY_ONLY","","Prospective backward-reference occurrence."
"AC0054","Primary full-text reference list","PHASE2-SEARCH-0056","2026-07-31","Methods for measuring gluconeogenesis in vivo","","10.1097/00075197-199809000-00016","","10.1186/1752-0509-6-43","A-CLOSE-DUP-0038","TITLE_ABSTRACT_EXCLUDED","NO_DIRECT_EXPERIMENTAL_DESIGN_METHOD","LEVEL_3_DISCOVERY_ONLY","","Prospective backward-reference occurrence."
"AC0055","Primary full-text reference list","PHASE2-SEARCH-0056","2026-07-31","Ketogenic essential amino acids modulate lipid synthetic pathways and prevent hepatic steatosis in mice","","10.1371/journal.pone.0012057","","10.1186/1752-0509-6-43","A-CLOSE-DUP-0039","TITLE_ABSTRACT_EXCLUDED","NO_DIRECT_EXPERIMENTAL_DESIGN_METHOD","LEVEL_3_DISCOVERY_ONLY","","Prospective backward-reference occurrence."
"AC0056","Primary full-text reference list","PHASE2-SEARCH-0056","2026-07-31","Optimization of 13C isotopic tracers for metabolic flux analysis in mammalian cells","","10.1016/j.ymben.2011.12.004","","10.1186/1752-0509-6-43","A-CLOSE-DUP-0040","TITLE_ABSTRACT_EXCLUDED","NO_DIRECT_EXPERIMENTAL_DESIGN_METHOD","LEVEL_3_DISCOVERY_ONLY","","Prospective backward-reference occurrence."
"AC0057","Primary full-text reference list","PHASE2-SEARCH-0056","2026-07-31","Metabolic flux analysis in a nonstationary system: fed-batch fermentation of a high yielding strain of E. coli producing 1,3-propanediol","","10.1016/j.ymben.2007.01.003","","10.1186/1752-0509-6-43","A-CLOSE-DUP-0007","DUPLICATE","DUPLICATE_RECORD_RETURNED_EARLIER_IN_CLOSURE_PASS","LEVEL_3_DISCOVERY_ONLY","","Prospective backward-reference occurrence."
"AC0058","Primary full-text reference list","PHASE2-SEARCH-0056","2026-07-31","Metabolic flux analysis of CHO cell metabolism in the late non-growth phase","","10.1002/bit.22890","","10.1186/1752-0509-6-43","A-CLOSE-DUP-0041","TITLE_ABSTRACT_EXCLUDED","NO_DIRECT_EXPERIMENTAL_DESIGN_METHOD","LEVEL_3_DISCOVERY_ONLY","","Prospective backward-reference occurrence."
"AC0059","Primary full-text reference list","PHASE2-SEARCH-0056","2026-07-31","Computational tools for isotopically instationary 13 C labeling experiments under metabolic steady state conditions","","10.1016/j.ymben.2006.05.006","","10.1186/1752-0509-6-43","A-CLOSE-DUP-0042","TITLE_ABSTRACT_INCLUDED","","LEVEL_2_SUPPORTING","","Prospective backward-reference occurrence."
"AC0060","Primary full-text reference list","PHASE2-SEARCH-0056","2026-07-31","Enhanced glycoprotein production in HEK-293 cells expressing pyruvate carboxylase","","10.1016/j.ymben.2011.05.004","","10.1186/1752-0509-6-43","A-CLOSE-DUP-0043","TITLE_ABSTRACT_EXCLUDED","NO_DIRECT_EXPERIMENTAL_DESIGN_METHOD","LEVEL_3_DISCOVERY_ONLY","","Prospective backward-reference occurrence."
"AC0061","Primary full-text reference list","PHASE2-SEARCH-0056","2026-07-31","Respirometric 13 C flux analysis, Part I: design, construction and validation of a novel multiple reactor system using on-line membrane inlet mass spectrometry","","10.1016/j.ymben.2006.03.001","","10.1186/1752-0509-6-43","A-CLOSE-DUP-0026","DUPLICATE","DUPLICATE_RECORD_RETURNED_EARLIER_IN_CLOSURE_PASS","LEVEL_3_DISCOVERY_ONLY","","Prospective backward-reference occurrence."
"AC0062","Primary full-text reference list","PHASE2-SEARCH-0056","2026-07-31","Selection of tracers for 13 C-metabolic flux analysis using elementary metabolite units (EMU) basis vector methodology","","10.1016/j.ymben.2011.12.005","","10.1186/1752-0509-6-43","A-CLOSE-DUP-0044","TITLE_ABSTRACT_EXCLUDED","NO_DIRECT_EXPERIMENTAL_DESIGN_METHOD","LEVEL_3_DISCOVERY_ONLY","","Prospective backward-reference occurrence."
"AC0063","Primary full-text reference list","PHASE2-SEARCH-0056","2026-07-31","Towards dynamic metabolic flux analysis in CHO cell cultures","","10.1002/biot.201100052","","10.1186/1752-0509-6-43","A-CLOSE-DUP-0002","DUPLICATE","DUPLICATE_RECORD_RETURNED_EARLIER_IN_CLOSURE_PASS","LEVEL_3_DISCOVERY_ONLY","","Prospective backward-reference occurrence."
"AC0064","Primary full-text reference list","PHASE2-SEARCH-0056","2026-07-31","Predicting outcomes of steady-state 13 C isotope tracing experiments with Monte Carlo sampling","","10.1186/1752-0509-6-9","","10.1186/1752-0509-6-43","A-CLOSE-DUP-0045","TITLE_ABSTRACT_EXCLUDED","NO_DIRECT_EXPERIMENTAL_DESIGN_METHOD","LEVEL_3_DISCOVERY_ONLY","","Prospective backward-reference occurrence."
"AC0065","Primary full-text reference list","PHASE2-SEARCH-0056","2026-07-31","Bidirectional reaction steps in metabolic networks: IV. Optimal design of isotopomer labeling experiments","","10.1002/(sici)1097-0290(1999)66:2&lt;86::aid-bit2&gt;3.0.co;2-a","","10.1186/1752-0509-6-43","A-CLOSE-DUP-0017","DUPLICATE","DUPLICATE_RECORD_RETURNED_EARLIER_IN_CLOSURE_PASS","LEVEL_3_DISCOVERY_ONLY","","Prospective backward-reference occurrence."
"AC0066","Primary full-text reference list","PHASE2-SEARCH-0056","2026-07-31","Theoretical aspects of 13 C metabolic flux analysis with sole quantification of carbon dioxide labeling","","10.1016/j.compbiolchem.2005.02.005","","10.1186/1752-0509-6-43","A-CLOSE-DUP-0025","DUPLICATE","DUPLICATE_RECORD_RETURNED_EARLIER_IN_CLOSURE_PASS","LEVEL_3_DISCOVERY_ONLY","","Prospective backward-reference occurrence."
"AC0067","Primary full-text reference list","PHASE2-SEARCH-0056","2026-07-31","Experimental design principles for isotopically instationary 13 C labeling experiments","","10.1002/bit.20803","","10.1186/1752-0509-6-43","A-CLOSE-DUP-0046","FULL_TEXT_UNAVAILABLE","LOAD_BEARING_DYNAMIC_DESIGN_FULL_TEXT_NOT_LEGALLY_RETRIEVED","LEVEL_2_SUPPORTING","","Prospective backward-reference occurrence."
"AC0068","Primary full-text reference list","PHASE2-SEARCH-0056","2026-07-31","Eukaryotic metabolism: measuring compartment fluxes","","10.1002/biot.201100032","","10.1186/1752-0509-6-43","A-CLOSE-DUP-0047","TITLE_ABSTRACT_EXCLUDED","NO_DIRECT_EXPERIMENTAL_DESIGN_METHOD","LEVEL_3_DISCOVERY_ONLY","","Prospective backward-reference occurrence."
"AC0069","Primary full-text reference list","PHASE2-SEARCH-0056","2026-07-31","An elementary metabolite unit (EMU) based method of isotopically nonstationary flux analysis","","10.1002/bit.21632","","10.1186/1752-0509-6-43","A-CLOSE-DUP-0028","DUPLICATE","DUPLICATE_RECORD_RETURNED_EARLIER_IN_CLOSURE_PASS","LEVEL_3_DISCOVERY_ONLY","","Prospective backward-reference occurrence."
"AC0070","Primary full-text reference list","PHASE2-SEARCH-0056","2026-07-31","Determination of confidence intervals of metabolic fluxes estimated from stable isotope measurements","","10.1016/j.ymben.2006.01.004","","10.1186/1752-0509-6-43","A-CLOSE-DUP-0003","DUPLICATE","DUPLICATE_RECORD_RETURNED_EARLIER_IN_CLOSURE_PASS","LEVEL_3_DISCOVERY_ONLY","","Prospective backward-reference occurrence."
"AC0071","Primary full-text reference list","PHASE2-SEARCH-0056","2026-07-31","Expanding insights of mitochondrial dysfunction in Parkinson’s disease","","10.1038/nrn1868","","10.1016/j.ymben.2011.12.004","A-CLOSE-DUP-0048","TITLE_ABSTRACT_EXCLUDED","NO_DIRECT_EXPERIMENTAL_DESIGN_METHOD","LEVEL_3_DISCOVERY_ONLY","","Prospective backward-reference occurrence."
"AC0072","Primary full-text reference list","PHASE2-SEARCH-0056","2026-07-31","Determination of confidence intervals of metabolic fluxes estimated from stable isotope measurements","","10.1016/j.ymben.2006.01.004","","10.1016/j.ymben.2011.12.004","A-CLOSE-DUP-0003","DUPLICATE","DUPLICATE_RECORD_RETURNED_EARLIER_IN_CLOSURE_PASS","LEVEL_3_DISCOVERY_ONLY","","Prospective backward-reference occurrence."
"AC0073","Primary full-text reference list","PHASE2-SEARCH-0056","2026-07-31","Elementary metabolite units (EMU): a novel framework for modeling isotopic distributions","","10.1016/j.ymben.2006.09.001","","10.1016/j.ymben.2011.12.004","A-CLOSE-DUP-0005","DUPLICATE","DUPLICATE_RECORD_RETURNED_EARLIER_IN_CLOSURE_PASS","LEVEL_3_DISCOVERY_ONLY","","Prospective backward-reference occurrence."
"AC0074","Primary full-text reference list","PHASE2-SEARCH-0056","2026-07-31","Metabolic flux analysis in a nonstationary system: fed-batch fermentation of a high yielding strain of E. coli producing 1,3-propanediol","","10.1016/j.ymben.2007.01.003","","10.1016/j.ymben.2011.12.004","A-CLOSE-DUP-0007","DUPLICATE","DUPLICATE_RECORD_RETURNED_EARLIER_IN_CLOSURE_PASS","LEVEL_3_DISCOVERY_ONLY","","Prospective backward-reference occurrence."
"AC0075","Primary full-text reference list","PHASE2-SEARCH-0056","2026-07-31","From mice to men: insights into the insulin resistance syndromes","","10.1146/annurev.physiol.68.040104.124723","","10.1016/j.ymben.2011.12.004","A-CLOSE-DUP-0049","TITLE_ABSTRACT_EXCLUDED","NO_DIRECT_EXPERIMENTAL_DESIGN_METHOD","LEVEL_3_DISCOVERY_ONLY","","Prospective backward-reference occurrence."
"AC0076","Primary full-text reference list","PHASE2-SEARCH-0056","2026-07-31","[1,2-13C2]-D-glucose profiles of the serum, liver, pancreas, and DMBA-induced pancreatic tumors of rats","","10.1097/01.mpa.0000186524.53253.fb","","10.1016/j.ymben.2011.12.004","A-CLOSE-DUP-0050","TITLE_ABSTRACT_EXCLUDED","NO_DIRECT_EXPERIMENTAL_DESIGN_METHOD","LEVEL_3_DISCOVERY_ONLY","","Prospective backward-reference occurrence."
"AC0077","Primary full-text reference list","PHASE2-SEARCH-0056","2026-07-31","Defective RNA ribose synthesis in fibroblasts from patients with thiamine-responsive megaloblastic anemia (TRMA)","","10.1182/blood-2003-05-1537","","10.1016/j.ymben.2011.12.004","A-CLOSE-DUP-0051","TITLE_ABSTRACT_EXCLUDED","NO_DIRECT_EXPERIMENTAL_DESIGN_METHOD","LEVEL_3_DISCOVERY_ONLY","","Prospective backward-reference occurrence."
"AC0078","Primary full-text reference list","PHASE2-SEARCH-0056","2026-07-31","Cytosolic phosphoenolpyruvate carboxykinase does not solely control the rate of hepatic gluconeogenesis in the intact mouse liver","","10.1016/j.cmet.2007.03.004","","10.1016/j.ymben.2011.12.004","A-CLOSE-DUP-0036","DUPLICATE","DUPLICATE_RECORD_RETURNED_EARLIER_IN_CLOSURE_PASS","LEVEL_3_DISCOVERY_ONLY","","Prospective backward-reference occurrence."
"AC0079","Primary full-text reference list","PHASE2-SEARCH-0056","2026-07-31","Identification of optimal measurement sets for complete flux elucidation in metabolic flux analysis experiments","","10.1002/bit.21926","","10.1016/j.ymben.2011.12.004","A-CLOSE-DUP-0009","DUPLICATE","DUPLICATE_RECORD_RETURNED_EARLIER_IN_CLOSURE_PASS","LEVEL_3_DISCOVERY_ONLY","","Prospective backward-reference occurrence."
"AC0080","Primary full-text reference list","PHASE2-SEARCH-0056","2026-07-31","The M2 splice isoform of pyruvate kinase is important for cancer metabolism and tumour growth","","10.1038/nature06734","","10.1016/j.ymben.2011.12.004","A-CLOSE-DUP-0052","TITLE_ABSTRACT_EXCLUDED","NO_DIRECT_EXPERIMENTAL_DESIGN_METHOD","LEVEL_3_DISCOVERY_ONLY","","Prospective backward-reference occurrence."
"AC0081","Primary full-text reference list","PHASE2-SEARCH-0056","2026-07-31","Resolving the TCA cycle and pentose-phosphate pathway of Clostridium acetobutylicum ATCC 824: isotopomer analysis, in vitro activities and expression analysis","","10.1002/biot.201000282","","10.1016/j.ymben.2011.12.004","A-CLOSE-DUP-0011","DUPLICATE","DUPLICATE_RECORD_RETURNED_EARLIER_IN_CLOSURE_PASS","LEVEL_3_DISCOVERY_ONLY","","Prospective backward-reference occurrence."
"AC0082","Primary full-text reference list","PHASE2-SEARCH-0056","2026-07-31","Beyond aerobic glycolysis: transformed cells can engage in glutamine metabolism that exceeds the requirement for protein and nucleotide synthesis","","10.1073/pnas.0709747104","","10.1016/j.ymben.2011.12.004","A-CLOSE-DUP-0053","TITLE_ABSTRACT_EXCLUDED","NO_DIRECT_EXPERIMENTAL_DESIGN_METHOD","LEVEL_3_DISCOVERY_ONLY","","Prospective backward-reference occurrence."
"AC0083","Primary full-text reference list","PHASE2-SEARCH-0056","2026-07-31","Attenuation of LDH-A expression uncovers a link between glycolysis, mitochondrial physiology, and tumor maintenance","","10.1016/j.ccr.2006.04.023","","10.1016/j.ymben.2011.12.004","A-CLOSE-DUP-0054","TITLE_ABSTRACT_EXCLUDED","NO_DIRECT_EXPERIMENTAL_DESIGN_METHOD","LEVEL_3_DISCOVERY_ONLY","","Prospective backward-reference occurrence."
"AC0084","Primary full-text reference list","PHASE2-SEARCH-0056","2026-07-31","Genetic algorithms as a computational theory of conceptual design","","","","10.1016/j.ymben.2011.12.004","A-CLOSE-DUP-0055","TITLE_ABSTRACT_EXCLUDED","NO_DIRECT_EXPERIMENTAL_DESIGN_METHOD","LEVEL_3_DISCOVERY_ONLY","","Prospective backward-reference occurrence."
"AC0085","Primary full-text reference list","PHASE2-SEARCH-0056","2026-07-31","New stable isotope-mass spectrometric techniques for measuring fluxes through intact metabolic pathways in mammalian systems: introduction of moving pictures into functional genomics and biochemical phenotyping","","10.1016/j.ymben.2003.10.005","","10.1016/j.ymben.2011.12.004","A-CLOSE-DUP-0056","TITLE_ABSTRACT_EXCLUDED","NO_DIRECT_EXPERIMENTAL_DESIGN_METHOD","LEVEL_3_DISCOVERY_ONLY","","Prospective backward-reference occurrence."
"AC0086","Primary full-text reference list","PHASE2-SEARCH-0056","2026-07-31","Measurement of de novo hepatic lipogenesis in humans using stable isotopes","","10.1172/JCI115206","","10.1016/j.ymben.2011.12.004","A-CLOSE-DUP-0057","TITLE_ABSTRACT_EXCLUDED","NO_DIRECT_EXPERIMENTAL_DESIGN_METHOD","LEVEL_3_DISCOVERY_ONLY","","Prospective backward-reference occurrence."
"AC0087","Primary full-text reference list","PHASE2-SEARCH-0056","2026-07-31","Elucidation of cellular metabolism via metabolomics and stable-isotope assisted metabolomics","","10.2174/138920111795909096","","10.1016/j.ymben.2011.12.004","A-CLOSE-DUP-0058","TITLE_ABSTRACT_EXCLUDED","NO_DIRECT_EXPERIMENTAL_DESIGN_METHOD","LEVEL_3_DISCOVERY_ONLY","","Prospective backward-reference occurrence."
"AC0088","Primary full-text reference list","PHASE2-SEARCH-0056","2026-07-31","Nontargeted elucidation of metabolic pathways using stable-isotope tracers and mass spectrometry","","10.1021/ac1011574","","10.1016/j.ymben.2011.12.004","A-CLOSE-DUP-0059","TITLE_ABSTRACT_EXCLUDED","NO_DIRECT_EXPERIMENTAL_DESIGN_METHOD","LEVEL_3_DISCOVERY_ONLY","","Prospective backward-reference occurrence."
"AC0089","Primary full-text reference list","PHASE2-SEARCH-0056","2026-07-31","Conversion of proteins into biofuels by engineering nitrogen flux","","10.1038/nbt.1789","","10.1016/j.ymben.2011.12.004","A-CLOSE-DUP-0060","TITLE_ABSTRACT_EXCLUDED","NO_DIRECT_EXPERIMENTAL_DESIGN_METHOD","LEVEL_3_DISCOVERY_ONLY","","Prospective backward-reference occurrence."
"AC0090","Primary full-text reference list","PHASE2-SEARCH-0056","2026-07-31","Application of genetic algorithm for optimization gasoline fractions blending compounding","","","","10.1016/j.ymben.2011.12.004","A-CLOSE-DUP-0061","TITLE_ABSTRACT_EXCLUDED","NO_DIRECT_EXPERIMENTAL_DESIGN_METHOD","LEVEL_3_DISCOVERY_ONLY","","Prospective backward-reference occurrence."
"AC0091","Primary full-text reference list","PHASE2-SEARCH-0056","2026-07-31","Reductive glutamine metabolism by IDH1 mediates lipogenesis under hypoxia","","10.1038/nature10602","","10.1016/j.ymben.2011.12.004","A-CLOSE-DUP-0062","TITLE_ABSTRACT_EXCLUDED","NO_DIRECT_EXPERIMENTAL_DESIGN_METHOD","LEVEL_3_DISCOVERY_ONLY","","Prospective backward-reference occurrence."
"AC0092","Primary full-text reference list","PHASE2-SEARCH-0056","2026-07-31","Evaluation of 13 C isotopic tracers for metabolic flux analysis in mammalian cells","","10.1016/j.jbiotec.2009.07.010","","10.1016/j.ymben.2011.12.004","A-CLOSE-DUP-0016","DUPLICATE","DUPLICATE_RECORD_RETURNED_EARLIER_IN_CLOSURE_PASS","LEVEL_3_DISCOVERY_ONLY","","Prospective backward-reference occurrence."
"AC0093","Primary full-text reference list","PHASE2-SEARCH-0056","2026-07-31","Systems-level metabolic flux profiling identifies fatty acid synthesis as a target for antiviral therapy","","10.1038/nbt.1500","","10.1016/j.ymben.2011.12.004","A-CLOSE-DUP-0063","TITLE_ABSTRACT_EXCLUDED","NO_DIRECT_EXPERIMENTAL_DESIGN_METHOD","LEVEL_3_DISCOVERY_ONLY","","Prospective backward-reference occurrence."
"AC0094","Primary full-text reference list","PHASE2-SEARCH-0056","2026-07-31","A critical evaluation of mass isotopomer distribution analysis of gluconeogenesis in vivo","","10.1152/ajpendo.1999.277.1.E154","","10.1016/j.ymben.2011.12.004","A-CLOSE-DUP-0064","TITLE_ABSTRACT_EXCLUDED","NO_DIRECT_EXPERIMENTAL_DESIGN_METHOD","LEVEL_3_DISCOVERY_ONLY","","Prospective backward-reference occurrence."
"AC0095","Primary full-text reference list","PHASE2-SEARCH-0056","2026-07-31","Metabolic networks in motion: 13 C-based flux analysis","","10.1038/msb4100109","","10.1016/j.ymben.2011.12.004","A-CLOSE-DUP-0020","DUPLICATE","DUPLICATE_RECORD_RETURNED_EARLIER_IN_CLOSURE_PASS","LEVEL_3_DISCOVERY_ONLY","","Prospective backward-reference occurrence."
"AC0096","Primary full-text reference list","PHASE2-SEARCH-0056","2026-07-31","Cerebral metabolic and cognitive decline in persons at genetic risk for Alzheimer’s disease","","10.1073/pnas.090106797","","10.1016/j.ymben.2011.12.004","A-CLOSE-DUP-0065","TITLE_ABSTRACT_EXCLUDED","NO_DIRECT_EXPERIMENTAL_DESIGN_METHOD","LEVEL_3_DISCOVERY_ONLY","","Prospective backward-reference occurrence."
"AC0097","Primary full-text reference list","PHASE2-SEARCH-0056","2026-07-31","Metabolic flux elucidation for large-scale models using 13 C labeled isotopes","","10.1016/j.ymben.2007.05.005","","10.1016/j.ymben.2011.12.004","A-CLOSE-DUP-0066","TITLE_ABSTRACT_EXCLUDED","NO_DIRECT_EXPERIMENTAL_DESIGN_METHOD","LEVEL_3_DISCOVERY_ONLY","","Prospective backward-reference occurrence."
"AC0098","Primary full-text reference list","PHASE2-SEARCH-0056","2026-07-31","A genetic algorithm tutorial","","","","10.1016/j.ymben.2011.12.004","A-CLOSE-DUP-0067","TITLE_ABSTRACT_EXCLUDED","NO_DIRECT_EXPERIMENTAL_DESIGN_METHOD","LEVEL_3_DISCOVERY_ONLY","","Prospective backward-reference occurrence."
"AC0099","Primary full-text reference list","PHASE2-SEARCH-0056","2026-07-31","Metabolomic and mass isotopomer analysis of liver gluconeogenesis and citric acid cycle: II. Heterogeneity of metabolite labeling pattern","","10.1074/jbc.M803455200","","10.1016/j.ymben.2011.12.004","A-CLOSE-DUP-0068","TITLE_ABSTRACT_EXCLUDED","NO_DIRECT_EXPERIMENTAL_DESIGN_METHOD","LEVEL_3_DISCOVERY_ONLY","","Prospective backward-reference occurrence."
"AC0100","Primary full-text reference list","PHASE2-SEARCH-0056","2026-07-31","An elementary metabolite unit (EMU) based method of isotopically nonstationary flux analysis","","10.1002/bit.21632","","10.1016/j.ymben.2011.12.004","A-CLOSE-DUP-0028","DUPLICATE","DUPLICATE_RECORD_RETURNED_EARLIER_IN_CLOSURE_PASS","LEVEL_3_DISCOVERY_ONLY","","Prospective backward-reference occurrence."
"AC0101","Primary full-text reference list","PHASE2-SEARCH-0056","2026-07-31","(13)C metabolic flux analysis in complex systems","","10.1016/j.copbio.2010.08.009","","10.1016/j.ymben.2011.12.004","A-CLOSE-DUP-0069","TITLE_ABSTRACT_EXCLUDED","NO_DIRECT_EXPERIMENTAL_DESIGN_METHOD","LEVEL_3_DISCOVERY_ONLY","","Prospective backward-reference occurrence."
"AC0102","Primary full-text reference list","PHASE2-SEARCH-0056","2026-07-31","Systems metabolic engineering of microorganisms for natural and non-natural chemicals","","10.1038/nchembio.970","","10.1371/journal.pcbi.1006533","A-CLOSE-DUP-0070","TITLE_ABSTRACT_EXCLUDED","NO_DIRECT_EXPERIMENTAL_DESIGN_METHOD","LEVEL_3_DISCOVERY_ONLY","","Prospective backward-reference occurrence."
"AC0103","Primary full-text reference list","PHASE2-SEARCH-0056","2026-07-31","Recent advances in microbial production of fuels and chemicals using tools and strategies of systems metabolic engineering","","10.1016/j.biotechadv.2014.11.006","","10.1371/journal.pcbi.1006533","A-CLOSE-DUP-0071","TITLE_ABSTRACT_EXCLUDED","NO_DIRECT_EXPERIMENTAL_DESIGN_METHOD","LEVEL_3_DISCOVERY_ONLY","","Prospective backward-reference occurrence."
"AC0104","Primary full-text reference list","PHASE2-SEARCH-0056","2026-07-31","Advancing metabolic engineering through systems biology of industrial microorganisms","","10.1016/j.copbio.2015.08.006","","10.1371/journal.pcbi.1006533","A-CLOSE-DUP-0072","TITLE_ABSTRACT_EXCLUDED","NO_DIRECT_EXPERIMENTAL_DESIGN_METHOD","LEVEL_3_DISCOVERY_ONLY","","Prospective backward-reference occurrence."
"AC0105","Primary full-text reference list","PHASE2-SEARCH-0056","2026-07-31","Maximizing the information content of experiments in systems biology","","10.1371/journal.pcbi.1002888","","10.1371/journal.pcbi.1006533","A-CLOSE-DUP-0073","TITLE_ABSTRACT_EXCLUDED","NO_DIRECT_EXPERIMENTAL_DESIGN_METHOD","LEVEL_3_DISCOVERY_ONLY","","Prospective backward-reference occurrence."
"AC0106","Primary full-text reference list","PHASE2-SEARCH-0056","2026-07-31","Systems biology: Experimental design","","10.1111/j.1742-4658.2008.06843.x","","10.1371/journal.pcbi.1006533","A-CLOSE-DUP-0074","TITLE_ABSTRACT_INCLUDED","","LEVEL_2_SUPPORTING","","Prospective backward-reference occurrence."
"AC0107","Primary full-text reference list","PHASE2-SEARCH-0056","2026-07-31","Computational procedures for optimal experimental design in biological systems","","10.1049/iet-syb:20070069","","10.1371/journal.pcbi.1006533","A-CLOSE-DUP-0075","TITLE_ABSTRACT_INCLUDED","","LEVEL_2_SUPPORTING","","Prospective backward-reference occurrence."
"AC0108","Primary full-text reference list","PHASE2-SEARCH-0056","2026-07-31","Experimental design for biological systems","","10.1137/100791063","","10.1371/journal.pcbi.1006533","A-CLOSE-DUP-0076","TITLE_ABSTRACT_INCLUDED","","LEVEL_2_SUPPORTING","","Prospective backward-reference occurrence."
"AC0109","Primary full-text reference list","PHASE2-SEARCH-0056","2026-07-31","Model-based design of experiments for cellular processes","","10.1002/wsbm.1204","","10.1371/journal.pcbi.1006533","A-CLOSE-DUP-0077","TITLE_ABSTRACT_EXCLUDED","NO_DIRECT_EXPERIMENTAL_DESIGN_METHOD","LEVEL_3_DISCOVERY_ONLY","","Prospective backward-reference occurrence."
"AC0110","Primary full-text reference list","PHASE2-SEARCH-0056","2026-07-31","Model-based design of experiments for parameter precision: State of the art","","10.1016/j.ces.2007.11.034","","10.1371/journal.pcbi.1006533","A-CLOSE-DUP-0078","TITLE_ABSTRACT_EXCLUDED","NO_DIRECT_EXPERIMENTAL_DESIGN_METHOD","LEVEL_3_DISCOVERY_ONLY","","Prospective backward-reference occurrence."
"AC0111","Primary full-text reference list","PHASE2-SEARCH-0056","2026-07-31","Identifiability of large nonlinear biochemical networks","","","","10.1371/journal.pcbi.1006533","A-CLOSE-DUP-0079","TITLE_ABSTRACT_EXCLUDED","NO_DIRECT_EXPERIMENTAL_DESIGN_METHOD","LEVEL_3_DISCOVERY_ONLY","","Prospective backward-reference occurrence."
"AC0112","Primary full-text reference list","PHASE2-SEARCH-0056","2026-07-31","Addressing parameter identifiability by model-based experimentation","","10.1049/iet-syb.2010.0061","","10.1371/journal.pcbi.1006533","A-CLOSE-DUP-0080","TITLE_ABSTRACT_EXCLUDED","NO_DIRECT_EXPERIMENTAL_DESIGN_METHOD","LEVEL_3_DISCOVERY_ONLY","","Prospective backward-reference occurrence."
"AC0113","Primary full-text reference list","PHASE2-SEARCH-0056","2026-07-31","Pitfalls of using a single criterion for selecting experimental designs","","","","10.1371/journal.pcbi.1006533","A-CLOSE-DUP-0081","TITLE_ABSTRACT_INCLUDED","","LEVEL_2_SUPPORTING","","Prospective backward-reference occurrence."
"AC0114","Primary full-text reference list","PHASE2-SEARCH-0056","2026-07-31","Optimal experiment design","","10.1088/0957-0233/9/6/003","","10.1371/journal.pcbi.1006533","A-CLOSE-DUP-0082","TITLE_ABSTRACT_INCLUDED","","LEVEL_2_SUPPORTING","","Prospective backward-reference occurrence."
"AC0115","Primary full-text reference list","PHASE2-SEARCH-0056","2026-07-31","Comparison of multi-objective optimization methodologies for engineering applications","","10.1016/j.camwa.2011.11.057","","10.1371/journal.pcbi.1006533","A-CLOSE-DUP-0083","TITLE_ABSTRACT_EXCLUDED","NO_DIRECT_EXPERIMENTAL_DESIGN_METHOD","LEVEL_3_DISCOVERY_ONLY","","Prospective backward-reference occurrence."
"AC0116","Primary full-text reference list","PHASE2-SEARCH-0056","2026-07-31","Multi-objective optimization using genetic algorithms: A tutorial","","10.1016/j.ress.2005.11.018","","10.1371/journal.pcbi.1006533","A-CLOSE-DUP-0084","TITLE_ABSTRACT_EXCLUDED","NO_DIRECT_EXPERIMENTAL_DESIGN_METHOD","LEVEL_3_DISCOVERY_ONLY","","Prospective backward-reference occurrence."
"AC0117","Primary full-text reference list","PHASE2-SEARCH-0056","2026-07-31","Performance assessment of multiobjective optimizers: An analysis and review","","10.1109/TEVC.2003.810758","","10.1371/journal.pcbi.1006533","A-CLOSE-DUP-0085","TITLE_ABSTRACT_EXCLUDED","NO_DIRECT_EXPERIMENTAL_DESIGN_METHOD","LEVEL_3_DISCOVERY_ONLY","","Prospective backward-reference occurrence."
"AC0118","Primary full-text reference list","PHASE2-SEARCH-0056","2026-07-31","Metabolic networks in motion: 13 C-based flux analysis","","10.1038/msb4100109","","10.1371/journal.pcbi.1006533","A-CLOSE-DUP-0020","DUPLICATE","DUPLICATE_RECORD_RETURNED_EARLIER_IN_CLOSURE_PASS","LEVEL_3_DISCOVERY_ONLY","","Prospective backward-reference occurrence."
"AC0119","Primary full-text reference list","PHASE2-SEARCH-0056","2026-07-31","Bidirectional reaction steps in metabolic networks: I. Modeling and simulation of carbon isotope labeling experiments","","10.1002/(SICI)1097-0290(19970705)55:1&lt;101::AID-BIT12&gt;3.0.CO;2-P","","10.1371/journal.pcbi.1006533","A-CLOSE-DUP-0086","TITLE_ABSTRACT_EXCLUDED","NO_DIRECT_EXPERIMENTAL_DESIGN_METHOD","LEVEL_3_DISCOVERY_ONLY","","Prospective backward-reference occurrence."
"AC0120","Primary full-text reference list","PHASE2-SEARCH-0056","2026-07-31","13 C metabolic flux analysis","","10.1006/mben.2001.0187","","10.1371/journal.pcbi.1006533","A-CLOSE-DUP-0087","TITLE_ABSTRACT_EXCLUDED","NO_DIRECT_EXPERIMENTAL_DESIGN_METHOD","LEVEL_3_DISCOVERY_ONLY","","Prospective backward-reference occurrence."
"AC0121","Primary full-text reference list","PHASE2-SEARCH-0056","2026-07-31","Modeling isotopomer distributions in biochemical networks using isotopomer mapping matrices","","10.1002/(SICI)1097-0290(19970920)55:6&lt;831::AID-BIT2&gt;3.0.CO;2-H","","10.1371/journal.pcbi.1006533","A-CLOSE-DUP-0088","TITLE_ABSTRACT_EXCLUDED","NO_DIRECT_EXPERIMENTAL_DESIGN_METHOD","LEVEL_3_DISCOVERY_ONLY","","Prospective backward-reference occurrence."
"AC0122","Primary full-text reference list","PHASE2-SEARCH-0056","2026-07-31","Elementary metabolite units (EMU): a novel framework for modeling isotopic distributions","","10.1016/j.ymben.2006.09.001","","10.1371/journal.pcbi.1006533","A-CLOSE-DUP-0005","DUPLICATE","DUPLICATE_RECORD_RETURNED_EARLIER_IN_CLOSURE_PASS","LEVEL_3_DISCOVERY_ONLY","","Prospective backward-reference occurrence."
"AC0123","Primary full-text reference list","PHASE2-SEARCH-0056","2026-07-31","Bidirectional reaction steps in metabolic networks. Part III: Explicit solution and analysis of isotopomer labeling systems","","10.1002/(SICI)1097-0290(1999)66:2&lt;69::AID-BIT1&gt;3.0.CO;2-6","","10.1371/journal.pcbi.1006533","A-CLOSE-DUP-0089","TITLE_ABSTRACT_EXCLUDED","NO_DIRECT_EXPERIMENTAL_DESIGN_METHOD","LEVEL_3_DISCOVERY_ONLY","","Prospective backward-reference occurrence."
"AC0124","Primary full-text reference list","PHASE2-SEARCH-0056","2026-07-31","Bidirectional reaction steps in metabolic networks. Part IV: Optimal design of isotopomer labeling experiments","","10.1002/(SICI)1097-0290(1999)66:2&lt;86::AID-BIT2&gt;3.0.CO;2-A","","10.1371/journal.pcbi.1006533","A-CLOSE-DUP-0017","DUPLICATE","DUPLICATE_RECORD_RETURNED_EARLIER_IN_CLOSURE_PASS","LEVEL_3_DISCOVERY_ONLY","","Prospective backward-reference occurrence."
"AC0125","Primary full-text reference list","PHASE2-SEARCH-0056","2026-07-31","Bidirectional reaction steps in metabolic networks. Part II: Flux estimation and statistical analysis","","10.1002/(SICI)1097-0290(19970705)55:1&lt;118::AID-BIT13&gt;3.0.CO;2-I","","10.1371/journal.pcbi.1006533","A-CLOSE-DUP-0090","TITLE_ABSTRACT_EXCLUDED","NO_DIRECT_EXPERIMENTAL_DESIGN_METHOD","LEVEL_3_DISCOVERY_ONLY","","Prospective backward-reference occurrence."
"AC0126","Primary full-text reference list","PHASE2-SEARCH-0056","2026-07-31","Integrated 13 C-metabolic flux analysis of 14 parallel labeling experiments in Escherichia coli","","10.1016/j.ymben.2015.01.001","","10.1371/journal.pcbi.1006533","A-CLOSE-DUP-0091","TITLE_ABSTRACT_INCLUDED","","LEVEL_2_SUPPORTING","","Prospective backward-reference occurrence."
"AC0127","Primary full-text reference list","PHASE2-SEARCH-0056","2026-07-31","Gas chromatography-quadrupole time-of-flight mass spectrometry-based determination of isotopologue and tandem mass isotopomer fractions of primary metabolites for 13 C-metabolic flux analysis","","10.1021/acs.analchem.5b03173","","10.1371/journal.pcbi.1006533","A-CLOSE-DUP-0092","TITLE_ABSTRACT_EXCLUDED","NO_DIRECT_EXPERIMENTAL_DESIGN_METHOD","LEVEL_3_DISCOVERY_ONLY","","Prospective backward-reference occurrence."
"AC0128","Primary full-text reference list","PHASE2-SEARCH-0056","2026-07-31","Metabolic flux analysis with a comprehensive isotopomer model in Bacillus subtilis","","10.1002/bit.1154","","10.1371/journal.pcbi.1006533","A-CLOSE-DUP-0093","TITLE_ABSTRACT_EXCLUDED","NO_DIRECT_EXPERIMENTAL_DESIGN_METHOD","LEVEL_3_DISCOVERY_ONLY","","Prospective backward-reference occurrence."
"AC0129","Primary full-text reference list","PHASE2-SEARCH-0056","2026-07-31","Structural and practical identifiability analysis of partially observed dynamical models by exploiting the profile likelihood","","10.1093/bioinformatics/btp358","","10.1371/journal.pcbi.1006533","A-CLOSE-DUP-0094","TITLE_ABSTRACT_EXCLUDED","NO_DIRECT_EXPERIMENTAL_DESIGN_METHOD","LEVEL_3_DISCOVERY_ONLY","","Prospective backward-reference occurrence."
"AC0130","Primary full-text reference list","PHASE2-SEARCH-0056","2026-07-31","Metabolic isotopomer labeling systems. Part II: Structural flux identifiability analysis","","10.1016/S0025-5564(02)00222-5","","10.1371/journal.pcbi.1006533","A-CLOSE-DUP-0095","TITLE_ABSTRACT_EXCLUDED","NO_DIRECT_EXPERIMENTAL_DESIGN_METHOD","LEVEL_3_DISCOVERY_ONLY","","Prospective backward-reference occurrence."
"AC0131","Primary full-text reference list","PHASE2-SEARCH-0056","2026-07-31","13 C metabolic flux analysis: Optimal design of isotopic labeling experiments","","10.1016/j.copbio.2013.02.003","","10.1371/journal.pcbi.1006533","A-CLOSE-DUP-0096","TITLE_ABSTRACT_EXCLUDED","NO_DIRECT_EXPERIMENTAL_DESIGN_METHOD","LEVEL_3_DISCOVERY_ONLY","","Prospective backward-reference occurrence."
"AC0132","Primary full-text reference list","PHASE2-SEARCH-0056","2026-07-31","Optimization of 13 C isotopic tracers for metabolic flux analysis in mammalian cells","","10.1016/j.ymben.2011.12.004","","10.1371/journal.pcbi.1006533","A-CLOSE-DUP-0040","DUPLICATE","DUPLICATE_RECORD_RETURNED_EARLIER_IN_CLOSURE_PASS","LEVEL_3_DISCOVERY_ONLY","","Prospective backward-reference occurrence."
"AC0133","Primary full-text reference list","PHASE2-SEARCH-0056","2026-07-31","Rational design of 13 C-labeling experiments for metabolic flux analysis in mammalian cells","","10.1186/1752-0509-6-43","","10.1371/journal.pcbi.1006533","A-CLOSE-DUP-0097","TITLE_ABSTRACT_EXCLUDED","NO_DIRECT_EXPERIMENTAL_DESIGN_METHOD","LEVEL_3_DISCOVERY_ONLY","","Prospective backward-reference occurrence."
"AC0134","Primary full-text reference list","PHASE2-SEARCH-0056","2026-07-31","Optimal tracers for parallel labeling experiments and 13 C metabolic flux analysis: A new precision and synergy scoring system","","10.1016/j.ymben.2016.06.001","","10.1371/journal.pcbi.1006533","A-CLOSE-DUP-0098","TITLE_ABSTRACT_INCLUDED","","LEVEL_2_SUPPORTING","","Prospective backward-reference occurrence."
"AC0135","Primary full-text reference list","PHASE2-SEARCH-0056","2026-07-31","Evaluation of 13 C isotopic tracers for metabolic flux analysis in mammalian cells","","10.1016/j.jbiotec.2009.07.010","","10.1371/journal.pcbi.1006533","A-CLOSE-DUP-0016","DUPLICATE","DUPLICATE_RECORD_RETURNED_EARLIER_IN_CLOSURE_PASS","LEVEL_3_DISCOVERY_ONLY","","Prospective backward-reference occurrence."
"AC0136","Primary full-text reference list","PHASE2-SEARCH-0056","2026-07-31","Designer labels for plant metabolism: statistical design of isotope labeling experiments for improved quantification of flux in complex plant metabolic networks","","10.1039/c2mb25253h","","10.1371/journal.pcbi.1006533","A-CLOSE-DUP-0099","TITLE_ABSTRACT_EXCLUDED","NO_DIRECT_EXPERIMENTAL_DESIGN_METHOD","LEVEL_3_DISCOVERY_ONLY","","Prospective backward-reference occurrence."
"AC0137","Primary full-text reference list","PHASE2-SEARCH-0056","2026-07-31","Selection of tracers for 13 C-metabolic flux analysis using Elementary Metabolite Units (EMU) basis vector methodology","","10.1016/j.ymben.2011.12.005","","10.1371/journal.pcbi.1006533","A-CLOSE-DUP-0044","DUPLICATE","DUPLICATE_RECORD_RETURNED_EARLIER_IN_CLOSURE_PASS","LEVEL_3_DISCOVERY_ONLY","","Prospective backward-reference occurrence."
"AC0138","Primary full-text reference list","PHASE2-SEARCH-0056","2026-07-31","An improved method for statistical analysis of metabolic flux analysis using isotopomer mapping matrices with analytical expressions","","10.1016/S0168-1656(03)00169-X","","10.1371/journal.pcbi.1006533","A-CLOSE-DUP-0008","DUPLICATE","DUPLICATE_RECORD_RETURNED_EARLIER_IN_CLOSURE_PASS","LEVEL_3_DISCOVERY_ONLY","","Prospective backward-reference occurrence."
"AC0139","Primary full-text reference list","PHASE2-SEARCH-0056","2026-07-31","Predicting outcomes of steady-state 13 C isotope tracing experiments with Monte Carlo sampling","","10.1186/1752-0509-6-9","","10.1371/journal.pcbi.1006533","A-CLOSE-DUP-0045","DUPLICATE","DUPLICATE_RECORD_RETURNED_EARLIER_IN_CLOSURE_PASS","LEVEL_3_DISCOVERY_ONLY","","Prospective backward-reference occurrence."
"AC0140","Primary full-text reference list","PHASE2-SEARCH-0056","2026-07-31","Recent advances in high-throughput 13 C-fluxomics","","10.1016/j.copbio.2016.10.010","","10.1371/journal.pcbi.1006533","A-CLOSE-DUP-0100","TITLE_ABSTRACT_EXCLUDED","NO_DIRECT_EXPERIMENTAL_DESIGN_METHOD","LEVEL_3_DISCOVERY_ONLY","","Prospective backward-reference occurrence."
"AC0141","Primary full-text reference list","PHASE2-SEARCH-0056","2026-07-31","Parallel labeling experiments and metabolic flux analysis: Past, present and future methodologies","","10.1016/j.ymben.2012.11.010","","10.1371/journal.pcbi.1006533","A-CLOSE-DUP-0101","TITLE_ABSTRACT_INCLUDED","","LEVEL_2_SUPPORTING","","Prospective backward-reference occurrence."
"AC0142","Primary full-text reference list","PHASE2-SEARCH-0056","2026-07-31","Cutting the Gordian Knot: Identifiability of anaplerotic reactions in Corynebacterium glutamicum by means of 13 C-metabolic flux analysis","","10.1002/bit.25833","","10.1371/journal.pcbi.1006533","A-CLOSE-DUP-0102","TITLE_ABSTRACT_EXCLUDED","NO_DIRECT_EXPERIMENTAL_DESIGN_METHOD","LEVEL_3_DISCOVERY_ONLY","","Prospective backward-reference occurrence."
"AC0143","Primary full-text reference list","PHASE2-SEARCH-0056","2026-07-31","Multi-objective experimental design for 13 C-based metabolic flux analysis","","10.1016/j.mbs.2015.08.002","","10.1371/journal.pcbi.1006533","A-CLOSE-DUP-0103","TITLE_ABSTRACT_INCLUDED","","LEVEL_2_SUPPORTING","","Prospective backward-reference occurrence."
"AC0144","Primary full-text reference list","PHASE2-SEARCH-0056","2026-07-31","","","10.1007/978-0-387-36797-2","","10.1371/journal.pcbi.1006533","A-CLOSE-DUP-0104","TITLE_ABSTRACT_EXCLUDED","REFERENCE_TITLE_UNAVAILABLE","LEVEL_3_DISCOVERY_ONLY","","Prospective backward-reference occurrence."
"AC0145","Primary full-text reference list","PHASE2-SEARCH-0056","2026-07-31","jMetal: A Java framework for multi-objective optimization","","10.1016/j.advengsoft.2011.05.014","","10.1371/journal.pcbi.1006533","A-CLOSE-DUP-0105","TITLE_ABSTRACT_EXCLUDED","NO_DIRECT_EXPERIMENTAL_DESIGN_METHOD","LEVEL_3_DISCOVERY_ONLY","","Prospective backward-reference occurrence."
"AC0146","Primary full-text reference list","PHASE2-SEARCH-0056","2026-07-31","13CFLUX2—high-performance software suite for 13 C-metabolic flux analysis","","10.1093/bioinformatics/bts646","","10.1371/journal.pcbi.1006533","A-CLOSE-DUP-0106","TITLE_ABSTRACT_EXCLUDED","NO_DIRECT_EXPERIMENTAL_DESIGN_METHOD","LEVEL_3_DISCOVERY_ONLY","","Prospective backward-reference occurrence."
"AC0147","Primary full-text reference list","PHASE2-SEARCH-0056","2026-07-31","Visualization of Pareto front approximations in evolutionary multiobjective optimization: A critical review and the prosection method","","10.1109/TEVC.2014.2313407","","10.1371/journal.pcbi.1006533","A-CLOSE-DUP-0107","TITLE_ABSTRACT_EXCLUDED","NO_DIRECT_EXPERIMENTAL_DESIGN_METHOD","LEVEL_3_DISCOVERY_ONLY","","Prospective backward-reference occurrence."
"AC0148","Primary full-text reference list","PHASE2-SEARCH-0056","2026-07-31","Circos: An information aesthetic for comparative genomics","","10.1101/gr.092759.109","","10.1371/journal.pcbi.1006533","A-CLOSE-DUP-0108","TITLE_ABSTRACT_EXCLUDED","NO_DIRECT_EXPERIMENTAL_DESIGN_METHOD","LEVEL_3_DISCOVERY_ONLY","","Prospective backward-reference occurrence."
"AC0149","Primary full-text reference list","PHASE2-SEARCH-0056","2026-07-31","Metabolic engineering of β-lactam production","","10.1016/S1096-7176(03)00003-X","","10.1371/journal.pcbi.1006533","A-CLOSE-DUP-0109","TITLE_ABSTRACT_EXCLUDED","NO_DIRECT_EXPERIMENTAL_DESIGN_METHOD","LEVEL_3_DISCOVERY_ONLY","","Prospective backward-reference occurrence."
"AC0150","Primary full-text reference list","PHASE2-SEARCH-0056","2026-07-31","From stationary to instationary metabolic flux analysis","","10.1007/b98921","","10.1371/journal.pcbi.1006533","A-CLOSE-DUP-0110","TITLE_ABSTRACT_EXCLUDED","NO_DIRECT_EXPERIMENTAL_DESIGN_METHOD","LEVEL_3_DISCOVERY_ONLY","","Prospective backward-reference occurrence."
"AC0151","Primary full-text reference list","PHASE2-SEARCH-0056","2026-07-31","KEGG for linking genomes to life and the environment","","10.1093/nar/gkm882","","10.1371/journal.pcbi.1006533","A-CLOSE-DUP-0111","TITLE_ABSTRACT_EXCLUDED","NO_DIRECT_EXPERIMENTAL_DESIGN_METHOD","LEVEL_3_DISCOVERY_ONLY","","Prospective backward-reference occurrence."
"AC0152","Primary full-text reference list","PHASE2-SEARCH-0056","2026-07-31","Cytosolic NADPH metabolism in penicillin-G producing and non-producing chemostat cultures of Penicillium chrysogenum","","10.1016/j.ymben.2006.08.004","","10.1371/journal.pcbi.1006533","A-CLOSE-DUP-0112","TITLE_ABSTRACT_EXCLUDED","NO_DIRECT_EXPERIMENTAL_DESIGN_METHOD","LEVEL_3_DISCOVERY_ONLY","","Prospective backward-reference occurrence."
"AC0153","Primary full-text reference list","PHASE2-SEARCH-0056","2026-07-31","The RAVEN toolbox and its use for generating a genome-scale metabolic model for Penicillium chrysogenum","","10.1371/journal.pcbi.1002980","","10.1371/journal.pcbi.1006533","A-CLOSE-DUP-0113","TITLE_ABSTRACT_EXCLUDED","NO_DIRECT_EXPERIMENTAL_DESIGN_METHOD","LEVEL_3_DISCOVERY_ONLY","","Prospective backward-reference occurrence."
"AC0154","Primary full-text reference list","PHASE2-SEARCH-0056","2026-07-31","Numerical methods for optimal control problems in design of robust optimal experiments for nonlinear dynamic processes","","10.1080/10556780410001683078","","10.1371/journal.pcbi.1006533","A-CLOSE-DUP-0114","TITLE_ABSTRACT_EXCLUDED","NO_DIRECT_EXPERIMENTAL_DESIGN_METHOD","LEVEL_3_DISCOVERY_ONLY","","Prospective backward-reference occurrence."
"AC0155","Primary full-text reference list","PHASE2-SEARCH-0056","2026-07-31","Parallel labeling experiments with [1,2-(13)C]glucose and [U-(13)C]glutamine provide new insights into CHO cell metabolism","","10.1016/j.ymben.2012.10.001","","10.1016/j.ymben.2016.06.001","A-CLOSE-DUP-0115","TITLE_ABSTRACT_INCLUDED","","LEVEL_2_SUPPORTING","","Prospective backward-reference occurrence."
"AC0156","Primary full-text reference list","PHASE2-SEARCH-0056","2026-07-31","13C metabolic flux analysis: optimal design of isotopic labeling experiments","","10.1016/j.copbio.2013.02.003","","10.1016/j.ymben.2016.06.001","A-CLOSE-DUP-0096","DUPLICATE","DUPLICATE_RECORD_RETURNED_EARLIER_IN_CLOSURE_PASS","LEVEL_3_DISCOVERY_ONLY","","Prospective backward-reference occurrence."
"AC0157","Primary full-text reference list","PHASE2-SEARCH-0056","2026-07-31","Tandem mass spectrometry for measuring stable-isotope labeling","","10.1016/j.copbio.2012.10.011","","10.1016/j.ymben.2016.06.001","A-CLOSE-DUP-0116","TITLE_ABSTRACT_EXCLUDED","NO_DIRECT_EXPERIMENTAL_DESIGN_METHOD","LEVEL_3_DISCOVERY_ONLY","","Prospective backward-reference occurrence."
"AC0158","Primary full-text reference list","PHASE2-SEARCH-0056","2026-07-31","Methods and advances in metabolic flux analysis: a mini-review","","10.1007/s10295-015-1585-x","","10.1016/j.ymben.2016.06.001","A-CLOSE-DUP-0117","TITLE_ABSTRACT_EXCLUDED","NO_DIRECT_EXPERIMENTAL_DESIGN_METHOD","LEVEL_3_DISCOVERY_ONLY","","Prospective backward-reference occurrence."
"AC0159","Primary full-text reference list","PHASE2-SEARCH-0056","2026-07-31","Parallel labeling experiments for pathway elucidation and 13C metabolic flux analysis","","10.1016/j.copbio.2015.08.014","","10.1016/j.ymben.2016.06.001","A-CLOSE-DUP-0118","TITLE_ABSTRACT_INCLUDED","","LEVEL_2_SUPPORTING","","Prospective backward-reference occurrence."
"AC0160","Primary full-text reference list","PHASE2-SEARCH-0056","2026-07-31","Determination of confidence intervals of metabolic fluxes estimated from stable isotope measurements","","10.1016/j.ymben.2006.01.004","","10.1016/j.ymben.2016.06.001","A-CLOSE-DUP-0003","DUPLICATE","DUPLICATE_RECORD_RETURNED_EARLIER_IN_CLOSURE_PASS","LEVEL_3_DISCOVERY_ONLY","","Prospective backward-reference occurrence."
"AC0161","Primary full-text reference list","PHASE2-SEARCH-0056","2026-07-31","Elementary metabolite units (EMU): a novel framework for modeling isotopic distributions","","10.1016/j.ymben.2006.09.001","","10.1016/j.ymben.2016.06.001","A-CLOSE-DUP-0005","DUPLICATE","DUPLICATE_RECORD_RETURNED_EARLIER_IN_CLOSURE_PASS","LEVEL_3_DISCOVERY_ONLY","","Prospective backward-reference occurrence."
"AC0162","Primary full-text reference list","PHASE2-SEARCH-0056","2026-07-31","Measuring deuterium enrichment of glucose hydrogen atoms by gas chromatography/mass spectrometry","","10.1021/ac200012p","","10.1016/j.ymben.2016.06.001","A-CLOSE-DUP-0006","DUPLICATE","DUPLICATE_RECORD_RETURNED_EARLIER_IN_CLOSURE_PASS","LEVEL_3_DISCOVERY_ONLY","","Prospective backward-reference occurrence."
"AC0163","Primary full-text reference list","PHASE2-SEARCH-0056","2026-07-31","Metabolic flux analysis in a nonstationary system: fed-batch fermentation of a high yielding strain of E. coli producing 1,3-propanediol","","10.1016/j.ymben.2007.01.003","","10.1016/j.ymben.2016.06.001","A-CLOSE-DUP-0007","DUPLICATE","DUPLICATE_RECORD_RETURNED_EARLIER_IN_CLOSURE_PASS","LEVEL_3_DISCOVERY_ONLY","","Prospective backward-reference occurrence."
"AC0164","Primary full-text reference list","PHASE2-SEARCH-0056","2026-07-31","An improved method for statistical analysis of metabolic flux analysis using isotopomer mapping matrices with analytical expressions","","10.1016/s0168-1656(03)00169-x","","10.1016/j.ymben.2016.06.001","A-CLOSE-DUP-0008","DUPLICATE","DUPLICATE_RECORD_RETURNED_EARLIER_IN_CLOSURE_PASS","LEVEL_3_DISCOVERY_ONLY","","Prospective backward-reference occurrence."
"AC0165","Primary full-text reference list","PHASE2-SEARCH-0056","2026-07-31","Parallel labeling experiments validate Clostridium acetobutylicum metabolic network model for C metabolic flux analysis","","10.1016/j.ymben.2014.08.002","","10.1016/j.ymben.2016.06.001","A-CLOSE-DUP-0119","TITLE_ABSTRACT_INCLUDED","","LEVEL_2_SUPPORTING","","Prospective backward-reference occurrence."
"AC0166","Primary full-text reference list","PHASE2-SEARCH-0056","2026-07-31","Tandem mass spectrometry: a novel approach for metabolic flux analysis","","10.1016/j.ymben.2010.11.006","","10.1016/j.ymben.2016.06.001","A-CLOSE-DUP-0010","DUPLICATE","DUPLICATE_RECORD_RETURNED_EARLIER_IN_CLOSURE_PASS","LEVEL_3_DISCOVERY_ONLY","","Prospective backward-reference occurrence."
"AC0167","Primary full-text reference list","PHASE2-SEARCH-0056","2026-07-31","Measuring complete isotopomer distribution of aspartate using gas chromatography/tandem mass spectrometry","","10.1021/ac300611n","","10.1016/j.ymben.2016.06.001","A-CLOSE-DUP-0120","TITLE_ABSTRACT_EXCLUDED","NO_DIRECT_EXPERIMENTAL_DESIGN_METHOD","LEVEL_3_DISCOVERY_ONLY","","Prospective backward-reference occurrence."
"AC0168","Primary full-text reference list","PHASE2-SEARCH-0056","2026-07-31","Rational design of (1)(3)C-labeling experiments for metabolic flux analysis in mammalian cells","","10.1186/1752-0509-6-43","","10.1016/j.ymben.2016.06.001","A-CLOSE-DUP-0097","DUPLICATE","DUPLICATE_RECORD_RETURNED_EARLIER_IN_CLOSURE_PASS","LEVEL_3_DISCOVERY_ONLY","","Prospective backward-reference occurrence."
"AC0169","Primary full-text reference list","PHASE2-SEARCH-0056","2026-07-31","Selection of tracers for 13C-metabolic flux analysis using elementary metabolite units (EMU) basis vector methodology","","10.1016/j.ymben.2011.12.005","","10.1016/j.ymben.2016.06.001","A-CLOSE-DUP-0044","DUPLICATE","DUPLICATE_RECORD_RETURNED_EARLIER_IN_CLOSURE_PASS","LEVEL_3_DISCOVERY_ONLY","","Prospective backward-reference occurrence."
"AC0170","Primary full-text reference list","PHASE2-SEARCH-0056","2026-07-31","Parallel labeling experiments and metabolic flux analysis: Past, present and future methodologies","","10.1016/j.ymben.2012.11.010","","10.1016/j.ymben.2016.06.001","A-CLOSE-DUP-0101","DUPLICATE","DUPLICATE_RECORD_RETURNED_EARLIER_IN_CLOSURE_PASS","LEVEL_3_DISCOVERY_ONLY","","Prospective backward-reference occurrence."
"AC0171","Primary full-text reference list","PHASE2-SEARCH-0056","2026-07-31","Publishing 13C metabolic flux analysis studies: a review and future perspectives","","10.1016/j.ymben.2013.08.005","","10.1016/j.ymben.2016.06.001","A-CLOSE-DUP-0121","TITLE_ABSTRACT_EXCLUDED","NO_DIRECT_EXPERIMENTAL_DESIGN_METHOD","LEVEL_3_DISCOVERY_ONLY","","Prospective backward-reference occurrence."
"AC0172","Primary full-text reference list","PHASE2-SEARCH-0056","2026-07-31","Integrated 13C-metabolic flux analysis of 14 parallel labeling experiments in Escherichia coli","","10.1016/j.ymben.2015.01.001","","10.1016/j.ymben.2016.06.001","A-CLOSE-DUP-0091","DUPLICATE","DUPLICATE_RECORD_RETURNED_EARLIER_IN_CLOSURE_PASS","LEVEL_3_DISCOVERY_ONLY","","Prospective backward-reference occurrence."
"AC0173","Primary full-text reference list","PHASE2-SEARCH-0056","2026-07-31","Catabolism of Branched Chain Amino Acids Contributes Significantly to Synthesis of Odd-Chain and Even-Chain Fatty Acids in 3T3-L1 Adipocytes","","10.1371/journal.pone.0145850","","10.1016/j.ymben.2016.06.001","A-CLOSE-DUP-0122","TITLE_ABSTRACT_EXCLUDED","NO_DIRECT_EXPERIMENTAL_DESIGN_METHOD","LEVEL_3_DISCOVERY_ONLY","","Prospective backward-reference occurrence."
"AC0174","Primary full-text reference list","PHASE2-SEARCH-0056","2026-07-31","Evaluation of isotope discrimination in (13)C-based metabolic flux analysis","","10.1016/j.ab.2011.06.022","","10.1016/j.ymben.2016.06.001","A-CLOSE-DUP-0123","TITLE_ABSTRACT_EXCLUDED","NO_DIRECT_EXPERIMENTAL_DESIGN_METHOD","LEVEL_3_DISCOVERY_ONLY","","Prospective backward-reference occurrence."
"AC0175","Primary full-text reference list","PHASE2-SEARCH-0056","2026-07-31","Effect of reversible reactions on isotope label redistribution--analysis of the pentose phosphate pathway","","10.1046/j.1432-1327.1998.2520360.x","","10.1016/j.ymben.2016.06.001","A-CLOSE-DUP-0124","TITLE_ABSTRACT_EXCLUDED","NO_DIRECT_EXPERIMENTAL_DESIGN_METHOD","LEVEL_3_DISCOVERY_ONLY","","Prospective backward-reference occurrence."
"AC0176","Primary full-text reference list","PHASE2-SEARCH-0056","2026-07-31","(13)C metabolic flux analysis shows that resistin impairs the metabolic response to insulin in L6E9 myotubes","","10.1186/s12918-014-0109-z","","10.1016/j.ymben.2016.06.001","A-CLOSE-DUP-0125","TITLE_ABSTRACT_EXCLUDED","NO_DIRECT_EXPERIMENTAL_DESIGN_METHOD","LEVEL_3_DISCOVERY_ONLY","","Prospective backward-reference occurrence."
"AC0177","Primary full-text reference list","PHASE2-SEARCH-0056","2026-07-31","Rapid metabolic analysis of Rhodococcus opacus PD630 via parallel 13C-metabolite fingerprinting","","10.1002/bit.25702","","10.1016/j.ymben.2016.06.001","A-CLOSE-DUP-0126","TITLE_ABSTRACT_EXCLUDED","NO_DIRECT_EXPERIMENTAL_DESIGN_METHOD","LEVEL_3_DISCOVERY_ONLY","","Prospective backward-reference occurrence."
"AC0178","Primary full-text reference list","PHASE2-SEARCH-0056","2026-07-31","Parallel labeling experiments with [U-13C]glucose validate E. coli metabolic network model for 13C metabolic flux analysis","","10.1016/j.ymben.2012.06.003","","10.1016/j.ymben.2016.06.001","A-CLOSE-DUP-0127","TITLE_ABSTRACT_INCLUDED","","LEVEL_2_SUPPORTING","","Prospective backward-reference occurrence."
"AC0179","Primary full-text reference list","PHASE2-SEARCH-0056","2026-07-31","COMPLETE-MFA: complementary parallel labeling experiments technique for metabolic flux analysis","","10.1016/j.ymben.2013.08.006","","10.1016/j.ymben.2016.06.001","A-CLOSE-DUP-0128","TITLE_ABSTRACT_INCLUDED","","LEVEL_2_SUPPORTING","","Prospective backward-reference occurrence."
"AC0180","Primary full-text reference list","PHASE2-SEARCH-0056","2026-07-31","Metabolic flux analysis of Escherichia coli knockouts: lessons from the Keio collection and future outlook","","10.1016/j.copbio.2014.02.006","","10.1016/j.ymben.2016.06.001","A-CLOSE-DUP-0129","TITLE_ABSTRACT_EXCLUDED","NO_DIRECT_EXPERIMENTAL_DESIGN_METHOD","LEVEL_3_DISCOVERY_ONLY","","Prospective backward-reference occurrence."
"AC0181","Primary full-text reference list","PHASE2-SEARCH-0056","2026-07-31","Quantifying biomass composition by gas chromatography/mass spectrometry","","10.1021/ac502734e","","10.1016/j.ymben.2016.06.001","A-CLOSE-DUP-0130","TITLE_ABSTRACT_EXCLUDED","NO_DIRECT_EXPERIMENTAL_DESIGN_METHOD","LEVEL_3_DISCOVERY_ONLY","","Prospective backward-reference occurrence."
"AC0182","Primary full-text reference list","PHASE2-SEARCH-0056","2026-07-31","13C metabolic flux analysis of microbial and mammalian systems is enhanced with GC-MS measurements of glycogen and RNA labeling","","10.1016/j.ymben.2016.06.007","","10.1016/j.ymben.2016.06.001","A-CLOSE-DUP-0131","TITLE_ABSTRACT_EXCLUDED","NO_DIRECT_EXPERIMENTAL_DESIGN_METHOD","LEVEL_3_DISCOVERY_ONLY","","Prospective backward-reference occurrence."
"AC0183","Primary full-text reference list","PHASE2-SEARCH-0056","2026-07-31","Characterization of physiological responses to 22 gene knockouts in Escherichia coli central carbon metabolism","","10.1016/j.ymben.2016.05.006","","10.1016/j.ymben.2016.06.001","A-CLOSE-DUP-0132","TITLE_ABSTRACT_EXCLUDED","NO_DIRECT_EXPERIMENTAL_DESIGN_METHOD","LEVEL_3_DISCOVERY_ONLY","","Prospective backward-reference occurrence."
"AC0184","Primary full-text reference list","PHASE2-SEARCH-0056","2026-07-31","Quantification of (1)(3)C enrichments and isotopomer abundances for metabolic flux analysis using 1D NMR spectroscopy","","10.1007/978-1-62703-688-7_5","","10.1016/j.ymben.2016.06.001","A-CLOSE-DUP-0133","TITLE_ABSTRACT_EXCLUDED","NO_DIRECT_EXPERIMENTAL_DESIGN_METHOD","LEVEL_3_DISCOVERY_ONLY","","Prospective backward-reference occurrence."
"AC0185","Primary full-text reference list","PHASE2-SEARCH-0056","2026-07-31","MID Max: LC-MS/MS Method for Measuring the Precursor and Product Mass Isotopomer Distributions of Metabolic Intermediates and Cofactors for Metabolic Flux Analysis Applications","","10.1021/acs.analchem.5b03887","","10.1016/j.ymben.2016.06.001","A-CLOSE-DUP-0134","TITLE_ABSTRACT_EXCLUDED","NO_DIRECT_EXPERIMENTAL_DESIGN_METHOD","LEVEL_3_DISCOVERY_ONLY","","Prospective backward-reference occurrence."
"AC0186","Primary full-text reference list","PHASE2-SEARCH-0056","2026-07-31","Measuring the Composition and Stable-Isotope Labeling of Algal Biomass Carbohydrates via Gas Chromatography/Mass Spectrometry","","10.1021/acs.analchem.6b00779","","10.1016/j.ymben.2016.06.001","A-CLOSE-DUP-0135","TITLE_ABSTRACT_EXCLUDED","NO_DIRECT_EXPERIMENTAL_DESIGN_METHOD","LEVEL_3_DISCOVERY_ONLY","","Prospective backward-reference occurrence."
"AC0187","Primary full-text reference list","PHASE2-SEARCH-0056","2026-07-31","Evaluation of 13C isotopic tracers for metabolic flux analysis in mammalian cells","","10.1016/j.jbiotec.2009.07.010","","10.1016/j.ymben.2016.06.001","A-CLOSE-DUP-0016","DUPLICATE","DUPLICATE_RECORD_RETURNED_EARLIER_IN_CLOSURE_PASS","LEVEL_3_DISCOVERY_ONLY","","Prospective backward-reference occurrence."
"AC0188","Primary full-text reference list","PHASE2-SEARCH-0056","2026-07-31","Sampling of intracellular metabolites for stationary and non-stationary C metabolic flux analysis in Escherichia coli","","10.1016/j.ab.2014.07.026","","10.1016/j.ymben.2016.06.001","A-CLOSE-DUP-0136","TITLE_ABSTRACT_EXCLUDED","NO_DIRECT_EXPERIMENTAL_DESIGN_METHOD","LEVEL_3_DISCOVERY_ONLY","","Prospective backward-reference occurrence."
"AC0189","Primary full-text reference list","PHASE2-SEARCH-0056","2026-07-31","Mass isotopomer analysis of nucleosides isolated from RNA and DNA using GC/MS","","10.1021/ac503305w","","10.1016/j.ymben.2016.06.001","A-CLOSE-DUP-0137","TITLE_ABSTRACT_EXCLUDED","NO_DIRECT_EXPERIMENTAL_DESIGN_METHOD","LEVEL_3_DISCOVERY_ONLY","","Prospective backward-reference occurrence."
"AC0190","Primary full-text reference list","PHASE2-SEARCH-0056","2026-07-31","Bidirectional reaction steps in metabolic networks: IV. Optimal design of isotopomer labeling experiments","","10.1002/(sici)1097-0290(1999)66:2&lt;86::aid-bit2&gt;3.0.co;2-a","","10.1016/j.ymben.2016.06.001","A-CLOSE-DUP-0017","DUPLICATE","DUPLICATE_RECORD_RETURNED_EARLIER_IN_CLOSURE_PASS","LEVEL_3_DISCOVERY_ONLY","","Prospective backward-reference occurrence."
"AC0191","Primary full-text reference list","PHASE2-SEARCH-0056","2026-07-31","Isotopically nonstationary 13C flux analysis of Myc-induced metabolic reprogramming in B-cells","","10.1016/j.ymben.2012.07.008","","10.1016/j.ymben.2016.06.001","A-CLOSE-DUP-0138","TITLE_ABSTRACT_INCLUDED","","LEVEL_2_SUPPORTING","","Prospective backward-reference occurrence."
"AC0192","Primary full-text reference list","PHASE2-SEARCH-0056","2026-07-31","Experimental design principles for isotopically instationary 13C labeling experiments","","10.1002/bit.20803","","10.1016/j.ymben.2016.06.001","A-CLOSE-DUP-0046","DUPLICATE","DUPLICATE_RECORD_RETURNED_EARLIER_IN_CLOSURE_PASS","LEVEL_3_DISCOVERY_ONLY","","Prospective backward-reference occurrence."
"AC0193","Primary full-text reference list","PHASE2-SEARCH-0056","2026-07-31","Evolution of E. coli on [U-13C]Glucose Reveals a Negligible Isotopic Influence on Metabolism and Physiology","","10.1371/journal.pone.0151130","","10.1016/j.ymben.2016.06.001","A-CLOSE-DUP-0139","TITLE_ABSTRACT_EXCLUDED","NO_DIRECT_EXPERIMENTAL_DESIGN_METHOD","LEVEL_3_DISCOVERY_ONLY","","Prospective backward-reference occurrence."
"AC0194","Primary full-text reference list","PHASE2-SEARCH-0056","2026-07-31","Biosynthetically directed fractional 13C-labeling of proteinogenic amino acids. An efficient analytical tool to investigate intermediary metabolism","","10.1111/j.1432-1033.1995.tb20829.x","","10.1016/j.ymben.2016.06.001","A-CLOSE-DUP-0023","DUPLICATE","DUPLICATE_RECORD_RETURNED_EARLIER_IN_CLOSURE_PASS","LEVEL_3_DISCOVERY_ONLY","","Prospective backward-reference occurrence."
"AC0195","Primary full-text reference list","PHASE2-SEARCH-0056","2026-07-31","Shewanella oneidensis MR-1 fluxome under various oxygen conditions","","10.1128/AEM.01532-06","","10.1016/j.ymben.2016.06.001","A-CLOSE-DUP-0140","TITLE_ABSTRACT_EXCLUDED","NO_DIRECT_EXPERIMENTAL_DESIGN_METHOD","LEVEL_3_DISCOVERY_ONLY","","Prospective backward-reference occurrence."
"AC0196","Primary full-text reference list","PHASE2-SEARCH-0056","2026-07-31","Optimization of 13C isotopic tracers for metabolic flux analysis in mammalian cells","","10.1016/j.ymben.2011.12.004","","10.1016/j.ymben.2016.06.001","A-CLOSE-DUP-0040","DUPLICATE","DUPLICATE_RECORD_RETURNED_EARLIER_IN_CLOSURE_PASS","LEVEL_3_DISCOVERY_ONLY","","Prospective backward-reference occurrence."
"AC0197","Primary full-text reference list","PHASE2-SEARCH-0056","2026-07-31","Modeling and experimental design for metabolic flux analysis of lysine-producing Corynebacteria by mass spectrometry","","10.1006/mben.2000.0178","","10.1016/j.ymben.2016.06.001","A-CLOSE-DUP-0141","TITLE_ABSTRACT_INCLUDED","","LEVEL_2_SUPPORTING","","Prospective backward-reference occurrence."
"AC0198","Primary full-text reference list","PHASE2-SEARCH-0056","2026-07-31","Respirometric 13C flux analysis, Part I: design, construction and validation of a novel multiple reactor system using on-line membrane inlet mass spectrometry","","10.1016/j.ymben.2006.03.001","","10.1016/j.ymben.2016.06.001","A-CLOSE-DUP-0026","DUPLICATE","DUPLICATE_RECORD_RETURNED_EARLIER_IN_CLOSURE_PASS","LEVEL_3_DISCOVERY_ONLY","","Prospective backward-reference occurrence."
"AC0199","Primary full-text reference list","PHASE2-SEARCH-0056","2026-07-31","Quantifying reductive carboxylation flux of glutamine to lipid in a brown adipocyte cell line","","10.1074/jbc.M706494200","","10.1016/j.ymben.2016.06.001","A-CLOSE-DUP-0027","DUPLICATE","DUPLICATE_RECORD_RETURNED_EARLIER_IN_CLOSURE_PASS","LEVEL_3_DISCOVERY_ONLY","","Prospective backward-reference occurrence."
"AC0200","Primary full-text reference list","PHASE2-SEARCH-0056","2026-07-31","Metabolic flux analysis of Cyanothece sp. ATCC 51142 under mixotrophic conditions","","10.1007/s11120-013-9911-5","","10.3389/fbioe.2021.685323","A-CLOSE-DUP-0142","TITLE_ABSTRACT_EXCLUDED","NO_DIRECT_EXPERIMENTAL_DESIGN_METHOD","LEVEL_3_DISCOVERY_ONLY","","Prospective backward-reference occurrence."
"AC0201","Primary full-text reference list","PHASE2-SEARCH-0056","2026-07-31","Comparative genome-scale metabolic modeling of actinomycetes: the topology of essential core metabolism","","10.1016/j.febslet.2011.06.014","","10.3389/fbioe.2021.685323","A-CLOSE-DUP-0143","TITLE_ABSTRACT_EXCLUDED","NO_DIRECT_EXPERIMENTAL_DESIGN_METHOD","LEVEL_3_DISCOVERY_ONLY","","Prospective backward-reference occurrence."
"AC0202","Primary full-text reference list","PHASE2-SEARCH-0056","2026-07-31","13 C metabolic flux analysis: optimal design of isotopic labeling experiments","","10.1016/j.copbio.2013.02.003","","10.3389/fbioe.2021.685323","A-CLOSE-DUP-0096","DUPLICATE","DUPLICATE_RECORD_RETURNED_EARLIER_IN_CLOSURE_PASS","LEVEL_3_DISCOVERY_ONLY","","Prospective backward-reference occurrence."
"AC0203","Primary full-text reference list","PHASE2-SEARCH-0056","2026-07-31","Determination of confidence intervals of metabolic fluxes estimated from stable isotope measurements","","10.1016/j.ymben.2006.01.004","","10.3389/fbioe.2021.685323","A-CLOSE-DUP-0003","DUPLICATE","DUPLICATE_RECORD_RETURNED_EARLIER_IN_CLOSURE_PASS","LEVEL_3_DISCOVERY_ONLY","","Prospective backward-reference occurrence."
"AC0204","Primary full-text reference list","PHASE2-SEARCH-0056","2026-07-31","Designing robust optimal dynamic experiments","","10.1016/S0959-1524(01)00020-8","","10.3389/fbioe.2021.685323","A-CLOSE-DUP-0144","TITLE_ABSTRACT_EXCLUDED","NO_DIRECT_EXPERIMENTAL_DESIGN_METHOD","LEVEL_3_DISCOVERY_ONLY","","Prospective backward-reference occurrence."
"AC0205","Primary full-text reference list","PHASE2-SEARCH-0056","2026-07-31","Hit-and-Run algorithms for generating multivariate distributions","","10.1287/moor.18.2.255","","10.3389/fbioe.2021.685323","A-CLOSE-DUP-0145","TITLE_ABSTRACT_EXCLUDED","NO_DIRECT_EXPERIMENTAL_DESIGN_METHOD","LEVEL_3_DISCOVERY_ONLY","","Prospective backward-reference occurrence."
"AC0206","Primary full-text reference list","PHASE2-SEARCH-0056","2026-07-31","13 C metabolic flux analysis identifies an unusual route for pyruvate dissimilation in mycobacteria which requires isocitrate lyase and carbon dioxide fixation","","10.1371/journal.ppat.1002091","","10.3389/fbioe.2021.685323","A-CLOSE-DUP-0146","TITLE_ABSTRACT_EXCLUDED","NO_DIRECT_EXPERIMENTAL_DESIGN_METHOD","LEVEL_3_DISCOVERY_ONLY","","Prospective backward-reference occurrence."
"AC0207","Primary full-text reference list","PHASE2-SEARCH-0056","2026-07-31","Robust optimization–A comprehensive survey","","10.1016/j.cma.2007.03.003","","10.3389/fbioe.2021.685323","A-CLOSE-DUP-0147","TITLE_ABSTRACT_EXCLUDED","NO_DIRECT_EXPERIMENTAL_DESIGN_METHOD","LEVEL_3_DISCOVERY_ONLY","","Prospective backward-reference occurrence."
"AC0208","Primary full-text reference list","PHASE2-SEARCH-0056","2026-07-31","The design of FluxML: a universal modeling language for 13 C metabolic flux analysis","","10.3389/fmicb.2019.01022","","10.3389/fbioe.2021.685323","A-CLOSE-DUP-0148","TITLE_ABSTRACT_EXCLUDED","NO_DIRECT_EXPERIMENTAL_DESIGN_METHOD","LEVEL_3_DISCOVERY_ONLY","","Prospective backward-reference occurrence."
"AC0209","Primary full-text reference list","PHASE2-SEARCH-0056","2026-07-31","Genome-scale analysis of Streptomyces coelicolor A3(2) metabolism","","10.1101/gr.3364705","","10.3389/fbioe.2021.685323","A-CLOSE-DUP-0149","TITLE_ABSTRACT_EXCLUDED","NO_DIRECT_EXPERIMENTAL_DESIGN_METHOD","LEVEL_3_DISCOVERY_ONLY","","Prospective backward-reference occurrence."
"AC0210","Primary full-text reference list","PHASE2-SEARCH-0056","2026-07-31","Multi-objective experimental design for 13 C-based metabolic flux analysis","","10.1016/j.mbs.2015.08.002","","10.3389/fbioe.2021.685323","A-CLOSE-DUP-0103","DUPLICATE","DUPLICATE_RECORD_RETURNED_EARLIER_IN_CLOSURE_PASS","LEVEL_3_DISCOVERY_ONLY","","Prospective backward-reference occurrence."
"AC0211","Primary full-text reference list","PHASE2-SEARCH-0056","2026-07-31","Naturally-occurring β-lactamase inhibitors with antibacterial activity","","10.7164/antibiotics.29.668","","10.3389/fbioe.2021.685323","A-CLOSE-DUP-0150","TITLE_ABSTRACT_EXCLUDED","NO_DIRECT_EXPERIMENTAL_DESIGN_METHOD","LEVEL_3_DISCOVERY_ONLY","","Prospective backward-reference occurrence."
"AC0212","Primary full-text reference list","PHASE2-SEARCH-0056","2026-07-31","Manipulation of the physiology of clavulanic acid biosynthesis with the aid of metabolic flux analysis","","10.1016/j.enzmictec.2006.01.017","","10.3389/fbioe.2021.685323","A-CLOSE-DUP-0151","TITLE_ABSTRACT_EXCLUDED","NO_DIRECT_EXPERIMENTAL_DESIGN_METHOD","LEVEL_3_DISCOVERY_ONLY","","Prospective backward-reference occurrence."
"AC0213","Primary full-text reference list","PHASE2-SEARCH-0056","2026-07-31","Optimal tracers for parallel labeling experiments and 13 C metabolic flux analysis: a new precision and synergy scoring system","","10.1016/j.ymben.2016.06.001","","10.3389/fbioe.2021.685323","A-CLOSE-DUP-0098","DUPLICATE","DUPLICATE_RECORD_RETURNED_EARLIER_IN_CLOSURE_PASS","LEVEL_3_DISCOVERY_ONLY","","Prospective backward-reference occurrence."
"AC0214","Primary full-text reference list","PHASE2-SEARCH-0056","2026-07-31","Advancing metabolic engineering through systems biology of industrial microorganisms","","10.1016/j.copbio.2015.08.006","","10.3389/fbioe.2021.685323","A-CLOSE-DUP-0072","DUPLICATE","DUPLICATE_RECORD_RETURNED_EARLIER_IN_CLOSURE_PASS","LEVEL_3_DISCOVERY_ONLY","","Prospective backward-reference occurrence."
"AC0215","Primary full-text reference list","PHASE2-SEARCH-0056","2026-07-31","Antibiotics produced by Streptomyces","","10.1016/j.bjid.2012.08.014","","10.3389/fbioe.2021.685323","A-CLOSE-DUP-0152","TITLE_ABSTRACT_EXCLUDED","NO_DIRECT_EXPERIMENTAL_DESIGN_METHOD","LEVEL_3_DISCOVERY_ONLY","","Prospective backward-reference occurrence."
"AC0216","Primary full-text reference list","PHASE2-SEARCH-0056","2026-07-31","Microbial drug discovery: 80 years of progress","","10.1038/ja.2008.16","","10.3389/fbioe.2021.685323","A-CLOSE-DUP-0153","TITLE_ABSTRACT_EXCLUDED","NO_DIRECT_EXPERIMENTAL_DESIGN_METHOD","LEVEL_3_DISCOVERY_ONLY","","Prospective backward-reference occurrence."
"AC0217","Primary full-text reference list","PHASE2-SEARCH-0056","2026-07-31","Visualizing multi-omics data in metabolic networks with the software Omix - A case study","","10.1016/j.biosystems.2011.04.003","","10.3389/fbioe.2021.685323","A-CLOSE-DUP-0154","TITLE_ABSTRACT_EXCLUDED","NO_DIRECT_EXPERIMENTAL_DESIGN_METHOD","LEVEL_3_DISCOVERY_ONLY","","Prospective backward-reference occurrence."
"AC0218","Primary full-text reference list","PHASE2-SEARCH-0056","2026-07-31","Characterization of the metabolic response of Streptomyces clavuligerus to shear stress in stirred tanks and single-use 2D rocking motion bioreactors for clavulanic acid production","","10.3390/antibiotics8040168","","10.3389/fbioe.2021.685323","A-CLOSE-DUP-0155","TITLE_ABSTRACT_EXCLUDED","NO_DIRECT_EXPERIMENTAL_DESIGN_METHOD","LEVEL_3_DISCOVERY_ONLY","","Prospective backward-reference occurrence."
"AC0219","Primary full-text reference list","PHASE2-SEARCH-0056","2026-07-31","A genome-scale insight into the effect of shear stress during the fed-batch production of clavulanic acid by Streptomyces clavuligerus","","10.3390/microorganisms8091255","","10.3389/fbioe.2021.685323","A-CLOSE-DUP-0156","TITLE_ABSTRACT_EXCLUDED","NO_DIRECT_EXPERIMENTAL_DESIGN_METHOD","LEVEL_3_DISCOVERY_ONLY","","Prospective backward-reference occurrence."
"AC0220","Primary full-text reference list","PHASE2-SEARCH-0056","2026-07-31","Semi-infinite programming: theory, methods, and applications","","10.1137/1035089","","10.3389/fbioe.2021.685323","A-CLOSE-DUP-0157","TITLE_ABSTRACT_EXCLUDED","NO_DIRECT_EXPERIMENTAL_DESIGN_METHOD","LEVEL_3_DISCOVERY_ONLY","","Prospective backward-reference occurrence."
"AC0221","Primary full-text reference list","PHASE2-SEARCH-0056","2026-07-31","Metabolic isotopomer labeling systems. Part II: structural flux identifiability analysis","","10.1016/S0025-5564(02)00222-5","","10.3389/fbioe.2021.685323","A-CLOSE-DUP-0095","DUPLICATE","DUPLICATE_RECORD_RETURNED_EARLIER_IN_CLOSURE_PASS","LEVEL_3_DISCOVERY_ONLY","","Prospective backward-reference occurrence."
"AC0222","Primary full-text reference list","PHASE2-SEARCH-0056","2026-07-31","HOPS: high-performance library for (non-)uniform sampling of convex-constrained models","","10.1093/bioinformatics/btaa872","","10.3389/fbioe.2021.685323","A-CLOSE-DUP-0158","TITLE_ABSTRACT_EXCLUDED","NO_DIRECT_EXPERIMENTAL_DESIGN_METHOD","LEVEL_3_DISCOVERY_ONLY","","Prospective backward-reference occurrence."
"AC0223","Primary full-text reference list","PHASE2-SEARCH-0056","2026-07-31","Numerical methods for optimal control problems in design of robust optimal experiments for nonlinear dynamic processes","","10.1080/10556780410001683078","","10.3389/fbioe.2021.685323","A-CLOSE-DUP-0114","DUPLICATE","DUPLICATE_RECORD_RETURNED_EARLIER_IN_CLOSURE_PASS","LEVEL_3_DISCOVERY_ONLY","","Prospective backward-reference occurrence."
"AC0224","Primary full-text reference list","PHASE2-SEARCH-0056","2026-07-31","Systems metabolic engineering of microorganisms for natural and non-natural chemicals","","10.1038/nchembio.970","","10.3389/fbioe.2021.685323","A-CLOSE-DUP-0070","DUPLICATE","DUPLICATE_RECORD_RETURNED_EARLIER_IN_CLOSURE_PASS","LEVEL_3_DISCOVERY_ONLY","","Prospective backward-reference occurrence."
"AC0225","Primary full-text reference list","PHASE2-SEARCH-0056","2026-07-31","Rational strain improvement for enhanced clavulanic acid production by genetic engineering of the glycolytic pathway in Streptomyces clavuligerus","","10.1016/j.ymben.2006.01.003","","10.3389/fbioe.2021.685323","A-CLOSE-DUP-0159","TITLE_ABSTRACT_EXCLUDED","NO_DIRECT_EXPERIMENTAL_DESIGN_METHOD","LEVEL_3_DISCOVERY_ONLY","","Prospective backward-reference occurrence."
"AC0226","Primary full-text reference list","PHASE2-SEARCH-0056","2026-07-31","Clavulanic acid production by Streptomyces clavuligerus : insights from systems biology, strain engineering, and downstream processing","","10.3390/antibiotics10010084","","10.3389/fbioe.2021.685323","A-CLOSE-DUP-0160","TITLE_ABSTRACT_EXCLUDED","NO_DIRECT_EXPERIMENTAL_DESIGN_METHOD","LEVEL_3_DISCOVERY_ONLY","","Prospective backward-reference occurrence."
"AC0227","Primary full-text reference list","PHASE2-SEARCH-0056","2026-07-31","The sequence of a 1.8-mb bacterial linear plasmid reveals a rich evolutionary reservoir of secondary metabolic pathways","","10.1093/gbe/evq013","","10.3389/fbioe.2021.685323","A-CLOSE-DUP-0161","TITLE_ABSTRACT_EXCLUDED","NO_DIRECT_EXPERIMENTAL_DESIGN_METHOD","LEVEL_3_DISCOVERY_ONLY","","Prospective backward-reference occurrence."
"AC0228","Primary full-text reference list","PHASE2-SEARCH-0056","2026-07-31","Evaluation of 13 C isotopic tracers for metabolic flux analysis in mammalian cells","","10.1016/j.jbiotec.2009.07.010","","10.3389/fbioe.2021.685323","A-CLOSE-DUP-0016","DUPLICATE","DUPLICATE_RECORD_RETURNED_EARLIER_IN_CLOSURE_PASS","LEVEL_3_DISCOVERY_ONLY","","Prospective backward-reference occurrence."
"AC0229","Primary full-text reference list","PHASE2-SEARCH-0056","2026-07-31","Bidirectional reaction steps in metabolic networks. IV. Optimal design of isotopomer labeling experiments","","10.1002/(SICI)1097-0290(1999)66:2&lt;86::AID-BIT2&gt;3.0.CO;2-A","","10.3389/fbioe.2021.685323","A-CLOSE-DUP-0017","DUPLICATE","DUPLICATE_RECORD_RETURNED_EARLIER_IN_CLOSURE_PASS","LEVEL_3_DISCOVERY_ONLY","","Prospective backward-reference occurrence."
"AC0230","Primary full-text reference list","PHASE2-SEARCH-0056","2026-07-31","It is all about metabolic fluxes","","10.1128/JB.185.24.7031-7035.2003","","10.3389/fbioe.2021.685323","A-CLOSE-DUP-0162","TITLE_ABSTRACT_EXCLUDED","NO_DIRECT_EXPERIMENTAL_DESIGN_METHOD","LEVEL_3_DISCOVERY_ONLY","","Prospective backward-reference occurrence."
"AC0231","Primary full-text reference list","PHASE2-SEARCH-0056","2026-07-31","Visual workflows for 13 C-metabolic flux analysis","","10.1093/bioinformatics/btu585","","10.3389/fbioe.2021.685323","A-CLOSE-DUP-0163","TITLE_ABSTRACT_EXCLUDED","NO_DIRECT_EXPERIMENTAL_DESIGN_METHOD","LEVEL_3_DISCOVERY_ONLY","","Prospective backward-reference occurrence."
"AC0232","Primary full-text reference list","PHASE2-SEARCH-0056","2026-07-31","A Pareto approach to resolve the conflict between information gain and experimental costs: multiple-criteria design of carbon labeling experiments","","10.1371/journal.pcbi.1006533","","10.3389/fbioe.2021.685323","A-CLOSE-DUP-0164","TITLE_ABSTRACT_EXCLUDED","NO_DIRECT_EXPERIMENTAL_DESIGN_METHOD","LEVEL_3_DISCOVERY_ONLY","","Prospective backward-reference occurrence."
"AC0233","Primary full-text reference list","PHASE2-SEARCH-0056","2026-07-31","Experimental design principles for isotopically instationary 13 C labeling experiments","","10.1002/bit.20803","","10.3389/fbioe.2021.685323","A-CLOSE-DUP-0046","DUPLICATE","DUPLICATE_RECORD_RETURNED_EARLIER_IN_CLOSURE_PASS","LEVEL_3_DISCOVERY_ONLY","","Prospective backward-reference occurrence."
"AC0234","Primary full-text reference list","PHASE2-SEARCH-0056","2026-07-31","New macrolide antibiotics produced by mutants from Streptomyces fradiae NRRL 2702","","10.7164/antibiotics.35.921","","10.3389/fbioe.2021.685323","A-CLOSE-DUP-0165","TITLE_ABSTRACT_EXCLUDED","NO_DIRECT_EXPERIMENTAL_DESIGN_METHOD","LEVEL_3_DISCOVERY_ONLY","","Prospective backward-reference occurrence."
"AC0235","Primary full-text reference list","PHASE2-SEARCH-0056","2026-07-31","Robust experiment design via maximin optimization","","10.1016/0025-5564(88)90097-1","","10.3389/fbioe.2021.685323","A-CLOSE-DUP-0166","TITLE_ABSTRACT_INCLUDED","","LEVEL_2_SUPPORTING","","Prospective backward-reference occurrence."
"AC0236","Primary full-text reference list","PHASE2-SEARCH-0056","2026-07-31","Bibliometric analysis of global research on clavulanic acid","","10.3390/antibiotics7040102","","10.3389/fbioe.2021.685323","A-CLOSE-DUP-0167","TITLE_ABSTRACT_EXCLUDED","NO_DIRECT_EXPERIMENTAL_DESIGN_METHOD","LEVEL_3_DISCOVERY_ONLY","","Prospective backward-reference occurrence."
"AC0237","Primary full-text reference list","PHASE2-SEARCH-0056","2026-07-31","Streptomyces clavuligerus shows a strong association between TCA cycle intermediate accumulation and clavulanic acid biosynthesis","","10.1007/s00253-018-8841-8","","10.3389/fbioe.2021.685323","A-CLOSE-DUP-0168","TITLE_ABSTRACT_EXCLUDED","NO_DIRECT_EXPERIMENTAL_DESIGN_METHOD","LEVEL_3_DISCOVERY_ONLY","","Prospective backward-reference occurrence."
"AC0238","Primary full-text reference list","PHASE2-SEARCH-0056","2026-07-31","Inversion of the stereochemical configuration (3s, 5s)-clavaminic acid into (3r, 5r)-clavulanic acid: a computationally-assisted approach based on experimental evidence","","10.1016/j.jtbi.2016.01.028","","10.3389/fbioe.2021.685323","A-CLOSE-DUP-0169","TITLE_ABSTRACT_EXCLUDED","NO_DIRECT_EXPERIMENTAL_DESIGN_METHOD","LEVEL_3_DISCOVERY_ONLY","","Prospective backward-reference occurrence."
"AC0239","Primary full-text reference list","PHASE2-SEARCH-0056","2026-07-31","Planning optimal measurements of isotopomer distributions for estimation of metabolic fluxes","","10.1093/bioinformatics/btl069","","10.3389/fbioe.2021.685323","A-CLOSE-DUP-0170","TITLE_ABSTRACT_EXCLUDED","NO_DIRECT_EXPERIMENTAL_DESIGN_METHOD","LEVEL_3_DISCOVERY_ONLY","","Prospective backward-reference occurrence."
"AC0240","Primary full-text reference list","PHASE2-SEARCH-0056","2026-07-31","Flux balance analysis in the production of clavulanic acid by Streptomyces clavuligerus","","10.1002/btpr.2132","","10.3389/fbioe.2021.685323","A-CLOSE-DUP-0171","TITLE_ABSTRACT_EXCLUDED","NO_DIRECT_EXPERIMENTAL_DESIGN_METHOD","LEVEL_3_DISCOVERY_ONLY","","Prospective backward-reference occurrence."
"AC0241","Primary full-text reference list","PHASE2-SEARCH-0056","2026-07-31","Metabolic networks in motion: 13 C-based flux analysis","","10.1038/msb4100109","","10.3389/fbioe.2021.685323","A-CLOSE-DUP-0020","DUPLICATE","DUPLICATE_RECORD_RETURNED_EARLIER_IN_CLOSURE_PASS","LEVEL_3_DISCOVERY_ONLY","","Prospective backward-reference occurrence."
"AC0242","Primary full-text reference list","PHASE2-SEARCH-0056","2026-07-31","Fermentation conditions that affect clavulanic acid production in Streptomyces clavuligerus : a systematic review","","10.3389/fmicb.2016.00522","","10.3389/fbioe.2021.685323","A-CLOSE-DUP-0172","TITLE_ABSTRACT_EXCLUDED","NO_DIRECT_EXPERIMENTAL_DESIGN_METHOD","LEVEL_3_DISCOVERY_ONLY","","Prospective backward-reference occurrence."
"AC0243","Primary full-text reference list","PHASE2-SEARCH-0056","2026-07-31","Proteome-wide alterations in an industrial clavulanic acid producing strain of Streptomyces clavuligerus","","10.1016/j.synbio.2016.10.003","","10.3389/fbioe.2021.685323","A-CLOSE-DUP-0173","TITLE_ABSTRACT_EXCLUDED","NO_DIRECT_EXPERIMENTAL_DESIGN_METHOD","LEVEL_3_DISCOVERY_ONLY","","Prospective backward-reference occurrence."
"AC0244","Primary full-text reference list","PHASE2-SEARCH-0056","2026-07-31","13CFLUX2 - high-performance software suite for 13 C-metabolic flux analysis","","10.1093/bioinformatics/bts646","","10.3389/fbioe.2021.685323","A-CLOSE-DUP-0106","DUPLICATE","DUPLICATE_RECORD_RETURNED_EARLIER_IN_CLOSURE_PASS","LEVEL_3_DISCOVERY_ONLY","","Prospective backward-reference occurrence."
"AC0245","Primary full-text reference list","PHASE2-SEARCH-0056","2026-07-31","13 C metabolic flux analysis","","10.1006/mben.2001.0187","","10.3389/fbioe.2021.685323","A-CLOSE-DUP-0087","DUPLICATE","DUPLICATE_RECORD_RETURNED_EARLIER_IN_CLOSURE_PASS","LEVEL_3_DISCOVERY_ONLY","","Prospective backward-reference occurrence."
"AC0246","Primary full-text reference list","PHASE2-SEARCH-0056","2026-07-31","In vivo stationary flux analysis by 13 C labeling experiments","","10.1007/BFb0102334","","10.3389/fbioe.2021.685323","A-CLOSE-DUP-0174","TITLE_ABSTRACT_EXCLUDED","NO_DIRECT_EXPERIMENTAL_DESIGN_METHOD","LEVEL_3_DISCOVERY_ONLY","","Prospective backward-reference occurrence."
"AC0247","Primary full-text reference list","PHASE2-SEARCH-0056","2026-07-31","Bidirectional reaction steps in metabolic networks. Part I: Modeling and simulation of carbon isotope labeling experiments","","10.1002/(SICI)1097-0290(19970705)55:1&lt;101::AID-BIT12&gt;3.0.CO;2-P","","10.3389/fbioe.2021.685323","A-CLOSE-DUP-0086","DUPLICATE","DUPLICATE_RECORD_RETURNED_EARLIER_IN_CLOSURE_PASS","LEVEL_3_DISCOVERY_ONLY","","Prospective backward-reference occurrence."
"AC0248","Primary full-text reference list","PHASE2-SEARCH-0056","2026-07-31","Bidirectional reaction steps in metabolic networks. Part III: explicit solution and analysis of isotopomer labeling systems","","10.1002/(SICI)1097-0290(1999)66:2&lt;69::AID-BIT1&gt;3.0.CO;2-6","","10.3389/fbioe.2021.685323","A-CLOSE-DUP-0089","DUPLICATE","DUPLICATE_RECORD_RETURNED_EARLIER_IN_CLOSURE_PASS","LEVEL_3_DISCOVERY_ONLY","","Prospective backward-reference occurrence."
"AC0249","Primary full-text reference list","PHASE2-SEARCH-0056","2026-07-31","A universal framework for 13 C metabolic flux analysis","","10.1006/mben.2001.0188","","10.3389/fbioe.2021.685323","A-CLOSE-DUP-0030","DUPLICATE","DUPLICATE_RECORD_RETURNED_EARLIER_IN_CLOSURE_PASS","LEVEL_3_DISCOVERY_ONLY","","Prospective backward-reference occurrence."
"AC0250","Primary full-text reference list","PHASE2-SEARCH-0056","2026-07-31","From stationary to instationary metabolic flux analysis","","10.1007/b98921","","10.3389/fbioe.2021.685323","A-CLOSE-DUP-0110","DUPLICATE","DUPLICATE_RECORD_RETURNED_EARLIER_IN_CLOSURE_PASS","LEVEL_3_DISCOVERY_ONLY","","Prospective backward-reference occurrence."
"AC0251","Primary full-text reference list","PHASE2-SEARCH-0056","2026-07-31","Bidirectional reaction steps in metabolic networks. Part II: Flux estimation and statistical analysis","","10.1002/(SICI)1097-0290(19970705)55:1&lt;118::AID-BIT13&gt;3.0.CO;2-I","","10.3389/fbioe.2021.685323","A-CLOSE-DUP-0090","DUPLICATE","DUPLICATE_RECORD_RETURNED_EARLIER_IN_CLOSURE_PASS","LEVEL_3_DISCOVERY_ONLY","","Prospective backward-reference occurrence."
"AC0252","PubMed","PHASE2-SEARCH-0057","2026-07-31","Metabolic flux analysis at ultra short time scale: isotopically non-stationary 13C labeling experiments.","2007","PMID:17207877","PMID:17207877","","A-CLOSE-DUP-0175","TITLE_ABSTRACT_EXCLUDED","NO_DIRECT_EXPERIMENTAL_DESIGN_METHOD","LEVEL_3_DISCOVERY_ONLY","","Prospective dynamic-design query."
"AC0253","PubMed","PHASE2-SEARCH-0057","2026-07-31","Computational tools for isotopically instationary 13C labeling experiments under metabolic steady state conditions.","2006","PMID:16890470","PMID:16890470","","A-CLOSE-DUP-0176","TITLE_ABSTRACT_INCLUDED","","LEVEL_2_SUPPORTING","","Prospective dynamic-design query."
"AC0254","PubMed","PHASE2-SEARCH-0057","2026-07-31","Experimental design principles for isotopically instationary 13C labeling experiments.","2006","PMID:16598793","PMID:16598793","","A-CLOSE-DUP-0177","TITLE_ABSTRACT_INCLUDED","","LEVEL_2_SUPPORTING","","Prospective dynamic-design query."
"AC0255","OpenAlex","PHASE2-SEARCH-0058","2026-07-31","INCA: a computational platform for isotopically non-stationary metabolic flux analysis","2014","10.1093/bioinformatics/btu015","https://openalex.org/W2134138595","","A-CLOSE-DUP-0178","TITLE_ABSTRACT_EXCLUDED","NO_DIRECT_EXPERIMENTAL_DESIGN_METHOD","LEVEL_3_DISCOVERY_ONLY","","Prospective bounded API result."
"AC0256","OpenAlex","PHASE2-SEARCH-0058","2026-07-31","Isotopically nonstationary <sup>13</sup> C flux analysis of changes in <i>Arabidopsis thaliana</i> leaf metabolism due to high light acclimation","2014","10.1073/pnas.1319485111","https://openalex.org/W2100481323","","A-CLOSE-DUP-0179","TITLE_ABSTRACT_INCLUDED","","LEVEL_2_SUPPORTING","","Prospective bounded API result."
"AC0257","OpenAlex","PHASE2-SEARCH-0058","2026-07-31","OpenFLUX: efficient modelling software for 13C-based metabolic flux analysis","2009","10.1186/1475-2859-8-25","https://openalex.org/W2100398170","","A-CLOSE-DUP-0180","TITLE_ABSTRACT_EXCLUDED","NO_DIRECT_EXPERIMENTAL_DESIGN_METHOD","LEVEL_3_DISCOVERY_ONLY","","Prospective bounded API result."
"AC0258","OpenAlex","PHASE2-SEARCH-0058","2026-07-31","OpenMebius: An Open Source Software for Isotopically Nonstationary<sup>13</sup>C-Based Metabolic Flux Analysis","2014","10.1155/2014/627014","https://openalex.org/W2169376598","","A-CLOSE-DUP-0181","TITLE_ABSTRACT_INCLUDED","","LEVEL_2_SUPPORTING","","Prospective bounded API result."
"AC0259","OpenAlex","PHASE2-SEARCH-0058","2026-07-31","Isotopically nonstationary metabolic flux analysis (INST-MFA): putting theory into practice","2018","10.1016/j.copbio.2018.02.013","https://openalex.org/W2806788718","","A-CLOSE-DUP-0182","TITLE_ABSTRACT_INCLUDED","","LEVEL_2_SUPPORTING","","Prospective bounded API result."
"AC0260","OpenAlex","PHASE2-SEARCH-0058","2026-07-31","Flux Balance Analysis of Cyanobacterial Metabolism: The Metabolic Network of Synechocystis sp. PCC 6803","2013","10.1371/journal.pcbi.1003081","https://openalex.org/W2170319684","","A-CLOSE-DUP-0183","TITLE_ABSTRACT_EXCLUDED","NO_DIRECT_EXPERIMENTAL_DESIGN_METHOD","LEVEL_3_DISCOVERY_ONLY","","Prospective bounded API result."
"AC0261","OpenAlex","PHASE2-SEARCH-0058","2026-07-31","Metabolic Flux Analysis—Linking Isotope Labeling and Metabolic Fluxes","2020","10.3390/metabo10110447","https://openalex.org/W3096214969","","A-CLOSE-DUP-0184","TITLE_ABSTRACT_EXCLUDED","NO_DIRECT_EXPERIMENTAL_DESIGN_METHOD","LEVEL_3_DISCOVERY_ONLY","","Prospective bounded API result."
"AC0262","OpenAlex","PHASE2-SEARCH-0058","2026-07-31","The metabolic origins of non-photorespiratory CO2 release during photosynthesis: a metabolic flux analysis","2021","10.1093/plphys/kiab076","https://openalex.org/W3129607641","","A-CLOSE-DUP-0185","TITLE_ABSTRACT_EXCLUDED","NO_DIRECT_EXPERIMENTAL_DESIGN_METHOD","LEVEL_3_DISCOVERY_ONLY","","Prospective bounded API result."
"AC0263","OpenAlex","PHASE2-SEARCH-0058","2026-07-31","Rational design of 13C-labeling experiments for metabolic flux analysis in mammalian cells","2012","10.1186/1752-0509-6-43","https://openalex.org/W2008421457","","A-CLOSE-DUP-0097","DUPLICATE","DUPLICATE_RECORD_RETURNED_EARLIER_IN_CLOSURE_PASS","LEVEL_3_DISCOVERY_ONLY","","Prospective bounded API result."
"AC0264","OpenAlex","PHASE2-SEARCH-0058","2026-07-31","Isotopically nonstationary metabolic flux analysis of plants: recent progress and future opportunities","2024","10.1111/nph.19734","https://openalex.org/W4394873463","","A-CLOSE-DUP-0186","TITLE_ABSTRACT_INCLUDED","","LEVEL_2_SUPPORTING","","Prospective bounded API result."
"AC0265","OpenAlex","PHASE2-SEARCH-0058","2026-07-31","The Protein Cost of Metabolic Fluxes: Prediction from Enzymatic Rate Laws and Cost Minimization","2016","10.1371/journal.pcbi.1005167","https://openalex.org/W2312280072","","A-CLOSE-DUP-0187","TITLE_ABSTRACT_EXCLUDED","NO_DIRECT_EXPERIMENTAL_DESIGN_METHOD","LEVEL_3_DISCOVERY_ONLY","","Prospective bounded API result."
"AC0266","OpenAlex","PHASE2-SEARCH-0058","2026-07-31","13C labeling experiments at metabolic nonstationary conditions: An exploratory study","2008","10.1186/1471-2105-9-152","https://openalex.org/W1992812133","","A-CLOSE-DUP-0188","FULL_TEXT_INCLUDED","","LEVEL_2_SUPPORTING","P0046","Prospective bounded API result."
"AC0267","OpenAlex","PHASE2-SEARCH-0058","2026-07-31","SUMOFLUX: A Generalized Method for Targeted 13C Metabolic Flux Ratio Analysis","2016","10.1371/journal.pcbi.1005109","https://openalex.org/W2520030234","","A-CLOSE-DUP-0189","TITLE_ABSTRACT_EXCLUDED","NO_DIRECT_EXPERIMENTAL_DESIGN_METHOD","LEVEL_3_DISCOVERY_ONLY","","Prospective bounded API result."
"AC0268","OpenAlex","PHASE2-SEARCH-0058","2026-07-31","Acetate fluxes in Escherichia coli are determined by the thermodynamic control of the Pta-AckA pathway","2017","10.1038/srep42135","https://openalex.org/W2586660694","","A-CLOSE-DUP-0190","TITLE_ABSTRACT_EXCLUDED","NO_DIRECT_EXPERIMENTAL_DESIGN_METHOD","LEVEL_3_DISCOVERY_ONLY","","Prospective bounded API result."
"AC0269","OpenAlex","PHASE2-SEARCH-0058","2026-07-31","Strategies for investigating the plant metabolic network with steady-state metabolic flux analysis: lessons from an Arabidopsis cell culture and other systems","2011","10.1093/jxb/err382","https://openalex.org/W2095733998","","A-CLOSE-DUP-0191","TITLE_ABSTRACT_EXCLUDED","NO_DIRECT_EXPERIMENTAL_DESIGN_METHOD","LEVEL_3_DISCOVERY_ONLY","","Prospective bounded API result."
"AC0270","OpenAlex","PHASE2-SEARCH-0058","2026-07-31","Autotrophic and mixotrophic metabolism of an anammox bacterium revealed by in vivo 13C and 2H metabolic network mapping","2020","10.1038/s41396-020-00805-w","https://openalex.org/W3093813477","","A-CLOSE-DUP-0192","TITLE_ABSTRACT_EXCLUDED","NO_DIRECT_EXPERIMENTAL_DESIGN_METHOD","LEVEL_3_DISCOVERY_ONLY","","Prospective bounded API result."
"AC0271","OpenAlex","PHASE2-SEARCH-0058","2026-07-31","Interpreting metabolic complexity via isotope-assisted metabolic flux analysis","2023","10.1016/j.tibs.2023.02.001","https://openalex.org/W4322747576","","A-CLOSE-DUP-0193","TITLE_ABSTRACT_EXCLUDED","NO_DIRECT_EXPERIMENTAL_DESIGN_METHOD","LEVEL_3_DISCOVERY_ONLY","","Prospective bounded API result."
"AC0272","OpenAlex","PHASE2-SEARCH-0058","2026-07-31","Lysine production from the sugar alcohol mannitol: Design of the cell factory Corynebacterium glutamicum SEA-3 through integrated analysis and engineering of metabolic pathway fluxes","2018","10.1016/j.ymben.2018.04.019","https://openalex.org/W2799543386","","A-CLOSE-DUP-0194","TITLE_ABSTRACT_EXCLUDED","NO_DIRECT_EXPERIMENTAL_DESIGN_METHOD","LEVEL_3_DISCOVERY_ONLY","","Prospective bounded API result."
"AC0273","OpenAlex","PHASE2-SEARCH-0058","2026-07-31","FreeFlux: A Python Package for Time-Efficient Isotopically Nonstationary Metabolic Flux Analysis","2023","10.1021/acssynbio.3c00265","https://openalex.org/W4385719274","","A-CLOSE-DUP-0195","TITLE_ABSTRACT_INCLUDED","","LEVEL_2_SUPPORTING","","Prospective bounded API result."
"AC0274","OpenAlex","PHASE2-SEARCH-0058","2026-07-31","Impact of kinetic isotope effects in isotopic studies of metabolic systems","2015","10.1186/s12918-015-0213-8","https://openalex.org/W2129845313","","A-CLOSE-DUP-0196","TITLE_ABSTRACT_EXCLUDED","NO_DIRECT_EXPERIMENTAL_DESIGN_METHOD","LEVEL_3_DISCOVERY_ONLY","","Prospective bounded API result."
"AC0275","OpenAlex","PHASE2-SEARCH-0058","2026-07-31","Non-stationary 13C metabolic flux analysis of Chinese hamster ovary cells in batch culture using extracellular labeling highlights metabolic reversibility and compartmentation","2014","10.1186/1752-0509-8-50","https://openalex.org/W2127397696","","A-CLOSE-DUP-0197","TITLE_ABSTRACT_EXCLUDED","NO_DIRECT_EXPERIMENTAL_DESIGN_METHOD","LEVEL_3_DISCOVERY_ONLY","","Prospective bounded API result."
"AC0276","OpenAlex","PHASE2-SEARCH-0058","2026-07-31","Deoxyxylulose 5-Phosphate Synthase Controls Flux through the Methylerythritol 4-Phosphate Pathway in Arabidopsis","2014","10.1104/pp.114.245191","https://openalex.org/W2115965743","","A-CLOSE-DUP-0198","TITLE_ABSTRACT_EXCLUDED","NO_DIRECT_EXPERIMENTAL_DESIGN_METHOD","LEVEL_3_DISCOVERY_ONLY","","Prospective bounded API result."
"AC0277","OpenAlex","PHASE2-SEARCH-0058","2026-07-31","Photobioreactor design for isotopic non‐stationary <sup>13</sup>C‐metabolic flux analysis (INST <sup>13</sup>C‐MFA) under photoautotrophic conditions","2012","10.1002/bit.24575","https://openalex.org/W2153720780","","A-CLOSE-DUP-0199","TITLE_ABSTRACT_EXCLUDED","NO_DIRECT_EXPERIMENTAL_DESIGN_METHOD","LEVEL_3_DISCOVERY_ONLY","","Prospective bounded API result."
"AC0278","OpenAlex","PHASE2-SEARCH-0058","2026-07-31","Daylength variation affects growth, photosynthesis, leaf metabolism, partitioning, and metabolic fluxes","2023","10.1093/plphys/kiad507","https://openalex.org/W4386877824","","A-CLOSE-DUP-0200","TITLE_ABSTRACT_EXCLUDED","NO_DIRECT_EXPERIMENTAL_DESIGN_METHOD","LEVEL_3_DISCOVERY_ONLY","","Prospective bounded API result."
"AC0279","OpenAlex","PHASE2-SEARCH-0058","2026-07-31","Systematic comparison of local approaches for isotopically nonstationary metabolic flux analysis","2023","10.3389/fpls.2023.1178239","https://openalex.org/W4379537764","","A-CLOSE-DUP-0201","TITLE_ABSTRACT_INCLUDED","","LEVEL_2_SUPPORTING","","Prospective bounded API result."
"AC0280","OpenAlex forward citations","PHASE2-SEARCH-0060","2026-07-31","Metabolic networks in motion: 13C‐based flux analysis","2006","10.1038/msb4100109","https://openalex.org/W2160079005","10.1002/bit.20803","A-CLOSE-DUP-0020","DUPLICATE","DUPLICATE_RECORD_RETURNED_EARLIER_IN_CLOSURE_PASS","LEVEL_3_DISCOVERY_ONLY","","Prospective bounded API result."
"AC0281","OpenAlex forward citations","PHASE2-SEARCH-0060","2026-07-31","Mapping photoautotrophic metabolism with isotopically nonstationary 13C flux analysis","2011","10.1016/j.ymben.2011.08.002","https://openalex.org/W2142111857","10.1002/bit.20803","A-CLOSE-DUP-0202","TITLE_ABSTRACT_INCLUDED","","LEVEL_2_SUPPORTING","","Prospective bounded API result."
"AC0282","OpenAlex forward citations","PHASE2-SEARCH-0060","2026-07-31","Evaluation of 13C isotopic tracers for metabolic flux analysis in mammalian cells","2009","10.1016/j.jbiotec.2009.07.010","https://openalex.org/W2049759143","10.1002/bit.20803","A-CLOSE-DUP-0016","DUPLICATE","DUPLICATE_RECORD_RETURNED_EARLIER_IN_CLOSURE_PASS","LEVEL_3_DISCOVERY_ONLY","","Prospective bounded API result."
"AC0283","OpenAlex forward citations","PHASE2-SEARCH-0060","2026-07-31","Metabolic flux analysis at ultra short time scale: Isotopically non-stationary 13C labeling experiments","2006","10.1016/j.jbiotec.2006.11.015","https://openalex.org/W2063763893","10.1002/bit.20803","A-CLOSE-DUP-0203","TITLE_ABSTRACT_EXCLUDED","NO_DIRECT_EXPERIMENTAL_DESIGN_METHOD","LEVEL_3_DISCOVERY_ONLY","","Prospective bounded API result."
"AC0284","OpenAlex forward citations","PHASE2-SEARCH-0060","2026-07-31","Impact of systems biology on metabolic engineering of<i>Saccharomyces cerevisiae</i>","2007","10.1111/j.1567-1364.2007.00302.x","https://openalex.org/W2099735525","10.1002/bit.20803","A-CLOSE-DUP-0204","TITLE_ABSTRACT_EXCLUDED","NO_DIRECT_EXPERIMENTAL_DESIGN_METHOD","LEVEL_3_DISCOVERY_ONLY","","Prospective bounded API result."
"AC0285","OpenAlex forward citations","PHASE2-SEARCH-0060","2026-07-31","13C metabolic flux analysis in complex systems","2010","10.1016/j.copbio.2010.08.009","https://openalex.org/W2007892976","10.1002/bit.20803","A-CLOSE-DUP-0069","DUPLICATE","DUPLICATE_RECORD_RETURNED_EARLIER_IN_CLOSURE_PASS","LEVEL_3_DISCOVERY_ONLY","","Prospective bounded API result."
"AC0286","OpenAlex forward citations","PHASE2-SEARCH-0060","2026-07-31","Advances in analysis of microbial metabolic fluxes via <sup>13</sup>C isotopic labeling","2008","10.1002/mas.20191","https://openalex.org/W2122079849","10.1002/bit.20803","A-CLOSE-DUP-0205","TITLE_ABSTRACT_EXCLUDED","NO_DIRECT_EXPERIMENTAL_DESIGN_METHOD","LEVEL_3_DISCOVERY_ONLY","","Prospective bounded API result."
"AC0287","OpenAlex forward citations","PHASE2-SEARCH-0060","2026-07-31","The metabolic origins of non-photorespiratory CO2 release during photosynthesis: a metabolic flux analysis","2021","10.1093/plphys/kiab076","https://openalex.org/W3129607641","10.1002/bit.20803","A-CLOSE-DUP-0185","DUPLICATE","DUPLICATE_RECORD_RETURNED_EARLIER_IN_CLOSURE_PASS","LEVEL_3_DISCOVERY_ONLY","","Prospective bounded API result."
"AC0288","OpenAlex forward citations","PHASE2-SEARCH-0060","2026-07-31","13C metabolic flux analysis: optimal design of isotopic labeling experiments","2013","10.1016/j.copbio.2013.02.003","https://openalex.org/W1986705073","10.1002/bit.20803","A-CLOSE-DUP-0096","DUPLICATE","DUPLICATE_RECORD_RETURNED_EARLIER_IN_CLOSURE_PASS","LEVEL_3_DISCOVERY_ONLY","","Prospective bounded API result."
"AC0289","OpenAlex forward citations","PHASE2-SEARCH-0060","2026-07-31","Metabolic flux analysis in eukaryotes","2010","10.1016/j.copbio.2010.01.011","https://openalex.org/W2007728060","10.1002/bit.20803","A-CLOSE-DUP-0033","DUPLICATE","DUPLICATE_RECORD_RETURNED_EARLIER_IN_CLOSURE_PASS","LEVEL_3_DISCOVERY_ONLY","","Prospective bounded API result."
"AC0290","OpenAlex forward citations","PHASE2-SEARCH-0060","2026-07-31","Isotopically non-stationary metabolic flux analysis: complex yet highly informative","2013","10.1016/j.copbio.2013.03.024","https://openalex.org/W2030933109","10.1002/bit.20803","A-CLOSE-DUP-0206","TITLE_ABSTRACT_EXCLUDED","NO_DIRECT_EXPERIMENTAL_DESIGN_METHOD","LEVEL_3_DISCOVERY_ONLY","","Prospective bounded API result."
"AC0291","OpenAlex forward citations","PHASE2-SEARCH-0060","2026-07-31","Metabolic Flux Analysis in Plants: From Intelligent Design to Rational Engineering","2008","10.1146/annurev.arplant.58.032806.103822","https://openalex.org/W2104826241","10.1002/bit.20803","A-CLOSE-DUP-0207","TITLE_ABSTRACT_EXCLUDED","NO_DIRECT_EXPERIMENTAL_DESIGN_METHOD","LEVEL_3_DISCOVERY_ONLY","","Prospective bounded API result."
"AC0292","OpenAlex forward citations","PHASE2-SEARCH-0060","2026-07-31","Rational design of 13C-labeling experiments for metabolic flux analysis in mammalian cells","2012","10.1186/1752-0509-6-43","https://openalex.org/W2008421457","10.1002/bit.20803","A-CLOSE-DUP-0097","DUPLICATE","DUPLICATE_RECORD_RETURNED_EARLIER_IN_CLOSURE_PASS","LEVEL_3_DISCOVERY_ONLY","","Prospective bounded API result."
"AC0293","OpenAlex forward citations","PHASE2-SEARCH-0060","2026-07-31","Collisional fragmentation of central carbon metabolites in LC‐MS/MS increases precision of <sup>13</sup>C metabolic flux analysis","2011","10.1002/bit.24344","https://openalex.org/W2008204246","10.1002/bit.20803","A-CLOSE-DUP-0208","TITLE_ABSTRACT_EXCLUDED","NO_DIRECT_EXPERIMENTAL_DESIGN_METHOD","LEVEL_3_DISCOVERY_ONLY","","Prospective bounded API result."
"AC0294","OpenAlex forward citations","PHASE2-SEARCH-0060","2026-07-31","Understanding metabolism with flux analysis: From theory to application","2016","10.1016/j.ymben.2016.09.005","https://openalex.org/W2521505040","10.1002/bit.20803","A-CLOSE-DUP-0209","TITLE_ABSTRACT_EXCLUDED","NO_DIRECT_EXPERIMENTAL_DESIGN_METHOD","LEVEL_3_DISCOVERY_ONLY","","Prospective bounded API result."
"AC0295","OpenAlex forward citations","PHASE2-SEARCH-0060","2026-07-31","Parallel labeling experiments and metabolic flux analysis: Past, present and future methodologies","2012","10.1016/j.ymben.2012.11.010","https://openalex.org/W2012583526","10.1002/bit.20803","A-CLOSE-DUP-0101","DUPLICATE","DUPLICATE_RECORD_RETURNED_EARLIER_IN_CLOSURE_PASS","LEVEL_3_DISCOVERY_ONLY","","Prospective bounded API result."
"AC0296","OpenAlex forward citations","PHASE2-SEARCH-0060","2026-07-31","Systematic identification and elimination of flux bottlenecks in the aldehyde production pathway of Synechococcus elongatus PCC 7942","2020","10.1016/j.ymben.2020.03.007","https://openalex.org/W3014060420","10.1002/bit.20803","A-CLOSE-DUP-0210","TITLE_ABSTRACT_EXCLUDED","NO_DIRECT_EXPERIMENTAL_DESIGN_METHOD","LEVEL_3_DISCOVERY_ONLY","","Prospective bounded API result."
"AC0297","OpenAlex forward citations","PHASE2-SEARCH-0060","2026-07-31","An efficient LC-MS method for isomer separation and detection of sugars, phosphorylated sugars, and organic acids","2021","10.1093/jxb/erac062","https://openalex.org/W4212866473","10.1002/bit.20803","A-CLOSE-DUP-0211","TITLE_ABSTRACT_EXCLUDED","NO_DIRECT_EXPERIMENTAL_DESIGN_METHOD","LEVEL_3_DISCOVERY_ONLY","","Prospective bounded API result."
"AC0298","OpenAlex forward citations","PHASE2-SEARCH-0060","2026-07-31","The l-Lysine Story: From Metabolic Pathways to Industrial Production","2007","10.1007/7171_2006_089","https://openalex.org/W2192454018","10.1002/bit.20803","A-CLOSE-DUP-0212","TITLE_ABSTRACT_EXCLUDED","NO_DIRECT_EXPERIMENTAL_DESIGN_METHOD","LEVEL_3_DISCOVERY_ONLY","","Prospective bounded API result."
"AC0299","OpenAlex forward citations","PHASE2-SEARCH-0060","2026-07-31","Computational tools for isotopically instationary 13C labeling experiments under metabolic steady state conditions","2006","10.1016/j.ymben.2006.05.006","https://openalex.org/W1975870669","10.1002/bit.20803","A-CLOSE-DUP-0042","DUPLICATE","DUPLICATE_RECORD_RETURNED_EARLIER_IN_CLOSURE_PASS","LEVEL_3_DISCOVERY_ONLY","","Prospective bounded API result."
"AC0300","OpenAlex forward citations","PHASE2-SEARCH-0060","2026-07-31","Integration of transcriptomics and metabolomics data specifies the metabolic response of Chlamydomonas to rapamycin treatment","2015","10.1111/tpj.12763","https://openalex.org/W2030497958","10.1002/bit.20803","A-CLOSE-DUP-0213","TITLE_ABSTRACT_EXCLUDED","NO_DIRECT_EXPERIMENTAL_DESIGN_METHOD","LEVEL_3_DISCOVERY_ONLY","","Prospective bounded API result."
"AC0301","OpenAlex forward citations","PHASE2-SEARCH-0060","2026-07-31","A transient isotopic labeling methodology for 13C metabolic flux analysis of photoautotrophic microorganisms","2007","10.1016/j.phytochem.2007.03.042","https://openalex.org/W1966947548","10.1002/bit.20803","A-CLOSE-DUP-0021","DUPLICATE","DUPLICATE_RECORD_RETURNED_EARLIER_IN_CLOSURE_PASS","LEVEL_3_DISCOVERY_ONLY","","Prospective bounded API result."
"AC0302","OpenAlex forward citations","PHASE2-SEARCH-0060","2026-07-31","Systems biology for industrial strains and fermentation processes—Example: Amino acids","2007","10.1016/j.jbiotec.2007.01.031","https://openalex.org/W2049886183","10.1002/bit.20803","A-CLOSE-DUP-0214","TITLE_ABSTRACT_EXCLUDED","NO_DIRECT_EXPERIMENTAL_DESIGN_METHOD","LEVEL_3_DISCOVERY_ONLY","","Prospective bounded API result."
"AC0303","OpenAlex forward citations","PHASE2-SEARCH-0060","2026-07-31","Getting to grips with the plant metabolic network","2007","10.1042/bj20071115","https://openalex.org/W2092531880","10.1002/bit.20803","A-CLOSE-DUP-0215","TITLE_ABSTRACT_EXCLUDED","NO_DIRECT_EXPERIMENTAL_DESIGN_METHOD","LEVEL_3_DISCOVERY_ONLY","","Prospective bounded API result."
"AC0304","OpenAlex forward citations","PHASE2-SEARCH-0060","2026-07-31","Insights into plant metabolic networks from steady-state metabolic flux analysis","2009","10.1016/j.biochi.2009.01.004","https://openalex.org/W1990712597","10.1002/bit.20803","A-CLOSE-DUP-0216","TITLE_ABSTRACT_EXCLUDED","NO_DIRECT_EXPERIMENTAL_DESIGN_METHOD","LEVEL_3_DISCOVERY_ONLY","","Prospective bounded API result."
"AC0305","OpenAlex forward citations","PHASE2-SEARCH-0060","2026-07-31","Glucose-methanol co-utilization in Pichia pastoris studied by metabolomics and instationary 13C flux analysis","2013","10.1186/1752-0509-7-17","https://openalex.org/W2121264002","10.1002/bit.20803","A-CLOSE-DUP-0217","TITLE_ABSTRACT_EXCLUDED","NO_DIRECT_EXPERIMENTAL_DESIGN_METHOD","LEVEL_3_DISCOVERY_ONLY","","Prospective bounded API result."
"AC0306","OpenAlex forward citations","PHASE2-SEARCH-0060","2026-07-31","Optimal tracers for parallel labeling experiments and 13C metabolic flux analysis: A new precision and synergy scoring system","2016","10.1016/j.ymben.2016.06.001","https://openalex.org/W2409209783","10.1002/bit.20803","A-CLOSE-DUP-0098","DUPLICATE","DUPLICATE_RECORD_RETURNED_EARLIER_IN_CLOSURE_PASS","LEVEL_3_DISCOVERY_ONLY","","Prospective bounded API result."
"AC0307","OpenAlex forward citations","PHASE2-SEARCH-0060","2026-07-31","The benefits of being transient: isotope-based metabolic flux analysis at the short time scale","2011","10.1007/s00253-011-3390-4","https://openalex.org/W1965367951","10.1002/bit.20803","A-CLOSE-DUP-0218","TITLE_ABSTRACT_EXCLUDED","NO_DIRECT_EXPERIMENTAL_DESIGN_METHOD","LEVEL_3_DISCOVERY_ONLY","","Prospective bounded API result."
"AC0308","OpenAlex forward citations","PHASE2-SEARCH-0060","2026-07-31","Flux profiling of photosynthetic carbon metabolism in intact plants","2014","10.1038/nprot.2014.115","https://openalex.org/W1966136694","10.1002/bit.20803","A-CLOSE-DUP-0219","TITLE_ABSTRACT_EXCLUDED","NO_DIRECT_EXPERIMENTAL_DESIGN_METHOD","LEVEL_3_DISCOVERY_ONLY","","Prospective bounded API result."
"AC0309","OpenAlex forward citations","PHASE2-SEARCH-0060","2026-07-31","Isotopically nonstationary metabolic flux analysis (INST-MFA): putting theory into practice","2018","10.1016/j.copbio.2018.02.013","https://openalex.org/W2806788718","10.1002/bit.20803","A-CLOSE-DUP-0182","DUPLICATE","DUPLICATE_RECORD_RETURNED_EARLIER_IN_CLOSURE_PASS","LEVEL_3_DISCOVERY_ONLY","","Prospective bounded API result."
"AC0310","OpenAlex forward citations","PHASE2-SEARCH-0060","2026-07-31","Flux quantification in central carbon metabolism of Catharanthus roseus hairy roots by 13C labeling and comprehensive bondomer balancing","2007","10.1016/j.phytochem.2007.04.009","https://openalex.org/W2001449103","10.1002/bit.20803","A-CLOSE-DUP-0220","TITLE_ABSTRACT_EXCLUDED","NO_DIRECT_EXPERIMENTAL_DESIGN_METHOD","LEVEL_3_DISCOVERY_ONLY","","Prospective bounded API result."
"AC0311","OpenAlex forward citations","PHASE2-SEARCH-0060","2026-07-31","Non-stationary 13C metabolic flux analysis of Chinese hamster ovary cells in batch culture using extracellular labeling highlights metabolic reversibility and compartmentation","2014","10.1186/1752-0509-8-50","https://openalex.org/W2127397696","10.1002/bit.20803","A-CLOSE-DUP-0197","DUPLICATE","DUPLICATE_RECORD_RETURNED_EARLIER_IN_CLOSURE_PASS","LEVEL_3_DISCOVERY_ONLY","","Prospective bounded API result."
"AC0312","OpenAlex forward citations","PHASE2-SEARCH-0060","2026-07-31","Stationary versus non-stationary 13C-MFA: A comparison using a consistent dataset","2010","10.1016/j.jbiotec.2010.07.008","https://openalex.org/W2063850761","10.1002/bit.20803","A-CLOSE-DUP-0221","TITLE_ABSTRACT_EXCLUDED","NO_DIRECT_EXPERIMENTAL_DESIGN_METHOD","LEVEL_3_DISCOVERY_ONLY","","Prospective bounded API result."
"AC0313","OpenAlex forward citations","PHASE2-SEARCH-0060","2026-07-31","13C labeling experiments at metabolic nonstationary conditions: An exploratory study","2008","10.1186/1471-2105-9-152","https://openalex.org/W1992812133","10.1002/bit.20803","A-CLOSE-DUP-0188","DUPLICATE","DUPLICATE_RECORD_RETURNED_EARLIER_IN_CLOSURE_PASS","LEVEL_3_DISCOVERY_ONLY","P0046","Prospective bounded API result."
"AC0314","OpenAlex forward citations","PHASE2-SEARCH-0060","2026-07-31","NMR for microbiology: In vivo and in situ applications","2008","10.1016/j.pnmrs.2008.02.001","https://openalex.org/W2026432174","10.1002/bit.20803","A-CLOSE-DUP-0222","TITLE_ABSTRACT_EXCLUDED","NO_DIRECT_EXPERIMENTAL_DESIGN_METHOD","LEVEL_3_DISCOVERY_ONLY","","Prospective bounded API result."
"AC0315","OpenAlex forward citations","PHASE2-SEARCH-0060","2026-07-31","ERROR ANALYSIS AND PROPAGATION IN METABOLOMICS DATA ANALYSIS","2013","10.5936/csbj.201301006","https://openalex.org/W2003535800","10.1002/bit.20803","A-CLOSE-DUP-0223","TITLE_ABSTRACT_EXCLUDED","NO_DIRECT_EXPERIMENTAL_DESIGN_METHOD","LEVEL_3_DISCOVERY_ONLY","","Prospective bounded API result."
"AC0316","OpenAlex forward citations","PHASE2-SEARCH-0060","2026-07-31","Analysis of metabolic flux using dynamic labelling and metabolic modelling","2013","10.1111/pce.12083","https://openalex.org/W2102578493","10.1002/bit.20803","A-CLOSE-DUP-0224","TITLE_ABSTRACT_EXCLUDED","NO_DIRECT_EXPERIMENTAL_DESIGN_METHOD","LEVEL_3_DISCOVERY_ONLY","","Prospective bounded API result."
"AC0317","OpenAlex forward citations","PHASE2-SEARCH-0060","2026-07-31","Eukaryotic metabolism: Measuring compartment fluxes","2011","10.1002/biot.201100032","https://openalex.org/W2067157537","10.1002/bit.20803","A-CLOSE-DUP-0047","DUPLICATE","DUPLICATE_RECORD_RETURNED_EARLIER_IN_CLOSURE_PASS","LEVEL_3_DISCOVERY_ONLY","","Prospective bounded API result."
"AC0318","OpenAlex forward citations","PHASE2-SEARCH-0060","2026-07-31","Decoding the dynamics of cellular metabolism and the action of 3-bromopyruvate and 2-deoxyglucose using pulsed stable isotope-resolved metabolomics","2014","10.1186/2049-3002-2-9","https://openalex.org/W2096221337","10.1002/bit.20803","A-CLOSE-DUP-0225","TITLE_ABSTRACT_EXCLUDED","NO_DIRECT_EXPERIMENTAL_DESIGN_METHOD","LEVEL_3_DISCOVERY_ONLY","","Prospective bounded API result."
"AC0319","OpenAlex forward citations","PHASE2-SEARCH-0060","2026-07-31","Mathematical Modeling: Bridging the Gap between Concept and Realization in Synthetic Biology","2010","10.1155/2010/541609","https://openalex.org/W2118839548","10.1002/bit.20803","A-CLOSE-DUP-0226","TITLE_ABSTRACT_EXCLUDED","NO_DIRECT_EXPERIMENTAL_DESIGN_METHOD","LEVEL_3_DISCOVERY_ONLY","","Prospective bounded API result."
"AC0320","OpenAlex forward citations","PHASE2-SEARCH-0060","2026-07-31","Reverse engineering the cancer metabolic network using flux analysis to understand drivers of human disease","2017","10.1016/j.ymben.2017.11.013","https://openalex.org/W2771916096","10.1002/bit.20803","A-CLOSE-DUP-0227","TITLE_ABSTRACT_EXCLUDED","NO_DIRECT_EXPERIMENTAL_DESIGN_METHOD","LEVEL_3_DISCOVERY_ONLY","","Prospective bounded API result."
"AC0321","OpenAlex forward citations","PHASE2-SEARCH-0060","2026-07-31","Metabolic Flux Analysis—Linking Isotope Labeling and Metabolic Fluxes","2020","10.3390/metabo10110447","https://openalex.org/W3096214969","10.1002/bit.20803","A-CLOSE-DUP-0184","DUPLICATE","DUPLICATE_RECORD_RETURNED_EARLIER_IN_CLOSURE_PASS","LEVEL_3_DISCOVERY_ONLY","","Prospective bounded API result."
"AC0322","OpenAlex forward citations","PHASE2-SEARCH-0060","2026-07-31","Isotopically Nonstationary 13C Metabolic Flux Analysis","2013","10.1007/978-1-62703-299-5_18","https://openalex.org/W79864750","10.1002/bit.20803","A-CLOSE-DUP-0228","TITLE_ABSTRACT_INCLUDED","","LEVEL_2_SUPPORTING","","Prospective bounded API result."
"AC0323","OpenAlex forward citations","PHASE2-SEARCH-0060","2026-07-31","Quantitation of Cellular Metabolic Fluxes of Methionine","2014","10.1021/ac4032093","https://openalex.org/W1992048153","10.1002/bit.20803","A-CLOSE-DUP-0229","TITLE_ABSTRACT_EXCLUDED","NO_DIRECT_EXPERIMENTAL_DESIGN_METHOD","LEVEL_3_DISCOVERY_ONLY","","Prospective bounded API result."
"AC0324","OpenAlex forward citations","PHASE2-SEARCH-0060","2026-07-31","Non‐stationary <sup>13</sup>C‐metabolic flux ratio analysis","2013","10.1002/bit.25004","https://openalex.org/W2169137285","10.1002/bit.20803","A-CLOSE-DUP-0230","TITLE_ABSTRACT_EXCLUDED","NO_DIRECT_EXPERIMENTAL_DESIGN_METHOD","LEVEL_3_DISCOVERY_ONLY","","Prospective bounded API result."
"AC0325","OpenAlex forward citations","PHASE2-SEARCH-0060","2026-07-31","A comprehensive metabolic profile of cultured astrocytes using isotopic transient metabolic flux analysis and 13C-labeled glucose","2011","10.3389/fnene.2011.00005","https://openalex.org/W1985651814","10.1002/bit.20803","A-CLOSE-DUP-0231","TITLE_ABSTRACT_EXCLUDED","NO_DIRECT_EXPERIMENTAL_DESIGN_METHOD","LEVEL_3_DISCOVERY_ONLY","","Prospective bounded API result."
"AC0326","OpenAlex forward citations","PHASE2-SEARCH-0060","2026-07-31","Toward systematic metabolic engineering based on the analysis of metabolic regulation by the integration of different levels of information","2009","10.1016/j.bej.2009.06.006","https://openalex.org/W2088519255","10.1002/bit.20803","A-CLOSE-DUP-0232","TITLE_ABSTRACT_EXCLUDED","NO_DIRECT_EXPERIMENTAL_DESIGN_METHOD","LEVEL_3_DISCOVERY_ONLY","","Prospective bounded API result."
"AC0327","OpenAlex forward citations","PHASE2-SEARCH-0060","2026-07-31","An improved method for extraction of polar and charged metabolites from cyanobacteria","2018","10.1371/journal.pone.0204273","https://openalex.org/W2894642851","10.1002/bit.20803","A-CLOSE-DUP-0233","TITLE_ABSTRACT_EXCLUDED","NO_DIRECT_EXPERIMENTAL_DESIGN_METHOD","LEVEL_3_DISCOVERY_ONLY","","Prospective bounded API result."
"AC0328","OpenAlex forward citations","PHASE2-SEARCH-0060","2026-07-31","Stable isotope-assisted metabolomics to detect metabolic flux changes in mammalian cell cultures","2012","10.1016/j.copbio.2012.10.015","https://openalex.org/W2073425430","10.1002/bit.20803","A-CLOSE-DUP-0234","TITLE_ABSTRACT_EXCLUDED","NO_DIRECT_EXPERIMENTAL_DESIGN_METHOD","LEVEL_3_DISCOVERY_ONLY","","Prospective bounded API result."
"AC0329","OpenAlex forward citations","PHASE2-SEARCH-0060","2026-07-31","From fluxes and isotope labeling patterns towards in silico cells","2010","10.1016/j.copbio.2010.01.014","https://openalex.org/W1975566769","10.1002/bit.20803","A-CLOSE-DUP-0235","TITLE_ABSTRACT_EXCLUDED","NO_DIRECT_EXPERIMENTAL_DESIGN_METHOD","LEVEL_3_DISCOVERY_ONLY","","Prospective bounded API result."
"AC0330","Crossref","PHASE2-SEARCH-0059","2026-07-31","FreeFlux: A Python Package for Time-Efficient Isotopically Nonstationary Metabolic Flux Analysis","","10.1021/acssynbio.3c00265.s001","10.1021/acssynbio.3c00265.s001","","A-CLOSE-DUP-0236","TITLE_ABSTRACT_INCLUDED","","LEVEL_2_SUPPORTING","","Prospective bounded API result."
"AC0331","Crossref","PHASE2-SEARCH-0059","2026-07-31","Systematic comparison of local approaches for isotopically nonstationary metabolic flux analysis","2023","10.3389/fpls.2023.1178239","10.3389/fpls.2023.1178239","","A-CLOSE-DUP-0201","DUPLICATE","DUPLICATE_RECORD_RETURNED_EARLIER_IN_CLOSURE_PASS","LEVEL_3_DISCOVERY_ONLY","","Prospective bounded API result."
"AC0332","Crossref","PHASE2-SEARCH-0059","2026-07-31","Isotopically nonstationary 13C flux analysis of Myc-induced metabolic reprogramming in B-cells","2013","10.1016/j.ymben.2012.07.008","10.1016/j.ymben.2012.07.008","","A-CLOSE-DUP-0138","DUPLICATE","DUPLICATE_RECORD_RETURNED_EARLIER_IN_CLOSURE_PASS","LEVEL_3_DISCOVERY_ONLY","","Prospective bounded API result."
"AC0333","Crossref","PHASE2-SEARCH-0059","2026-07-31","Mapping photoautotrophic metabolism with isotopically nonstationary 13C flux analysis","2011","10.1016/j.ymben.2011.08.002","10.1016/j.ymben.2011.08.002","","A-CLOSE-DUP-0202","DUPLICATE","DUPLICATE_RECORD_RETURNED_EARLIER_IN_CLOSURE_PASS","LEVEL_3_DISCOVERY_ONLY","","Prospective bounded API result."
"AC0334","Crossref","PHASE2-SEARCH-0059","2026-07-31","A simulation-free constrained regression approach for flux estimation in isotopically nonstationary metabolic flux analysis with applications in microalgae","2023","10.3389/fpls.2023.1140829","10.3389/fpls.2023.1140829","","A-CLOSE-DUP-0237","TITLE_ABSTRACT_INCLUDED","","LEVEL_2_SUPPORTING","","Prospective bounded API result."
"AC0335","Crossref","PHASE2-SEARCH-0059","2026-07-31","Isotopically Nonstationary 13C Metabolic Flux Analysis","2013","10.1007/978-1-62703-299-5_18","10.1007/978-1-62703-299-5_18","","A-CLOSE-DUP-0228","DUPLICATE","DUPLICATE_RECORD_RETURNED_EARLIER_IN_CLOSURE_PASS","LEVEL_3_DISCOVERY_ONLY","","Prospective bounded API result."
"AC0336","Crossref","PHASE2-SEARCH-0059","2026-07-31","Isotopically nonstationary 13C flux analysis of cyanobacterial isobutyraldehyde production","2017","10.1016/j.ymben.2017.05.001","10.1016/j.ymben.2017.05.001","","A-CLOSE-DUP-0238","TITLE_ABSTRACT_INCLUDED","","LEVEL_2_SUPPORTING","","Prospective bounded API result."
"AC0337","Crossref","PHASE2-SEARCH-0059","2026-07-31","Isotopically nonstationary 13C metabolic flux analysis in resting and activated human platelets","2022","10.1016/j.ymben.2021.12.007","10.1016/j.ymben.2021.12.007","","A-CLOSE-DUP-0239","TITLE_ABSTRACT_INCLUDED","","LEVEL_2_SUPPORTING","","Prospective bounded API result."
"AC0338","Crossref","PHASE2-SEARCH-0059","2026-07-31","Isotopically nonstationary metabolic flux analysis (INST-MFA): putting theory into practice","2018","10.1016/j.copbio.2018.02.013","10.1016/j.copbio.2018.02.013","","A-CLOSE-DUP-0182","DUPLICATE","DUPLICATE_RECORD_RETURNED_EARLIER_IN_CLOSURE_PASS","LEVEL_3_DISCOVERY_ONLY","","Prospective bounded API result."
"AC0339","Crossref","PHASE2-SEARCH-0059","2026-07-31","Corrigendum to “Mapping photoautotrophic metabolism with isotopically nonstationary 13C flux analysis” [Metab. Eng. 13 (2011) 656–665]","2012","10.1016/j.ymben.2012.01.005","10.1016/j.ymben.2012.01.005","","A-CLOSE-DUP-0240","TITLE_ABSTRACT_INCLUDED","","LEVEL_2_SUPPORTING","","Prospective bounded API result."
"AC0340","Crossref","PHASE2-SEARCH-0059","2026-07-31","Isotopically Nonstationary                   <sup>13</sup>                   C Metabolic Flux Analysis in Resting and Activated Human Platelets","2021","10.1101/2021.05.06.442995","10.1101/2021.05.06.442995","","A-CLOSE-DUP-0241","TITLE_ABSTRACT_INCLUDED","","LEVEL_2_SUPPORTING","","Prospective bounded API result."
"AC0341","Crossref","PHASE2-SEARCH-0059","2026-07-31","FreeFlux: A Python Package for Time-Efficient Isotopically Nonstationary Metabolic Flux Analysis","2023","10.1021/acssynbio.3c00265","10.1021/acssynbio.3c00265","","A-CLOSE-DUP-0195","DUPLICATE","DUPLICATE_RECORD_RETURNED_EARLIER_IN_CLOSURE_PASS","LEVEL_3_DISCOVERY_ONLY","","Prospective bounded API result."
"AC0342","Crossref","PHASE2-SEARCH-0059","2026-07-31","Isotopically nonstationary metabolic flux analysis of plants: recent progress and future opportunities","2024","10.1111/nph.19734","10.1111/nph.19734","","A-CLOSE-DUP-0186","DUPLICATE","DUPLICATE_RECORD_RETURNED_EARLIER_IN_CLOSURE_PASS","LEVEL_3_DISCOVERY_ONLY","","Prospective bounded API result."
"AC0343","Crossref","PHASE2-SEARCH-0059","2026-07-31","OpenMebius: An Open Source Software for Isotopically Nonstationary<sup>13</sup>C-Based Metabolic Flux Analysis","2014","10.1155/2014/627014","10.1155/2014/627014","","A-CLOSE-DUP-0181","DUPLICATE","DUPLICATE_RECORD_RETURNED_EARLIER_IN_CLOSURE_PASS","LEVEL_3_DISCOVERY_ONLY","","Prospective bounded API result."
"AC0344","Crossref","PHASE2-SEARCH-0059","2026-07-31","Isotopically Nonstationary MFA (INST-MFA) of Autotrophic Metabolism","2013","10.1007/978-1-62703-688-7_12","10.1007/978-1-62703-688-7_12","","A-CLOSE-DUP-0242","TITLE_ABSTRACT_INCLUDED","","LEVEL_2_SUPPORTING","","Prospective bounded API result."
"AC0345","Crossref","PHASE2-SEARCH-0059","2026-07-31","Isotopically Nonstationary Metabolic Flux Analysis (INST-MFA) of Photosynthesis and Photorespiration in Plants","2017","10.1007/978-1-4939-7225-8_12","10.1007/978-1-4939-7225-8_12","","A-CLOSE-DUP-0243","TITLE_ABSTRACT_INCLUDED","","LEVEL_2_SUPPORTING","","Prospective bounded API result."
"AC0346","Crossref","PHASE2-SEARCH-0059","2026-07-31","Pool size measurements improve precision of flux estimates but increase sensitivity to unmodeled reactions outside the core network in isotopically nonstationary metabolic flux analysis (INST‐MFA)","2022","10.1002/biot.202000427","10.1002/biot.202000427","","A-CLOSE-DUP-0244","TITLE_ABSTRACT_INCLUDED","","LEVEL_2_SUPPORTING","","Prospective bounded API result."
"AC0347","Crossref","PHASE2-SEARCH-0059","2026-07-31","The next phase in the development of 13C isotopically non-stationary metabolic flux analysis","2021","10.1093/jxb/erab292","10.1093/jxb/erab292","","A-CLOSE-DUP-0245","TITLE_ABSTRACT_EXCLUDED","NO_DIRECT_EXPERIMENTAL_DESIGN_METHOD","LEVEL_3_DISCOVERY_ONLY","","Prospective bounded API result."
"AC0348","Crossref","PHASE2-SEARCH-0059","2026-07-31","3D TOCSY-HSQC NMR for Metabolic Flux Analysis Using Non-Uniform Sampling","","10.1021/acs.analchem.5b04535.s001","10.1021/acs.analchem.5b04535.s001","","A-CLOSE-DUP-0246","TITLE_ABSTRACT_EXCLUDED","NO_DIRECT_EXPERIMENTAL_DESIGN_METHOD","LEVEL_3_DISCOVERY_ONLY","","Prospective bounded API result."
"AC0349","Crossref","PHASE2-SEARCH-0059","2026-07-31","INCA: a computational platform for isotopically non-stationary metabolic flux analysis","2014","10.1093/bioinformatics/btu015","10.1093/bioinformatics/btu015","","A-CLOSE-DUP-0178","DUPLICATE","DUPLICATE_RECORD_RETURNED_EARLIER_IN_CLOSURE_PASS","LEVEL_3_DISCOVERY_ONLY","","Prospective bounded API result."
"AC0350","Crossref","PHASE2-SEARCH-0059","2026-07-31","Deciphering cyanobacterial phenotypes for fast photoautotrophic growth via isotopically nonstationary metabolic flux analysis","2017","10.1186/s13068-017-0958-y","10.1186/s13068-017-0958-y","","A-CLOSE-DUP-0247","TITLE_ABSTRACT_INCLUDED","","LEVEL_2_SUPPORTING","","Prospective bounded API result."
"AC0351","Crossref","PHASE2-SEARCH-0059","2026-07-31","Modeling and Experimental Design for Metabolic Flux Analysis of Lysine-Producing Corynebacteria by Mass Spectrometry","2001","10.1006/mben.2000.0178","10.1006/mben.2000.0178","","A-CLOSE-DUP-0141","DUPLICATE","DUPLICATE_RECORD_RETURNED_EARLIER_IN_CLOSURE_PASS","LEVEL_3_DISCOVERY_ONLY","","Prospective bounded API result."
"AC0352","Crossref","PHASE2-SEARCH-0059","2026-07-31","CFSA: Comparative flux sampling analysis as a guide for strain design","2024","10.1016/j.mec.2024.e00244","10.1016/j.mec.2024.e00244","","A-CLOSE-DUP-0248","TITLE_ABSTRACT_EXCLUDED","NO_DIRECT_EXPERIMENTAL_DESIGN_METHOD","LEVEL_3_DISCOVERY_ONLY","","Prospective bounded API result."
"AC0353","Crossref","PHASE2-SEARCH-0059","2026-07-31","An elementary metabolite unit (EMU) based method of isotopically nonstationary flux analysis","2007","10.1002/bit.21632","10.1002/bit.21632","","A-CLOSE-DUP-0028","DUPLICATE","DUPLICATE_RECORD_RETURNED_EARLIER_IN_CLOSURE_PASS","LEVEL_3_DISCOVERY_ONLY","","Prospective bounded API result."
"AC0354","Crossref","PHASE2-SEARCH-0059","2026-07-31","Isotopically non-stationary metabolic flux analysis: complex yet highly informative","2013","10.1016/j.copbio.2013.03.024","10.1016/j.copbio.2013.03.024","","A-CLOSE-DUP-0206","DUPLICATE","DUPLICATE_RECORD_RETURNED_EARLIER_IN_CLOSURE_PASS","LEVEL_3_DISCOVERY_ONLY","","Prospective bounded API result."
