search_source,historical_discovery_provenance_state,historical_query_ids,repair_retrieval_provenance_state,repair_query_ids,repair_rerun_date,provenance_notes,date,title,authors,year,doi_or_identifier,duplicate_group,screening_state,original_eligibility_disposition,exclusion_reason,final_paper_id
"PubMed","HISTORICAL_PROVENANCE_UNRECOVERABLE","","EXACT_REPAIR_RERUN_MATCH","REPAIR-SEARCH-0003","2026-07-30","Matched by a 2026-07-30 repair rerun; original record-level discovery query was not preserved.","2026-07-30","Determination of full 13C isotopomer distributions for metabolic flux analysis using heteronuclear spin echo difference NMR spectroscopy.","de Graaf AA; Mahle M; Möllney M; Wiechert W; Stahmann P; Sahm H","2000","10.1016/s0168-1656(99)00205-9","D-10674212","SCREENED_DECISION_UNRECOVERABLE","unrecoverable","NA",""
"PubMed","HISTORICAL_PROVENANCE_UNRECOVERABLE","","EXACT_REPAIR_RERUN_MATCH","REPAIR-SEARCH-0004","2026-07-30","Matched by a 2026-07-30 repair rerun; original record-level discovery query was not preserved.","2026-07-30","Isotopomer analysis using GC-MS.","Christensen B; Nielsen J","1999","10.1006/mben.1999.0117","D-10937821","SCREENED_DECISION_UNRECOVERABLE","unrecoverable","NA",""
"PubMed","HISTORICAL_PROVENANCE_UNRECOVERABLE","","EXACT_REPAIR_RERUN_MATCH","REPAIR-SEARCH-0002","2026-07-30","Matched by a 2026-07-30 repair rerun; original record-level discovery query was not preserved.","2026-07-30","Cumulative bondomers: a new concept in flux analysis from 2D [13C,1H] COSY NMR data.","van Winden WA; Heijnen JJ; Verheijen PJ","2002","10.1002/bit.10429","D-12402319","SCREENED_DECISION_UNRECOVERABLE","unrecoverable","NA",""
"PubMed","HISTORICAL_PROVENANCE_UNRECOVERABLE","","EXACT_REPAIR_RERUN_MATCH","REPAIR-SEARCH-0001;REPAIR-SEARCH-0003","2026-07-30","Matched by a 2026-07-30 repair rerun; original record-level discovery query was not preserved.","2026-07-30","Genealogy profiling through strain improvement by using metabolic network analysis: metabolic flux genealogy of several generations of lysine-producing corynebacteria.","Wittmann C; Heinzle E","2002","10.1128/aem.68.12.5843-5859.2002","D-12450803","SCREENED_DECISION_UNRECOVERABLE","unrecoverable","NA",""
"PubMed","HISTORICAL_PROVENANCE_UNRECOVERABLE","","EXACT_REPAIR_RERUN_MATCH","REPAIR-SEARCH-0002","2026-07-30","Matched by a 2026-07-30 repair rerun; original record-level discovery query was not preserved.","2026-07-30","Metabolic isotopomer labeling systems. Part II: structural flux identifiability analysis.","Isermann N; Wiechert W","2003","10.1016/s0025-5564(02)00222-5","D-12711410","RETAINED","retained","NA","P0018"
"PubMed","HISTORICAL_PROVENANCE_UNRECOVERABLE","","EXACT_REPAIR_RERUN_MATCH","REPAIR-SEARCH-0003","2026-07-30","Matched by a 2026-07-30 repair rerun; original record-level discovery query was not preserved.","2026-07-30","A metabolic network analysis & NMR experiment design tool with user interface-driven model construction for depth-first search analysis.","Zhu T; Phalakornkule C; Ghosh S; Grossmann IE; Koepsel RR; Ataai MM; Domach MM","2003","10.1016/s1096-7176(03)00023-5","D-12850130","SCREENED_DECISION_UNRECOVERABLE","unrecoverable","NA",""
"PubMed","HISTORICAL_PROVENANCE_UNRECOVERABLE","","EXACT_REPAIR_RERUN_MATCH","REPAIR-SEARCH-0002","2026-07-30","Matched by a 2026-07-30 repair rerun; original record-level discovery query was not preserved.","2026-07-30","An improved method for statistical analysis of metabolic flux analysis using isotopomer mapping matrices with analytical expressions.","Araúzo-Bravo MJ; Shimizu K","2003","10.1016/s0168-1656(03)00169-x","D-14511915","SCREENED_DECISION_UNRECOVERABLE","unrecoverable","NA",""
"PubMed","HISTORICAL_PROVENANCE_UNRECOVERABLE","","EXACT_REPAIR_RERUN_MATCH","REPAIR-SEARCH-0004","2026-07-30","Matched by a 2026-07-30 repair rerun; original record-level discovery query was not preserved.","2026-07-30","High-throughput metabolic flux analysis based on gas chromatography-mass spectrometry derived 13C constraints.","Fischer E; Zamboni N; Sauer U","2004","10.1016/j.ab.2003.10.036","D-14751266","SCREENED_DECISION_UNRECOVERABLE","unrecoverable","NA",""
"PubMed","HISTORICAL_PROVENANCE_UNRECOVERABLE","","EXACT_REPAIR_RERUN_MATCH","REPAIR-SEARCH-0002","2026-07-30","Matched by a 2026-07-30 repair rerun; original record-level discovery query was not preserved.","2026-07-30","Improvements in metabolic flux analysis using carbon bond labeling experiments: bondomer balancing and Boolean function mapping.","Sriram G; Shanks JV","2004","10.1016/j.ymben.2004.02.003","D-15113565","SCREENED_DECISION_UNRECOVERABLE","unrecoverable","NA",""
"PubMed","HISTORICAL_PROVENANCE_UNRECOVERABLE","","EXACT_REPAIR_RERUN_MATCH","REPAIR-SEARCH-0003","2026-07-30","Matched by a 2026-07-30 repair rerun; original record-level discovery query was not preserved.","2026-07-30","Brain energy metabolism in a sub-acute rat model of manganese neurotoxicity: an ex vivo nuclear magnetic resonance study using [1-13C]glucose.","Zwingmann C; Leibfritz D; Hazell AS","2004","10.1016/j.neuro.2003.08.002","D-15183011","SCREENED_DECISION_UNRECOVERABLE","unrecoverable","NA",""
"PubMed","HISTORICAL_PROVENANCE_UNRECOVERABLE","","EXACT_REPAIR_RERUN_MATCH","REPAIR-SEARCH-0004","2026-07-30","Matched by a 2026-07-30 repair rerun; original record-level discovery query was not preserved.","2026-07-30","Large-scale 13C-flux analysis reveals mechanistic principles of metabolic network robustness to null mutations in yeast.","Blank LM; Kuepfer L; Sauer U","2005","10.1186/gb-2005-6-6-r49","D-15960801","SCREENED_DECISION_UNRECOVERABLE","unrecoverable","NA",""
"PubMed","HISTORICAL_PROVENANCE_UNRECOVERABLE","","EXACT_REPAIR_RERUN_MATCH","REPAIR-SEARCH-0002","2026-07-30","Matched by a 2026-07-30 repair rerun; original record-level discovery query was not preserved.","2026-07-30","Experimental design principles for isotopically instationary 13C labeling experiments.","Nöh K; Wiechert W","2006","10.1002/bit.20803","D-16598793","SCREENED_DECISION_UNRECOVERABLE","unrecoverable","NA",""
"PubMed","HISTORICAL_PROVENANCE_UNRECOVERABLE","","EXACT_REPAIR_RERUN_MATCH","REPAIR-SEARCH-0002","2026-07-30","Matched by a 2026-07-30 repair rerun; original record-level discovery query was not preserved.","2026-07-30","Determination of confidence intervals of metabolic fluxes estimated from stable isotope measurements.","Antoniewicz MR; Kelleher JK; Stephanopoulos G","2006","10.1016/j.ymben.2006.01.004","D-16631402","RETAINED","retained","NA","P0003"
"PubMed","HISTORICAL_PROVENANCE_UNRECOVERABLE","","EXACT_REPAIR_RERUN_MATCH","REPAIR-SEARCH-0002","2026-07-30","Matched by a 2026-07-30 repair rerun; original record-level discovery query was not preserved.","2026-07-30","13C-labeled gluconate tracing as a direct and accurate method for determining the pentose phosphate pathway split ratio in Penicillium chrysogenum.","Kleijn RJ; van Winden WA; Ras C; van Gulik WM; Schipper D; Heijnen JJ","2006","10.1128/aem.02955-05","D-16820467","SCREENED_DECISION_UNRECOVERABLE","unrecoverable","NA",""
"PubMed","HISTORICAL_PROVENANCE_UNRECOVERABLE","","EXACT_REPAIR_RERUN_MATCH","REPAIR-SEARCH-0002","2026-07-30","Matched by a 2026-07-30 repair rerun; original record-level discovery query was not preserved.","2026-07-30","Computational tools for isotopically instationary 13C labeling experiments under metabolic steady state conditions.","Nöh K; Wahl A; Wiechert W","2006","10.1016/j.ymben.2006.05.006","D-16890470","SCREENED_DECISION_UNRECOVERABLE","unrecoverable","NA",""
"PubMed","HISTORICAL_PROVENANCE_UNRECOVERABLE","","EXACT_REPAIR_RERUN_MATCH","REPAIR-SEARCH-0004","2026-07-30","Matched by a 2026-07-30 repair rerun; original record-level discovery query was not preserved.","2026-07-30","Shewanella oneidensis MR-1 fluxome under various oxygen conditions.","Tang YJ; Hwang JS; Wemmer DE; Keasling JD","2007","10.1128/aem.01532-06","D-17098921","SCREENED_DECISION_UNRECOVERABLE","unrecoverable","NA",""
"PubMed","HISTORICAL_PROVENANCE_UNRECOVERABLE","","EXACT_REPAIR_RERUN_MATCH","REPAIR-SEARCH-0002;REPAIR-SEARCH-0006","2026-07-30","Matched by a 2026-07-30 repair rerun; original record-level discovery query was not preserved.","2026-07-30","Metabolic flux analysis at ultra short time scale: isotopically non-stationary 13C labeling experiments.","Nöh K; Grönke K; Luo B; Takors R; Oldiges M; Wiechert W","2007","10.1016/j.jbiotec.2006.11.015","D-17207877","RETAINED","retained","NA","P0012"
"PubMed","HISTORICAL_PROVENANCE_UNRECOVERABLE","","EXACT_REPAIR_RERUN_MATCH","REPAIR-SEARCH-0006","2026-07-30","Matched by a 2026-07-30 repair rerun; original record-level discovery query was not preserved.","2026-07-30","Metabolic flux analysis in a nonstationary system: fed-batch fermentation of a high yielding strain of E. coli producing 1,3-propanediol.","Antoniewicz MR; Kraynie DF; Laffend LA; González-Lergier J; Kelleher JK; Stephanopoulos G","2007","10.1016/j.ymben.2007.01.003","D-17400499","SCREENED_DECISION_UNRECOVERABLE","unrecoverable","NA",""
"PubMed","HISTORICAL_PROVENANCE_UNRECOVERABLE","","EXACT_REPAIR_RERUN_MATCH","REPAIR-SEARCH-0006","2026-07-30","Matched by a 2026-07-30 repair rerun; original record-level discovery query was not preserved.","2026-07-30","An elementary metabolite unit (EMU) based method of isotopically nonstationary flux analysis.","Young JD; Walther JL; Antoniewicz MR; Yoo H; Stephanopoulos G","2008","10.1002/bit.21632","D-17787013","RETAINED","retained","NA","P0013"
"PubMed","HISTORICAL_PROVENANCE_UNRECOVERABLE","","EXACT_REPAIR_RERUN_MATCH","REPAIR-SEARCH-0004","2026-07-30","Matched by a 2026-07-30 repair rerun; original record-level discovery query was not preserved.","2026-07-30","Combining metabolic flux analysis tools and 13C NMR to estimate intracellular fluxes of cultured astrocytes.","Teixeira AP; Santos SS; Carinhas N; Oliveira R; Alves PM","2008","10.1016/j.neuint.2007.08.007","D-17904693","SCREENED_DECISION_UNRECOVERABLE","unrecoverable","NA",""
"PubMed","HISTORICAL_PROVENANCE_UNRECOVERABLE","","EXACT_REPAIR_RERUN_MATCH","REPAIR-SEARCH-0003","2026-07-30","Matched by a 2026-07-30 repair rerun; original record-level discovery query was not preserved.","2026-07-30","Hyperpolarized 13C allows a direct measure of flux through a single enzyme-catalyzed step by NMR.","Merritt ME; Harrison C; Storey C; Jeffrey FM; Sherry AD; Malloy CR","2007","10.1073/pnas.0706235104","D-18056642","SCREENED_DECISION_UNRECOVERABLE","unrecoverable","NA",""
"PubMed","HISTORICAL_PROVENANCE_UNRECOVERABLE","","EXACT_REPAIR_RERUN_MATCH","REPAIR-SEARCH-0006","2026-07-30","Matched by a 2026-07-30 repair rerun; original record-level discovery query was not preserved.","2026-07-30","13C labeling experiments at metabolic nonstationary conditions: an exploratory study.","Wahl SA; Nöh K; Wiechert W","2008","10.1186/1471-2105-9-152","D-18366666","SCREENED_DECISION_UNRECOVERABLE","unrecoverable","NA",""
"PubMed","HISTORICAL_PROVENANCE_UNRECOVERABLE","","EXACT_REPAIR_RERUN_MATCH","REPAIR-SEARCH-0004","2026-07-30","Matched by a 2026-07-30 repair rerun; original record-level discovery query was not preserved.","2026-07-30","Hybrid optimization for 13C metabolic flux analysis using systems parametrized by compactification.","Yang TH; Frick O; Heinzle E","2008","10.1186/1752-0509-2-29","D-18366780","SCREENED_DECISION_UNRECOVERABLE","unrecoverable","NA",""
"PubMed","HISTORICAL_PROVENANCE_UNRECOVERABLE","","EXACT_REPAIR_RERUN_MATCH","REPAIR-SEARCH-0006","2026-07-30","Matched by a 2026-07-30 repair rerun; original record-level discovery query was not preserved.","2026-07-30","Isotopic non-stationary 13C gluconate tracer method for accurate determination of the pentose phosphate pathway split-ratio in Penicillium chrysogenum.","Zhao Z; Kuijvenhoven K; Ras C; van Gulik WM; Heijnen JJ; Verheijen PJ; van Winden WA","2008","10.1016/j.ymben.2008.04.003","D-18555197","SCREENED_DECISION_UNRECOVERABLE","unrecoverable","NA",""
"PubMed","HISTORICAL_PROVENANCE_UNRECOVERABLE","","EXACT_REPAIR_RERUN_MATCH","REPAIR-SEARCH-0004","2026-07-30","Matched by a 2026-07-30 repair rerun; original record-level discovery query was not preserved.","2026-07-30","Metabolic flux analysis of Shewanella spp. reveals evolutionary robustness in central carbon metabolism.","Tang YJ; Martin HG; Dehal PS; Deutschbauer A; Llora X; Meadows A; Arkin A; Keasling JD","2009","10.1002/bit.22129","D-19031428","SCREENED_DECISION_UNRECOVERABLE","unrecoverable","NA",""
"PubMed","HISTORICAL_PROVENANCE_UNRECOVERABLE","","EXACT_REPAIR_RERUN_MATCH","REPAIR-SEARCH-0002","2026-07-30","Matched by a 2026-07-30 repair rerun; original record-level discovery query was not preserved.","2026-07-30","Evaluation of 13C isotopic tracers for metabolic flux analysis in mammalian cells.","Metallo CM; Walther JL; Stephanopoulos G","2009","10.1016/j.jbiotec.2009.07.010","D-19622376","SCREENED_DECISION_UNRECOVERABLE","unrecoverable","NA",""
"PubMed","HISTORICAL_PROVENANCE_UNRECOVERABLE","","EXACT_REPAIR_RERUN_MATCH","REPAIR-SEARCH-0006","2026-07-30","Matched by a 2026-07-30 repair rerun; original record-level discovery query was not preserved.","2026-07-30","Stationary versus non-stationary (13)C-MFA: a comparison using a consistent dataset.","Noack S; Nöh K; Moch M; Oldiges M; Wiechert W","2011","10.1016/j.jbiotec.2010.07.008","D-20638432","RETAINED","retained","NA","P0017"
"PubMed","HISTORICAL_PROVENANCE_UNRECOVERABLE","","EXACT_REPAIR_RERUN_MATCH","REPAIR-SEARCH-0006","2026-07-30","Matched by a 2026-07-30 repair rerun; original record-level discovery query was not preserved.","2026-07-30","13C-metabolic flux analysis for batch culture of Escherichia coli and its Pyk and Pgi gene knockout mutants based on mass isotopomer distribution of intracellular metabolites.","Toya Y; Ishii N; Nakahigashi K; Hirasawa T; Soga T; Tomita M; Shimizu K","2010","10.1002/btpr.420","D-20730757","SCREENED_DECISION_UNRECOVERABLE","unrecoverable","NA",""
"PubMed","HISTORICAL_PROVENANCE_UNRECOVERABLE","","EXACT_REPAIR_RERUN_MATCH","REPAIR-SEARCH-0004","2026-07-30","Matched by a 2026-07-30 repair rerun; original record-level discovery query was not preserved.","2026-07-30","Bridging the gap between fluxomics and industrial biotechnology.","Feng X; Page L; Rubens J; Chircus L; Colletti P; Pakrasi HB; Tang YJ","2010","10.1155/2010/460717","D-21274256","SCREENED_DECISION_UNRECOVERABLE","unrecoverable","NA",""
"PubMed","HISTORICAL_PROVENANCE_UNRECOVERABLE","","EXACT_REPAIR_RERUN_MATCH","REPAIR-SEARCH-0003","2026-07-30","Matched by a 2026-07-30 repair rerun; original record-level discovery query was not preserved.","2026-07-30","Computational analysis of storage synthesis in developing Brassica napus L. (oilseed rape) embryos: flux variability analysis in relation to ¹³C metabolic flux analysis.","Hay J; Schwender J","2011","10.1111/j.1365-313x.2011.04611.x","D-21501261","SCREENED_DECISION_UNRECOVERABLE","unrecoverable","NA",""
"PubMed","HISTORICAL_PROVENANCE_UNRECOVERABLE","","EXACT_REPAIR_RERUN_MATCH","REPAIR-SEARCH-0003;REPAIR-SEARCH-0004;REPAIR-SEARCH-0005","2026-07-30","Matched by a 2026-07-30 repair rerun; original record-level discovery query was not preserved.","2026-07-30","A novel deconvolution method for modeling UDP-N-acetyl-D-glucosamine biosynthetic pathways based on (13)C mass isotopologue profiles under non-steady-state conditions.","Moseley HN; Lane AN; Belshoff AC; Higashi RM; Fan TW","2011","10.1186/1741-7007-9-37","D-21627825","SCREENED_DECISION_UNRECOVERABLE","unrecoverable","NA",""
"PubMed","HISTORICAL_PROVENANCE_UNRECOVERABLE","","EXACT_REPAIR_RERUN_MATCH","REPAIR-SEARCH-0006","2026-07-30","Matched by a 2026-07-30 repair rerun; original record-level discovery query was not preserved.","2026-07-30","The benefits of being transient: isotope-based metabolic flux analysis at the short time scale.","Nöh K; Wiechert W","2011","10.1007/s00253-011-3390-4","D-21732247","SCREENED_DECISION_UNRECOVERABLE","unrecoverable","NA",""
"PubMed","HISTORICAL_PROVENANCE_UNRECOVERABLE","","EXACT_REPAIR_RERUN_MATCH","REPAIR-SEARCH-0005","2026-07-30","Matched by a 2026-07-30 repair rerun; original record-level discovery query was not preserved.","2026-07-30","¹³C metabolic flux analysis identifies an unusual route for pyruvate dissimilation in mycobacteria which requires isocitrate lyase and carbon dioxide fixation.","Beste DJ; Bonde B; Hawkins N; Ward JL; Beale MH; Noack S; Nöh K; Kruger NJ; Ratcliffe RG; McFadden J","2011","10.1371/journal.ppat.1002091","D-21814509","SCREENED_DECISION_UNRECOVERABLE","unrecoverable","NA",""
"PubMed","HISTORICAL_PROVENANCE_UNRECOVERABLE","","EXACT_REPAIR_RERUN_MATCH","REPAIR-SEARCH-0006","2026-07-30","Matched by a 2026-07-30 repair rerun; original record-level discovery query was not preserved.","2026-07-30","Metabolic flux analysis of CHO cells at growth and non-growth phases using isotopic tracers and mass spectrometry.","Ahn WS; Antoniewicz MR","2011","10.1016/j.ymben.2011.07.002","D-21821143","SCREENED_DECISION_UNRECOVERABLE","unrecoverable","NA",""
"PubMed","HISTORICAL_PROVENANCE_UNRECOVERABLE","","EXACT_REPAIR_RERUN_MATCH","REPAIR-SEARCH-0004","2026-07-30","Matched by a 2026-07-30 repair rerun; original record-level discovery query was not preserved.","2026-07-30","Rearrangement of energetic and substrate utilization networks compensate for chronic myocardial creatine kinase deficiency.","Dzeja PP; Hoyer K; Tian R; Zhang S; Nemutlu E; Spindler M; Ingwall JS","2011","10.1113/jphysiol.2011.212829","D-21878522","SCREENED_DECISION_UNRECOVERABLE","unrecoverable","NA",""
"PubMed","HISTORICAL_PROVENANCE_UNRECOVERABLE","","EXACT_REPAIR_RERUN_MATCH","REPAIR-SEARCH-0006","2026-07-30","Matched by a 2026-07-30 repair rerun; original record-level discovery query was not preserved.","2026-07-30","Mapping photoautotrophic metabolism with isotopically nonstationary (13)C flux analysis.","Young JD; Shastri AA; Stephanopoulos G; Morgan JA","2011","10.1016/j.ymben.2011.08.002","D-21907300","RETAINED","retained","NA","P0014"
"PubMed","HISTORICAL_PROVENANCE_UNRECOVERABLE","","EXACT_REPAIR_RERUN_MATCH","REPAIR-SEARCH-0003","2026-07-30","Matched by a 2026-07-30 repair rerun; original record-level discovery query was not preserved.","2026-07-30","Integration of in vivo and in silico metabolic fluxes for improvement of recombinant protein production.","Driouch H; Melzer G; Wittmann C","2012","10.1016/j.ymben.2011.11.002","D-22115737","SCREENED_DECISION_UNRECOVERABLE","unrecoverable","NA",""
"PubMed","HISTORICAL_PROVENANCE_UNRECOVERABLE","","EXACT_REPAIR_RERUN_MATCH","REPAIR-SEARCH-0004","2026-07-30","Matched by a 2026-07-30 repair rerun; original record-level discovery query was not preserved.","2026-07-30","Strategies for investigating the plant metabolic network with steady-state metabolic flux analysis: lessons from an Arabidopsis cell culture and other systems.","Kruger NJ; Masakapalli SK; Ratcliffe RG","2012","10.1093/jxb/err382","D-22140245","SCREENED_DECISION_UNRECOVERABLE","unrecoverable","NA",""
"PubMed","HISTORICAL_PROVENANCE_UNRECOVERABLE","","EXACT_REPAIR_RERUN_MATCH","REPAIR-SEARCH-0004","2026-07-30","Matched by a 2026-07-30 repair rerun; original record-level discovery query was not preserved.","2026-07-30","Characterization of central carbon metabolism of Streptococcus pneumoniae by isotopologue profiling.","Härtel T; Eylert E; Schulz C; Petruschka L; Gierok P; Grubmüller S; Lalk M; Eisenreich W; Hammerschmidt S","2012","10.1074/jbc.m111.304311","D-22167202","SCREENED_DECISION_UNRECOVERABLE","unrecoverable","NA",""
"PubMed","HISTORICAL_PROVENANCE_UNRECOVERABLE","","EXACT_REPAIR_RERUN_MATCH","REPAIR-SEARCH-0002;REPAIR-SEARCH-0004","2026-07-30","Matched by a 2026-07-30 repair rerun; original record-level discovery query was not preserved.","2026-07-30","Optimization of 13C isotopic tracers for metabolic flux analysis in mammalian cells.","Walther JL; Metallo CM; Zhang J; Stephanopoulos G","2012","10.1016/j.ymben.2011.12.004","D-22198197","RETAINED","retained","NA","P0007"
"PubMed","HISTORICAL_PROVENANCE_UNRECOVERABLE","","EXACT_REPAIR_RERUN_MATCH","REPAIR-SEARCH-0001;REPAIR-SEARCH-0003","2026-07-30","Matched by a 2026-07-30 repair rerun; original record-level discovery query was not preserved.","2026-07-30","Selection of tracers for 13C-metabolic flux analysis using elementary metabolite units (EMU) basis vector methodology.","Crown SB; Antoniewicz MR","2012","10.1016/j.ymben.2011.12.005","D-22209989","RETAINED","retained","NA","P0005"
"PubMed","HISTORICAL_PROVENANCE_UNRECOVERABLE","","EXACT_REPAIR_RERUN_MATCH","REPAIR-SEARCH-0006","2026-07-30","Matched by a 2026-07-30 repair rerun; original record-level discovery query was not preserved.","2026-07-30","Metabolic cartography: experimental quantification of metabolic fluxes from isotopic labelling studies.","O'Grady J; Schwender J; Shachar-Hill Y; Morgan JA","2012","10.1093/jxb/ers032","D-22371075","SCREENED_DECISION_UNRECOVERABLE","unrecoverable","NA",""
"PubMed","HISTORICAL_PROVENANCE_UNRECOVERABLE","","EXACT_REPAIR_RERUN_MATCH","REPAIR-SEARCH-0001;REPAIR-SEARCH-0003","2026-07-30","Matched by a 2026-07-30 repair rerun; original record-level discovery query was not preserved.","2026-07-30","Rational design of ¹³C-labeling experiments for metabolic flux analysis in mammalian cells.","Crown SB; Ahn WS; Antoniewicz MR","2012","10.1186/1752-0509-6-43","D-22591686","RETAINED","retained","NA","P0006"
"PubMed","HISTORICAL_PROVENANCE_UNRECOVERABLE","","EXACT_REPAIR_RERUN_MATCH","REPAIR-SEARCH-0006","2026-07-30","Matched by a 2026-07-30 repair rerun; original record-level discovery query was not preserved.","2026-07-30","Photobioreactor design for isotopic non-stationary 13C-metabolic flux analysis (INST 13C-MFA) under photoautotrophic conditions.","Martzolff A; Cahoreau E; Cogne G; Peyriga L; Portais JC; Dechandol E; Le Grand F; Massou S; Gonçalves O; Pruvost J; Legrand J","2012","10.1002/bit.24575","D-22688667","SCREENED_DECISION_UNRECOVERABLE","unrecoverable","NA",""
"PubMed","HISTORICAL_PROVENANCE_UNRECOVERABLE","","EXACT_REPAIR_RERUN_MATCH","REPAIR-SEARCH-0003","2026-07-30","Matched by a 2026-07-30 repair rerun; original record-level discovery query was not preserved.","2026-07-30","Parallel labeling experiments with [U-13C]glucose validate E. coli metabolic network model for 13C metabolic flux analysis.","Leighty RW; Antoniewicz MR","2012","10.1016/j.ymben.2012.06.003","D-22771935","SCREENED_DECISION_UNRECOVERABLE","unrecoverable","NA",""
"PubMed","HISTORICAL_PROVENANCE_UNRECOVERABLE","","EXACT_REPAIR_RERUN_MATCH","REPAIR-SEARCH-0004","2026-07-30","Matched by a 2026-07-30 repair rerun; original record-level discovery query was not preserved.","2026-07-30","Central energy metabolism remains robust in acute steatotic hepatocytes challenged by a high free fatty acid load.","Niklas J; Bonin A; Mangin S; Bucher J; Kopacz S; Matz-Soja M; Thiel C; Gebhardt R; Hofmann U; Mauch K","2012","10.5483/bmbrep.2012.45.7.070","D-22831974","SCREENED_DECISION_UNRECOVERABLE","unrecoverable","NA",""
"PubMed","HISTORICAL_PROVENANCE_UNRECOVERABLE","","EXACT_REPAIR_RERUN_MATCH","REPAIR-SEARCH-0004","2026-07-30","Matched by a 2026-07-30 repair rerun; original record-level discovery query was not preserved.","2026-07-30","Which prior knowledge? Quantification of in vivo brain 13C MR spectra following 13C glucose infusion using AMARES.","Lanz B; Duarte JM; Kunz N; Mlynárik V; Gruetter R; Cudalbu C","2013","10.1002/mrm.24406","D-22886985","SCREENED_DECISION_UNRECOVERABLE","unrecoverable","NA",""
"PubMed","HISTORICAL_PROVENANCE_UNRECOVERABLE","","EXACT_REPAIR_RERUN_MATCH","REPAIR-SEARCH-0006","2026-07-30","Matched by a 2026-07-30 repair rerun; original record-level discovery query was not preserved.","2026-07-30","Isotopically nonstationary 13C flux analysis of Myc-induced metabolic reprogramming in B-cells.","Murphy TA; Dang CV; Young JD","2013","10.1016/j.ymben.2012.07.008","D-22898717","SCREENED_DECISION_UNRECOVERABLE","unrecoverable","NA",""
"PubMed","HISTORICAL_PROVENANCE_UNRECOVERABLE","","EXACT_REPAIR_RERUN_MATCH","REPAIR-SEARCH-0006","2026-07-30","Matched by a 2026-07-30 repair rerun; original record-level discovery query was not preserved.","2026-07-30","Substrate cycles in Penicillium chrysogenum quantified by isotopic non-stationary flux analysis.","Zhao Z; Ten Pierick A; de Jonge L; Heijnen JJ; Wahl SA","2012","10.1186/1475-2859-11-140","D-23098235","SCREENED_DECISION_UNRECOVERABLE","unrecoverable","NA",""
"PubMed","HISTORICAL_PROVENANCE_UNRECOVERABLE","","EXACT_REPAIR_RERUN_MATCH","REPAIR-SEARCH-0003","2026-07-30","Matched by a 2026-07-30 repair rerun; original record-level discovery query was not preserved.","2026-07-30","Fumaric acid production in Saccharomyces cerevisiae by in silico aided metabolic engineering.","Xu G; Zou W; Chen X; Xu N; Liu L; Chen J","2012","10.1371/journal.pone.0052086","D-23300594","SCREENED_DECISION_UNRECOVERABLE","unrecoverable","NA",""
"PubMed","HISTORICAL_PROVENANCE_UNRECOVERABLE","","EXACT_REPAIR_RERUN_MATCH","REPAIR-SEARCH-0005","2026-07-30","Matched by a 2026-07-30 repair rerun; original record-level discovery query was not preserved.","2026-07-30","Loss of RBF1 changes glutamine catabolism.","Nicolay BN; Gameiro PA; Tschöp K; Korenjak M; Heilmann AM; Asara JM; Stephanopoulos G; Iliopoulos O; Dyson NJ","2013","10.1101/gad.206227.112","D-23322302","SCREENED_DECISION_UNRECOVERABLE","unrecoverable","NA",""
"PubMed","HISTORICAL_PROVENANCE_UNRECOVERABLE","","EXACT_REPAIR_RERUN_MATCH","REPAIR-SEARCH-0001;REPAIR-SEARCH-0002;REPAIR-SEARCH-0003","2026-07-30","Matched by a 2026-07-30 repair rerun; original record-level discovery query was not preserved.","2026-07-30","Using multiple tracers for 13C metabolic flux analysis.","Antoniewicz MR","2013","10.1007/978-1-62703-299-5_17","D-23417812","SCREENED_DECISION_UNRECOVERABLE","unrecoverable","NA",""
"PubMed","HISTORICAL_PROVENANCE_UNRECOVERABLE","","EXACT_REPAIR_RERUN_MATCH","REPAIR-SEARCH-0006","2026-07-30","Matched by a 2026-07-30 repair rerun; original record-level discovery query was not preserved.","2026-07-30","Isotopically nonstationary 13C metabolic flux analysis.","Jazmin LJ; Young JD","2013","10.1007/978-1-62703-299-5_18","D-23417813","SCREENED_DECISION_UNRECOVERABLE","unrecoverable","NA",""
"PubMed","HISTORICAL_PROVENANCE_UNRECOVERABLE","","EXACT_REPAIR_RERUN_MATCH","REPAIR-SEARCH-0001;REPAIR-SEARCH-0003","2026-07-30","Matched by a 2026-07-30 repair rerun; original record-level discovery query was not preserved.","2026-07-30","13C metabolic flux analysis: optimal design of isotopic labeling experiments.","Antoniewicz MR","2013","10.1016/j.copbio.2013.02.003","D-23453397","SCREENED_DECISION_UNRECOVERABLE","unrecoverable","NA",""
"PubMed","HISTORICAL_PROVENANCE_UNRECOVERABLE","","EXACT_REPAIR_RERUN_MATCH","REPAIR-SEARCH-0003","2026-07-30","Matched by a 2026-07-30 repair rerun; original record-level discovery query was not preserved.","2026-07-30","Measurement uncertainty of isotopologue fractions in fluxomics determined via mass spectrometry.","Guerrasio R; Haberhauer-Troyer C; Steiger M; Sauer M; Mattanovich D; Koellensperger G; Hann S","2013","10.1007/s00216-013-6910-5","D-23559335","SCREENED_DECISION_UNRECOVERABLE","unrecoverable","NA",""
"PubMed","HISTORICAL_PROVENANCE_UNRECOVERABLE","","EXACT_REPAIR_RERUN_MATCH","REPAIR-SEARCH-0006","2026-07-30","Matched by a 2026-07-30 repair rerun; original record-level discovery query was not preserved.","2026-07-30","Isotopically non-stationary metabolic flux analysis: complex yet highly informative.","Wiechert W; Nöh K","2013","10.1016/j.copbio.2013.03.024","D-23623747","SCREENED_DECISION_UNRECOVERABLE","unrecoverable","NA",""
"PubMed","HISTORICAL_PROVENANCE_UNRECOVERABLE","","EXACT_REPAIR_RERUN_MATCH","REPAIR-SEARCH-0006","2026-07-30","Matched by a 2026-07-30 repair rerun; original record-level discovery query was not preserved.","2026-07-30","Non-stationary (13)C-metabolic flux ratio analysis.","Hörl M; Schnidder J; Sauer U; Zamboni N","2013","10.1002/bit.25004","D-23860906","SCREENED_DECISION_UNRECOVERABLE","unrecoverable","NA",""
"PubMed","HISTORICAL_PROVENANCE_UNRECOVERABLE","","EXACT_REPAIR_RERUN_MATCH","REPAIR-SEARCH-0004","2026-07-30","Matched by a 2026-07-30 repair rerun; original record-level discovery query was not preserved.","2026-07-30","Dynamic metabolic imaging of hyperpolarized [2-(13) C]pyruvate using spiral chemical shift imaging with alternating spectral band excitation.","Josan S; Hurd R; Park JM; Yen YF; Watkins R; Pfefferbaum A; Spielman D; Mayer D","2014","10.1002/mrm.24871","D-23878057","SCREENED_DECISION_UNRECOVERABLE","unrecoverable","NA",""
"PubMed","HISTORICAL_PROVENANCE_UNRECOVERABLE","","EXACT_REPAIR_RERUN_MATCH","REPAIR-SEARCH-0005","2026-07-30","Matched by a 2026-07-30 repair rerun; original record-level discovery query was not preserved.","2026-07-30","13C-flux spectral analysis of host-pathogen metabolism reveals a mixed diet for intracellular Mycobacterium tuberculosis.","Beste DJ; Nöh K; Niedenführ S; Mendum TA; Hawkins ND; Ward JL; Beale MH; Wiechert W; McFadden J","2013","10.1016/j.chembiol.2013.06.012","D-23911587","SCREENED_DECISION_UNRECOVERABLE","unrecoverable","NA",""
"PubMed","HISTORICAL_PROVENANCE_UNRECOVERABLE","","EXACT_REPAIR_RERUN_MATCH","REPAIR-SEARCH-0004","2026-07-30","Matched by a 2026-07-30 repair rerun; original record-level discovery query was not preserved.","2026-07-30","Model free approach to kinetic analysis of real-time hyperpolarized 13C magnetic resonance spectroscopy data.","Hill DK; Orton MR; Mariotti E; Boult JK; Panek R; Jafar M; Parkes HG; Jamin Y; Miniotis MF; Al-Saffar NM; Beloueche-Babari M; Robinson SP; Leach MO; Chung YL; Eykyn TR","2013","10.1371/journal.pone.0071996","D-24023724","SCREENED_DECISION_UNRECOVERABLE","unrecoverable","NA",""
"PubMed","HISTORICAL_PROVENANCE_UNRECOVERABLE","","EXACT_REPAIR_RERUN_MATCH","REPAIR-SEARCH-0006","2026-07-30","Matched by a 2026-07-30 repair rerun; original record-level discovery query was not preserved.","2026-07-30","In vivo NMR for ¹³C Metabolic Flux Analysis.","Roscher A; Troufflard S; Taghki AI","2014","10.1007/978-1-62703-688-7_10","D-24222415","SCREENED_DECISION_UNRECOVERABLE","unrecoverable","NA",""
"PubMed","HISTORICAL_PROVENANCE_UNRECOVERABLE","","EXACT_REPAIR_RERUN_MATCH","REPAIR-SEARCH-0006","2026-07-30","Matched by a 2026-07-30 repair rerun; original record-level discovery query was not preserved.","2026-07-30","Isotopically nonstationary MFA (INST-MFA) of autotrophic metabolism.","Jazmin LJ; O'Grady JP; Ma F; Allen DK; Morgan JA; Young JD","2014","10.1007/978-1-62703-688-7_12","D-24222417","SCREENED_DECISION_UNRECOVERABLE","unrecoverable","NA",""
"PubMed","HISTORICAL_PROVENANCE_UNRECOVERABLE","","EXACT_REPAIR_RERUN_MATCH","REPAIR-SEARCH-0006","2026-07-30","Matched by a 2026-07-30 repair rerun; original record-level discovery query was not preserved.","2026-07-30","INCA: a computational platform for isotopically non-stationary metabolic flux analysis.","Young JD","2014","10.1093/bioinformatics/btu015","D-24413674","SCREENED_DECISION_UNRECOVERABLE","unrecoverable","NA",""
"PubMed","HISTORICAL_PROVENANCE_UNRECOVERABLE","","EXACT_REPAIR_RERUN_MATCH","REPAIR-SEARCH-0003;REPAIR-SEARCH-0005","2026-07-30","Matched by a 2026-07-30 repair rerun; original record-level discovery query was not preserved.","2026-07-30","Metabolic and bactericidal effects of targeted suppression of NadD and NadE enzymes in mycobacteria.","Rodionova IA; Schuster BM; Guinn KM; Sorci L; Scott DA; Li X; Kheterpal I; Shoen C; Cynamon M; Locher C; Rubin EJ; Osterman AL","2014","10.1128/mbio.00747-13","D-24549842","SCREENED_DECISION_UNRECOVERABLE","unrecoverable","NA",""
"PubMed","HISTORICAL_PROVENANCE_UNRECOVERABLE","","EXACT_REPAIR_RERUN_MATCH","REPAIR-SEARCH-0004","2026-07-30","Matched by a 2026-07-30 repair rerun; original record-level discovery query was not preserved.","2026-07-30","Robustness and plasticity of metabolic pathway flux among uropathogenic isolates of Pseudomonas aeruginosa.","Berger A; Dohnt K; Tielen P; Jahn D; Becker J; Wittmann C","2014","10.1371/journal.pone.0088368","D-24709961","SCREENED_DECISION_UNRECOVERABLE","unrecoverable","NA",""
"PubMed","HISTORICAL_PROVENANCE_UNRECOVERABLE","","EXACT_REPAIR_RERUN_MATCH","REPAIR-SEARCH-0003","2026-07-30","Matched by a 2026-07-30 repair rerun; original record-level discovery query was not preserved.","2026-07-30","IDH1 mutations alter citric acid cycle metabolism and increase dependence on oxidative mitochondrial metabolism.","Grassian AR; Parker SJ; Davidson SM; Divakaruni AS; Green CR; Zhang X; Slocum KL; Pu M; Lin F; Vickers C; Joud-Caldwell C; Chung F; Yin H; Handly ED; Straub C; Growney JD; Vander Heiden MG; Murphy AN; Pagliarini R; Metallo CM","2014","10.1158/0008-5472.can-14-0772-t","D-24755473","SCREENED_DECISION_UNRECOVERABLE","unrecoverable","NA",""
"PubMed","HISTORICAL_PROVENANCE_UNRECOVERABLE","","EXACT_REPAIR_RERUN_MATCH","REPAIR-SEARCH-0004","2026-07-30","Matched by a 2026-07-30 repair rerun; original record-level discovery query was not preserved.","2026-07-30","Systematic evaluation of methods for integration of transcriptomic data into constraint-based models of metabolism.","Machado D; Herrgård M","2014","10.1371/journal.pcbi.1003580","D-24762745","SCREENED_DECISION_UNRECOVERABLE","unrecoverable","NA",""
"PubMed","HISTORICAL_PROVENANCE_UNRECOVERABLE","","EXACT_REPAIR_RERUN_MATCH","REPAIR-SEARCH-0004;REPAIR-SEARCH-0006","2026-07-30","Matched by a 2026-07-30 repair rerun; original record-level discovery query was not preserved.","2026-07-30","Non-stationary 13C metabolic flux analysis of Chinese hamster ovary cells in batch culture using extracellular labeling highlights metabolic reversibility and compartmentation.","Nicolae A; Wahrheit J; Bahnemann J; Zeng AP; Heinzle E","2014","10.1186/1752-0509-8-50","D-24773761","SCREENED_DECISION_UNRECOVERABLE","unrecoverable","NA",""
"PubMed","HISTORICAL_PROVENANCE_UNRECOVERABLE","","EXACT_REPAIR_RERUN_MATCH","REPAIR-SEARCH-0002","2026-07-30","Matched by a 2026-07-30 repair rerun; original record-level discovery query was not preserved.","2026-07-30","Reliable Metabolic Flux Estimation in Escherichia coli Central Carbon Metabolism Using Intracellular Free Amino Acids.","Okahashi N; Kajihata S; Furusawa C; Shimizu H","2014","10.3390/metabo4020408","D-24957033","SCREENED_DECISION_UNRECOVERABLE","unrecoverable","NA",""
"PubMed","HISTORICAL_PROVENANCE_UNRECOVERABLE","","EXACT_REPAIR_RERUN_MATCH","REPAIR-SEARCH-0002;REPAIR-SEARCH-0006","2026-07-30","Matched by a 2026-07-30 repair rerun; original record-level discovery query was not preserved.","2026-07-30","OpenMebius: an open source software for isotopically nonstationary 13C-based metabolic flux analysis.","Kajihata S; Furusawa C; Matsuda F; Shimizu H","2014","10.1155/2014/627014","D-25006579","SCREENED_DECISION_UNRECOVERABLE","unrecoverable","NA",""
"PubMed","HISTORICAL_PROVENANCE_UNRECOVERABLE","","EXACT_REPAIR_RERUN_MATCH","REPAIR-SEARCH-0006","2026-07-30","Matched by a 2026-07-30 repair rerun; original record-level discovery query was not preserved.","2026-07-30","Sampling of intracellular metabolites for stationary and non-stationary (13)C metabolic flux analysis in Escherichia coli.","Millard P; Massou S; Wittmann C; Portais JC; Létisse F","2014","10.1016/j.ab.2014.07.026","D-25102204","SCREENED_DECISION_UNRECOVERABLE","unrecoverable","NA",""
"PubMed","HISTORICAL_PROVENANCE_UNRECOVERABLE","","EXACT_REPAIR_RERUN_MATCH","REPAIR-SEARCH-0003;REPAIR-SEARCH-0006","2026-07-30","Matched by a 2026-07-30 repair rerun; original record-level discovery query was not preserved.","2026-07-30","13 C flux analysis of cyanobacterial metabolism.","Adebiyi AO; Jazmin LJ; Young JD","2015","10.1007/s11120-014-0045-1","D-25280933","SCREENED_DECISION_UNRECOVERABLE","unrecoverable","NA",""
"PubMed","HISTORICAL_PROVENANCE_UNRECOVERABLE","","EXACT_REPAIR_RERUN_MATCH","REPAIR-SEARCH-0001","2026-07-30","Matched by a 2026-07-30 repair rerun; original record-level discovery query was not preserved.","2026-07-30","Profiling of stable isotope enrichment in specialized metabolites using liquid chromatography and multiplexed nonselective collision-induced dissociation.","Wang Z; Jones AD","2014","10.1021/ac502205y","D-25300033","SCREENED_DECISION_UNRECOVERABLE","unrecoverable","NA",""
"PubMed","HISTORICAL_PROVENANCE_UNRECOVERABLE","","EXACT_REPAIR_RERUN_MATCH","REPAIR-SEARCH-0006","2026-07-30","Matched by a 2026-07-30 repair rerun; original record-level discovery query was not preserved.","2026-07-30","Isotopically nonstationary 13C flux analysis of changes in Arabidopsis thaliana leaf metabolism due to high light acclimation.","Ma F; Jazmin LJ; Young JD; Allen DK","2014","10.1073/pnas.1319485111","D-25368168","SCREENED_DECISION_UNRECOVERABLE","unrecoverable","NA",""
"PubMed","HISTORICAL_PROVENANCE_UNRECOVERABLE","","EXACT_REPAIR_RERUN_MATCH","REPAIR-SEARCH-0003","2026-07-30","Matched by a 2026-07-30 repair rerun; original record-level discovery query was not preserved.","2026-07-30","Estimating relative changes of metabolic fluxes.","Huang L; Kim D; Liu X; Myers CR; Locasale JW","2014","10.1371/journal.pcbi.1003958","D-25412287","SCREENED_DECISION_UNRECOVERABLE","unrecoverable","NA",""
"PubMed","HISTORICAL_PROVENANCE_UNRECOVERABLE","","EXACT_REPAIR_RERUN_MATCH","REPAIR-SEARCH-0001;REPAIR-SEARCH-0003","2026-07-30","Matched by a 2026-07-30 repair rerun; original record-level discovery query was not preserved.","2026-07-30","Isotope labeling pattern study of central carbon metabolites using GC/MS.","Jung JY; Oh MK","2015","10.1016/j.jchromb.2014.10.033","D-25463204","SCREENED_DECISION_UNRECOVERABLE","unrecoverable","NA",""
"PubMed","HISTORICAL_PROVENANCE_UNRECOVERABLE","","EXACT_REPAIR_RERUN_MATCH","REPAIR-SEARCH-0006","2026-07-30","Matched by a 2026-07-30 repair rerun; original record-level discovery query was not preserved.","2026-07-30","Genome-based metabolic mapping and 13C flux analysis reveal systematic properties of an oleaginous microalga Chlorella protothecoides.","Wu C; Xiong W; Dai J; Wu Q","2015","10.1104/pp.114.250688","D-25511434","SCREENED_DECISION_UNRECOVERABLE","unrecoverable","NA",""
"PubMed","HISTORICAL_PROVENANCE_UNRECOVERABLE","","EXACT_REPAIR_RERUN_MATCH","REPAIR-SEARCH-0002","2026-07-30","Matched by a 2026-07-30 repair rerun; original record-level discovery query was not preserved.","2026-07-30","Integrated 13C-metabolic flux analysis of 14 parallel labeling experiments in Escherichia coli.","Crown SB; Long CP; Antoniewicz MR","2015","10.1016/j.ymben.2015.01.001","D-25596508","SCREENED_DECISION_UNRECOVERABLE","unrecoverable","NA",""
"PubMed","HISTORICAL_PROVENANCE_UNRECOVERABLE","","EXACT_REPAIR_RERUN_MATCH","REPAIR-SEARCH-0006","2026-07-30","Matched by a 2026-07-30 repair rerun; original record-level discovery query was not preserved.","2026-07-30","Methods and advances in metabolic flux analysis: a mini-review.","Antoniewicz MR","2015","10.1007/s10295-015-1585-x","D-25613286","SCREENED_DECISION_UNRECOVERABLE","unrecoverable","NA",""
"PubMed","HISTORICAL_PROVENANCE_UNRECOVERABLE","","EXACT_REPAIR_RERUN_MATCH","REPAIR-SEARCH-0004","2026-07-30","Matched by a 2026-07-30 repair rerun; original record-level discovery query was not preserved.","2026-07-30","Large-Scale 13C flux profiling reveals conservation of the Entner-Doudoroff pathway as a glycolytic strategy among marine bacteria that use glucose.","Klingner A; Bartsch A; Dogs M; Wagner-Döbler I; Jahn D; Simon M; Brinkhoff T; Becker J; Wittmann C","2015","10.1128/aem.03157-14","D-25616803","SCREENED_DECISION_UNRECOVERABLE","unrecoverable","NA",""
"PubMed","HISTORICAL_PROVENANCE_UNRECOVERABLE","","EXACT_REPAIR_RERUN_MATCH","REPAIR-SEARCH-0005","2026-07-30","Matched by a 2026-07-30 repair rerun; original record-level discovery query was not preserved.","2026-07-30","Metabolic flux analysis of Escherichia coli MG1655 under octanoic acid (C8) stress.","Fu Y; Yoon JM; Jarboe L; Shanks JV","2015","10.1007/s00253-015-6387-6","D-25620365","SCREENED_DECISION_UNRECOVERABLE","unrecoverable","NA",""
"PubMed","HISTORICAL_PROVENANCE_UNRECOVERABLE","","EXACT_REPAIR_RERUN_MATCH","REPAIR-SEARCH-0001","2026-07-30","Matched by a 2026-07-30 repair rerun; original record-level discovery query was not preserved.","2026-07-30","A roadmap for interpreting (13)C metabolite labeling patterns from cells.","Buescher JM; Antoniewicz MR; Boros LG; Burgess SC; Brunengraber H; Clish CB; DeBerardinis RJ; Feron O; Frezza C; Ghesquiere B; Gottlieb E; Hiller K; Jones RG; Kamphorst JJ; Kibbey RG; Kimmelman AC; Locasale JW; Lunt SY; Maddocks OD; Malloy C; Metallo CM; Meuillet EJ; Munger J; Nöh K; Rabinowitz JD; Ralser M; Sauer U; Stephanopoulos G; St-Pierre J; Tennant DA; Wittmann C; Vander Heiden MG; Vazquez A; Vousden K; Young JD; Zamboni N; Fendt SM","2015","10.1016/j.copbio.2015.02.003","D-25731751","SCREENED_DECISION_UNRECOVERABLE","unrecoverable","NA",""
"PubMed","HISTORICAL_PROVENANCE_UNRECOVERABLE","","EXACT_REPAIR_RERUN_MATCH","REPAIR-SEARCH-0006","2026-07-30","Matched by a 2026-07-30 repair rerun; original record-level discovery query was not preserved.","2026-07-30","Pool size measurements facilitate the determination of fluxes at branching points in non-stationary metabolic flux analysis: the case of Arabidopsis thaliana.","Heise R; Fernie AR; Stitt M; Nikoloski Z","2015","10.3389/fpls.2015.00386","D-26082786","SCREENED_DECISION_UNRECOVERABLE","unrecoverable","NA",""
"PubMed","HISTORICAL_PROVENANCE_UNRECOVERABLE","","EXACT_REPAIR_RERUN_MATCH","REPAIR-SEARCH-0002","2026-07-30","Matched by a 2026-07-30 repair rerun; original record-level discovery query was not preserved.","2026-07-30","Elucidating the role of copper in CHO cell energy metabolism using (13)C metabolic flux analysis.","Nargund S; Qiu J; Goudar CT","2015","10.1002/btpr.2131","D-26097228","SCREENED_DECISION_UNRECOVERABLE","unrecoverable","NA",""
"PubMed","HISTORICAL_PROVENANCE_UNRECOVERABLE","","EXACT_REPAIR_RERUN_MATCH","REPAIR-SEARCH-0001","2026-07-30","Matched by a 2026-07-30 repair rerun; original record-level discovery query was not preserved.","2026-07-30","Metabolomics Analysis Reveals that AICAR Affects Glycerolipid, Ceramide and Nucleotide Synthesis Pathways in INS-1 Cells.","ElAzzouny MA; Evans CR; Burant CF; Kennedy RT","2015","10.1371/journal.pone.0129029","D-26107620","SCREENED_DECISION_UNRECOVERABLE","unrecoverable","NA",""
"PubMed","HISTORICAL_PROVENANCE_UNRECOVERABLE","","EXACT_REPAIR_RERUN_MATCH","REPAIR-SEARCH-0002","2026-07-30","Matched by a 2026-07-30 repair rerun; original record-level discovery query was not preserved.","2026-07-30","13C metabolic flux analysis at a genome-scale.","Gopalakrishnan S; Maranas CD","2015","10.1016/j.ymben.2015.08.006","D-26358840","SCREENED_DECISION_UNRECOVERABLE","unrecoverable","NA",""
"PubMed","HISTORICAL_PROVENANCE_UNRECOVERABLE","","EXACT_REPAIR_RERUN_MATCH","REPAIR-SEARCH-0002","2026-07-30","Matched by a 2026-07-30 repair rerun; original record-level discovery query was not preserved.","2026-07-30","Cutting the Gordian Knot: Identifiability of anaplerotic reactions in Corynebacterium glutamicum by means of (13) C-metabolic flux analysis.","Kappelmann J; Wiechert W; Noack S","2016","10.1002/bit.25833","D-26375179","RETAINED","retained","NA","P0019"
"PubMed","HISTORICAL_PROVENANCE_UNRECOVERABLE","","EXACT_REPAIR_RERUN_MATCH","REPAIR-SEARCH-0004","2026-07-30","Matched by a 2026-07-30 repair rerun; original record-level discovery query was not preserved.","2026-07-30","A Method to Constrain Genome-Scale Models with 13C Labeling Data.","Martín HG; Kumar VS; Weaver D; Ghosh A; Chubukov V; Mukhopadhyay A; Arkin A; Keasling JD","2015","10.1371/journal.pcbi.1004363","D-26379153","SCREENED_DECISION_UNRECOVERABLE","unrecoverable","NA",""
"PubMed","HISTORICAL_PROVENANCE_UNRECOVERABLE","","EXACT_REPAIR_RERUN_MATCH","REPAIR-SEARCH-0002","2026-07-30","Matched by a 2026-07-30 repair rerun; original record-level discovery query was not preserved.","2026-07-30","Achieving Metabolic Flux Analysis for S. cerevisiae at a Genome-Scale: Challenges, Requirements, and Considerations.","Gopalakrishnan S; Maranas CD","2015","10.3390/metabo5030521","D-26393660","SCREENED_DECISION_UNRECOVERABLE","unrecoverable","NA",""
"PubMed","HISTORICAL_PROVENANCE_UNRECOVERABLE","","EXACT_REPAIR_RERUN_MATCH","REPAIR-SEARCH-0006","2026-07-30","Matched by a 2026-07-30 repair rerun; original record-level discovery query was not preserved.","2026-07-30","MID Max: LC-MS/MS Method for Measuring the Precursor and Product Mass Isotopomer Distributions of Metabolic Intermediates and Cofactors for Metabolic Flux Analysis Applications.","McCloskey D; Young JD; Xu S; Palsson BO; Feist AM","2016","10.1021/acs.analchem.5b03887","D-26666286","SCREENED_DECISION_UNRECOVERABLE","unrecoverable","NA",""
"PubMed","HISTORICAL_PROVENANCE_UNRECOVERABLE","","EXACT_REPAIR_RERUN_MATCH","REPAIR-SEARCH-0003;REPAIR-SEARCH-0004","2026-07-30","Matched by a 2026-07-30 repair rerun; original record-level discovery query was not preserved.","2026-07-30","Effective Estimation of Dynamic Metabolic Fluxes Using (13)C Labeling and Piecewise Affine Approximation: From Theory to Practical Applicability.","Schumacher R; Wahl SA","2015","10.3390/metabo5040697","D-26690237","SCREENED_DECISION_UNRECOVERABLE","unrecoverable","NA",""
"PubMed","HISTORICAL_PROVENANCE_UNRECOVERABLE","","EXACT_REPAIR_RERUN_MATCH","REPAIR-SEARCH-0006","2026-07-30","Matched by a 2026-07-30 repair rerun; original record-level discovery query was not preserved.","2026-07-30","Green pathways: Metabolic network analysis of plant systems.","Dersch LM; Beckers V; Wittmann C","2016","10.1016/j.ymben.2015.12.001","D-26704307","SCREENED_DECISION_UNRECOVERABLE","unrecoverable","NA",""
"PubMed","HISTORICAL_PROVENANCE_UNRECOVERABLE","","EXACT_REPAIR_RERUN_MATCH","REPAIR-SEARCH-0005","2026-07-30","Matched by a 2026-07-30 repair rerun; original record-level discovery query was not preserved.","2026-07-30","(13)C metabolic flux analysis in neurons utilizing a model that accounts for hexose phosphate recycling within the pentose phosphate pathway.","Gebril HM; Avula B; Wang YH; Khan IA; Jekabsons MB","2016","10.1016/j.neuint.2015.12.008","D-26723542","SCREENED_DECISION_UNRECOVERABLE","unrecoverable","NA",""
"PubMed","HISTORICAL_PROVENANCE_UNRECOVERABLE","","EXACT_REPAIR_RERUN_MATCH","REPAIR-SEARCH-0006","2026-07-30","Matched by a 2026-07-30 repair rerun; original record-level discovery query was not preserved.","2026-07-30","Quantification of Metabolic Rearrangements During Neural Stem Cells Differentiation into Astrocytes by Metabolic Flux Analysis.","Sá JV; Kleiderman S; Brito C; Sonnewald U; Leist M; Teixeira AP; Alves PM","2017","10.1007/s11064-016-1907-z","D-27068034","SCREENED_DECISION_UNRECOVERABLE","unrecoverable","NA",""
"PubMed","HISTORICAL_PROVENANCE_UNRECOVERABLE","","EXACT_REPAIR_RERUN_MATCH","REPAIR-SEARCH-0003","2026-07-30","Matched by a 2026-07-30 repair rerun; original record-level discovery query was not preserved.","2026-07-30","Myc-Driven Glycolysis Is a Therapeutic Target in Glioblastoma.","Tateishi K; Iafrate AJ; Ho Q; Curry WT; Batchelor TT; Flaherty KT; Onozato ML; Lelic N; Sundaram S; Cahill DP; Chi AS; Wakimoto H","2016","10.1158/1078-0432.ccr-15-2274","D-27076630","SCREENED_DECISION_UNRECOVERABLE","unrecoverable","NA",""
"PubMed","HISTORICAL_PROVENANCE_UNRECOVERABLE","","EXACT_REPAIR_RERUN_MATCH","REPAIR-SEARCH-0003","2026-07-30","Matched by a 2026-07-30 repair rerun; original record-level discovery query was not preserved.","2026-07-30","Investigating strain dependency in the production of aromatic compounds in Saccharomyces cerevisiae.","Suástegui M; Guo W; Feng X; Shao Z","2016","10.1002/bit.26037","D-27317047","SCREENED_DECISION_UNRECOVERABLE","unrecoverable","NA",""
"PubMed","HISTORICAL_PROVENANCE_UNRECOVERABLE","","EXACT_REPAIR_RERUN_MATCH","REPAIR-SEARCH-0002;REPAIR-SEARCH-0004","2026-07-30","Matched by a 2026-07-30 repair rerun; original record-level discovery query was not preserved.","2026-07-30","Protein Requirements Are Elevated in Endurance Athletes after Exercise as Determined by the Indicator Amino Acid Oxidation Method.","Kato H; Suzuki K; Bannai M; Moore DR","2016","10.1371/journal.pone.0157406","D-27322029","SCREENED_DECISION_UNRECOVERABLE","unrecoverable","NA",""
"PubMed","HISTORICAL_PROVENANCE_UNRECOVERABLE","","EXACT_REPAIR_RERUN_MATCH","REPAIR-SEARCH-0005","2026-07-30","Matched by a 2026-07-30 repair rerun; original record-level discovery query was not preserved.","2026-07-30","(13)C metabolic flux analysis of microbial and mammalian systems is enhanced with GC-MS measurements of glycogen and RNA labeling.","Long CP; Au J; Gonzalez JE; Antoniewicz MR","2016","10.1016/j.ymben.2016.06.007","D-27343680","SCREENED_DECISION_UNRECOVERABLE","unrecoverable","NA",""
"PubMed","HISTORICAL_PROVENANCE_UNRECOVERABLE","","EXACT_REPAIR_RERUN_MATCH","REPAIR-SEARCH-0005;REPAIR-SEARCH-0006","2026-07-30","Matched by a 2026-07-30 repair rerun; original record-level discovery query was not preserved.","2026-07-30","(13) C-metabolic flux analysis of human adenovirus infection: Implications for viral vector production.","Carinhas N; Koshkin A; Pais DA; Alves PM; Teixeira AP","2017","10.1002/bit.26063","D-27477740","SCREENED_DECISION_UNRECOVERABLE","unrecoverable","NA",""
"PubMed","HISTORICAL_PROVENANCE_UNRECOVERABLE","","EXACT_REPAIR_RERUN_MATCH","REPAIR-SEARCH-0004","2026-07-30","Matched by a 2026-07-30 repair rerun; original record-level discovery query was not preserved.","2026-07-30","SUMOFLUX: A Generalized Method for Targeted 13C Metabolic Flux Ratio Analysis.","Kogadeeva M; Zamboni N","2016","10.1371/journal.pcbi.1005109","D-27626798","SCREENED_DECISION_UNRECOVERABLE","unrecoverable","NA",""
"PubMed","HISTORICAL_PROVENANCE_UNRECOVERABLE","","EXACT_REPAIR_RERUN_MATCH","REPAIR-SEARCH-0004","2026-07-30","Matched by a 2026-07-30 repair rerun; original record-level discovery query was not preserved.","2026-07-30","(13)C Metabolic Flux Analysis for Systematic Metabolic Engineering of S. cerevisiae for Overproduction of Fatty Acids.","Ghosh A; Ando D; Gin J; Runguphan W; Denby C; Wang G; Baidoo EE; Shymansky C; Keasling JD; García Martín H","2016","10.3389/fbioe.2016.00076","D-27761435","SCREENED_DECISION_UNRECOVERABLE","unrecoverable","NA",""
"PubMed","HISTORICAL_PROVENANCE_UNRECOVERABLE","","EXACT_REPAIR_RERUN_MATCH","REPAIR-SEARCH-0001;REPAIR-SEARCH-0003","2026-07-30","Matched by a 2026-07-30 repair rerun; original record-level discovery query was not preserved.","2026-07-30","Epithelial-mesenchymal transition induction is associated with augmented glucose uptake and lactate production in pancreatic ductal adenocarcinoma.","Liu M; Quek LE; Sultani G; Turner N","2016","10.1186/s40170-016-0160-x","D-27777765","SCREENED_DECISION_UNRECOVERABLE","unrecoverable","NA",""
"PubMed","HISTORICAL_PROVENANCE_UNRECOVERABLE","","EXACT_REPAIR_RERUN_MATCH","REPAIR-SEARCH-0004","2026-07-30","Matched by a 2026-07-30 repair rerun; original record-level discovery query was not preserved.","2026-07-30","FluxFix: automatic isotopologue normalization for metabolic tracer analysis.","Trefely S; Ashwell P; Snyder NW","2016","10.1186/s12859-016-1360-7","D-27887574","SCREENED_DECISION_UNRECOVERABLE","unrecoverable","NA",""
"PubMed","HISTORICAL_PROVENANCE_UNRECOVERABLE","","EXACT_REPAIR_RERUN_MATCH","REPAIR-SEARCH-0006","2026-07-30","Matched by a 2026-07-30 repair rerun; original record-level discovery query was not preserved.","2026-07-30","Metabolic Flux Analysis in Isotope Labeling Experiments Using the Adjoint Approach.","Mottelet S; Gaullier G; Sadaka G","2017","10.1109/tcbb.2016.2544299","D-28113867","SCREENED_DECISION_UNRECOVERABLE","unrecoverable","NA",""
"PubMed","HISTORICAL_PROVENANCE_UNRECOVERABLE","","EXACT_REPAIR_RERUN_MATCH","REPAIR-SEARCH-0003","2026-07-30","Matched by a 2026-07-30 repair rerun; original record-level discovery query was not preserved.","2026-07-30","Comprehensive and accurate tracking of carbon origin of LC-tandem mass spectrometry collisional fragments for (13)C-MFA.","Kappelmann J; Klein B; Geilenkirchen P; Noack S","2017","10.1007/s00216-016-0174-9","D-28116490","SCREENED_DECISION_UNRECOVERABLE","unrecoverable","NA",""
"PubMed","HISTORICAL_PROVENANCE_UNRECOVERABLE","","EXACT_REPAIR_RERUN_MATCH","REPAIR-SEARCH-0006","2026-07-30","Matched by a 2026-07-30 repair rerun; original record-level discovery query was not preserved.","2026-07-30","Metabolic Flux Analysis of the Synechocystis sp. PCC 6803 ΔnrtABCD Mutant Reveals a Mechanism for Metabolic Adaptation to Nitrogen-Limited Conditions.","Nakajima T; Yoshikawa K; Toya Y; Matsuda F; Shimizu H","2017","10.1093/pcp/pcw233","D-28130420","SCREENED_DECISION_UNRECOVERABLE","unrecoverable","NA",""
"PubMed","HISTORICAL_PROVENANCE_UNRECOVERABLE","","EXACT_REPAIR_RERUN_MATCH","REPAIR-SEARCH-0005","2026-07-30","Matched by a 2026-07-30 repair rerun; original record-level discovery query was not preserved.","2026-07-30","Quantitative (13)C Traces of Glucose Fate in Hepatitis B Virus-Infected Hepatocytes.","Wan Q; Wang Y; Tang H","2017","10.1021/acs.analchem.6b03200","D-28221022","SCREENED_DECISION_UNRECOVERABLE","unrecoverable","NA",""
"PubMed","HISTORICAL_PROVENANCE_UNRECOVERABLE","","EXACT_REPAIR_RERUN_MATCH","REPAIR-SEARCH-0004","2026-07-30","Matched by a 2026-07-30 repair rerun; original record-level discovery query was not preserved.","2026-07-30","Robust identification of metabolic control for microbial l-methionine production following an easy-to-use puristic approach.","Teleki A; Rahnert M; Bungart O; Gann B; Ochrombel I; Takors R","2017","10.1016/j.ymben.2017.03.008","D-28389396","SCREENED_DECISION_UNRECOVERABLE","unrecoverable","NA",""
"PubMed","HISTORICAL_PROVENANCE_UNRECOVERABLE","","EXACT_REPAIR_RERUN_MATCH","REPAIR-SEARCH-0006","2026-07-30","Matched by a 2026-07-30 repair rerun; original record-level discovery query was not preserved.","2026-07-30","Isotopically nonstationary (13)C flux analysis of cyanobacterial isobutyraldehyde production.","Jazmin LJ; Xu Y; Cheah YE; Adebiyi AO; Johnson CH; Young JD","2017","10.1016/j.ymben.2017.05.001","D-28479191","SCREENED_DECISION_UNRECOVERABLE","unrecoverable","NA",""
"PubMed","HISTORICAL_PROVENANCE_UNRECOVERABLE","","EXACT_REPAIR_RERUN_MATCH","REPAIR-SEARCH-0006","2026-07-30","Matched by a 2026-07-30 repair rerun; original record-level discovery query was not preserved.","2026-07-30","Rerouting of carbon flux in a glycogen mutant of cyanobacteria assessed via isotopically non-stationary (13) C metabolic flux analysis.","Hendry JI; Prasannan C; Ma F; Möllers KB; Jaiswal D; Digmurti M; Allen DK; Frigaard NU; Dasgupta S; Wangikar PP","2017","10.1002/bit.26350","D-28600876","SCREENED_DECISION_UNRECOVERABLE","unrecoverable","NA",""
"PubMed","HISTORICAL_PROVENANCE_UNRECOVERABLE","","EXACT_REPAIR_RERUN_MATCH","REPAIR-SEARCH-0002;REPAIR-SEARCH-0004","2026-07-30","Matched by a 2026-07-30 repair rerun; original record-level discovery query was not preserved.","2026-07-30","To be certain about the uncertainty: Bayesian statistics for (13) C metabolic flux analysis.","Theorell A; Leweke S; Wiechert W; Nöh K","2017","10.1002/bit.26379","D-28695999","SCREENED_DECISION_UNRECOVERABLE","unrecoverable","NA",""
"PubMed","HISTORICAL_PROVENANCE_UNRECOVERABLE","","EXACT_REPAIR_RERUN_MATCH","REPAIR-SEARCH-0006","2026-07-30","Matched by a 2026-07-30 repair rerun; original record-level discovery query was not preserved.","2026-07-30","Isotopically Nonstationary Metabolic Flux Analysis (INST-MFA) of Photosynthesis and Photorespiration in Plants.","Ma F; Jazmin LJ; Young JD; Allen DK","2017","10.1007/978-1-4939-7225-8_12","D-28822133","SCREENED_DECISION_UNRECOVERABLE","unrecoverable","NA",""
"PubMed","HISTORICAL_PROVENANCE_UNRECOVERABLE","","EXACT_REPAIR_RERUN_MATCH","REPAIR-SEARCH-0004","2026-07-30","Matched by a 2026-07-30 repair rerun; original record-level discovery query was not preserved.","2026-07-30","Metabolic adjustment upon repetitive substrate perturbations using dynamic (13)C-tracing in yeast.","Suarez-Mendez CA; Ras C; Wahl SA","2017","10.1186/s12934-017-0778-6","D-28946905","SCREENED_DECISION_UNRECOVERABLE","unrecoverable","NA",""
"PubMed","HISTORICAL_PROVENANCE_UNRECOVERABLE","","EXACT_REPAIR_RERUN_MATCH","REPAIR-SEARCH-0005","2026-07-30","Matched by a 2026-07-30 repair rerun; original record-level discovery query was not preserved.","2026-07-30","Rapid in situ (13)C tracing of sucrose utilization in Arabidopsis sink and source leaves.","Dethloff F; Orf I; Kopka J","2017","10.1186/s13007-017-0239-6","D-29075313","SCREENED_DECISION_UNRECOVERABLE","unrecoverable","NA",""
"PubMed","HISTORICAL_PROVENANCE_UNRECOVERABLE","","EXACT_REPAIR_RERUN_MATCH","REPAIR-SEARCH-0002","2026-07-30","Matched by a 2026-07-30 repair rerun; original record-level discovery query was not preserved.","2026-07-30","Investigation of useful carbon tracers for (13)C-metabolic flux analysis of Escherichia coli by considering five experimentally determined flux distributions.","Maeda K; Okahashi N; Toya Y; Matsuda F; Shimizu H","2016","10.1016/j.meteno.2016.06.001","D-29142823","SCREENED_DECISION_UNRECOVERABLE","unrecoverable","NA",""
"PubMed","HISTORICAL_PROVENANCE_UNRECOVERABLE","","EXACT_REPAIR_RERUN_MATCH","REPAIR-SEARCH-0006","2026-07-30","Matched by a 2026-07-30 repair rerun; original record-level discovery query was not preserved.","2026-07-30","Deciphering cyanobacterial phenotypes for fast photoautotrophic growth via isotopically nonstationary metabolic flux analysis.","Abernathy MH; Yu J; Ma F; Liberton M; Ungerer J; Hollinshead WD; Gopalakrishnan S; He L; Maranas CD; Pakrasi HB; Allen DK; Tang YJ","2017","10.1186/s13068-017-0958-y","D-29177008","SCREENED_DECISION_UNRECOVERABLE","unrecoverable","NA",""
"PubMed","HISTORICAL_PROVENANCE_UNRECOVERABLE","","EXACT_REPAIR_RERUN_MATCH","REPAIR-SEARCH-0006","2026-07-30","Matched by a 2026-07-30 repair rerun; original record-level discovery query was not preserved.","2026-07-30","Stage-specific metabolic features of differentiating neurons: Implications for toxicant sensitivity.","Delp J; Gutbier S; Cerff M; Zasada C; Niedenführ S; Zhao L; Smirnova L; Hartung T; Borlinghaus H; Schreiber F; Bergemann J; Gätgens J; Beyss M; Azzouzi S; Waldmann T; Kempa S; Nöh K; Leist M","2018","10.1016/j.taap.2017.12.013","D-29278688","SCREENED_DECISION_UNRECOVERABLE","unrecoverable","NA",""
"PubMed","HISTORICAL_PROVENANCE_UNRECOVERABLE","","EXACT_REPAIR_RERUN_MATCH","REPAIR-SEARCH-0006","2026-07-30","Matched by a 2026-07-30 repair rerun; original record-level discovery query was not preserved.","2026-07-30","Interaction of storage carbohydrates and other cyclic fluxes with central metabolism: A quantitative approach by non-stationary (13)C metabolic flux analysis.","Suarez-Mendez CA; Hanemaaijer M; Ten Pierick A; Wolters JC; Heijnen JJ; Wahl SA","2016","10.1016/j.meteno.2016.01.001","D-29468113","SCREENED_DECISION_UNRECOVERABLE","unrecoverable","NA",""
"PubMed","HISTORICAL_PROVENANCE_UNRECOVERABLE","","EXACT_REPAIR_RERUN_MATCH","REPAIR-SEARCH-0005","2026-07-30","Matched by a 2026-07-30 repair rerun; original record-level discovery query was not preserved.","2026-07-30","The anaplerotic node is essential for the intracellular survival of Mycobacterium tuberculosis.","Basu P; Sandhu N; Bhatt A; Singh A; Balhana R; Gobe I; Crowhurst NA; Mendum TA; Gao L; Ward JL; Beale MH; McFadden J; Beste DJV","2018","10.1074/jbc.ra118.001839","D-29475946","SCREENED_DECISION_UNRECOVERABLE","unrecoverable","NA",""
"PubMed","HISTORICAL_PROVENANCE_UNRECOVERABLE","","EXACT_REPAIR_RERUN_MATCH","REPAIR-SEARCH-0003","2026-07-30","Matched by a 2026-07-30 repair rerun; original record-level discovery query was not preserved.","2026-07-30","Predicting the accumulation of storage compounds by Rhodococcus jostii RHA1 in the feast-famine growth cycles using genome-scale flux balance analysis.","Tajparast M; Frigon D","2018","10.1371/journal.pone.0191835","D-29494607","SCREENED_DECISION_UNRECOVERABLE","unrecoverable","NA",""
"PubMed","HISTORICAL_PROVENANCE_UNRECOVERABLE","","EXACT_REPAIR_RERUN_MATCH","REPAIR-SEARCH-0006","2026-07-30","Matched by a 2026-07-30 repair rerun; original record-level discovery query was not preserved.","2026-07-30","Isotopically nonstationary metabolic flux analysis (INST-MFA): putting theory into practice.","Cheah YE; Young JD","2018","10.1016/j.copbio.2018.02.013","D-29522915","SCREENED_DECISION_UNRECOVERABLE","unrecoverable","NA",""
"PubMed","HISTORICAL_PROVENANCE_UNRECOVERABLE","","EXACT_REPAIR_RERUN_MATCH","REPAIR-SEARCH-0003","2026-07-30","Matched by a 2026-07-30 repair rerun; original record-level discovery query was not preserved.","2026-07-30","Rerouting of Metabolism into Desired Cellular Products by Nutrient Stress: Fluxes Reveal the Selected Pathways in Cyanobacterial Photosynthesis.","Qian X; Zhang Y; Lun DS; Dismukes GC","2018","10.1021/acssynbio.8b00116","D-29617123","SCREENED_DECISION_UNRECOVERABLE","unrecoverable","NA",""
"PubMed","HISTORICAL_PROVENANCE_UNRECOVERABLE","","EXACT_REPAIR_RERUN_MATCH","REPAIR-SEARCH-0002","2026-07-30","Matched by a 2026-07-30 repair rerun; original record-level discovery query was not preserved.","2026-07-30","Mass Spectrometry-Based Method to Study Inhibitor-Induced Metabolic Redirection in the Central Metabolism of Cancer Cells.","Araki C; Okahashi N; Maeda K; Shimizu H; Matsuda F","2018","10.5702/massspectrometry.a0067","D-29922569","SCREENED_DECISION_UNRECOVERABLE","unrecoverable","NA",""
"PubMed","HISTORICAL_PROVENANCE_UNRECOVERABLE","","EXACT_REPAIR_RERUN_MATCH","REPAIR-SEARCH-0001;REPAIR-SEARCH-0003","2026-07-30","Matched by a 2026-07-30 repair rerun; original record-level discovery query was not preserved.","2026-07-30","Metabolic flux analysis in Ashbya gossypii using (13)C-labeled yeast extract: industrial riboflavin production under complex nutrient conditions.","Schwechheimer SK; Becker J; Peyriga L; Portais JC; Wittmann C","2018","10.1186/s12934-018-1003-y","D-30326916","SCREENED_DECISION_UNRECOVERABLE","unrecoverable","NA",""
"PubMed","HISTORICAL_PROVENANCE_UNRECOVERABLE","","EXACT_REPAIR_RERUN_MATCH","REPAIR-SEARCH-0001;REPAIR-SEARCH-0003","2026-07-30","Matched by a 2026-07-30 repair rerun; original record-level discovery query was not preserved.","2026-07-30","A Pareto approach to resolve the conflict between information gain and experimental costs: Multiple-criteria design of carbon labeling experiments.","Nöh K; Niedenführ S; Beyß M; Wiechert W","2018","10.1371/journal.pcbi.1006533","D-30379837","SCREENED_DECISION_UNRECOVERABLE","unrecoverable","NA",""
"PubMed","HISTORICAL_PROVENANCE_UNRECOVERABLE","","EXACT_REPAIR_RERUN_MATCH","REPAIR-SEARCH-0006","2026-07-30","Matched by a 2026-07-30 repair rerun; original record-level discovery query was not preserved.","2026-07-30","Dynamic (13)C Labeling of Fast Turnover Metabolites for Analysis of Metabolic Fluxes and Metabolite Channeling.","Abernathy M; Wan N; Shui W; Tang YJ","2019","10.1007/978-1-4939-8757-3_18","D-30421238","SCREENED_DECISION_UNRECOVERABLE","unrecoverable","NA",""
"PubMed","HISTORICAL_PROVENANCE_UNRECOVERABLE","","EXACT_REPAIR_RERUN_MATCH","REPAIR-SEARCH-0006","2026-07-30","Matched by a 2026-07-30 repair rerun; original record-level discovery query was not preserved.","2026-07-30","Genome-Scale Fluxome of Synechococcus elongatus UTEX 2973 Using Transient (13)C-Labeling Data.","Hendry JI; Gopalakrishnan S; Ungerer J; Pakrasi HB; Tang YJ; Maranas CD","2019","10.1104/pp.18.01357","D-30552197","SCREENED_DECISION_UNRECOVERABLE","unrecoverable","NA",""
"PubMed","HISTORICAL_PROVENANCE_UNRECOVERABLE","","EXACT_REPAIR_RERUN_MATCH","REPAIR-SEARCH-0006","2026-07-30","Matched by a 2026-07-30 repair rerun; original record-level discovery query was not preserved.","2026-07-30","From nutritional wealth to autophagy: In vivo metabolic dynamics in the cytosol, mitochondrion and shuttles of IgG producing CHO cells.","Junghans L; Teleki A; Wijaya AW; Becker M; Schweikert M; Takors R","2019","10.1016/j.ymben.2019.02.005","D-30930288","SCREENED_DECISION_UNRECOVERABLE","unrecoverable","NA",""
"PubMed","HISTORICAL_PROVENANCE_UNRECOVERABLE","","EXACT_REPAIR_RERUN_MATCH","REPAIR-SEARCH-0006","2026-07-30","Matched by a 2026-07-30 repair rerun; original record-level discovery query was not preserved.","2026-07-30","Cyanobacterial carboxysome mutant analysis reveals the influence of enzyme compartmentalization on cellular metabolism and metabolic network rigidity.","Abernathy MH; Czajka JJ; Allen DK; Hill NC; Cameron JC; Tang YJ","2019","10.1016/j.ymben.2019.04.010","D-31029860","SCREENED_DECISION_UNRECOVERABLE","unrecoverable","NA",""
"PubMed","HISTORICAL_PROVENANCE_UNRECOVERABLE","","EXACT_REPAIR_RERUN_MATCH","REPAIR-SEARCH-0004","2026-07-30","Matched by a 2026-07-30 repair rerun; original record-level discovery query was not preserved.","2026-07-30","Quantifying Intermediary Metabolism and Lipogenesis in Cultured Mammalian Cells Using Stable Isotope Tracing and Mass Spectrometry.","Cordes T; Metallo CM","2019","10.1007/978-1-4939-9236-2_14","D-31119666","SCREENED_DECISION_UNRECOVERABLE","unrecoverable","NA",""
"PubMed","HISTORICAL_PROVENANCE_UNRECOVERABLE","","EXACT_REPAIR_RERUN_MATCH","REPAIR-SEARCH-0004","2026-07-30","Matched by a 2026-07-30 repair rerun; original record-level discovery query was not preserved.","2026-07-30","Reversible jump MCMC for multi-model inference in Metabolic Flux Analysis.","Theorell A; Nöh K","2020","10.1093/bioinformatics/btz500","D-31214716","SCREENED_DECISION_UNRECOVERABLE","unrecoverable","NA",""
"PubMed","HISTORICAL_PROVENANCE_UNRECOVERABLE","","EXACT_REPAIR_RERUN_MATCH","REPAIR-SEARCH-0004","2026-07-30","Matched by a 2026-07-30 repair rerun; original record-level discovery query was not preserved.","2026-07-30","DNA methylation patterns in bladder tumors of African American patients point to distinct alterations in xenobiotic metabolism.","Vantaku V; Amara CS; Piyarathna DWB; Donepudi SR; Ambati CR; Putluri V; Tang W; Rajapakshe K; Estecio MR; Terris MK; Castro PD; Ittmann MM; Williams SB; Lerner SP; Sreekumar A; Bollag R; Coarfa C; Kornberg MD; Lotan Y; Ambs S; Putluri N","2019","10.1093/carcin/bgz128","D-31284295","SCREENED_DECISION_UNRECOVERABLE","unrecoverable","NA",""
"PubMed","HISTORICAL_PROVENANCE_UNRECOVERABLE","","EXACT_REPAIR_RERUN_MATCH","REPAIR-SEARCH-0006","2026-07-30","Matched by a 2026-07-30 repair rerun; original record-level discovery query was not preserved.","2026-07-30","Combining isotopically non-stationary metabolic flux analysis with proteomics to unravel the regulation of the Calvin-Benson-Bassham cycle in Synechocystis sp. PCC 6803.","Yu King Hing N; Liang F; Lindblad P; Morgan JA","2019","10.1016/j.ymben.2019.08.014","D-31470115","SCREENED_DECISION_UNRECOVERABLE","unrecoverable","NA",""
"PubMed","HISTORICAL_PROVENANCE_UNRECOVERABLE","","EXACT_REPAIR_RERUN_MATCH","REPAIR-SEARCH-0002;REPAIR-SEARCH-0003","2026-07-30","Matched by a 2026-07-30 repair rerun; original record-level discovery query was not preserved.","2026-07-30","High-resolution (13)C metabolic flux analysis.","Long CP; Antoniewicz MR","2019","10.1038/s41596-019-0204-0","D-31471597","SCREENED_DECISION_UNRECOVERABLE","unrecoverable","NA",""
"PubMed","HISTORICAL_PROVENANCE_UNRECOVERABLE","","EXACT_REPAIR_RERUN_MATCH","REPAIR-SEARCH-0004","2026-07-30","Matched by a 2026-07-30 repair rerun; original record-level discovery query was not preserved.","2026-07-30","Bayesian metabolic flux analysis reveals intracellular flux couplings.","Heinonen M; Osmala M; Mannerström H; Wallenius J; Kaski S; Rousu J; Lähdesmäki H","2019","10.1093/bioinformatics/btz315","D-31510676","RETAINED","retained","NA","P0011"
"PubMed","HISTORICAL_PROVENANCE_UNRECOVERABLE","","EXACT_REPAIR_RERUN_MATCH","REPAIR-SEARCH-0001;REPAIR-SEARCH-0003;REPAIR-SEARCH-0004","2026-07-30","Matched by a 2026-07-30 repair rerun; original record-level discovery query was not preserved.","2026-07-30","Moiety modeling framework for deriving moiety abundances from mass spectrometry measured isotopologues.","Jin H; Moseley HNB","2019","10.1186/s12859-019-3096-7","D-31660850","SCREENED_DECISION_UNRECOVERABLE","unrecoverable","NA",""
"PubMed","HISTORICAL_PROVENANCE_UNRECOVERABLE","","EXACT_REPAIR_RERUN_MATCH","REPAIR-SEARCH-0006","2026-07-30","Matched by a 2026-07-30 repair rerun; original record-level discovery query was not preserved.","2026-07-30","Quantifying Methane and Methanol Metabolism of ""Methylotuvimicrobium buryatense"" 5GB1C under Substrate Limitation.","He L; Fu Y; Lidstrom ME","2019","10.1128/msystems.00748-19","D-31822604","SCREENED_DECISION_UNRECOVERABLE","unrecoverable","NA",""
"PubMed","HISTORICAL_PROVENANCE_UNRECOVERABLE","","EXACT_REPAIR_RERUN_MATCH","REPAIR-SEARCH-0003","2026-07-30","Matched by a 2026-07-30 repair rerun; original record-level discovery query was not preserved.","2026-07-30","13C-Metabolic Flux Analysis in Developing Flax (Linum usitatissinum L.) Embryos to Understand Storage Lipid Biosynthesis.","Acket S; Degournay A; Rossez Y; Mottelet S; Villon P; Troncoso-Ponce A; Thomasset B","2019","10.3390/metabo10010014","D-31878240","SCREENED_DECISION_UNRECOVERABLE","unrecoverable","NA",""
"PubMed","HISTORICAL_PROVENANCE_UNRECOVERABLE","","EXACT_REPAIR_RERUN_MATCH","REPAIR-SEARCH-0006","2026-07-30","Matched by a 2026-07-30 repair rerun; original record-level discovery query was not preserved.","2026-07-30","Modeling Plant Metabolism: From Network Reconstruction to Mechanistic Models.","Clark TJ; Guo L; Morgan J; Schwender J","2020","10.1146/annurev-arplant-050718-100221","D-32017600","SCREENED_DECISION_UNRECOVERABLE","unrecoverable","NA",""
"PubMed","HISTORICAL_PROVENANCE_UNRECOVERABLE","","EXACT_REPAIR_RERUN_MATCH","REPAIR-SEARCH-0006","2026-07-30","Matched by a 2026-07-30 repair rerun; original record-level discovery query was not preserved.","2026-07-30","Systematic identification and elimination of flux bottlenecks in the aldehyde production pathway of Synechococcus elongatus PCC 7942.","Cheah YE; Xu Y; Sacco SA; Babele PK; Zheng AO; Johnson CH; Young JD","2020","10.1016/j.ymben.2020.03.007","D-32222320","SCREENED_DECISION_UNRECOVERABLE","unrecoverable","NA",""
"PubMed","HISTORICAL_PROVENANCE_UNRECOVERABLE","","EXACT_REPAIR_RERUN_MATCH","REPAIR-SEARCH-0002;REPAIR-SEARCH-0004","2026-07-30","Matched by a 2026-07-30 repair rerun; original record-level discovery query was not preserved.","2026-07-30","ScalaFlux: A scalable approach to quantify fluxes in metabolic subnetworks.","Millard P; Schmitt U; Kiefer P; Vorholt JA; Heux S; Portais JC","2020","10.1371/journal.pcbi.1007799","D-32287281","SCREENED_DECISION_UNRECOVERABLE","unrecoverable","NA",""
"PubMed","HISTORICAL_PROVENANCE_UNRECOVERABLE","","EXACT_REPAIR_RERUN_MATCH","REPAIR-SEARCH-0006","2026-07-30","Matched by a 2026-07-30 repair rerun; original record-level discovery query was not preserved.","2026-07-30","Sink/Source Balance of Leaves Influences Amino Acid Pools and Their Associated Metabolic Fluxes in Winter Oilseed Rape (Brassica napus L.).","Dellero Y; Heuillet M; Marnet N; Bellvert F; Millard P; Bouchereau A","2020","10.3390/metabo10040150","D-32295054","SCREENED_DECISION_UNRECOVERABLE","unrecoverable","NA",""
"PubMed","HISTORICAL_PROVENANCE_UNRECOVERABLE","","EXACT_REPAIR_RERUN_MATCH","REPAIR-SEARCH-0001;REPAIR-SEARCH-0003","2026-07-30","Matched by a 2026-07-30 repair rerun; original record-level discovery query was not preserved.","2026-07-30","IsoSearch: An Untargeted and Unbiased Metabolite and Lipid Isotopomer Tracing Strategy from HR-LC-MS/MS Datasets.","Huang H; Yuan M; Seitzer P; Ludwigsen S; Asara JM","2020","10.3390/mps3030054","D-32751454","SCREENED_DECISION_UNRECOVERABLE","unrecoverable","NA",""
"PubMed","HISTORICAL_PROVENANCE_UNRECOVERABLE","","EXACT_REPAIR_RERUN_MATCH","REPAIR-SEARCH-0003","2026-07-30","Matched by a 2026-07-30 repair rerun; original record-level discovery query was not preserved.","2026-07-30","In silico co-factor balance estimation using constraint-based modelling informs metabolic engineering in Escherichia coli.","de Arroyo Garcia L; Jones PR","2020","10.1371/journal.pcbi.1008125","D-32776925","SCREENED_DECISION_UNRECOVERABLE","unrecoverable","NA",""
"PubMed","HISTORICAL_PROVENANCE_UNRECOVERABLE","","EXACT_REPAIR_RERUN_MATCH","REPAIR-SEARCH-0003","2026-07-30","Matched by a 2026-07-30 repair rerun; original record-level discovery query was not preserved.","2026-07-30","Hyperpolarized [1-(13)C]pyruvate-to-[1-(13)C]lactate conversion is rate-limited by monocarboxylate transporter-1 in the plasma membrane.","Rao Y; Gammon S; Zacharias NM; Liu T; Salzillo T; Xi Y; Wang J; Bhattacharya P; Piwnica-Worms D","2020","10.1073/pnas.2003537117","D-32839325","SCREENED_DECISION_UNRECOVERABLE","unrecoverable","NA",""
"PubMed","HISTORICAL_PROVENANCE_UNRECOVERABLE","","EXACT_REPAIR_RERUN_MATCH","REPAIR-SEARCH-0003","2026-07-30","Matched by a 2026-07-30 repair rerun; original record-level discovery query was not preserved.","2026-07-30","Evaluation of carbon flux and substrate selection through alternate pathways involving the citric acid cycle of the heart by 13C NMR spectroscopy.","Malloy CR; Sherry AD; Jeffrey FM","1988","PMID:3284880","D-3284880","SCREENED_DECISION_UNRECOVERABLE","unrecoverable","NA",""
"PubMed","HISTORICAL_PROVENANCE_UNRECOVERABLE","","EXACT_REPAIR_RERUN_MATCH","REPAIR-SEARCH-0006","2026-07-30","Matched by a 2026-07-30 repair rerun; original record-level discovery query was not preserved.","2026-07-30","Autotrophic and mixotrophic metabolism of an anammox bacterium revealed by in vivo (13)C and (2)H metabolic network mapping.","Lawson CE; Nuijten GHL; de Graaf RM; Jacobson TB; Pabst M; Stevenson DM; Jetten MSM; Noguera DR; McMahon KD; Amador-Noguez D; Lücker S","2021","10.1038/s41396-020-00805-w","D-33082573","SCREENED_DECISION_UNRECOVERABLE","unrecoverable","NA",""
"PubMed","HISTORICAL_PROVENANCE_UNRECOVERABLE","","EXACT_REPAIR_RERUN_MATCH","REPAIR-SEARCH-0006","2026-07-30","Matched by a 2026-07-30 repair rerun; original record-level discovery query was not preserved.","2026-07-30","Metabolic Flux Analysis-Linking Isotope Labeling and Metabolic Fluxes.","Wang Y; Wondisford FE; Song C; Zhang T; Su X","2020","10.3390/metabo10110447","D-33172051","SCREENED_DECISION_UNRECOVERABLE","unrecoverable","NA",""
"PubMed","HISTORICAL_PROVENANCE_UNRECOVERABLE","","EXACT_REPAIR_RERUN_MATCH","REPAIR-SEARCH-0001","2026-07-30","Matched by a 2026-07-30 repair rerun; original record-level discovery query was not preserved.","2026-07-30","Exploring the Use of Gas Chromatography Coupled to Chemical Ionization Mass Spectrometry (GC-CI-MS) for Stable Isotope Labeling in Metabolomics.","Capellades J; Junza A; Samino S; Brunner JS; Schabbauer G; Vinaixa M; Yanes O","2021","10.1021/acs.analchem.0c02998","D-33369389","SCREENED_DECISION_UNRECOVERABLE","unrecoverable","NA",""
"PubMed","HISTORICAL_PROVENANCE_UNRECOVERABLE","","EXACT_REPAIR_RERUN_MATCH","REPAIR-SEARCH-0006","2026-07-30","Matched by a 2026-07-30 repair rerun; original record-level discovery query was not preserved.","2026-07-30","Exploring the metabolic fate of propanol in industrial erythromycin-producing strain via (13)C labeling experiments and enhancement of erythromycin production by rational metabolic engineering of Saccharopolyspora erythraea.","Xu F; Ke X; Hong M; Huang M; Chen C; Tian X; Hang H; Chu J","2021","10.1016/j.bbrc.2021.01.024","D-33497965","SCREENED_DECISION_UNRECOVERABLE","unrecoverable","NA",""
"PubMed","HISTORICAL_PROVENANCE_UNRECOVERABLE","","EXACT_REPAIR_RERUN_MATCH","REPAIR-SEARCH-0004","2026-07-30","Matched by a 2026-07-30 repair rerun; original record-level discovery query was not preserved.","2026-07-30","(13)C isotope-based metabolic flux analysis revealing cellular landscape of glucose metabolism in human liver cells exposed to perfluorooctanoic acid.","Zhang R; Chen B; Lin L; Zhang H; Luan T","2021","10.1016/j.scitotenv.2021.145329","D-33515891","SCREENED_DECISION_UNRECOVERABLE","unrecoverable","NA",""
"PubMed","HISTORICAL_PROVENANCE_UNRECOVERABLE","","EXACT_REPAIR_RERUN_MATCH","REPAIR-SEARCH-0004","2026-07-30","Matched by a 2026-07-30 repair rerun; original record-level discovery query was not preserved.","2026-07-30","Global coordination of metabolic pathways in Escherichia coli by active and passive regulation.","Kochanowski K; Okano H; Patsalo V; Williamson J; Sauer U; Hwa T","2021","10.15252/msb.202010064","D-33852189","SCREENED_DECISION_UNRECOVERABLE","unrecoverable","NA",""
"PubMed","HISTORICAL_PROVENANCE_UNRECOVERABLE","","EXACT_REPAIR_RERUN_MATCH","REPAIR-SEARCH-0001","2026-07-30","Matched by a 2026-07-30 repair rerun; original record-level discovery query was not preserved.","2026-07-30","The Leloir Cycle in Glioblastoma: Galactose Scavenging and Metabolic Remodeling.","Sharpe MA; Ijare OB; Baskin DS; Baskin AM; Baskin BN; Pichumani K","2021","10.3390/cancers13081815","D-33920278","SCREENED_DECISION_UNRECOVERABLE","unrecoverable","NA",""
"PubMed","HISTORICAL_PROVENANCE_UNRECOVERABLE","","EXACT_REPAIR_RERUN_MATCH","REPAIR-SEARCH-0002","2026-07-30","Matched by a 2026-07-30 repair rerun; original record-level discovery query was not preserved.","2026-07-30","In Vivo Estimation of Ketogenesis Using Metabolic Flux Analysis-Technical Aspects and Model Interpretation.","Deja S; Kucejova B; Fu X; Browning JD; Young JD; Burgess S","2021","10.3390/metabo11050279","D-33924948","SCREENED_DECISION_UNRECOVERABLE","unrecoverable","NA",""
"PubMed","HISTORICAL_PROVENANCE_UNRECOVERABLE","","EXACT_REPAIR_RERUN_MATCH","REPAIR-SEARCH-0006","2026-07-30","Matched by a 2026-07-30 repair rerun; original record-level discovery query was not preserved.","2026-07-30","The next phase in the development of 13C isotopically non-stationary metabolic flux analysis.","Wieloch T","2021","10.1093/jxb/erab292","D-34131712","SCREENED_DECISION_UNRECOVERABLE","unrecoverable","NA",""
"PubMed","HISTORICAL_PROVENANCE_UNRECOVERABLE","","EXACT_REPAIR_RERUN_MATCH","REPAIR-SEARCH-0003","2026-07-30","Matched by a 2026-07-30 repair rerun; original record-level discovery query was not preserved.","2026-07-30","Analysis of steady-state carbon tracer experiments using akaike information criteria.","Alger JR; Minhajuddin A; Dean Sherry A; Malloy CR","2021","10.1007/s11306-021-01807-1","D-34148138","SCREENED_DECISION_UNRECOVERABLE","unrecoverable","NA",""
"PubMed","HISTORICAL_PROVENANCE_UNRECOVERABLE","","EXACT_REPAIR_RERUN_MATCH","REPAIR-SEARCH-0006","2026-07-30","Matched by a 2026-07-30 repair rerun; original record-level discovery query was not preserved.","2026-07-30","The Metabolic Flux Probe (MFP)-Secreted Protein as a Non-Disruptive Information Carrier for (13)C-Based Metabolic Flux Analysis.","Dusny C; Schmid A","2021","10.3390/ijms22179438","D-34502345","SCREENED_DECISION_UNRECOVERABLE","unrecoverable","NA",""
"PubMed","HISTORICAL_PROVENANCE_UNRECOVERABLE","","EXACT_REPAIR_RERUN_MATCH","REPAIR-SEARCH-0004","2026-07-30","Matched by a 2026-07-30 repair rerun; original record-level discovery query was not preserved.","2026-07-30","Classification and biomarker identification of prostate tissue from TRAMP mice with hyperpolarized (13)C-SIRA.","Frahm AB; Hill D; Katsikis S; Andreassen T; Ardenkjær-Larsen JH; Bathen TF; Moestue SA; Jensen PR; Lerche MH","2021","10.1016/j.talanta.2021.122812","D-34517669","SCREENED_DECISION_UNRECOVERABLE","unrecoverable","NA",""
"PubMed","HISTORICAL_PROVENANCE_UNRECOVERABLE","","EXACT_REPAIR_RERUN_MATCH","REPAIR-SEARCH-0006","2026-07-30","Matched by a 2026-07-30 repair rerun; original record-level discovery query was not preserved.","2026-07-30","Probing Light-Dependent Regulation of the Calvin Cycle Using a Multi-Omics Approach.","Yu King Hing N; Aryal UK; Morgan JA","2021","10.3389/fpls.2021.733122","D-34671374","SCREENED_DECISION_UNRECOVERABLE","unrecoverable","NA",""
"PubMed","HISTORICAL_PROVENANCE_UNRECOVERABLE","","EXACT_REPAIR_RERUN_MATCH","REPAIR-SEARCH-0003","2026-07-30","Matched by a 2026-07-30 repair rerun; original record-level discovery query was not preserved.","2026-07-30","Computational Framework for Machine-Learning-Enabled (13)C Fluxomics.","Wu C; Yu J; Guarnieri M; Xiong W","2022","10.1021/acssynbio.1c00189","D-34705423","SCREENED_DECISION_UNRECOVERABLE","unrecoverable","NA",""
"PubMed","HISTORICAL_PROVENANCE_UNRECOVERABLE","","EXACT_REPAIR_RERUN_MATCH","REPAIR-SEARCH-0006","2026-07-30","Matched by a 2026-07-30 repair rerun; original record-level discovery query was not preserved.","2026-07-30","Metabolic flux analysis of the non-transitory starch tradeoff for lipid production in mature tobacco leaves.","Chu KL; Koley S; Jenkins LM; Bailey SR; Kambhampati S; Foley K; Arp JJ; Morley SA; Czymmek KJ; Bates PD; Allen DK","2022","10.1016/j.ymben.2021.12.003","D-34920088","SCREENED_DECISION_UNRECOVERABLE","unrecoverable","NA",""
"PubMed","HISTORICAL_PROVENANCE_UNRECOVERABLE","","EXACT_REPAIR_RERUN_MATCH","REPAIR-SEARCH-0006","2026-07-30","Matched by a 2026-07-30 repair rerun; original record-level discovery query was not preserved.","2026-07-30","Isotopically nonstationary (13)C metabolic flux analysis in resting and activated human platelets.","Sake CL; Metcalf AJ; Meagher M; Di Paola J; Neeves KB; Boyle NR","2022","10.1016/j.ymben.2021.12.007","D-34954086","SCREENED_DECISION_UNRECOVERABLE","unrecoverable","NA",""
"PubMed","HISTORICAL_PROVENANCE_UNRECOVERABLE","","EXACT_REPAIR_RERUN_MATCH","REPAIR-SEARCH-0006","2026-07-30","Matched by a 2026-07-30 repair rerun; original record-level discovery query was not preserved.","2026-07-30","Pool size measurements improve precision of flux estimates but increase sensitivity to unmodeled reactions outside the core network in isotopically nonstationary metabolic flux analysis (INST-MFA).","Zheng AO; Sher A; Fridman D; Musante CJ; Young JD","2022","10.1002/biot.202000427","D-35085426","RETAINED","retained","NA","P0016"
"PubMed","HISTORICAL_PROVENANCE_UNRECOVERABLE","","EXACT_REPAIR_RERUN_MATCH","REPAIR-SEARCH-0006","2026-07-30","Matched by a 2026-07-30 repair rerun; original record-level discovery query was not preserved.","2026-07-30","Isotope-assisted metabolic flux analysis as an equality-constrained nonlinear program for improved scalability and robustness.","Lugar DJ; Sriram G","2022","10.1371/journal.pcbi.1009831","D-35324890","SCREENED_DECISION_UNRECOVERABLE","unrecoverable","NA",""
"PubMed","HISTORICAL_PROVENANCE_UNRECOVERABLE","","EXACT_REPAIR_RERUN_MATCH","REPAIR-SEARCH-0003","2026-07-30","Matched by a 2026-07-30 repair rerun; original record-level discovery query was not preserved.","2026-07-30","Validation-based model selection for 13C metabolic flux analysis with uncertain measurement errors.","Sundqvist N; Grankvist N; Watrous J; Mohit J; Nilsson R; Cedersund G","2022","10.1371/journal.pcbi.1009999","D-35404953","SCREENED_DECISION_UNRECOVERABLE","unrecoverable","NA",""
"PubMed","HISTORICAL_PROVENANCE_UNRECOVERABLE","","EXACT_REPAIR_RERUN_MATCH","REPAIR-SEARCH-0001;REPAIR-SEARCH-0003","2026-07-30","Matched by a 2026-07-30 repair rerun; original record-level discovery query was not preserved.","2026-07-30","GC/MS-based (13)C metabolic flux analysis resolves the parallel and cyclic photomixotrophic metabolism of Synechocystis sp. PCC 6803 and selected deletion mutants including the Entner-Doudoroff and phosphoketolase pathways.","Schulze D; Kohlstedt M; Becker J; Cahoreau E; Peyriga L; Makowka A; Hildebrandt S; Gutekunst K; Portais JC; Wittmann C","2022","10.1186/s12934-022-01790-9","D-35459213","SCREENED_DECISION_UNRECOVERABLE","unrecoverable","NA",""
"PubMed","HISTORICAL_PROVENANCE_UNRECOVERABLE","","EXACT_REPAIR_RERUN_MATCH","REPAIR-SEARCH-0004","2026-07-30","Matched by a 2026-07-30 repair rerun; original record-level discovery query was not preserved.","2026-07-30","Biobased PET from lignin using an engineered cis, cis-muconate-producing Pseudomonas putida strain with superior robustness, energy and redox properties.","Kohlstedt M; Weimer A; Weiland F; Stolzenberger J; Selzer M; Sanz M; Kramps L; Wittmann C","2022","10.1016/j.ymben.2022.05.001","D-35545205","SCREENED_DECISION_UNRECOVERABLE","unrecoverable","NA",""
"PubMed","HISTORICAL_PROVENANCE_UNRECOVERABLE","","EXACT_REPAIR_RERUN_MATCH","REPAIR-SEARCH-0006","2026-07-30","Matched by a 2026-07-30 repair rerun; original record-level discovery query was not preserved.","2026-07-30","On the rate of phytoplankton respiration in the light.","Bender ML; Zhu XG; Falkowski P; Ma F; Griffin K","2022","10.1093/plphys/kiac254","D-35652738","SCREENED_DECISION_UNRECOVERABLE","unrecoverable","NA",""
"PubMed","HISTORICAL_PROVENANCE_UNRECOVERABLE","","EXACT_REPAIR_RERUN_MATCH","REPAIR-SEARCH-0001;REPAIR-SEARCH-0003","2026-07-30","Matched by a 2026-07-30 repair rerun; original record-level discovery query was not preserved.","2026-07-30","Linear programming based gene expression model (LPM-GEM) predicts the carbon source for Bacillus subtilis.","Thanamit K; Hoerhold F; Oswald M; Koenig R","2022","10.1186/s12859-022-04742-7","D-35689204","SCREENED_DECISION_UNRECOVERABLE","unrecoverable","NA",""
"PubMed","HISTORICAL_PROVENANCE_UNRECOVERABLE","","EXACT_REPAIR_RERUN_MATCH","REPAIR-SEARCH-0006","2026-07-30","Matched by a 2026-07-30 repair rerun; original record-level discovery query was not preserved.","2026-07-30","Isotope-Assisted Metabolic Flux Analysis: A Powerful Technique to Gain New Insights into the Human Metabolome in Health and Disease.","Moiz B; Li A; Padmanabhan S; Sriram G; Clyne AM","2022","10.3390/metabo12111066","D-36355149","SCREENED_DECISION_UNRECOVERABLE","unrecoverable","NA",""
"PubMed","HISTORICAL_PROVENANCE_UNRECOVERABLE","","EXACT_REPAIR_RERUN_MATCH","REPAIR-SEARCH-0006","2026-07-30","Matched by a 2026-07-30 repair rerun; original record-level discovery query was not preserved.","2026-07-30","Stochastic simulation algorithm for isotope-based dynamic flux analysis.","Thommen Q; Hurbain J; Pfeuty B","2023","10.1016/j.ymben.2022.11.001","D-36402409","SCREENED_DECISION_UNRECOVERABLE","unrecoverable","NA",""
"PubMed","HISTORICAL_PROVENANCE_UNRECOVERABLE","","EXACT_REPAIR_RERUN_MATCH","REPAIR-SEARCH-0004","2026-07-30","Matched by a 2026-07-30 repair rerun; original record-level discovery query was not preserved.","2026-07-30","Whole-Body Mouse Fluxomic Analysis to Detect Metabolic Disruptions Associated with Microcephaly: Using (13)C Isotopes.","Tikunov AP","2023","10.1007/978-1-0716-2752-5_13","D-36418732","SCREENED_DECISION_UNRECOVERABLE","unrecoverable","NA",""
"PubMed","HISTORICAL_PROVENANCE_UNRECOVERABLE","","EXACT_REPAIR_RERUN_MATCH","REPAIR-SEARCH-0006","2026-07-30","Matched by a 2026-07-30 repair rerun; original record-level discovery query was not preserved.","2026-07-30","Integrated flux and pool size analysis in plant central metabolism reveals unique roles of glycine and serine during photorespiration.","Fu X; Gregory LM; Weise SE; Walker BJ","2023","10.1038/s41477-022-01294-9","D-36536013","SCREENED_DECISION_UNRECOVERABLE","unrecoverable","NA",""
"PubMed","HISTORICAL_PROVENANCE_UNRECOVERABLE","","EXACT_REPAIR_RERUN_MATCH","REPAIR-SEARCH-0004","2026-07-30","Matched by a 2026-07-30 repair rerun; original record-level discovery query was not preserved.","2026-07-30","Dark accumulation of downstream glycolytic intermediates initiates robust photosynthesis in cyanobacteria.","Tanaka K; Shirai T; Vavricka CJ; Matsuda M; Kondo A; Hasunuma T","2023","10.1093/plphys/kiac602","D-36574371","SCREENED_DECISION_UNRECOVERABLE","unrecoverable","NA",""
"PubMed","HISTORICAL_PROVENANCE_UNRECOVERABLE","","EXACT_REPAIR_RERUN_MATCH","REPAIR-SEARCH-0006","2026-07-30","Matched by a 2026-07-30 repair rerun; original record-level discovery query was not preserved.","2026-07-30","Isotopically non-stationary metabolic flux analysis of heterotrophic Arabidopsis thaliana cell cultures.","Smith EN; Ratcliffe RG; Kruger NJ","2022","10.3389/fpls.2022.1049559","D-36699846","SCREENED_DECISION_UNRECOVERABLE","unrecoverable","NA",""
"PubMed","HISTORICAL_PROVENANCE_UNRECOVERABLE","","EXACT_REPAIR_RERUN_MATCH","REPAIR-SEARCH-0006","2026-07-30","Matched by a 2026-07-30 repair rerun; original record-level discovery query was not preserved.","2026-07-30","Validation of carbon isotopologue distribution measurements by GC-MS and application to (13)C-metabolic flux analysis of the tricarboxylic acid cycle in Brassica napus leaves.","Dellero Y; Berardocco S; Berges C; Filangi O; Bouchereau A","2022","10.3389/fpls.2022.885051","D-36704152","SCREENED_DECISION_UNRECOVERABLE","unrecoverable","NA",""
"PubMed","HISTORICAL_PROVENANCE_UNRECOVERABLE","","EXACT_REPAIR_RERUN_MATCH","REPAIR-SEARCH-0004","2026-07-30","Matched by a 2026-07-30 repair rerun; original record-level discovery query was not preserved.","2026-07-30","The effect of sodium thiosulfate on immune cell metabolism during porcine hemorrhage and resuscitation.","Wolfschmitt EM; Hogg M; Vogt JA; Zink F; Wachter U; Hezel F; Zhang X; Hoffmann A; Gröger M; Hartmann C; Gässler H; Datzmann T; Merz T; Hellmann A; Kranz C; Calzia E; Radermacher P; Messerer DAC","2023","10.3389/fimmu.2023.1125594","D-36911662","SCREENED_DECISION_UNRECOVERABLE","unrecoverable","NA",""
"PubMed","HISTORICAL_PROVENANCE_UNRECOVERABLE","","EXACT_REPAIR_RERUN_MATCH","REPAIR-SEARCH-0006","2026-07-30","Matched by a 2026-07-30 repair rerun; original record-level discovery query was not preserved.","2026-07-30","Effects of n-butanol production on metabolism and the photosystem in Synecococcus elongatus PCC 7942 based on metabolic flux and target proteome analyses.","Wada K; Uebayashi K; Toya Y; Putri SP; Matsuda F; Fukusaki E; C Liao J; Shimizu H","2024","10.2323/jgam.2023.03.002","D-36935115","SCREENED_DECISION_UNRECOVERABLE","unrecoverable","NA",""
"PubMed","HISTORICAL_PROVENANCE_UNRECOVERABLE","","EXACT_REPAIR_RERUN_MATCH","REPAIR-SEARCH-0003;REPAIR-SEARCH-0004","2026-07-30","Matched by a 2026-07-30 repair rerun; original record-level discovery query was not preserved.","2026-07-30","Model Validation and Selection in Metabolic Flux Analysis and Flux Balance Analysis.","Kaste JAM; Shachar-Hill Y","2023","PMID:36994165","D-36994165","SCREENED_DECISION_UNRECOVERABLE","unrecoverable","NA",""
"PubMed","HISTORICAL_PROVENANCE_UNRECOVERABLE","","EXACT_REPAIR_RERUN_MATCH","REPAIR-SEARCH-0006","2026-07-30","Matched by a 2026-07-30 repair rerun; original record-level discovery query was not preserved.","2026-07-30","Isotopically non-stationary (13) C metabolic flux analysis of two closely related fast-growing cyanobacteria, Synechococcus elongatus PCC 11801 and 11802.","Jaiswal D; Nenwani M; Wangikar PP","2023","10.1111/tpj.16316","D-37219374","SCREENED_DECISION_UNRECOVERABLE","unrecoverable","NA",""
"PubMed","HISTORICAL_PROVENANCE_UNRECOVERABLE","","EXACT_REPAIR_RERUN_MATCH","REPAIR-SEARCH-0006","2026-07-30","Matched by a 2026-07-30 repair rerun; original record-level discovery query was not preserved.","2026-07-30","Systematic comparison of local approaches for isotopically nonstationary metabolic flux analysis.","Huß S; Nikoloski Z","2023","10.3389/fpls.2023.1178239","D-37346134","SCREENED_DECISION_UNRECOVERABLE","unrecoverable","NA",""
"PubMed","HISTORICAL_PROVENANCE_UNRECOVERABLE","","EXACT_REPAIR_RERUN_MATCH","REPAIR-SEARCH-0004","2026-07-30","Matched by a 2026-07-30 repair rerun; original record-level discovery query was not preserved.","2026-07-30","High throughput (13)C-metabolic flux analysis of 3-hydroxypropionic acid producing Pichia pastoris reveals limited availability of acetyl-CoA and ATP due to tight control of the glycolytic flux.","Fina A; Millard P; Albiol J; Ferrer P; Heux S","2023","10.1186/s12934-023-02123-0","D-37380999","SCREENED_DECISION_UNRECOVERABLE","unrecoverable","NA",""
"PubMed","HISTORICAL_PROVENANCE_UNRECOVERABLE","","EXACT_REPAIR_RERUN_MATCH","REPAIR-SEARCH-0006","2026-07-30","Matched by a 2026-07-30 repair rerun; original record-level discovery query was not preserved.","2026-07-30","FreeFlux: A Python Package for Time-Efficient Isotopically Nonstationary Metabolic Flux Analysis.","Wu C; Guarnieri M; Xiong W","2023","10.1021/acssynbio.3c00265","D-37561998","SCREENED_DECISION_UNRECOVERABLE","unrecoverable","NA",""
"PubMed","HISTORICAL_PROVENANCE_UNRECOVERABLE","","EXACT_REPAIR_RERUN_MATCH","REPAIR-SEARCH-0004","2026-07-30","Matched by a 2026-07-30 repair rerun; original record-level discovery query was not preserved.","2026-07-30","Dual strategy for (13)C-Metabolic flux analysis of central carbon and energy metabolism in Mammalian cells based on LC-isoMRM-MS.","Zheng J; Yang J; Liang X; Fang M; Wang Y","2024","10.1016/j.talanta.2023.125074","D-37651912","SCREENED_DECISION_UNRECOVERABLE","unrecoverable","NA",""
"PubMed","HISTORICAL_PROVENANCE_UNRECOVERABLE","","EXACT_REPAIR_RERUN_MATCH","REPAIR-SEARCH-0004;REPAIR-SEARCH-0006","2026-07-30","Matched by a 2026-07-30 repair rerun; original record-level discovery query was not preserved.","2026-07-30","(13)CO(2)-labelling and Sampling in Algae for Flux Analysis of Photosynthetic and Central Carbon Metabolism.","Geffen O; Achaintre D; Treves H","2023","10.21769/bioprotoc.4808","D-37719071","SCREENED_DECISION_UNRECOVERABLE","unrecoverable","NA",""
"PubMed","HISTORICAL_PROVENANCE_UNRECOVERABLE","","EXACT_REPAIR_RERUN_MATCH","REPAIR-SEARCH-0004","2026-07-30","Matched by a 2026-07-30 repair rerun; original record-level discovery query was not preserved.","2026-07-30","BayFlux: A Bayesian method to quantify metabolic Fluxes and their uncertainty at the genome scale.","Backman TWH; Schenk C; Radivojevic T; Ando D; Singh J; Czajka JJ; Costello Z; Keasling JD; Tang Y; Akhmatskaya E; Garcia Martin H","2023","10.1371/journal.pcbi.1011111","D-37948450","SCREENED_DECISION_UNRECOVERABLE","unrecoverable","NA",""
"PubMed","HISTORICAL_PROVENANCE_UNRECOVERABLE","","EXACT_REPAIR_RERUN_MATCH","REPAIR-SEARCH-0003;REPAIR-SEARCH-0004","2026-07-30","Matched by a 2026-07-30 repair rerun; original record-level discovery query was not preserved.","2026-07-30","Model validation and selection in metabolic flux analysis and flux balance analysis.","Kaste JAM; Shachar-Hill Y","2024","10.1002/btpr.3413","D-37997613","SCREENED_DECISION_UNRECOVERABLE","unrecoverable","NA",""
"PubMed","HISTORICAL_PROVENANCE_UNRECOVERABLE","","EXACT_REPAIR_RERUN_MATCH","REPAIR-SEARCH-0006","2026-07-30","Matched by a 2026-07-30 repair rerun; original record-level discovery query was not preserved.","2026-07-30","A simulation-free constrained regression approach for flux estimation in isotopically nonstationary metabolic flux analysis with applications in microalgae.","Küken A; Treves H; Nikoloski Z","2023","10.3389/fpls.2023.1140829","D-38078077","SCREENED_DECISION_UNRECOVERABLE","unrecoverable","NA",""
"PubMed","HISTORICAL_PROVENANCE_UNRECOVERABLE","","EXACT_REPAIR_RERUN_MATCH","REPAIR-SEARCH-0001","2026-07-30","Matched by a 2026-07-30 repair rerun; original record-level discovery query was not preserved.","2026-07-30","Selecting a preculture strategy for improving biomass and astaxanthin productivity of Chromochloris zofingiensis.","Wang Y; Wang J; Yang S; Liang Q; Gu Z; Wang Y; Mou H; Sun H","2024","10.1007/s00253-023-12873-x","D-38204137","SCREENED_DECISION_UNRECOVERABLE","unrecoverable","NA",""
"PubMed","HISTORICAL_PROVENANCE_UNRECOVERABLE","","EXACT_REPAIR_RERUN_MATCH","REPAIR-SEARCH-0004","2026-07-30","Matched by a 2026-07-30 repair rerun; original record-level discovery query was not preserved.","2026-07-30","Ex Vivo (13)C-Metabolic Flux Analysis of Porcine Circulating Immune Cells Reveals Cell Type-Specific Metabolic Patterns and Sex Differences in the Pentose Phosphate Pathway.","Hogg M; Wolfschmitt EM; Wachter U; Zink F; Radermacher P; Vogt JA","2024","10.3390/biom14010098","D-38254698","SCREENED_DECISION_UNRECOVERABLE","unrecoverable","NA",""
"PubMed","HISTORICAL_PROVENANCE_UNRECOVERABLE","","EXACT_REPAIR_RERUN_MATCH","REPAIR-SEARCH-0006","2026-07-30","Matched by a 2026-07-30 repair rerun; original record-level discovery query was not preserved.","2026-07-30","SIMPEL: using stable isotopes to elucidate dynamics of context specific metabolism.","Kambhampati S; Hubbard AH; Koley S; Gomez JD; Marsolais F; Evans BS; Young JD; Allen DK","2024","10.1038/s42003-024-05844-z","D-38347116","SCREENED_DECISION_UNRECOVERABLE","unrecoverable","NA",""
"PubMed","HISTORICAL_PROVENANCE_UNRECOVERABLE","","EXACT_REPAIR_RERUN_MATCH","REPAIR-SEARCH-0006","2026-07-30","Matched by a 2026-07-30 repair rerun; original record-level discovery query was not preserved.","2026-07-30","Isotopically nonstationary metabolic flux analysis of plants: recent progress and future opportunities.","Koley S; Jyoti P; Lingwan M; Allen DK","2024","10.1111/nph.19734","D-38628036","SCREENED_DECISION_UNRECOVERABLE","unrecoverable","NA",""
"PubMed","HISTORICAL_PROVENANCE_UNRECOVERABLE","","EXACT_REPAIR_RERUN_MATCH","REPAIR-SEARCH-0006","2026-07-30","Matched by a 2026-07-30 repair rerun; original record-level discovery query was not preserved.","2026-07-30","Combining Gas Exchange and Rapid Quenching of Leaf Tissue for Mass Spectrometry Analysis Directly in Gas Exchange Cuvette.","Xu Y; Fu X; Sharkey TD; Walker BJ","2024","10.1007/978-1-0716-3802-6_17","D-38861090","SCREENED_DECISION_UNRECOVERABLE","unrecoverable","NA",""
"PubMed","HISTORICAL_PROVENANCE_UNRECOVERABLE","","EXACT_REPAIR_RERUN_MATCH","REPAIR-SEARCH-0006","2026-07-30","Matched by a 2026-07-30 repair rerun; original record-level discovery query was not preserved.","2026-07-30","Evaluating the contribution of plant metabolic pathways in the light to the ATP:NADPH demand using a meta-analysis of isotopically non-stationary metabolic flux analyses.","Smith K; Strand DD; Walker BJ","2024","10.1007/s11120-024-01106-5","D-38874662","SCREENED_DECISION_UNRECOVERABLE","unrecoverable","NA",""
"PubMed","HISTORICAL_PROVENANCE_UNRECOVERABLE","","EXACT_REPAIR_RERUN_MATCH","REPAIR-SEARCH-0005","2026-07-30","Matched by a 2026-07-30 repair rerun; original record-level discovery query was not preserved.","2026-07-30","Using DIMet for Differential Analysis of Labeled Metabolomics Data: A Step-by-step Guide Showcasing the Glioblastoma Metabolism.","Galvis J; Guyon J; Daubon T; Nikolski M","2025","10.21769/bioprotoc.5168","D-39872723","SCREENED_DECISION_UNRECOVERABLE","unrecoverable","NA",""
"PubMed","HISTORICAL_PROVENANCE_UNRECOVERABLE","","EXACT_REPAIR_RERUN_MATCH","REPAIR-SEARCH-0004","2026-07-30","Matched by a 2026-07-30 repair rerun; original record-level discovery query was not preserved.","2026-07-30","Proline mitigates antibiotic resistance evolution induced by ciprofloxacin at environmental concentrations.","Wang H; Wu X; Xu J; Lu Z; Hu B; Zhu L; Lu H","2025","10.1016/j.jhazmat.2025.137561","D-39938368","SCREENED_DECISION_UNRECOVERABLE","unrecoverable","NA",""
"PubMed","HISTORICAL_PROVENANCE_UNRECOVERABLE","","EXACT_REPAIR_RERUN_MATCH","REPAIR-SEARCH-0006","2026-07-30","Matched by a 2026-07-30 repair rerun; original record-level discovery query was not preserved.","2026-07-30","Quantification of the inputs and outputs of serine and glycine metabolism in cancer cells.","Wang Y; Wu H; Hu X","2025","10.1016/j.abb.2025.110367","D-40032043","SCREENED_DECISION_UNRECOVERABLE","unrecoverable","NA",""
"PubMed","HISTORICAL_PROVENANCE_UNRECOVERABLE","","EXACT_REPAIR_RERUN_MATCH","REPAIR-SEARCH-0006","2026-07-30","Matched by a 2026-07-30 repair rerun; original record-level discovery query was not preserved.","2026-07-30","The effects of photosynthetic rate on respiration in light, starch/sucrose partitioning, and other metabolic fluxes within photosynthesis.","Xu Y; Kaste JAM; Weise SE; Shachar-Hill Y; Sharkey TD","2025","10.1038/s41598-025-88574-4","D-40069307","SCREENED_DECISION_UNRECOVERABLE","unrecoverable","NA",""
"PubMed","HISTORICAL_PROVENANCE_UNRECOVERABLE","","EXACT_REPAIR_RERUN_MATCH","REPAIR-SEARCH-0006","2026-07-30","Matched by a 2026-07-30 repair rerun; original record-level discovery query was not preserved.","2026-07-30","Metabolic flux analysis in leaf metabolism quantifies the link between photorespiration and one carbon metabolism.","Gashu K; Kaste JAM; Roje S; Walker BJ","2025","10.1038/s41477-025-02091-w","D-40903490","SCREENED_DECISION_UNRECOVERABLE","unrecoverable","NA",""
"PubMed","HISTORICAL_PROVENANCE_UNRECOVERABLE","","EXACT_REPAIR_RERUN_MATCH","REPAIR-SEARCH-0006","2026-07-30","Matched by a 2026-07-30 repair rerun; original record-level discovery query was not preserved.","2026-07-30","Nonstationary (13)C metabolic flux analysis reveals cryptic phenylacetic acid catabolism in glucose-limited Penicillium chrysogenum chemostat cultures.","Zhao J; Lin W; Yang J; Wang G; Wang Y; Chang M; Wang X; Muawiya MA; Wang Z; Zhuang Y; Wang G","2026","10.1016/j.biortech.2025.133412","D-41033499","SCREENED_DECISION_UNRECOVERABLE","unrecoverable","NA",""
"PubMed","HISTORICAL_PROVENANCE_UNRECOVERABLE","","EXACT_REPAIR_RERUN_MATCH","REPAIR-SEARCH-0003;REPAIR-SEARCH-0004","2026-07-30","Matched by a 2026-07-30 repair rerun; original record-level discovery query was not preserved.","2026-07-30","Metabolic engineering of Acinetobacter baylyi ADP1 for efficient utilization of pentose sugars and production of glutamic acid.","Luo J; Efimova E; Santala V; Santala S","2026","10.1016/j.ymben.2025.10.001","D-41067385","SCREENED_DECISION_UNRECOVERABLE","unrecoverable","NA",""
"PubMed","HISTORICAL_PROVENANCE_UNRECOVERABLE","","EXACT_REPAIR_RERUN_MATCH","REPAIR-SEARCH-0004;REPAIR-SEARCH-0005;REPAIR-SEARCH-0006","2026-07-30","Matched by a 2026-07-30 repair rerun; original record-level discovery query was not preserved.","2026-07-30","13CFLUX - third-generation high-performance engine for isotopically (non)stationary 13C metabolic flux analysis.","Stratmann A; Beyß M; Jadebeck JF; Wiechert W; Nöh K","2025","10.1093/bioinformatics/btaf630","D-41252427","SCREENED_DECISION_UNRECOVERABLE","unrecoverable","NA",""
"PubMed","HISTORICAL_PROVENANCE_UNRECOVERABLE","","EXACT_REPAIR_RERUN_MATCH","REPAIR-SEARCH-0006","2026-07-30","Matched by a 2026-07-30 repair rerun; original record-level discovery query was not preserved.","2026-07-30","NeuralFlux: Estimation of Reaction Fluxes at a Genome-Scale Level From Time-Resolved Isotope Labelling Patterns Using Deep Learning.","Huß S; Nikoloski Z","2026","10.1111/pbi.70470","D-41264380","SCREENED_DECISION_UNRECOVERABLE","unrecoverable","NA",""
"PubMed","HISTORICAL_PROVENANCE_UNRECOVERABLE","","EXACT_REPAIR_RERUN_MATCH","REPAIR-SEARCH-0006","2026-07-30","Matched by a 2026-07-30 repair rerun; original record-level discovery query was not preserved.","2026-07-30","Metabolic rewiring and biomass redistribution enable optimized mixotrophic growth in Chlamydomonas.","Koley S; Foley K; Perrine Z; Morley SA; Kambhampati S; Gomez O; Chu KL; Chou YH; Wei M; Tzeng SC; Williams R; Umen JG; Allen DK","2026","10.1073/pnas.2522572123","D-41570075","SCREENED_DECISION_UNRECOVERABLE","unrecoverable","NA",""
"PubMed","HISTORICAL_PROVENANCE_UNRECOVERABLE","","EXACT_REPAIR_RERUN_MATCH","REPAIR-SEARCH-0004","2026-07-30","Matched by a 2026-07-30 repair rerun; original record-level discovery query was not preserved.","2026-07-30","Engineering of the glucose uptake system to increase 2,4-Dihydroxybutyric acid production in Escherichia coli.","Nguyen TAS; Alkim C; Ihle N; Walther T; Frazão CJR","2026","10.1016/j.mec.2026.e00276","D-42028332","SCREENED_DECISION_UNRECOVERABLE","unrecoverable","NA",""
"PubMed","HISTORICAL_PROVENANCE_UNRECOVERABLE","","EXACT_REPAIR_RERUN_MATCH","REPAIR-SEARCH-0004","2026-07-30","Matched by a 2026-07-30 repair rerun; original record-level discovery query was not preserved.","2026-07-30","Transcription factor YALI1_A16891g contributes to enhanced glycolytic flux and mevalonate production at elevated temperature in engineered Yarrowia lipolytica.","Sun Y; Jiang J; Zhuang Y; Chen M; Xia J","2026","10.1016/j.biortech.2026.135335","D-42409202","SCREENED_DECISION_UNRECOVERABLE","unrecoverable","NA",""
"OpenAlex","HISTORICAL_PROVENANCE_UNRECOVERABLE","","EXACT_REPAIR_RERUN_MATCH","REPAIR-SEARCH-0013","2026-07-30","Matched by a 2026-07-30 repair rerun; original record-level discovery query was not preserved.","2026-07-30","Optimal experimental design for model discrimination.","Jay I. Myung; Mark A. Pitt","2009","10.1037/a0016104","D-OA-W2068036624","SCREENED_DECISION_UNRECOVERABLE","unrecoverable","NA",""
"OpenAlex","HISTORICAL_PROVENANCE_UNRECOVERABLE","","EXACT_REPAIR_RERUN_MATCH","REPAIR-SEARCH-0011","2026-07-30","Matched by a 2026-07-30 repair rerun; original record-level discovery query was not preserved.","2026-07-30","Metabolic networks in motion: 13C‐based flux analysis","Uwe Sauer","2006","10.1038/msb4100109","D-OA-W2160079005","SCREENED_DECISION_UNRECOVERABLE","unrecoverable","NA",""
"OpenAlex","HISTORICAL_PROVENANCE_UNRECOVERABLE","","EXACT_REPAIR_RERUN_MATCH","REPAIR-SEARCH-0014","2026-07-30","Matched by a 2026-07-30 repair rerun; original record-level discovery query was not preserved.","2026-07-30","Testing measurement invariance of composites using partial least squares","Jörg Henseler; Christian M. Ringle; Marko Sarstedt","2016","10.1108/imr-09-2014-0304","D-OA-W2167344400","SCREENED_DECISION_UNRECOVERABLE","unrecoverable","NA",""
"OpenAlex","HISTORICAL_PROVENANCE_UNRECOVERABLE","","EXACT_REPAIR_RERUN_MATCH","REPAIR-SEARCH-0012","2026-07-30","Matched by a 2026-07-30 repair rerun; original record-level discovery query was not preserved.","2026-07-30","A guide to 13C metabolic flux analysis for the cancer biologist","Maciek R. Antoniewicz","2018","10.1038/s12276-018-0060-y","D-OA-W2796927648","SCREENED_DECISION_UNRECOVERABLE","unrecoverable","NA",""
"Historical supplementary/citation discovery","HISTORICAL_PROVENANCE_UNRECOVERABLE","","NOT_FOUND_IN_REPAIR_RERUN","","2026-07-30","Original record-level discovery query was not preserved; record was not found in the stored API reruns.","2026-07-30","Wiechert W. 13C metabolic flux analysis. Metabolic Engineering. 2001;3(3):195-206.","Wiechert W","2001","10.1006/mben.2001.0187","D-P0001","RETAINED","retained","NA","P0001"
"Historical supplementary/citation discovery","HISTORICAL_PROVENANCE_UNRECOVERABLE","","NOT_FOUND_IN_REPAIR_RERUN","","2026-07-30","Original record-level discovery query was not preserved; record was not found in the stored API reruns.","2026-07-30","Antoniewicz MR, Kelleher JK, Stephanopoulos G. Elementary metabolite units (EMU): a novel framework for modeling isotopic distributions. Metabolic Engineering. 2007;9(1):68-86.","Antoniewicz MR, Kelleher JK, Stephanopoulos G","2007","10.1016/j.ymben.2006.09.001","D-P0002","RETAINED","retained","NA","P0002"
"Historical supplementary/citation discovery","HISTORICAL_PROVENANCE_UNRECOVERABLE","","NOT_FOUND_IN_REPAIR_RERUN","","2026-07-30","Original record-level discovery query was not preserved; record was not found in the stored API reruns.","2026-07-30","Möllney M, Wiechert W, Kownatzki D, de Graaf AA. Bidirectional reaction steps in metabolic networks: IV. Optimal design of isotopomer labeling experiments. Biotechnology and Bioengineering. 1999;66(2):86-103.","Möllney M, Wiechert W, Kownatzki D, de Graaf AA","1999","10.1002/(sici)1097-0290(1999)66:2<86::aid-bit2>3.0.co;2-a","D-P0004","RETAINED","retained","NA","P0004"
"Historical supplementary/citation discovery","HISTORICAL_PROVENANCE_UNRECOVERABLE","","NOT_FOUND_IN_REPAIR_RERUN","","2026-07-30","Original record-level discovery query was not preserved; record was not found in the stored API reruns.","2026-07-30","Leighty RW, Antoniewicz MR. COMPLETE-MFA: complementary parallel labeling experiments technique for metabolic flux analysis. Metabolic Engineering. 2013;20:49-55.","Leighty RW, Antoniewicz MR","2013","10.1016/j.ymben.2013.08.006","D-P0008","RETAINED","retained","NA","P0008"
"Historical supplementary/citation discovery","HISTORICAL_PROVENANCE_UNRECOVERABLE","","NOT_FOUND_IN_REPAIR_RERUN","","2026-07-30","Original record-level discovery query was not preserved; record was not found in the stored API reruns.","2026-07-30","Beyß M, Parra-Peña VD, Ramirez-Malule H, Nöh K. Robustifying Experimental Tracer Design for 13C-Metabolic Flux Analysis. Frontiers in Bioengineering and Biotechnology. 2021;9:685323.","Beyß M, Parra-Peña VD, Ramirez-Malule H, Nöh K","2021","10.3389/fbioe.2021.685323","D-P0009","RETAINED","retained","NA","P0009"
"Historical supplementary/citation discovery","HISTORICAL_PROVENANCE_UNRECOVERABLE","","NOT_FOUND_IN_REPAIR_RERUN","","2026-07-30","Original record-level discovery query was not preserved; record was not found in the stored API reruns.","2026-07-30","Theorell A, Leweke S, Wiechert W, Nöh K. To be certain about the uncertainty: Bayesian statistics for 13C metabolic flux analysis. Metabolic Engineering. 2017;43:141-151.","Theorell A, Leweke S, Wiechert W, Nöh K","2017","10.1016/j.ymben.2017.08.007","D-P0010","RETAINED","retained","NA","P0010"
"Historical supplementary/citation discovery","HISTORICAL_PROVENANCE_UNRECOVERABLE","","NOT_FOUND_IN_REPAIR_RERUN","","2026-07-30","Original record-level discovery query was not preserved; record was not found in the stored API reruns.","2026-07-30","Au J et al. Parallel labeling experiments validate Clostridium acetobutylicum metabolic network model for 13C metabolic flux analysis. Metabolic Engineering. 2014;26:23-33.","Au J et al","2014","10.1016/j.ymben.2014.08.002","D-P0015","RETAINED","retained","NA","P0015"
"Historical supplementary/citation discovery","HISTORICAL_PROVENANCE_UNRECOVERABLE","","NOT_FOUND_IN_REPAIR_RERUN","","2026-07-30","Original record-level discovery query was not preserved; record was not found in the stored API reruns.","2026-07-30","Long CP et al. Characterization of physiological responses to 22 gene knockouts through integrated analysis of 13C-metabolic flux data. Metabolic Engineering. 2016;37:102-113.","Long CP et al","2016","10.1016/j.ymben.2016.05.004","D-P0020","RETAINED","retained","NA","P0020"
"Historical supplementary/citation discovery","HISTORICAL_PROVENANCE_UNRECOVERABLE","","NOT_FOUND_IN_REPAIR_RERUN","","2026-07-30","Original record-level discovery query was not preserved; record was not found in the stored API reruns.","2026-07-30","Atkinson AC, Fedorov VV. The design of experiments for discriminating between two rival models. Biometrika. 1975;62(1):57-70.","Atkinson AC, Fedorov VV","1975","10.1093/biomet/62.1.57","D-P0021","RETAINED","retained","NA","P0021"
"Historical supplementary/citation discovery","HISTORICAL_PROVENANCE_UNRECOVERABLE","","NOT_FOUND_IN_REPAIR_RERUN","","2026-07-30","Original record-level discovery query was not preserved; record was not found in the stored API reruns.","2026-07-30","Atkinson AC, Fedorov VV. Optimal design: experiments for discriminating between several models. Biometrika. 1975;62(2):289-303.","Atkinson AC, Fedorov VV","1975","10.1093/biomet/62.2.289","D-P0022","RETAINED","retained","NA","P0022"
"Historical supplementary/citation discovery","HISTORICAL_PROVENANCE_UNRECOVERABLE","","NOT_FOUND_IN_REPAIR_RERUN","","2026-07-30","Original record-level discovery query was not preserved; record was not found in the stored API reruns.","2026-07-30","López-Fidalgo J, Tommasi C, Trandafir PC. An optimal experimental design criterion for discriminating between non-normal models. JRSS B. 2007;69(2):231-242.","López-Fidalgo J, Tommasi C, Trandafir PC","2007","10.1111/j.1467-9868.2007.00586.x","D-P0023","RETAINED","retained","NA","P0023"
"Historical supplementary/citation discovery","HISTORICAL_PROVENANCE_UNRECOVERABLE","","NOT_FOUND_IN_REPAIR_RERUN","","2026-07-30","Original record-level discovery query was not preserved; record was not found in the stored API reruns.","2026-07-30","Aletti G, May C, Tommasi C. KL-optimum designs: theoretical properties and practical computation. Statistics and Computing. 2016;26:107-117.","Aletti G, May C, Tommasi C","2016","10.1007/s11222-014-9515-8","D-P0024","RETAINED","retained","NA","P0024"
"Historical supplementary/citation discovery","HISTORICAL_PROVENANCE_UNRECOVERABLE","","NOT_FOUND_IN_REPAIR_RERUN","","2026-07-30","Original record-level discovery query was not preserved; record was not found in the stored API reruns.","2026-07-30","Chernoff H. Sequential design of experiments. Annals of Mathematical Statistics. 1959;30(3):755-770.","Chernoff H","1959","10.1214/aoms/1177706205","D-P0025","RETAINED","retained","NA","P0025"
"Historical supplementary/citation discovery","HISTORICAL_PROVENANCE_UNRECOVERABLE","","NOT_FOUND_IN_REPAIR_RERUN","","2026-07-30","Original record-level discovery query was not preserved; record was not found in the stored API reruns.","2026-07-30","Nitinawarat S, Atia GK, Veeravalli VV. Controlled sensing for multihypothesis testing. IEEE TAC. 2013;58(10):2451-2464.","Nitinawarat S, Atia GK, Veeravalli VV","2013","10.1109/TAC.2013.2261188","D-P0026","RETAINED","retained","NA","P0026"
"Historical supplementary/citation discovery","HISTORICAL_PROVENANCE_UNRECOVERABLE","","NOT_FOUND_IN_REPAIR_RERUN","","2026-07-30","Original record-level discovery query was not preserved; record was not found in the stored API reruns.","2026-07-30","Naghshvar M, Javidi T. Active sequential hypothesis testing. Annals of Statistics. 2013;41(6):2703-2738.","Naghshvar M, Javidi T","2013","10.1214/13-AOS1144","D-P0027","RETAINED","retained","NA","P0027"
"Historical supplementary/citation discovery","HISTORICAL_PROVENANCE_UNRECOVERABLE","","NOT_FOUND_IN_REPAIR_RERUN","","2026-07-30","Original record-level discovery query was not preserved; record was not found in the stored API reruns.","2026-07-30","Deshmukh A, Veeravalli VV, Bhashyam S. Sequential controlled sensing for composite multihypothesis testing. Sequential Analysis. 2021;40(2):259-289.","Deshmukh A, Veeravalli VV, Bhashyam S","2021","10.1080/07474946.2021.1912525","D-P0028","RETAINED","retained","NA","P0028"
"Targeted repair discovery","MANUAL_CITATION_DISCOVERY","","NOT_APPLICABLE","","","Prospective manual discovery during targeted repair; not an original pilot query match.","2026-07-30","Dette H, Melas VB, Shpilev P. Robust T-optimal discriminating designs. Annals of Statistics. 2013;41(3):1693-1715.","Dette H, Melas VB, Shpilev P","2013","10.1214/13-AOS1117","D-P0029","RETAINED","retained","NA","P0029"
