"unique_record_id","title","authors","year","doi_or_identifier","source_occurrence_count","workstream","candidate_gap_affected","methodological_family","likely_load_bearing","current_evidence_depth","full_text_access_status","screening_priority","final_disposition","exclusion_reason","evidence_location","notes"
"P2UT-0001","Pitfalls of using a single criterion for selecting experimental designs","","","","1","A","none","domain_context_or_application","PERIPHERAL","TITLE_ABSTRACT_LEVEL","NOT_ASSESSED","PRIORITY_4","OUT_OF_SCOPE_FOR_PHASE2A1","OUTSIDE_NARROW_GAP01_GAP03_REPAIR; NOT_EXCLUDED_FROM_BROADER_PHASE2_REVIEW","","Prospective Phase 2A.1 paper-level triage; no new search performed. Occurrences=AC0113. Query IDs=PHASE2-SEARCH-0056. No stable corpus paper ID assigned at triage. Grouping used canonical DOI/identifier first. Exact normalized-title fallback required author overlap, or a missing identifier plus a long title and compatible year. Phase 2A.1 final triage: excluded from the bounded foundational repair after title/abstract/citation-context assessment; this record cannot support an absence or novelty conclusion. Phase 2A.1 scoped-repair correction (2026-07-31): automatic FALSE_POSITIVE closure superseded by OUT_OF_SCOPE_FOR_PHASE2A1; original broader-review relevance preserved."
"P2UT-0002","Bidirectional reaction steps in metabolic networks: II. Flux estimation and statistical analysis","Wolfgang Wiechert; Claudia Siefke; Albert A. de Graaf; Achim Marx","1997","10.1002/(sici)1097-0290(19970705)55:1<118::aid-bit13>3.0.co;2-i","1","D","none","model_misspecification_context","PERIPHERAL","DISCOVERY_ONLY","NOT_ASSESSED","PRIORITY_4","OUT_OF_SCOPE_FOR_PHASE2A1","OUTSIDE_NARROW_GAP01_GAP03_REPAIR; NOT_EXCLUDED_FROM_BROADER_PHASE2_REVIEW","","Prospective Phase 2A.1 paper-level triage; no new search performed. Occurrences=DCL0091. Query IDs=PHASE2-SEARCH-0106. No stable corpus paper ID assigned at triage. Grouping used canonical DOI/identifier first. Exact normalized-title fallback required author overlap, or a missing identifier plus a long title and compatible year. Phase 2A.1 final triage: excluded from the bounded foundational repair after title/abstract/citation-context assessment; this record cannot support an absence or novelty conclusion. Phase 2A.1 scoped-repair correction (2026-07-31): automatic FALSE_POSITIVE closure superseded by OUT_OF_SCOPE_FOR_PHASE2A1; original broader-review relevance preserved."
"P2UT-0003","Nuisance Parameters","Bruce G. Lindsay","2014","10.1002/9781118445112.stat00660","1","C","GAP-01;GAP-03","nuisance_parameter_methods","SUPPORTING","DISCOVERY_ONLY","NOT_ASSESSED","PRIORITY_3","DEFERRED_RELEVANT_ADJACENT","ADJACENT_TO_BROADER_REVIEW_BUT_NOT_FULL_TEXT_PRIORITISED_FOR_NARROW_GAP01_GAP03_REPAIR","","Prospective Phase 2A.1 paper-level triage; no new search performed. Occurrences=C0250. Query IDs=PHASE2-SEARCH-0030. No stable corpus paper ID assigned at triage. Grouping used canonical DOI/identifier first. Exact normalized-title fallback required author overlap, or a missing identifier plus a long title and compatible year. Phase 2A.1 final triage: excluded from the bounded foundational repair after title/abstract/citation-context assessment; this record cannot support an absence or novelty conclusion. Phase 2A.1 scoped-repair correction (2026-07-31): automatic FALSE_POSITIVE closure superseded by DEFERRED_RELEVANT_ADJACENT; original broader-review relevance preserved."
"P2UT-0004","Pool size measurements improve precision of flux estimates but increase sensitivity to unmodeled reactions outside the core network in isotopically nonstationary metabolic flux analysis (INST‐MFA)","","2022","10.1002/biot.202000427","1","A","none","domain_context_or_application","PERIPHERAL","ABSTRACT_LEVEL","NOT_INSPECTED:paywalled_or_inaccessible","PRIORITY_4","OUT_OF_SCOPE_FOR_PHASE2A1","OUTSIDE_NARROW_GAP01_GAP03_REPAIR; NOT_EXCLUDED_FROM_BROADER_PHASE2_REVIEW","","Prospective Phase 2A.1 paper-level triage; no new search performed. Occurrences=AC0346. Query IDs=PHASE2-SEARCH-0059. Existing corpus ID(s)=P0016. Grouping used canonical DOI/identifier first. Exact normalized-title fallback required author overlap, or a missing identifier plus a long title and compatible year. Phase 2A.1 final triage: excluded from the bounded foundational repair after title/abstract/citation-context assessment; this record cannot support an absence or novelty conclusion. Phase 2A.1 scoped-repair correction (2026-07-31): automatic FALSE_POSITIVE closure superseded by OUT_OF_SCOPE_FOR_PHASE2A1; original broader-review relevance preserved."
"P2UT-0005","An elementary metabolite unit (EMU) based method of isotopically nonstationary flux analysis","","","10.1002/bit.21632","1","A","none","domain_context_or_application","PERIPHERAL","ABSTRACT_LEVEL","NOT_INSPECTED:not_retrieved","PRIORITY_4","OUT_OF_SCOPE_FOR_PHASE2A1","OUTSIDE_NARROW_GAP01_GAP03_REPAIR; NOT_EXCLUDED_FROM_BROADER_PHASE2_REVIEW","","Prospective Phase 2A.1 paper-level triage; no new search performed. Occurrences=AC0028. Query IDs=PHASE2-SEARCH-0056. Existing corpus ID(s)=P0013. Grouping used canonical DOI/identifier first. Exact normalized-title fallback required author overlap, or a missing identifier plus a long title and compatible year. Phase 2A.1 final triage: excluded from the bounded foundational repair after title/abstract/citation-context assessment; this record cannot support an absence or novelty conclusion. Phase 2A.1 scoped-repair correction (2026-07-31): automatic FALSE_POSITIVE closure superseded by OUT_OF_SCOPE_FOR_PHASE2A1; original broader-review relevance preserved."
"P2UT-0006","Collisional fragmentation of central carbon metabolites in LC-MS/MS increases precision of ¹³C metabolic flux analysis.","Rühl M; Rupp B; Nöh K; Wiechert W; Sauer U; Zamboni N","2012","10.1002/bit.24344","1","A","none","domain_context_or_application","PERIPHERAL","TITLE_ABSTRACT_LEVEL","NOT_ASSESSED","PRIORITY_4","OUT_OF_SCOPE_FOR_PHASE2A1","OUTSIDE_NARROW_GAP01_GAP03_REPAIR; NOT_EXCLUDED_FROM_BROADER_PHASE2_REVIEW","","Prospective Phase 2A.1 paper-level triage; no new search performed. Occurrences=A0005. Query IDs=PHASE2-SEARCH-0001. No stable corpus paper ID assigned at triage. Grouping used canonical DOI/identifier first. Exact normalized-title fallback required author overlap, or a missing identifier plus a long title and compatible year. Phase 2A.1 final triage: excluded from the bounded foundational repair after title/abstract/citation-context assessment; this record cannot support an absence or novelty conclusion. Phase 2A.1 scoped-repair correction (2026-07-31): automatic FALSE_POSITIVE closure superseded by OUT_OF_SCOPE_FOR_PHASE2A1; original broader-review relevance preserved."
"P2UT-0007","Evaluating differences of metabolic performances: Statistical methods and their application to animal cell cultivations","Oliver Hädicke; Verena Lohr; Yvonne Genzel; Udo Reichl; Steffen Klamt","2013","10.1002/bit.24926","1","D","none","model_misspecification_context","PERIPHERAL","DISCOVERY_ONLY","NOT_ASSESSED","PRIORITY_4","OUT_OF_SCOPE_FOR_PHASE2A1","OUTSIDE_NARROW_GAP01_GAP03_REPAIR; NOT_EXCLUDED_FROM_BROADER_PHASE2_REVIEW","","Prospective Phase 2A.1 paper-level triage; no new search performed. Occurrences=DCL0111. Query IDs=PHASE2-SEARCH-0106. No stable corpus paper ID assigned at triage. Grouping used canonical DOI/identifier first. Exact normalized-title fallback required author overlap, or a missing identifier plus a long title and compatible year. Phase 2A.1 final triage: excluded from the bounded foundational repair after title/abstract/citation-context assessment; this record cannot support an absence or novelty conclusion. Phase 2A.1 scoped-repair correction (2026-07-31): automatic FALSE_POSITIVE closure superseded by OUT_OF_SCOPE_FOR_PHASE2A1; original broader-review relevance preserved."
"P2UT-0008","IsoDesign: a software for optimizing the design of 13C-metabolic flux analysis experiments.","Millard P; Sokol S; Letisse F; Portais JC","2014","10.1002/bit.24997","1","A","none","scientific_software_or_workflow","SUPPORTING","TITLE_ABSTRACT_LEVEL","NOT_ASSESSED","PRIORITY_3","DEFERRED_RELEVANT_SUPPORTING","DEFERRED_FROM_NARROW_GAP01_GAP03_REPAIR; ORIGINAL_BROADER_PHASE2_RELEVANCE_PRESERVED","","Prospective Phase 2A.1 paper-level triage; no new search performed. Occurrences=A0003. Query IDs=PHASE2-SEARCH-0001. No stable corpus paper ID assigned at triage. Grouping used canonical DOI/identifier first. Exact normalized-title fallback required author overlap, or a missing identifier plus a long title and compatible year. Phase 2A.1 final triage: excluded from the bounded foundational repair after title/abstract/citation-context assessment; this record cannot support an absence or novelty conclusion. Phase 2A.1 scoped-repair correction (2026-07-31): automatic FALSE_POSITIVE closure superseded by DEFERRED_RELEVANT_SUPPORTING; original broader-review relevance preserved."
"P2UT-0009","Application of macroscopic balances to the identification of gross measurement errors","Nam Sun Wang; Gregory Stephanopoulos","1983","10.1002/bit.260250906","1","D","none","model_misspecification_context","PERIPHERAL","DISCOVERY_ONLY","NOT_ASSESSED","PRIORITY_4","OUT_OF_SCOPE_FOR_PHASE2A1","OUTSIDE_NARROW_GAP01_GAP03_REPAIR; NOT_EXCLUDED_FROM_BROADER_PHASE2_REVIEW","","Prospective Phase 2A.1 paper-level triage; no new search performed. Occurrences=DCL0098. Query IDs=PHASE2-SEARCH-0106. No stable corpus paper ID assigned at triage. Grouping used canonical DOI/identifier first. Exact normalized-title fallback required author overlap, or a missing identifier plus a long title and compatible year. Phase 2A.1 final triage: excluded from the bounded foundational repair after title/abstract/citation-context assessment; this record cannot support an absence or novelty conclusion. Phase 2A.1 scoped-repair correction (2026-07-31): automatic FALSE_POSITIVE closure superseded by OUT_OF_SCOPE_FOR_PHASE2A1; original broader-review relevance preserved."
"P2UT-0010","Linear constraint relations in biochemical reaction systems: I. Classification of the calculability and the balanceability of conversion rates","R. T. J. M. van der Heijden; Joseph J. Heijnen; C. Hellinga; B. Romein; K. Ch. A. M. Luyben","1994","10.1002/bit.260430103","1","D","none","model_misspecification_context","PERIPHERAL","DISCOVERY_ONLY","NOT_ASSESSED","PRIORITY_4","OUT_OF_SCOPE_FOR_PHASE2A1","OUTSIDE_NARROW_GAP01_GAP03_REPAIR; NOT_EXCLUDED_FROM_BROADER_PHASE2_REVIEW","","Prospective Phase 2A.1 paper-level triage; no new search performed. Occurrences=DCL0094. Query IDs=PHASE2-SEARCH-0106. No stable corpus paper ID assigned at triage. Grouping used canonical DOI/identifier first. Exact normalized-title fallback required author overlap, or a missing identifier plus a long title and compatible year. Phase 2A.1 final triage: excluded from the bounded foundational repair after title/abstract/citation-context assessment; this record cannot support an absence or novelty conclusion. Phase 2A.1 scoped-repair correction (2026-07-31): automatic FALSE_POSITIVE closure superseded by OUT_OF_SCOPE_FOR_PHASE2A1; original broader-review relevance preserved."
"P2UT-0011","Linear constraint relations in biochemical reaction systems: II. Diagnosis and estimation of gross errors","R. T. J. M. van der Heijden; B. Romein; Joseph J. Heijnen; C. Hellinga; K. Ch. A. M. Luyben","1994","10.1002/bit.260430104","1","D","none","model_misspecification_context","PERIPHERAL","DISCOVERY_ONLY","NOT_ASSESSED","PRIORITY_4","OUT_OF_SCOPE_FOR_PHASE2A1","OUTSIDE_NARROW_GAP01_GAP03_REPAIR; NOT_EXCLUDED_FROM_BROADER_PHASE2_REVIEW","","Prospective Phase 2A.1 paper-level triage; no new search performed. Occurrences=DCL0099. Query IDs=PHASE2-SEARCH-0106. No stable corpus paper ID assigned at triage. Grouping used canonical DOI/identifier first. Exact normalized-title fallback required author overlap, or a missing identifier plus a long title and compatible year. Phase 2A.1 final triage: excluded from the bounded foundational repair after title/abstract/citation-context assessment; this record cannot support an absence or novelty conclusion. Phase 2A.1 scoped-repair correction (2026-07-31): automatic FALSE_POSITIVE closure superseded by OUT_OF_SCOPE_FOR_PHASE2A1; original broader-review relevance preserved."
"P2UT-0012","Model validation and selection in metabolic flux analysis and flux balance analysis","Joshua A. M. Kaste; Yair Shachar‐Hill","2023","10.1002/btpr.3413;pmid:36994165","3","B","GAP-01","metabolic_model_validation_or_discrimination","SUPPORTING","DISCOVERY_ONLY","NOT_ASSESSED","PRIORITY_3","DEFERRED_RELEVANT_SUPPORTING","DEFERRED_FROM_NARROW_GAP01_GAP03_REPAIR; ORIGINAL_BROADER_PHASE2_RELEVANCE_PRESERVED","","Prospective Phase 2A.1 paper-level triage; no new search performed. Occurrences=B-AUDIT-000028;ROOT-D0001;ROOT-D0002. Query IDs=PHASE2-SEARCH-0011;PHASE2-SEARCH-0100. No stable corpus paper ID assigned at triage. Grouping used canonical DOI/identifier first. Exact normalized-title fallback required author overlap, or a missing identifier plus a long title and compatible year. Phase 2A.1 final triage: excluded from the bounded foundational repair after title/abstract/citation-context assessment; this record cannot support an absence or novelty conclusion. Phase 2A.1 scoped-repair correction (2026-07-31): automatic FALSE_POSITIVE closure superseded by DEFERRED_RELEVANT_SUPPORTING; original broader-review relevance preserved."
"P2UT-0013","Modeling and experimental design for metabolic flux analysis of lysine-producing Corynebacteria by mass spectrometry","","","10.1006/mben.2000.0178","1","A","none","domain_context_or_application","PERIPHERAL","TITLE_ABSTRACT_LEVEL","NOT_ASSESSED","PRIORITY_4","OUT_OF_SCOPE_FOR_PHASE2A1","OUTSIDE_NARROW_GAP01_GAP03_REPAIR; NOT_EXCLUDED_FROM_BROADER_PHASE2_REVIEW","","Prospective Phase 2A.1 paper-level triage; no new search performed. Occurrences=AC0197. Query IDs=PHASE2-SEARCH-0056. No stable corpus paper ID assigned at triage. Grouping used canonical DOI/identifier first. Exact normalized-title fallback required author overlap, or a missing identifier plus a long title and compatible year. Phase 2A.1 final triage: excluded from the bounded foundational repair after title/abstract/citation-context assessment; this record cannot support an absence or novelty conclusion. Phase 2A.1 scoped-repair correction (2026-07-31): automatic FALSE_POSITIVE closure superseded by OUT_OF_SCOPE_FOR_PHASE2A1; original broader-review relevance preserved."
"P2UT-0014","Optimal Experimental Design, Model Discrimination","Brecht M. R. Donckels","2013","10.1007/978-1-4419-9863-7_1228","1","C","GAP-01","experimental_design_for_model_discrimination","SUPPORTING","DISCOVERY_ONLY","NOT_ASSESSED","PRIORITY_3","DEFERRED_RELEVANT_ADJACENT","ADJACENT_TO_BROADER_REVIEW_BUT_NOT_FULL_TEXT_PRIORITISED_FOR_NARROW_GAP01_GAP03_REPAIR","","Prospective Phase 2A.1 paper-level triage; no new search performed. Occurrences=C0027. Query IDs=PHASE2-SEARCH-0022. No stable corpus paper ID assigned at triage. Grouping used canonical DOI/identifier first. Exact normalized-title fallback required author overlap, or a missing identifier plus a long title and compatible year. Phase 2A.1 final triage: excluded from the bounded foundational repair after title/abstract/citation-context assessment; this record cannot support an absence or novelty conclusion. Phase 2A.1 scoped-repair correction (2026-07-31): automatic FALSE_POSITIVE closure superseded by DEFERRED_RELEVANT_ADJACENT; original broader-review relevance preserved."
"P2UT-0015","Elimination of Nuisance Parameters","J. K. Ghosh","1988","10.1007/978-1-4612-3894-2_7","1","C","GAP-01;GAP-03","nuisance_parameter_methods","SUPPORTING","DISCOVERY_ONLY","NOT_ASSESSED","PRIORITY_3","DEFERRED_RELEVANT_ADJACENT","ADJACENT_TO_BROADER_REVIEW_BUT_NOT_FULL_TEXT_PRIORITISED_FOR_NARROW_GAP01_GAP03_REPAIR","","Prospective Phase 2A.1 paper-level triage; no new search performed. Occurrences=C0490. Query IDs=PHASE2-SEARCH-0064. No stable corpus paper ID assigned at triage. Grouping used canonical DOI/identifier first. Exact normalized-title fallback required author overlap, or a missing identifier plus a long title and compatible year. Phase 2A.1 final triage: excluded from the bounded foundational repair after title/abstract/citation-context assessment; this record cannot support an absence or novelty conclusion. Phase 2A.1 scoped-repair correction (2026-07-31): automatic FALSE_POSITIVE closure superseded by DEFERRED_RELEVANT_ADJACENT; original broader-review relevance preserved."
"P2UT-0016","Introduction to Chernoff (1959) Sequential Design of Experiments","P. K. Sen","1992","10.1007/978-1-4612-4380-9_26","1","C","GAP-01;GAP-03","active_sequential_or_controlled_testing","SUPPORTING","DISCOVERY_ONLY","NOT_ASSESSED","PRIORITY_3","DEFERRED_RELEVANT_ADJACENT","ADJACENT_TO_BROADER_REVIEW_BUT_NOT_FULL_TEXT_PRIORITISED_FOR_NARROW_GAP01_GAP03_REPAIR","","Prospective Phase 2A.1 paper-level triage; no new search performed. Occurrences=C0178. Query IDs=PHASE2-SEARCH-0028. No stable corpus paper ID assigned at triage. Grouping used canonical DOI/identifier first. Exact normalized-title fallback required author overlap, or a missing identifier plus a long title and compatible year. Phase 2A.1 final triage: excluded from the bounded foundational repair after title/abstract/citation-context assessment; this record cannot support an absence or novelty conclusion. Phase 2A.1 scoped-repair correction (2026-07-31): automatic FALSE_POSITIVE closure superseded by DEFERRED_RELEVANT_ADJACENT; original broader-review relevance preserved."
"P2UT-0017","Sequential Design of Experiments","Herman Chernoff","1992","10.1007/978-1-4612-4380-9_27;10.1214/aoms/1177706205","2","C","GAP-01;GAP-03","active_sequential_or_controlled_testing","SUPPORTING","METADATA_OR_LEAD_ONLY","NOT_INSPECTED:paywalled_or_inaccessible","PRIORITY_3","DEFERRED_RELEVANT_ADJACENT","ADJACENT_TO_BROADER_REVIEW_BUT_NOT_FULL_TEXT_PRIORITISED_FOR_NARROW_GAP01_GAP03_REPAIR","","Prospective Phase 2A.1 paper-level triage; no new search performed. Occurrences=C0176;C0177. Query IDs=PHASE2-SEARCH-0028. Existing corpus ID(s)=P0025. Grouping used canonical DOI/identifier first. Exact normalized-title fallback required author overlap, or a missing identifier plus a long title and compatible year. Phase 2A.1 final triage: excluded from the bounded foundational repair after title/abstract/citation-context assessment; this record cannot support an absence or novelty conclusion. Phase 2A.1 scoped-repair correction (2026-07-31): automatic FALSE_POSITIVE closure superseded by DEFERRED_RELEVANT_ADJACENT; original broader-review relevance preserved."
"P2UT-0018","Robust Testing for Independent Non Identically Distributed Variables and Markov Chains","Lucien Birgé","1983","10.1007/978-1-4612-5503-1_9","1","C","GAP-01;GAP-03","fixed_block_heterogeneous_composite_testing","LOAD_BEARING","METADATA_OR_LEAD_ONLY","NOT_INSPECTED:paywalled_or_inaccessible","PRIORITY_1","FULL_TEXT_UNAVAILABLE","Full text unavailable after bounded DOI, publisher, recognised-repository and author-route checks; no guarantee-level conclusion drawn.","Springer bibliographic record only: Robust and Nonlinear Time Series Analysis, Lecture Notes in Statistics 26, pp. 134-162; no theorem inspected.","Prospective Phase 2A.1 paper-level triage; no new search performed. Occurrences=C0402. Query IDs=PHASE2-SEARCH-0062. No stable corpus paper ID assigned at triage. Grouping used canonical DOI/identifier first. Exact normalized-title fallback required author overlap, or a missing identifier plus a long title and compatible year. Phase 2A.1 closure: this record remains potentially consequential for independent non-identically distributed robust testing but cannot support synthesis without manual/library full text; see audit/phase2a1_priority18_closure.csv."
"P2UT-0019","Optimal Design for Model Discrimination: Choosing the Best Spacing and Density of Design Points","W. G. Bardsley; E. M. Melikhova","1993","10.1007/978-1-4615-2962-0_72","1","C","GAP-01","experimental_design_for_model_discrimination","SUPPORTING","DISCOVERY_ONLY","NOT_ASSESSED","PRIORITY_3","DEFERRED_RELEVANT_ADJACENT","ADJACENT_TO_BROADER_REVIEW_BUT_NOT_FULL_TEXT_PRIORITISED_FOR_NARROW_GAP01_GAP03_REPAIR","","Prospective Phase 2A.1 paper-level triage; no new search performed. Occurrences=C0041. Query IDs=PHASE2-SEARCH-0022. No stable corpus paper ID assigned at triage. Grouping used canonical DOI/identifier first. Exact normalized-title fallback required author overlap, or a missing identifier plus a long title and compatible year. Phase 2A.1 final triage: excluded from the bounded foundational repair after title/abstract/citation-context assessment; this record cannot support an absence or novelty conclusion. Phase 2A.1 scoped-repair correction (2026-07-31): automatic FALSE_POSITIVE closure superseded by DEFERRED_RELEVANT_ADJACENT; original broader-review relevance preserved."
"P2UT-0020","Isotopically Nonstationary Metabolic Flux Analysis (INST-MFA) of Photosynthesis and Photorespiration in Plants","","2017","10.1007/978-1-4939-7225-8_12","1","A","none","domain_context_or_application","PERIPHERAL","TITLE_ABSTRACT_LEVEL","NOT_ASSESSED","PRIORITY_4","OUT_OF_SCOPE_FOR_PHASE2A1","OUTSIDE_NARROW_GAP01_GAP03_REPAIR; NOT_EXCLUDED_FROM_BROADER_PHASE2_REVIEW","","Prospective Phase 2A.1 paper-level triage; no new search performed. Occurrences=AC0345. Query IDs=PHASE2-SEARCH-0059. No stable corpus paper ID assigned at triage. Grouping used canonical DOI/identifier first. Exact normalized-title fallback required author overlap, or a missing identifier plus a long title and compatible year. Phase 2A.1 final triage: excluded from the bounded foundational repair after title/abstract/citation-context assessment; this record cannot support an absence or novelty conclusion. Phase 2A.1 scoped-repair correction (2026-07-31): automatic FALSE_POSITIVE closure superseded by OUT_OF_SCOPE_FOR_PHASE2A1; original broader-review relevance preserved."
"P2UT-0021","Using Multiple Tracers for 13C Metabolic Flux Analysis","Maciek R. Antoniewicz","2013","10.1007/978-1-62703-299-5_17","1","A","none","domain_context_or_application","PERIPHERAL","TITLE_ABSTRACT_LEVEL","NOT_ASSESSED","PRIORITY_4","OUT_OF_SCOPE_FOR_PHASE2A1","OUTSIDE_NARROW_GAP01_GAP03_REPAIR; NOT_EXCLUDED_FROM_BROADER_PHASE2_REVIEW","","Prospective Phase 2A.1 paper-level triage; no new search performed. Occurrences=A0162. Query IDs=PHASE2-SEARCH-0009. No stable corpus paper ID assigned at triage. Grouping used canonical DOI/identifier first. Exact normalized-title fallback required author overlap, or a missing identifier plus a long title and compatible year. Phase 2A.1 final triage: excluded from the bounded foundational repair after title/abstract/citation-context assessment; this record cannot support an absence or novelty conclusion. Phase 2A.1 scoped-repair correction (2026-07-31): automatic FALSE_POSITIVE closure superseded by OUT_OF_SCOPE_FOR_PHASE2A1; original broader-review relevance preserved."
"P2UT-0022","Isotopically Nonstationary 13C Metabolic Flux Analysis","","2013","10.1007/978-1-62703-299-5_18","1","A","none","domain_context_or_application","PERIPHERAL","TITLE_ABSTRACT_LEVEL","NOT_ASSESSED","PRIORITY_4","OUT_OF_SCOPE_FOR_PHASE2A1","OUTSIDE_NARROW_GAP01_GAP03_REPAIR; NOT_EXCLUDED_FROM_BROADER_PHASE2_REVIEW","","Prospective Phase 2A.1 paper-level triage; no new search performed. Occurrences=AC0322. Query IDs=PHASE2-SEARCH-0060. No stable corpus paper ID assigned at triage. Grouping used canonical DOI/identifier first. Exact normalized-title fallback required author overlap, or a missing identifier plus a long title and compatible year. Phase 2A.1 final triage: excluded from the bounded foundational repair after title/abstract/citation-context assessment; this record cannot support an absence or novelty conclusion. Phase 2A.1 scoped-repair correction (2026-07-31): automatic FALSE_POSITIVE closure superseded by OUT_OF_SCOPE_FOR_PHASE2A1; original broader-review relevance preserved."
"P2UT-0023","Isotopically Nonstationary MFA (INST-MFA) of Autotrophic Metabolism","","2013","10.1007/978-1-62703-688-7_12","1","A","none","domain_context_or_application","PERIPHERAL","TITLE_ABSTRACT_LEVEL","NOT_ASSESSED","PRIORITY_4","OUT_OF_SCOPE_FOR_PHASE2A1","OUTSIDE_NARROW_GAP01_GAP03_REPAIR; NOT_EXCLUDED_FROM_BROADER_PHASE2_REVIEW","","Prospective Phase 2A.1 paper-level triage; no new search performed. Occurrences=AC0344. Query IDs=PHASE2-SEARCH-0059. No stable corpus paper ID assigned at triage. Grouping used canonical DOI/identifier first. Exact normalized-title fallback required author overlap, or a missing identifier plus a long title and compatible year. Phase 2A.1 final triage: excluded from the bounded foundational repair after title/abstract/citation-context assessment; this record cannot support an absence or novelty conclusion. Phase 2A.1 scoped-repair correction (2026-07-31): automatic FALSE_POSITIVE closure superseded by OUT_OF_SCOPE_FOR_PHASE2A1; original broader-review relevance preserved."
"P2UT-0024","Optimal Input Design for Model Selection in Systems with Cell-to-Cell Variability","not completely exposed","2025","10.1007/978-3-032-01436-8_13","1","B","GAP-01","metabolic_model_validation_or_discrimination","SUPPORTING","DISCOVERY_ONLY","NOT_ASSESSED","PRIORITY_3","DEFERRED_RELEVANT_SUPPORTING","DEFERRED_FROM_NARROW_GAP01_GAP03_REPAIR; ORIGINAL_BROADER_PHASE2_RELEVANCE_PRESERVED","","Prospective Phase 2A.1 paper-level triage; no new search performed. Occurrences=B-AUDIT-000189. Query IDs=PHASE2-SEARCH-0111. No stable corpus paper ID assigned at triage. Grouping used canonical DOI/identifier first. Exact normalized-title fallback required author overlap, or a missing identifier plus a long title and compatible year. Phase 2A.1 final triage: excluded from the bounded foundational repair after title/abstract/citation-context assessment; this record cannot support an absence or novelty conclusion. Phase 2A.1 scoped-repair correction (2026-07-31): automatic FALSE_POSITIVE closure superseded by DEFERRED_RELEVANT_SUPPORTING; original broader-review relevance preserved."
"P2UT-0025","Pure Likelihood Methods and Nuisance Parameters","Charles A. Rohde","2014","10.1007/978-3-319-10461-4_18","1","C","GAP-01;GAP-03","nuisance_parameter_methods","SUPPORTING","DISCOVERY_ONLY","NOT_ASSESSED","PRIORITY_3","DEFERRED_RELEVANT_ADJACENT","ADJACENT_TO_BROADER_REVIEW_BUT_NOT_FULL_TEXT_PRIORITISED_FOR_NARROW_GAP01_GAP03_REPAIR","","Prospective Phase 2A.1 paper-level triage; no new search performed. Occurrences=C0482. Query IDs=PHASE2-SEARCH-0064. No stable corpus paper ID assigned at triage. Grouping used canonical DOI/identifier first. Exact normalized-title fallback required author overlap, or a missing identifier plus a long title and compatible year. Phase 2A.1 final triage: excluded from the bounded foundational repair after title/abstract/citation-context assessment; this record cannot support an absence or novelty conclusion. Phase 2A.1 scoped-repair correction (2026-07-31): automatic FALSE_POSITIVE closure superseded by DEFERRED_RELEVANT_ADJACENT; original broader-review relevance preserved."
"P2UT-0026","Robust Hypothesis Testing with a Single Distance","Gökhan Gül","2017","10.1007/978-3-319-49286-5_3","1","C","GAP-01;GAP-03","robust_composite_testing","LOAD_BEARING","METADATA_OR_LEAD_ONLY","NOT_INSPECTED:paywalled_or_inaccessible","PRIORITY_1","FULL_TEXT_UNAVAILABLE","Full text unavailable after bounded DOI, publisher, recognised-repository and author-route checks; use verified primary papers rather than this chapter.","Springer chapter metadata only, pp. 23-52; no theorem inspected.","Prospective Phase 2A.1 paper-level triage; no new search performed. Occurrences=C0286. Query IDs=PHASE2-SEARCH-0032. No stable corpus paper ID assigned at triage. Grouping used canonical DOI/identifier first. Exact normalized-title fallback required author overlap, or a missing identifier plus a long title and compatible year. Phase 2A.1 closure: P0041, C0650 and C0652 provide overlapping verified primary evidence but do not verify every chapter assertion; see audit/phase2a1_priority18_closure.csv."
"P2UT-0027","Robust Hypothesis Testing with Multiple Distances","Gökhan Gül","2017","10.1007/978-3-319-49286-5_4","1","C","GAP-01;GAP-03","robust_composite_testing","LOAD_BEARING","METADATA_OR_LEAD_ONLY","NOT_INSPECTED:paywalled_or_inaccessible","PRIORITY_1","FULL_TEXT_UNAVAILABLE","Full text unavailable after bounded DOI, publisher, recognised-repository and author-route checks; table-of-contents section titles are not theorem evidence.","Springer chapter metadata only, pp. 53-80, including listed Section 4.4.2; the section itself was not inspected.","Prospective Phase 2A.1 paper-level triage; no new search performed. Occurrences=C0283. Query IDs=PHASE2-SEARCH-0032. No stable corpus paper ID assigned at triage. Grouping used canonical DOI/identifier first. Exact normalized-title fallback required author overlap, or a missing identifier plus a long title and compatible year. Phase 2A.1 closure: P0041 and C0656 verify overlapping primary theory but not this exact chapter; see audit/phase2a1_priority18_closure.csv."
"P2UT-0028","Robust Hypothesis Testing with Repeated Observations","Gökhan Gül","2017","10.1007/978-3-319-49286-5_5","1","C","GAP-01;GAP-03","robust_composite_testing","LOAD_BEARING","METADATA_OR_LEAD_ONLY","NOT_INSPECTED:paywalled_or_inaccessible","PRIORITY_1","FULL_TEXT_UNAVAILABLE","Full text unavailable after bounded DOI, publisher, recognised-repository and author-route checks; no repeated-observation guarantee encoded.","Springer chapter metadata only, pp. 81-98; no theorem inspected.","Prospective Phase 2A.1 paper-level triage; no new search performed. Occurrences=C0285. Query IDs=PHASE2-SEARCH-0032. No stable corpus paper ID assigned at triage. Grouping used canonical DOI/identifier first. Exact normalized-title fallback required author overlap, or a missing identifier plus a long title and compatible year. Phase 2A.1 closure: P0041 Section IV verifies a fixed-sample asymptotic extension, not this chapter's exact finite-sample content; see audit/phase2a1_priority18_closure.csv."
"P2UT-0029","Erratum to: Robust Hypothesis Testing with a Single Distance","Gökhan Gül","2017","10.1007/978-3-319-49286-5_9","1","C","none","correction_or_erratum","SUPPORTING","DISCOVERY_ONLY","NOT_ASSESSED","PRIORITY_3","DEFERRED_RELEVANT_ADJACENT","ADJACENT_TO_BROADER_REVIEW_BUT_NOT_FULL_TEXT_PRIORITISED_FOR_NARROW_GAP01_GAP03_REPAIR","","Prospective Phase 2A.1 paper-level triage; no new search performed. Occurrences=C0287. Query IDs=PHASE2-SEARCH-0032. No stable corpus paper ID assigned at triage. Grouping used canonical DOI/identifier first. Exact normalized-title fallback required author overlap, or a missing identifier plus a long title and compatible year. Phase 2A.1 final triage: excluded from the bounded foundational repair after title/abstract/citation-context assessment; this record cannot support an absence or novelty conclusion. Phase 2A.1 scoped-repair correction (2026-07-31): automatic FALSE_POSITIVE closure superseded by DEFERRED_RELEVANT_ADJACENT; original broader-review relevance preserved."
"P2UT-0030","The t-statistic under dynamic misspecification","Björn Schmolck","2000","10.1007/978-3-642-58324-7_2","1","D","GAP-01","model_misspecification_or_diagnostics","SUPPORTING","DISCOVERY_ONLY","NOT_ASSESSED","PRIORITY_3","DEFERRED_RELEVANT_SUPPORTING","DEFERRED_FROM_NARROW_GAP01_GAP03_REPAIR; ORIGINAL_BROADER_PHASE2_RELEVANCE_PRESERVED","","Prospective Phase 2A.1 paper-level triage; no new search performed. Occurrences=DCL0047. Query IDs=PHASE2-SEARCH-0104. No stable corpus paper ID assigned at triage. Grouping used canonical DOI/identifier first. Exact normalized-title fallback required author overlap, or a missing identifier plus a long title and compatible year. Phase 2A.1 final triage: excluded from the bounded foundational repair after title/abstract/citation-context assessment; this record cannot support an absence or novelty conclusion. Phase 2A.1 scoped-repair correction (2026-07-31): automatic FALSE_POSITIVE closure superseded by DEFERRED_RELEVANT_SUPPORTING; original broader-review relevance preserved."
"P2UT-0031","Testing hypotheses on independent, not identically distributed models","Wolfgang Wefelmeyer","1987","10.1007/978-94-009-3963-9_20","1","C","GAP-01;GAP-03","fixed_block_heterogeneous_composite_testing","LOAD_BEARING","ABSTRACT_LEVEL","NOT_INSPECTED:paywalled_or_inaccessible","PRIORITY_1","DEFERRED_RELEVANT_ADJACENT","ADJACENT_TO_BROADER_REVIEW_BUT_NOT_FULL_TEXT_PRIORITISED_FOR_NARROW_GAP01_GAP03_REPAIR","Publisher-supplied abstract: asymptotic smoothness and an asymptotic power bound under contiguous alternatives; official author bibliography confirms pp. 547-564.","Prospective Phase 2A.1 paper-level triage; no new search performed. Occurrences=C0405. Query IDs=PHASE2-SEARCH-0062. No stable corpus paper ID assigned at triage. Grouping used canonical DOI/identifier first. Exact normalized-title fallback required author overlap, or a missing identifier plus a long title and compatible year. Phase 2A.1 closure: relevant to non-IID asymptotic theory only; no finite-sample guarantee or converse inferred. Phase 2A.1 scoped-repair correction (2026-07-31): automatic FALSE_POSITIVE closure superseded by DEFERRED_RELEVANT_ADJACENT; original broader-review relevance preserved."
"P2UT-0032","Large deviations in a linear model with nuisance parameters","A. V. Makshanov","1982","10.1007/bf01239998","1","C","GAP-01;GAP-03","nuisance_parameter_methods","SUPPORTING","DISCOVERY_ONLY","NOT_ASSESSED","PRIORITY_3","DEFERRED_RELEVANT_ADJACENT","ADJACENT_TO_BROADER_REVIEW_BUT_NOT_FULL_TEXT_PRIORITISED_FOR_NARROW_GAP01_GAP03_REPAIR","","Prospective Phase 2A.1 paper-level triage; no new search performed. Occurrences=C0246. Query IDs=PHASE2-SEARCH-0030. No stable corpus paper ID assigned at triage. Grouping used canonical DOI/identifier first. Exact normalized-title fallback required author overlap, or a missing identifier plus a long title and compatible year. Phase 2A.1 final triage: excluded from the bounded foundational repair after title/abstract/citation-context assessment; this record cannot support an absence or novelty conclusion. Phase 2A.1 scoped-repair correction (2026-07-31): automatic FALSE_POSITIVE closure superseded by DEFERRED_RELEVANT_ADJACENT; original broader-review relevance preserved."
"P2UT-0033","Eliminating nuisance parameters: two characterizations","Patrizia Berti; Lorenzo Fattorini; Pietro Rigo","2000","10.1007/bf02595855","1","C","GAP-01;GAP-03","nuisance_parameter_methods","SUPPORTING","DISCOVERY_ONLY","NOT_ASSESSED","PRIORITY_3","DEFERRED_RELEVANT_ADJACENT","ADJACENT_TO_BROADER_REVIEW_BUT_NOT_FULL_TEXT_PRIORITISED_FOR_NARROW_GAP01_GAP03_REPAIR","","Prospective Phase 2A.1 paper-level triage; no new search performed. Occurrences=C0525. Query IDs=PHASE2-SEARCH-0064. No stable corpus paper ID assigned at triage. Grouping used canonical DOI/identifier first. Exact normalized-title fallback required author overlap, or a missing identifier plus a long title and compatible year. Phase 2A.1 final triage: excluded from the bounded foundational repair after title/abstract/citation-context assessment; this record cannot support an absence or novelty conclusion. Phase 2A.1 scoped-repair correction (2026-07-31): automatic FALSE_POSITIVE closure superseded by DEFERRED_RELEVANT_ADJACENT; original broader-review relevance preserved."
"P2UT-0034","Rank tests in heteroscedastic linear model with nuisance parameters","Jana Jurečková; Radim Navrátil","2013","10.1007/s00184-013-0447-7","1","C","GAP-01;GAP-03","fixed_sample_nuisance_parameter_testing","POTENTIALLY_LOAD_BEARING","ABSTRACT_LEVEL","NOT_INSPECTED:paywalled_or_inaccessible","PRIORITY_2","FULL_TEXT_UNAVAILABLE","Full text unavailable after bounded publisher, author and recognised-repository checks; no finite-sample, uniform or minimax claim encoded.","Publisher-supplied abstract only: ancillary-statistic rank tests in heteroscedastic linear regression, with simulations/application; no theorem inspected.","Prospective Phase 2A.1 paper-level triage; no new search performed. Occurrences=C0235. Query IDs=PHASE2-SEARCH-0030. No stable corpus paper ID assigned at triage. Grouping used canonical DOI/identifier first. Exact normalized-title fallback required author overlap, or a missing identifier plus a long title and compatible year. Phase 2A.1 closure: at most a narrow nuisance-elimination construction until primary text is inspected."
"P2UT-0035","Comprehensive assessment of measurement uncertainty in 13C-based metabolic flux experiments","Teresa Mairinger; Wolfhard Wegscheider; David A. Peña; Matthias G. Steiger; Gunda Koellensperger; Jürgen Zanghellini; Stephan Hann","2018","10.1007/s00216-018-1017-7","2","A;B","GAP-01","metabolic_model_or_mechanism_analysis","SUPPORTING","TITLE_ABSTRACT_LEVEL","NOT_ASSESSED","PRIORITY_3","DEFERRED_RELEVANT_SUPPORTING","DEFERRED_FROM_NARROW_GAP01_GAP03_REPAIR; ORIGINAL_BROADER_PHASE2_RELEVANCE_PRESERVED","","Prospective Phase 2A.1 paper-level triage; no new search performed. Occurrences=A0165;ROOT-D0012. Query IDs=PHASE2-SEARCH-0009;PHASE2-SEARCH-0013. No stable corpus paper ID assigned at triage. Grouping used canonical DOI/identifier first. Exact normalized-title fallback required author overlap, or a missing identifier plus a long title and compatible year. Phase 2A.1 final triage: excluded from the bounded foundational repair after title/abstract/citation-context assessment; this record cannot support an absence or novelty conclusion. Phase 2A.1 scoped-repair correction (2026-07-31): automatic FALSE_POSITIVE closure superseded by DEFERRED_RELEVANT_SUPPORTING; original broader-review relevance preserved."
"P2UT-0036","Admissibility and linear sufficiency in linear model with nuisance parameters","Augustyn Markiewicz; Simo Puntanen","2009","10.1007/s00362-009-0256-2","1","C","GAP-01;GAP-03","nuisance_parameter_methods","SUPPORTING","DISCOVERY_ONLY","NOT_ASSESSED","PRIORITY_3","DEFERRED_RELEVANT_ADJACENT","ADJACENT_TO_BROADER_REVIEW_BUT_NOT_FULL_TEXT_PRIORITISED_FOR_NARROW_GAP01_GAP03_REPAIR","","Prospective Phase 2A.1 paper-level triage; no new search performed. Occurrences=C0244. Query IDs=PHASE2-SEARCH-0030. No stable corpus paper ID assigned at triage. Grouping used canonical DOI/identifier first. Exact normalized-title fallback required author overlap, or a missing identifier plus a long title and compatible year. Phase 2A.1 final triage: excluded from the bounded foundational repair after title/abstract/citation-context assessment; this record cannot support an absence or novelty conclusion. Phase 2A.1 scoped-repair correction (2026-07-31): automatic FALSE_POSITIVE closure superseded by DEFERRED_RELEVANT_ADJACENT; original broader-review relevance preserved."
"P2UT-0037","Combining flux balance analysis and model checking for metabolic network validation and analysis","Roberto Pagliarini; Mara Sangiovanni; Adriano Peron; Diego di Bernardo","2014","10.1007/s11047-014-9419-8","1","D","GAP-01","metabolic_model_validation_or_discrimination","SUPPORTING","DISCOVERY_ONLY","NOT_ASSESSED","PRIORITY_3","DEFERRED_RELEVANT_SUPPORTING","DEFERRED_FROM_NARROW_GAP01_GAP03_REPAIR; ORIGINAL_BROADER_PHASE2_RELEVANCE_PRESERVED","","Prospective Phase 2A.1 paper-level triage; no new search performed. Occurrences=DCL0032. Query IDs=PHASE2-SEARCH-0104. No stable corpus paper ID assigned at triage. Grouping used canonical DOI/identifier first. Exact normalized-title fallback required author overlap, or a missing identifier plus a long title and compatible year. Phase 2A.1 final triage: excluded from the bounded foundational repair after title/abstract/citation-context assessment; this record cannot support an absence or novelty conclusion. Phase 2A.1 scoped-repair correction (2026-07-31): automatic FALSE_POSITIVE closure superseded by DEFERRED_RELEVANT_SUPPORTING; original broader-review relevance preserved."
"P2UT-0038","Optimal Bayesian design for model discrimination via classification","Markus Hainy; David J. Price; Olivier Restif; Christopher Drovandi","2022","10.1007/s11222-022-10078-2","1","C","GAP-01","experimental_design_for_model_discrimination","SUPPORTING","DISCOVERY_ONLY","NOT_ASSESSED","PRIORITY_3","DEFERRED_RELEVANT_ADJACENT","ADJACENT_TO_BROADER_REVIEW_BUT_NOT_FULL_TEXT_PRIORITISED_FOR_NARROW_GAP01_GAP03_REPAIR","","Prospective Phase 2A.1 paper-level triage; no new search performed. Occurrences=C0086. Query IDs=PHASE2-SEARCH-0024. No stable corpus paper ID assigned at triage. Grouping used canonical DOI/identifier first. Exact normalized-title fallback required author overlap, or a missing identifier plus a long title and compatible year. Phase 2A.1 final triage: excluded from the bounded foundational repair after title/abstract/citation-context assessment; this record cannot support an absence or novelty conclusion. Phase 2A.1 scoped-repair correction (2026-07-31): automatic FALSE_POSITIVE closure superseded by DEFERRED_RELEVANT_ADJACENT; original broader-review relevance preserved."
"P2UT-0039","Robust experiment design via maximin optimization","","","10.1016/0025-5564(88)90097-1","1","A","none","robust_experimental_design","SUPPORTING","TITLE_ABSTRACT_LEVEL","NOT_ASSESSED","PRIORITY_3","DEFERRED_RELEVANT_SUPPORTING","DEFERRED_FROM_NARROW_GAP01_GAP03_REPAIR; ORIGINAL_BROADER_PHASE2_RELEVANCE_PRESERVED","","Prospective Phase 2A.1 paper-level triage; no new search performed. Occurrences=AC0235. Query IDs=PHASE2-SEARCH-0056. No stable corpus paper ID assigned at triage. Grouping used canonical DOI/identifier first. Exact normalized-title fallback required author overlap, or a missing identifier plus a long title and compatible year. Phase 2A.1 final triage: excluded from the bounded foundational repair after title/abstract/citation-context assessment; this record cannot support an absence or novelty conclusion. Phase 2A.1 scoped-repair correction (2026-07-31): automatic FALSE_POSITIVE closure superseded by DEFERRED_RELEVANT_SUPPORTING; original broader-review relevance preserved."
"P2UT-0040","Development of a holistic Python package for optimal selection of experimental design criteria in kinetic model discrimination","Maerthe Theresa Tillmann; Federico Galvanin","2023","10.1016/b978-0-443-15274-0.50100-1","1","C","GAP-01","experimental_design_for_model_discrimination","SUPPORTING","DISCOVERY_ONLY","NOT_ASSESSED","PRIORITY_3","DEFERRED_RELEVANT_ADJACENT","ADJACENT_TO_BROADER_REVIEW_BUT_NOT_FULL_TEXT_PRIORITISED_FOR_NARROW_GAP01_GAP03_REPAIR","","Prospective Phase 2A.1 paper-level triage; no new search performed. Occurrences=C0035. Query IDs=PHASE2-SEARCH-0022. No stable corpus paper ID assigned at triage. Grouping used canonical DOI/identifier first. Exact normalized-title fallback required author overlap, or a missing identifier plus a long title and compatible year. Phase 2A.1 final triage: excluded from the bounded foundational repair after title/abstract/citation-context assessment; this record cannot support an absence or novelty conclusion. Phase 2A.1 scoped-repair correction (2026-07-31): automatic FALSE_POSITIVE closure superseded by DEFERRED_RELEVANT_ADJACENT; original broader-review relevance preserved."
"P2UT-0041","Optimal input design for model discrimination using Pontryagin’s maximum principle: Application to kinetic model structures","Karel J. Keesman; Eric Walter","2014","10.1016/j.automatica.2014.03.022","1","C","GAP-01","experimental_design_for_model_discrimination","SUPPORTING","DISCOVERY_ONLY","NOT_ASSESSED","PRIORITY_3","DEFERRED_RELEVANT_ADJACENT","ADJACENT_TO_BROADER_REVIEW_BUT_NOT_FULL_TEXT_PRIORITISED_FOR_NARROW_GAP01_GAP03_REPAIR","","Prospective Phase 2A.1 paper-level triage; no new search performed. Occurrences=C0042. Query IDs=PHASE2-SEARCH-0022. No stable corpus paper ID assigned at triage. Grouping used canonical DOI/identifier first. Exact normalized-title fallback required author overlap, or a missing identifier plus a long title and compatible year. Phase 2A.1 final triage: excluded from the bounded foundational repair after title/abstract/citation-context assessment; this record cannot support an absence or novelty conclusion. Phase 2A.1 scoped-repair correction (2026-07-31): automatic FALSE_POSITIVE closure superseded by DEFERRED_RELEVANT_ADJACENT; original broader-review relevance preserved."
"P2UT-0042","Sequential experimental design for model discrimination","Marcio Schwaab; José Luiz Monteiro; José Carlos Pinto","2008","10.1016/j.ces.2008.01.032","1","C","GAP-01","experimental_design_for_model_discrimination","SUPPORTING","DISCOVERY_ONLY","NOT_ASSESSED","PRIORITY_3","DEFERRED_RELEVANT_ADJACENT","ADJACENT_TO_BROADER_REVIEW_BUT_NOT_FULL_TEXT_PRIORITISED_FOR_NARROW_GAP01_GAP03_REPAIR","","Prospective Phase 2A.1 paper-level triage; no new search performed. Occurrences=C0248. Query IDs=PHASE2-SEARCH-0030. No stable corpus paper ID assigned at triage. Grouping used canonical DOI/identifier first. Exact normalized-title fallback required author overlap, or a missing identifier plus a long title and compatible year. Phase 2A.1 final triage: excluded from the bounded foundational repair after title/abstract/citation-context assessment; this record cannot support an absence or novelty conclusion. Phase 2A.1 scoped-repair correction (2026-07-31): automatic FALSE_POSITIVE closure superseded by DEFERRED_RELEVANT_ADJACENT; original broader-review relevance preserved."
"P2UT-0043","An anticipatory approach to optimal experimental design for model discrimination","Brecht M.R. Donckels; Dirk J.W. De Pauw; Bernard De Baets; Jo Maertens; Peter A. Vanrolleghem","2009","10.1016/j.chemolab.2008.08.002","1","C","GAP-01","experimental_design_for_model_discrimination","SUPPORTING","DISCOVERY_ONLY","NOT_ASSESSED","PRIORITY_3","DEFERRED_RELEVANT_ADJACENT","ADJACENT_TO_BROADER_REVIEW_BUT_NOT_FULL_TEXT_PRIORITISED_FOR_NARROW_GAP01_GAP03_REPAIR","","Prospective Phase 2A.1 paper-level triage; no new search performed. Occurrences=C0045. Query IDs=PHASE2-SEARCH-0022. No stable corpus paper ID assigned at triage. Grouping used canonical DOI/identifier first. Exact normalized-title fallback required author overlap, or a missing identifier plus a long title and compatible year. Phase 2A.1 final triage: excluded from the bounded foundational repair after title/abstract/citation-context assessment; this record cannot support an absence or novelty conclusion. Phase 2A.1 scoped-repair correction (2026-07-31): automatic FALSE_POSITIVE closure superseded by DEFERRED_RELEVANT_ADJACENT; original broader-review relevance preserved."
"P2UT-0044","Performance assessment of the anticipatory approach to optimal experimental design for model discrimination","Brecht M.R. Donckels; Dirk J.W. De Pauw; Peter A. Vanrolleghem; Bernard De Baets","2012","10.1016/j.chemolab.2011.06.008","1","C","GAP-01","experimental_design_for_model_discrimination","SUPPORTING","DISCOVERY_ONLY","NOT_ASSESSED","PRIORITY_3","DEFERRED_RELEVANT_ADJACENT","ADJACENT_TO_BROADER_REVIEW_BUT_NOT_FULL_TEXT_PRIORITISED_FOR_NARROW_GAP01_GAP03_REPAIR","","Prospective Phase 2A.1 paper-level triage; no new search performed. Occurrences=C0047. Query IDs=PHASE2-SEARCH-0022. No stable corpus paper ID assigned at triage. Grouping used canonical DOI/identifier first. Exact normalized-title fallback required author overlap, or a missing identifier plus a long title and compatible year. Phase 2A.1 final triage: excluded from the bounded foundational repair after title/abstract/citation-context assessment; this record cannot support an absence or novelty conclusion. Phase 2A.1 scoped-repair correction (2026-07-31): automatic FALSE_POSITIVE closure superseded by DEFERRED_RELEVANT_ADJACENT; original broader-review relevance preserved."
"P2UT-0045","Tandem mass spectrometry for measuring stable-isotope labeling","Maciek R. Antoniewicz","2012","10.1016/j.copbio.2012.10.011","1","A","none","secondary_review_or_discovery","PERIPHERAL","DISCOVERY_ONLY","NOT_ASSESSED","PRIORITY_4","OUT_OF_SCOPE_FOR_PHASE2A1","OUTSIDE_NARROW_GAP01_GAP03_REPAIR; NOT_EXCLUDED_FROM_BROADER_PHASE2_REVIEW","","Prospective Phase 2A.1 paper-level triage; no new search performed. Occurrences=A0142. Query IDs=PHASE2-SEARCH-0009. No stable corpus paper ID assigned at triage. Grouping used canonical DOI/identifier first. Exact normalized-title fallback required author overlap, or a missing identifier plus a long title and compatible year. Phase 2A.1 final triage: excluded from the bounded foundational repair after title/abstract/citation-context assessment; this record cannot support an absence or novelty conclusion. Phase 2A.1 scoped-repair correction (2026-07-31): automatic FALSE_POSITIVE closure superseded by OUT_OF_SCOPE_FOR_PHASE2A1; original broader-review relevance preserved."
"P2UT-0046","13C metabolic flux analysis: optimal design of isotopic labeling experiments","Maciek R Antoniewicz","2013","10.1016/j.copbio.2013.02.003","1","A","none","isotope_tracer_or_measurement_design","SUPPORTING","DISCOVERY_ONLY","NOT_ASSESSED","PRIORITY_3","DEFERRED_RELEVANT_SUPPORTING","DEFERRED_FROM_NARROW_GAP01_GAP03_REPAIR; ORIGINAL_BROADER_PHASE2_RELEVANCE_PRESERVED","","Prospective Phase 2A.1 paper-level triage; no new search performed. Occurrences=A0084. Query IDs=PHASE2-SEARCH-0006. No stable corpus paper ID assigned at triage. Grouping used canonical DOI/identifier first. Exact normalized-title fallback required author overlap, or a missing identifier plus a long title and compatible year. Phase 2A.1 final triage: excluded from the bounded foundational repair after title/abstract/citation-context assessment; this record cannot support an absence or novelty conclusion. Phase 2A.1 scoped-repair correction (2026-07-31): automatic FALSE_POSITIVE closure superseded by DEFERRED_RELEVANT_SUPPORTING; original broader-review relevance preserved."
"P2UT-0047","Parallel labeling experiments for pathway elucidation and 13C metabolic flux analysis","Maciek R. Antoniewicz","2015","10.1016/j.copbio.2015.08.014","2","A","GAP-01","metabolic_model_validation_or_discrimination","SUPPORTING","TITLE_ABSTRACT_LEVEL","NOT_ASSESSED","PRIORITY_3","DEFERRED_RELEVANT_SUPPORTING","DEFERRED_FROM_NARROW_GAP01_GAP03_REPAIR; ORIGINAL_BROADER_PHASE2_RELEVANCE_PRESERVED","","Prospective Phase 2A.1 paper-level triage; no new search performed. Occurrences=A0149;AC0159. Query IDs=PHASE2-SEARCH-0009;PHASE2-SEARCH-0056. No stable corpus paper ID assigned at triage. Grouping used canonical DOI/identifier first. Exact normalized-title fallback required author overlap, or a missing identifier plus a long title and compatible year. Phase 2A.1 final triage: excluded from the bounded foundational repair after title/abstract/citation-context assessment; this record cannot support an absence or novelty conclusion. Phase 2A.1 scoped-repair correction (2026-07-31): automatic FALSE_POSITIVE closure superseded by DEFERRED_RELEVANT_SUPPORTING; original broader-review relevance preserved."
"P2UT-0048","Isotopically nonstationary metabolic flux analysis (INST-MFA): putting theory into practice","Yi Ern Cheah; Jamey D. Young","2018","10.1016/j.copbio.2018.02.013","2","A","none","secondary_review_or_discovery","PERIPHERAL","TITLE_ABSTRACT_LEVEL","NOT_ASSESSED","PRIORITY_4","OUT_OF_SCOPE_FOR_PHASE2A1","OUTSIDE_NARROW_GAP01_GAP03_REPAIR; NOT_EXCLUDED_FROM_BROADER_PHASE2_REVIEW","","Prospective Phase 2A.1 paper-level triage; no new search performed. Occurrences=A0017;AC0259. Query IDs=PHASE2-SEARCH-0002;PHASE2-SEARCH-0058. No stable corpus paper ID assigned at triage. Grouping used canonical DOI/identifier first. Exact normalized-title fallback required author overlap, or a missing identifier plus a long title and compatible year. Phase 2A.1 final triage: excluded from the bounded foundational repair after title/abstract/citation-context assessment; this record cannot support an absence or novelty conclusion. Phase 2A.1 scoped-repair correction (2026-07-31): automatic FALSE_POSITIVE closure superseded by OUT_OF_SCOPE_FOR_PHASE2A1; original broader-review relevance preserved."
"P2UT-0049","Bias of the structural quasi-score estimator of a measurement error model under misspecification of the regressor distribution","Hans Schneeweiss; Chi-Lun Cheng","2006","10.1016/j.jmva.2005.03.010","1","D","GAP-01","model_misspecification_or_diagnostics","SUPPORTING","DISCOVERY_ONLY","NOT_ASSESSED","PRIORITY_3","DEFERRED_RELEVANT_SUPPORTING","DEFERRED_FROM_NARROW_GAP01_GAP03_REPAIR; ORIGINAL_BROADER_PHASE2_RELEVANCE_PRESERVED","","Prospective Phase 2A.1 paper-level triage; no new search performed. Occurrences=DCL0037. Query IDs=PHASE2-SEARCH-0104. No stable corpus paper ID assigned at triage. Grouping used canonical DOI/identifier first. Exact normalized-title fallback required author overlap, or a missing identifier plus a long title and compatible year. Phase 2A.1 final triage: excluded from the bounded foundational repair after title/abstract/citation-context assessment; this record cannot support an absence or novelty conclusion. Phase 2A.1 scoped-repair correction (2026-07-31): automatic FALSE_POSITIVE closure superseded by DEFERRED_RELEVANT_SUPPORTING; original broader-review relevance preserved."
"P2UT-0050","Multi-objective experimental design for 13 C-based metabolic flux analysis","","","10.1016/j.mbs.2015.08.002","1","A","none","domain_context_or_application","PERIPHERAL","TITLE_ABSTRACT_LEVEL","NOT_ASSESSED","PRIORITY_4","OUT_OF_SCOPE_FOR_PHASE2A1","OUTSIDE_NARROW_GAP01_GAP03_REPAIR; NOT_EXCLUDED_FROM_BROADER_PHASE2_REVIEW","","Prospective Phase 2A.1 paper-level triage; no new search performed. Occurrences=AC0143. Query IDs=PHASE2-SEARCH-0056. No stable corpus paper ID assigned at triage. Grouping used canonical DOI/identifier first. Exact normalized-title fallback required author overlap, or a missing identifier plus a long title and compatible year. Phase 2A.1 final triage: excluded from the bounded foundational repair after title/abstract/citation-context assessment; this record cannot support an absence or novelty conclusion. Phase 2A.1 scoped-repair correction (2026-07-31): automatic FALSE_POSITIVE closure superseded by OUT_OF_SCOPE_FOR_PHASE2A1; original broader-review relevance preserved."
"P2UT-0051","Investigation of useful carbon tracers for 13 C-metabolic flux analysis of Escherichia coli by considering five experimentally determined flux distributions","Kousuke Maeda; Nobuyuki Okahashi; Yoshihiro Toya; Fumio Matsuda; Hiroshi Shimizu","2016","10.1016/j.meteno.2016.06.001","1","A","none","domain_context_or_application","PERIPHERAL","TITLE_ABSTRACT_LEVEL","NOT_ASSESSED","PRIORITY_4","OUT_OF_SCOPE_FOR_PHASE2A1","OUTSIDE_NARROW_GAP01_GAP03_REPAIR; NOT_EXCLUDED_FROM_BROADER_PHASE2_REVIEW","","Prospective Phase 2A.1 paper-level triage; no new search performed. Occurrences=A0161. Query IDs=PHASE2-SEARCH-0009. No stable corpus paper ID assigned at triage. Grouping used canonical DOI/identifier first. Exact normalized-title fallback required author overlap, or a missing identifier plus a long title and compatible year. Phase 2A.1 final triage: excluded from the bounded foundational repair after title/abstract/citation-context assessment; this record cannot support an absence or novelty conclusion. Phase 2A.1 scoped-repair correction (2026-07-31): automatic FALSE_POSITIVE closure superseded by OUT_OF_SCOPE_FOR_PHASE2A1; original broader-review relevance preserved."
"P2UT-0052","Simulation-based Bayesian optimal ALT designs for model discrimination","Ehab A. Nasir; Rong Pan","2015","10.1016/j.ress.2014.10.002","1","C","GAP-01","experimental_design_for_model_discrimination","SUPPORTING","DISCOVERY_ONLY","NOT_ASSESSED","PRIORITY_3","DEFERRED_RELEVANT_ADJACENT","ADJACENT_TO_BROADER_REVIEW_BUT_NOT_FULL_TEXT_PRIORITISED_FOR_NARROW_GAP01_GAP03_REPAIR","","Prospective Phase 2A.1 paper-level triage; no new search performed. Occurrences=C0093. Query IDs=PHASE2-SEARCH-0024. No stable corpus paper ID assigned at triage. Grouping used canonical DOI/identifier first. Exact normalized-title fallback required author overlap, or a missing identifier plus a long title and compatible year. Phase 2A.1 final triage: excluded from the bounded foundational repair after title/abstract/citation-context assessment; this record cannot support an absence or novelty conclusion. Phase 2A.1 scoped-repair correction (2026-07-31): automatic FALSE_POSITIVE closure superseded by DEFERRED_RELEVANT_ADJACENT; original broader-review relevance preserved."
"P2UT-0053","Estimation in the presence of many nuisance parameters: Composite likelihood and plug-in likelihood","Billy Wu; Qiwei Yao; Shiwu Zhu","2013","10.1016/j.spa.2013.03.017","1","C","GAP-01;GAP-03","nuisance_parameter_methods","SUPPORTING","DISCOVERY_ONLY","NOT_ASSESSED","PRIORITY_3","DEFERRED_RELEVANT_ADJACENT","ADJACENT_TO_BROADER_REVIEW_BUT_NOT_FULL_TEXT_PRIORITISED_FOR_NARROW_GAP01_GAP03_REPAIR","","Prospective Phase 2A.1 paper-level triage; no new search performed. Occurrences=C0481. Query IDs=PHASE2-SEARCH-0064. No stable corpus paper ID assigned at triage. Grouping used canonical DOI/identifier first. Exact normalized-title fallback required author overlap, or a missing identifier plus a long title and compatible year. Phase 2A.1 final triage: excluded from the bounded foundational repair after title/abstract/citation-context assessment; this record cannot support an absence or novelty conclusion. Phase 2A.1 scoped-repair correction (2026-07-31): automatic FALSE_POSITIVE closure superseded by DEFERRED_RELEVANT_ADJACENT; original broader-review relevance preserved."
"P2UT-0054","Computational tools for isotopically instationary 13 C labeling experiments under metabolic steady state conditions","","","10.1016/j.ymben.2006.05.006","1","A","none","isotope_tracer_or_measurement_design","SUPPORTING","TITLE_ABSTRACT_LEVEL","NOT_ASSESSED","PRIORITY_3","DEFERRED_RELEVANT_SUPPORTING","DEFERRED_FROM_NARROW_GAP01_GAP03_REPAIR; ORIGINAL_BROADER_PHASE2_RELEVANCE_PRESERVED","","Prospective Phase 2A.1 paper-level triage; no new search performed. Occurrences=AC0059. Query IDs=PHASE2-SEARCH-0056. No stable corpus paper ID assigned at triage. Grouping used canonical DOI/identifier first. Exact normalized-title fallback required author overlap, or a missing identifier plus a long title and compatible year. Phase 2A.1 final triage: excluded from the bounded foundational repair after title/abstract/citation-context assessment; this record cannot support an absence or novelty conclusion. Phase 2A.1 scoped-repair correction (2026-07-31): automatic FALSE_POSITIVE closure superseded by DEFERRED_RELEVANT_SUPPORTING; original broader-review relevance preserved."
"P2UT-0055","Mapping photoautotrophic metabolism with isotopically nonstationary 13C flux analysis","","2011","10.1016/j.ymben.2011.08.002","1","A","none","domain_context_or_application","PERIPHERAL","FULL_TEXT_INSPECTED","INSPECTED:open_access","PRIORITY_4","FULL_TEXT_INCLUDED","NA","PMC full text: Methods; Results; Discussion","Prospective Phase 2A.1 paper-level triage; no new search performed. Occurrences=AC0281. Query IDs=PHASE2-SEARCH-0060. Existing corpus ID(s)=P0014. Grouping used canonical DOI/identifier first. Exact normalized-title fallback required author overlap, or a missing identifier plus a long title and compatible year."
"P2UT-0056","Corrigendum to “Mapping photoautotrophic metabolism with isotopically nonstationary 13C flux analysis” [Metab. Eng. 13 (2011) 656–665]","","2012","10.1016/j.ymben.2012.01.005","1","A","none","correction_or_erratum","SUPPORTING","TITLE_ABSTRACT_LEVEL","NOT_ASSESSED","PRIORITY_3","DEFERRED_RELEVANT_SUPPORTING","DEFERRED_FROM_NARROW_GAP01_GAP03_REPAIR; ORIGINAL_BROADER_PHASE2_RELEVANCE_PRESERVED","","Prospective Phase 2A.1 paper-level triage; no new search performed. Occurrences=AC0339. Query IDs=PHASE2-SEARCH-0059. No stable corpus paper ID assigned at triage. Grouping used canonical DOI/identifier first. Exact normalized-title fallback required author overlap, or a missing identifier plus a long title and compatible year. Phase 2A.1 final triage: excluded from the bounded foundational repair after title/abstract/citation-context assessment; this record cannot support an absence or novelty conclusion. Phase 2A.1 scoped-repair correction (2026-07-31): automatic FALSE_POSITIVE closure superseded by DEFERRED_RELEVANT_SUPPORTING; original broader-review relevance preserved."
"P2UT-0057","Parallel labeling experiments with [U-13C]glucose validate E. coli metabolic network model for 13C metabolic flux analysis","Robert W. Leighty; Maciek R. Antoniewicz","2012","10.1016/j.ymben.2012.06.003","3","A;B","none","isotope_tracer_or_measurement_design","SUPPORTING","ABSTRACT_LEVEL","NOT_INSPECTED:paywalled_or_inaccessible","PRIORITY_3","DEFERRED_RELEVANT_SUPPORTING","DEFERRED_FROM_NARROW_GAP01_GAP03_REPAIR; ORIGINAL_BROADER_PHASE2_RELEVANCE_PRESERVED","","Prospective Phase 2A.1 paper-level triage; no new search performed. Occurrences=A0076;AC0178;ROOT-D0004. Query IDs=PHASE2-SEARCH-0006;PHASE2-SEARCH-0011;PHASE2-SEARCH-0056. Existing corpus ID(s)=P0033. Grouping used canonical DOI/identifier first. Exact normalized-title fallback required author overlap, or a missing identifier plus a long title and compatible year. Phase 2A.1 final triage: excluded from the bounded foundational repair after title/abstract/citation-context assessment; this record cannot support an absence or novelty conclusion. Phase 2A.1 scoped-repair correction (2026-07-31): automatic FALSE_POSITIVE closure superseded by DEFERRED_RELEVANT_SUPPORTING; original broader-review relevance preserved."
"P2UT-0058","Isotopically nonstationary 13C flux analysis of Myc-induced metabolic reprogramming in B-cells","","","10.1016/j.ymben.2012.07.008","1","A","none","domain_context_or_application","PERIPHERAL","TITLE_ABSTRACT_LEVEL","NOT_ASSESSED","PRIORITY_4","OUT_OF_SCOPE_FOR_PHASE2A1","OUTSIDE_NARROW_GAP01_GAP03_REPAIR; NOT_EXCLUDED_FROM_BROADER_PHASE2_REVIEW","","Prospective Phase 2A.1 paper-level triage; no new search performed. Occurrences=AC0191. Query IDs=PHASE2-SEARCH-0056. No stable corpus paper ID assigned at triage. Grouping used canonical DOI/identifier first. Exact normalized-title fallback required author overlap, or a missing identifier plus a long title and compatible year. Phase 2A.1 final triage: excluded from the bounded foundational repair after title/abstract/citation-context assessment; this record cannot support an absence or novelty conclusion. Phase 2A.1 scoped-repair correction (2026-07-31): automatic FALSE_POSITIVE closure superseded by OUT_OF_SCOPE_FOR_PHASE2A1; original broader-review relevance preserved."
"P2UT-0059","Parallel labeling experiments with [1,2-13C]glucose and [U-13C]glutamine provide new insights into CHO cell metabolism","Woo Suk Ahn; Maciek R. Antoniewicz","2012","10.1016/j.ymben.2012.10.001","2","A","none","isotope_tracer_or_measurement_design","SUPPORTING","TITLE_ABSTRACT_LEVEL","NOT_ASSESSED","PRIORITY_3","DEFERRED_RELEVANT_SUPPORTING","DEFERRED_FROM_NARROW_GAP01_GAP03_REPAIR; ORIGINAL_BROADER_PHASE2_RELEVANCE_PRESERVED","","Prospective Phase 2A.1 paper-level triage; no new search performed. Occurrences=A0124;AC0155. Query IDs=PHASE2-SEARCH-0009;PHASE2-SEARCH-0056. No stable corpus paper ID assigned at triage. Grouping used canonical DOI/identifier first. Exact normalized-title fallback required author overlap, or a missing identifier plus a long title and compatible year. Phase 2A.1 final triage: excluded from the bounded foundational repair after title/abstract/citation-context assessment; this record cannot support an absence or novelty conclusion. Phase 2A.1 scoped-repair correction (2026-07-31): automatic FALSE_POSITIVE closure superseded by DEFERRED_RELEVANT_SUPPORTING; original broader-review relevance preserved."
"P2UT-0060","Parallel labeling experiments and metabolic flux analysis: Past, present and future methodologies","","","10.1016/j.ymben.2012.11.010","1","A","none","isotope_tracer_or_measurement_design","SUPPORTING","TITLE_ABSTRACT_LEVEL","NOT_ASSESSED","PRIORITY_3","DEFERRED_RELEVANT_SUPPORTING","DEFERRED_FROM_NARROW_GAP01_GAP03_REPAIR; ORIGINAL_BROADER_PHASE2_RELEVANCE_PRESERVED","","Prospective Phase 2A.1 paper-level triage; no new search performed. Occurrences=AC0141. Query IDs=PHASE2-SEARCH-0056. No stable corpus paper ID assigned at triage. Grouping used canonical DOI/identifier first. Exact normalized-title fallback required author overlap, or a missing identifier plus a long title and compatible year. Phase 2A.1 final triage: excluded from the bounded foundational repair after title/abstract/citation-context assessment; this record cannot support an absence or novelty conclusion. Phase 2A.1 scoped-repair correction (2026-07-31): automatic FALSE_POSITIVE closure superseded by DEFERRED_RELEVANT_SUPPORTING; original broader-review relevance preserved."
"P2UT-0061","COMPLETE-MFA: Complementary parallel labeling experiments technique for metabolic flux analysis","Robert W. Leighty; Maciek R. Antoniewicz","2013","10.1016/j.ymben.2013.08.006","2","A","none","isotope_tracer_or_measurement_design","SUPPORTING","ABSTRACT_LEVEL","NOT_INSPECTED:paywalled_or_inaccessible","PRIORITY_3","DEFERRED_RELEVANT_SUPPORTING","DEFERRED_FROM_NARROW_GAP01_GAP03_REPAIR; ORIGINAL_BROADER_PHASE2_RELEVANCE_PRESERVED","","Prospective Phase 2A.1 paper-level triage; no new search performed. Occurrences=A0132;AC0179. Query IDs=PHASE2-SEARCH-0009;PHASE2-SEARCH-0056. Existing corpus ID(s)=P0008. Grouping used canonical DOI/identifier first. Exact normalized-title fallback required author overlap, or a missing identifier plus a long title and compatible year. Phase 2A.1 final triage: excluded from the bounded foundational repair after title/abstract/citation-context assessment; this record cannot support an absence or novelty conclusion. Phase 2A.1 scoped-repair correction (2026-07-31): automatic FALSE_POSITIVE closure superseded by DEFERRED_RELEVANT_SUPPORTING; original broader-review relevance preserved."
"P2UT-0062","Parallel labeling experiments validate Clostridium acetobutylicum metabolic network model for C metabolic flux analysis","","","10.1016/j.ymben.2014.08.002","1","A","none","isotope_tracer_or_measurement_design","SUPPORTING","ABSTRACT_LEVEL","NOT_INSPECTED:paywalled_or_inaccessible","PRIORITY_3","DEFERRED_RELEVANT_SUPPORTING","DEFERRED_FROM_NARROW_GAP01_GAP03_REPAIR; ORIGINAL_BROADER_PHASE2_RELEVANCE_PRESERVED","","Prospective Phase 2A.1 paper-level triage; no new search performed. Occurrences=AC0165. Query IDs=PHASE2-SEARCH-0056. Existing corpus ID(s)=P0015. Grouping used canonical DOI/identifier first. Exact normalized-title fallback required author overlap, or a missing identifier plus a long title and compatible year. Phase 2A.1 final triage: excluded from the bounded foundational repair after title/abstract/citation-context assessment; this record cannot support an absence or novelty conclusion. Phase 2A.1 scoped-repair correction (2026-07-31): automatic FALSE_POSITIVE closure superseded by DEFERRED_RELEVANT_SUPPORTING; original broader-review relevance preserved."
"P2UT-0063","Integrated 13 C-metabolic flux analysis of 14 parallel labeling experiments in Escherichia coli","Scott B. Crown; Christopher P. Long; Maciek R. Antoniewicz","2015","10.1016/j.ymben.2015.01.001","2","A","none","isotope_tracer_or_measurement_design","SUPPORTING","TITLE_ABSTRACT_LEVEL","NOT_ASSESSED","PRIORITY_3","DEFERRED_RELEVANT_SUPPORTING","DEFERRED_FROM_NARROW_GAP01_GAP03_REPAIR; ORIGINAL_BROADER_PHASE2_RELEVANCE_PRESERVED","","Prospective Phase 2A.1 paper-level triage; no new search performed. Occurrences=A0138;AC0126. Query IDs=PHASE2-SEARCH-0009;PHASE2-SEARCH-0056. No stable corpus paper ID assigned at triage. Grouping used canonical DOI/identifier first. Exact normalized-title fallback required author overlap, or a missing identifier plus a long title and compatible year. Phase 2A.1 final triage: excluded from the bounded foundational repair after title/abstract/citation-context assessment; this record cannot support an absence or novelty conclusion. Phase 2A.1 scoped-repair correction (2026-07-31): automatic FALSE_POSITIVE closure superseded by DEFERRED_RELEVANT_SUPPORTING; original broader-review relevance preserved."
"P2UT-0064","Optimal tracers for parallel labeling experiments and 13 C metabolic flux analysis: A new precision and synergy scoring system","","","10.1016/j.ymben.2016.06.001","1","A","none","isotope_tracer_or_measurement_design","SUPPORTING","FULL_TEXT_INSPECTED","INSPECTED:open_access","PRIORITY_3","FULL_TEXT_INCLUDED","NA","Sections 2.1-2.2 score definitions; Sections 4.1-4.3; Conclusions","Prospective Phase 2A.1 paper-level triage; no new search performed. Occurrences=AC0134. Query IDs=PHASE2-SEARCH-0056. Existing corpus ID(s)=P0037. Grouping used canonical DOI/identifier first. Exact normalized-title fallback required author overlap, or a missing identifier plus a long title and compatible year."
"P2UT-0065","13C metabolic flux analysis of microbial and mammalian systems is enhanced with GC-MS measurements of glycogen and RNA labeling","Christopher P. Long; Jennifer Au; Jacqueline E. Gonzalez; Maciek R. Antoniewicz","2016","10.1016/j.ymben.2016.06.007","1","A","none","domain_context_or_application","PERIPHERAL","TITLE_ABSTRACT_LEVEL","NOT_ASSESSED","PRIORITY_4","OUT_OF_SCOPE_FOR_PHASE2A1","OUTSIDE_NARROW_GAP01_GAP03_REPAIR; NOT_EXCLUDED_FROM_BROADER_PHASE2_REVIEW","","Prospective Phase 2A.1 paper-level triage; no new search performed. Occurrences=A0151. Query IDs=PHASE2-SEARCH-0009. No stable corpus paper ID assigned at triage. Grouping used canonical DOI/identifier first. Exact normalized-title fallback required author overlap, or a missing identifier plus a long title and compatible year. Phase 2A.1 final triage: excluded from the bounded foundational repair after title/abstract/citation-context assessment; this record cannot support an absence or novelty conclusion. Phase 2A.1 scoped-repair correction (2026-07-31): automatic FALSE_POSITIVE closure superseded by OUT_OF_SCOPE_FOR_PHASE2A1; original broader-review relevance preserved."
"P2UT-0066","Isotopically nonstationary 13C flux analysis of cyanobacterial isobutyraldehyde production","","2017","10.1016/j.ymben.2017.05.001","1","A","none","domain_context_or_application","PERIPHERAL","TITLE_ABSTRACT_LEVEL","NOT_ASSESSED","PRIORITY_4","OUT_OF_SCOPE_FOR_PHASE2A1","OUTSIDE_NARROW_GAP01_GAP03_REPAIR; NOT_EXCLUDED_FROM_BROADER_PHASE2_REVIEW","","Prospective Phase 2A.1 paper-level triage; no new search performed. Occurrences=AC0336. Query IDs=PHASE2-SEARCH-0059. No stable corpus paper ID assigned at triage. Grouping used canonical DOI/identifier first. Exact normalized-title fallback required author overlap, or a missing identifier plus a long title and compatible year. Phase 2A.1 final triage: excluded from the bounded foundational repair after title/abstract/citation-context assessment; this record cannot support an absence or novelty conclusion. Phase 2A.1 scoped-repair correction (2026-07-31): automatic FALSE_POSITIVE closure superseded by OUT_OF_SCOPE_FOR_PHASE2A1; original broader-review relevance preserved."
"P2UT-0067","Isotopically nonstationary 13C metabolic flux analysis in resting and activated human platelets","","2022","10.1016/j.ymben.2021.12.007","1","A","none","domain_context_or_application","PERIPHERAL","TITLE_ABSTRACT_LEVEL","NOT_ASSESSED","PRIORITY_4","OUT_OF_SCOPE_FOR_PHASE2A1","OUTSIDE_NARROW_GAP01_GAP03_REPAIR; NOT_EXCLUDED_FROM_BROADER_PHASE2_REVIEW","","Prospective Phase 2A.1 paper-level triage; no new search performed. Occurrences=AC0337. Query IDs=PHASE2-SEARCH-0059. No stable corpus paper ID assigned at triage. Grouping used canonical DOI/identifier first. Exact normalized-title fallback required author overlap, or a missing identifier plus a long title and compatible year. Phase 2A.1 final triage: excluded from the bounded foundational repair after title/abstract/citation-context assessment; this record cannot support an absence or novelty conclusion. Phase 2A.1 scoped-repair correction (2026-07-31): automatic FALSE_POSITIVE closure superseded by OUT_OF_SCOPE_FOR_PHASE2A1; original broader-review relevance preserved."
"P2UT-0068","Rethinking 13C-metabolic flux analysis – The Bayesian way of flux inference","Axel Theorell; Johann F. Jadebeck; Wolfgang Wiechert; Johnjoe McFadden; Katharina Nöh","2024","10.1016/j.ymben.2024.03.005","2","B","GAP-01","metabolic_model_or_mechanism_analysis","SUPPORTING","DISCOVERY_ONLY","NOT_ASSESSED","PRIORITY_3","DEFERRED_RELEVANT_SUPPORTING","DEFERRED_FROM_NARROW_GAP01_GAP03_REPAIR; ORIGINAL_BROADER_PHASE2_RELEVANCE_PRESERVED","","Prospective Phase 2A.1 paper-level triage; no new search performed. Occurrences=B-AUDIT-000025;ROOT-D0108. Query IDs=PHASE2-SEARCH-0014;PHASE2-SEARCH-0100. No stable corpus paper ID assigned at triage. Grouping used canonical DOI/identifier first. Exact normalized-title fallback required author overlap, or a missing identifier plus a long title and compatible year. Phase 2A.1 final triage: excluded from the bounded foundational repair after title/abstract/citation-context assessment; this record cannot support an absence or novelty conclusion. Phase 2A.1 scoped-repair correction (2026-07-31): automatic FALSE_POSITIVE closure superseded by DEFERRED_RELEVANT_SUPPORTING; original broader-review relevance preserved."
"P2UT-0069","Optimal design for model discrimination using the F-test with non-linear biochemical models. Criteria for choosing the number and spacing of experimental points","W.G. Bardsley; P.B. McGinlay; M.G. Roig","1989","10.1016/s0022-5193(89)80059-1","1","C","GAP-01","experimental_design_for_model_discrimination","SUPPORTING","DISCOVERY_ONLY","NOT_ASSESSED","PRIORITY_3","DEFERRED_RELEVANT_ADJACENT","ADJACENT_TO_BROADER_REVIEW_BUT_NOT_FULL_TEXT_PRIORITISED_FOR_NARROW_GAP01_GAP03_REPAIR","","Prospective Phase 2A.1 paper-level triage; no new search performed. Occurrences=C0050. Query IDs=PHASE2-SEARCH-0022. No stable corpus paper ID assigned at triage. Grouping used canonical DOI/identifier first. Exact normalized-title fallback required author overlap, or a missing identifier plus a long title and compatible year. Phase 2A.1 final triage: excluded from the bounded foundational repair after title/abstract/citation-context assessment; this record cannot support an absence or novelty conclusion. Phase 2A.1 scoped-repair correction (2026-07-31): automatic FALSE_POSITIVE closure superseded by DEFERRED_RELEVANT_ADJACENT; original broader-review relevance preserved."
"P2UT-0070","Sensitivity of Rao's score test, the Wald test and the likelihood ratio test to nuisance parameters","Bing Li","2001","10.1016/s0378-3758(00)00345-1","1","C","GAP-01;GAP-03","fixed_sample_nuisance_parameter_testing","POTENTIALLY_LOAD_BEARING","ABSTRACT_LEVEL","NOT_INSPECTED:paywalled_or_inaccessible","PRIORITY_2","DEFERRED_RELEVANT_ADJACENT","ADJACENT_TO_BROADER_REVIEW_BUT_NOT_FULL_TEXT_PRIORITISED_FOR_NARROW_GAP01_GAP03_REPAIR","ScienceDirect abstract/preview: local sensitivity using Edgeworth expansions and order-n^-1 terms under local alternatives.","Prospective Phase 2A.1 paper-level triage; no new search performed. Occurrences=C0480. Query IDs=PHASE2-SEARCH-0064. No stable corpus paper ID assigned at triage. Grouping used canonical DOI/identifier first. Exact normalized-title fallback required author overlap, or a missing identifier plus a long title and compatible year. Phase 2A.1 closure: no finite-sample guarantee or converse inferred. Phase 2A.1 scoped-repair correction (2026-07-31): automatic FALSE_POSITIVE closure superseded by DEFERRED_RELEVANT_ADJACENT; original broader-review relevance preserved."
"P2UT-0071","Optimal Input Design for Model Discrimination Based on the Kullback Discrimination Information: Frequency Domain Approach","K. Uosaki; T. Hatanaka","1990","10.1016/s1474-6670(17)52006-6","1","C","GAP-01","experimental_design_for_model_discrimination","SUPPORTING","DISCOVERY_ONLY","NOT_ASSESSED","PRIORITY_3","DEFERRED_RELEVANT_ADJACENT","ADJACENT_TO_BROADER_REVIEW_BUT_NOT_FULL_TEXT_PRIORITISED_FOR_NARROW_GAP01_GAP03_REPAIR","","Prospective Phase 2A.1 paper-level triage; no new search performed. Occurrences=C0039. Query IDs=PHASE2-SEARCH-0022. No stable corpus paper ID assigned at triage. Grouping used canonical DOI/identifier first. Exact normalized-title fallback required author overlap, or a missing identifier plus a long title and compatible year. Phase 2A.1 final triage: excluded from the bounded foundational repair after title/abstract/citation-context assessment; this record cannot support an absence or novelty conclusion. Phase 2A.1 scoped-repair correction (2026-07-31): automatic FALSE_POSITIVE closure superseded by DEFERRED_RELEVANT_ADJACENT; original broader-review relevance preserved."
"P2UT-0072","Optimal Input Design for Autoregressive Model Discrimination Based on the Kullback-Leibler Discrimination Information","K. Uosaki; T. Hatanaka","1987","10.1016/s1474-6670(17)55529-9","1","C","GAP-01","experimental_design_for_model_discrimination","SUPPORTING","DISCOVERY_ONLY","NOT_ASSESSED","PRIORITY_3","DEFERRED_RELEVANT_ADJACENT","ADJACENT_TO_BROADER_REVIEW_BUT_NOT_FULL_TEXT_PRIORITISED_FOR_NARROW_GAP01_GAP03_REPAIR","","Prospective Phase 2A.1 paper-level triage; no new search performed. Occurrences=C0038. Query IDs=PHASE2-SEARCH-0022. No stable corpus paper ID assigned at triage. Grouping used canonical DOI/identifier first. Exact normalized-title fallback required author overlap, or a missing identifier plus a long title and compatible year. Phase 2A.1 final triage: excluded from the bounded foundational repair after title/abstract/citation-context assessment; this record cannot support an absence or novelty conclusion. Phase 2A.1 scoped-repair correction (2026-07-31): automatic FALSE_POSITIVE closure superseded by DEFERRED_RELEVANT_ADJACENT; original broader-review relevance preserved."
"P2UT-0073","Noncoherent Detection and Nuisance Parameters","","2017","10.1017/9781316822708.029","1","C","GAP-01;GAP-03","fixed_sample_nuisance_parameter_testing","POTENTIALLY_LOAD_BEARING","METADATA_OR_LEAD_ONLY","NOT_INSPECTED:paywalled_or_inaccessible","PRIORITY_2","FULL_TEXT_UNAVAILABLE","Cambridge chapter is paywalled and no legal open copy was found through the official ETH author/book route; no method inferred from title.","Cambridge metadata only: A Foundation in Digital Communication, second edition, Chapter 27, pp. 670-687; no chapter text inspected.","Prospective Phase 2A.1 paper-level triage; no new search performed. Occurrences=C0242. Query IDs=PHASE2-SEARCH-0030. No stable corpus paper ID assigned at triage. Grouping used canonical DOI/identifier first. Exact normalized-title fallback required author overlap, or a missing identifier plus a long title and compatible year. Phase 2A.1 closure: verified author is Amos Lapidoth; the chapter cannot support a general fixed-sample EMU claim."
"P2UT-0074","Nuisance parameters","","2007","10.1017/cbo9780511619083.010","1","C","GAP-01;GAP-03","nuisance_parameter_methods","SUPPORTING","DISCOVERY_ONLY","NOT_ASSESSED","PRIORITY_3","DEFERRED_RELEVANT_ADJACENT","ADJACENT_TO_BROADER_REVIEW_BUT_NOT_FULL_TEXT_PRIORITISED_FOR_NARROW_GAP01_GAP03_REPAIR","","Prospective Phase 2A.1 paper-level triage; no new search performed. Occurrences=C0237. Query IDs=PHASE2-SEARCH-0030. No stable corpus paper ID assigned at triage. Grouping used canonical DOI/identifier first. Exact normalized-title fallback required author overlap, or a missing identifier plus a long title and compatible year. Phase 2A.1 final triage: excluded from the bounded foundational repair after title/abstract/citation-context assessment; this record cannot support an absence or novelty conclusion. Phase 2A.1 scoped-repair correction (2026-07-31): automatic FALSE_POSITIVE closure superseded by DEFERRED_RELEVANT_ADJACENT; original broader-review relevance preserved."
"P2UT-0075","Noncoherent Detection and Nuisance Parameters","","2009","10.1017/cbo9780511981234.028","1","C","GAP-01;GAP-03","fixed_sample_nuisance_parameter_testing","POTENTIALLY_LOAD_BEARING","METADATA_OR_LEAD_ONLY","NOT_INSPECTED:paywalled_or_inaccessible","PRIORITY_2","FULL_TEXT_UNAVAILABLE","Cambridge first-edition chapter is paywalled and no legal open copy was found through the official ETH author/book route; no method inferred from title.","Official ETH book page and Cambridge metadata only: first edition, Chapter 27; no chapter text inspected.","Prospective Phase 2A.1 paper-level triage; no new search performed. Occurrences=C0241. Query IDs=PHASE2-SEARCH-0030. No stable corpus paper ID assigned at triage. Grouping used canonical DOI/identifier first. Exact normalized-title fallback required author overlap, or a missing identifier plus a long title and compatible year. Phase 2A.1 closure: verified author is Amos Lapidoth; the two editions remain related but are not assumed mathematically identical."
"P2UT-0076","Power Analysis and Sample Size Determination in Metabolic Phenotyping","","","10.1021/acs.analchem.6b00188.s001","1","A","none","domain_context_or_application","PERIPHERAL","DISCOVERY_ONLY","NOT_ASSESSED","PRIORITY_4","OUT_OF_SCOPE_FOR_PHASE2A1","OUTSIDE_NARROW_GAP01_GAP03_REPAIR; NOT_EXCLUDED_FROM_BROADER_PHASE2_REVIEW","","Prospective Phase 2A.1 paper-level triage; no new search performed. Occurrences=A0067. Query IDs=PHASE2-SEARCH-0006. No stable corpus paper ID assigned at triage. Grouping used canonical DOI/identifier first. Exact normalized-title fallback required author overlap, or a missing identifier plus a long title and compatible year. Phase 2A.1 final triage: excluded from the bounded foundational repair after title/abstract/citation-context assessment; this record cannot support an absence or novelty conclusion. Phase 2A.1 scoped-repair correction (2026-07-31): automatic FALSE_POSITIVE closure superseded by OUT_OF_SCOPE_FOR_PHASE2A1; original broader-review relevance preserved."
"P2UT-0077","FreeFlux: A Python Package for Time-Efficient Isotopically Nonstationary Metabolic Flux Analysis","","2023","10.1021/acssynbio.3c00265","1","A","none","scientific_software_or_workflow","SUPPORTING","TITLE_ABSTRACT_LEVEL","NOT_ASSESSED","PRIORITY_3","DEFERRED_RELEVANT_SUPPORTING","DEFERRED_FROM_NARROW_GAP01_GAP03_REPAIR; ORIGINAL_BROADER_PHASE2_RELEVANCE_PRESERVED","","Prospective Phase 2A.1 paper-level triage; no new search performed. Occurrences=AC0273. Query IDs=PHASE2-SEARCH-0058. No stable corpus paper ID assigned at triage. Grouping used canonical DOI/identifier first. Exact normalized-title fallback required author overlap, or a missing identifier plus a long title and compatible year. Phase 2A.1 final triage: excluded from the bounded foundational repair after title/abstract/citation-context assessment; this record cannot support an absence or novelty conclusion. Phase 2A.1 scoped-repair correction (2026-07-31): automatic FALSE_POSITIVE closure superseded by DEFERRED_RELEVANT_SUPPORTING; original broader-review relevance preserved."
"P2UT-0078","FreeFlux: A Python Package for Time-Efficient Isotopically Nonstationary Metabolic Flux Analysis","","","10.1021/acssynbio.3c00265.s001","1","A","none","scientific_software_or_workflow","SUPPORTING","TITLE_ABSTRACT_LEVEL","NOT_ASSESSED","PRIORITY_3","DEFERRED_RELEVANT_SUPPORTING","DEFERRED_FROM_NARROW_GAP01_GAP03_REPAIR; ORIGINAL_BROADER_PHASE2_RELEVANCE_PRESERVED","","Prospective Phase 2A.1 paper-level triage; no new search performed. Occurrences=AC0330. Query IDs=PHASE2-SEARCH-0059. No stable corpus paper ID assigned at triage. Grouping used canonical DOI/identifier first. Exact normalized-title fallback required author overlap, or a missing identifier plus a long title and compatible year. Phase 2A.1 final triage: excluded from the bounded foundational repair after title/abstract/citation-context assessment; this record cannot support an absence or novelty conclusion. Phase 2A.1 scoped-repair correction (2026-07-31): automatic FALSE_POSITIVE closure superseded by DEFERRED_RELEVANT_SUPPORTING; original broader-review relevance preserved."
"P2UT-0079","CBR-db: A Cheminformatic Database for Biochemical Reaction Analysis","Louie Slocombe; Camerian Millsaps; M. Reza Shahjahan; Kamesh Narasimhan; Sara Imari Walker","2026","10.1021/acssynbio.6c00060","1","D","none","model_misspecification_context","PERIPHERAL","DISCOVERY_ONLY","NOT_ASSESSED","PRIORITY_4","OUT_OF_SCOPE_FOR_PHASE2A1","OUTSIDE_NARROW_GAP01_GAP03_REPAIR; NOT_EXCLUDED_FROM_BROADER_PHASE2_REVIEW","","Prospective Phase 2A.1 paper-level triage; no new search performed. Occurrences=DCL0083. Query IDs=PHASE2-SEARCH-0105. No stable corpus paper ID assigned at triage. Grouping used canonical DOI/identifier first. Exact normalized-title fallback required author overlap, or a missing identifier plus a long title and compatible year. Phase 2A.1 final triage: excluded from the bounded foundational repair after title/abstract/citation-context assessment; this record cannot support an absence or novelty conclusion. Phase 2A.1 scoped-repair correction (2026-07-31): automatic FALSE_POSITIVE closure superseded by OUT_OF_SCOPE_FOR_PHASE2A1; original broader-review relevance preserved."
"P2UT-0080","Stereochemically Consistent Reaction Mapping and Identification of Multiple Reaction Mechanisms through Integer Linear Optimization","Eric L. First; Chrysanthos E. Gounaris; Christodoulos A. Floudas","2011","10.1021/ci200351b","1","D","none","model_misspecification_context","PERIPHERAL","DISCOVERY_ONLY","NOT_ASSESSED","PRIORITY_4","OUT_OF_SCOPE_FOR_PHASE2A1","OUTSIDE_NARROW_GAP01_GAP03_REPAIR; NOT_EXCLUDED_FROM_BROADER_PHASE2_REVIEW","","Prospective Phase 2A.1 paper-level triage; no new search performed. Occurrences=DCL0070. Query IDs=PHASE2-SEARCH-0105. No stable corpus paper ID assigned at triage. Grouping used canonical DOI/identifier first. Exact normalized-title fallback required author overlap, or a missing identifier plus a long title and compatible year. Phase 2A.1 final triage: excluded from the bounded foundational repair after title/abstract/citation-context assessment; this record cannot support an absence or novelty conclusion. Phase 2A.1 scoped-repair correction (2026-07-31): automatic FALSE_POSITIVE closure superseded by OUT_OF_SCOPE_FOR_PHASE2A1; original broader-review relevance preserved."
"P2UT-0081","Accurate Atom-Mapping Computation for Biochemical Reactions","Mario Latendresse; Jeremiah P. Malerich; Mike Travers; Peter D. Karp","2012","10.1021/ci3002217","1","D","none","model_misspecification_context","PERIPHERAL","DISCOVERY_ONLY","NOT_ASSESSED","PRIORITY_4","OUT_OF_SCOPE_FOR_PHASE2A1","OUTSIDE_NARROW_GAP01_GAP03_REPAIR; NOT_EXCLUDED_FROM_BROADER_PHASE2_REVIEW","","Prospective Phase 2A.1 paper-level triage; no new search performed. Occurrences=DCL0069. Query IDs=PHASE2-SEARCH-0105. No stable corpus paper ID assigned at triage. Grouping used canonical DOI/identifier first. Exact normalized-title fallback required author overlap, or a missing identifier plus a long title and compatible year. Phase 2A.1 final triage: excluded from the bounded foundational repair after title/abstract/citation-context assessment; this record cannot support an absence or novelty conclusion. Phase 2A.1 scoped-repair correction (2026-07-31): automatic FALSE_POSITIVE closure superseded by OUT_OF_SCOPE_FOR_PHASE2A1; original broader-review relevance preserved."
"P2UT-0082","Model discrimination via designed experiments: discriminating between the terminal and penultimate models on the basis of composition data","not completely exposed","1993","10.1021/ma00080a011","1","B","GAP-01","experimental_design_for_model_discrimination","SUPPORTING","DISCOVERY_ONLY","NOT_ASSESSED","PRIORITY_3","DEFERRED_RELEVANT_SUPPORTING","DEFERRED_FROM_NARROW_GAP01_GAP03_REPAIR; ORIGINAL_BROADER_PHASE2_RELEVANCE_PRESERVED","","Prospective Phase 2A.1 paper-level triage; no new search performed. Occurrences=B-AUDIT-000197. Query IDs=PHASE2-SEARCH-0112. No stable corpus paper ID assigned at triage. Grouping used canonical DOI/identifier first. Exact normalized-title fallback required author overlap, or a missing identifier plus a long title and compatible year. Phase 2A.1 final triage: excluded from the bounded foundational repair after title/abstract/citation-context assessment; this record cannot support an absence or novelty conclusion. Phase 2A.1 scoped-repair correction (2026-07-31): automatic FALSE_POSITIVE closure superseded by DEFERRED_RELEVANT_SUPPORTING; original broader-review relevance preserved."
"P2UT-0083","Optimal experimental design for model discrimination.","Jay I. Myung; Mark A. Pitt","2009","10.1037/a0016104;10.1037/e527312012-124","2","C","GAP-01","experimental_design_for_model_discrimination","SUPPORTING","DISCOVERY_ONLY","NOT_ASSESSED","PRIORITY_3","DEFERRED_RELEVANT_ADJACENT","ADJACENT_TO_BROADER_REVIEW_BUT_NOT_FULL_TEXT_PRIORITISED_FOR_NARROW_GAP01_GAP03_REPAIR","","Prospective Phase 2A.1 paper-level triage; no new search performed. Occurrences=C0026;C0031. Query IDs=PHASE2-SEARCH-0022. No stable corpus paper ID assigned at triage. Grouping used canonical DOI/identifier first. Exact normalized-title fallback required author overlap, or a missing identifier plus a long title and compatible year. Phase 2A.1 final triage: excluded from the bounded foundational repair after title/abstract/citation-context assessment; this record cannot support an absence or novelty conclusion. Phase 2A.1 scoped-repair correction (2026-07-31): automatic FALSE_POSITIVE closure superseded by DEFERRED_RELEVANT_ADJACENT; original broader-review relevance preserved."
"P2UT-0084","Adaptive optimal experimental design for model discrimination","Jay I. Myung; Daniel R. Cavagnaro; Mark A. Pitt","2010","10.1037/e520592012-108","1","C","GAP-01","experimental_design_for_model_discrimination","SUPPORTING","DISCOVERY_ONLY","NOT_ASSESSED","PRIORITY_3","DEFERRED_RELEVANT_ADJACENT","ADJACENT_TO_BROADER_REVIEW_BUT_NOT_FULL_TEXT_PRIORITISED_FOR_NARROW_GAP01_GAP03_REPAIR","","Prospective Phase 2A.1 paper-level triage; no new search performed. Occurrences=C0028. Query IDs=PHASE2-SEARCH-0022. No stable corpus paper ID assigned at triage. Grouping used canonical DOI/identifier first. Exact normalized-title fallback required author overlap, or a missing identifier plus a long title and compatible year. Phase 2A.1 final triage: excluded from the bounded foundational repair after title/abstract/citation-context assessment; this record cannot support an absence or novelty conclusion. Phase 2A.1 scoped-repair correction (2026-07-31): automatic FALSE_POSITIVE closure superseded by DEFERRED_RELEVANT_ADJACENT; original broader-review relevance preserved."
"P2UT-0085","Testing nonnested structural equation models.","Edgar C. Merkle; Dongjun You; Kristopher J. Preacher","2015","10.1037/met0000038","1","C","none","adjacent_statistical_or_decision_theory","PERIPHERAL","DISCOVERY_ONLY","NOT_ASSESSED","PRIORITY_4","DEFERRED_RELEVANT_ADJACENT","ADJACENT_TO_BROADER_REVIEW_BUT_NOT_FULL_TEXT_PRIORITISED_FOR_NARROW_GAP01_GAP03_REPAIR","","Prospective Phase 2A.1 paper-level triage; no new search performed. Occurrences=C0253. Query IDs=PHASE2-SEARCH-0031. No stable corpus paper ID assigned at triage. Grouping used canonical DOI/identifier first. Exact normalized-title fallback required author overlap, or a missing identifier plus a long title and compatible year. Phase 2A.1 final triage: excluded from the bounded foundational repair after title/abstract/citation-context assessment; this record cannot support an absence or novelty conclusion. Phase 2A.1 scoped-repair correction (2026-07-31): automatic FALSE_POSITIVE closure superseded by DEFERRED_RELEVANT_ADJACENT; original broader-review relevance preserved."
"P2UT-0086","Automatic mapping of atoms across both simple and complex chemical reactions","Wojciech Jaworski; Sara Szymkuć; Barbara Mikulak-Klucznik; Krzysztof Piecuch; Tomasz Klucznik; Michał Kaźmierowski; Jan M. Rydzewski; Anna Gambin; Bartosz A. Grzybowski","2019","10.1038/s41467-019-09440-2","1","D","none","model_misspecification_context","PERIPHERAL","DISCOVERY_ONLY","NOT_ASSESSED","PRIORITY_4","OUT_OF_SCOPE_FOR_PHASE2A1","OUTSIDE_NARROW_GAP01_GAP03_REPAIR; NOT_EXCLUDED_FROM_BROADER_PHASE2_REVIEW","","Prospective Phase 2A.1 paper-level triage; no new search performed. Occurrences=DCL0066. Query IDs=PHASE2-SEARCH-0105. No stable corpus paper ID assigned at triage. Grouping used canonical DOI/identifier first. Exact normalized-title fallback required author overlap, or a missing identifier plus a long title and compatible year. Phase 2A.1 final triage: excluded from the bounded foundational repair after title/abstract/citation-context assessment; this record cannot support an absence or novelty conclusion. Phase 2A.1 scoped-repair correction (2026-07-31): automatic FALSE_POSITIVE closure superseded by OUT_OF_SCOPE_FOR_PHASE2A1; original broader-review relevance preserved."
"P2UT-0087","Reaction lumping in metabolic networks for application with thermodynamic metabolic flux analysis","Lea Seep; Zahra Razaghi-Moghadam; Zoran Nikoloski","2021","10.1038/s41598-021-87643-8","1","D","none","model_misspecification_context","PERIPHERAL","DISCOVERY_ONLY","NOT_ASSESSED","PRIORITY_4","OUT_OF_SCOPE_FOR_PHASE2A1","OUTSIDE_NARROW_GAP01_GAP03_REPAIR; NOT_EXCLUDED_FROM_BROADER_PHASE2_REVIEW","","Prospective Phase 2A.1 paper-level triage; no new search performed. Occurrences=DCL0031. Query IDs=PHASE2-SEARCH-0104. No stable corpus paper ID assigned at triage. Grouping used canonical DOI/identifier first. Exact normalized-title fallback required author overlap, or a missing identifier plus a long title and compatible year. Phase 2A.1 final triage: excluded from the bounded foundational repair after title/abstract/citation-context assessment; this record cannot support an absence or novelty conclusion. Phase 2A.1 scoped-repair correction (2026-07-31): automatic FALSE_POSITIVE closure superseded by OUT_OF_SCOPE_FOR_PHASE2A1; original broader-review relevance preserved."
"P2UT-0088","CHAPTER 2. Experimental Design: Sample Collection, Sample Size, Power Calculations, Essential Assumptions and Univariate Approaches to Metabolomics Analysis","Martin Grootveld; Victor Ruiz Rodado","2014","10.1039/9781849735162-00035","1","A","none","secondary_review_or_discovery","PERIPHERAL","DISCOVERY_ONLY","NOT_ASSESSED","PRIORITY_4","OUT_OF_SCOPE_FOR_PHASE2A1","OUTSIDE_NARROW_GAP01_GAP03_REPAIR; NOT_EXCLUDED_FROM_BROADER_PHASE2_REVIEW","","Prospective Phase 2A.1 paper-level triage; no new search performed. Occurrences=A0078. Query IDs=PHASE2-SEARCH-0006. No stable corpus paper ID assigned at triage. Grouping used canonical DOI/identifier first. Exact normalized-title fallback required author overlap, or a missing identifier plus a long title and compatible year. Phase 2A.1 final triage: excluded from the bounded foundational repair after title/abstract/citation-context assessment; this record cannot support an absence or novelty conclusion. Phase 2A.1 scoped-repair correction (2026-07-31): automatic FALSE_POSITIVE closure superseded by OUT_OF_SCOPE_FOR_PHASE2A1; original broader-review relevance preserved."
"P2UT-0089","Designer labels for plant metabolism: statistical design of isotope labeling experiments for improved quantification of flux in complex plant metabolic networks","Shilpa Nargund; Ganesh Sriram","2012","10.1039/c2mb25253h","1","A","none","isotope_tracer_or_measurement_design","SUPPORTING","TITLE_ABSTRACT_LEVEL","NOT_ASSESSED","PRIORITY_3","DEFERRED_RELEVANT_SUPPORTING","DEFERRED_FROM_NARROW_GAP01_GAP03_REPAIR; ORIGINAL_BROADER_PHASE2_RELEVANCE_PRESERVED","","Prospective Phase 2A.1 paper-level triage; no new search performed. Occurrences=A0158. Query IDs=PHASE2-SEARCH-0009. No stable corpus paper ID assigned at triage. Grouping used canonical DOI/identifier first. Exact normalized-title fallback required author overlap, or a missing identifier plus a long title and compatible year. Phase 2A.1 final triage: excluded from the bounded foundational repair after title/abstract/citation-context assessment; this record cannot support an absence or novelty conclusion. Phase 2A.1 scoped-repair correction (2026-07-31): automatic FALSE_POSITIVE closure superseded by DEFERRED_RELEVANT_SUPPORTING; original broader-review relevance preserved."
"P2UT-0090","EnzymeMap: curation, validation and data-driven prediction of enzymatic reactions","Esther Heid; Daniel Probst; William H. Green; Georg K. H. Madsen","2023","10.1039/d3sc02048g","1","D","none","model_misspecification_context","PERIPHERAL","DISCOVERY_ONLY","NOT_ASSESSED","PRIORITY_4","OUT_OF_SCOPE_FOR_PHASE2A1","OUTSIDE_NARROW_GAP01_GAP03_REPAIR; NOT_EXCLUDED_FROM_BROADER_PHASE2_REVIEW","","Prospective Phase 2A.1 paper-level triage; no new search performed. Occurrences=DCL0076. Query IDs=PHASE2-SEARCH-0105. No stable corpus paper ID assigned at triage. Grouping used canonical DOI/identifier first. Exact normalized-title fallback required author overlap, or a missing identifier plus a long title and compatible year. Phase 2A.1 final triage: excluded from the bounded foundational repair after title/abstract/citation-context assessment; this record cannot support an absence or novelty conclusion. Phase 2A.1 scoped-repair correction (2026-07-31): automatic FALSE_POSITIVE closure superseded by OUT_OF_SCOPE_FOR_PHASE2A1; original broader-review relevance preserved."
"P2UT-0091","Computational procedures for optimal experimental design in biological systems","","","10.1049/iet-syb:20070069","1","A","none","domain_context_or_application","PERIPHERAL","TITLE_ABSTRACT_LEVEL","NOT_ASSESSED","PRIORITY_4","OUT_OF_SCOPE_FOR_PHASE2A1","OUTSIDE_NARROW_GAP01_GAP03_REPAIR; NOT_EXCLUDED_FROM_BROADER_PHASE2_REVIEW","","Prospective Phase 2A.1 paper-level triage; no new search performed. Occurrences=AC0107. Query IDs=PHASE2-SEARCH-0056. No stable corpus paper ID assigned at triage. Grouping used canonical DOI/identifier first. Exact normalized-title fallback required author overlap, or a missing identifier plus a long title and compatible year. Phase 2A.1 final triage: excluded from the bounded foundational repair after title/abstract/citation-context assessment; this record cannot support an absence or novelty conclusion. Phase 2A.1 scoped-repair correction (2026-07-31): automatic FALSE_POSITIVE closure superseded by OUT_OF_SCOPE_FOR_PHASE2A1; original broader-review relevance preserved."
"P2UT-0092","Bayesian Sequential Composite Hypothesis Testing in Discrete Time","Erik Ekström; Yuqiong Wang","2022","10.1051/ps/2022005","1","C","GAP-01;GAP-03","active_sequential_or_controlled_testing","SUPPORTING","DISCOVERY_ONLY","NOT_ASSESSED","PRIORITY_3","DEFERRED_RELEVANT_ADJACENT","ADJACENT_TO_BROADER_REVIEW_BUT_NOT_FULL_TEXT_PRIORITISED_FOR_NARROW_GAP01_GAP03_REPAIR","","Prospective Phase 2A.1 paper-level triage; no new search performed. Occurrences=C0195. Query IDs=PHASE2-SEARCH-0028. No stable corpus paper ID assigned at triage. Grouping used canonical DOI/identifier first. Exact normalized-title fallback required author overlap, or a missing identifier plus a long title and compatible year. Phase 2A.1 final triage: excluded from the bounded foundational repair after title/abstract/citation-context assessment; this record cannot support an absence or novelty conclusion. Phase 2A.1 scoped-repair correction (2026-07-31): automatic FALSE_POSITIVE closure superseded by DEFERRED_RELEVANT_ADJACENT; original broader-review relevance preserved."
"P2UT-0093","Isotopically nonstationary <sup>13</sup> C flux analysis of changes in <i>Arabidopsis thaliana</i> leaf metabolism due to high light acclimation","","2014","10.1073/pnas.1319485111","1","A","none","domain_context_or_application","PERIPHERAL","TITLE_ABSTRACT_LEVEL","NOT_ASSESSED","PRIORITY_4","OUT_OF_SCOPE_FOR_PHASE2A1","OUTSIDE_NARROW_GAP01_GAP03_REPAIR; NOT_EXCLUDED_FROM_BROADER_PHASE2_REVIEW","","Prospective Phase 2A.1 paper-level triage; no new search performed. Occurrences=AC0256. Query IDs=PHASE2-SEARCH-0058. No stable corpus paper ID assigned at triage. Grouping used canonical DOI/identifier first. Exact normalized-title fallback required author overlap, or a missing identifier plus a long title and compatible year. Phase 2A.1 final triage: excluded from the bounded foundational repair after title/abstract/citation-context assessment; this record cannot support an absence or novelty conclusion. Phase 2A.1 scoped-repair correction (2026-07-31): automatic FALSE_POSITIVE closure superseded by OUT_OF_SCOPE_FOR_PHASE2A1; original broader-review relevance preserved."
"P2UT-0094","Some Notes on Misspecification in Multiple Regressions","Potluri Rao","1971","10.1080/00031305.1971.10477302","1","D","GAP-01","model_misspecification_or_diagnostics","SUPPORTING","DISCOVERY_ONLY","NOT_ASSESSED","PRIORITY_3","DEFERRED_RELEVANT_SUPPORTING","DEFERRED_FROM_NARROW_GAP01_GAP03_REPAIR; ORIGINAL_BROADER_PHASE2_RELEVANCE_PRESERVED","","Prospective Phase 2A.1 paper-level triage; no new search performed. Occurrences=DCL0103. Query IDs=PHASE2-SEARCH-0106. No stable corpus paper ID assigned at triage. Grouping used canonical DOI/identifier first. Exact normalized-title fallback required author overlap, or a missing identifier plus a long title and compatible year. Phase 2A.1 final triage: excluded from the bounded foundational repair after title/abstract/citation-context assessment; this record cannot support an absence or novelty conclusion. Phase 2A.1 scoped-repair correction (2026-07-31): automatic FALSE_POSITIVE closure superseded by DEFERRED_RELEVANT_SUPPORTING; original broader-review relevance preserved."
"P2UT-0095","A Review of Experimental Design Procedures for Regression Model Discrimination","Peter D. H. Hill","1978","10.1080/00401706.1978.10489611","1","C","GAP-01","experimental_design_for_model_discrimination","SUPPORTING","DISCOVERY_ONLY","NOT_ASSESSED","PRIORITY_3","DEFERRED_RELEVANT_ADJACENT","ADJACENT_TO_BROADER_REVIEW_BUT_NOT_FULL_TEXT_PRIORITISED_FOR_NARROW_GAP01_GAP03_REPAIR","","Prospective Phase 2A.1 paper-level triage; no new search performed. Occurrences=C0247. Query IDs=PHASE2-SEARCH-0030. No stable corpus paper ID assigned at triage. Grouping used canonical DOI/identifier first. Exact normalized-title fallback required author overlap, or a missing identifier plus a long title and compatible year. Phase 2A.1 final triage: excluded from the bounded foundational repair after title/abstract/citation-context assessment; this record cannot support an absence or novelty conclusion. Phase 2A.1 scoped-repair correction (2026-07-31): automatic FALSE_POSITIVE closure superseded by DEFERRED_RELEVANT_ADJACENT; original broader-review relevance preserved."
"P2UT-0096","A note on maximum likelihood estimators and nuisance parameters","Peter Tan","1974","10.1080/03610927408827198","1","C","GAP-01;GAP-03","nuisance_parameter_methods","SUPPORTING","DISCOVERY_ONLY","NOT_ASSESSED","PRIORITY_3","DEFERRED_RELEVANT_ADJACENT","ADJACENT_TO_BROADER_REVIEW_BUT_NOT_FULL_TEXT_PRIORITISED_FOR_NARROW_GAP01_GAP03_REPAIR","","Prospective Phase 2A.1 paper-level triage; no new search performed. Occurrences=C0497. Query IDs=PHASE2-SEARCH-0064. No stable corpus paper ID assigned at triage. Grouping used canonical DOI/identifier first. Exact normalized-title fallback required author overlap, or a missing identifier plus a long title and compatible year. Phase 2A.1 final triage: excluded from the bounded foundational repair after title/abstract/citation-context assessment; this record cannot support an absence or novelty conclusion. Phase 2A.1 scoped-repair correction (2026-07-31): automatic FALSE_POSITIVE closure superseded by DEFERRED_RELEVANT_ADJACENT; original broader-review relevance preserved."
"P2UT-0097","Study of Optimal Adaptive Rule in Testing Composite Hypothesis","Subir Kr. Bhandari; Shyamal Krishna De; Siddhartha Mandal; Santanu Pradhan; Biswajit Ghosh","2009","10.1080/07474940903041852","1","C","GAP-01;GAP-03","active_sequential_or_controlled_testing","SUPPORTING","DISCOVERY_ONLY","NOT_ASSESSED","PRIORITY_3","DEFERRED_RELEVANT_ADJACENT","ADJACENT_TO_BROADER_REVIEW_BUT_NOT_FULL_TEXT_PRIORITISED_FOR_NARROW_GAP01_GAP03_REPAIR","","Prospective Phase 2A.1 paper-level triage; no new search performed. Occurrences=C0193. Query IDs=PHASE2-SEARCH-0028. No stable corpus paper ID assigned at triage. Grouping used canonical DOI/identifier first. Exact normalized-title fallback required author overlap, or a missing identifier plus a long title and compatible year. Phase 2A.1 final triage: excluded from the bounded foundational repair after title/abstract/citation-context assessment; this record cannot support an absence or novelty conclusion. Phase 2A.1 scoped-repair correction (2026-07-31): automatic FALSE_POSITIVE closure superseded by DEFERRED_RELEVANT_ADJACENT; original broader-review relevance preserved."
"P2UT-0098","Optimal experiment design","","","10.1088/0957-0233/9/6/003","1","A","none","domain_context_or_application","PERIPHERAL","TITLE_ABSTRACT_LEVEL","NOT_ASSESSED","PRIORITY_4","OUT_OF_SCOPE_FOR_PHASE2A1","OUTSIDE_NARROW_GAP01_GAP03_REPAIR; NOT_EXCLUDED_FROM_BROADER_PHASE2_REVIEW","","Prospective Phase 2A.1 paper-level triage; no new search performed. Occurrences=AC0114. Query IDs=PHASE2-SEARCH-0056. No stable corpus paper ID assigned at triage. Grouping used canonical DOI/identifier first. Exact normalized-title fallback required author overlap, or a missing identifier plus a long title and compatible year. Phase 2A.1 final triage: excluded from the bounded foundational repair after title/abstract/citation-context assessment; this record cannot support an absence or novelty conclusion. Phase 2A.1 scoped-repair correction (2026-07-31): automatic FALSE_POSITIVE closure superseded by OUT_OF_SCOPE_FOR_PHASE2A1; original broader-review relevance preserved."
"P2UT-0099","Nuisance parameters. Tests with invariant power functions","","2008","10.1090/mmono/020/04","1","C","GAP-01;GAP-03","fixed_sample_nuisance_parameter_testing","POTENTIALLY_LOAD_BEARING","METADATA_OR_LEAD_ONLY","NOT_INSPECTED:paywalled_or_inaccessible","PRIORITY_2","FULL_TEXT_UNAVAILABLE","AMS monograph chapter is paywalled and limited previews did not expose the primary method; no exact-similarity or uniform-control claim encoded.","AMS table of contents and bibliographic record only: Statistical Problems with Nuisance Parameters, Translations of Mathematical Monographs 20; no theorem inspected.","Prospective Phase 2A.1 paper-level triage; no new search performed. Occurrences=C0231. Query IDs=PHASE2-SEARCH-0030. No stable corpus paper ID assigned at triage. Grouping used canonical DOI/identifier first. Exact normalized-title fallback required author overlap, or a missing identifier plus a long title and compatible year. Phase 2A.1 closure: verified author is Ju. V. Linnik; manual retrieval only if other invariant-testing anchors do not close the family."
"P2UT-0100","A protocol for dynamic model calibration","not completely exposed","2021","10.1093/bib/bbab387","1","B","GAP-01","metabolic_model_or_mechanism_analysis","SUPPORTING","DISCOVERY_ONLY","NOT_ASSESSED","PRIORITY_3","DEFERRED_RELEVANT_SUPPORTING","DEFERRED_FROM_NARROW_GAP01_GAP03_REPAIR; ORIGINAL_BROADER_PHASE2_RELEVANCE_PRESERVED","","Prospective Phase 2A.1 paper-level triage; no new search performed. Occurrences=B-AUDIT-000192. Query IDs=PHASE2-SEARCH-0111. No stable corpus paper ID assigned at triage. Grouping used canonical DOI/identifier first. Exact normalized-title fallback required author overlap, or a missing identifier plus a long title and compatible year. Phase 2A.1 final triage: excluded from the bounded foundational repair after title/abstract/citation-context assessment; this record cannot support an absence or novelty conclusion. Phase 2A.1 scoped-repair correction (2026-07-31): automatic FALSE_POSITIVE closure superseded by DEFERRED_RELEVANT_SUPPORTING; original broader-review relevance preserved."
"P2UT-0101","Bayesian ranking of biochemical system models","Vladislav Vyshemirsky; Mark Girolami","2007","10.1093/bioinformatics/btm607","1","B","GAP-01","metabolic_model_or_mechanism_analysis","SUPPORTING","DISCOVERY_ONLY","NOT_ASSESSED","PRIORITY_3","DEFERRED_RELEVANT_SUPPORTING","DEFERRED_FROM_NARROW_GAP01_GAP03_REPAIR; ORIGINAL_BROADER_PHASE2_RELEVANCE_PRESERVED","","Prospective Phase 2A.1 paper-level triage; no new search performed. Occurrences=B-AUDIT-000135. Query IDs=PHASE2-SEARCH-0102. No stable corpus paper ID assigned at triage. Grouping used canonical DOI/identifier first. Exact normalized-title fallback required author overlap, or a missing identifier plus a long title and compatible year. Phase 2A.1 final triage: excluded from the bounded foundational repair after title/abstract/citation-context assessment; this record cannot support an absence or novelty conclusion. Phase 2A.1 scoped-repair correction (2026-07-31): automatic FALSE_POSITIVE closure superseded by DEFERRED_RELEVANT_SUPPORTING; original broader-review relevance preserved."
"P2UT-0102","An optimal experimental design approach to model discrimination in dynamic biochemical systems","Dominik Skanda; Dirk Lebiedz","2010","10.1093/bioinformatics/btq074","1","C","GAP-01","experimental_design_for_model_discrimination","SUPPORTING","DISCOVERY_ONLY","NOT_ASSESSED","PRIORITY_3","DEFERRED_RELEVANT_ADJACENT","ADJACENT_TO_BROADER_REVIEW_BUT_NOT_FULL_TEXT_PRIORITISED_FOR_NARROW_GAP01_GAP03_REPAIR","","Prospective Phase 2A.1 paper-level triage; no new search performed. Occurrences=C0029. Query IDs=PHASE2-SEARCH-0022. No stable corpus paper ID assigned at triage. Grouping used canonical DOI/identifier first. Exact normalized-title fallback required author overlap, or a missing identifier plus a long title and compatible year. Phase 2A.1 final triage: excluded from the bounded foundational repair after title/abstract/citation-context assessment; this record cannot support an absence or novelty conclusion. Phase 2A.1 scoped-repair correction (2026-07-31): automatic FALSE_POSITIVE closure superseded by DEFERRED_RELEVANT_ADJACENT; original broader-review relevance preserved."
"P2UT-0103","Reaction Decoder Tool (RDT): extracting features from chemical reactions","Syed Asad Rahman; Gilliean Torrance; Lorenzo Baldacci; Sergio Martínez Cuesta; Franz Fenninger; Nimish Gopal; Saket Choudhary; John W. May; Gemma L. Holliday; Christoph Steinbeck; Janet M. Thornton","2016","10.1093/bioinformatics/btw096","1","D","none","model_misspecification_context","PERIPHERAL","DISCOVERY_ONLY","NOT_ASSESSED","PRIORITY_4","OUT_OF_SCOPE_FOR_PHASE2A1","OUTSIDE_NARROW_GAP01_GAP03_REPAIR; NOT_EXCLUDED_FROM_BROADER_PHASE2_REVIEW","","Prospective Phase 2A.1 paper-level triage; no new search performed. Occurrences=DCL0068. Query IDs=PHASE2-SEARCH-0105. No stable corpus paper ID assigned at triage. Grouping used canonical DOI/identifier first. Exact normalized-title fallback required author overlap, or a missing identifier plus a long title and compatible year. Phase 2A.1 final triage: excluded from the bounded foundational repair after title/abstract/citation-context assessment; this record cannot support an absence or novelty conclusion. Phase 2A.1 scoped-repair correction (2026-07-31): automatic FALSE_POSITIVE closure superseded by OUT_OF_SCOPE_FOR_PHASE2A1; original broader-review relevance preserved."
"P2UT-0104","MIA: non-targeted mass isotopolome analysis","Daniel Weindl; Andre Wegner; Karsten Hiller","2016","10.1093/bioinformatics/btw317","1","E","none","domain_context_or_application","PERIPHERAL","TITLE_ABSTRACT_LEVEL","NOT_ASSESSED","PRIORITY_4","OUT_OF_SCOPE_FOR_PHASE2A1","OUTSIDE_NARROW_GAP01_GAP03_REPAIR; NOT_EXCLUDED_FROM_BROADER_PHASE2_REVIEW","","Prospective Phase 2A.1 paper-level triage; no new search performed. Occurrences=E-D0065. Query IDs=PHASE2-SEARCH-0054. No stable corpus paper ID assigned at triage. Grouping used canonical DOI/identifier first. Exact normalized-title fallback required author overlap, or a missing identifier plus a long title and compatible year. Phase 2A.1 final triage: excluded from the bounded foundational repair after title/abstract/citation-context assessment; this record cannot support an absence or novelty conclusion. Phase 2A.1 scoped-repair correction (2026-07-31): automatic FALSE_POSITIVE closure superseded by OUT_OF_SCOPE_FOR_PHASE2A1; original broader-review relevance preserved."
"P2UT-0105","Bayesian metabolic flux analysis reveals intracellular flux couplings","Markus Heinonen; Maria Osmala; Henrik Mannerström; Janne Wallenius; Samuel Kaski; Juho Rousu; Harri Lähdesmäki","2019","10.1093/bioinformatics/btz315","1","B","GAP-01","metabolic_model_or_mechanism_analysis","SUPPORTING","FULL_TEXT_INSPECTED","INSPECTED:open_access","PRIORITY_3","FULL_TEXT_INCLUDED","NA","PMC full text: Methods; Figures 2-7","Prospective Phase 2A.1 paper-level triage; no new search performed. Occurrences=ROOT-D0140. Query IDs=PHASE2-SEARCH-0014. Existing corpus ID(s)=P0011. Grouping used canonical DOI/identifier first. Exact normalized-title fallback required author overlap, or a missing identifier plus a long title and compatible year."
"P2UT-0106","A scalable method for parameter identification in kinetic models of metabolism using steady-state data","Shyam Srinivasan; William R. Cluett; Radhakrishnan Mahadevan","2019","10.1093/bioinformatics/btz445","1","B","GAP-01","metabolic_model_or_mechanism_analysis","SUPPORTING","DISCOVERY_ONLY","NOT_ASSESSED","PRIORITY_3","DEFERRED_RELEVANT_SUPPORTING","DEFERRED_FROM_NARROW_GAP01_GAP03_REPAIR; ORIGINAL_BROADER_PHASE2_RELEVANCE_PRESERVED","","Prospective Phase 2A.1 paper-level triage; no new search performed. Occurrences=B-AUDIT-000191. Query IDs=PHASE2-SEARCH-0111. No stable corpus paper ID assigned at triage. Grouping used canonical DOI/identifier first. Exact normalized-title fallback required author overlap, or a missing identifier plus a long title and compatible year. Phase 2A.1 final triage: excluded from the bounded foundational repair after title/abstract/citation-context assessment; this record cannot support an absence or novelty conclusion. Phase 2A.1 scoped-repair correction (2026-07-31): automatic FALSE_POSITIVE closure superseded by DEFERRED_RELEVANT_SUPPORTING; original broader-review relevance preserved."
"P2UT-0107","Maximum Likelihood in Small Samples: Estimation in the Presence of Nuisance Parameters","D. A. Sprott","1980","10.1093/biomet/67.3.515;10.2307/2335119","2","C","GAP-01;GAP-03","nuisance_parameter_methods","SUPPORTING","DISCOVERY_ONLY","NOT_ASSESSED","PRIORITY_3","DEFERRED_RELEVANT_ADJACENT","ADJACENT_TO_BROADER_REVIEW_BUT_NOT_FULL_TEXT_PRIORITISED_FOR_NARROW_GAP01_GAP03_REPAIR","","Prospective Phase 2A.1 paper-level triage; no new search performed. Occurrences=C0493;C0500. Query IDs=PHASE2-SEARCH-0064. No stable corpus paper ID assigned at triage. Grouping used canonical DOI/identifier first. Exact normalized-title fallback required author overlap, or a missing identifier plus a long title and compatible year. Phase 2A.1 final triage: excluded from the bounded foundational repair after title/abstract/citation-context assessment; this record cannot support an absence or novelty conclusion. Phase 2A.1 scoped-repair correction (2026-07-31): automatic FALSE_POSITIVE closure superseded by DEFERRED_RELEVANT_ADJACENT; original broader-review relevance preserved."
"P2UT-0108","Canonical Likelihoods: A New Likelihood Treatment of Nuisance Parameters","John Hinde; Murray Aitkin","1987","10.1093/biomet/74.1.45;10.2307/2336020","2","C","GAP-01;GAP-03","nuisance_parameter_methods","SUPPORTING","DISCOVERY_ONLY","NOT_ASSESSED","PRIORITY_3","DEFERRED_RELEVANT_ADJACENT","ADJACENT_TO_BROADER_REVIEW_BUT_NOT_FULL_TEXT_PRIORITISED_FOR_NARROW_GAP01_GAP03_REPAIR","","Prospective Phase 2A.1 paper-level triage; no new search performed. Occurrences=C0486;C0494. Query IDs=PHASE2-SEARCH-0064. No stable corpus paper ID assigned at triage. Grouping used canonical DOI/identifier first. Exact normalized-title fallback required author overlap, or a missing identifier plus a long title and compatible year. Phase 2A.1 final triage: excluded from the bounded foundational repair after title/abstract/citation-context assessment; this record cannot support an absence or novelty conclusion. Phase 2A.1 scoped-repair correction (2026-07-31): automatic FALSE_POSITIVE closure superseded by DEFERRED_RELEVANT_ADJACENT; original broader-review relevance preserved."
"P2UT-0109","Empirical likelihood in the presence of nuisance parameters","N. Lazar","1999","10.1093/biomet/86.1.203","1","C","GAP-01;GAP-03","nuisance_parameter_methods","SUPPORTING","DISCOVERY_ONLY","NOT_ASSESSED","PRIORITY_3","DEFERRED_RELEVANT_ADJACENT","ADJACENT_TO_BROADER_REVIEW_BUT_NOT_FULL_TEXT_PRIORITISED_FOR_NARROW_GAP01_GAP03_REPAIR","","Prospective Phase 2A.1 paper-level triage; no new search performed. Occurrences=C0488. Query IDs=PHASE2-SEARCH-0064. No stable corpus paper ID assigned at triage. Grouping used canonical DOI/identifier first. Exact normalized-title fallback required author overlap, or a missing identifier plus a long title and compatible year. Phase 2A.1 final triage: excluded from the bounded foundational repair after title/abstract/citation-context assessment; this record cannot support an absence or novelty conclusion. Phase 2A.1 scoped-repair correction (2026-07-31): automatic FALSE_POSITIVE closure superseded by DEFERRED_RELEVANT_ADJACENT; original broader-review relevance preserved."
"P2UT-0110","Miscellanea. The directed modified profile likelihood in models with many nuisance parameters","N Sartori","1999","10.1093/biomet/86.3.735","1","C","GAP-01;GAP-03","nuisance_parameter_methods","SUPPORTING","DISCOVERY_ONLY","NOT_ASSESSED","PRIORITY_3","DEFERRED_RELEVANT_ADJACENT","ADJACENT_TO_BROADER_REVIEW_BUT_NOT_FULL_TEXT_PRIORITISED_FOR_NARROW_GAP01_GAP03_REPAIR","","Prospective Phase 2A.1 paper-level triage; no new search performed. Occurrences=C0495. Query IDs=PHASE2-SEARCH-0064. No stable corpus paper ID assigned at triage. Grouping used canonical DOI/identifier first. Exact normalized-title fallback required author overlap, or a missing identifier plus a long title and compatible year. Phase 2A.1 final triage: excluded from the bounded foundational repair after title/abstract/citation-context assessment; this record cannot support an absence or novelty conclusion. Phase 2A.1 scoped-repair correction (2026-07-31): automatic FALSE_POSITIVE closure superseded by DEFERRED_RELEVANT_ADJACENT; original broader-review relevance preserved."
"P2UT-0111","Dealing with nuisance parameters","Yudi Pawitan","2026","10.1093/oso/9780198507659.003.0010;10.1093/oso/9780198950929.003.0010","2","C","GAP-01;GAP-03","nuisance_parameter_methods","SUPPORTING","DISCOVERY_ONLY","NOT_ASSESSED","PRIORITY_3","DEFERRED_RELEVANT_ADJACENT","ADJACENT_TO_BROADER_REVIEW_BUT_NOT_FULL_TEXT_PRIORITISED_FOR_NARROW_GAP01_GAP03_REPAIR","","Prospective Phase 2A.1 paper-level triage; no new search performed. Occurrences=C0478;C0479. Query IDs=PHASE2-SEARCH-0064. No stable corpus paper ID assigned at triage. Grouping used canonical DOI/identifier first. Exact normalized-title fallback required author overlap, or a missing identifier plus a long title and compatible year. Phase 2A.1 final triage: excluded from the bounded foundational repair after title/abstract/citation-context assessment; this record cannot support an absence or novelty conclusion. Phase 2A.1 scoped-repair correction (2026-07-31): automatic FALSE_POSITIVE closure superseded by DEFERRED_RELEVANT_ADJACENT; original broader-review relevance preserved."
"P2UT-0112","Isotopically Nonstationary                   <sup>13</sup>                   C Metabolic Flux Analysis in Resting and Activated Human Platelets","","2021","10.1101/2021.05.06.442995","1","A","none","domain_context_or_application","PERIPHERAL","TITLE_ABSTRACT_LEVEL","NOT_ASSESSED","PRIORITY_4","OUT_OF_SCOPE_FOR_PHASE2A1","OUTSIDE_NARROW_GAP01_GAP03_REPAIR; NOT_EXCLUDED_FROM_BROADER_PHASE2_REVIEW","","Prospective Phase 2A.1 paper-level triage; no new search performed. Occurrences=AC0340. Query IDs=PHASE2-SEARCH-0059. No stable corpus paper ID assigned at triage. Grouping used canonical DOI/identifier first. Exact normalized-title fallback required author overlap, or a missing identifier plus a long title and compatible year. Phase 2A.1 final triage: excluded from the bounded foundational repair after title/abstract/citation-context assessment; this record cannot support an absence or novelty conclusion. Phase 2A.1 scoped-repair correction (2026-07-31): automatic FALSE_POSITIVE closure superseded by OUT_OF_SCOPE_FOR_PHASE2A1; original broader-review relevance preserved."
"P2UT-0113","Bayesian multi-model-based <sup>13</sup> C <sup>15</sup> N-metabolic flux analysis quantifies carbon-nitrogen metabolism in mycobacteria","Khushboo Borah; Martin Beyß; Ye Xu; Jim Barber; Catia Costa; Jane Newcombe; Axel Theorell; Melanie J. Bailey; Dany J. V. Beste; Johnjoe McFadden; Katharina Nöh","2022","10.1101/2022.03.08.483448","1","B","GAP-01","metabolic_model_or_mechanism_analysis","SUPPORTING","DISCOVERY_ONLY","NOT_ASSESSED","PRIORITY_3","DEFERRED_RELEVANT_SUPPORTING","DEFERRED_FROM_NARROW_GAP01_GAP03_REPAIR; ORIGINAL_BROADER_PHASE2_RELEVANCE_PRESERVED","","Prospective Phase 2A.1 paper-level triage; no new search performed. Occurrences=ROOT-D0087. Query IDs=PHASE2-SEARCH-0013. No stable corpus paper ID assigned at triage. Grouping used canonical DOI/identifier first. Exact normalized-title fallback required author overlap, or a missing identifier plus a long title and compatible year. Phase 2A.1 final triage: excluded from the bounded foundational repair after title/abstract/citation-context assessment; this record cannot support an absence or novelty conclusion. Phase 2A.1 scoped-repair correction (2026-07-31): automatic FALSE_POSITIVE closure superseded by DEFERRED_RELEVANT_SUPPORTING; original broader-review relevance preserved."
"P2UT-0114","Bayesian <sup>13</sup> C-metabolic flux analysis of parallel tracer experiments in granulocytes: A directional shift within the non-oxidative pentose phosphate pathway supports phagocytosis","Melanie Hogg; Eva-Maria Wolfschmitt; Ulrich Wachter; Fabian Zink; Peter Radermacher; J. Vogt","2023","10.1101/2023.11.01.565126;10.3390/metabo14010024","2","B","none","isotope_tracer_or_measurement_design","SUPPORTING","DISCOVERY_ONLY","NOT_ASSESSED","PRIORITY_3","DEFERRED_RELEVANT_SUPPORTING","DEFERRED_FROM_NARROW_GAP01_GAP03_REPAIR; ORIGINAL_BROADER_PHASE2_RELEVANCE_PRESERVED","","Prospective Phase 2A.1 paper-level triage; no new search performed. Occurrences=ROOT-D0136;ROOT-D0181. Query IDs=PHASE2-SEARCH-0014. No stable corpus paper ID assigned at triage. Grouping used canonical DOI/identifier first. Exact normalized-title fallback required author overlap, or a missing identifier plus a long title and compatible year. Phase 2A.1 final triage: excluded from the bounded foundational repair after title/abstract/citation-context assessment; this record cannot support an absence or novelty conclusion. Phase 2A.1 scoped-repair correction (2026-07-31): automatic FALSE_POSITIVE closure superseded by DEFERRED_RELEVANT_SUPPORTING; original broader-review relevance preserved."
"P2UT-0115","PEtab Select: specification standard and supporting software for automated model selection","Dilan Pathirana; Frank Bergmann; Domagoj Dorešić; Polina Lakrisenko; Sebastian Persson; Niklas Neubrand; Jens Timmer; Clemens Kreutz; Harald Binder; Marija Cvijović; Daniel Weindl; Jan Hasenauer; the PEtab Select community","2025","10.1101/2025.05.12.653312","1","B","GAP-01","metabolic_model_validation_or_discrimination","SUPPORTING","DISCOVERY_ONLY","NOT_ASSESSED","PRIORITY_3","DEFERRED_RELEVANT_SUPPORTING","DEFERRED_FROM_NARROW_GAP01_GAP03_REPAIR; ORIGINAL_BROADER_PHASE2_RELEVANCE_PRESERVED","","Prospective Phase 2A.1 paper-level triage; no new search performed. Occurrences=B-AUDIT-000170. Query IDs=PHASE2-SEARCH-0102. No stable corpus paper ID assigned at triage. Grouping used canonical DOI/identifier first. Exact normalized-title fallback required author overlap, or a missing identifier plus a long title and compatible year. Phase 2A.1 final triage: excluded from the bounded foundational repair after title/abstract/citation-context assessment; this record cannot support an absence or novelty conclusion. Phase 2A.1 scoped-repair correction (2026-07-31): automatic FALSE_POSITIVE closure superseded by DEFERRED_RELEVANT_SUPPORTING; original broader-review relevance preserved."
"P2UT-0116","ScalaFlux: a scalable approach to quantify fluxes in metabolic subnetworks","Pierre Millard; Uwe Schmitt; Patrick Kiefer; Julia A. Vorholt; Stéphanie Heux; Jean-Charles Portais","2019","10.1101/735308;10.1371/journal.pcbi.1007799","2","E","none","domain_context_or_application","PERIPHERAL","TITLE_ABSTRACT_LEVEL","NOT_ASSESSED","PRIORITY_4","OUT_OF_SCOPE_FOR_PHASE2A1","OUTSIDE_NARROW_GAP01_GAP03_REPAIR; NOT_EXCLUDED_FROM_BROADER_PHASE2_REVIEW","","Prospective Phase 2A.1 paper-level triage; no new search performed. Occurrences=E-D0054;E-D0057. Query IDs=PHASE2-SEARCH-0053. No stable corpus paper ID assigned at triage. Grouping used canonical DOI/identifier first. Exact normalized-title fallback required author overlap, or a missing identifier plus a long title and compatible year. Phase 2A.1 final triage: excluded from the bounded foundational repair after title/abstract/citation-context assessment; this record cannot support an absence or novelty conclusion. Phase 2A.1 scoped-repair correction (2026-07-31): automatic FALSE_POSITIVE closure superseded by OUT_OF_SCOPE_FOR_PHASE2A1; original broader-review relevance preserved."
"P2UT-0117","Controlled Sensing for Composite Multihypothesis Testing with Application to Anomaly Detection","Aditya Deshmukh; Srikrishna Bhashyam; Venugopal V. Veeravalli","2018","10.1109/acssc.2018.8645380","1","C","GAP-01;GAP-03","active_sequential_or_controlled_testing","SUPPORTING","DISCOVERY_ONLY","NOT_ASSESSED","PRIORITY_3","DEFERRED_RELEVANT_ADJACENT","ADJACENT_TO_BROADER_REVIEW_BUT_NOT_FULL_TEXT_PRIORITISED_FOR_NARROW_GAP01_GAP03_REPAIR","","Prospective Phase 2A.1 paper-level triage; no new search performed. Occurrences=C0624. Query IDs=PHASE2-SEARCH-0067. No stable corpus paper ID assigned at triage. Grouping used canonical DOI/identifier first. Exact normalized-title fallback required author overlap, or a missing identifier plus a long title and compatible year. Phase 2A.1 final triage: excluded from the bounded foundational repair after title/abstract/citation-context assessment; this record cannot support an absence or novelty conclusion. Phase 2A.1 scoped-repair correction (2026-07-31): automatic FALSE_POSITIVE closure superseded by DEFERRED_RELEVANT_ADJACENT; original broader-review relevance preserved."
"P2UT-0118","Finite Horizon Control Design for Optimal Model Discrimination","L. Blackmore; B. Williams","","10.1109/cdc.2005.1582753","1","C","GAP-01","experimental_design_for_model_discrimination","SUPPORTING","DISCOVERY_ONLY","NOT_ASSESSED","PRIORITY_3","DEFERRED_RELEVANT_ADJACENT","ADJACENT_TO_BROADER_REVIEW_BUT_NOT_FULL_TEXT_PRIORITISED_FOR_NARROW_GAP01_GAP03_REPAIR","","Prospective Phase 2A.1 paper-level triage; no new search performed. Occurrences=C0036. Query IDs=PHASE2-SEARCH-0022. No stable corpus paper ID assigned at triage. Grouping used canonical DOI/identifier first. Exact normalized-title fallback required author overlap, or a missing identifier plus a long title and compatible year. Phase 2A.1 final triage: excluded from the bounded foundational repair after title/abstract/citation-context assessment; this record cannot support an absence or novelty conclusion. Phase 2A.1 scoped-repair correction (2026-07-31): automatic FALSE_POSITIVE closure superseded by DEFERRED_RELEVANT_ADJACENT; original broader-review relevance preserved."
"P2UT-0119","Fair Best Arm Identification with Fixed Confidence","Alessio Russo; Filippo Vannella","2024","10.1109/cdc56724.2024.10886570","1","C","GAP-01;GAP-03","active_sequential_or_controlled_testing","SUPPORTING","DISCOVERY_ONLY","NOT_ASSESSED","PRIORITY_3","DEFERRED_RELEVANT_ADJACENT","ADJACENT_TO_BROADER_REVIEW_BUT_NOT_FULL_TEXT_PRIORITISED_FOR_NARROW_GAP01_GAP03_REPAIR","","Prospective Phase 2A.1 paper-level triage; no new search performed. Occurrences=C0327. Query IDs=PHASE2-SEARCH-0034. No stable corpus paper ID assigned at triage. Grouping used canonical DOI/identifier first. Exact normalized-title fallback required author overlap, or a missing identifier plus a long title and compatible year. Phase 2A.1 final triage: excluded from the bounded foundational repair after title/abstract/citation-context assessment; this record cannot support an absence or novelty conclusion. Phase 2A.1 scoped-repair correction (2026-07-31): automatic FALSE_POSITIVE closure superseded by DEFERRED_RELEVANT_ADJACENT; original broader-review relevance preserved."
"P2UT-0120","Best-arm identification algorithms for multi-armed bandits in the fixed confidence setting","Kevin Jamieson; Robert Nowak","2014","10.1109/ciss.2014.6814096","1","C","GAP-01;GAP-03","active_sequential_or_controlled_testing","SUPPORTING","DISCOVERY_ONLY","NOT_ASSESSED","PRIORITY_3","DEFERRED_RELEVANT_ADJACENT","ADJACENT_TO_BROADER_REVIEW_BUT_NOT_FULL_TEXT_PRIORITISED_FOR_NARROW_GAP01_GAP03_REPAIR","","Prospective Phase 2A.1 paper-level triage; no new search performed. Occurrences=C0331. Query IDs=PHASE2-SEARCH-0034. No stable corpus paper ID assigned at triage. Grouping used canonical DOI/identifier first. Exact normalized-title fallback required author overlap, or a missing identifier plus a long title and compatible year. Phase 2A.1 final triage: excluded from the bounded foundational repair after title/abstract/citation-context assessment; this record cannot support an absence or novelty conclusion. Phase 2A.1 scoped-repair correction (2026-07-31): automatic FALSE_POSITIVE closure superseded by DEFERRED_RELEVANT_ADJACENT; original broader-review relevance preserved."
"P2UT-0121","Fixed Budget Bayesian Best Arm Identification in Unimodal Bandits","Debamita Ghosh; Manjesh Kumar Hanawal; Nikola Zlatanov","2024","10.1109/comsnets63942.2025.10885731;10.36227/techrxiv.173144384.41325846/v1","2","C","GAP-01;GAP-03","active_sequential_or_controlled_testing","SUPPORTING","DISCOVERY_ONLY","NOT_ASSESSED","PRIORITY_3","DEFERRED_RELEVANT_ADJACENT","ADJACENT_TO_BROADER_REVIEW_BUT_NOT_FULL_TEXT_PRIORITISED_FOR_NARROW_GAP01_GAP03_REPAIR","","Prospective Phase 2A.1 paper-level triage; no new search performed. Occurrences=C0335;C0347. Query IDs=PHASE2-SEARCH-0034. No stable corpus paper ID assigned at triage. Grouping used canonical DOI/identifier first. Exact normalized-title fallback required author overlap, or a missing identifier plus a long title and compatible year. Phase 2A.1 final triage: excluded from the bounded foundational repair after title/abstract/citation-context assessment; this record cannot support an absence or novelty conclusion. Phase 2A.1 scoped-repair correction (2026-07-31): automatic FALSE_POSITIVE closure superseded by DEFERRED_RELEVANT_ADJACENT; original broader-review relevance preserved."
"P2UT-0122","Controlled sensing for hypothesis testing","Sirin Nitinawarat; George K. Atia; Venugopal V. Veeravalli","2012","10.1109/icassp.2012.6289111","1","C","GAP-01;GAP-03","active_sequential_or_controlled_testing","SUPPORTING","DISCOVERY_ONLY","NOT_ASSESSED","PRIORITY_3","DEFERRED_RELEVANT_ADJACENT","ADJACENT_TO_BROADER_REVIEW_BUT_NOT_FULL_TEXT_PRIORITISED_FOR_NARROW_GAP01_GAP03_REPAIR","","Prospective Phase 2A.1 paper-level triage; no new search performed. Occurrences=C0146. Query IDs=PHASE2-SEARCH-0026. No stable corpus paper ID assigned at triage. Grouping used canonical DOI/identifier first. Exact normalized-title fallback required author overlap, or a missing identifier plus a long title and compatible year. Phase 2A.1 final triage: excluded from the bounded foundational repair after title/abstract/citation-context assessment; this record cannot support an absence or novelty conclusion. Phase 2A.1 scoped-repair correction (2026-07-31): automatic FALSE_POSITIVE closure superseded by DEFERRED_RELEVANT_ADJACENT; original broader-review relevance preserved."
"P2UT-0123","Robust hypothesis testing for modeling errors","Gökhan Gül; Abdelhak M. Zoubir","2013","10.1109/icassp.2013.6638718","1","C","GAP-01;GAP-03","robust_composite_testing","LOAD_BEARING","FULL_TEXT_INSPECTED","INSPECTED:open_access","PRIORITY_1","FULL_TEXT_INCLUDED","NA","Primary proceedings pp. 5514-5518: Section 2.1 equations (1)-(6) defines squared-Hellinger classes and the minimax Bayes-error problem; Sections 2.2-2.3 derive LFDs and robust rule; Section 4 concludes.","Prospective Phase 2A.1 paper-level triage; no new search performed. Occurrences=C0650. Query IDs=PHASE2-SEARCH-0068. No stable corpus paper ID assigned at triage. Grouping used canonical DOI/identifier first. Exact normalized-title fallback required author overlap, or a missing identifier plus a long title and compatible year. Phase 2A.1 closure: exact finite-sample minimax construction for a special dominated distributional-uncertainty class; no EMU design or sample-complexity converse. Corpus integration completed. Final corpus ID=P0074."
"P2UT-0124","Composite Hypothesis Testing for Cooperative Spectrum Sensing in Cognitive Radio","S. Zarrin; T. J. Lim","2009","10.1109/icc.2009.5198841","1","C","GAP-01;GAP-03","composite_testing_regime_unverified","POTENTIALLY_LOAD_BEARING","ABSTRACT_LEVEL","NOT_INSPECTED:paywalled_or_inaccessible","PRIORITY_2","FULL_TEXT_UNAVAILABLE","Exact IEEE conference paper remained unavailable after bounded publisher, author-page and recognised-repository checks; properties of the later extension are not imputed backward.","Conference abstract and proceedings metadata only, pp. 1721-1725. Separate 2010 journal extension, DOI 10.1109/TSP.2010.2045425, Section III equations (8)-(21), explicitly uses MLE consistency and asymptotic GLRT equivalence.","Prospective Phase 2A.1 paper-level triage; no new search performed. Occurrences=C0136. Query IDs=PHASE2-SEARCH-0026. No stable corpus paper ID assigned at triage. Grouping used canonical DOI/identifier first. Exact normalized-title fallback required author overlap, or a missing identifier plus a long title and compatible year. Phase 2A.1 closure: the exact record carries no verified guarantee-level conclusion."
"P2UT-0125","Controlled Sensing for Multi-Hypothesis Testing with Co-Dependent Actions","Javad Heydari; Ali Tajer","2018","10.1109/isit.2018.8437682","1","C","GAP-01;GAP-03","active_sequential_or_controlled_testing","SUPPORTING","DISCOVERY_ONLY","NOT_ASSESSED","PRIORITY_3","DEFERRED_RELEVANT_ADJACENT","ADJACENT_TO_BROADER_REVIEW_BUT_NOT_FULL_TEXT_PRIORITISED_FOR_NARROW_GAP01_GAP03_REPAIR","","Prospective Phase 2A.1 paper-level triage; no new search performed. Occurrences=C0140. Query IDs=PHASE2-SEARCH-0026. No stable corpus paper ID assigned at triage. Grouping used canonical DOI/identifier first. Exact normalized-title fallback required author overlap, or a missing identifier plus a long title and compatible year. Phase 2A.1 final triage: excluded from the bounded foundational repair after title/abstract/citation-context assessment; this record cannot support an absence or novelty conclusion. Phase 2A.1 scoped-repair correction (2026-07-31): automatic FALSE_POSITIVE closure superseded by DEFERRED_RELEVANT_ADJACENT; original broader-review relevance preserved."
"P2UT-0126","Multi-Stage Active Sequential Hypothesis Testing with Clustered Hypotheses","George Vershinin; Asaf Cohen; Omer Gurewitz","2025","10.1109/isit63088.2025.11195532","1","C","GAP-01;GAP-03","active_sequential_or_controlled_testing","SUPPORTING","DISCOVERY_ONLY","NOT_ASSESSED","PRIORITY_3","DEFERRED_RELEVANT_ADJACENT","ADJACENT_TO_BROADER_REVIEW_BUT_NOT_FULL_TEXT_PRIORITISED_FOR_NARROW_GAP01_GAP03_REPAIR","","Prospective Phase 2A.1 paper-level triage; no new search performed. Occurrences=C0128. Query IDs=PHASE2-SEARCH-0026. No stable corpus paper ID assigned at triage. Grouping used canonical DOI/identifier first. Exact normalized-title fallback required author overlap, or a missing identifier plus a long title and compatible year. Phase 2A.1 final triage: excluded from the bounded foundational repair after title/abstract/citation-context assessment; this record cannot support an absence or novelty conclusion. Phase 2A.1 scoped-repair correction (2026-07-31): automatic FALSE_POSITIVE closure superseded by DEFERRED_RELEVANT_ADJACENT; original broader-review relevance preserved."
"P2UT-0127","Information acquisition, controlled sensing, and active hypothesis testing","Tara Javidi","2014","10.1109/iwcit.2014.6842495","1","C","GAP-01;GAP-03","active_sequential_or_controlled_testing","SUPPORTING","DISCOVERY_ONLY","NOT_ASSESSED","PRIORITY_3","DEFERRED_RELEVANT_ADJACENT","ADJACENT_TO_BROADER_REVIEW_BUT_NOT_FULL_TEXT_PRIORITISED_FOR_NARROW_GAP01_GAP03_REPAIR","","Prospective Phase 2A.1 paper-level triage; no new search performed. Occurrences=C0126. Query IDs=PHASE2-SEARCH-0026. No stable corpus paper ID assigned at triage. Grouping used canonical DOI/identifier first. Exact normalized-title fallback required author overlap, or a missing identifier plus a long title and compatible year. Phase 2A.1 final triage: excluded from the bounded foundational repair after title/abstract/citation-context assessment; this record cannot support an absence or novelty conclusion. Phase 2A.1 scoped-repair correction (2026-07-31): automatic FALSE_POSITIVE closure superseded by DEFERRED_RELEVANT_ADJACENT; original broader-review relevance preserved."
"P2UT-0128","Best Arm Identification in Sample-path Correlated Bandits","R Sri Prakash; Nikhil Karamchandani; Sharayu Moharir","2022","10.1109/ncc55593.2022.9806785","1","C","none","adjacent_statistical_or_decision_theory","PERIPHERAL","DISCOVERY_ONLY","NOT_ASSESSED","PRIORITY_4","DEFERRED_RELEVANT_ADJACENT","ADJACENT_TO_BROADER_REVIEW_BUT_NOT_FULL_TEXT_PRIORITISED_FOR_NARROW_GAP01_GAP03_REPAIR","","Prospective Phase 2A.1 paper-level triage; no new search performed. Occurrences=C0340. Query IDs=PHASE2-SEARCH-0034. No stable corpus paper ID assigned at triage. Grouping used canonical DOI/identifier first. Exact normalized-title fallback required author overlap, or a missing identifier plus a long title and compatible year. Phase 2A.1 final triage: excluded from the bounded foundational repair after title/abstract/citation-context assessment; this record cannot support an absence or novelty conclusion. Phase 2A.1 scoped-repair correction (2026-07-31): automatic FALSE_POSITIVE closure superseded by DEFERRED_RELEVANT_ADJACENT; original broader-review relevance preserved."
"P2UT-0129","Fixed-Confidence Best Arm Identification with Decreasing Variance","Tamojeet Roychowdhury; Kota Srinivas Reddy; Krishna P Jagannathan; Sharayu Moharir","2025","10.1109/ncc63735.2025.10982930","1","C","GAP-01;GAP-03","active_sequential_or_controlled_testing","SUPPORTING","DISCOVERY_ONLY","NOT_ASSESSED","PRIORITY_3","DEFERRED_RELEVANT_ADJACENT","ADJACENT_TO_BROADER_REVIEW_BUT_NOT_FULL_TEXT_PRIORITISED_FOR_NARROW_GAP01_GAP03_REPAIR","","Prospective Phase 2A.1 paper-level triage; no new search performed. Occurrences=C0329. Query IDs=PHASE2-SEARCH-0034. No stable corpus paper ID assigned at triage. Grouping used canonical DOI/identifier first. Exact normalized-title fallback required author overlap, or a missing identifier plus a long title and compatible year. Phase 2A.1 final triage: excluded from the bounded foundational repair after title/abstract/citation-context assessment; this record cannot support an absence or novelty conclusion. Phase 2A.1 scoped-repair correction (2026-07-31): automatic FALSE_POSITIVE closure superseded by DEFERRED_RELEVANT_ADJACENT; original broader-review relevance preserved."
"P2UT-0130","Robust hypothesis testing with composite distances","Gökhan Gül; Abdelhak M. Zoubir","2014","10.1109/ssp.2014.6884668","1","C","GAP-01;GAP-03","robust_composite_testing","LOAD_BEARING","ABSTRACT_LEVEL","NOT_INSPECTED:paywalled_or_inaccessible","PRIORITY_1","FULL_TEXT_UNAVAILABLE","Full text unavailable after bounded DOI, proceedings, author and recognised-repository checks; the abstract's existence claim is not theorem-level evidence.","IEEE SSP 2014 metadata and abstract only, pp. 432-435; no theorem inspected.","Prospective Phase 2A.1 paper-level triage; no new search performed. Occurrences=C0653. Query IDs=PHASE2-SEARCH-0068. No stable corpus paper ID assigned at triage. Grouping used canonical DOI/identifier first. Exact normalized-title fallback required author overlap, or a missing identifier plus a long title and compatible year. Phase 2A.1 closure: P0041 and C0656 verify the broad neighbouring method family, not this exact two-distance construction."
"P2UT-0131","Adaptive waveform design for target detection with sequential composite hypothesis testing","Shahar Bar; Joseph Tabrikian","2016","10.1109/ssp.2016.7551788","1","C","GAP-01;GAP-03","active_sequential_or_controlled_testing","SUPPORTING","DISCOVERY_ONLY","NOT_ASSESSED","PRIORITY_3","DEFERRED_RELEVANT_ADJACENT","ADJACENT_TO_BROADER_REVIEW_BUT_NOT_FULL_TEXT_PRIORITISED_FOR_NARROW_GAP01_GAP03_REPAIR","","Prospective Phase 2A.1 paper-level triage; no new search performed. Occurrences=C0181. Query IDs=PHASE2-SEARCH-0028. No stable corpus paper ID assigned at triage. Grouping used canonical DOI/identifier first. Exact normalized-title fallback required author overlap, or a missing identifier plus a long title and compatible year. Phase 2A.1 final triage: excluded from the bounded foundational repair after title/abstract/citation-context assessment; this record cannot support an absence or novelty conclusion. Phase 2A.1 scoped-repair correction (2026-07-31): automatic FALSE_POSITIVE closure superseded by DEFERRED_RELEVANT_ADJACENT; original broader-review relevance preserved."
"P2UT-0132","Controlled Sensing for Multihypothesis Testing","Sirin Nitinawarat; George Atia; Venugopal V. Veeravalli","2013","10.1109/tac.2013.2261188","1","C","GAP-01;GAP-03","active_sequential_or_controlled_testing","SUPPORTING","FULL_TEXT_INSPECTED","INSPECTED:open_access","PRIORITY_3","FULL_TEXT_INCLUDED","NA","arXiv:1205.0858v6: Section II; Proposition 1; Theorems 1-5","Prospective Phase 2A.1 paper-level triage; no new search performed. Occurrences=C0609. Query IDs=PHASE2-SEARCH-0067. Existing corpus ID(s)=P0026. Grouping used canonical DOI/identifier first. Exact normalized-title fallback required author overlap, or a missing identifier plus a long title and compatible year."
"P2UT-0133","Metabolic Flux Analysis in Isotope Labeling Experiments Using the Adjoint Approach","Mottelet S; Gaullier G; Sadaka G","2017","10.1109/tcbb.2016.2544299","1","E","none","isotope_tracer_or_measurement_design","SUPPORTING","TITLE_ABSTRACT_LEVEL","NOT_ASSESSED","PRIORITY_3","DEFERRED_RELEVANT_SUPPORTING","DEFERRED_FROM_NARROW_GAP01_GAP03_REPAIR; ORIGINAL_BROADER_PHASE2_RELEVANCE_PRESERVED","","Prospective Phase 2A.1 paper-level triage; no new search performed. Occurrences=E-D0088. Query IDs=PHASE2-SEARCH-0070. No stable corpus paper ID assigned at triage. Grouping used canonical DOI/identifier first. Exact normalized-title fallback required author overlap, or a missing identifier plus a long title and compatible year. Phase 2A.1 final triage: excluded from the bounded foundational repair after title/abstract/citation-context assessment; this record cannot support an absence or novelty conclusion. Phase 2A.1 scoped-repair correction (2026-07-31): automatic FALSE_POSITIVE closure superseded by DEFERRED_RELEVANT_SUPPORTING; original broader-review relevance preserved."
"P2UT-0134","Active Hypothesis Testing for Anomaly Detection","Kobi Cohen; Qing Zhao","2015","10.1109/tit.2014.2387857","1","C","GAP-01;GAP-03","active_sequential_or_controlled_testing","SUPPORTING","DISCOVERY_ONLY","NOT_ASSESSED","PRIORITY_3","DEFERRED_RELEVANT_ADJACENT","ADJACENT_TO_BROADER_REVIEW_BUT_NOT_FULL_TEXT_PRIORITISED_FOR_NARROW_GAP01_GAP03_REPAIR","","Prospective Phase 2A.1 paper-level triage; no new search performed. Occurrences=C0611. Query IDs=PHASE2-SEARCH-0067. No stable corpus paper ID assigned at triage. Grouping used canonical DOI/identifier first. Exact normalized-title fallback required author overlap, or a missing identifier plus a long title and compatible year. Phase 2A.1 final triage: excluded from the bounded foundational repair after title/abstract/citation-context assessment; this record cannot support an absence or novelty conclusion. Phase 2A.1 scoped-repair correction (2026-07-31): automatic FALSE_POSITIVE closure superseded by DEFERRED_RELEVANT_ADJACENT; original broader-review relevance preserved."
"P2UT-0135","Optimal Best-Arm Identification Under Fixed Confidence With Multiple Optima","Lan V. Truong","2026","10.1109/tit.2026.3671607","1","C","GAP-01;GAP-03","active_sequential_or_controlled_testing","SUPPORTING","DISCOVERY_ONLY","NOT_ASSESSED","PRIORITY_3","DEFERRED_RELEVANT_ADJACENT","ADJACENT_TO_BROADER_REVIEW_BUT_NOT_FULL_TEXT_PRIORITISED_FOR_NARROW_GAP01_GAP03_REPAIR","","Prospective Phase 2A.1 paper-level triage; no new search performed. Occurrences=C0332. Query IDs=PHASE2-SEARCH-0034. No stable corpus paper ID assigned at triage. Grouping used canonical DOI/identifier first. Exact normalized-title fallback required author overlap, or a missing identifier plus a long title and compatible year. Phase 2A.1 final triage: excluded from the bounded foundational repair after title/abstract/citation-context assessment; this record cannot support an absence or novelty conclusion. Phase 2A.1 scoped-repair correction (2026-07-31): automatic FALSE_POSITIVE closure superseded by DEFERRED_RELEVANT_ADJACENT; original broader-review relevance preserved."
"P2UT-0136","Robust Hypothesis Testing with &lt;inline-formula&gt; &lt;tex-math notation=""LaTeX""&gt;$\alpha $&lt;/tex-math&gt; &lt;/inline-formula&gt;-Divergence","Gökhan Gül; Abdelhak M. Zoubir","2016","10.1109/tsp.2016.2569405","1","C","GAP-01;GAP-03","robust_composite_testing","LOAD_BEARING","FULL_TEXT_INSPECTED","INSPECTED:author_manuscript","PRIORITY_1","FULL_TEXT_INCLUDED","NA","arXiv v3: Section II-A equations (1)-(7); Section II-B equations (8)-(10); Theorem III.1 and equations (15)-(20); Section III-C overlap boundary; Figure 10 and Section V nonexistence statement.","Prospective Phase 2A.1 paper-level triage; no new search performed. Occurrences=C0656. Query IDs=PHASE2-SEARCH-0068. No stable corpus paper ID assigned at triage. Grouping used canonical DOI/identifier first. Exact normalized-title fallback required author overlap, or a missing identifier plus a long title and compatible year. Phase 2A.1 closure: exact finite-sample saddle/minimax test for dominated alpha-divergence balls and exact overlap obstruction; not a sample-complexity or EMU-design converse. Corpus integration completed. Final corpus ID=P0065."
"P2UT-0137","An Algorithm for Fixed Budget Best Arm Identification with Combinatorial Exploration","Siddhartha Parupudi; Gourab Ghatak","2025","10.1109/tsp.2026.3655839;10.36227/techrxiv.173893282.28439921/v1","2","C","GAP-01;GAP-03","active_sequential_or_controlled_testing","SUPPORTING","DISCOVERY_ONLY","NOT_ASSESSED","PRIORITY_3","DEFERRED_RELEVANT_ADJACENT","ADJACENT_TO_BROADER_REVIEW_BUT_NOT_FULL_TEXT_PRIORITISED_FOR_NARROW_GAP01_GAP03_REPAIR","","Prospective Phase 2A.1 paper-level triage; no new search performed. Occurrences=C0334;C0348. Query IDs=PHASE2-SEARCH-0034. No stable corpus paper ID assigned at triage. Grouping used canonical DOI/identifier first. Exact normalized-title fallback required author overlap, or a missing identifier plus a long title and compatible year. Phase 2A.1 final triage: excluded from the bounded foundational repair after title/abstract/citation-context assessment; this record cannot support an absence or novelty conclusion. Phase 2A.1 scoped-repair correction (2026-07-31): automatic FALSE_POSITIVE closure superseded by DEFERRED_RELEVANT_ADJACENT; original broader-review relevance preserved."
"P2UT-0138","Tests for Cycling in a Signalling Pathway","Thomas Müller; Daniel Faller; Jens Timmer; I. Swameye; Olivier Sandra; Ursula Klingmüller","2004","10.1111/j.1467-9876.2004.05148.x","1","B","GAP-01","metabolic_model_or_mechanism_analysis","SUPPORTING","DISCOVERY_ONLY","NOT_ASSESSED","PRIORITY_3","DEFERRED_RELEVANT_SUPPORTING","DEFERRED_FROM_NARROW_GAP01_GAP03_REPAIR; ORIGINAL_BROADER_PHASE2_RELEVANCE_PRESERVED","","Prospective Phase 2A.1 paper-level triage; no new search performed. Occurrences=B-AUDIT-000093. Query IDs=PHASE2-SEARCH-0101. No stable corpus paper ID assigned at triage. Grouping used canonical DOI/identifier first. Exact normalized-title fallback required author overlap, or a missing identifier plus a long title and compatible year. Phase 2A.1 final triage: excluded from the bounded foundational repair after title/abstract/citation-context assessment; this record cannot support an absence or novelty conclusion. Phase 2A.1 scoped-repair correction (2026-07-31): automatic FALSE_POSITIVE closure superseded by DEFERRED_RELEVANT_SUPPORTING; original broader-review relevance preserved."
"P2UT-0139","Systems biology: Experimental design","","","10.1111/j.1742-4658.2008.06843.x","1","A","none","domain_context_or_application","PERIPHERAL","TITLE_ABSTRACT_LEVEL","NOT_ASSESSED","PRIORITY_4","OUT_OF_SCOPE_FOR_PHASE2A1","OUTSIDE_NARROW_GAP01_GAP03_REPAIR; NOT_EXCLUDED_FROM_BROADER_PHASE2_REVIEW","","Prospective Phase 2A.1 paper-level triage; no new search performed. Occurrences=AC0106. Query IDs=PHASE2-SEARCH-0056. No stable corpus paper ID assigned at triage. Grouping used canonical DOI/identifier first. Exact normalized-title fallback required author overlap, or a missing identifier plus a long title and compatible year. Phase 2A.1 final triage: excluded from the bounded foundational repair after title/abstract/citation-context assessment; this record cannot support an absence or novelty conclusion. Phase 2A.1 scoped-repair correction (2026-07-31): automatic FALSE_POSITIVE closure superseded by OUT_OF_SCOPE_FOR_PHASE2A1; original broader-review relevance preserved."
"P2UT-0140","Tests for Specification Errors in Classical Linear Least-Squares Regression Analysis","James B. Ramsey","1969","10.1111/j.2517-6161.1969.tb00796.x","1","D","none","model_misspecification_context","PERIPHERAL","DISCOVERY_ONLY","NOT_ASSESSED","PRIORITY_4","OUT_OF_SCOPE_FOR_PHASE2A1","OUTSIDE_NARROW_GAP01_GAP03_REPAIR; NOT_EXCLUDED_FROM_BROADER_PHASE2_REVIEW","","Prospective Phase 2A.1 paper-level triage; no new search performed. Occurrences=DCL0087. Query IDs=PHASE2-SEARCH-0106. No stable corpus paper ID assigned at triage. Grouping used canonical DOI/identifier first. Exact normalized-title fallback required author overlap, or a missing identifier plus a long title and compatible year. Phase 2A.1 final triage: excluded from the bounded foundational repair after title/abstract/citation-context assessment; this record cannot support an absence or novelty conclusion. Phase 2A.1 scoped-repair correction (2026-07-31): automatic FALSE_POSITIVE closure superseded by OUT_OF_SCOPE_FOR_PHASE2A1; original broader-review relevance preserved."
"P2UT-0141","Isotopically nonstationary metabolic flux analysis of plants: recent progress and future opportunities","","2024","10.1111/nph.19734","1","A","none","domain_context_or_application","PERIPHERAL","TITLE_ABSTRACT_LEVEL","NOT_ASSESSED","PRIORITY_4","OUT_OF_SCOPE_FOR_PHASE2A1","OUTSIDE_NARROW_GAP01_GAP03_REPAIR; NOT_EXCLUDED_FROM_BROADER_PHASE2_REVIEW","","Prospective Phase 2A.1 paper-level triage; no new search performed. Occurrences=AC0264. Query IDs=PHASE2-SEARCH-0058. No stable corpus paper ID assigned at triage. Grouping used canonical DOI/identifier first. Exact normalized-title fallback required author overlap, or a missing identifier plus a long title and compatible year. Phase 2A.1 final triage: excluded from the bounded foundational repair after title/abstract/citation-context assessment; this record cannot support an absence or novelty conclusion. Phase 2A.1 scoped-repair correction (2026-07-31): automatic FALSE_POSITIVE closure superseded by OUT_OF_SCOPE_FOR_PHASE2A1; original broader-review relevance preserved."
"P2UT-0142","Experimental design for biological systems","","","10.1137/100791063","1","A","none","domain_context_or_application","PERIPHERAL","TITLE_ABSTRACT_LEVEL","NOT_ASSESSED","PRIORITY_4","OUT_OF_SCOPE_FOR_PHASE2A1","OUTSIDE_NARROW_GAP01_GAP03_REPAIR; NOT_EXCLUDED_FROM_BROADER_PHASE2_REVIEW","","Prospective Phase 2A.1 paper-level triage; no new search performed. Occurrences=AC0108. Query IDs=PHASE2-SEARCH-0056. No stable corpus paper ID assigned at triage. Grouping used canonical DOI/identifier first. Exact normalized-title fallback required author overlap, or a missing identifier plus a long title and compatible year. Phase 2A.1 final triage: excluded from the bounded foundational repair after title/abstract/citation-context assessment; this record cannot support an absence or novelty conclusion. Phase 2A.1 scoped-repair correction (2026-07-31): automatic FALSE_POSITIVE closure superseded by OUT_OF_SCOPE_FOR_PHASE2A1; original broader-review relevance preserved."
"P2UT-0143","On Verifying Composite Hypotheses with Nuisance Parameters in the Multivariate Case","A. V. Bernshtein","1981","10.1137/1125037","1","C","GAP-01;GAP-03","fixed_sample_composite_testing","LOAD_BEARING","METADATA_OR_LEAD_ONLY","NOT_INSPECTED:paywalled_or_inaccessible","PRIORITY_1","FULL_TEXT_UNAVAILABLE","Full text unavailable after bounded SIAM and Math-Net/original-language repository checks; bibliographic context is not used to infer the actual guarantee.","SIAM and Math-Net bibliographic records only, Theory of Probability and Its Applications 25(2), pp. 287-298; no theorem inspected.","Prospective Phase 2A.1 paper-level triage; no new search performed. Occurrences=C0483. Query IDs=PHASE2-SEARCH-0064. No stable corpus paper ID assigned at triage. Grouping used canonical DOI/identifier first. Exact normalized-title fallback required author overlap, or a missing identifier plus a long title and compatible year. Phase 2A.1 closure: no fixed-sample, uniform or converse field may be coded without manual primary-text retrieval."
"P2UT-0144","Sequential Design of Experiments for Hypothesis Testing","I. I. Tsitovich","1985","10.1137/1129109","1","C","GAP-01;GAP-03","active_sequential_or_controlled_testing","SUPPORTING","DISCOVERY_ONLY","NOT_ASSESSED","PRIORITY_3","DEFERRED_RELEVANT_ADJACENT","ADJACENT_TO_BROADER_REVIEW_BUT_NOT_FULL_TEXT_PRIORITISED_FOR_NARROW_GAP01_GAP03_REPAIR","","Prospective Phase 2A.1 paper-level triage; no new search performed. Occurrences=C0182. Query IDs=PHASE2-SEARCH-0028. No stable corpus paper ID assigned at triage. Grouping used canonical DOI/identifier first. Exact normalized-title fallback required author overlap, or a missing identifier plus a long title and compatible year. Phase 2A.1 final triage: excluded from the bounded foundational repair after title/abstract/citation-context assessment; this record cannot support an absence or novelty conclusion. Phase 2A.1 scoped-repair correction (2026-07-31): automatic FALSE_POSITIVE closure superseded by DEFERRED_RELEVANT_ADJACENT; original broader-review relevance preserved."
"P2UT-0145","OpenMebius: An Open Source Software for Isotopically Nonstationary<sup>13</sup>C-Based Metabolic Flux Analysis","","2014","10.1155/2014/627014","1","A","none","scientific_software_or_workflow","SUPPORTING","TITLE_ABSTRACT_LEVEL","NOT_ASSESSED","PRIORITY_3","DEFERRED_RELEVANT_SUPPORTING","DEFERRED_FROM_NARROW_GAP01_GAP03_REPAIR; ORIGINAL_BROADER_PHASE2_RELEVANCE_PRESERVED","","Prospective Phase 2A.1 paper-level triage; no new search performed. Occurrences=AC0258. Query IDs=PHASE2-SEARCH-0058. No stable corpus paper ID assigned at triage. Grouping used canonical DOI/identifier first. Exact normalized-title fallback required author overlap, or a missing identifier plus a long title and compatible year. Phase 2A.1 final triage: excluded from the bounded foundational repair after title/abstract/citation-context assessment; this record cannot support an absence or novelty conclusion. Phase 2A.1 scoped-repair correction (2026-07-31): automatic FALSE_POSITIVE closure superseded by DEFERRED_RELEVANT_SUPPORTING; original broader-review relevance preserved."
"P2UT-0146","The Relationship Between Root Mean Square Error of Approximation and Model Misspecification in Confirmatory Factor Analysis Models","Victoria Savalei","2012","10.1177/0013164412452564","1","D","GAP-01","model_misspecification_or_diagnostics","SUPPORTING","DISCOVERY_ONLY","NOT_ASSESSED","PRIORITY_3","DEFERRED_RELEVANT_SUPPORTING","DEFERRED_FROM_NARROW_GAP01_GAP03_REPAIR; ORIGINAL_BROADER_PHASE2_RELEVANCE_PRESERVED","","Prospective Phase 2A.1 paper-level triage; no new search performed. Occurrences=DCL0041. Query IDs=PHASE2-SEARCH-0104. No stable corpus paper ID assigned at triage. Grouping used canonical DOI/identifier first. Exact normalized-title fallback required author overlap, or a missing identifier plus a long title and compatible year. Phase 2A.1 final triage: excluded from the bounded foundational repair after title/abstract/citation-context assessment; this record cannot support an absence or novelty conclusion. Phase 2A.1 scoped-repair correction (2026-07-31): automatic FALSE_POSITIVE closure superseded by DEFERRED_RELEVANT_SUPPORTING; original broader-review relevance preserved."
"P2UT-0147","Some Specification Tests for the Linear Regression Model","J. Scott Long; Pravin K. Trivedi","1992","10.1177/0049124192021002003","1","D","none","model_misspecification_context","PERIPHERAL","DISCOVERY_ONLY","NOT_ASSESSED","PRIORITY_4","OUT_OF_SCOPE_FOR_PHASE2A1","OUTSIDE_NARROW_GAP01_GAP03_REPAIR; NOT_EXCLUDED_FROM_BROADER_PHASE2_REVIEW","","Prospective Phase 2A.1 paper-level triage; no new search performed. Occurrences=DCL0108. Query IDs=PHASE2-SEARCH-0106. No stable corpus paper ID assigned at triage. Grouping used canonical DOI/identifier first. Exact normalized-title fallback required author overlap, or a missing identifier plus a long title and compatible year. Phase 2A.1 final triage: excluded from the bounded foundational repair after title/abstract/citation-context assessment; this record cannot support an absence or novelty conclusion. Phase 2A.1 scoped-repair correction (2026-07-31): automatic FALSE_POSITIVE closure superseded by OUT_OF_SCOPE_FOR_PHASE2A1; original broader-review relevance preserved."
"P2UT-0148","Statistical methods for incomplete data: Some results on model misspecification","Michael McIsaac; RJ Cook","2016","10.1177/0962280214544251","1","D","GAP-01","model_misspecification_or_diagnostics","SUPPORTING","DISCOVERY_ONLY","NOT_ASSESSED","PRIORITY_3","DEFERRED_RELEVANT_SUPPORTING","DEFERRED_FROM_NARROW_GAP01_GAP03_REPAIR; ORIGINAL_BROADER_PHASE2_RELEVANCE_PRESERVED","","Prospective Phase 2A.1 paper-level triage; no new search performed. Occurrences=DCL0048. Query IDs=PHASE2-SEARCH-0104. No stable corpus paper ID assigned at triage. Grouping used canonical DOI/identifier first. Exact normalized-title fallback required author overlap, or a missing identifier plus a long title and compatible year. Phase 2A.1 final triage: excluded from the bounded foundational repair after title/abstract/citation-context assessment; this record cannot support an absence or novelty conclusion. Phase 2A.1 scoped-repair correction (2026-07-31): automatic FALSE_POSITIVE closure superseded by DEFERRED_RELEVANT_SUPPORTING; original broader-review relevance preserved."
"P2UT-0149","FiatFlux software lead","NR","NR","10.1186/1471-2105-6-209","1","E","none","scientific_software_or_workflow","SUPPORTING","DISCOVERY_ONLY","NOT_ASSESSED","PRIORITY_3","DEFERRED_RELEVANT_SUPPORTING","DEFERRED_FROM_NARROW_GAP01_GAP03_REPAIR; ORIGINAL_BROADER_PHASE2_RELEVANCE_PRESERVED","","Prospective Phase 2A.1 paper-level triage; no new search performed. Occurrences=E-D0095. Query IDs=PHASE2-SEARCH-0074. No stable corpus paper ID assigned at triage. Existing software corpus ID(s)=S0015. Grouping used canonical DOI/identifier first. Exact normalized-title fallback required author overlap, or a missing identifier plus a long title and compatible year. Phase 2A.1 final triage: excluded from the bounded foundational repair after title/abstract/citation-context assessment; this record cannot support an absence or novelty conclusion. Phase 2A.1 scoped-repair correction (2026-07-31): automatic FALSE_POSITIVE closure superseded by DEFERRED_RELEVANT_SUPPORTING; original broader-review relevance preserved."
"P2UT-0150","13C labeling experiments at metabolic nonstationary conditions: An exploratory study","A. Wahl; Katharina Nöh; Wolfgang Wiechert","2008","10.1186/1471-2105-9-152","1","A","none","isotope_tracer_or_measurement_design","SUPPORTING","FULL_TEXT_INSPECTED","INSPECTED:open_access","PRIORITY_3","FULL_TEXT_INCLUDED","NA","Measurement model equations 4-5; Statistical evaluation equation 10; Sampling and quality of the measurements; Conclusion","Prospective Phase 2A.1 paper-level triage; no new search performed. Occurrences=A0019. Query IDs=PHASE2-SEARCH-0002. Existing corpus ID(s)=P0046. Grouping used canonical DOI/identifier first. Exact normalized-title fallback required author overlap, or a missing identifier plus a long title and compatible year."
"P2UT-0151","OpenFLUX: efficient modelling software for 13C-based metabolic flux analysis","Lake-Ee Quek; Christoph Wittmann; Lars K Nielsen; Jens O Krömer","2009","10.1186/1475-2859-8-25","1","E","none","scientific_software_or_workflow","SUPPORTING","TITLE_ABSTRACT_LEVEL","NOT_ASSESSED","PRIORITY_3","DEFERRED_RELEVANT_SUPPORTING","DEFERRED_FROM_NARROW_GAP01_GAP03_REPAIR; ORIGINAL_BROADER_PHASE2_RELEVANCE_PRESERVED","","Prospective Phase 2A.1 paper-level triage; no new search performed. Occurrences=E-D0014. Query IDs=PHASE2-SEARCH-0046. No stable corpus paper ID assigned at triage. Grouping used canonical DOI/identifier first. Exact normalized-title fallback required author overlap, or a missing identifier plus a long title and compatible year. Phase 2A.1 final triage: excluded from the bounded foundational repair after title/abstract/citation-context assessment; this record cannot support an absence or novelty conclusion. Phase 2A.1 scoped-repair correction (2026-07-31): automatic FALSE_POSITIVE closure superseded by DEFERRED_RELEVANT_SUPPORTING; original broader-review relevance preserved."
"P2UT-0152","Fructose metabolism in humans – what isotopic tracer studies tell us","Sam Z. Sun; Mark W. Empie","2012","10.1186/1743-7075-9-89","1","A","none","unrelated_to_gap01_or_gap03","FALSE_POSITIVE","TITLE_ABSTRACT_LEVEL","NOT_ASSESSED","PRIORITY_5","OUT_OF_SCOPE_FOR_PHASE2A1","OUTSIDE_NARROW_GAP01_GAP03_REPAIR; NOT_EXCLUDED_FROM_BROADER_PHASE2_REVIEW","","Prospective Phase 2A.1 paper-level triage; no new search performed. Occurrences=A0014. Query IDs=PHASE2-SEARCH-0002. No stable corpus paper ID assigned at triage. Grouping used canonical DOI/identifier first. Exact normalized-title fallback required author overlap, or a missing identifier plus a long title and compatible year. Phase 2A.1 final triage: excluded from the bounded foundational repair after title/abstract/citation-context assessment; this record cannot support an absence or novelty conclusion. Phase 2A.1 scoped-repair correction (2026-07-31): automatic FALSE_POSITIVE closure superseded by OUT_OF_SCOPE_FOR_PHASE2A1; original broader-review relevance preserved."
"P2UT-0153","A model invalidation-based approach for elucidating biological signalling pathways, applied to the chemotaxis pathway in R. sphaeroides","Mark Roberts; Elias August; Abdullah Hamadeh; Philip K. Maini; Patrick McSharry; Judith P. Armitage; Antonis Papachristodoulou","2009","10.1186/1752-0509-3-105","1","B","GAP-01","metabolic_model_or_mechanism_analysis","SUPPORTING","TITLE_ABSTRACT_LEVEL","NOT_ASSESSED","PRIORITY_3","DEFERRED_RELEVANT_SUPPORTING","DEFERRED_FROM_NARROW_GAP01_GAP03_REPAIR; ORIGINAL_BROADER_PHASE2_RELEVANCE_PRESERVED","","Prospective Phase 2A.1 paper-level triage; no new search performed. Occurrences=B-AUDIT-000089. Query IDs=PHASE2-SEARCH-0101. No stable corpus paper ID assigned at triage. Grouping used canonical DOI/identifier first. Exact normalized-title fallback required author overlap, or a missing identifier plus a long title and compatible year. Phase 2A.1 final triage: excluded from the bounded foundational repair after title/abstract/citation-context assessment; this record cannot support an absence or novelty conclusion. Phase 2A.1 scoped-repair correction (2026-07-31): automatic FALSE_POSITIVE closure superseded by DEFERRED_RELEVANT_SUPPORTING; original broader-review relevance preserved."
"P2UT-0154","Bayesian model selection validates a biokinetic model for zirconium processing in humans","Daniel Schmidl; Sabine Hug; Wei Bo Li; Matthias Greiter; Fabian J. Theis","2012","10.1186/1752-0509-6-95","1","B","GAP-01","metabolic_model_validation_or_discrimination","SUPPORTING","DISCOVERY_ONLY","NOT_ASSESSED","PRIORITY_3","DEFERRED_RELEVANT_SUPPORTING","DEFERRED_FROM_NARROW_GAP01_GAP03_REPAIR; ORIGINAL_BROADER_PHASE2_RELEVANCE_PRESERVED","","Prospective Phase 2A.1 paper-level triage; no new search performed. Occurrences=B-AUDIT-000091. Query IDs=PHASE2-SEARCH-0101. No stable corpus paper ID assigned at triage. Grouping used canonical DOI/identifier first. Exact normalized-title fallback required author overlap, or a missing identifier plus a long title and compatible year. Phase 2A.1 final triage: excluded from the bounded foundational repair after title/abstract/citation-context assessment; this record cannot support an absence or novelty conclusion. Phase 2A.1 scoped-repair correction (2026-07-31): automatic FALSE_POSITIVE closure superseded by DEFERRED_RELEVANT_SUPPORTING; original broader-review relevance preserved."
"P2UT-0155","Glucose-methanol co-utilization in Pichia pastoris studied by metabolomics and instationary 13C flux analysis","Joel Jordà; Camilo Suarez-Mendez; Marc Carnicer; Angela ten Pierick; Joseph J. Heijnen; Walter van Gulik; Pau Ferrer; Joan Albiol; A. Wahl","2013","10.1186/1752-0509-7-17","1","A","none","domain_context_or_application","PERIPHERAL","TITLE_ABSTRACT_LEVEL","NOT_ASSESSED","PRIORITY_4","OUT_OF_SCOPE_FOR_PHASE2A1","OUTSIDE_NARROW_GAP01_GAP03_REPAIR; NOT_EXCLUDED_FROM_BROADER_PHASE2_REVIEW","","Prospective Phase 2A.1 paper-level triage; no new search performed. Occurrences=A0043. Query IDs=PHASE2-SEARCH-0004. No stable corpus paper ID assigned at triage. Grouping used canonical DOI/identifier first. Exact normalized-title fallback required author overlap, or a missing identifier plus a long title and compatible year. Phase 2A.1 final triage: excluded from the bounded foundational repair after title/abstract/citation-context assessment; this record cannot support an absence or novelty conclusion. Phase 2A.1 scoped-repair correction (2026-07-31): automatic FALSE_POSITIVE closure superseded by OUT_OF_SCOPE_FOR_PHASE2A1; original broader-review relevance preserved."
"P2UT-0156","Combining test statistics and models in bootstrapped model rejection: it is a balancing act","Rikard Johansson; Peter Strålfors; Gunnar Cedersund","2014","10.1186/1752-0509-8-46","1","B","GAP-01","metabolic_model_or_mechanism_analysis","SUPPORTING","DISCOVERY_ONLY","NOT_ASSESSED","PRIORITY_3","DEFERRED_RELEVANT_SUPPORTING","DEFERRED_FROM_NARROW_GAP01_GAP03_REPAIR; ORIGINAL_BROADER_PHASE2_RELEVANCE_PRESERVED","","Prospective Phase 2A.1 paper-level triage; no new search performed. Occurrences=B-AUDIT-000096. Query IDs=PHASE2-SEARCH-0101. No stable corpus paper ID assigned at triage. Grouping used canonical DOI/identifier first. Exact normalized-title fallback required author overlap, or a missing identifier plus a long title and compatible year. Phase 2A.1 final triage: excluded from the bounded foundational repair after title/abstract/citation-context assessment; this record cannot support an absence or novelty conclusion. Phase 2A.1 scoped-repair correction (2026-07-31): automatic FALSE_POSITIVE closure superseded by DEFERRED_RELEVANT_SUPPORTING; original broader-review relevance preserved."
"P2UT-0157","A genome-scale metabolic flux model of Escherichia coli K–12 derived from the EcoCyc database","Daniel Weaver; Ingrid M. Keseler; Amanda Mackie; Ian T. Paulsen; Peter D. Karp","2014","10.1186/1752-0509-8-79","1","B","GAP-01","metabolic_model_or_mechanism_analysis","SUPPORTING","DISCOVERY_ONLY","NOT_ASSESSED","PRIORITY_3","DEFERRED_RELEVANT_SUPPORTING","DEFERRED_FROM_NARROW_GAP01_GAP03_REPAIR; ORIGINAL_BROADER_PHASE2_RELEVANCE_PRESERVED","","Prospective Phase 2A.1 paper-level triage; no new search performed. Occurrences=ROOT-D0018. Query IDs=PHASE2-SEARCH-0013. No stable corpus paper ID assigned at triage. Grouping used canonical DOI/identifier first. Exact normalized-title fallback required author overlap, or a missing identifier plus a long title and compatible year. Phase 2A.1 final triage: excluded from the bounded foundational repair after title/abstract/citation-context assessment; this record cannot support an absence or novelty conclusion. Phase 2A.1 scoped-repair correction (2026-07-31): automatic FALSE_POSITIVE closure superseded by DEFERRED_RELEVANT_SUPPORTING; original broader-review relevance preserved."
"P2UT-0158","OpenFLUX2: 13 C-MFA modeling software package adjusted for the comprehensive analysis of single and parallel labeling experiments","М.С. Шуплецов; L. I. Golubeva; Svetlana S Rubina; Dmitry A Podvyaznikov; Shintaro Iwatani; Sergey V. Mashko","2014","10.1186/preaccept-1256381938128538;10.1186/s12934-014-0152-x","3","A;B","none","isotope_tracer_or_measurement_design","SUPPORTING","TITLE_ABSTRACT_LEVEL","NOT_ASSESSED","PRIORITY_3","DEFERRED_RELEVANT_SUPPORTING","DEFERRED_FROM_NARROW_GAP01_GAP03_REPAIR; ORIGINAL_BROADER_PHASE2_RELEVANCE_PRESERVED","","Prospective Phase 2A.1 paper-level triage; no new search performed. Occurrences=A0021;ROOT-D0013;ROOT-D0080. Query IDs=PHASE2-SEARCH-0002;PHASE2-SEARCH-0013. No stable corpus paper ID assigned at triage. Grouping used canonical DOI/identifier first. Exact normalized-title fallback required author overlap, or a missing identifier plus a long title and compatible year. Phase 2A.1 final triage: excluded from the bounded foundational repair after title/abstract/citation-context assessment; this record cannot support an absence or novelty conclusion. Phase 2A.1 scoped-repair correction (2026-07-31): automatic FALSE_POSITIVE closure superseded by DEFERRED_RELEVANT_SUPPORTING; original broader-review relevance preserved."
"P2UT-0159","A 13C isotope labeling method for the measurement of lignin metabolic flux in Arabidopsis stems","Peng Wang; Longyun Guo; Rohit Jaini; Antje Klempien; Rachel M. McCoy; John A. Morgan; Natalia Dudareva; Clint Chapple","2018","10.1186/s13007-018-0318-3","1","A","none","domain_context_or_application","PERIPHERAL","TITLE_ABSTRACT_LEVEL","NOT_ASSESSED","PRIORITY_4","OUT_OF_SCOPE_FOR_PHASE2A1","OUTSIDE_NARROW_GAP01_GAP03_REPAIR; NOT_EXCLUDED_FROM_BROADER_PHASE2_REVIEW","","Prospective Phase 2A.1 paper-level triage; no new search performed. Occurrences=A0050. Query IDs=PHASE2-SEARCH-0004. No stable corpus paper ID assigned at triage. Grouping used canonical DOI/identifier first. Exact normalized-title fallback required author overlap, or a missing identifier plus a long title and compatible year. Phase 2A.1 final triage: excluded from the bounded foundational repair after title/abstract/citation-context assessment; this record cannot support an absence or novelty conclusion. Phase 2A.1 scoped-repair correction (2026-07-31): automatic FALSE_POSITIVE closure superseded by OUT_OF_SCOPE_FOR_PHASE2A1; original broader-review relevance preserved."
"P2UT-0160","Computing double-pushout graph transformation rules and atom-to-atom maps from KEGG RCLASS data","Nora Beier; Thomas Gatter; Jakob L. Andersen; Peter F. Stadler","2026","10.1186/s13015-025-00294-6","1","D","none","model_misspecification_context","PERIPHERAL","DISCOVERY_ONLY","NOT_ASSESSED","PRIORITY_4","OUT_OF_SCOPE_FOR_PHASE2A1","OUTSIDE_NARROW_GAP01_GAP03_REPAIR; NOT_EXCLUDED_FROM_BROADER_PHASE2_REVIEW","","Prospective Phase 2A.1 paper-level triage; no new search performed. Occurrences=DCL0079. Query IDs=PHASE2-SEARCH-0105. No stable corpus paper ID assigned at triage. Grouping used canonical DOI/identifier first. Exact normalized-title fallback required author overlap, or a missing identifier plus a long title and compatible year. Phase 2A.1 final triage: excluded from the bounded foundational repair after title/abstract/citation-context assessment; this record cannot support an absence or novelty conclusion. Phase 2A.1 scoped-repair correction (2026-07-31): automatic FALSE_POSITIVE closure superseded by OUT_OF_SCOPE_FOR_PHASE2A1; original broader-review relevance preserved."
"P2UT-0161","Deciphering cyanobacterial phenotypes for fast photoautotrophic growth via isotopically nonstationary metabolic flux analysis","","2017","10.1186/s13068-017-0958-y","1","A","none","domain_context_or_application","PERIPHERAL","TITLE_ABSTRACT_LEVEL","NOT_ASSESSED","PRIORITY_4","OUT_OF_SCOPE_FOR_PHASE2A1","OUTSIDE_NARROW_GAP01_GAP03_REPAIR; NOT_EXCLUDED_FROM_BROADER_PHASE2_REVIEW","","Prospective Phase 2A.1 paper-level triage; no new search performed. Occurrences=AC0350. Query IDs=PHASE2-SEARCH-0059. No stable corpus paper ID assigned at triage. Grouping used canonical DOI/identifier first. Exact normalized-title fallback required author overlap, or a missing identifier plus a long title and compatible year. Phase 2A.1 final triage: excluded from the bounded foundational repair after title/abstract/citation-context assessment; this record cannot support an absence or novelty conclusion. Phase 2A.1 scoped-repair correction (2026-07-31): automatic FALSE_POSITIVE closure superseded by OUT_OF_SCOPE_FOR_PHASE2A1; original broader-review relevance preserved."
"P2UT-0162","Comparative evaluation of atom mapping algorithms for balanced metabolic reactions: application to Recon 3D","German Preciat; Lemmer R. P. El Assal; Alberto Noronha; Ines Thiele; Hulda S. Haraldsdóttir; Ronan M. T. Fleming","2017","10.1186/s13321-017-0223-1","1","D","none","model_misspecification_context","PERIPHERAL","DISCOVERY_ONLY","NOT_ASSESSED","PRIORITY_4","OUT_OF_SCOPE_FOR_PHASE2A1","OUTSIDE_NARROW_GAP01_GAP03_REPAIR; NOT_EXCLUDED_FROM_BROADER_PHASE2_REVIEW","","Prospective Phase 2A.1 paper-level triage; no new search performed. Occurrences=DCL0071. Query IDs=PHASE2-SEARCH-0105. No stable corpus paper ID assigned at triage. Grouping used canonical DOI/identifier first. Exact normalized-title fallback required author overlap, or a missing identifier plus a long title and compatible year. Phase 2A.1 final triage: excluded from the bounded foundational repair after title/abstract/citation-context assessment; this record cannot support an absence or novelty conclusion. Phase 2A.1 scoped-repair correction (2026-07-31): automatic FALSE_POSITIVE closure superseded by OUT_OF_SCOPE_FOR_PHASE2A1; original broader-review relevance preserved."
"P2UT-0163","Nuisance parameters","","2017","10.1201/9780203738665-7","1","C","GAP-01;GAP-03","nuisance_parameter_methods","SUPPORTING","DISCOVERY_ONLY","NOT_ASSESSED","PRIORITY_3","DEFERRED_RELEVANT_ADJACENT","ADJACENT_TO_BROADER_REVIEW_BUT_NOT_FULL_TEXT_PRIORITISED_FOR_NARROW_GAP01_GAP03_REPAIR","","Prospective Phase 2A.1 paper-level triage; no new search performed. Occurrences=C0245. Query IDs=PHASE2-SEARCH-0030. No stable corpus paper ID assigned at triage. Grouping used canonical DOI/identifier first. Exact normalized-title fallback required author overlap, or a missing identifier plus a long title and compatible year. Phase 2A.1 final triage: excluded from the bounded foundational repair after title/abstract/citation-context assessment; this record cannot support an absence or novelty conclusion. Phase 2A.1 scoped-repair correction (2026-07-31): automatic FALSE_POSITIVE closure superseded by DEFERRED_RELEVANT_ADJACENT; original broader-review relevance preserved."
"P2UT-0164","Likelihood and Nuisance Parameters","Nancy Reid; Cristiano Varin; Grace Y. Yi","2026","10.1201/9780429090936-2","1","C","GAP-01;GAP-03","nuisance_parameter_methods","SUPPORTING","DISCOVERY_ONLY","NOT_ASSESSED","PRIORITY_3","DEFERRED_RELEVANT_ADJACENT","ADJACENT_TO_BROADER_REVIEW_BUT_NOT_FULL_TEXT_PRIORITISED_FOR_NARROW_GAP01_GAP03_REPAIR","","Prospective Phase 2A.1 paper-level triage; no new search performed. Occurrences=C0477. Query IDs=PHASE2-SEARCH-0064. No stable corpus paper ID assigned at triage. Grouping used canonical DOI/identifier first. Exact normalized-title fallback required author overlap, or a missing identifier plus a long title and compatible year. Phase 2A.1 final triage: excluded from the bounded foundational repair after title/abstract/citation-context assessment; this record cannot support an absence or novelty conclusion. Phase 2A.1 scoped-repair correction (2026-07-31): automatic FALSE_POSITIVE closure superseded by DEFERRED_RELEVANT_ADJACENT; original broader-review relevance preserved."
"P2UT-0165","Model Discrimination","","2009","10.1201/9781439811887-13","1","C","GAP-01","experimental_design_for_model_discrimination","SUPPORTING","DISCOVERY_ONLY","NOT_ASSESSED","PRIORITY_3","DEFERRED_RELEVANT_ADJACENT","ADJACENT_TO_BROADER_REVIEW_BUT_NOT_FULL_TEXT_PRIORITISED_FOR_NARROW_GAP01_GAP03_REPAIR","","Prospective Phase 2A.1 paper-level triage; no new search performed. Occurrences=C0084. Query IDs=PHASE2-SEARCH-0024. No stable corpus paper ID assigned at triage. Grouping used canonical DOI/identifier first. Exact normalized-title fallback required author overlap, or a missing identifier plus a long title and compatible year. Phase 2A.1 final triage: excluded from the bounded foundational repair after title/abstract/citation-context assessment; this record cannot support an absence or novelty conclusion. Phase 2A.1 scoped-repair correction (2026-07-31): automatic FALSE_POSITIVE closure superseded by DEFERRED_RELEVANT_ADJACENT; original broader-review relevance preserved."
"P2UT-0166","Active sequential hypothesis testing","Mohammad Naghshvar; Tara Javidi","2013","10.1214/13-aos1144","1","C","GAP-01;GAP-03","active_sequential_or_controlled_testing","SUPPORTING","FULL_TEXT_INSPECTED","INSPECTED:open_access","PRIORITY_3","FULL_TEXT_INCLUDED","NA","arXiv:1203.4626v4: Section 2; Section 4 Propositions 1-3; Section 5 Propositions 4-5; Section 6","Prospective Phase 2A.1 paper-level triage; no new search performed. Occurrences=C0608. Query IDs=PHASE2-SEARCH-0067. Existing corpus ID(s)=P0027. Grouping used canonical DOI/identifier first. Exact normalized-title fallback required author overlap, or a missing identifier plus a long title and compatible year."
"P2UT-0167","The Sequential Design of Experiments for Infinitely Many States of Nature","Arthur E. Albert","1961","10.1214/aoms/1177704973","1","C","GAP-01;GAP-03","active_sequential_or_controlled_testing","SUPPORTING","DISCOVERY_ONLY","NOT_ASSESSED","PRIORITY_3","DEFERRED_RELEVANT_ADJACENT","ADJACENT_TO_BROADER_REVIEW_BUT_NOT_FULL_TEXT_PRIORITISED_FOR_NARROW_GAP01_GAP03_REPAIR","","Prospective Phase 2A.1 paper-level triage; no new search performed. Occurrences=C0617. Query IDs=PHASE2-SEARCH-0067. No stable corpus paper ID assigned at triage. Grouping used canonical DOI/identifier first. Exact normalized-title fallback required author overlap, or a missing identifier plus a long title and compatible year. Phase 2A.1 final triage: excluded from the bounded foundational repair after title/abstract/citation-context assessment; this record cannot support an absence or novelty conclusion. Phase 2A.1 scoped-repair correction (2026-07-31): automatic FALSE_POSITIVE closure superseded by DEFERRED_RELEVANT_ADJACENT; original broader-review relevance preserved."
"P2UT-0168","A Control Problem Arising in the Sequential Design of Experiments","Steven P. Lalley; G. Lorden","1986","10.1214/aop/1176992620","1","C","GAP-01;GAP-03","active_sequential_or_controlled_testing","SUPPORTING","DISCOVERY_ONLY","NOT_ASSESSED","PRIORITY_3","DEFERRED_RELEVANT_ADJACENT","ADJACENT_TO_BROADER_REVIEW_BUT_NOT_FULL_TEXT_PRIORITISED_FOR_NARROW_GAP01_GAP03_REPAIR","","Prospective Phase 2A.1 paper-level triage; no new search performed. Occurrences=C0623. Query IDs=PHASE2-SEARCH-0067. No stable corpus paper ID assigned at triage. Grouping used canonical DOI/identifier first. Exact normalized-title fallback required author overlap, or a missing identifier plus a long title and compatible year. Phase 2A.1 final triage: excluded from the bounded foundational repair after title/abstract/citation-context assessment; this record cannot support an absence or novelty conclusion. Phase 2A.1 scoped-repair correction (2026-07-31): automatic FALSE_POSITIVE closure superseded by DEFERRED_RELEVANT_ADJACENT; original broader-review relevance preserved."
"P2UT-0169","Robust Asymptotic Tests of Statistical Hypotheses Involving Nuisance Parameters","Paul C. C. Wang","1981","10.1214/aos/1176345589","1","C","GAP-01;GAP-03","asymptotic_composite_or_nuisance_testing","SUPPORTING","DISCOVERY_ONLY","NOT_ASSESSED","PRIORITY_3","DEFERRED_RELEVANT_ADJACENT","ADJACENT_TO_BROADER_REVIEW_BUT_NOT_FULL_TEXT_PRIORITISED_FOR_NARROW_GAP01_GAP03_REPAIR","","Prospective Phase 2A.1 paper-level triage; no new search performed. Occurrences=C0489. Query IDs=PHASE2-SEARCH-0064. No stable corpus paper ID assigned at triage. Grouping used canonical DOI/identifier first. Exact normalized-title fallback required author overlap, or a missing identifier plus a long title and compatible year. Phase 2A.1 final triage: excluded from the bounded foundational repair after title/abstract/citation-context assessment; this record cannot support an absence or novelty conclusion. Phase 2A.1 scoped-repair correction (2026-07-31): automatic FALSE_POSITIVE closure superseded by DEFERRED_RELEVANT_ADJACENT; original broader-review relevance preserved."
"P2UT-0170","Second Order Efficiency in the Sequential Design of Experiments","Robert W. Keener","1984","10.1214/aos/1176346503","1","C","GAP-01;GAP-03","active_sequential_or_controlled_testing","SUPPORTING","DISCOVERY_ONLY","NOT_ASSESSED","PRIORITY_3","DEFERRED_RELEVANT_ADJACENT","ADJACENT_TO_BROADER_REVIEW_BUT_NOT_FULL_TEXT_PRIORITISED_FOR_NARROW_GAP01_GAP03_REPAIR","","Prospective Phase 2A.1 paper-level triage; no new search performed. Occurrences=C0622. Query IDs=PHASE2-SEARCH-0067. No stable corpus paper ID assigned at triage. Grouping used canonical DOI/identifier first. Exact normalized-title fallback required author overlap, or a missing identifier plus a long title and compatible year. Phase 2A.1 final triage: excluded from the bounded foundational repair after title/abstract/citation-context assessment; this record cannot support an absence or novelty conclusion. Phase 2A.1 scoped-repair correction (2026-07-31): automatic FALSE_POSITIVE closure superseded by DEFERRED_RELEVANT_ADJACENT; original broader-review relevance preserved."
"P2UT-0171","Integrated likelihood methods for eliminating nuisance parameters","James O. Berger; Brunero Liseo; Robert L. Wolpert","1999","10.1214/ss/1009211804","1","C","GAP-01;GAP-03","nuisance_parameter_methods","SUPPORTING","DISCOVERY_ONLY","NOT_ASSESSED","PRIORITY_3","DEFERRED_RELEVANT_ADJACENT","ADJACENT_TO_BROADER_REVIEW_BUT_NOT_FULL_TEXT_PRIORITISED_FOR_NARROW_GAP01_GAP03_REPAIR","","Prospective Phase 2A.1 paper-level triage; no new search performed. Occurrences=C0491. Query IDs=PHASE2-SEARCH-0064. No stable corpus paper ID assigned at triage. Grouping used canonical DOI/identifier first. Exact normalized-title fallback required author overlap, or a missing identifier plus a long title and compatible year. Phase 2A.1 final triage: excluded from the bounded foundational repair after title/abstract/citation-context assessment; this record cannot support an absence or novelty conclusion. Phase 2A.1 scoped-repair correction (2026-07-31): automatic FALSE_POSITIVE closure superseded by DEFERRED_RELEVANT_ADJACENT; original broader-review relevance preserved."
"P2UT-0172","A Method to Constrain Genome-Scale Models with 13C Labeling Data","Héctor García Martín; Vinay Kumar; Daniel Weaver; Amit Ghosh; Victor Chubukov; Aindrila Mukhopadhyay; Adam P. Arkin; Jay D. Keasling","2015","10.1371/journal.pcbi.1004363","1","B","GAP-01","metabolic_model_or_mechanism_analysis","SUPPORTING","DISCOVERY_ONLY","NOT_ASSESSED","PRIORITY_3","DEFERRED_RELEVANT_SUPPORTING","DEFERRED_FROM_NARROW_GAP01_GAP03_REPAIR; ORIGINAL_BROADER_PHASE2_RELEVANCE_PRESERVED","","Prospective Phase 2A.1 paper-level triage; no new search performed. Occurrences=ROOT-D0107. Query IDs=PHASE2-SEARCH-0014. No stable corpus paper ID assigned at triage. Grouping used canonical DOI/identifier first. Exact normalized-title fallback required author overlap, or a missing identifier plus a long title and compatible year. Phase 2A.1 final triage: excluded from the bounded foundational repair after title/abstract/citation-context assessment; this record cannot support an absence or novelty conclusion. Phase 2A.1 scoped-repair correction (2026-07-31): automatic FALSE_POSITIVE closure superseded by DEFERRED_RELEVANT_SUPPORTING; original broader-review relevance preserved."
"P2UT-0173","From Escherichia coli mutant 13C labeling data to a core kinetic model: A kinetic model parameterization pipeline","Charles Foster; Saratram Gopalakrishnan; Maciek R. Antoniewicz; Costas D. Maranas","2019","10.1371/journal.pcbi.1007319","1","B","GAP-01","metabolic_model_or_mechanism_analysis","SUPPORTING","DISCOVERY_ONLY","NOT_ASSESSED","PRIORITY_3","DEFERRED_RELEVANT_SUPPORTING","DEFERRED_FROM_NARROW_GAP01_GAP03_REPAIR; ORIGINAL_BROADER_PHASE2_RELEVANCE_PRESERVED","","Prospective Phase 2A.1 paper-level triage; no new search performed. Occurrences=ROOT-D0116. Query IDs=PHASE2-SEARCH-0014. No stable corpus paper ID assigned at triage. Grouping used canonical DOI/identifier first. Exact normalized-title fallback required author overlap, or a missing identifier plus a long title and compatible year. Phase 2A.1 final triage: excluded from the bounded foundational repair after title/abstract/citation-context assessment; this record cannot support an absence or novelty conclusion. Phase 2A.1 scoped-repair correction (2026-07-31): automatic FALSE_POSITIVE closure superseded by DEFERRED_RELEVANT_SUPPORTING; original broader-review relevance preserved."
"P2UT-0174","Validation-based model selection for 13C metabolic flux analysis with uncertain measurement errors.","Sundqvist N; Grankvist N; Watrous J; Mohit J; Nilsson R; Cedersund G","2022","10.1371/journal.pcbi.1009999","1","A","GAP-01","metabolic_model_validation_or_discrimination","SUPPORTING","FULL_TEXT_INSPECTED","INSPECTED:open_access","PRIORITY_3","FULL_TEXT_INCLUDED","NA","Results Section 2 passage after Table 1; Results Sections 2.3-2.5; Figures 4, 6 and 8; Methods Sections 4.1 and 4.5; Discussion passages on MID error dependence, non-identically distributed tracer validation, and Model selection versus model testing","Prospective Phase 2A.1 paper-level triage; no new search performed. Occurrences=A0063. Query IDs=PHASE2-SEARCH-0005. Existing corpus ID(s)=P0030. Grouping used canonical DOI/identifier first. Exact normalized-title fallback required author overlap, or a missing identifier plus a long title and compatible year."
"P2UT-0175","BayFlux: A Bayesian method to quantify metabolic Fluxes and their uncertainty at the genome scale","Tyler W. H. Backman; Christina Schenk; Tijana Radivojević; David Ando; Jahnavi Singh; Jeffrey J. Czajka; Zak Costello; Jay D. Keasling; Yinjie Tang; Elena Akhmatskaya; Héctor García Martín","2023","10.1371/journal.pcbi.1011111","1","B","GAP-01","metabolic_model_or_mechanism_analysis","SUPPORTING","DISCOVERY_ONLY","NOT_ASSESSED","PRIORITY_3","DEFERRED_RELEVANT_SUPPORTING","DEFERRED_FROM_NARROW_GAP01_GAP03_REPAIR; ORIGINAL_BROADER_PHASE2_RELEVANCE_PRESERVED","","Prospective Phase 2A.1 paper-level triage; no new search performed. Occurrences=ROOT-D0027. Query IDs=PHASE2-SEARCH-0013. No stable corpus paper ID assigned at triage. Grouping used canonical DOI/identifier first. Exact normalized-title fallback required author overlap, or a missing identifier plus a long title and compatible year. Phase 2A.1 final triage: excluded from the bounded foundational repair after title/abstract/citation-context assessment; this record cannot support an absence or novelty conclusion. Phase 2A.1 scoped-repair correction (2026-07-31): automatic FALSE_POSITIVE closure superseded by DEFERRED_RELEVANT_SUPPORTING; original broader-review relevance preserved."
"P2UT-0176","Sample Size Calculation: Inaccurate A Priori Assumptions for Nuisance Parameters Can Greatly Affect the Power of a Randomized Controlled Trial","Elsa Tavernier; Bruno Giraudeau","2015","10.1371/journal.pone.0132578","1","C","GAP-01;GAP-03","nuisance_parameter_methods","SUPPORTING","DISCOVERY_ONLY","NOT_ASSESSED","PRIORITY_3","DEFERRED_RELEVANT_ADJACENT","ADJACENT_TO_BROADER_REVIEW_BUT_NOT_FULL_TEXT_PRIORITISED_FOR_NARROW_GAP01_GAP03_REPAIR","","Prospective Phase 2A.1 paper-level triage; no new search performed. Occurrences=C0698. Query IDs=PHASE2-SEARCH-0081. No stable corpus paper ID assigned at triage. Grouping used canonical DOI/identifier first. Exact normalized-title fallback required author overlap, or a missing identifier plus a long title and compatible year. Phase 2A.1 final triage: excluded from the bounded foundational repair after title/abstract/citation-context assessment; this record cannot support an absence or novelty conclusion. Phase 2A.1 scoped-repair correction (2026-07-31): automatic FALSE_POSITIVE closure superseded by DEFERRED_RELEVANT_ADJACENT; original broader-review relevance preserved."
"P2UT-0177","Model fitting in the presence of nuisance parameters","G. Jogesh Babu","2004","10.14236/ewic/ada-iii2004.16","1","C","GAP-01;GAP-03","nuisance_parameter_methods","SUPPORTING","DISCOVERY_ONLY","NOT_ASSESSED","PRIORITY_3","DEFERRED_RELEVANT_ADJACENT","ADJACENT_TO_BROADER_REVIEW_BUT_NOT_FULL_TEXT_PRIORITISED_FOR_NARROW_GAP01_GAP03_REPAIR","","Prospective Phase 2A.1 paper-level triage; no new search performed. Occurrences=C0228. Query IDs=PHASE2-SEARCH-0030. No stable corpus paper ID assigned at triage. Grouping used canonical DOI/identifier first. Exact normalized-title fallback required author overlap, or a missing identifier plus a long title and compatible year. Phase 2A.1 final triage: excluded from the bounded foundational repair after title/abstract/citation-context assessment; this record cannot support an absence or novelty conclusion. Phase 2A.1 scoped-repair correction (2026-07-31): automatic FALSE_POSITIVE closure superseded by DEFERRED_RELEVANT_ADJACENT; original broader-review relevance preserved."
"P2UT-0178","9. Calibrating misspecification fears with detection error probabilities","","2008","10.1515/9781400829385-011","1","D","GAP-01","model_misspecification_or_diagnostics","SUPPORTING","DISCOVERY_ONLY","NOT_ASSESSED","PRIORITY_3","DEFERRED_RELEVANT_SUPPORTING","DEFERRED_FROM_NARROW_GAP01_GAP03_REPAIR; ORIGINAL_BROADER_PHASE2_RELEVANCE_PRESERVED","","Prospective Phase 2A.1 paper-level triage; no new search performed. Occurrences=DCL0039. Query IDs=PHASE2-SEARCH-0104. No stable corpus paper ID assigned at triage. Grouping used canonical DOI/identifier first. Exact normalized-title fallback required author overlap, or a missing identifier plus a long title and compatible year. Phase 2A.1 final triage: excluded from the bounded foundational repair after title/abstract/citation-context assessment; this record cannot support an absence or novelty conclusion. Phase 2A.1 scoped-repair correction (2026-07-31): automatic FALSE_POSITIVE closure superseded by DEFERRED_RELEVANT_SUPPORTING; original broader-review relevance preserved."
"P2UT-0179","Linear Streaming Bandit: Regret Minimization and Fixed-Budget Epsilon-Best Arm Identification","Yuming Shao; Zhixuan Fang","2025","10.1609/aaai.v39i19.34242","1","C","GAP-01;GAP-03","active_sequential_or_controlled_testing","SUPPORTING","DISCOVERY_ONLY","NOT_ASSESSED","PRIORITY_3","DEFERRED_RELEVANT_ADJACENT","ADJACENT_TO_BROADER_REVIEW_BUT_NOT_FULL_TEXT_PRIORITISED_FOR_NARROW_GAP01_GAP03_REPAIR","","Prospective Phase 2A.1 paper-level triage; no new search performed. Occurrences=C0350. Query IDs=PHASE2-SEARCH-0034. No stable corpus paper ID assigned at triage. Grouping used canonical DOI/identifier first. Exact normalized-title fallback required author overlap, or a missing identifier plus a long title and compatible year. Phase 2A.1 final triage: excluded from the bounded foundational repair after title/abstract/citation-context assessment; this record cannot support an absence or novelty conclusion. Phase 2A.1 scoped-repair correction (2026-07-31): automatic FALSE_POSITIVE closure superseded by DEFERRED_RELEVANT_ADJACENT; original broader-review relevance preserved."
"P2UT-0180","Beyond the Lower Bound: Bridging Regret Minimization and Best Arm Identification in Lexicographic Bandits","Bo Xue; Yuanyu Wan; Zhichao Lu; Qingfu Zhang","2026","10.1609/aaai.v40i32.39959","1","C","GAP-01;GAP-03","lower_bound_or_complexity_context","SUPPORTING","DISCOVERY_ONLY","NOT_ASSESSED","PRIORITY_3","DEFERRED_RELEVANT_ADJACENT","ADJACENT_TO_BROADER_REVIEW_BUT_NOT_FULL_TEXT_PRIORITISED_FOR_NARROW_GAP01_GAP03_REPAIR","","Prospective Phase 2A.1 paper-level triage; no new search performed. Occurrences=C0336. Query IDs=PHASE2-SEARCH-0034. No stable corpus paper ID assigned at triage. Grouping used canonical DOI/identifier first. Exact normalized-title fallback required author overlap, or a missing identifier plus a long title and compatible year. Phase 2A.1 final triage: excluded from the bounded foundational repair after title/abstract/citation-context assessment; this record cannot support an absence or novelty conclusion. Phase 2A.1 scoped-repair correction (2026-07-31): automatic FALSE_POSITIVE closure superseded by DEFERRED_RELEVANT_ADJACENT; original broader-review relevance preserved."
"P2UT-0181","Model Selection for Nonnested Linear Mixed Models","Ché L. Smith","2019","10.17615/effc-ef08","1","C","GAP-01","metabolic_model_validation_or_discrimination","SUPPORTING","DISCOVERY_ONLY","NOT_ASSESSED","PRIORITY_3","DEFERRED_RELEVANT_ADJACENT","ADJACENT_TO_BROADER_REVIEW_BUT_NOT_FULL_TEXT_PRIORITISED_FOR_NARROW_GAP01_GAP03_REPAIR","","Prospective Phase 2A.1 paper-level triage; no new search performed. Occurrences=C0267. Query IDs=PHASE2-SEARCH-0031. No stable corpus paper ID assigned at triage. Grouping used canonical DOI/identifier first. Exact normalized-title fallback required author overlap, or a missing identifier plus a long title and compatible year. Phase 2A.1 final triage: excluded from the bounded foundational repair after title/abstract/citation-context assessment; this record cannot support an absence or novelty conclusion. Phase 2A.1 scoped-repair correction (2026-07-31): automatic FALSE_POSITIVE closure superseded by DEFERRED_RELEVANT_ADJACENT; original broader-review relevance preserved."
"P2UT-0182","Variational Bayesian Inference for Modelswith Nuisance Parameters and an Intractable Likelihood","Yu-Hsiu Tseng; Minh-Ngoc Tran; Robert Kohn","2024","10.21203/rs.3.rs-4487816/v1","1","C","GAP-01;GAP-03","nuisance_parameter_methods","SUPPORTING","DISCOVERY_ONLY","NOT_ASSESSED","PRIORITY_3","DEFERRED_RELEVANT_ADJACENT","ADJACENT_TO_BROADER_REVIEW_BUT_NOT_FULL_TEXT_PRIORITISED_FOR_NARROW_GAP01_GAP03_REPAIR","","Prospective Phase 2A.1 paper-level triage; no new search performed. Occurrences=C0487. Query IDs=PHASE2-SEARCH-0064. No stable corpus paper ID assigned at triage. Grouping used canonical DOI/identifier first. Exact normalized-title fallback required author overlap, or a missing identifier plus a long title and compatible year. Phase 2A.1 final triage: excluded from the bounded foundational repair after title/abstract/citation-context assessment; this record cannot support an absence or novelty conclusion. Phase 2A.1 scoped-repair correction (2026-07-31): automatic FALSE_POSITIVE closure superseded by DEFERRED_RELEVANT_ADJACENT; original broader-review relevance preserved."
"P2UT-0183","Topics in the Sequential Design of Experiments","Michael Woodroofe","1992","10.21236/ada249799","1","C","GAP-01;GAP-03","active_sequential_or_controlled_testing","SUPPORTING","DISCOVERY_ONLY","NOT_ASSESSED","PRIORITY_3","DEFERRED_RELEVANT_ADJACENT","ADJACENT_TO_BROADER_REVIEW_BUT_NOT_FULL_TEXT_PRIORITISED_FOR_NARROW_GAP01_GAP03_REPAIR","","Prospective Phase 2A.1 paper-level triage; no new search performed. Occurrences=C0188. Query IDs=PHASE2-SEARCH-0028. No stable corpus paper ID assigned at triage. Grouping used canonical DOI/identifier first. Exact normalized-title fallback required author overlap, or a missing identifier plus a long title and compatible year. Phase 2A.1 final triage: excluded from the bounded foundational repair after title/abstract/citation-context assessment; this record cannot support an absence or novelty conclusion. Phase 2A.1 scoped-repair correction (2026-07-31): automatic FALSE_POSITIVE closure superseded by DEFERRED_RELEVANT_ADJACENT; original broader-review relevance preserved."
"P2UT-0184","Optimal Experiment Design for Practical Parameter Identifiability and Model Discrimination","Yue Liu; Philip K. Maini; Ruth E. Baker","2025","10.2139/ssrn.5377217","1","C","GAP-01","experimental_design_for_model_discrimination","SUPPORTING","FULL_TEXT_INSPECTED","INSPECTED:author_manuscript","PRIORITY_3","FULL_TEXT_INCLUDED","NA","Introduction Sections 1.2-1.3; Section 3 equations 18-19 and examples; Discussion fixed-parameter and control limitations","Prospective Phase 2A.1 paper-level triage; no new search performed. Occurrences=C0033. Query IDs=PHASE2-SEARCH-0022. Existing corpus ID(s)=P0051. Grouping used canonical DOI/identifier first. Exact normalized-title fallback required author overlap, or a missing identifier plus a long title and compatible year."
"P2UT-0185","Fundamental Limitations of Fixed-Budget Best-Arm Identification","Motti Goldberger","2026","10.2139/ssrn.6858879","1","C","GAP-01;GAP-03","active_sequential_or_controlled_testing","SUPPORTING","DISCOVERY_ONLY","NOT_ASSESSED","PRIORITY_3","DEFERRED_RELEVANT_ADJACENT","ADJACENT_TO_BROADER_REVIEW_BUT_NOT_FULL_TEXT_PRIORITISED_FOR_NARROW_GAP01_GAP03_REPAIR","","Prospective Phase 2A.1 paper-level triage; no new search performed. Occurrences=C0333. Query IDs=PHASE2-SEARCH-0034. No stable corpus paper ID assigned at triage. Grouping used canonical DOI/identifier first. Exact normalized-title fallback required author overlap, or a missing identifier plus a long title and compatible year. Phase 2A.1 final triage: excluded from the bounded foundational repair after title/abstract/citation-context assessment; this record cannot support an absence or novelty conclusion. Phase 2A.1 scoped-repair correction (2026-07-31): automatic FALSE_POSITIVE closure superseded by DEFERRED_RELEVANT_ADJACENT; original broader-review relevance preserved."
"P2UT-0186","Sequential Design of Experiments","Christine Anderson-Cook","2017","10.2172/1367830","1","C","GAP-01;GAP-03","active_sequential_or_controlled_testing","SUPPORTING","DISCOVERY_ONLY","NOT_ASSESSED","PRIORITY_3","DEFERRED_RELEVANT_ADJACENT","ADJACENT_TO_BROADER_REVIEW_BUT_NOT_FULL_TEXT_PRIORITISED_FOR_NARROW_GAP01_GAP03_REPAIR","","Prospective Phase 2A.1 paper-level triage; no new search performed. Occurrences=C0183. Query IDs=PHASE2-SEARCH-0028. No stable corpus paper ID assigned at triage. Grouping used canonical DOI/identifier first. Exact normalized-title fallback required author overlap, or a missing identifier plus a long title and compatible year. Phase 2A.1 final triage: excluded from the bounded foundational repair after title/abstract/citation-context assessment; this record cannot support an absence or novelty conclusion. Phase 2A.1 scoped-repair correction (2026-07-31): automatic FALSE_POSITIVE closure superseded by DEFERRED_RELEVANT_ADJACENT; original broader-review relevance preserved."
"P2UT-0187","tcaSIM: A Simulation Program for Optimal Design of 13C Tracer Experiments for Analysis of Metabolic Flux by NMR and Mass Spectroscopy","Jeffry R. Alger; A. Dean Sherry; Craig R. Malloy","2019","10.2174/2213235x07666181219115856","1","A","none","domain_context_or_application","PERIPHERAL","TITLE_ABSTRACT_LEVEL","NOT_ASSESSED","PRIORITY_4","OUT_OF_SCOPE_FOR_PHASE2A1","OUTSIDE_NARROW_GAP01_GAP03_REPAIR; NOT_EXCLUDED_FROM_BROADER_PHASE2_REVIEW","","Prospective Phase 2A.1 paper-level triage; no new search performed. Occurrences=A0170. Query IDs=PHASE2-SEARCH-0010. No stable corpus paper ID assigned at triage. Grouping used canonical DOI/identifier first. Exact normalized-title fallback required author overlap, or a missing identifier plus a long title and compatible year. Phase 2A.1 final triage: excluded from the bounded foundational repair after title/abstract/citation-context assessment; this record cannot support an absence or novelty conclusion. Phase 2A.1 scoped-repair correction (2026-07-31): automatic FALSE_POSITIVE closure superseded by OUT_OF_SCOPE_FOR_PHASE2A1; original broader-review relevance preserved."
"P2UT-0188","Heteroskedasticity-Robust Tests in Regressions Directions","Davidson; Mackinnon; Davidson","1985","10.2307/20076563","1","D","none","model_misspecification_context","PERIPHERAL","DISCOVERY_ONLY","NOT_ASSESSED","PRIORITY_4","OUT_OF_SCOPE_FOR_PHASE2A1","OUTSIDE_NARROW_GAP01_GAP03_REPAIR; NOT_EXCLUDED_FROM_BROADER_PHASE2_REVIEW","","Prospective Phase 2A.1 paper-level triage; no new search performed. Occurrences=DCL0106. Query IDs=PHASE2-SEARCH-0106. No stable corpus paper ID assigned at triage. Grouping used canonical DOI/identifier first. Exact normalized-title fallback required author overlap, or a missing identifier plus a long title and compatible year. Phase 2A.1 final triage: excluded from the bounded foundational repair after title/abstract/citation-context assessment; this record cannot support an absence or novelty conclusion. Phase 2A.1 scoped-repair correction (2026-07-31): automatic FALSE_POSITIVE closure superseded by OUT_OF_SCOPE_FOR_PHASE2A1; original broader-review relevance preserved."
"P2UT-0189","Optimal Input Design for Autoregressive Model Discrimination with Constrained Output Variance","Katsuji Uosaki; Ippel Tanaka; Hiroshi Sugiyama","1983","10.23919/acc.1983.4788316","1","C","GAP-01","experimental_design_for_model_discrimination","SUPPORTING","DISCOVERY_ONLY","NOT_ASSESSED","PRIORITY_3","DEFERRED_RELEVANT_ADJACENT","ADJACENT_TO_BROADER_REVIEW_BUT_NOT_FULL_TEXT_PRIORITISED_FOR_NARROW_GAP01_GAP03_REPAIR","","Prospective Phase 2A.1 paper-level triage; no new search performed. Occurrences=C0037. Query IDs=PHASE2-SEARCH-0022. No stable corpus paper ID assigned at triage. Grouping used canonical DOI/identifier first. Exact normalized-title fallback required author overlap, or a missing identifier plus a long title and compatible year. Phase 2A.1 final triage: excluded from the bounded foundational repair after title/abstract/citation-context assessment; this record cannot support an absence or novelty conclusion. Phase 2A.1 scoped-repair correction (2026-07-31): automatic FALSE_POSITIVE closure superseded by DEFERRED_RELEVANT_ADJACENT; original broader-review relevance preserved."
"P2UT-0190","On one twoepoch linear model with the nuisance parameters","Karel Hron","2008","10.2478/s12175-007-0059-7","1","C","GAP-01;GAP-03","nuisance_parameter_methods","SUPPORTING","DISCOVERY_ONLY","NOT_ASSESSED","PRIORITY_3","DEFERRED_RELEVANT_ADJACENT","ADJACENT_TO_BROADER_REVIEW_BUT_NOT_FULL_TEXT_PRIORITISED_FOR_NARROW_GAP01_GAP03_REPAIR","","Prospective Phase 2A.1 paper-level triage; no new search performed. Occurrences=C0236. Query IDs=PHASE2-SEARCH-0030. No stable corpus paper ID assigned at triage. Grouping used canonical DOI/identifier first. Exact normalized-title fallback required author overlap, or a missing identifier plus a long title and compatible year. Phase 2A.1 final triage: excluded from the bounded foundational repair after title/abstract/citation-context assessment; this record cannot support an absence or novelty conclusion. Phase 2A.1 scoped-repair correction (2026-07-31): automatic FALSE_POSITIVE closure superseded by DEFERRED_RELEVANT_ADJACENT; original broader-review relevance preserved."
"P2UT-0191","Fixed-Budget Best-Arm Identification in Structured Bandits","MohammadJavad Azizi; Branislav Kveton; Mohammad Ghavamzadeh","2022","10.24963/ijcai.2022/388","1","C","GAP-01;GAP-03","active_sequential_or_controlled_testing","SUPPORTING","DISCOVERY_ONLY","NOT_ASSESSED","PRIORITY_3","DEFERRED_RELEVANT_ADJACENT","ADJACENT_TO_BROADER_REVIEW_BUT_NOT_FULL_TEXT_PRIORITISED_FOR_NARROW_GAP01_GAP03_REPAIR","","Prospective Phase 2A.1 paper-level triage; no new search performed. Occurrences=C0343. Query IDs=PHASE2-SEARCH-0034. No stable corpus paper ID assigned at triage. Grouping used canonical DOI/identifier first. Exact normalized-title fallback required author overlap, or a missing identifier plus a long title and compatible year. Phase 2A.1 final triage: excluded from the bounded foundational repair after title/abstract/citation-context assessment; this record cannot support an absence or novelty conclusion. Phase 2A.1 scoped-repair correction (2026-07-31): automatic FALSE_POSITIVE closure superseded by DEFERRED_RELEVANT_ADJACENT; original broader-review relevance preserved."
"P2UT-0192","A Simulation Study on the Interaction Effects of Underfactoring and Nuisance Parameters on Model Fit Indices","Melanie Viola Partsch; Philipp Sterner; David Goretzko","2024","10.31234/osf.io/qy2e3","1","C","none","unrelated_to_gap01_or_gap03","FALSE_POSITIVE","DISCOVERY_ONLY","NOT_ASSESSED","PRIORITY_5","FALSE_POSITIVE_CONFIRMED","Record-level title/abstract scope assessment: this is a simulation study of factor-analysis underfactoring and generic fit indices; it addresses neither stable-isotope metabolic tracing nor a transferable experimental-design, composite-testing, mechanism-discrimination, or scientific-software method relevant to this review.","","Prospective Phase 2A.1 paper-level triage; no new search performed. Occurrences=C0234. Query IDs=PHASE2-SEARCH-0030. No stable corpus paper ID assigned at triage. Grouping used canonical DOI/identifier first. Exact normalized-title fallback required author overlap, or a missing identifier plus a long title and compatible year. Phase 2A.1 final triage: excluded from the bounded foundational repair after title/abstract/citation-context assessment; this record cannot support an absence or novelty conclusion. Phase 2A.1 scoped-repair correction (2026-07-31): automatic FALSE_POSITIVE closure superseded by FALSE_POSITIVE_CONFIRMED; original broader-review relevance preserved."
"P2UT-0193","Insights from Interpretable Machine Learning into the Interplay of Model Misspecifications, Fit Indices, and Nuisance Parameters","Melanie Viola Partsch; Mirka Henninger; Carmen Ximénez; David Goretzko","2026","10.31234/osf.io/yfx6s_v1","1","C","none","unrelated_to_gap01_or_gap03","FALSE_POSITIVE","DISCOVERY_ONLY","NOT_ASSESSED","PRIORITY_5","FALSE_POSITIVE_CONFIRMED","Record-level title/abstract scope assessment: this is an interpretable-machine-learning analysis of generic model-fit indices; it addresses neither stable-isotope metabolic tracing nor a transferable experimental-design, composite-testing, mechanism-discrimination, or scientific-software method relevant to this review.","","Prospective Phase 2A.1 paper-level triage; no new search performed. Occurrences=C0238. Query IDs=PHASE2-SEARCH-0030. No stable corpus paper ID assigned at triage. Grouping used canonical DOI/identifier first. Exact normalized-title fallback required author overlap, or a missing identifier plus a long title and compatible year. Phase 2A.1 final triage: excluded from the bounded foundational repair after title/abstract/citation-context assessment; this record cannot support an absence or novelty conclusion. Phase 2A.1 scoped-repair correction (2026-07-31): automatic FALSE_POSITIVE closure superseded by FALSE_POSITIVE_CONFIRMED; original broader-review relevance preserved."
"P2UT-0194","Optimal input design for model discrimination","Karel J. Keesman; Eric Walter","2012","10.3182/20120711-3-be-2027.00126","1","C","GAP-01","experimental_design_for_model_discrimination","SUPPORTING","DISCOVERY_ONLY","NOT_ASSESSED","PRIORITY_3","DEFERRED_RELEVANT_ADJACENT","ADJACENT_TO_BROADER_REVIEW_BUT_NOT_FULL_TEXT_PRIORITISED_FOR_NARROW_GAP01_GAP03_REPAIR","","Prospective Phase 2A.1 paper-level triage; no new search performed. Occurrences=C0043. Query IDs=PHASE2-SEARCH-0022. No stable corpus paper ID assigned at triage. Grouping used canonical DOI/identifier first. Exact normalized-title fallback required author overlap, or a missing identifier plus a long title and compatible year. Phase 2A.1 final triage: excluded from the bounded foundational repair after title/abstract/citation-context assessment; this record cannot support an absence or novelty conclusion. Phase 2A.1 scoped-repair correction (2026-07-31): automatic FALSE_POSITIVE closure superseded by DEFERRED_RELEVANT_ADJACENT; original broader-review relevance preserved."
"P2UT-0195","Optimal Experimental Design for Probabilistic Model Discrimination Using Polynomial Chaos","Stefan Streif; Felix Petzke; Ali Mesbah; Rolf Findeisen; Richard D. Braatz","2014","10.3182/20140824-6-za-1003.01562","1","C","GAP-01","experimental_design_for_model_discrimination","SUPPORTING","DISCOVERY_ONLY","NOT_ASSESSED","PRIORITY_3","DEFERRED_RELEVANT_ADJACENT","ADJACENT_TO_BROADER_REVIEW_BUT_NOT_FULL_TEXT_PRIORITISED_FOR_NARROW_GAP01_GAP03_REPAIR","","Prospective Phase 2A.1 paper-level triage; no new search performed. Occurrences=C0034. Query IDs=PHASE2-SEARCH-0022. No stable corpus paper ID assigned at triage. Grouping used canonical DOI/identifier first. Exact normalized-title fallback required author overlap, or a missing identifier plus a long title and compatible year. Phase 2A.1 final triage: excluded from the bounded foundational repair after title/abstract/citation-context assessment; this record cannot support an absence or novelty conclusion. Phase 2A.1 scoped-repair correction (2026-07-31): automatic FALSE_POSITIVE closure superseded by DEFERRED_RELEVANT_ADJACENT; original broader-review relevance preserved."
"P2UT-0196","rodd: Optimal Discriminating Designs","Roman Guchenko","2014","10.32614/cran.package.rodd","1","C","none","adjacent_statistical_or_decision_theory","PERIPHERAL","DISCOVERY_ONLY","NOT_ASSESSED","PRIORITY_4","DEFERRED_RELEVANT_ADJACENT","ADJACENT_TO_BROADER_REVIEW_BUT_NOT_FULL_TEXT_PRIORITISED_FOR_NARROW_GAP01_GAP03_REPAIR","","Prospective Phase 2A.1 paper-level triage; no new search performed. Occurrences=C0032. Query IDs=PHASE2-SEARCH-0022. No stable corpus paper ID assigned at triage. Grouping used canonical DOI/identifier first. Exact normalized-title fallback required author overlap, or a missing identifier plus a long title and compatible year. Phase 2A.1 final triage: excluded from the bounded foundational repair after title/abstract/citation-context assessment; this record cannot support an absence or novelty conclusion. Phase 2A.1 scoped-repair correction (2026-07-31): automatic FALSE_POSITIVE closure superseded by DEFERRED_RELEVANT_ADJACENT; original broader-review relevance preserved."
"P2UT-0197","A simulation-free constrained regression approach for flux estimation in isotopically nonstationary metabolic flux analysis with applications in microalgae","","2023","10.3389/fpls.2023.1140829","1","A","none","domain_context_or_application","PERIPHERAL","TITLE_ABSTRACT_LEVEL","NOT_ASSESSED","PRIORITY_4","OUT_OF_SCOPE_FOR_PHASE2A1","OUTSIDE_NARROW_GAP01_GAP03_REPAIR; NOT_EXCLUDED_FROM_BROADER_PHASE2_REVIEW","","Prospective Phase 2A.1 paper-level triage; no new search performed. Occurrences=AC0334. Query IDs=PHASE2-SEARCH-0059. No stable corpus paper ID assigned at triage. Grouping used canonical DOI/identifier first. Exact normalized-title fallback required author overlap, or a missing identifier plus a long title and compatible year. Phase 2A.1 final triage: excluded from the bounded foundational repair after title/abstract/citation-context assessment; this record cannot support an absence or novelty conclusion. Phase 2A.1 scoped-repair correction (2026-07-31): automatic FALSE_POSITIVE closure superseded by OUT_OF_SCOPE_FOR_PHASE2A1; original broader-review relevance preserved."
"P2UT-0198","Systematic comparison of local approaches for isotopically nonstationary metabolic flux analysis","","2023","10.3389/fpls.2023.1178239","1","A","none","domain_context_or_application","PERIPHERAL","TITLE_ABSTRACT_LEVEL","NOT_ASSESSED","PRIORITY_4","OUT_OF_SCOPE_FOR_PHASE2A1","OUTSIDE_NARROW_GAP01_GAP03_REPAIR; NOT_EXCLUDED_FROM_BROADER_PHASE2_REVIEW","","Prospective Phase 2A.1 paper-level triage; no new search performed. Occurrences=AC0279. Query IDs=PHASE2-SEARCH-0058. No stable corpus paper ID assigned at triage. Grouping used canonical DOI/identifier first. Exact normalized-title fallback required author overlap, or a missing identifier plus a long title and compatible year. Phase 2A.1 final triage: excluded from the bounded foundational repair after title/abstract/citation-context assessment; this record cannot support an absence or novelty conclusion. Phase 2A.1 scoped-repair correction (2026-07-31): automatic FALSE_POSITIVE closure superseded by OUT_OF_SCOPE_FOR_PHASE2A1; original broader-review relevance preserved."
"P2UT-0199","Entropy-Based Experimental Design for Optimal Model Discrimination in the Geosciences","Wolfgang Nowak; Anneli Guthke","2016","10.3390/e18110409","1","C","GAP-01","experimental_design_for_model_discrimination","SUPPORTING","DISCOVERY_ONLY","NOT_ASSESSED","PRIORITY_3","DEFERRED_RELEVANT_ADJACENT","ADJACENT_TO_BROADER_REVIEW_BUT_NOT_FULL_TEXT_PRIORITISED_FOR_NARROW_GAP01_GAP03_REPAIR","","Prospective Phase 2A.1 paper-level triage; no new search performed. Occurrences=C0030. Query IDs=PHASE2-SEARCH-0022. No stable corpus paper ID assigned at triage. Grouping used canonical DOI/identifier first. Exact normalized-title fallback required author overlap, or a missing identifier plus a long title and compatible year. Phase 2A.1 final triage: excluded from the bounded foundational repair after title/abstract/citation-context assessment; this record cannot support an absence or novelty conclusion. Phase 2A.1 scoped-repair correction (2026-07-31): automatic FALSE_POSITIVE closure superseded by DEFERRED_RELEVANT_ADJACENT; original broader-review relevance preserved."
"P2UT-0200","Bayesian Input Design for Linear Dynamical Model Discrimination","Piotr Bania","2019","10.3390/e21040351","1","C","GAP-01","experimental_design_for_model_discrimination","SUPPORTING","DISCOVERY_ONLY","NOT_ASSESSED","PRIORITY_3","DEFERRED_RELEVANT_ADJACENT","ADJACENT_TO_BROADER_REVIEW_BUT_NOT_FULL_TEXT_PRIORITISED_FOR_NARROW_GAP01_GAP03_REPAIR","","Prospective Phase 2A.1 paper-level triage; no new search performed. Occurrences=C0076. Query IDs=PHASE2-SEARCH-0024. No stable corpus paper ID assigned at triage. Grouping used canonical DOI/identifier first. Exact normalized-title fallback required author overlap, or a missing identifier plus a long title and compatible year. Phase 2A.1 final triage: excluded from the bounded foundational repair after title/abstract/citation-context assessment; this record cannot support an absence or novelty conclusion. Phase 2A.1 scoped-repair correction (2026-07-31): automatic FALSE_POSITIVE closure superseded by DEFERRED_RELEVANT_ADJACENT; original broader-review relevance preserved."
"P2UT-0201","Hierarchical Harmonization of Atom-Resolved Metabolic Reactions across Metabolic Databases","Huan Jin; Hunter Moseley","2021","10.3390/metabo11070431","1","D","none","model_misspecification_context","PERIPHERAL","DISCOVERY_ONLY","NOT_ASSESSED","PRIORITY_4","OUT_OF_SCOPE_FOR_PHASE2A1","OUTSIDE_NARROW_GAP01_GAP03_REPAIR; NOT_EXCLUDED_FROM_BROADER_PHASE2_REVIEW","","Prospective Phase 2A.1 paper-level triage; no new search performed. Occurrences=DCL0073. Query IDs=PHASE2-SEARCH-0105. No stable corpus paper ID assigned at triage. Grouping used canonical DOI/identifier first. Exact normalized-title fallback required author overlap, or a missing identifier plus a long title and compatible year. Phase 2A.1 final triage: excluded from the bounded foundational repair after title/abstract/citation-context assessment; this record cannot support an absence or novelty conclusion. Phase 2A.1 scoped-repair correction (2026-07-31): automatic FALSE_POSITIVE closure superseded by OUT_OF_SCOPE_FOR_PHASE2A1; original broader-review relevance preserved."
"P2UT-0202","md_harmonize: A Python Package for Atom-Level Harmonization of Public Metabolic Databases","Huan Jin; Hunter Moseley","2023","10.3390/metabo13121199","1","D","none","scientific_software_or_workflow","SUPPORTING","DISCOVERY_ONLY","NOT_ASSESSED","PRIORITY_3","DEFERRED_RELEVANT_SUPPORTING","DEFERRED_FROM_NARROW_GAP01_GAP03_REPAIR; ORIGINAL_BROADER_PHASE2_RELEVANCE_PRESERVED","","Prospective Phase 2A.1 paper-level triage; no new search performed. Occurrences=DCL0080. Query IDs=PHASE2-SEARCH-0105. No stable corpus paper ID assigned at triage. Grouping used canonical DOI/identifier first. Exact normalized-title fallback required author overlap, or a missing identifier plus a long title and compatible year. Phase 2A.1 final triage: excluded from the bounded foundational repair after title/abstract/citation-context assessment; this record cannot support an absence or novelty conclusion. Phase 2A.1 scoped-repair correction (2026-07-31): automatic FALSE_POSITIVE closure superseded by DEFERRED_RELEVANT_SUPPORTING; original broader-review relevance preserved."
"P2UT-0203","Chemical Structure Representation Standardization Is Needed to Generalize Metabolite-Pathway Involvement Prediction Across KEGG, Reactome, and MetaCyc Knowledgebases","Erik D. Huckvale; Hunter N. B. Moseley","2026","10.3390/metabo16060357","1","D","none","model_misspecification_context","PERIPHERAL","DISCOVERY_ONLY","NOT_ASSESSED","PRIORITY_4","OUT_OF_SCOPE_FOR_PHASE2A1","OUTSIDE_NARROW_GAP01_GAP03_REPAIR; NOT_EXCLUDED_FROM_BROADER_PHASE2_REVIEW","","Prospective Phase 2A.1 paper-level triage; no new search performed. Occurrences=DCL0082. Query IDs=PHASE2-SEARCH-0105. No stable corpus paper ID assigned at triage. Grouping used canonical DOI/identifier first. Exact normalized-title fallback required author overlap, or a missing identifier plus a long title and compatible year. Phase 2A.1 final triage: excluded from the bounded foundational repair after title/abstract/citation-context assessment; this record cannot support an absence or novelty conclusion. Phase 2A.1 scoped-repair correction (2026-07-31): automatic FALSE_POSITIVE closure superseded by OUT_OF_SCOPE_FOR_PHASE2A1; original broader-review relevance preserved."
"P2UT-0204","Trans-Dimensional Diffusive Nested Sampling for Metabolic Network Inference","Johann F. Jadebeck; Wolfgang Wiechert; Katharina Nöh","2025","10.3390/psf2025012005","1","B","GAP-01","metabolic_model_or_mechanism_analysis","SUPPORTING","DISCOVERY_ONLY","NOT_ASSESSED","PRIORITY_3","DEFERRED_RELEVANT_SUPPORTING","DEFERRED_FROM_NARROW_GAP01_GAP03_REPAIR; ORIGINAL_BROADER_PHASE2_RELEVANCE_PRESERVED","","Prospective Phase 2A.1 paper-level triage; no new search performed. Occurrences=B-AUDIT-000172. Query IDs=PHASE2-SEARCH-0102. No stable corpus paper ID assigned at triage. Grouping used canonical DOI/identifier first. Exact normalized-title fallback required author overlap, or a missing identifier plus a long title and compatible year. Phase 2A.1 final triage: excluded from the bounded foundational repair after title/abstract/citation-context assessment; this record cannot support an absence or novelty conclusion. Phase 2A.1 scoped-repair correction (2026-07-31): automatic FALSE_POSITIVE closure superseded by DEFERRED_RELEVANT_SUPPORTING; original broader-review relevance preserved."
"P2UT-0205","THE EFFICIENCY OF EMPIRICAL LIKELIHOOD WITH NUISANCE PARAMETERS","Wang","2014","10.3844/jmssp.2014.125.129","1","C","GAP-01;GAP-03","nuisance_parameter_methods","SUPPORTING","DISCOVERY_ONLY","NOT_ASSESSED","PRIORITY_3","DEFERRED_RELEVANT_ADJACENT","ADJACENT_TO_BROADER_REVIEW_BUT_NOT_FULL_TEXT_PRIORITISED_FOR_NARROW_GAP01_GAP03_REPAIR","","Prospective Phase 2A.1 paper-level triage; no new search performed. Occurrences=C0496. Query IDs=PHASE2-SEARCH-0064. No stable corpus paper ID assigned at triage. Grouping used canonical DOI/identifier first. Exact normalized-title fallback required author overlap, or a missing identifier plus a long title and compatible year. Phase 2A.1 final triage: excluded from the bounded foundational repair after title/abstract/citation-context assessment; this record cannot support an absence or novelty conclusion. Phase 2A.1 scoped-repair correction (2026-07-31): automatic FALSE_POSITIVE closure superseded by DEFERRED_RELEVANT_ADJACENT; original broader-review relevance preserved."
"P2UT-0206","A nondegenerate Vuong test and post selection confidence intervals for semi/nonparametric models","Zhipeng Liao; Xiaoxia Shi","2020","10.3982/qe1312","1","C","none","adjacent_statistical_or_decision_theory","PERIPHERAL","DISCOVERY_ONLY","NOT_ASSESSED","PRIORITY_4","DEFERRED_RELEVANT_ADJACENT","ADJACENT_TO_BROADER_REVIEW_BUT_NOT_FULL_TEXT_PRIORITISED_FOR_NARROW_GAP01_GAP03_REPAIR","","Prospective Phase 2A.1 paper-level triage; no new search performed. Occurrences=C0252. Query IDs=PHASE2-SEARCH-0031. No stable corpus paper ID assigned at triage. Grouping used canonical DOI/identifier first. Exact normalized-title fallback required author overlap, or a missing identifier plus a long title and compatible year. Phase 2A.1 final triage: excluded from the bounded foundational repair after title/abstract/citation-context assessment; this record cannot support an absence or novelty conclusion. Phase 2A.1 scoped-repair correction (2026-07-31): automatic FALSE_POSITIVE closure superseded by DEFERRED_RELEVANT_ADJACENT; original broader-review relevance preserved."
"P2UT-0207","A nondegenerate Vuong test","Xiaoxia Shi","2015","10.3982/qe382","1","C","none","adjacent_statistical_or_decision_theory","PERIPHERAL","DISCOVERY_ONLY","NOT_ASSESSED","PRIORITY_4","DEFERRED_RELEVANT_ADJACENT","ADJACENT_TO_BROADER_REVIEW_BUT_NOT_FULL_TEXT_PRIORITISED_FOR_NARROW_GAP01_GAP03_REPAIR","","Prospective Phase 2A.1 paper-level triage; no new search performed. Occurrences=C0251. Query IDs=PHASE2-SEARCH-0031. No stable corpus paper ID assigned at triage. Grouping used canonical DOI/identifier first. Exact normalized-title fallback required author overlap, or a missing identifier plus a long title and compatible year. Phase 2A.1 final triage: excluded from the bounded foundational repair after title/abstract/citation-context assessment; this record cannot support an absence or novelty conclusion. Phase 2A.1 scoped-repair correction (2026-07-31): automatic FALSE_POSITIVE closure superseded by DEFERRED_RELEVANT_ADJACENT; original broader-review relevance preserved."
"P2UT-0208","Nuisance Parameters","","2022","10.4135/9781071812082.n401","1","C","GAP-01;GAP-03","nuisance_parameter_methods","SUPPORTING","DISCOVERY_ONLY","NOT_ASSESSED","PRIORITY_3","DEFERRED_RELEVANT_ADJACENT","ADJACENT_TO_BROADER_REVIEW_BUT_NOT_FULL_TEXT_PRIORITISED_FOR_NARROW_GAP01_GAP03_REPAIR","","Prospective Phase 2A.1 paper-level triage; no new search performed. Occurrences=C0226. Query IDs=PHASE2-SEARCH-0030. No stable corpus paper ID assigned at triage. Grouping used canonical DOI/identifier first. Exact normalized-title fallback required author overlap, or a missing identifier plus a long title and compatible year. Phase 2A.1 final triage: excluded from the bounded foundational repair after title/abstract/citation-context assessment; this record cannot support an absence or novelty conclusion. Phase 2A.1 scoped-repair correction (2026-07-31): automatic FALSE_POSITIVE closure superseded by DEFERRED_RELEVANT_ADJACENT; original broader-review relevance preserved."
"P2UT-0209","Nuisance Parameters","","2004","10.4135/9781412950589.n640","1","C","GAP-01;GAP-03","nuisance_parameter_methods","SUPPORTING","DISCOVERY_ONLY","NOT_ASSESSED","PRIORITY_3","DEFERRED_RELEVANT_ADJACENT","ADJACENT_TO_BROADER_REVIEW_BUT_NOT_FULL_TEXT_PRIORITISED_FOR_NARROW_GAP01_GAP03_REPAIR","","Prospective Phase 2A.1 paper-level triage; no new search performed. Occurrences=C0243. Query IDs=PHASE2-SEARCH-0030. No stable corpus paper ID assigned at triage. Grouping used canonical DOI/identifier first. Exact normalized-title fallback required author overlap, or a missing identifier plus a long title and compatible year. Phase 2A.1 final triage: excluded from the bounded foundational repair after title/abstract/citation-context assessment; this record cannot support an absence or novelty conclusion. Phase 2A.1 scoped-repair correction (2026-07-31): automatic FALSE_POSITIVE closure superseded by DEFERRED_RELEVANT_ADJACENT; original broader-review relevance preserved."
"P2UT-0210","On the Complexity of Best Arm Identification in Multi-Armed Bandit Models","Emilie Kaufmann; Olivier Cappé; Aurélien Garivier","2014","10.48550/arxiv.1407.4443","1","C","none","adjacent_statistical_or_decision_theory","PERIPHERAL","DISCOVERY_ONLY","NOT_ASSESSED","PRIORITY_4","DEFERRED_RELEVANT_ADJACENT","ADJACENT_TO_BROADER_REVIEW_BUT_NOT_FULL_TEXT_PRIORITISED_FOR_NARROW_GAP01_GAP03_REPAIR","","Prospective Phase 2A.1 paper-level triage; no new search performed. Occurrences=C0625. Query IDs=PHASE2-SEARCH-0067. No stable corpus paper ID assigned at triage. Grouping used canonical DOI/identifier first. Exact normalized-title fallback required author overlap, or a missing identifier plus a long title and compatible year. Phase 2A.1 final triage: excluded from the bounded foundational repair after title/abstract/citation-context assessment; this record cannot support an absence or novelty conclusion. Phase 2A.1 scoped-repair correction (2026-07-31): automatic FALSE_POSITIVE closure superseded by DEFERRED_RELEVANT_ADJACENT; original broader-review relevance preserved."
"P2UT-0211","Optimal Best Arm Identification with Fixed Confidence","Aurélien Garivier; Emilie Kaufmann","2016","10.48550/arxiv.1602.04589","1","C","GAP-01;GAP-03","active_sequential_or_controlled_testing","SUPPORTING","FULL_TEXT_INSPECTED","INSPECTED:open_access","PRIORITY_3","FULL_TEXT_INCLUDED","NA","Section 2.1 Theorem 1 and equation 1; Section 4 Theorem 10; Section 5 Theorem 14","Prospective Phase 2A.1 paper-level triage; no new search performed. Occurrences=C0626. Query IDs=PHASE2-SEARCH-0067. Existing corpus ID(s)=P0042. Grouping used canonical DOI/identifier first. Exact normalized-title fallback required author overlap, or a missing identifier plus a long title and compatible year."
"P2UT-0212","Deep Multi-Agent Reinforcement Learning for Decentralized Active Hypothesis Testing","Hadar Szostak; Kobi Cohen","2023","10.48550/arxiv.2309.08477","1","C","GAP-01;GAP-03","active_sequential_or_controlled_testing","SUPPORTING","DISCOVERY_ONLY","NOT_ASSESSED","PRIORITY_3","DEFERRED_RELEVANT_ADJACENT","ADJACENT_TO_BROADER_REVIEW_BUT_NOT_FULL_TEXT_PRIORITISED_FOR_NARROW_GAP01_GAP03_REPAIR","","Prospective Phase 2A.1 paper-level triage; no new search performed. Occurrences=C0165. Query IDs=PHASE2-SEARCH-0027. No stable corpus paper ID assigned at triage. Grouping used canonical DOI/identifier first. Exact normalized-title fallback required author overlap, or a missing identifier plus a long title and compatible year. Phase 2A.1 final triage: excluded from the bounded foundational repair after title/abstract/citation-context assessment; this record cannot support an absence or novelty conclusion. Phase 2A.1 scoped-repair correction (2026-07-31): automatic FALSE_POSITIVE closure superseded by DEFERRED_RELEVANT_ADJACENT; original broader-review relevance preserved."
"P2UT-0213","P Values and Nuisance Parameters","Demortier, Luv","2008","10.5170/cern-2008-001.23","1","C","GAP-01;GAP-03","fixed_sample_nuisance_parameter_testing","POTENTIALLY_LOAD_BEARING","FULL_TEXT_INSPECTED","INSPECTED:open_access","PRIORITY_2","FULL_TEXT_EXCLUDED","Secondary/expository workshop review; no original load-bearing fixed-sample theorem.","CERN-2008-001, pp. 23-33: Abstract and Section 1 identify a review; Section 3 reviews nuisance treatments; Section 4 equation (29) is asymptotic; Section 5 summarizes.","Prospective Phase 2A.1 paper-level triage; no new search performed. Occurrences=C0664. Query IDs=PHASE2-SEARCH-0080. No stable corpus paper ID assigned at triage. Grouping used canonical DOI/identifier first. Exact normalized-title fallback required author overlap, or a missing identifier plus a long title and compatible year. Phase 2A.1 closure: official CERN metadata gives author Luc Demortier; retain only as discovery context, not primary guarantee evidence."
"P2UT-0214","Minimax Optimal Algorithms for Fixed-Budget Best Arm Identification","Junpei Komiyama; Taira Tsuchiya; Junya Honda","2022","10.52202/068431-0755","1","C","GAP-01;GAP-03","active_sequential_or_controlled_testing","SUPPORTING","DISCOVERY_ONLY","NOT_ASSESSED","PRIORITY_3","DEFERRED_RELEVANT_ADJACENT","ADJACENT_TO_BROADER_REVIEW_BUT_NOT_FULL_TEXT_PRIORITISED_FOR_NARROW_GAP01_GAP03_REPAIR","","Prospective Phase 2A.1 paper-level triage; no new search performed. Occurrences=C0339. Query IDs=PHASE2-SEARCH-0034. No stable corpus paper ID assigned at triage. Grouping used canonical DOI/identifier first. Exact normalized-title fallback required author overlap, or a missing identifier plus a long title and compatible year. Phase 2A.1 final triage: excluded from the bounded foundational repair after title/abstract/citation-context assessment; this record cannot support an absence or novelty conclusion. Phase 2A.1 scoped-repair correction (2026-07-31): automatic FALSE_POSITIVE closure superseded by DEFERRED_RELEVANT_ADJACENT; original broader-review relevance preserved."
"P2UT-0215","Minimax Optimal Fixed-Budget Best Arm Identification in Linear Bandits","Junwen Yang; Vincent Tan","2022","10.52202/068431-0890","1","C","GAP-01;GAP-03","active_sequential_or_controlled_testing","SUPPORTING","DISCOVERY_ONLY","NOT_ASSESSED","PRIORITY_3","DEFERRED_RELEVANT_ADJACENT","ADJACENT_TO_BROADER_REVIEW_BUT_NOT_FULL_TEXT_PRIORITISED_FOR_NARROW_GAP01_GAP03_REPAIR","","Prospective Phase 2A.1 paper-level triage; no new search performed. Occurrences=C0338. Query IDs=PHASE2-SEARCH-0034. No stable corpus paper ID assigned at triage. Grouping used canonical DOI/identifier first. Exact normalized-title fallback required author overlap, or a missing identifier plus a long title and compatible year. Phase 2A.1 final triage: excluded from the bounded foundational repair after title/abstract/citation-context assessment; this record cannot support an absence or novelty conclusion. Phase 2A.1 scoped-repair correction (2026-07-31): automatic FALSE_POSITIVE closure superseded by DEFERRED_RELEVANT_ADJACENT; original broader-review relevance preserved."
"P2UT-0216","An $\varepsilon$-Best-Arm Identification Algorithm for Fixed-Confidence and Beyond","Marc Jourdan; Rémy Degenne; Emilie Kaufmann","2023","10.52202/075280-0727","1","C","GAP-01;GAP-03","active_sequential_or_controlled_testing","SUPPORTING","DISCOVERY_ONLY","NOT_ASSESSED","PRIORITY_3","DEFERRED_RELEVANT_ADJACENT","ADJACENT_TO_BROADER_REVIEW_BUT_NOT_FULL_TEXT_PRIORITISED_FOR_NARROW_GAP01_GAP03_REPAIR","","Prospective Phase 2A.1 paper-level triage; no new search performed. Occurrences=C0330. Query IDs=PHASE2-SEARCH-0034. No stable corpus paper ID assigned at triage. Grouping used canonical DOI/identifier first. Exact normalized-title fallback required author overlap, or a missing identifier plus a long title and compatible year. Phase 2A.1 final triage: excluded from the bounded foundational repair after title/abstract/citation-context assessment; this record cannot support an absence or novelty conclusion. Phase 2A.1 scoped-repair correction (2026-07-31): automatic FALSE_POSITIVE closure superseded by DEFERRED_RELEVANT_ADJACENT; original broader-review relevance preserved."
"P2UT-0217","Fast and Regret Optimal Best Arm Identification: Fundamental Limits and Low-Complexity Algorithms","Qining Zhang; Lei Ying","2023","10.52202/075280-0732","1","C","GAP-01;GAP-03","lower_bound_or_complexity_context","SUPPORTING","DISCOVERY_ONLY","NOT_ASSESSED","PRIORITY_3","DEFERRED_RELEVANT_ADJACENT","ADJACENT_TO_BROADER_REVIEW_BUT_NOT_FULL_TEXT_PRIORITISED_FOR_NARROW_GAP01_GAP03_REPAIR","","Prospective Phase 2A.1 paper-level triage; no new search performed. Occurrences=C0341. Query IDs=PHASE2-SEARCH-0034. No stable corpus paper ID assigned at triage. Grouping used canonical DOI/identifier first. Exact normalized-title fallback required author overlap, or a missing identifier plus a long title and compatible year. Phase 2A.1 final triage: excluded from the bounded foundational repair after title/abstract/citation-context assessment; this record cannot support an absence or novelty conclusion. Phase 2A.1 scoped-repair correction (2026-07-31): automatic FALSE_POSITIVE closure superseded by DEFERRED_RELEVANT_ADJACENT; original broader-review relevance preserved."
"P2UT-0218","Best Arm Identification with Fixed Budget: A Large Deviation Perspective","Po-An Wang; Ruo-Chun Tzeng; Alexandre Proutiere","2023","10.52202/075280-0735","1","C","GAP-01;GAP-03","active_sequential_or_controlled_testing","SUPPORTING","DISCOVERY_ONLY","NOT_ASSESSED","PRIORITY_3","DEFERRED_RELEVANT_ADJACENT","ADJACENT_TO_BROADER_REVIEW_BUT_NOT_FULL_TEXT_PRIORITISED_FOR_NARROW_GAP01_GAP03_REPAIR","","Prospective Phase 2A.1 paper-level triage; no new search performed. Occurrences=C0342. Query IDs=PHASE2-SEARCH-0034. No stable corpus paper ID assigned at triage. Grouping used canonical DOI/identifier first. Exact normalized-title fallback required author overlap, or a missing identifier plus a long title and compatible year. Phase 2A.1 final triage: excluded from the bounded foundational repair after title/abstract/citation-context assessment; this record cannot support an absence or novelty conclusion. Phase 2A.1 scoped-repair correction (2026-07-31): automatic FALSE_POSITIVE closure superseded by DEFERRED_RELEVANT_ADJACENT; original broader-review relevance preserved."
"P2UT-0219","On the Complexity of Differentially Private Best-Arm Identification with Fixed Confidence","Achraf Azize; Marc Jourdan; Aymen Al Marjani; Debabrota Basu","2023","10.52202/075280-3116","1","C","GAP-01;GAP-03","active_sequential_or_controlled_testing","SUPPORTING","DISCOVERY_ONLY","NOT_ASSESSED","PRIORITY_3","DEFERRED_RELEVANT_ADJACENT","ADJACENT_TO_BROADER_REVIEW_BUT_NOT_FULL_TEXT_PRIORITISED_FOR_NARROW_GAP01_GAP03_REPAIR","","Prospective Phase 2A.1 paper-level triage; no new search performed. Occurrences=C0326. Query IDs=PHASE2-SEARCH-0034. No stable corpus paper ID assigned at triage. Grouping used canonical DOI/identifier first. Exact normalized-title fallback required author overlap, or a missing identifier plus a long title and compatible year. Phase 2A.1 final triage: excluded from the bounded foundational repair after title/abstract/citation-context assessment; this record cannot support an absence or novelty conclusion. Phase 2A.1 scoped-repair correction (2026-07-31): automatic FALSE_POSITIVE closure superseded by DEFERRED_RELEVANT_ADJACENT; original broader-review relevance preserved."
"P2UT-0220","Fixed Confidence Best Arm Identification in the Bayesian Setting","Kyoungseok Jang; Junpei Komiyama; Kazutoshi Yamazaki","2024","10.52202/079017-0566","1","C","GAP-01;GAP-03","active_sequential_or_controlled_testing","SUPPORTING","DISCOVERY_ONLY","NOT_ASSESSED","PRIORITY_3","DEFERRED_RELEVANT_ADJACENT","ADJACENT_TO_BROADER_REVIEW_BUT_NOT_FULL_TEXT_PRIORITISED_FOR_NARROW_GAP01_GAP03_REPAIR","","Prospective Phase 2A.1 paper-level triage; no new search performed. Occurrences=C0328. Query IDs=PHASE2-SEARCH-0034. No stable corpus paper ID assigned at triage. Grouping used canonical DOI/identifier first. Exact normalized-title fallback required author overlap, or a missing identifier plus a long title and compatible year. Phase 2A.1 final triage: excluded from the bounded foundational repair after title/abstract/citation-context assessment; this record cannot support an absence or novelty conclusion. Phase 2A.1 scoped-repair correction (2026-07-31): automatic FALSE_POSITIVE closure superseded by DEFERRED_RELEVANT_ADJACENT; original broader-review relevance preserved."
"P2UT-0221","Robust Hypothesis Testing With Squared Hellinger Distance","Gökhan Gül; Abdelhak M. Zoubir","2014","10.5281/zenodo.54502","1","C","GAP-01;GAP-03","robust_composite_testing","LOAD_BEARING","FULL_TEXT_INSPECTED","INSPECTED:open_access","PRIORITY_1","FULL_TEXT_INCLUDED","NA","Official EURASIP PDF: Section 2.1 equations (1)-(6); Sections 2.2-3 LFD construction and reduction; Section 4 equations (23)-(36) overlap boundary; Figure 1 and Section 5 no-test region; Section 6 conclusion.","Prospective Phase 2A.1 paper-level triage; no new search performed. Occurrences=C0652. Query IDs=PHASE2-SEARCH-0068. No stable corpus paper ID assigned at triage. Grouping used canonical DOI/identifier first. Exact normalized-title fallback required author overlap, or a missing identifier plus a long title and compatible year. Phase 2A.1 closure: exact finite-sample minimax Hellinger-ball construction and exact overlap obstruction; not a replicate-count or tracer-design converse. Corpus integration completed. Final corpus ID=P0071."
"P2UT-0222","Marginal Likelihood-based One-sided LR Test for Testing Higher Order Autocorrelation in Presence of Nuisance Parameters-A Distance Based Approach","Rumana Rois; Tapati Basak; Ajit Kumar Majumder","2012","10.5539/ijsp.v1n2p69","1","C","GAP-01;GAP-03","fixed_sample_nuisance_parameter_testing","POTENTIALLY_LOAD_BEARING","FULL_TEXT_INSPECTED","INSPECTED:open_access","PRIORITY_2","FULL_TEXT_EXCLUDED","Full text confirms asymptotic calibration and simulation-only power evidence in a narrow autocorrelation model.","Official CCSE text: Section 2 equations (2.1)-(2.3); Section 3.1 asymptotic normality; equations (3.2.4) and (3.3.1) asymptotic chi-square/mixture laws; Section 5 Monte Carlo; Section 7 conclusion.","Prospective Phase 2A.1 paper-level triage; no new search performed. Occurrences=C0492. Query IDs=PHASE2-SEARCH-0064. No stable corpus paper ID assigned at triage. Grouping used canonical DOI/identifier first. Exact normalized-title fallback required author overlap, or a missing identifier plus a long title and compatible year. Phase 2A.1 closure: not a foundational nonasymptotic composite test; may support only application-specific nuisance-handling context."
"P2UT-0223","Sequential Design of Experiments to Estimate a Probability of Failure.","Ling Li","","10.70675/d357cfdbzb42ez4339z96cbza4279c846cce","1","C","GAP-01;GAP-03","active_sequential_or_controlled_testing","SUPPORTING","DISCOVERY_ONLY","NOT_ASSESSED","PRIORITY_3","DEFERRED_RELEVANT_ADJACENT","ADJACENT_TO_BROADER_REVIEW_BUT_NOT_FULL_TEXT_PRIORITISED_FOR_NARROW_GAP01_GAP03_REPAIR","","Prospective Phase 2A.1 paper-level triage; no new search performed. Occurrences=C0189. Query IDs=PHASE2-SEARCH-0028. No stable corpus paper ID assigned at triage. Grouping used canonical DOI/identifier first. Exact normalized-title fallback required author overlap, or a missing identifier plus a long title and compatible year. Phase 2A.1 final triage: excluded from the bounded foundational repair after title/abstract/citation-context assessment; this record cannot support an absence or novelty conclusion. Phase 2A.1 scoped-repair correction (2026-07-31): automatic FALSE_POSITIVE closure superseded by DEFERRED_RELEVANT_ADJACENT; original broader-review relevance preserved."
"P2UT-0224","FluxPyt software lead","NR","NR","10.7717/peerj.4716","1","E","none","scientific_software_or_workflow","SUPPORTING","DISCOVERY_ONLY","NOT_ASSESSED","PRIORITY_3","DEFERRED_RELEVANT_SUPPORTING","DEFERRED_FROM_NARROW_GAP01_GAP03_REPAIR; ORIGINAL_BROADER_PHASE2_RELEVANCE_PRESERVED","","Prospective Phase 2A.1 paper-level triage; no new search performed. Occurrences=E-D0094. Query IDs=PHASE2-SEARCH-0074. No stable corpus paper ID assigned at triage. Existing software corpus ID(s)=S0014. Grouping used canonical DOI/identifier first. Exact normalized-title fallback required author overlap, or a missing identifier plus a long title and compatible year. Phase 2A.1 final triage: excluded from the bounded foundational repair after title/abstract/citation-context assessment; this record cannot support an absence or novelty conclusion. Phase 2A.1 scoped-repair correction (2026-07-31): automatic FALSE_POSITIVE closure superseded by DEFERRED_RELEVANT_SUPPORTING; original broader-review relevance preserved."
"P2UT-0225","Robust Designs for Model Discrimination and Prediction of a Threshold Probability","Rui Hu","2016","10.7939/r34b2xg2q","1","C","GAP-01","experimental_design_for_model_discrimination","SUPPORTING","DISCOVERY_ONLY","NOT_ASSESSED","PRIORITY_3","DEFERRED_RELEVANT_ADJACENT","ADJACENT_TO_BROADER_REVIEW_BUT_NOT_FULL_TEXT_PRIORITISED_FOR_NARROW_GAP01_GAP03_REPAIR","","Prospective Phase 2A.1 paper-level triage; no new search performed. Occurrences=C0060. Query IDs=PHASE2-SEARCH-0023. No stable corpus paper ID assigned at triage. Grouping used canonical DOI/identifier first. Exact normalized-title fallback required author overlap, or a missing identifier plus a long title and compatible year. Phase 2A.1 final triage: excluded from the bounded foundational repair after title/abstract/citation-context assessment; this record cannot support an absence or novelty conclusion. Phase 2A.1 scoped-repair correction (2026-07-31): automatic FALSE_POSITIVE closure superseded by DEFERRED_RELEVANT_ADJACENT; original broader-review relevance preserved."
"P2UT-0226","Parameter identifiability and model selection for partial differential equation models of cell invasion","Yue Liu; Kevin Suh; Philip K. Maini; Daniel J. Cohen; Ruth E. Baker","2023","arxiv:2309.01476","1","B","GAP-01","metabolic_model_validation_or_discrimination","SUPPORTING","DISCOVERY_ONLY","NOT_ASSESSED","PRIORITY_3","DEFERRED_RELEVANT_SUPPORTING","DEFERRED_FROM_NARROW_GAP01_GAP03_REPAIR; ORIGINAL_BROADER_PHASE2_RELEVANCE_PRESERVED","","Prospective Phase 2A.1 paper-level triage; no new search performed. Occurrences=B-AUDIT-000174. Query IDs=PHASE2-SEARCH-0110. No stable corpus paper ID assigned at triage. Grouping used canonical DOI/identifier first. Exact normalized-title fallback required author overlap, or a missing identifier plus a long title and compatible year. Phase 2A.1 final triage: excluded from the bounded foundational repair after title/abstract/citation-context assessment; this record cannot support an absence or novelty conclusion. Phase 2A.1 scoped-repair correction (2026-07-31): automatic FALSE_POSITIVE closure superseded by DEFERRED_RELEVANT_SUPPORTING; original broader-review relevance preserved."
"P2UT-0227","fumiomatsuda/mfapy","fumiomatsuda","2018","mdewoljlcg9zaxrvcnkxmzcymty0mze=","1","E","none","domain_context_or_application","PERIPHERAL","TITLE_ABSTRACT_LEVEL","NOT_ASSESSED","PRIORITY_4","OUT_OF_SCOPE_FOR_PHASE2A1","OUTSIDE_NARROW_GAP01_GAP03_REPAIR; NOT_EXCLUDED_FROM_BROADER_PHASE2_REVIEW","","Prospective Phase 2A.1 paper-level triage; no new search performed. Occurrences=E-D0074. Query IDs=PHASE2-SEARCH-0055. No stable corpus paper ID assigned at triage. Grouping used canonical DOI/identifier first. Exact normalized-title fallback required author overlap, or a missing identifier plus a long title and compatible year. Phase 2A.1 final triage: excluded from the bounded foundational repair after title/abstract/citation-context assessment; this record cannot support an absence or novelty conclusion. Phase 2A.1 scoped-repair correction (2026-07-31): automatic FALSE_POSITIVE closure superseded by OUT_OF_SCOPE_FOR_PHASE2A1; original broader-review relevance preserved."
"P2UT-0228","maranasgroup/SteadyState-MFA","maranasgroup","2018","mdewoljlcg9zaxrvcnkxntaxnte5nzy=","1","E","none","domain_context_or_application","PERIPHERAL","TITLE_ABSTRACT_LEVEL","NOT_ASSESSED","PRIORITY_4","OUT_OF_SCOPE_FOR_PHASE2A1","OUTSIDE_NARROW_GAP01_GAP03_REPAIR; NOT_EXCLUDED_FROM_BROADER_PHASE2_REVIEW","","Prospective Phase 2A.1 paper-level triage; no new search performed. Occurrences=E-D0075. Query IDs=PHASE2-SEARCH-0055. No stable corpus paper ID assigned at triage. Grouping used canonical DOI/identifier first. Exact normalized-title fallback required author overlap, or a missing identifier plus a long title and compatible year. Phase 2A.1 final triage: excluded from the bounded foundational repair after title/abstract/citation-context assessment; this record cannot support an absence or novelty conclusion. Phase 2A.1 scoped-repair correction (2026-07-31): automatic FALSE_POSITIVE closure superseded by OUT_OF_SCOPE_FOR_PHASE2A1; original broader-review relevance preserved."
"P2UT-0229","maranasgroup/Nonstationary-MFA","maranasgroup","2018","mdewoljlcg9zaxrvcnkxntaymdc0mzk=","1","E","none","domain_context_or_application","PERIPHERAL","TITLE_ABSTRACT_LEVEL","NOT_ASSESSED","PRIORITY_4","OUT_OF_SCOPE_FOR_PHASE2A1","OUTSIDE_NARROW_GAP01_GAP03_REPAIR; NOT_EXCLUDED_FROM_BROADER_PHASE2_REVIEW","","Prospective Phase 2A.1 paper-level triage; no new search performed. Occurrences=E-D0078. Query IDs=PHASE2-SEARCH-0055. No stable corpus paper ID assigned at triage. Grouping used canonical DOI/identifier first. Exact normalized-title fallback required author overlap, or a missing identifier plus a long title and compatible year. Phase 2A.1 final triage: excluded from the bounded foundational repair after title/abstract/citation-context assessment; this record cannot support an absence or novelty conclusion. Phase 2A.1 scoped-repair correction (2026-07-31): automatic FALSE_POSITIVE closure superseded by OUT_OF_SCOPE_FOR_PHASE2A1; original broader-review relevance preserved."
"P2UT-0230","WUflux software lead","NR","NR","nr","1","E","none","scientific_software_or_workflow","SUPPORTING","DISCOVERY_ONLY","NOT_ASSESSED","PRIORITY_3","DEFERRED_RELEVANT_SUPPORTING","DEFERRED_FROM_NARROW_GAP01_GAP03_REPAIR; ORIGINAL_BROADER_PHASE2_RELEVANCE_PRESERVED","","Prospective Phase 2A.1 paper-level triage; no new search performed. Occurrences=E-D0096. Query IDs=PHASE2-SEARCH-0074. No stable corpus paper ID assigned at triage. Existing software corpus ID(s)=S0016. Grouping used canonical DOI/identifier first. Exact normalized-title fallback required author overlap, or a missing identifier plus a long title and compatible year. Phase 2A.1 final triage: excluded from the bounded foundational repair after title/abstract/citation-context assessment; this record cannot support an absence or novelty conclusion. Phase 2A.1 scoped-repair correction (2026-07-31): automatic FALSE_POSITIVE closure superseded by DEFERRED_RELEVANT_SUPPORTING; original broader-review relevance preserved."
"P2UT-0231","Metabolic modelling and 13C flux analysis application to biotechnologically important yeasts and a fungus","Paula Jouhten","2009","openalex:w2560656643","1","B","GAP-01","metabolic_model_or_mechanism_analysis","SUPPORTING","DISCOVERY_ONLY","NOT_ASSESSED","PRIORITY_3","DEFERRED_RELEVANT_SUPPORTING","DEFERRED_FROM_NARROW_GAP01_GAP03_REPAIR; ORIGINAL_BROADER_PHASE2_RELEVANCE_PRESERVED","","Prospective Phase 2A.1 paper-level triage; no new search performed. Occurrences=ROOT-D0060. Query IDs=PHASE2-SEARCH-0013. No stable corpus paper ID assigned at triage. Grouping used canonical DOI/identifier first. Exact normalized-title fallback required author overlap, or a missing identifier plus a long title and compatible year. Phase 2A.1 final triage: excluded from the bounded foundational repair after title/abstract/citation-context assessment; this record cannot support an absence or novelty conclusion. Phase 2A.1 scoped-repair correction (2026-07-31): automatic FALSE_POSITIVE closure superseded by DEFERRED_RELEVANT_SUPPORTING; original broader-review relevance preserved."
"P2UT-0232","Experimental design principles for isotopically instationary 13C labeling experiments.","Nöh K; Wiechert W","2006","pmid:16598793","2","A","none","isotope_tracer_or_measurement_design","SUPPORTING","TITLE_ABSTRACT_LEVEL","NOT_ASSESSED","PRIORITY_3","DEFERRED_RELEVANT_SUPPORTING","DEFERRED_FROM_NARROW_GAP01_GAP03_REPAIR; ORIGINAL_BROADER_PHASE2_RELEVANCE_PRESERVED","","Prospective Phase 2A.1 paper-level triage; no new search performed. Occurrences=A0007;AC0254. Query IDs=PHASE2-SEARCH-0001;PHASE2-SEARCH-0057. No stable corpus paper ID assigned at triage. Grouping used canonical DOI/identifier first. Exact normalized-title fallback required author overlap, or a missing identifier plus a long title and compatible year. Phase 2A.1 final triage: excluded from the bounded foundational repair after title/abstract/citation-context assessment; this record cannot support an absence or novelty conclusion. Phase 2A.1 scoped-repair correction (2026-07-31): automatic FALSE_POSITIVE closure superseded by DEFERRED_RELEVANT_SUPPORTING; original broader-review relevance preserved."
"P2UT-0233","Computational tools for isotopically instationary 13C labeling experiments under metabolic steady state conditions.","","2006","pmid:16890470","1","A","none","isotope_tracer_or_measurement_design","SUPPORTING","TITLE_ABSTRACT_LEVEL","NOT_ASSESSED","PRIORITY_3","DEFERRED_RELEVANT_SUPPORTING","DEFERRED_FROM_NARROW_GAP01_GAP03_REPAIR; ORIGINAL_BROADER_PHASE2_RELEVANCE_PRESERVED","","Prospective Phase 2A.1 paper-level triage; no new search performed. Occurrences=AC0253. Query IDs=PHASE2-SEARCH-0057. No stable corpus paper ID assigned at triage. Grouping used canonical DOI/identifier first. Exact normalized-title fallback required author overlap, or a missing identifier plus a long title and compatible year. Phase 2A.1 final triage: excluded from the bounded foundational repair after title/abstract/citation-context assessment; this record cannot support an absence or novelty conclusion. Phase 2A.1 scoped-repair correction (2026-07-31): automatic FALSE_POSITIVE closure superseded by DEFERRED_RELEVANT_SUPPORTING; original broader-review relevance preserved."
"P2UT-0234","13CFLUX2--high-performance software suite for (13)C-metabolic flux analysis.","Weitzel M","2013","pmid:23110970","1","E","none","scientific_software_or_workflow","SUPPORTING","TITLE_ABSTRACT_LEVEL","NOT_ASSESSED","PRIORITY_3","DEFERRED_RELEVANT_SUPPORTING","DEFERRED_FROM_NARROW_GAP01_GAP03_REPAIR; ORIGINAL_BROADER_PHASE2_RELEVANCE_PRESERVED","","Prospective Phase 2A.1 paper-level triage; no new search performed. Occurrences=E-D0012. Query IDs=PHASE2-SEARCH-0043. No stable corpus paper ID assigned at triage. Grouping used canonical DOI/identifier first. Exact normalized-title fallback required author overlap, or a missing identifier plus a long title and compatible year. Phase 2A.1 final triage: excluded from the bounded foundational repair after title/abstract/citation-context assessment; this record cannot support an absence or novelty conclusion. Phase 2A.1 scoped-repair correction (2026-07-31): automatic FALSE_POSITIVE closure superseded by DEFERRED_RELEVANT_SUPPORTING; original broader-review relevance preserved."
"P2UT-0235","iMS2Flux--a high-throughput processing tool for stable isotope labeled mass spectrometric data used for metabolic flux analysis.","Poskar CH","2012","pmid:23146204","1","E","none","scientific_software_or_workflow","SUPPORTING","TITLE_ABSTRACT_LEVEL","NOT_ASSESSED","PRIORITY_3","DEFERRED_RELEVANT_SUPPORTING","DEFERRED_FROM_NARROW_GAP01_GAP03_REPAIR; ORIGINAL_BROADER_PHASE2_RELEVANCE_PRESERVED","","Prospective Phase 2A.1 paper-level triage; no new search performed. Occurrences=E-D0011. Query IDs=PHASE2-SEARCH-0043. No stable corpus paper ID assigned at triage. Grouping used canonical DOI/identifier first. Exact normalized-title fallback required author overlap, or a missing identifier plus a long title and compatible year. Phase 2A.1 final triage: excluded from the bounded foundational repair after title/abstract/citation-context assessment; this record cannot support an absence or novelty conclusion. Phase 2A.1 scoped-repair correction (2026-07-31): automatic FALSE_POSITIVE closure superseded by DEFERRED_RELEVANT_SUPPORTING; original broader-review relevance preserved."
"P2UT-0236","INCA: a computational platform for isotopically non-stationary metabolic flux analysis.","Young JD","2014","pmid:24413674","1","E","none","scientific_software_or_workflow","SUPPORTING","TITLE_ABSTRACT_LEVEL","NOT_ASSESSED","PRIORITY_3","DEFERRED_RELEVANT_SUPPORTING","DEFERRED_FROM_NARROW_GAP01_GAP03_REPAIR; ORIGINAL_BROADER_PHASE2_RELEVANCE_PRESERVED","","Prospective Phase 2A.1 paper-level triage; no new search performed. Occurrences=E-D0006. Query IDs=PHASE2-SEARCH-0042. No stable corpus paper ID assigned at triage. Existing software corpus ID(s)=S0002. Grouping used canonical DOI/identifier first. Exact normalized-title fallback required author overlap, or a missing identifier plus a long title and compatible year. Phase 2A.1 final triage: excluded from the bounded foundational repair after title/abstract/citation-context assessment; this record cannot support an absence or novelty conclusion. Phase 2A.1 scoped-repair correction (2026-07-31): automatic FALSE_POSITIVE closure superseded by DEFERRED_RELEVANT_SUPPORTING; original broader-review relevance preserved."
"P2UT-0237","OpenMebius: an open source software for isotopically nonstationary 13C-based metabolic flux analysis.","Kajihata S","2014","pmid:25006579","1","E","none","scientific_software_or_workflow","SUPPORTING","TITLE_ABSTRACT_LEVEL","NOT_ASSESSED","PRIORITY_3","DEFERRED_RELEVANT_SUPPORTING","DEFERRED_FROM_NARROW_GAP01_GAP03_REPAIR; ORIGINAL_BROADER_PHASE2_RELEVANCE_PRESERVED","","Prospective Phase 2A.1 paper-level triage; no new search performed. Occurrences=E-D0013. Query IDs=PHASE2-SEARCH-0047. No stable corpus paper ID assigned at triage. Existing software corpus ID(s)=S0006. Grouping used canonical DOI/identifier first. Exact normalized-title fallback required author overlap, or a missing identifier plus a long title and compatible year. Phase 2A.1 final triage: excluded from the bounded foundational repair after title/abstract/citation-context assessment; this record cannot support an absence or novelty conclusion. Phase 2A.1 scoped-repair correction (2026-07-31): automatic FALSE_POSITIVE closure superseded by DEFERRED_RELEVANT_SUPPORTING; original broader-review relevance preserved."
"P2UT-0238","A scientific workflow framework for (13)C metabolic flux analysis.","Dalman T","2016","pmid:26721184","1","E","none","scientific_software_or_workflow","SUPPORTING","TITLE_ABSTRACT_LEVEL","NOT_ASSESSED","PRIORITY_3","DEFERRED_RELEVANT_SUPPORTING","DEFERRED_FROM_NARROW_GAP01_GAP03_REPAIR; ORIGINAL_BROADER_PHASE2_RELEVANCE_PRESERVED","","Prospective Phase 2A.1 paper-level triage; no new search performed. Occurrences=E-D0008. Query IDs=PHASE2-SEARCH-0043. No stable corpus paper ID assigned at triage. Grouping used canonical DOI/identifier first. Exact normalized-title fallback required author overlap, or a missing identifier plus a long title and compatible year. Phase 2A.1 final triage: excluded from the bounded foundational repair after title/abstract/citation-context assessment; this record cannot support an absence or novelty conclusion. Phase 2A.1 scoped-repair correction (2026-07-31): automatic FALSE_POSITIVE closure superseded by DEFERRED_RELEVANT_SUPPORTING; original broader-review relevance preserved."
"P2UT-0239","FreeFlux: A Python Package for Time-Efficient Isotopically Nonstationary Metabolic Flux Analysis.","Wu C","2023","pmid:37561998","1","E","none","scientific_software_or_workflow","SUPPORTING","TITLE_ABSTRACT_LEVEL","NOT_ASSESSED","PRIORITY_3","DEFERRED_RELEVANT_SUPPORTING","DEFERRED_FROM_NARROW_GAP01_GAP03_REPAIR; ORIGINAL_BROADER_PHASE2_RELEVANCE_PRESERVED","","Prospective Phase 2A.1 paper-level triage; no new search performed. Occurrences=E-D0007. Query IDs=PHASE2-SEARCH-0043. No stable corpus paper ID assigned at triage. Existing software corpus ID(s)=S0005. Grouping used canonical DOI/identifier first. Exact normalized-title fallback required author overlap, or a missing identifier plus a long title and compatible year. Phase 2A.1 final triage: excluded from the bounded foundational repair after title/abstract/citation-context assessment; this record cannot support an absence or novelty conclusion. Phase 2A.1 scoped-repair correction (2026-07-31): automatic FALSE_POSITIVE closure superseded by DEFERRED_RELEVANT_SUPPORTING; original broader-review relevance preserved."
"P2UT-0240","JBEI/bayflux","JBEI","2023","r_kgdojyhflg","1","E","none","domain_context_or_application","PERIPHERAL","TITLE_ABSTRACT_LEVEL","NOT_ASSESSED","PRIORITY_4","OUT_OF_SCOPE_FOR_PHASE2A1","OUTSIDE_NARROW_GAP01_GAP03_REPAIR; NOT_EXCLUDED_FROM_BROADER_PHASE2_REVIEW","","Prospective Phase 2A.1 paper-level triage; no new search performed. Occurrences=E-D0076. Query IDs=PHASE2-SEARCH-0055. No stable corpus paper ID assigned at triage. Grouping used canonical DOI/identifier first. Exact normalized-title fallback required author overlap, or a missing identifier plus a long title and compatible year. Phase 2A.1 final triage: excluded from the bounded foundational repair after title/abstract/citation-context assessment; this record cannot support an absence or novelty conclusion. Phase 2A.1 scoped-repair correction (2026-07-31): automatic FALSE_POSITIVE closure superseded by OUT_OF_SCOPE_FOR_PHASE2A1; original broader-review relevance preserved."
"P2UT-0241","metabolic-engineering/OpenMebius2","metabolic-engineering","2026","r_kgdoq37wga","1","E","none","domain_context_or_application","PERIPHERAL","TITLE_ABSTRACT_LEVEL","NOT_ASSESSED","PRIORITY_4","OUT_OF_SCOPE_FOR_PHASE2A1","OUTSIDE_NARROW_GAP01_GAP03_REPAIR; NOT_EXCLUDED_FROM_BROADER_PHASE2_REVIEW","","Prospective Phase 2A.1 paper-level triage; no new search performed. Occurrences=E-D0077. Query IDs=PHASE2-SEARCH-0055. No stable corpus paper ID assigned at triage. Grouping used canonical DOI/identifier first. Exact normalized-title fallback required author overlap, or a missing identifier plus a long title and compatible year. Phase 2A.1 final triage: excluded from the bounded foundational repair after title/abstract/citation-context assessment; this record cannot support an absence or novelty conclusion. Phase 2A.1 scoped-repair correction (2026-07-31): automatic FALSE_POSITIVE closure superseded by OUT_OF_SCOPE_FOR_PHASE2A1; original broader-review relevance preserved."
