"phase2a1_record_id","workstream_families","query_id","search_date","search_source","title","authors","year","doi_or_identifier","source_native_id","duplicate_group","canonical_record_id","deduplication_basis","source_ledger","source_duplicate_group","source_screening_state","screening_state","source_exclusion_reason","exclusion_reason","evidence_depth","full_text_access_status","evidence_location","final_record_id","corpus_action","source_proposed_corpus_record","raw_snapshot","notes"
"A1AC-0001","A-C","PHASE2A1-SEARCH-0001","2026-07-31","OpenAlex","Minimax testing of a composite null hypothesis defined via a quadratic functional in the model of regression","Laëtitia Comminges; Arnak S. Dalalyan","2013","10.1214/13-ejs766","https://openalex.org/W2063519358","A1-DUP-0001","A1AC-0001","SOURCE_LEDGER_GROUP;NORMALIZED_DOI","AC","A1AC-DUP-0001","FULL_TEXT_INCLUDED","FULL_TEXT_INCLUDED","","","LEVEL_1_LOAD_BEARING","AUTHOR_MANUSCRIPT_FULL_TEXT_INSPECTED","arxiv_1208.1823_source/revision_EJS_2012.tex:181-262 (problem and asymptotic minimax framework), 571-674 (Theorems thm_1 and thm_2), 1392-1465 (proofs)","P0052","EXISTING_CORPUS_RECORD","NEW_CORPUS_CANDIDATE","audit/phase2a1_raw_search_results/AC/PHASE2A1-SEARCH-0001_openalex.json","Constructive composite-vs-composite regression test and minimax lower bound are asymptotic separation-rate results, not an exact finite-sample guarantee."
"A1AC-0002","A-C","PHASE2A1-SEARCH-0001","2026-07-31","OpenAlex","Bayesian computation: a summary of the current state, and samples backwards and forwards","Peter J. Green; Krzysztof Łatuszyński; Marcelo Pereyra; Christian P. Robert","2015","10.1007/s11222-015-9574-5","https://openalex.org/W639587122","A1-DUP-0002","A1AC-0002","NORMALIZED_DOI","AC","A1AC-DUP-0002","FALSE_POSITIVE","FALSE_POSITIVE","NO_DIRECT_FOUNDATIONAL_FIXED_SAMPLE_COMPOSITE_TEST_OR_MINIMAX_CONVERSE_RESULT_FOR_GAP_01_OR_GAP_03","NO_DIRECT_FOUNDATIONAL_FIXED_SAMPLE_COMPOSITE_TEST_OR_MINIMAX_CONVERSE_RESULT_FOR_GAP_01_OR_GAP_03","LEVEL_3_DISCOVERY_ONLY","NOT_SOUGHT_AFTER_TITLE_METADATA_SCREEN","","","NONE","","audit/phase2a1_raw_search_results/AC/PHASE2A1-SEARCH-0001_openalex.json","Final title/metadata-level false-positive disposition for this bounded A–C workstream; no substantive claim is drawn from the record."
"A1AC-0003","A-C","PHASE2A1-SEARCH-0001","2026-07-31","OpenAlex","Testing by Betting: A Strategy for Statistical and Scientific Communication","Glenn Shafer","2021","10.1111/rssa.12647","https://openalex.org/W3159808052","A1-DUP-0003","A1AC-0003","SOURCE_LEDGER_GROUP","AC","A1AC-DUP-0003","FALSE_POSITIVE","FALSE_POSITIVE","NO_DIRECT_FOUNDATIONAL_FIXED_SAMPLE_COMPOSITE_TEST_OR_MINIMAX_CONVERSE_RESULT_FOR_GAP_01_OR_GAP_03","NO_DIRECT_FOUNDATIONAL_FIXED_SAMPLE_COMPOSITE_TEST_OR_MINIMAX_CONVERSE_RESULT_FOR_GAP_01_OR_GAP_03","LEVEL_3_DISCOVERY_ONLY","NOT_SOUGHT_AFTER_TITLE_METADATA_SCREEN","","","NONE","","audit/phase2a1_raw_search_results/AC/PHASE2A1-SEARCH-0001_openalex.json","Final title/metadata-level false-positive disposition for this bounded A–C workstream; no substantive claim is drawn from the record."
"A1AC-0004","A-C","PHASE2A1-SEARCH-0001","2026-07-31","OpenAlex","Safe testing","Peter Grünwald; Rianne de Heide; Wouter M. Koolen","2024","10.1093/jrsssb/qkae011","https://openalex.org/W4392613287","A1-DUP-0004","A1AC-0004","UNIQUE_OCCURRENCE","AC","A1AC-DUP-0004","DUPLICATE","DUPLICATE","DUPLICATE_OF_CORPUS_P0043","DUPLICATE_OF_CORPUS_P0043","LEVEL_3_DISCOVERY_ONLY","NOT_APPLICABLE","","","DUPLICATE_OF_EXISTING_CORPUS","P0043","audit/phase2a1_raw_search_results/AC/PHASE2A1-SEARCH-0001_openalex.json","Already represented by a verified Phase 1/2 corpus record."
"A1AC-0005","A-C","PHASE2A1-SEARCH-0001","2026-07-31","OpenAlex","Noisy matrix decomposition via convex relaxation: Optimal rates in high dimensions","Alekh Agarwal; Sahand Negahban; Martin J. Wainwright","2012","10.1214/12-aos1000","https://openalex.org/W2154514661","A1-DUP-0005","A1AC-0005","SOURCE_LEDGER_GROUP;NORMALIZED_DOI","AC","A1AC-DUP-0005","FALSE_POSITIVE","FALSE_POSITIVE","NO_DIRECT_FOUNDATIONAL_FIXED_SAMPLE_COMPOSITE_TEST_OR_MINIMAX_CONVERSE_RESULT_FOR_GAP_01_OR_GAP_03","NO_DIRECT_FOUNDATIONAL_FIXED_SAMPLE_COMPOSITE_TEST_OR_MINIMAX_CONVERSE_RESULT_FOR_GAP_01_OR_GAP_03","LEVEL_3_DISCOVERY_ONLY","NOT_SOUGHT_AFTER_TITLE_METADATA_SCREEN","","","NONE","","audit/phase2a1_raw_search_results/AC/PHASE2A1-SEARCH-0001_openalex.json","Final title/metadata-level false-positive disposition for this bounded A–C workstream; no substantive claim is drawn from the record."
"A1AC-0006","A-C","PHASE2A1-SEARCH-0001","2026-07-31","OpenAlex","Restricted strong convexity and weighted matrix completion: Optimal bounds with noise","Sahand Negahban; Martin J. Wainwright","2010","10.48550/arxiv.1009.2118","https://openalex.org/W2111297856","A1-DUP-0006","A1AC-0006","SOURCE_LEDGER_GROUP","AC","A1AC-DUP-0006","FALSE_POSITIVE","FALSE_POSITIVE","NO_DIRECT_FOUNDATIONAL_FIXED_SAMPLE_COMPOSITE_TEST_OR_MINIMAX_CONVERSE_RESULT_FOR_GAP_01_OR_GAP_03","NO_DIRECT_FOUNDATIONAL_FIXED_SAMPLE_COMPOSITE_TEST_OR_MINIMAX_CONVERSE_RESULT_FOR_GAP_01_OR_GAP_03","LEVEL_3_DISCOVERY_ONLY","NOT_SOUGHT_AFTER_TITLE_METADATA_SCREEN","","","NONE","","audit/phase2a1_raw_search_results/AC/PHASE2A1-SEARCH-0001_openalex.json","Final title/metadata-level false-positive disposition for this bounded A–C workstream; no substantive claim is drawn from the record."
"A1AC-0007","A-C","PHASE2A1-SEARCH-0001","2026-07-31","OpenAlex","Testing goodness-of-fit and conditional independence with approximate co-sufficient sampling","Rina Foygel Barber; Lucas Janson","2022","10.1214/22-aos2187","https://openalex.org/W3043790179","A1-DUP-0007","A1AC-0007","UNIQUE_OCCURRENCE","AC","A1AC-DUP-0007","FALSE_POSITIVE","FALSE_POSITIVE","NO_DIRECT_FOUNDATIONAL_FIXED_SAMPLE_COMPOSITE_TEST_OR_MINIMAX_CONVERSE_RESULT_FOR_GAP_01_OR_GAP_03","NO_DIRECT_FOUNDATIONAL_FIXED_SAMPLE_COMPOSITE_TEST_OR_MINIMAX_CONVERSE_RESULT_FOR_GAP_01_OR_GAP_03","LEVEL_3_DISCOVERY_ONLY","NOT_SOUGHT_AFTER_TITLE_METADATA_SCREEN","","","NONE","","audit/phase2a1_raw_search_results/AC/PHASE2A1-SEARCH-0001_openalex.json","Final title/metadata-level false-positive disposition for this bounded A–C workstream; no substantive claim is drawn from the record."
"A1AC-0008","A-C","PHASE2A1-SEARCH-0001","2026-07-31","OpenAlex","Confidence Regions for the Multinomial Parameter With Small Sample Size","Djalil Chafaï; Didier Concordet","2009","10.1198/jasa.2009.tm08152","https://openalex.org/W2122478484","A1-DUP-0008","A1AC-0008","UNIQUE_OCCURRENCE","AC","A1AC-DUP-0008","FALSE_POSITIVE","FALSE_POSITIVE","NO_DIRECT_FOUNDATIONAL_FIXED_SAMPLE_COMPOSITE_TEST_OR_MINIMAX_CONVERSE_RESULT_FOR_GAP_01_OR_GAP_03","NO_DIRECT_FOUNDATIONAL_FIXED_SAMPLE_COMPOSITE_TEST_OR_MINIMAX_CONVERSE_RESULT_FOR_GAP_01_OR_GAP_03","LEVEL_3_DISCOVERY_ONLY","NOT_SOUGHT_AFTER_TITLE_METADATA_SCREEN","","","NONE","","audit/phase2a1_raw_search_results/AC/PHASE2A1-SEARCH-0001_openalex.json","Final title/metadata-level false-positive disposition for this bounded A–C workstream; no substantive claim is drawn from the record."
"A1AC-0009","A-C","PHASE2A1-SEARCH-0001","2026-07-31","OpenAlex","Game-Theoretic Statistics and Safe Anytime-Valid Inference","Aaditya Ramdas; Peter Grünwald; Vladimir Vovk; Glenn Shafer","2023","10.1214/23-sts894","https://openalex.org/W4388461534","A1-DUP-0009","A1AC-0009","UNIQUE_OCCURRENCE","AC","A1AC-DUP-0009","FALSE_POSITIVE","FALSE_POSITIVE","NO_DIRECT_FOUNDATIONAL_FIXED_SAMPLE_COMPOSITE_TEST_OR_MINIMAX_CONVERSE_RESULT_FOR_GAP_01_OR_GAP_03","NO_DIRECT_FOUNDATIONAL_FIXED_SAMPLE_COMPOSITE_TEST_OR_MINIMAX_CONVERSE_RESULT_FOR_GAP_01_OR_GAP_03","LEVEL_3_DISCOVERY_ONLY","NOT_SOUGHT_AFTER_TITLE_METADATA_SCREEN","","","NONE","","audit/phase2a1_raw_search_results/AC/PHASE2A1-SEARCH-0001_openalex.json","Final title/metadata-level false-positive disposition for this bounded A–C workstream; no substantive claim is drawn from the record."
"A1AC-0010","A-C","PHASE2A1-SEARCH-0001","2026-07-31","OpenAlex","Testing exchangeability: Fork-convexity, supermartingales and e-processes","Aaditya Ramdas; Johannes Ruf; Martin Larsson; Wouter M. Koolen","2021","10.1016/j.ijar.2021.06.017","https://openalex.org/W3175186327","A1-DUP-0010","A1AC-0010","SOURCE_LEDGER_GROUP","AC","A1AC-DUP-0010","FALSE_POSITIVE","FALSE_POSITIVE","NO_DIRECT_FOUNDATIONAL_FIXED_SAMPLE_COMPOSITE_TEST_OR_MINIMAX_CONVERSE_RESULT_FOR_GAP_01_OR_GAP_03","NO_DIRECT_FOUNDATIONAL_FIXED_SAMPLE_COMPOSITE_TEST_OR_MINIMAX_CONVERSE_RESULT_FOR_GAP_01_OR_GAP_03","LEVEL_3_DISCOVERY_ONLY","NOT_SOUGHT_AFTER_TITLE_METADATA_SCREEN","","","NONE","","audit/phase2a1_raw_search_results/AC/PHASE2A1-SEARCH-0001_openalex.json","Final title/metadata-level false-positive disposition for this bounded A–C workstream; no substantive claim is drawn from the record."
"A1AC-0011","A-C","PHASE2A1-SEARCH-0001","2026-07-31","OpenAlex","High-dimensional change-point detection under sparse alternatives","Farida Enikeeva; Zaïd Harchaoui","2019","10.1214/18-aos1740","https://openalex.org/W2963416868","A1-DUP-0011","A1AC-0011","SOURCE_LEDGER_GROUP;NORMALIZED_DOI","AC","A1AC-DUP-0011","FALSE_POSITIVE","FALSE_POSITIVE","NO_DIRECT_FOUNDATIONAL_FIXED_SAMPLE_COMPOSITE_TEST_OR_MINIMAX_CONVERSE_RESULT_FOR_GAP_01_OR_GAP_03","NO_DIRECT_FOUNDATIONAL_FIXED_SAMPLE_COMPOSITE_TEST_OR_MINIMAX_CONVERSE_RESULT_FOR_GAP_01_OR_GAP_03","LEVEL_3_DISCOVERY_ONLY","NOT_SOUGHT_AFTER_TITLE_METADATA_SCREEN","","","NONE","","audit/phase2a1_raw_search_results/AC/PHASE2A1-SEARCH-0001_openalex.json","Final title/metadata-level false-positive disposition for this bounded A–C workstream; no substantive claim is drawn from the record."
"A1AC-0012","A-C","PHASE2A1-SEARCH-0001","2026-07-31","OpenAlex","Hypothesis testing with e-values","Aaditya Ramdas; Ruodu Wang","2024","10.48550/arxiv.2410.23614","https://openalex.org/W4404346919","A1-DUP-0012","A1AC-0012","SOURCE_LEDGER_GROUP","AC","A1AC-DUP-0012","FALSE_POSITIVE","FALSE_POSITIVE","NO_DIRECT_FOUNDATIONAL_FIXED_SAMPLE_COMPOSITE_TEST_OR_MINIMAX_CONVERSE_RESULT_FOR_GAP_01_OR_GAP_03","NO_DIRECT_FOUNDATIONAL_FIXED_SAMPLE_COMPOSITE_TEST_OR_MINIMAX_CONVERSE_RESULT_FOR_GAP_01_OR_GAP_03","LEVEL_3_DISCOVERY_ONLY","NOT_SOUGHT_AFTER_TITLE_METADATA_SCREEN","","","NONE","","audit/phase2a1_raw_search_results/AC/PHASE2A1-SEARCH-0001_openalex.json","Final title/metadata-level false-positive disposition for this bounded A–C workstream; no substantive claim is drawn from the record."
"A1AC-0013","A-C","PHASE2A1-SEARCH-0001","2026-07-31","OpenAlex","The landscape of empirical risk for nonconvex losses","Song Mei; Yu Bai; Andrea Montanari","2018","10.1214/17-aos1637","https://openalex.org/W2963122491","A1-DUP-0013","A1AC-0013","UNIQUE_OCCURRENCE","AC","A1AC-DUP-0013","FALSE_POSITIVE","FALSE_POSITIVE","NO_DIRECT_FOUNDATIONAL_FIXED_SAMPLE_COMPOSITE_TEST_OR_MINIMAX_CONVERSE_RESULT_FOR_GAP_01_OR_GAP_03","NO_DIRECT_FOUNDATIONAL_FIXED_SAMPLE_COMPOSITE_TEST_OR_MINIMAX_CONVERSE_RESULT_FOR_GAP_01_OR_GAP_03","LEVEL_3_DISCOVERY_ONLY","NOT_SOUGHT_AFTER_TITLE_METADATA_SCREEN","","","NONE","","audit/phase2a1_raw_search_results/AC/PHASE2A1-SEARCH-0001_openalex.json","Final title/metadata-level false-positive disposition for this bounded A–C workstream; no substantive claim is drawn from the record."
"A1AC-0014","A-C","PHASE2A1-SEARCH-0001","2026-07-31","OpenAlex","Peeking with PEAK: Sequential, Nonparametric Composite Hypothesis Tests for Means of Multiple Data Streams","Brian Cho; Kyra Gan; Nathan Kallus","2024","10.48550/arxiv.2402.06122","https://openalex.org/W4391766500","A1-DUP-0014","A1AC-0014","UNIQUE_OCCURRENCE","AC","A1AC-DUP-0014","FALSE_POSITIVE","FALSE_POSITIVE","NO_DIRECT_FOUNDATIONAL_FIXED_SAMPLE_COMPOSITE_TEST_OR_MINIMAX_CONVERSE_RESULT_FOR_GAP_01_OR_GAP_03","NO_DIRECT_FOUNDATIONAL_FIXED_SAMPLE_COMPOSITE_TEST_OR_MINIMAX_CONVERSE_RESULT_FOR_GAP_01_OR_GAP_03","LEVEL_3_DISCOVERY_ONLY","NOT_SOUGHT_AFTER_TITLE_METADATA_SCREEN","","","NONE","","audit/phase2a1_raw_search_results/AC/PHASE2A1-SEARCH-0001_openalex.json","Final title/metadata-level false-positive disposition for this bounded A–C workstream; no substantive claim is drawn from the record."
"A1AC-0015","A-C","PHASE2A1-SEARCH-0001","2026-07-31","OpenAlex","Generic E-variables for exact sequential <mml:math xmlns:mml=""http://www.w3.org/1998/Math/MathML"" altimg=""si736.svg"" display=""inline"" id=""d1e327""><mml:mi>k</mml:mi></mml:math>-sample tests that allow for optional stopping","Rosanne Turner; Alexander Ly; Peter Grünwald","2023","10.1016/j.jspi.2023.106116","https://openalex.org/W4388195981","A1-DUP-0015","A1AC-0015","UNIQUE_OCCURRENCE","AC","A1AC-DUP-0015","FALSE_POSITIVE","FALSE_POSITIVE","NO_DIRECT_FOUNDATIONAL_FIXED_SAMPLE_COMPOSITE_TEST_OR_MINIMAX_CONVERSE_RESULT_FOR_GAP_01_OR_GAP_03","NO_DIRECT_FOUNDATIONAL_FIXED_SAMPLE_COMPOSITE_TEST_OR_MINIMAX_CONVERSE_RESULT_FOR_GAP_01_OR_GAP_03","LEVEL_3_DISCOVERY_ONLY","NOT_SOUGHT_AFTER_TITLE_METADATA_SCREEN","","","NONE","","audit/phase2a1_raw_search_results/AC/PHASE2A1-SEARCH-0001_openalex.json","Final title/metadata-level false-positive disposition for this bounded A–C workstream; no substantive claim is drawn from the record."
"A1AC-0016","A-C","PHASE2A1-SEARCH-0002","2026-07-31","Crossref","Graphing Sample Distributions for Hypothesis Testing","","2021","10.4135/9781529630213.n2","10.4135/9781529630213.n2","A1-DUP-0016","A1AC-0016","SOURCE_LEDGER_GROUP;NORMALIZED_DOI","AC","A1AC-DUP-0016","FALSE_POSITIVE","FALSE_POSITIVE","NO_DIRECT_FOUNDATIONAL_FIXED_SAMPLE_COMPOSITE_TEST_OR_MINIMAX_CONVERSE_RESULT_FOR_GAP_01_OR_GAP_03","NO_DIRECT_FOUNDATIONAL_FIXED_SAMPLE_COMPOSITE_TEST_OR_MINIMAX_CONVERSE_RESULT_FOR_GAP_01_OR_GAP_03","LEVEL_3_DISCOVERY_ONLY","NOT_SOUGHT_AFTER_TITLE_METADATA_SCREEN","","","NONE","","audit/phase2a1_raw_search_results/AC/PHASE2A1-SEARCH-0002_crossref.json","Final title/metadata-level false-positive disposition for this bounded A–C workstream; no substantive claim is drawn from the record."
"A1AC-0017","A-C","PHASE2A1-SEARCH-0002","2026-07-31","Crossref","Active Fixed-Sample-Size Hypothesis Testing via POMDP Value Function Lipschitz Bounds","Timothy L. Molloy; Girish N. Nair","2024","10.23919/acc60939.2024.10644574","10.23919/acc60939.2024.10644574","A1-DUP-0017","A1DEF-0006","SOURCE_LEDGER_GROUP;NORMALIZED_DOI","AC","A1AC-DUP-0017","FALSE_POSITIVE","DUPLICATE","NO_DIRECT_FOUNDATIONAL_FIXED_SAMPLE_COMPOSITE_TEST_OR_MINIMAX_CONVERSE_RESULT_FOR_GAP_01_OR_GAP_03","CROSS_WORKSTREAM_DUPLICATE_OF=A1DEF-0006;MATCH_BASIS=SOURCE_LEDGER_GROUP;NORMALIZED_DOI;SOURCE_DISPOSITION=FALSE_POSITIVE","LEVEL_3_DISCOVERY_ONLY","NOT_SOUGHT_AFTER_TITLE_METADATA_SCREEN","","","NONE","","audit/phase2a1_raw_search_results/AC/PHASE2A1-SEARCH-0002_crossref.json","Final title/metadata-level false-positive disposition for this bounded A–C workstream; no substantive claim is drawn from the record."
"A1AC-0018","A-C","PHASE2A1-SEARCH-0002","2026-07-31","Crossref","Sample Size Determination for Bayesian Informative Hypothesis Testing","; Qianrao Fu","","10.33540/1221","10.33540/1221","A1-DUP-0018","A1AC-0018","SOURCE_LEDGER_GROUP;NORMALIZED_DOI","AC","A1AC-DUP-0018","FALSE_POSITIVE","FALSE_POSITIVE","NO_DIRECT_FOUNDATIONAL_FIXED_SAMPLE_COMPOSITE_TEST_OR_MINIMAX_CONVERSE_RESULT_FOR_GAP_01_OR_GAP_03","NO_DIRECT_FOUNDATIONAL_FIXED_SAMPLE_COMPOSITE_TEST_OR_MINIMAX_CONVERSE_RESULT_FOR_GAP_01_OR_GAP_03","LEVEL_3_DISCOVERY_ONLY","NOT_SOUGHT_AFTER_TITLE_METADATA_SCREEN","","","NONE","","audit/phase2a1_raw_search_results/AC/PHASE2A1-SEARCH-0002_crossref.json","Final title/metadata-level false-positive disposition for this bounded A–C workstream; no substantive claim is drawn from the record."
"A1AC-0019","A-C","PHASE2A1-SEARCH-0002","2026-07-31","Crossref","Hypothesis Testing with One Sample","","2014","10.4324/9781315797564-13","10.4324/9781315797564-13","A1-DUP-0019","A1AC-0019","SOURCE_LEDGER_GROUP;NORMALIZED_DOI","AC","A1AC-DUP-0019","FALSE_POSITIVE","FALSE_POSITIVE","NO_DIRECT_FOUNDATIONAL_FIXED_SAMPLE_COMPOSITE_TEST_OR_MINIMAX_CONVERSE_RESULT_FOR_GAP_01_OR_GAP_03","NO_DIRECT_FOUNDATIONAL_FIXED_SAMPLE_COMPOSITE_TEST_OR_MINIMAX_CONVERSE_RESULT_FOR_GAP_01_OR_GAP_03","LEVEL_3_DISCOVERY_ONLY","NOT_SOUGHT_AFTER_TITLE_METADATA_SCREEN","","","NONE","","audit/phase2a1_raw_search_results/AC/PHASE2A1-SEARCH-0002_crossref.json","Final title/metadata-level false-positive disposition for this bounded A–C workstream; no substantive claim is drawn from the record."
"A1AC-0020","A-C","PHASE2A1-SEARCH-0002","2026-07-31","Crossref","Hypothesis Testing and One-Sample t Tests","","2012","10.4135/9781071878989.n12","10.4135/9781071878989.n12","A1-DUP-0020","A1AC-0020","SOURCE_LEDGER_GROUP;NORMALIZED_DOI","AC","A1AC-DUP-0020","FALSE_POSITIVE","FALSE_POSITIVE","NO_DIRECT_FOUNDATIONAL_FIXED_SAMPLE_COMPOSITE_TEST_OR_MINIMAX_CONVERSE_RESULT_FOR_GAP_01_OR_GAP_03","NO_DIRECT_FOUNDATIONAL_FIXED_SAMPLE_COMPOSITE_TEST_OR_MINIMAX_CONVERSE_RESULT_FOR_GAP_01_OR_GAP_03","LEVEL_3_DISCOVERY_ONLY","NOT_SOUGHT_AFTER_TITLE_METADATA_SCREEN","","","NONE","","audit/phase2a1_raw_search_results/AC/PHASE2A1-SEARCH-0002_crossref.json","Final title/metadata-level false-positive disposition for this bounded A–C workstream; no substantive claim is drawn from the record."
"A1AC-0021","A-C","PHASE2A1-SEARCH-0002","2026-07-31","Crossref","Hypothesis Testing","","2009","10.1017/cbo9780511806957.004","10.1017/cbo9780511806957.004","A1-DUP-0021","A1AC-0021","SOURCE_LEDGER_GROUP;NORMALIZED_DOI","AC","A1AC-DUP-0021","FALSE_POSITIVE","FALSE_POSITIVE","NO_DIRECT_FOUNDATIONAL_FIXED_SAMPLE_COMPOSITE_TEST_OR_MINIMAX_CONVERSE_RESULT_FOR_GAP_01_OR_GAP_03","NO_DIRECT_FOUNDATIONAL_FIXED_SAMPLE_COMPOSITE_TEST_OR_MINIMAX_CONVERSE_RESULT_FOR_GAP_01_OR_GAP_03","LEVEL_3_DISCOVERY_ONLY","NOT_SOUGHT_AFTER_TITLE_METADATA_SCREEN","","","NONE","","audit/phase2a1_raw_search_results/AC/PHASE2A1-SEARCH-0002_crossref.json","Final title/metadata-level false-positive disposition for this bounded A–C workstream; no substantive claim is drawn from the record."
"A1AC-0022","A-C","PHASE2A1-SEARCH-0002","2026-07-31","Crossref","Sample Size and Hypothesis Testing","","2023","10.1002/9781119800002.ch14","10.1002/9781119800002.ch14","A1-DUP-0022","A1AC-0022","SOURCE_LEDGER_GROUP;NORMALIZED_DOI","AC","A1AC-DUP-0022","FALSE_POSITIVE","FALSE_POSITIVE","NO_DIRECT_FOUNDATIONAL_FIXED_SAMPLE_COMPOSITE_TEST_OR_MINIMAX_CONVERSE_RESULT_FOR_GAP_01_OR_GAP_03","NO_DIRECT_FOUNDATIONAL_FIXED_SAMPLE_COMPOSITE_TEST_OR_MINIMAX_CONVERSE_RESULT_FOR_GAP_01_OR_GAP_03","LEVEL_3_DISCOVERY_ONLY","NOT_SOUGHT_AFTER_TITLE_METADATA_SCREEN","","","NONE","","audit/phase2a1_raw_search_results/AC/PHASE2A1-SEARCH-0002_crossref.json","Final title/metadata-level false-positive disposition for this bounded A–C workstream; no substantive claim is drawn from the record."
"A1AC-0023","A-C","PHASE2A1-SEARCH-0002","2026-07-31","Crossref","Large Sample Hypothesis Testing","Anthony Almudevar","2021","10.1201/9781003049340-14","10.1201/9781003049340-14","A1-DUP-0023","A1AC-0023","SOURCE_LEDGER_GROUP;NORMALIZED_DOI","AC","A1AC-DUP-0023","FALSE_POSITIVE","FALSE_POSITIVE","NO_DIRECT_FOUNDATIONAL_FIXED_SAMPLE_COMPOSITE_TEST_OR_MINIMAX_CONVERSE_RESULT_FOR_GAP_01_OR_GAP_03","NO_DIRECT_FOUNDATIONAL_FIXED_SAMPLE_COMPOSITE_TEST_OR_MINIMAX_CONVERSE_RESULT_FOR_GAP_01_OR_GAP_03","LEVEL_3_DISCOVERY_ONLY","NOT_SOUGHT_AFTER_TITLE_METADATA_SCREEN","","","NONE","","audit/phase2a1_raw_search_results/AC/PHASE2A1-SEARCH-0002_crossref.json","Final title/metadata-level false-positive disposition for this bounded A–C workstream; no substantive claim is drawn from the record."
"A1AC-0024","A-C","PHASE2A1-SEARCH-0002","2026-07-31","Crossref","On a two-sample procedure for testing Student's hypothesis using mean range","Josef Machek","1959","10.21136/am.1959.102662","10.21136/am.1959.102662","A1-DUP-0024","A1AC-0024","UNIQUE_OCCURRENCE","AC","A1AC-DUP-0024","FALSE_POSITIVE","FALSE_POSITIVE","NO_DIRECT_FOUNDATIONAL_FIXED_SAMPLE_COMPOSITE_TEST_OR_MINIMAX_CONVERSE_RESULT_FOR_GAP_01_OR_GAP_03","NO_DIRECT_FOUNDATIONAL_FIXED_SAMPLE_COMPOSITE_TEST_OR_MINIMAX_CONVERSE_RESULT_FOR_GAP_01_OR_GAP_03","LEVEL_3_DISCOVERY_ONLY","NOT_SOUGHT_AFTER_TITLE_METADATA_SCREEN","","","NONE","","audit/phase2a1_raw_search_results/AC/PHASE2A1-SEARCH-0002_crossref.json","Final title/metadata-level false-positive disposition for this bounded A–C workstream; no substantive claim is drawn from the record."
"A1AC-0025","A-C","PHASE2A1-SEARCH-0002","2026-07-31","Crossref","Hypothesis Testing: Two‐Sample Case","","2007","10.1002/9780470388303.ch9","10.1002/9780470388303.ch9","A1-DUP-0025","A1AC-0025","UNIQUE_OCCURRENCE","AC","A1AC-DUP-0025","FALSE_POSITIVE","FALSE_POSITIVE","NO_DIRECT_FOUNDATIONAL_FIXED_SAMPLE_COMPOSITE_TEST_OR_MINIMAX_CONVERSE_RESULT_FOR_GAP_01_OR_GAP_03","NO_DIRECT_FOUNDATIONAL_FIXED_SAMPLE_COMPOSITE_TEST_OR_MINIMAX_CONVERSE_RESULT_FOR_GAP_01_OR_GAP_03","LEVEL_3_DISCOVERY_ONLY","NOT_SOUGHT_AFTER_TITLE_METADATA_SCREEN","","","NONE","","audit/phase2a1_raw_search_results/AC/PHASE2A1-SEARCH-0002_crossref.json","Final title/metadata-level false-positive disposition for this bounded A–C workstream; no substantive claim is drawn from the record."
"A1AC-0026","A-C","PHASE2A1-SEARCH-0002","2026-07-31","Crossref","Hypothesis Testing: One‐Sample Case","","2007","10.1002/9780470388303.ch8","10.1002/9780470388303.ch8","A1-DUP-0026","A1AC-0026","UNIQUE_OCCURRENCE","AC","A1AC-DUP-0026","FALSE_POSITIVE","FALSE_POSITIVE","NO_DIRECT_FOUNDATIONAL_FIXED_SAMPLE_COMPOSITE_TEST_OR_MINIMAX_CONVERSE_RESULT_FOR_GAP_01_OR_GAP_03","NO_DIRECT_FOUNDATIONAL_FIXED_SAMPLE_COMPOSITE_TEST_OR_MINIMAX_CONVERSE_RESULT_FOR_GAP_01_OR_GAP_03","LEVEL_3_DISCOVERY_ONLY","NOT_SOUGHT_AFTER_TITLE_METADATA_SCREEN","","","NONE","","audit/phase2a1_raw_search_results/AC/PHASE2A1-SEARCH-0002_crossref.json","Final title/metadata-level false-positive disposition for this bounded A–C workstream; no substantive claim is drawn from the record."
"A1AC-0027","A-C","PHASE2A1-SEARCH-0002","2026-07-31","Crossref","Corrigendum: Small Sample Methods for Cluster-Robust Variance Estimation and Hypothesis Testing in Fixed Effects Models","","2023","10.1080/07350015.2023.2174123","10.1080/07350015.2023.2174123","A1-DUP-0027","A1AC-0027","UNIQUE_OCCURRENCE","AC","A1AC-DUP-0027","FALSE_POSITIVE","FALSE_POSITIVE","NO_DIRECT_FOUNDATIONAL_FIXED_SAMPLE_COMPOSITE_TEST_OR_MINIMAX_CONVERSE_RESULT_FOR_GAP_01_OR_GAP_03","NO_DIRECT_FOUNDATIONAL_FIXED_SAMPLE_COMPOSITE_TEST_OR_MINIMAX_CONVERSE_RESULT_FOR_GAP_01_OR_GAP_03","LEVEL_3_DISCOVERY_ONLY","NOT_SOUGHT_AFTER_TITLE_METADATA_SCREEN","","","NONE","","audit/phase2a1_raw_search_results/AC/PHASE2A1-SEARCH-0002_crossref.json","Final title/metadata-level false-positive disposition for this bounded A–C workstream; no substantive claim is drawn from the record."
"A1AC-0028","A-C","PHASE2A1-SEARCH-0002","2026-07-31","Crossref","Testing a Sample Hypothesis","Luiz Moutinho","2011","10.4135/9781446251119.n98","10.4135/9781446251119.n98","A1-DUP-0028","A1AC-0028","UNIQUE_OCCURRENCE","AC","A1AC-DUP-0028","FALSE_POSITIVE","FALSE_POSITIVE","NO_DIRECT_FOUNDATIONAL_FIXED_SAMPLE_COMPOSITE_TEST_OR_MINIMAX_CONVERSE_RESULT_FOR_GAP_01_OR_GAP_03","NO_DIRECT_FOUNDATIONAL_FIXED_SAMPLE_COMPOSITE_TEST_OR_MINIMAX_CONVERSE_RESULT_FOR_GAP_01_OR_GAP_03","LEVEL_3_DISCOVERY_ONLY","NOT_SOUGHT_AFTER_TITLE_METADATA_SCREEN","","","NONE","","audit/phase2a1_raw_search_results/AC/PHASE2A1-SEARCH-0002_crossref.json","Final title/metadata-level false-positive disposition for this bounded A–C workstream; no substantive claim is drawn from the record."
"A1AC-0029","A-C","PHASE2A1-SEARCH-0002","2026-07-31","Crossref","One-Sample Hypothesis Testing Including Power and Sample Size","Melody S. Goodman","2025","10.4324/9781003401612-13","10.4324/9781003401612-13","A1-DUP-0029","A1AC-0029","NORMALIZED_DOI","AC","A1AC-DUP-0029","FALSE_POSITIVE","FALSE_POSITIVE","NO_DIRECT_FOUNDATIONAL_FIXED_SAMPLE_COMPOSITE_TEST_OR_MINIMAX_CONVERSE_RESULT_FOR_GAP_01_OR_GAP_03","NO_DIRECT_FOUNDATIONAL_FIXED_SAMPLE_COMPOSITE_TEST_OR_MINIMAX_CONVERSE_RESULT_FOR_GAP_01_OR_GAP_03","LEVEL_3_DISCOVERY_ONLY","NOT_SOUGHT_AFTER_TITLE_METADATA_SCREEN","","","NONE","","audit/phase2a1_raw_search_results/AC/PHASE2A1-SEARCH-0002_crossref.json","Final title/metadata-level false-positive disposition for this bounded A–C workstream; no substantive claim is drawn from the record."
"A1AC-0030","A-C","PHASE2A1-SEARCH-0002","2026-07-31","Crossref","Lab C: One-sample hypothesis testing, power, and sample size","Melody S. Goodman","2017","10.4324/9781315155661-11","10.4324/9781315155661-11","A1-DUP-0030","A1AC-0030","NORMALIZED_DOI","AC","A1AC-DUP-0030","FALSE_POSITIVE","FALSE_POSITIVE","NO_DIRECT_FOUNDATIONAL_FIXED_SAMPLE_COMPOSITE_TEST_OR_MINIMAX_CONVERSE_RESULT_FOR_GAP_01_OR_GAP_03","NO_DIRECT_FOUNDATIONAL_FIXED_SAMPLE_COMPOSITE_TEST_OR_MINIMAX_CONVERSE_RESULT_FOR_GAP_01_OR_GAP_03","LEVEL_3_DISCOVERY_ONLY","NOT_SOUGHT_AFTER_TITLE_METADATA_SCREEN","","","NONE","","audit/phase2a1_raw_search_results/AC/PHASE2A1-SEARCH-0002_crossref.json","Final title/metadata-level false-positive disposition for this bounded A–C workstream; no substantive claim is drawn from the record."
"A1AC-0031","A-C","PHASE2A1-SEARCH-0003","2026-07-31","OpenAlex","Data-Driven Distributionally Robust Optimization Using the Wasserstein Metric: Performance Guarantees and Tractable Reformulations","Peyman Mohajerin Esfahani; Daniel Kühn","2017","10.1007/s10107-017-1172-1","https://openalex.org/W2963450292","A1-DUP-0031","A1AC-0031","SOURCE_LEDGER_GROUP;NORMALIZED_DOI","AC","A1AC-DUP-0031","FALSE_POSITIVE","FALSE_POSITIVE","NO_DIRECT_FOUNDATIONAL_FIXED_SAMPLE_COMPOSITE_TEST_OR_MINIMAX_CONVERSE_RESULT_FOR_GAP_01_OR_GAP_03","NO_DIRECT_FOUNDATIONAL_FIXED_SAMPLE_COMPOSITE_TEST_OR_MINIMAX_CONVERSE_RESULT_FOR_GAP_01_OR_GAP_03","LEVEL_3_DISCOVERY_ONLY","NOT_SOUGHT_AFTER_TITLE_METADATA_SCREEN","","","NONE","","audit/phase2a1_raw_search_results/AC/PHASE2A1-SEARCH-0003_openalex.json","Final title/metadata-level false-positive disposition for this bounded A–C workstream; no substantive claim is drawn from the record."
"A1AC-0032","A-C","PHASE2A1-SEARCH-0003","2026-07-31","OpenAlex","Noisy matrix decomposition via convex relaxation: Optimal rates in high dimensions","Alekh Agarwal; Sahand Negahban; Martin J. Wainwright","2012","10.1214/12-aos1000","https://openalex.org/W2154514661","A1-DUP-0005","A1AC-0005","SOURCE_LEDGER_GROUP;NORMALIZED_DOI","AC","A1AC-DUP-0005","DUPLICATE","DUPLICATE","DUPLICATE_OF_A1AC-0005","DUPLICATE_OF_A1AC-0005","LEVEL_3_DISCOVERY_ONLY","NOT_APPLICABLE","","","NONE","","audit/phase2a1_raw_search_results/AC/PHASE2A1-SEARCH-0003_openalex.json","Duplicate prospective occurrence; the first occurrence carries the evidence decision."
"A1AC-0033","A-C","PHASE2A1-SEARCH-0003","2026-07-31","OpenAlex","Guaranteed Matrix Completion via Non-Convex Factorization","Ruoyu Sun; Zhi‐Quan Luo","2016","10.1109/tit.2016.2598574","https://openalex.org/W2566608758","A1-DUP-0032","A1AC-0033","UNIQUE_OCCURRENCE","AC","A1AC-DUP-0032","FALSE_POSITIVE","FALSE_POSITIVE","NO_DIRECT_FOUNDATIONAL_FIXED_SAMPLE_COMPOSITE_TEST_OR_MINIMAX_CONVERSE_RESULT_FOR_GAP_01_OR_GAP_03","NO_DIRECT_FOUNDATIONAL_FIXED_SAMPLE_COMPOSITE_TEST_OR_MINIMAX_CONVERSE_RESULT_FOR_GAP_01_OR_GAP_03","LEVEL_3_DISCOVERY_ONLY","NOT_SOUGHT_AFTER_TITLE_METADATA_SCREEN","","","NONE","","audit/phase2a1_raw_search_results/AC/PHASE2A1-SEARCH-0003_openalex.json","Final title/metadata-level false-positive disposition for this bounded A–C workstream; no substantive claim is drawn from the record."
"A1AC-0034","A-C","PHASE2A1-SEARCH-0003","2026-07-31","OpenAlex","Asymptotic minimax theorems for the sample distribution function","P. W. Millar","1979","10.1007/bf00537522","https://openalex.org/W2107782631","A1-DUP-0033","A1AC-0034","UNIQUE_OCCURRENCE","AC","A1AC-DUP-0033","FALSE_POSITIVE","FALSE_POSITIVE","NO_DIRECT_FOUNDATIONAL_FIXED_SAMPLE_COMPOSITE_TEST_OR_MINIMAX_CONVERSE_RESULT_FOR_GAP_01_OR_GAP_03","NO_DIRECT_FOUNDATIONAL_FIXED_SAMPLE_COMPOSITE_TEST_OR_MINIMAX_CONVERSE_RESULT_FOR_GAP_01_OR_GAP_03","LEVEL_3_DISCOVERY_ONLY","NOT_SOUGHT_AFTER_TITLE_METADATA_SCREEN","","","NONE","","audit/phase2a1_raw_search_results/AC/PHASE2A1-SEARCH-0003_openalex.json","Final title/metadata-level false-positive disposition for this bounded A–C workstream; no substantive claim is drawn from the record."
"A1AC-0035","A-C","PHASE2A1-SEARCH-0003","2026-07-31","OpenAlex","Asymptotically exact nonparametric hypothesis testing in sup-norm and at a fixed point","Oleg Lepski; A. B. Tsybakov","2000","10.1007/s004400050265","https://openalex.org/W2058729597","A1-DUP-0034","A1AC-0035","UNIQUE_OCCURRENCE","AC","A1AC-DUP-0034","FALSE_POSITIVE","FALSE_POSITIVE","ASYMPTOTIC_TESTING_RESULT_NOT_NONASYMPTOTIC_FIXED_SAMPLE","ASYMPTOTIC_TESTING_RESULT_NOT_NONASYMPTOTIC_FIXED_SAMPLE","LEVEL_3_DISCOVERY_ONLY","NOT_SOUGHT_AFTER_TITLE_METADATA_SCREEN","","","NONE","","audit/phase2a1_raw_search_results/AC/PHASE2A1-SEARCH-0003_openalex.json","Final title/metadata-level false-positive disposition for this bounded A–C workstream; no substantive claim is drawn from the record."
"A1AC-0036","A-C","PHASE2A1-SEARCH-0003","2026-07-31","OpenAlex","Noise Enhanced Hypothesis-Testing in the Restricted Bayesian Framework","Suat Bayram; Sinan Gezici; H. Vincent Poor","2010","10.1109/tsp.2010.2048107","https://openalex.org/W2097117108","A1-DUP-0035","A1AC-0036","SOURCE_LEDGER_GROUP","AC","A1AC-DUP-0035","FALSE_POSITIVE","FALSE_POSITIVE","NO_DIRECT_FOUNDATIONAL_FIXED_SAMPLE_COMPOSITE_TEST_OR_MINIMAX_CONVERSE_RESULT_FOR_GAP_01_OR_GAP_03","NO_DIRECT_FOUNDATIONAL_FIXED_SAMPLE_COMPOSITE_TEST_OR_MINIMAX_CONVERSE_RESULT_FOR_GAP_01_OR_GAP_03","LEVEL_3_DISCOVERY_ONLY","NOT_SOUGHT_AFTER_TITLE_METADATA_SCREEN","","","NONE","","audit/phase2a1_raw_search_results/AC/PHASE2A1-SEARCH-0003_openalex.json","Final title/metadata-level false-positive disposition for this bounded A–C workstream; no substantive claim is drawn from the record."
"A1AC-0037","A-C","PHASE2A1-SEARCH-0003","2026-07-31","OpenAlex","Hypothesis testing by convex optimization","Alexander Goldenshluger; Anatoli Juditsky; Arkadi Nemirovski","2015","10.1214/15-ejs1054","https://openalex.org/W1742114735","A1-DUP-0036","A1AC-0037","SOURCE_LEDGER_GROUP","AC","A1AC-DUP-0036","FULL_TEXT_INCLUDED","FULL_TEXT_INCLUDED","","","LEVEL_1_LOAD_BEARING","AUTHOR_MANUSCRIPT_FULL_TEXT_INSPECTED","arxiv_1311.6765_source/hypotheses-arxiv-short_corrected.tex:269-376 (§2.1 and Theorem the1), 606-727 (§2.3 and Proposition propnonstI), 995-999 (Proposition theverylatestopt), 2933-3055 (proof and converse lemmas)","P0053","EXISTING_CORPUS_RECORD","NEW_CORPUS_CANDIDATE","audit/phase2a1_raw_search_results/AC/PHASE2A1-SEARCH-0003_openalex.json","Constructive fixed-sample uniform tests for convex compact composite families in good observation schemes; §2.3 covers independent heterogeneous products and gives a risk lower comparison."
"A1AC-0038","A-C","PHASE2A1-SEARCH-0003","2026-07-31","OpenAlex","Distributed testing and estimation under sparse high dimensional models","Heather Battey; Jianqing Fan; Han Liu; Junwei Lu; Ziwei Zhu","2018","10.1214/17-aos1587","https://openalex.org/W2801571965","A1-DUP-0037","A1AC-0038","UNIQUE_OCCURRENCE","AC","A1AC-DUP-0037","FALSE_POSITIVE","FALSE_POSITIVE","NO_DIRECT_FOUNDATIONAL_FIXED_SAMPLE_COMPOSITE_TEST_OR_MINIMAX_CONVERSE_RESULT_FOR_GAP_01_OR_GAP_03","NO_DIRECT_FOUNDATIONAL_FIXED_SAMPLE_COMPOSITE_TEST_OR_MINIMAX_CONVERSE_RESULT_FOR_GAP_01_OR_GAP_03","LEVEL_3_DISCOVERY_ONLY","NOT_SOUGHT_AFTER_TITLE_METADATA_SCREEN","","","NONE","","audit/phase2a1_raw_search_results/AC/PHASE2A1-SEARCH-0003_openalex.json","Final title/metadata-level false-positive disposition for this bounded A–C workstream; no substantive claim is drawn from the record."
"A1AC-0039","A-C","PHASE2A1-SEARCH-0003","2026-07-31","OpenAlex","On combinatorial testing problems","Louigi Addario‐Berry; Nicolas Broutin; Luc Devroye; Gábor Lugosi","2010","10.1214/10-aos817","https://openalex.org/W2166043450","A1-DUP-0038","A1AC-0039","SOURCE_LEDGER_GROUP;NORMALIZED_DOI","AC","A1AC-DUP-0038","FULL_TEXT_INCLUDED","FULL_TEXT_INCLUDED","","","LEVEL_1_LOAD_BEARING","AUTHOR_MANUSCRIPT_FULL_TEXT_INSPECTED","arxiv_0908.3437_source/aos817.tex:151-416 (§1 model), 417-670 (§2 upper bounds, Propositions average and maxtest), 671-948 (§3 lower bounds, Propositions universal, pairs, symmetric and negass)","P0054","EXISTING_CORPUS_RECORD","NEW_CORPUS_CANDIDATE","audit/phase2a1_raw_search_results/AC/PHASE2A1-SEARCH-0003_openalex.json","Fixed-sample constructive and converse results for specialized Gaussian combinatorial alternatives; risk averages over a finite alternative prior rather than uniformly controlling a continuous composite family."
"A1AC-0040","A-C","PHASE2A1-SEARCH-0003","2026-07-31","OpenAlex","Kernel Mean Embedding of Distributions: A Review and Beyond","Krikamol Muandet; Kenji Fukumizu; Bharath K. Sriperumbudur; Bernhard Schölkopf","2017","10.1561/2200000060","https://openalex.org/W2418306335","A1-DUP-0039","A1AC-0040","SOURCE_LEDGER_GROUP","AC","A1AC-DUP-0039","FALSE_POSITIVE","FALSE_POSITIVE","NO_DIRECT_FOUNDATIONAL_FIXED_SAMPLE_COMPOSITE_TEST_OR_MINIMAX_CONVERSE_RESULT_FOR_GAP_01_OR_GAP_03","NO_DIRECT_FOUNDATIONAL_FIXED_SAMPLE_COMPOSITE_TEST_OR_MINIMAX_CONVERSE_RESULT_FOR_GAP_01_OR_GAP_03","LEVEL_3_DISCOVERY_ONLY","NOT_SOUGHT_AFTER_TITLE_METADATA_SCREEN","","","NONE","","audit/phase2a1_raw_search_results/AC/PHASE2A1-SEARCH-0003_openalex.json","Final title/metadata-level false-positive disposition for this bounded A–C workstream; no substantive claim is drawn from the record."
"A1AC-0041","A-C","PHASE2A1-SEARCH-0003","2026-07-31","OpenAlex","Minimax nonparametric hypothesis testing for ellipsoids and Besov bodies","Yuri I. Ingster; Irina A. Suslina","2000","10.1051/ps:2000100","https://openalex.org/W2018629008","A1-DUP-0040","A1AC-0041","NORMALIZED_DOI","AC","A1AC-DUP-0040","FALSE_POSITIVE","FALSE_POSITIVE","ASYMPTOTIC_MINIMAX_SEPARATION_RESULT_NOT_NONASYMPTOTIC_FIXED_SAMPLE","ASYMPTOTIC_MINIMAX_SEPARATION_RESULT_NOT_NONASYMPTOTIC_FIXED_SAMPLE","LEVEL_3_DISCOVERY_ONLY","NOT_SOUGHT_AFTER_TITLE_METADATA_SCREEN","","","NONE","","audit/phase2a1_raw_search_results/AC/PHASE2A1-SEARCH-0003_openalex.json","Final title/metadata-level false-positive disposition for this bounded A–C workstream; no substantive claim is drawn from the record."
"A1AC-0042","A-C","PHASE2A1-SEARCH-0003","2026-07-31","OpenAlex","Adaptive minimax testing in the discrete regression scheme","Ghislaine Gayraud; Christophe Pouet","2005","10.1007/s00440-005-0445-4","https://openalex.org/W2007005543","A1-DUP-0041","A1AC-0042","UNIQUE_OCCURRENCE","AC","A1AC-DUP-0041","FALSE_POSITIVE","FALSE_POSITIVE","ASYMPTOTIC_ADAPTIVE_MINIMAX_RATE_RESULT_NOT_NONASYMPTOTIC_FIXED_SAMPLE","ASYMPTOTIC_ADAPTIVE_MINIMAX_RATE_RESULT_NOT_NONASYMPTOTIC_FIXED_SAMPLE","LEVEL_3_DISCOVERY_ONLY","NOT_SOUGHT_AFTER_TITLE_METADATA_SCREEN","","","NONE","","audit/phase2a1_raw_search_results/AC/PHASE2A1-SEARCH-0003_openalex.json","Final title/metadata-level false-positive disposition for this bounded A–C workstream; no substantive claim is drawn from the record."
"A1AC-0043","A-C","PHASE2A1-SEARCH-0003","2026-07-31","OpenAlex","The geometry of hypothesis testing over convex cones: Generalized likelihood ratio tests and minimax radii","Yuting Wei; Martin J. Wainwright; Adityanand Guntuboyina","2019","10.1214/18-aos1701","https://openalex.org/W2604164964","A1-DUP-0042","A1AC-0043","SOURCE_LEDGER_GROUP","AC","A1AC-DUP-0042","FULL_TEXT_INCLUDED","FULL_TEXT_INCLUDED","","","LEVEL_1_LOAD_BEARING","AUTHOR_MANUSCRIPT_FULL_TEXT_INSPECTED","arxiv_1703.06810_source/Full_GLRT.tex:674-810 (fixed Gaussian model and uniform-error/minimax-radius definitions), 1079-1165 (Theorem ThmGLRT), 1668-1738 (Theorem ThmLBGen), 2268-2421 (lower-bound proof)","P0055","EXISTING_CORPUS_RECORD","NEW_CORPUS_CANDIDATE","audit/phase2a1_raw_search_results/AC/PHASE2A1-SEARCH-0003_openalex.json","Nonasymptotic constructive GLRT and information-theoretic lower bound for nested closed convex cones under Gaussian sequence observations; not a general nonlinear nonconvex-family result."
"A1AC-0044","A-C","PHASE2A1-SEARCH-0003","2026-07-31","OpenAlex","The hardness of conditional independence testing and the generalised covariance measure","Rajen D. Shah; Jonas Peters","2020","10.1214/19-aos1857","https://openalex.org/W2797510035","A1-DUP-0043","A1AC-0044","UNIQUE_OCCURRENCE","AC","A1AC-DUP-0043","FALSE_POSITIVE","FALSE_POSITIVE","NO_DIRECT_FOUNDATIONAL_FIXED_SAMPLE_COMPOSITE_TEST_OR_MINIMAX_CONVERSE_RESULT_FOR_GAP_01_OR_GAP_03","NO_DIRECT_FOUNDATIONAL_FIXED_SAMPLE_COMPOSITE_TEST_OR_MINIMAX_CONVERSE_RESULT_FOR_GAP_01_OR_GAP_03","LEVEL_3_DISCOVERY_ONLY","NOT_SOUGHT_AFTER_TITLE_METADATA_SCREEN","","","NONE","","audit/phase2a1_raw_search_results/AC/PHASE2A1-SEARCH-0003_openalex.json","Final title/metadata-level false-positive disposition for this bounded A–C workstream; no substantive claim is drawn from the record."
"A1AC-0045","A-C","PHASE2A1-SEARCH-0003","2026-07-31","OpenAlex","Using Stacking to Average Bayesian Predictive Distributions (with Discussion)","Yuling Yao; Aki Vehtari; Daniel Simpson; Andrew Gelman","2018","10.1214/17-ba1091","https://openalex.org/W2605947465","A1-DUP-0044","A1AC-0045","SOURCE_LEDGER_GROUP","AC","A1AC-DUP-0044","FALSE_POSITIVE","FALSE_POSITIVE","NO_DIRECT_FOUNDATIONAL_FIXED_SAMPLE_COMPOSITE_TEST_OR_MINIMAX_CONVERSE_RESULT_FOR_GAP_01_OR_GAP_03","NO_DIRECT_FOUNDATIONAL_FIXED_SAMPLE_COMPOSITE_TEST_OR_MINIMAX_CONVERSE_RESULT_FOR_GAP_01_OR_GAP_03","LEVEL_3_DISCOVERY_ONLY","NOT_SOUGHT_AFTER_TITLE_METADATA_SCREEN","","","NONE","","audit/phase2a1_raw_search_results/AC/PHASE2A1-SEARCH-0003_openalex.json","Final title/metadata-level false-positive disposition for this bounded A–C workstream; no substantive claim is drawn from the record."
"A1AC-0046","A-C","PHASE2A1-SEARCH-0004","2026-07-31","Crossref","Hypothesis testing of equality between exponential distributions with matched sets","Kung-Jong Lui","1997","10.1109/24.589952","10.1109/24.589952","A1-DUP-0045","A1AC-0046","UNIQUE_OCCURRENCE","AC","A1AC-DUP-0045","FALSE_POSITIVE","FALSE_POSITIVE","NO_DIRECT_FOUNDATIONAL_FIXED_SAMPLE_COMPOSITE_TEST_OR_MINIMAX_CONVERSE_RESULT_FOR_GAP_01_OR_GAP_03","NO_DIRECT_FOUNDATIONAL_FIXED_SAMPLE_COMPOSITE_TEST_OR_MINIMAX_CONVERSE_RESULT_FOR_GAP_01_OR_GAP_03","LEVEL_3_DISCOVERY_ONLY","NOT_SOUGHT_AFTER_TITLE_METADATA_SCREEN","","","NONE","","audit/phase2a1_raw_search_results/AC/PHASE2A1-SEARCH-0004_crossref.json","Final title/metadata-level false-positive disposition for this bounded A–C workstream; no substantive claim is drawn from the record."
"A1AC-0047","A-C","PHASE2A1-SEARCH-0004","2026-07-31","Crossref","The geometry of hypothesis testing over convex cones: Generalized likelihood ratio tests and minimax radii","Yuting Wei; Martin J. Wainwright; Adityanand Guntuboyina","2019","10.1214/18-aos1701","10.1214/18-aos1701","A1-DUP-0042","A1AC-0043","SOURCE_LEDGER_GROUP","AC","A1AC-DUP-0042","DUPLICATE","DUPLICATE","DUPLICATE_OF_A1AC-0043","DUPLICATE_OF_A1AC-0043","LEVEL_3_DISCOVERY_ONLY","NOT_APPLICABLE","","","DUPLICATE_OF_EXISTING_CORPUS","","audit/phase2a1_raw_search_results/AC/PHASE2A1-SEARCH-0004_crossref.json","Duplicate prospective occurrence; the first occurrence carries the evidence decision."
"A1AC-0048","A-C","PHASE2A1-SEARCH-0004","2026-07-31","Crossref","Non-Convex Robust Hypothesis Testing Using Sinkhorn Uncertainty Sets","Jie Wang; Rui Gao; Yao Xie","2024","10.1109/isit57864.2024.10619088","10.1109/isit57864.2024.10619088","A1-DUP-0046","A1AC-0048","SOURCE_LEDGER_GROUP","AC","A1AC-DUP-0046","FALSE_POSITIVE","FALSE_POSITIVE","NO_DIRECT_FOUNDATIONAL_FIXED_SAMPLE_COMPOSITE_TEST_OR_MINIMAX_CONVERSE_RESULT_FOR_GAP_01_OR_GAP_03","NO_DIRECT_FOUNDATIONAL_FIXED_SAMPLE_COMPOSITE_TEST_OR_MINIMAX_CONVERSE_RESULT_FOR_GAP_01_OR_GAP_03","LEVEL_3_DISCOVERY_ONLY","NOT_SOUGHT_AFTER_TITLE_METADATA_SCREEN","","","NONE","","audit/phase2a1_raw_search_results/AC/PHASE2A1-SEARCH-0004_crossref.json","Final title/metadata-level false-positive disposition for this bounded A–C workstream; no substantive claim is drawn from the record."
"A1AC-0049","A-C","PHASE2A1-SEARCH-0004","2026-07-31","Crossref","Graphing Sample Distributions for Hypothesis Testing","","2021","10.4135/9781529630213.n2","10.4135/9781529630213.n2","A1-DUP-0016","A1AC-0016","SOURCE_LEDGER_GROUP;NORMALIZED_DOI","AC","A1AC-DUP-0016","DUPLICATE","DUPLICATE","DUPLICATE_OF_A1AC-0016","DUPLICATE_OF_A1AC-0016","LEVEL_3_DISCOVERY_ONLY","NOT_APPLICABLE","","","NONE","","audit/phase2a1_raw_search_results/AC/PHASE2A1-SEARCH-0004_crossref.json","Duplicate prospective occurrence; the first occurrence carries the evidence decision."
"A1AC-0050","A-C","PHASE2A1-SEARCH-0004","2026-07-31","Crossref","Minimax Decentralized Hypothesis Testing","Gökhan Gül","2017","10.1007/978-3-319-49286-5_7","10.1007/978-3-319-49286-5_7","A1-DUP-0047","A1AC-0050","SOURCE_LEDGER_GROUP;NORMALIZED_DOI","AC","A1AC-DUP-0047","FULL_TEXT_UNAVAILABLE","FULL_TEXT_UNAVAILABLE","NO_LEGALLY_ACCESSIBLE_INSPECTABLE_PRIMARY_FULL_TEXT_OBTAINED_IN_BOUNDED_RETRIEVAL","NO_LEGALLY_ACCESSIBLE_INSPECTABLE_PRIMARY_FULL_TEXT_OBTAINED_IN_BOUNDED_RETRIEVAL","LEVEL_3_DISCOVERY_ONLY","FULL_TEXT_NOT_OBTAINED_OR_NOT_INSPECTABLE","","","NONE","","audit/phase2a1_raw_search_results/AC/PHASE2A1-SEARCH-0004_crossref.json","Potentially relevant foundational source retained without guarantee coding; it cannot support a substantive synthesis conclusion."
"A1AC-0051","A-C","PHASE2A1-SEARCH-0004","2026-07-31","Crossref","Randomizations, Null Distributions, and Hypothesis Testing","Marc W. Cadotte; T. Jonathan Davies","2016","10.23943/princeton/9780691157689.003.0004","10.23943/princeton/9780691157689.003.0004","A1-DUP-0048","A1AC-0051","UNIQUE_OCCURRENCE","AC","A1AC-DUP-0048","FALSE_POSITIVE","FALSE_POSITIVE","NO_DIRECT_FOUNDATIONAL_FIXED_SAMPLE_COMPOSITE_TEST_OR_MINIMAX_CONVERSE_RESULT_FOR_GAP_01_OR_GAP_03","NO_DIRECT_FOUNDATIONAL_FIXED_SAMPLE_COMPOSITE_TEST_OR_MINIMAX_CONVERSE_RESULT_FOR_GAP_01_OR_GAP_03","LEVEL_3_DISCOVERY_ONLY","NOT_SOUGHT_AFTER_TITLE_METADATA_SCREEN","","","NONE","","audit/phase2a1_raw_search_results/AC/PHASE2A1-SEARCH-0004_crossref.json","Final title/metadata-level false-positive disposition for this bounded A–C workstream; no substantive claim is drawn from the record."
"A1AC-0052","A-C","PHASE2A1-SEARCH-0004","2026-07-31","Crossref","Hypothesis Testing","","2020","10.2307/j.ctvqsdxqd.10","10.2307/j.ctvqsdxqd.10","A1-DUP-0049","A1AC-0052","UNIQUE_OCCURRENCE","AC","A1AC-DUP-0049","FALSE_POSITIVE","FALSE_POSITIVE","NO_DIRECT_FOUNDATIONAL_FIXED_SAMPLE_COMPOSITE_TEST_OR_MINIMAX_CONVERSE_RESULT_FOR_GAP_01_OR_GAP_03","NO_DIRECT_FOUNDATIONAL_FIXED_SAMPLE_COMPOSITE_TEST_OR_MINIMAX_CONVERSE_RESULT_FOR_GAP_01_OR_GAP_03","LEVEL_3_DISCOVERY_ONLY","NOT_SOUGHT_AFTER_TITLE_METADATA_SCREEN","","","NONE","","audit/phase2a1_raw_search_results/AC/PHASE2A1-SEARCH-0004_crossref.json","Final title/metadata-level false-positive disposition for this bounded A–C workstream; no substantive claim is drawn from the record."
"A1AC-0053","A-C","PHASE2A1-SEARCH-0004","2026-07-31","Crossref","Transforming probability distributions into membership functions of fuzzy classes: A hypothesis test approach","Marco Pota; Massimo Esposito; Giuseppe De Pietro","2013","10.1016/j.fss.2013.03.013","10.1016/j.fss.2013.03.013","A1-DUP-0050","A1AC-0053","UNIQUE_OCCURRENCE","AC","A1AC-DUP-0050","FALSE_POSITIVE","FALSE_POSITIVE","NO_DIRECT_FOUNDATIONAL_FIXED_SAMPLE_COMPOSITE_TEST_OR_MINIMAX_CONVERSE_RESULT_FOR_GAP_01_OR_GAP_03","NO_DIRECT_FOUNDATIONAL_FIXED_SAMPLE_COMPOSITE_TEST_OR_MINIMAX_CONVERSE_RESULT_FOR_GAP_01_OR_GAP_03","LEVEL_3_DISCOVERY_ONLY","NOT_SOUGHT_AFTER_TITLE_METADATA_SCREEN","","","NONE","","audit/phase2a1_raw_search_results/AC/PHASE2A1-SEARCH-0004_crossref.json","Final title/metadata-level false-positive disposition for this bounded A–C workstream; no substantive claim is drawn from the record."
"A1AC-0054","A-C","PHASE2A1-SEARCH-0004","2026-07-31","Crossref","Hypothesis Testing","John Stillwell","2019","10.23943/princeton/9780691197296.003.0002","10.23943/princeton/9780691197296.003.0002","A1-DUP-0051","A1AC-0054","UNIQUE_OCCURRENCE","AC","A1AC-DUP-0051","FALSE_POSITIVE","FALSE_POSITIVE","NO_DIRECT_FOUNDATIONAL_FIXED_SAMPLE_COMPOSITE_TEST_OR_MINIMAX_CONVERSE_RESULT_FOR_GAP_01_OR_GAP_03","NO_DIRECT_FOUNDATIONAL_FIXED_SAMPLE_COMPOSITE_TEST_OR_MINIMAX_CONVERSE_RESULT_FOR_GAP_01_OR_GAP_03","LEVEL_3_DISCOVERY_ONLY","NOT_SOUGHT_AFTER_TITLE_METADATA_SCREEN","","","NONE","","audit/phase2a1_raw_search_results/AC/PHASE2A1-SEARCH-0004_crossref.json","Final title/metadata-level false-positive disposition for this bounded A–C workstream; no substantive claim is drawn from the record."
"A1AC-0055","A-C","PHASE2A1-SEARCH-0004","2026-07-31","Crossref","2. Hypothesis Testing","","2020","10.1515/9780691200316-008","10.1515/9780691200316-008","A1-DUP-0052","A1AC-0055","UNIQUE_OCCURRENCE","AC","A1AC-DUP-0052","FALSE_POSITIVE","FALSE_POSITIVE","NO_DIRECT_FOUNDATIONAL_FIXED_SAMPLE_COMPOSITE_TEST_OR_MINIMAX_CONVERSE_RESULT_FOR_GAP_01_OR_GAP_03","NO_DIRECT_FOUNDATIONAL_FIXED_SAMPLE_COMPOSITE_TEST_OR_MINIMAX_CONVERSE_RESULT_FOR_GAP_01_OR_GAP_03","LEVEL_3_DISCOVERY_ONLY","NOT_SOUGHT_AFTER_TITLE_METADATA_SCREEN","","","NONE","","audit/phase2a1_raw_search_results/AC/PHASE2A1-SEARCH-0004_crossref.json","Final title/metadata-level false-positive disposition for this bounded A–C workstream; no substantive claim is drawn from the record."
"A1AC-0056","A-C","PHASE2A1-SEARCH-0004","2026-07-31","Crossref","Minimax Hypothesis Testing about the Density Support","Ghislaine Gayraud","2001","10.2307/3318499","10.2307/3318499","A1-DUP-0053","A1AC-0056","SOURCE_LEDGER_GROUP;NORMALIZED_DOI","AC","A1AC-DUP-0053","FULL_TEXT_UNAVAILABLE","FULL_TEXT_UNAVAILABLE","NO_LEGALLY_ACCESSIBLE_INSPECTABLE_PRIMARY_FULL_TEXT_OBTAINED_IN_BOUNDED_RETRIEVAL","NO_LEGALLY_ACCESSIBLE_INSPECTABLE_PRIMARY_FULL_TEXT_OBTAINED_IN_BOUNDED_RETRIEVAL","LEVEL_3_DISCOVERY_ONLY","FULL_TEXT_NOT_OBTAINED_OR_NOT_INSPECTABLE","","","NONE","","audit/phase2a1_raw_search_results/AC/PHASE2A1-SEARCH-0004_crossref.json","Potentially relevant foundational source retained without guarantee coding; it cannot support a substantive synthesis conclusion."
"A1AC-0057","A-C","PHASE2A1-SEARCH-0004","2026-07-31","Crossref","Sets with convex sections and a minimax theorem","","1985","10.1017/cbo9780511625756.017","10.1017/cbo9780511625756.017","A1-DUP-0054","A1AC-0057","UNIQUE_OCCURRENCE","AC","A1AC-DUP-0054","FALSE_POSITIVE","FALSE_POSITIVE","NO_DIRECT_FOUNDATIONAL_FIXED_SAMPLE_COMPOSITE_TEST_OR_MINIMAX_CONVERSE_RESULT_FOR_GAP_01_OR_GAP_03","NO_DIRECT_FOUNDATIONAL_FIXED_SAMPLE_COMPOSITE_TEST_OR_MINIMAX_CONVERSE_RESULT_FOR_GAP_01_OR_GAP_03","LEVEL_3_DISCOVERY_ONLY","NOT_SOUGHT_AFTER_TITLE_METADATA_SCREEN","","","NONE","","audit/phase2a1_raw_search_results/AC/PHASE2A1-SEARCH-0004_crossref.json","Final title/metadata-level false-positive disposition for this bounded A–C workstream; no substantive claim is drawn from the record."
"A1AC-0058","A-C","PHASE2A1-SEARCH-0004","2026-07-31","Crossref","A Minimax Model for Generalized Penetration Distance Between Convex Sets by Directed Hausdorff Distance","Yanfei Wen; Wenxing Zhang","2022","10.1109/lra.2022.3166111","10.1109/lra.2022.3166111","A1-DUP-0055","A1AC-0058","UNIQUE_OCCURRENCE","AC","A1AC-DUP-0055","FALSE_POSITIVE","FALSE_POSITIVE","NO_DIRECT_FOUNDATIONAL_FIXED_SAMPLE_COMPOSITE_TEST_OR_MINIMAX_CONVERSE_RESULT_FOR_GAP_01_OR_GAP_03","NO_DIRECT_FOUNDATIONAL_FIXED_SAMPLE_COMPOSITE_TEST_OR_MINIMAX_CONVERSE_RESULT_FOR_GAP_01_OR_GAP_03","LEVEL_3_DISCOVERY_ONLY","NOT_SOUGHT_AFTER_TITLE_METADATA_SCREEN","","","NONE","","audit/phase2a1_raw_search_results/AC/PHASE2A1-SEARCH-0004_crossref.json","Final title/metadata-level false-positive disposition for this bounded A–C workstream; no substantive claim is drawn from the record."
"A1AC-0059","A-C","PHASE2A1-SEARCH-0004","2026-07-31","Crossref","On minimax principles and sets with convex sections","E. Tarafdar","2022","10.5486/pmd.1982.29.3-4.01","10.5486/pmd.1982.29.3-4.01","A1-DUP-0056","A1AC-0059","UNIQUE_OCCURRENCE","AC","A1AC-DUP-0056","FALSE_POSITIVE","FALSE_POSITIVE","NO_DIRECT_FOUNDATIONAL_FIXED_SAMPLE_COMPOSITE_TEST_OR_MINIMAX_CONVERSE_RESULT_FOR_GAP_01_OR_GAP_03","NO_DIRECT_FOUNDATIONAL_FIXED_SAMPLE_COMPOSITE_TEST_OR_MINIMAX_CONVERSE_RESULT_FOR_GAP_01_OR_GAP_03","LEVEL_3_DISCOVERY_ONLY","NOT_SOUGHT_AFTER_TITLE_METADATA_SCREEN","","","NONE","","audit/phase2a1_raw_search_results/AC/PHASE2A1-SEARCH-0004_crossref.json","Final title/metadata-level false-positive disposition for this bounded A–C workstream; no substantive claim is drawn from the record."
"A1AC-0060","A-C","PHASE2A1-SEARCH-0004","2026-07-31","Crossref","Testing the hypothesis of a block compound symmetric covariance matrix for elliptically contoured distributions","Carlos A. Coelho; Anuradha Roy","2017","10.1007/s11749-016-0512-4","10.1007/s11749-016-0512-4","A1-DUP-0057","A1AC-0060","UNIQUE_OCCURRENCE","AC","A1AC-DUP-0057","FALSE_POSITIVE","FALSE_POSITIVE","NO_DIRECT_FOUNDATIONAL_FIXED_SAMPLE_COMPOSITE_TEST_OR_MINIMAX_CONVERSE_RESULT_FOR_GAP_01_OR_GAP_03","NO_DIRECT_FOUNDATIONAL_FIXED_SAMPLE_COMPOSITE_TEST_OR_MINIMAX_CONVERSE_RESULT_FOR_GAP_01_OR_GAP_03","LEVEL_3_DISCOVERY_ONLY","NOT_SOUGHT_AFTER_TITLE_METADATA_SCREEN","","","NONE","","audit/phase2a1_raw_search_results/AC/PHASE2A1-SEARCH-0004_crossref.json","Final title/metadata-level false-positive disposition for this bounded A–C workstream; no substantive claim is drawn from the record."
"A1AC-0061","A-C","PHASE2A1-SEARCH-0005","2026-07-31","OpenAlex","Data-Driven Distributionally Robust Optimization Using the Wasserstein Metric: Performance Guarantees and Tractable Reformulations","Peyman Mohajerin Esfahani; Daniel Kühn","2017","10.1007/s10107-017-1172-1","https://openalex.org/W2963450292","A1-DUP-0031","A1AC-0031","SOURCE_LEDGER_GROUP;NORMALIZED_DOI","AC","A1AC-DUP-0031","DUPLICATE","DUPLICATE","DUPLICATE_OF_A1AC-0031","DUPLICATE_OF_A1AC-0031","LEVEL_3_DISCOVERY_ONLY","NOT_APPLICABLE","","","NONE","","audit/phase2a1_raw_search_results/AC/PHASE2A1-SEARCH-0005_openalex.json","Duplicate prospective occurrence; the first occurrence carries the evidence decision."
"A1AC-0062","A-C","PHASE2A1-SEARCH-0005","2026-07-31","OpenAlex","Bayesian model averaging: a tutorial (with comments by M. Clyde, David Draper and E. I. George, and a rejoinder by the authors","Jennifer A. Hoeting; David Madigan; Adrian E. Raftery; Chris Volinsky","1999","10.1214/ss/1009212519","https://openalex.org/W1603903339","A1-DUP-0058","A1AC-0062","NORMALIZED_DOI","AC","A1AC-DUP-0058","FALSE_POSITIVE","FALSE_POSITIVE","NO_DIRECT_FOUNDATIONAL_FIXED_SAMPLE_COMPOSITE_TEST_OR_MINIMAX_CONVERSE_RESULT_FOR_GAP_01_OR_GAP_03","NO_DIRECT_FOUNDATIONAL_FIXED_SAMPLE_COMPOSITE_TEST_OR_MINIMAX_CONVERSE_RESULT_FOR_GAP_01_OR_GAP_03","LEVEL_3_DISCOVERY_ONLY","NOT_SOUGHT_AFTER_TITLE_METADATA_SCREEN","","","NONE","","audit/phase2a1_raw_search_results/AC/PHASE2A1-SEARCH-0005_openalex.json","Final title/metadata-level false-positive disposition for this bounded A–C workstream; no substantive claim is drawn from the record."
"A1AC-0063","A-C","PHASE2A1-SEARCH-0005","2026-07-31","OpenAlex","Robustness and generalization","Huan Xu; Shie Mannor","2011","10.1007/s10994-011-5268-1","https://openalex.org/W1892947258","A1-DUP-0059","A1AC-0063","UNIQUE_OCCURRENCE","AC","A1AC-DUP-0059","FALSE_POSITIVE","FALSE_POSITIVE","NO_DIRECT_FOUNDATIONAL_FIXED_SAMPLE_COMPOSITE_TEST_OR_MINIMAX_CONVERSE_RESULT_FOR_GAP_01_OR_GAP_03","NO_DIRECT_FOUNDATIONAL_FIXED_SAMPLE_COMPOSITE_TEST_OR_MINIMAX_CONVERSE_RESULT_FOR_GAP_01_OR_GAP_03","LEVEL_3_DISCOVERY_ONLY","NOT_SOUGHT_AFTER_TITLE_METADATA_SCREEN","","","NONE","","audit/phase2a1_raw_search_results/AC/PHASE2A1-SEARCH-0005_openalex.json","Final title/metadata-level false-positive disposition for this bounded A–C workstream; no substantive claim is drawn from the record."
"A1AC-0064","A-C","PHASE2A1-SEARCH-0005","2026-07-31","OpenAlex","Frameworks and Results in Distributionally Robust Optimization","Hamed Rahimian; Sanjay Mehrotra","2022","10.5802/ojmo.15","https://openalex.org/W4288066793","A1-DUP-0060","A1AC-0064","UNIQUE_OCCURRENCE","AC","A1AC-DUP-0060","FALSE_POSITIVE","FALSE_POSITIVE","NO_DIRECT_FOUNDATIONAL_FIXED_SAMPLE_COMPOSITE_TEST_OR_MINIMAX_CONVERSE_RESULT_FOR_GAP_01_OR_GAP_03","NO_DIRECT_FOUNDATIONAL_FIXED_SAMPLE_COMPOSITE_TEST_OR_MINIMAX_CONVERSE_RESULT_FOR_GAP_01_OR_GAP_03","LEVEL_3_DISCOVERY_ONLY","NOT_SOUGHT_AFTER_TITLE_METADATA_SCREEN","","","NONE","","audit/phase2a1_raw_search_results/AC/PHASE2A1-SEARCH-0005_openalex.json","Final title/metadata-level false-positive disposition for this bounded A–C workstream; no substantive claim is drawn from the record."
"A1AC-0065","A-C","PHASE2A1-SEARCH-0005","2026-07-31","OpenAlex","Data-driven distributionally robust optimization using the Wasserstein metric: performance guarantees and tractable reformulations","Peyman Mohajerin Esfahani; Daniel Kühn","2017","10.1007/s10107-017-1172-1","https://openalex.org/W1712265143","A1-DUP-0031","A1AC-0031","SOURCE_LEDGER_GROUP;NORMALIZED_DOI","AC","A1AC-DUP-0031","DUPLICATE","DUPLICATE","DUPLICATE_OF_A1AC-0031","DUPLICATE_OF_A1AC-0031","LEVEL_3_DISCOVERY_ONLY","NOT_APPLICABLE","","","NONE","","audit/phase2a1_raw_search_results/AC/PHASE2A1-SEARCH-0005_openalex.json","Duplicate prospective occurrence; the first occurrence carries the evidence decision."
"A1AC-0066","A-C","PHASE2A1-SEARCH-0005","2026-07-31","OpenAlex","The Synchrosqueezing algorithm for time-varying spectral analysis: Robustness properties and new paleoclimate applications","Gaurav Thakur; Eugene Brevdo; Neven S. Fučkar; Hau‐Tieng Wu","2012","10.1016/j.sigpro.2012.11.029","https://openalex.org/W2081986197","A1-DUP-0061","A1AC-0066","UNIQUE_OCCURRENCE","AC","A1AC-DUP-0061","FALSE_POSITIVE","FALSE_POSITIVE","NO_DIRECT_FOUNDATIONAL_FIXED_SAMPLE_COMPOSITE_TEST_OR_MINIMAX_CONVERSE_RESULT_FOR_GAP_01_OR_GAP_03","NO_DIRECT_FOUNDATIONAL_FIXED_SAMPLE_COMPOSITE_TEST_OR_MINIMAX_CONVERSE_RESULT_FOR_GAP_01_OR_GAP_03","LEVEL_3_DISCOVERY_ONLY","NOT_SOUGHT_AFTER_TITLE_METADATA_SCREEN","","","NONE","","audit/phase2a1_raw_search_results/AC/PHASE2A1-SEARCH-0005_openalex.json","Final title/metadata-level false-positive disposition for this bounded A–C workstream; no substantive claim is drawn from the record."
"A1AC-0067","A-C","PHASE2A1-SEARCH-0005","2026-07-31","OpenAlex","Using Stacking to Average Bayesian Predictive Distributions (with Discussion)","Yuling Yao; Aki Vehtari; Daniel Simpson; Andrew Gelman","2018","10.1214/17-ba1091","https://openalex.org/W2605947465","A1-DUP-0044","A1AC-0045","SOURCE_LEDGER_GROUP","AC","A1AC-DUP-0044","DUPLICATE","DUPLICATE","DUPLICATE_OF_A1AC-0045","DUPLICATE_OF_A1AC-0045","LEVEL_3_DISCOVERY_ONLY","NOT_APPLICABLE","","","NONE","","audit/phase2a1_raw_search_results/AC/PHASE2A1-SEARCH-0005_openalex.json","Duplicate prospective occurrence; the first occurrence carries the evidence decision."
"A1AC-0068","A-C","PHASE2A1-SEARCH-0005","2026-07-31","OpenAlex","Distributionally robust optimization with decision dependent ambiguity sets","Fengqiao Luo; Sanjay Mehrotra","2020","10.1007/s11590-020-01574-3","https://openalex.org/W3015953475","A1-DUP-0062","A1AC-0068","UNIQUE_OCCURRENCE","AC","A1AC-DUP-0062","FALSE_POSITIVE","FALSE_POSITIVE","NO_DIRECT_FOUNDATIONAL_FIXED_SAMPLE_COMPOSITE_TEST_OR_MINIMAX_CONVERSE_RESULT_FOR_GAP_01_OR_GAP_03","NO_DIRECT_FOUNDATIONAL_FIXED_SAMPLE_COMPOSITE_TEST_OR_MINIMAX_CONVERSE_RESULT_FOR_GAP_01_OR_GAP_03","LEVEL_3_DISCOVERY_ONLY","NOT_SOUGHT_AFTER_TITLE_METADATA_SCREEN","","","NONE","","audit/phase2a1_raw_search_results/AC/PHASE2A1-SEARCH-0005_openalex.json","Final title/metadata-level false-positive disposition for this bounded A–C workstream; no substantive claim is drawn from the record."
"A1AC-0069","A-C","PHASE2A1-SEARCH-0005","2026-07-31","OpenAlex","Kernel Mean Embedding of Distributions: A Review and Beyond","Krikamol Muandet; Kenji Fukumizu; Bharath K. Sriperumbudur; Bernhard Schölkopf","2017","10.1561/2200000060","https://openalex.org/W2418306335","A1-DUP-0039","A1AC-0040","SOURCE_LEDGER_GROUP","AC","A1AC-DUP-0039","DUPLICATE","DUPLICATE","DUPLICATE_OF_A1AC-0040","DUPLICATE_OF_A1AC-0040","LEVEL_3_DISCOVERY_ONLY","NOT_APPLICABLE","","","NONE","","audit/phase2a1_raw_search_results/AC/PHASE2A1-SEARCH-0005_openalex.json","Duplicate prospective occurrence; the first occurrence carries the evidence decision."
"A1AC-0070","A-C","PHASE2A1-SEARCH-0005","2026-07-31","OpenAlex","Learning models with uniform performance via distributionally robust optimization","John C. Duchi; Hongseok Namkoong","2021","10.1214/20-aos2004","https://openalex.org/W2896534181","A1-DUP-0063","A1AC-0070","SOURCE_LEDGER_GROUP;NORMALIZED_DOI","AC","A1AC-DUP-0063","FALSE_POSITIVE","FALSE_POSITIVE","NO_DIRECT_FOUNDATIONAL_FIXED_SAMPLE_COMPOSITE_TEST_OR_MINIMAX_CONVERSE_RESULT_FOR_GAP_01_OR_GAP_03","NO_DIRECT_FOUNDATIONAL_FIXED_SAMPLE_COMPOSITE_TEST_OR_MINIMAX_CONVERSE_RESULT_FOR_GAP_01_OR_GAP_03","LEVEL_3_DISCOVERY_ONLY","NOT_SOUGHT_AFTER_TITLE_METADATA_SCREEN","","","NONE","","audit/phase2a1_raw_search_results/AC/PHASE2A1-SEARCH-0005_openalex.json","Final title/metadata-level false-positive disposition for this bounded A–C workstream; no substantive claim is drawn from the record."
"A1AC-0071","A-C","PHASE2A1-SEARCH-0005","2026-07-31","OpenAlex","Distributionally robust optimization","Daniel Kühn; Soroosh Shafieezadeh-Abadeh; Wolfram Wiesemann","2025","10.1017/s0962492924000084","https://openalex.org/W4411917733","A1-DUP-0064","A1AC-0071","SOURCE_LEDGER_GROUP","AC","A1AC-DUP-0064","FALSE_POSITIVE","FALSE_POSITIVE","NO_DIRECT_FOUNDATIONAL_FIXED_SAMPLE_COMPOSITE_TEST_OR_MINIMAX_CONVERSE_RESULT_FOR_GAP_01_OR_GAP_03","NO_DIRECT_FOUNDATIONAL_FIXED_SAMPLE_COMPOSITE_TEST_OR_MINIMAX_CONVERSE_RESULT_FOR_GAP_01_OR_GAP_03","LEVEL_3_DISCOVERY_ONLY","NOT_SOUGHT_AFTER_TITLE_METADATA_SCREEN","","","NONE","","audit/phase2a1_raw_search_results/AC/PHASE2A1-SEARCH-0005_openalex.json","Final title/metadata-level false-positive disposition for this bounded A–C workstream; no substantive claim is drawn from the record."
"A1AC-0072","A-C","PHASE2A1-SEARCH-0005","2026-07-31","OpenAlex","Noise Enhanced Hypothesis-Testing in the Restricted Bayesian Framework","Suat Bayram; Sinan Gezici; H. Vincent Poor","2010","10.1109/tsp.2010.2048107","https://openalex.org/W2097117108","A1-DUP-0035","A1AC-0036","SOURCE_LEDGER_GROUP","AC","A1AC-DUP-0035","DUPLICATE","DUPLICATE","DUPLICATE_OF_A1AC-0036","DUPLICATE_OF_A1AC-0036","LEVEL_3_DISCOVERY_ONLY","NOT_APPLICABLE","","","NONE","","audit/phase2a1_raw_search_results/AC/PHASE2A1-SEARCH-0005_openalex.json","Duplicate prospective occurrence; the first occurrence carries the evidence decision."
"A1AC-0073","A-C","PHASE2A1-SEARCH-0005","2026-07-31","OpenAlex","Misspecified and Asymptotically Minimax Robust Quickest Change Detection","Timothy L. Molloy; Jason Ford","2017","10.1109/tsp.2017.2740202","https://openalex.org/W2746438449","A1-DUP-0065","A1AC-0073","UNIQUE_OCCURRENCE","AC","A1AC-DUP-0065","FALSE_POSITIVE","FALSE_POSITIVE","SEQUENTIAL_QUICKEST_CHANGE_DETECTION_NOT_FIXED_SAMPLE","SEQUENTIAL_QUICKEST_CHANGE_DETECTION_NOT_FIXED_SAMPLE","LEVEL_3_DISCOVERY_ONLY","NOT_SOUGHT_AFTER_TITLE_METADATA_SCREEN","","","NONE","","audit/phase2a1_raw_search_results/AC/PHASE2A1-SEARCH-0005_openalex.json","Final title/metadata-level false-positive disposition for this bounded A–C workstream; no substantive claim is drawn from the record."
"A1AC-0074","A-C","PHASE2A1-SEARCH-0005","2026-07-31","OpenAlex","Advances and Open Problems in Federated Learning","Peter Kairouz; H. Brendan McMahan; Brendan Avent; Aurélien Bellet; Mehdi Bennis; Arjun Nitin Bhagoji; Kallista Bonawitz; Zachary Charles; Graham Cormode; Rachel Cummings; Rafael G. L. D’Oliveira; Hubert Eichner; Salim El Rouayheb; David Evans; Joshua Gardner; Zachary Garrett; Adrià Gascón; Badih Ghazi; Phillip B. Gibbons; Marco Gruteser; Zaïd Harchaoui; Chaoyang He; Lingxiao He; Zhouyuan Huo; Ben Hutchinson; Justin Hsu; Martin Jaggi; Tara Javidi; Gauri Joshi; Mikhail Khodak; Jakub Konečný; Aleksandra Korolova; Farinaz Koushanfar; Sanmi Koyejo; Tancrède Lepoint; Yang Liu; Prateek Mittal; Mehryar Mohri; Richard Nock; Ayfer Özgür; Rasmus Pagh; Hang Qi; Daniel Ramage; Ramesh Raskar; Mariana Raykova; Dawn Song; Weikang Song; Sebastian U. Stich; Ziteng Sun; Ananda Theertha Suresh; Florian Tramèr; Praneeth Vepakomma; Jianyu Wang; Li Xiong; Zheng Xu; Qiang Yang; Felix X. Yu; Han Yu; Sen Zhao","2020","10.1561/2200000083","https://openalex.org/W2995022099","A1-DUP-0066","A1AC-0074","UNIQUE_OCCURRENCE","AC","A1AC-DUP-0066","FALSE_POSITIVE","FALSE_POSITIVE","NO_DIRECT_FOUNDATIONAL_FIXED_SAMPLE_COMPOSITE_TEST_OR_MINIMAX_CONVERSE_RESULT_FOR_GAP_01_OR_GAP_03","NO_DIRECT_FOUNDATIONAL_FIXED_SAMPLE_COMPOSITE_TEST_OR_MINIMAX_CONVERSE_RESULT_FOR_GAP_01_OR_GAP_03","LEVEL_3_DISCOVERY_ONLY","NOT_SOUGHT_AFTER_TITLE_METADATA_SCREEN","","","NONE","","audit/phase2a1_raw_search_results/AC/PHASE2A1-SEARCH-0005_openalex.json","Final title/metadata-level false-positive disposition for this bounded A–C workstream; no substantive claim is drawn from the record."
"A1AC-0075","A-C","PHASE2A1-SEARCH-0005","2026-07-31","OpenAlex","Steps Toward Robust Artificial Intelligence","Thomas G. Dietterich","2017","10.1609/aimag.v38i3.2756","https://openalex.org/W2763152536","A1-DUP-0067","A1AC-0075","UNIQUE_OCCURRENCE","AC","A1AC-DUP-0067","FALSE_POSITIVE","FALSE_POSITIVE","NO_DIRECT_FOUNDATIONAL_FIXED_SAMPLE_COMPOSITE_TEST_OR_MINIMAX_CONVERSE_RESULT_FOR_GAP_01_OR_GAP_03","NO_DIRECT_FOUNDATIONAL_FIXED_SAMPLE_COMPOSITE_TEST_OR_MINIMAX_CONVERSE_RESULT_FOR_GAP_01_OR_GAP_03","LEVEL_3_DISCOVERY_ONLY","NOT_SOUGHT_AFTER_TITLE_METADATA_SCREEN","","","NONE","","audit/phase2a1_raw_search_results/AC/PHASE2A1-SEARCH-0005_openalex.json","Final title/metadata-level false-positive disposition for this bounded A–C workstream; no substantive claim is drawn from the record."
"A1AC-0076","A-C","PHASE2A1-SEARCH-0006","2026-07-31","Crossref","Minimax Decentralized Hypothesis Testing","Gökhan Gül","2017","10.1007/978-3-319-49286-5_7","10.1007/978-3-319-49286-5_7","A1-DUP-0047","A1AC-0050","SOURCE_LEDGER_GROUP;NORMALIZED_DOI","AC","A1AC-DUP-0047","DUPLICATE","DUPLICATE","DUPLICATE_OF_A1AC-0050","DUPLICATE_OF_A1AC-0050","LEVEL_3_DISCOVERY_ONLY","NOT_APPLICABLE","","","NONE","","audit/phase2a1_raw_search_results/AC/PHASE2A1-SEARCH-0006_crossref.json","Duplicate prospective occurrence; the first occurrence carries the evidence decision."
"A1AC-0077","A-C","PHASE2A1-SEARCH-0006","2026-07-31","Crossref","ε-Robust Safeguards: Minimax Hypothesis Testing for Neutron Multiplicity Counting under Physical-Layer Uncertainty","Taku Tanaka; Keiko Tanaka; Toshitaka Uneoka; Akemi Takahashi; Tomoaki Tanaka; Shingo Konishi; Reika Hosomi; Seito Tanaka","2026","10.36227/techrxiv.176945886.60563141/v1","10.36227/techrxiv.176945886.60563141/v1","A1-DUP-0068","A1AC-0077","UNIQUE_OCCURRENCE","AC","A1AC-DUP-0068","FALSE_POSITIVE","FALSE_POSITIVE","NO_DIRECT_FOUNDATIONAL_FIXED_SAMPLE_COMPOSITE_TEST_OR_MINIMAX_CONVERSE_RESULT_FOR_GAP_01_OR_GAP_03","NO_DIRECT_FOUNDATIONAL_FIXED_SAMPLE_COMPOSITE_TEST_OR_MINIMAX_CONVERSE_RESULT_FOR_GAP_01_OR_GAP_03","LEVEL_3_DISCOVERY_ONLY","NOT_SOUGHT_AFTER_TITLE_METADATA_SCREEN","","","NONE","","audit/phase2a1_raw_search_results/AC/PHASE2A1-SEARCH-0006_crossref.json","Final title/metadata-level false-positive disposition for this bounded A–C workstream; no substantive claim is drawn from the record."
"A1AC-0078","A-C","PHASE2A1-SEARCH-0006","2026-07-31","Crossref","6. Finite Sample Minimax Theory","","1996","10.1137/1.9781611970036.ch6","10.1137/1.9781611970036.ch6","A1-DUP-0069","A1AC-0078","UNIQUE_OCCURRENCE","AC","A1AC-DUP-0069","FALSE_POSITIVE","FALSE_POSITIVE","NO_DIRECT_FOUNDATIONAL_FIXED_SAMPLE_COMPOSITE_TEST_OR_MINIMAX_CONVERSE_RESULT_FOR_GAP_01_OR_GAP_03","NO_DIRECT_FOUNDATIONAL_FIXED_SAMPLE_COMPOSITE_TEST_OR_MINIMAX_CONVERSE_RESULT_FOR_GAP_01_OR_GAP_03","LEVEL_3_DISCOVERY_ONLY","NOT_SOUGHT_AFTER_TITLE_METADATA_SCREEN","","","NONE","","audit/phase2a1_raw_search_results/AC/PHASE2A1-SEARCH-0006_crossref.json","Final title/metadata-level false-positive disposition for this bounded A–C workstream; no substantive claim is drawn from the record."
"A1AC-0079","A-C","PHASE2A1-SEARCH-0006","2026-07-31","Crossref","Hypothesis Testing","","2009","10.1017/cbo9780511806957.004","10.1017/cbo9780511806957.004","A1-DUP-0021","A1AC-0021","SOURCE_LEDGER_GROUP;NORMALIZED_DOI","AC","A1AC-DUP-0021","DUPLICATE","DUPLICATE","DUPLICATE_OF_A1AC-0021","DUPLICATE_OF_A1AC-0021","LEVEL_3_DISCOVERY_ONLY","NOT_APPLICABLE","","","NONE","","audit/phase2a1_raw_search_results/AC/PHASE2A1-SEARCH-0006_crossref.json","Duplicate prospective occurrence; the first occurrence carries the evidence decision."
"A1AC-0080","A-C","PHASE2A1-SEARCH-0006","2026-07-31","Crossref","Minimax Robust Hypothesis Testing","Gokhan Gul; Abdelhak M. Zoubir","2017","10.1109/tit.2017.2693198","10.1109/tit.2017.2693198","A1-DUP-0070","A1AC-0080","NORMALIZED_DOI","AC","A1AC-DUP-0070","DUPLICATE","DUPLICATE","DUPLICATE_OF_CORPUS_P0041","DUPLICATE_OF_CORPUS_P0041","LEVEL_3_DISCOVERY_ONLY","NOT_APPLICABLE","","","DUPLICATE_OF_EXISTING_CORPUS","P0041","audit/phase2a1_raw_search_results/AC/PHASE2A1-SEARCH-0006_crossref.json","Already represented by a verified Phase 1/2 corpus record."
"A1AC-0081","A-C","PHASE2A1-SEARCH-0006","2026-07-31","Crossref","Minimax Robust Decentralized Hypothesis Testing for Parallel Sensor Networks","Gokhan Gul","2021","10.1109/tit.2020.3028451","10.1109/tit.2020.3028451","A1-DUP-0071","A1AC-0081","UNIQUE_OCCURRENCE","AC","A1AC-DUP-0071","FALSE_POSITIVE","FALSE_POSITIVE","NO_DIRECT_FOUNDATIONAL_FIXED_SAMPLE_COMPOSITE_TEST_OR_MINIMAX_CONVERSE_RESULT_FOR_GAP_01_OR_GAP_03","NO_DIRECT_FOUNDATIONAL_FIXED_SAMPLE_COMPOSITE_TEST_OR_MINIMAX_CONVERSE_RESULT_FOR_GAP_01_OR_GAP_03","LEVEL_3_DISCOVERY_ONLY","NOT_SOUGHT_AFTER_TITLE_METADATA_SCREEN","","","NONE","","audit/phase2a1_raw_search_results/AC/PHASE2A1-SEARCH-0006_crossref.json","Final title/metadata-level false-positive disposition for this bounded A–C workstream; no substantive claim is drawn from the record."
"A1AC-0082","A-C","PHASE2A1-SEARCH-0006","2026-07-31","Crossref","Inferences in the One-Sample Case","Rand R. Wilcox","2022","10.1016/b978-0-12-820098-8.00010-5","10.1016/b978-0-12-820098-8.00010-5","A1-DUP-0072","A1AC-0082","UNIQUE_OCCURRENCE","AC","A1AC-DUP-0072","FALSE_POSITIVE","FALSE_POSITIVE","NO_DIRECT_FOUNDATIONAL_FIXED_SAMPLE_COMPOSITE_TEST_OR_MINIMAX_CONVERSE_RESULT_FOR_GAP_01_OR_GAP_03","NO_DIRECT_FOUNDATIONAL_FIXED_SAMPLE_COMPOSITE_TEST_OR_MINIMAX_CONVERSE_RESULT_FOR_GAP_01_OR_GAP_03","LEVEL_3_DISCOVERY_ONLY","NOT_SOUGHT_AFTER_TITLE_METADATA_SCREEN","","","NONE","","audit/phase2a1_raw_search_results/AC/PHASE2A1-SEARCH-0006_crossref.json","Final title/metadata-level false-positive disposition for this bounded A–C workstream; no substantive claim is drawn from the record."
"A1AC-0083","A-C","PHASE2A1-SEARCH-0006","2026-07-31","Crossref","Confidence Intervals in the One-Sample Case","Rand Wilcox","2017","10.1016/b978-0-12-804733-0.00004-4","10.1016/b978-0-12-804733-0.00004-4","A1-DUP-0073","A1AC-0083","UNIQUE_OCCURRENCE","AC","A1AC-DUP-0073","FALSE_POSITIVE","FALSE_POSITIVE","NO_DIRECT_FOUNDATIONAL_FIXED_SAMPLE_COMPOSITE_TEST_OR_MINIMAX_CONVERSE_RESULT_FOR_GAP_01_OR_GAP_03","NO_DIRECT_FOUNDATIONAL_FIXED_SAMPLE_COMPOSITE_TEST_OR_MINIMAX_CONVERSE_RESULT_FOR_GAP_01_OR_GAP_03","LEVEL_3_DISCOVERY_ONLY","NOT_SOUGHT_AFTER_TITLE_METADATA_SCREEN","","","NONE","","audit/phase2a1_raw_search_results/AC/PHASE2A1-SEARCH-0006_crossref.json","Final title/metadata-level false-positive disposition for this bounded A–C workstream; no substantive claim is drawn from the record."
"A1AC-0084","A-C","PHASE2A1-SEARCH-0006","2026-07-31","Crossref","Confidence Intervals in the One-Sample Case","Rand Wilcox","2012","10.1016/b978-0-12-386983-8.00004-4","10.1016/b978-0-12-386983-8.00004-4","A1-DUP-0074","A1AC-0084","UNIQUE_OCCURRENCE","AC","A1AC-DUP-0074","FALSE_POSITIVE","FALSE_POSITIVE","NO_DIRECT_FOUNDATIONAL_FIXED_SAMPLE_COMPOSITE_TEST_OR_MINIMAX_CONVERSE_RESULT_FOR_GAP_01_OR_GAP_03","NO_DIRECT_FOUNDATIONAL_FIXED_SAMPLE_COMPOSITE_TEST_OR_MINIMAX_CONVERSE_RESULT_FOR_GAP_01_OR_GAP_03","LEVEL_3_DISCOVERY_ONLY","NOT_SOUGHT_AFTER_TITLE_METADATA_SCREEN","","","NONE","","audit/phase2a1_raw_search_results/AC/PHASE2A1-SEARCH-0006_crossref.json","Final title/metadata-level false-positive disposition for this bounded A–C workstream; no substantive claim is drawn from the record."
"A1AC-0085","A-C","PHASE2A1-SEARCH-0006","2026-07-31","Crossref","Robust Hypothesis Testing with Kernel Uncertainty Sets","Zhongchang Sun; Shaofeng Zou","2022","10.1109/isit50566.2022.9834349","10.1109/isit50566.2022.9834349","A1-DUP-0075","A1AC-0085","UNIQUE_OCCURRENCE","AC","A1AC-DUP-0075","FALSE_POSITIVE","FALSE_POSITIVE","NO_DIRECT_FOUNDATIONAL_FIXED_SAMPLE_COMPOSITE_TEST_OR_MINIMAX_CONVERSE_RESULT_FOR_GAP_01_OR_GAP_03","NO_DIRECT_FOUNDATIONAL_FIXED_SAMPLE_COMPOSITE_TEST_OR_MINIMAX_CONVERSE_RESULT_FOR_GAP_01_OR_GAP_03","LEVEL_3_DISCOVERY_ONLY","NOT_SOUGHT_AFTER_TITLE_METADATA_SCREEN","","","NONE","","audit/phase2a1_raw_search_results/AC/PHASE2A1-SEARCH-0006_crossref.json","Final title/metadata-level false-positive disposition for this bounded A–C workstream; no substantive claim is drawn from the record."
"A1AC-0086","A-C","PHASE2A1-SEARCH-0006","2026-07-31","Crossref","Estimating Scale-Finite Sample Results","","2011","10.1002/9781118165485.ch2","10.1002/9781118165485.ch2","A1-DUP-0076","A1AC-0086","UNIQUE_OCCURRENCE","AC","A1AC-DUP-0076","FALSE_POSITIVE","FALSE_POSITIVE","NO_DIRECT_FOUNDATIONAL_FIXED_SAMPLE_COMPOSITE_TEST_OR_MINIMAX_CONVERSE_RESULT_FOR_GAP_01_OR_GAP_03","NO_DIRECT_FOUNDATIONAL_FIXED_SAMPLE_COMPOSITE_TEST_OR_MINIMAX_CONVERSE_RESULT_FOR_GAP_01_OR_GAP_03","LEVEL_3_DISCOVERY_ONLY","NOT_SOUGHT_AFTER_TITLE_METADATA_SCREEN","","","NONE","","audit/phase2a1_raw_search_results/AC/PHASE2A1-SEARCH-0006_crossref.json","Final title/metadata-level false-positive disposition for this bounded A–C workstream; no substantive claim is drawn from the record."
"A1AC-0087","A-C","PHASE2A1-SEARCH-0006","2026-07-31","Crossref","Graphing Sample Distributions for Hypothesis Testing","","2021","10.4135/9781529630213.n2","10.4135/9781529630213.n2","A1-DUP-0016","A1AC-0016","SOURCE_LEDGER_GROUP;NORMALIZED_DOI","AC","A1AC-DUP-0016","DUPLICATE","DUPLICATE","DUPLICATE_OF_A1AC-0016","DUPLICATE_OF_A1AC-0016","LEVEL_3_DISCOVERY_ONLY","NOT_APPLICABLE","","","NONE","","audit/phase2a1_raw_search_results/AC/PHASE2A1-SEARCH-0006_crossref.json","Duplicate prospective occurrence; the first occurrence carries the evidence decision."
"A1AC-0088","A-C","PHASE2A1-SEARCH-0006","2026-07-31","Crossref","Bringing Game Theory to Hypothesis Testing: Establishing Finite Sample Bounds on Inference","Karl H. Schlag","2008","10.2139/ssrn.1266059","10.2139/ssrn.1266059","A1-DUP-0077","A1AC-0088","SOURCE_LEDGER_GROUP;NORMALIZED_DOI","AC","A1AC-DUP-0077","FALSE_POSITIVE","FALSE_POSITIVE","NO_DIRECT_FOUNDATIONAL_FIXED_SAMPLE_COMPOSITE_TEST_OR_MINIMAX_CONVERSE_RESULT_FOR_GAP_01_OR_GAP_03","NO_DIRECT_FOUNDATIONAL_FIXED_SAMPLE_COMPOSITE_TEST_OR_MINIMAX_CONVERSE_RESULT_FOR_GAP_01_OR_GAP_03","LEVEL_3_DISCOVERY_ONLY","NOT_SOUGHT_AFTER_TITLE_METADATA_SCREEN","","","NONE","","audit/phase2a1_raw_search_results/AC/PHASE2A1-SEARCH-0006_crossref.json","Final title/metadata-level false-positive disposition for this bounded A–C workstream; no substantive claim is drawn from the record."
"A1AC-0089","A-C","PHASE2A1-SEARCH-0006","2026-07-31","Crossref","Minimax Hypothesis Testing about the Density Support","Ghislaine Gayraud","2001","10.2307/3318499","10.2307/3318499","A1-DUP-0053","A1AC-0056","SOURCE_LEDGER_GROUP;NORMALIZED_DOI","AC","A1AC-DUP-0053","DUPLICATE","DUPLICATE","DUPLICATE_OF_A1AC-0056","DUPLICATE_OF_A1AC-0056","LEVEL_3_DISCOVERY_ONLY","NOT_APPLICABLE","","","NONE","","audit/phase2a1_raw_search_results/AC/PHASE2A1-SEARCH-0006_crossref.json","Duplicate prospective occurrence; the first occurrence carries the evidence decision."
"A1AC-0090","A-C","PHASE2A1-SEARCH-0006","2026-07-31","Crossref","Non-Convex Robust Hypothesis Testing Using Sinkhorn Uncertainty Sets","Jie Wang; Rui Gao; Yao Xie","2024","10.1109/isit57864.2024.10619088","10.1109/isit57864.2024.10619088","A1-DUP-0046","A1AC-0048","SOURCE_LEDGER_GROUP","AC","A1AC-DUP-0046","DUPLICATE","DUPLICATE","DUPLICATE_OF_A1AC-0048","DUPLICATE_OF_A1AC-0048","LEVEL_3_DISCOVERY_ONLY","NOT_APPLICABLE","","","NONE","","audit/phase2a1_raw_search_results/AC/PHASE2A1-SEARCH-0006_crossref.json","Duplicate prospective occurrence; the first occurrence carries the evidence decision."
"A1AC-0091","A-C","PHASE2A1-SEARCH-0007","2026-07-31","OpenAlex","Hypothesis testing by convex optimization","Alexander Goldenshluger; Anatoli Juditsky; Arkadi Nemirovski","2015","10.1214/15-ejs1054","https://openalex.org/W1742114735","A1-DUP-0036","A1AC-0037","SOURCE_LEDGER_GROUP","AC","A1AC-DUP-0036","DUPLICATE","DUPLICATE","DUPLICATE_OF_A1AC-0037","DUPLICATE_OF_A1AC-0037","LEVEL_3_DISCOVERY_ONLY","NOT_APPLICABLE","","","DUPLICATE_OF_EXISTING_CORPUS","","audit/phase2a1_raw_search_results/AC/PHASE2A1-SEARCH-0007_openalex.json","Duplicate prospective occurrence; the first occurrence carries the evidence decision."
"A1AC-0092","A-C","PHASE2A1-SEARCH-0007","2026-07-31","OpenAlex","Statistical tests based on empirical processes and related questions","G. V. Martynov","1992","10.1007/bf01104102","https://openalex.org/W2061158272","A1-DUP-0078","A1AC-0092","UNIQUE_OCCURRENCE","AC","A1AC-DUP-0078","FALSE_POSITIVE","FALSE_POSITIVE","NO_DIRECT_FOUNDATIONAL_FIXED_SAMPLE_COMPOSITE_TEST_OR_MINIMAX_CONVERSE_RESULT_FOR_GAP_01_OR_GAP_03","NO_DIRECT_FOUNDATIONAL_FIXED_SAMPLE_COMPOSITE_TEST_OR_MINIMAX_CONVERSE_RESULT_FOR_GAP_01_OR_GAP_03","LEVEL_3_DISCOVERY_ONLY","NOT_SOUGHT_AFTER_TITLE_METADATA_SCREEN","","","NONE","","audit/phase2a1_raw_search_results/AC/PHASE2A1-SEARCH-0007_openalex.json","Final title/metadata-level false-positive disposition for this bounded A–C workstream; no substantive claim is drawn from the record."
"A1AC-0093","A-C","PHASE2A1-SEARCH-0007","2026-07-31","OpenAlex","Lucien Le Cam 1924-2000","Grace L. Yang","2002","10.1214/aos/1028674835","https://openalex.org/W2084511570","A1-DUP-0079","A1AC-0093","UNIQUE_OCCURRENCE","AC","A1AC-DUP-0079","FALSE_POSITIVE","FALSE_POSITIVE","NO_DIRECT_FOUNDATIONAL_FIXED_SAMPLE_COMPOSITE_TEST_OR_MINIMAX_CONVERSE_RESULT_FOR_GAP_01_OR_GAP_03","NO_DIRECT_FOUNDATIONAL_FIXED_SAMPLE_COMPOSITE_TEST_OR_MINIMAX_CONVERSE_RESULT_FOR_GAP_01_OR_GAP_03","LEVEL_3_DISCOVERY_ONLY","NOT_SOUGHT_AFTER_TITLE_METADATA_SCREEN","","","NONE","","audit/phase2a1_raw_search_results/AC/PHASE2A1-SEARCH-0007_openalex.json","Final title/metadata-level false-positive disposition for this bounded A–C workstream; no substantive claim is drawn from the record."
"A1AC-0094","A-C","PHASE2A1-SEARCH-0007","2026-07-31","OpenAlex","Information, Divergence and Risk for Binary Experiments","Mark D. Reid; Robert C. Williamson","2009","https://openalex.org/W2110758705","https://openalex.org/W2110758705","A1-DUP-0080","A1AC-0094","UNIQUE_OCCURRENCE","AC","A1AC-DUP-0080","FALSE_POSITIVE","FALSE_POSITIVE","NO_DIRECT_FOUNDATIONAL_FIXED_SAMPLE_COMPOSITE_TEST_OR_MINIMAX_CONVERSE_RESULT_FOR_GAP_01_OR_GAP_03","NO_DIRECT_FOUNDATIONAL_FIXED_SAMPLE_COMPOSITE_TEST_OR_MINIMAX_CONVERSE_RESULT_FOR_GAP_01_OR_GAP_03","LEVEL_3_DISCOVERY_ONLY","NOT_SOUGHT_AFTER_TITLE_METADATA_SCREEN","","","NONE","","audit/phase2a1_raw_search_results/AC/PHASE2A1-SEARCH-0007_openalex.json","Final title/metadata-level false-positive disposition for this bounded A–C workstream; no substantive claim is drawn from the record."
"A1AC-0095","A-C","PHASE2A1-SEARCH-0007","2026-07-31","OpenAlex","","Clément L. Canonne","2020","10.4086/toc.gs.2020.009","https://openalex.org/W3080260502","A1-DUP-0081","A1AC-0095","UNIQUE_OCCURRENCE","AC","A1AC-DUP-0081","FALSE_POSITIVE","FALSE_POSITIVE","NO_DIRECT_FOUNDATIONAL_FIXED_SAMPLE_COMPOSITE_TEST_OR_MINIMAX_CONVERSE_RESULT_FOR_GAP_01_OR_GAP_03","NO_DIRECT_FOUNDATIONAL_FIXED_SAMPLE_COMPOSITE_TEST_OR_MINIMAX_CONVERSE_RESULT_FOR_GAP_01_OR_GAP_03","LEVEL_3_DISCOVERY_ONLY","NOT_SOUGHT_AFTER_TITLE_METADATA_SCREEN","","","NONE","","audit/phase2a1_raw_search_results/AC/PHASE2A1-SEARCH-0007_openalex.json","Final title/metadata-level false-positive disposition for this bounded A–C workstream; no substantive claim is drawn from the record."
"A1AC-0096","A-C","PHASE2A1-SEARCH-0007","2026-07-31","OpenAlex","Critical dimension in profile semiparametric estimation","Andreas Andresen; Vladimir Spokoiny","2014","10.1214/14-ejs982","https://openalex.org/W2163585373","A1-DUP-0082","A1AC-0096","UNIQUE_OCCURRENCE","AC","A1AC-DUP-0082","FALSE_POSITIVE","FALSE_POSITIVE","NO_DIRECT_FOUNDATIONAL_FIXED_SAMPLE_COMPOSITE_TEST_OR_MINIMAX_CONVERSE_RESULT_FOR_GAP_01_OR_GAP_03","NO_DIRECT_FOUNDATIONAL_FIXED_SAMPLE_COMPOSITE_TEST_OR_MINIMAX_CONVERSE_RESULT_FOR_GAP_01_OR_GAP_03","LEVEL_3_DISCOVERY_ONLY","NOT_SOUGHT_AFTER_TITLE_METADATA_SCREEN","","","NONE","","audit/phase2a1_raw_search_results/AC/PHASE2A1-SEARCH-0007_openalex.json","Final title/metadata-level false-positive disposition for this bounded A–C workstream; no substantive claim is drawn from the record."
"A1AC-0097","A-C","PHASE2A1-SEARCH-0007","2026-07-31","OpenAlex","Robust Online Classification: From Estimation to Denoising","Changlong Wu; Ananth Grama; Wojciech Szpankowski","2023","10.48550/arxiv.2309.01698","https://openalex.org/W4386528664","A1-DUP-0083","A1AC-0097","UNIQUE_OCCURRENCE","AC","A1AC-DUP-0083","FALSE_POSITIVE","FALSE_POSITIVE","NO_DIRECT_FOUNDATIONAL_FIXED_SAMPLE_COMPOSITE_TEST_OR_MINIMAX_CONVERSE_RESULT_FOR_GAP_01_OR_GAP_03","NO_DIRECT_FOUNDATIONAL_FIXED_SAMPLE_COMPOSITE_TEST_OR_MINIMAX_CONVERSE_RESULT_FOR_GAP_01_OR_GAP_03","LEVEL_3_DISCOVERY_ONLY","NOT_SOUGHT_AFTER_TITLE_METADATA_SCREEN","","","NONE","","audit/phase2a1_raw_search_results/AC/PHASE2A1-SEARCH-0007_openalex.json","Final title/metadata-level false-positive disposition for this bounded A–C workstream; no substantive claim is drawn from the record."
"A1AC-0098","A-C","PHASE2A1-SEARCH-0007","2026-07-31","OpenAlex","On Robust Hypothesis Testing with respect to the Hellinger Distance","Eeshan Modak; Balakrishnan, Sivaraman; Suresh, Ananda Theertha","2025","10.48550/arxiv.2510.16750","https://openalex.org/W4415958558","A1-DUP-0084","A1AC-0098","UNIQUE_OCCURRENCE","AC","A1AC-DUP-0084","FALSE_POSITIVE","FALSE_POSITIVE","NO_DIRECT_FOUNDATIONAL_FIXED_SAMPLE_COMPOSITE_TEST_OR_MINIMAX_CONVERSE_RESULT_FOR_GAP_01_OR_GAP_03","NO_DIRECT_FOUNDATIONAL_FIXED_SAMPLE_COMPOSITE_TEST_OR_MINIMAX_CONVERSE_RESULT_FOR_GAP_01_OR_GAP_03","LEVEL_3_DISCOVERY_ONLY","NOT_SOUGHT_AFTER_TITLE_METADATA_SCREEN","","","NONE","","audit/phase2a1_raw_search_results/AC/PHASE2A1-SEARCH-0007_openalex.json","Final title/metadata-level false-positive disposition for this bounded A–C workstream; no substantive claim is drawn from the record."
"A1AC-0099","A-C","PHASE2A1-SEARCH-0007","2026-07-31","OpenAlex","Tests for preference","J.J. Dik","1983","https://openalex.org/W2983757901","https://openalex.org/W2983757901","A1-DUP-0085","A1AC-0099","UNIQUE_OCCURRENCE","AC","A1AC-DUP-0085","FALSE_POSITIVE","FALSE_POSITIVE","NO_DIRECT_FOUNDATIONAL_FIXED_SAMPLE_COMPOSITE_TEST_OR_MINIMAX_CONVERSE_RESULT_FOR_GAP_01_OR_GAP_03","NO_DIRECT_FOUNDATIONAL_FIXED_SAMPLE_COMPOSITE_TEST_OR_MINIMAX_CONVERSE_RESULT_FOR_GAP_01_OR_GAP_03","LEVEL_3_DISCOVERY_ONLY","NOT_SOUGHT_AFTER_TITLE_METADATA_SCREEN","","","NONE","","audit/phase2a1_raw_search_results/AC/PHASE2A1-SEARCH-0007_openalex.json","Final title/metadata-level false-positive disposition for this bounded A–C workstream; no substantive claim is drawn from the record."
"A1AC-0100","A-C","PHASE2A1-SEARCH-0007","2026-07-31","OpenAlex","Polynomial Methods in Statistical Inference: Theory and Practice","Yihong Wu; Pengkun Yang","2020","10.1561/0100000095","https://openalex.org/W3156750472","A1-DUP-0086","A1AC-0100","UNIQUE_OCCURRENCE","AC","A1AC-DUP-0086","FALSE_POSITIVE","FALSE_POSITIVE","NO_DIRECT_FOUNDATIONAL_FIXED_SAMPLE_COMPOSITE_TEST_OR_MINIMAX_CONVERSE_RESULT_FOR_GAP_01_OR_GAP_03","NO_DIRECT_FOUNDATIONAL_FIXED_SAMPLE_COMPOSITE_TEST_OR_MINIMAX_CONVERSE_RESULT_FOR_GAP_01_OR_GAP_03","LEVEL_3_DISCOVERY_ONLY","NOT_SOUGHT_AFTER_TITLE_METADATA_SCREEN","","","NONE","","audit/phase2a1_raw_search_results/AC/PHASE2A1-SEARCH-0007_openalex.json","Final title/metadata-level false-positive disposition for this bounded A–C workstream; no substantive claim is drawn from the record."
"A1AC-0101","A-C","PHASE2A1-SEARCH-0007","2026-07-31","OpenAlex","The Fundamental Limits of Structure-Agnostic Functional Estimation","Sivaraman Balakrishnan; Edward H. Kennedy; Larry Wasserman","2023","10.48550/arxiv.2305.04116","https://openalex.org/W4375957906","A1-DUP-0087","A1AC-0101","UNIQUE_OCCURRENCE","AC","A1AC-DUP-0087","FALSE_POSITIVE","FALSE_POSITIVE","NO_DIRECT_FOUNDATIONAL_FIXED_SAMPLE_COMPOSITE_TEST_OR_MINIMAX_CONVERSE_RESULT_FOR_GAP_01_OR_GAP_03","NO_DIRECT_FOUNDATIONAL_FIXED_SAMPLE_COMPOSITE_TEST_OR_MINIMAX_CONVERSE_RESULT_FOR_GAP_01_OR_GAP_03","LEVEL_3_DISCOVERY_ONLY","NOT_SOUGHT_AFTER_TITLE_METADATA_SCREEN","","","NONE","","audit/phase2a1_raw_search_results/AC/PHASE2A1-SEARCH-0007_openalex.json","Final title/metadata-level false-positive disposition for this bounded A–C workstream; no substantive claim is drawn from the record."
"A1AC-0102","A-C","PHASE2A1-SEARCH-0007","2026-07-31","OpenAlex","High-frequency statistics for Gaussian processes from a Le Cam perspective","Sebastian Holtz","2020","10.18452/21123","https://openalex.org/W3015803104","A1-DUP-0088","A1AC-0102","UNIQUE_OCCURRENCE","AC","A1AC-DUP-0088","FALSE_POSITIVE","FALSE_POSITIVE","NO_DIRECT_FOUNDATIONAL_FIXED_SAMPLE_COMPOSITE_TEST_OR_MINIMAX_CONVERSE_RESULT_FOR_GAP_01_OR_GAP_03","NO_DIRECT_FOUNDATIONAL_FIXED_SAMPLE_COMPOSITE_TEST_OR_MINIMAX_CONVERSE_RESULT_FOR_GAP_01_OR_GAP_03","LEVEL_3_DISCOVERY_ONLY","NOT_SOUGHT_AFTER_TITLE_METADATA_SCREEN","","","NONE","","audit/phase2a1_raw_search_results/AC/PHASE2A1-SEARCH-0007_openalex.json","Final title/metadata-level false-positive disposition for this bounded A–C workstream; no substantive claim is drawn from the record."
"A1AC-0103","A-C","PHASE2A1-SEARCH-0007","2026-07-31","OpenAlex","Information Theory With Large Alphabets And Source Coding Error Exponents","Benjamin G. Kelly","2011","https://openalex.org/W989791606","https://openalex.org/W989791606","A1-DUP-0089","A1AC-0103","UNIQUE_OCCURRENCE","AC","A1AC-DUP-0089","FALSE_POSITIVE","FALSE_POSITIVE","NO_DIRECT_FOUNDATIONAL_FIXED_SAMPLE_COMPOSITE_TEST_OR_MINIMAX_CONVERSE_RESULT_FOR_GAP_01_OR_GAP_03","NO_DIRECT_FOUNDATIONAL_FIXED_SAMPLE_COMPOSITE_TEST_OR_MINIMAX_CONVERSE_RESULT_FOR_GAP_01_OR_GAP_03","LEVEL_3_DISCOVERY_ONLY","NOT_SOUGHT_AFTER_TITLE_METADATA_SCREEN","","","NONE","","audit/phase2a1_raw_search_results/AC/PHASE2A1-SEARCH-0007_openalex.json","Final title/metadata-level false-positive disposition for this bounded A–C workstream; no substantive claim is drawn from the record."
"A1AC-0104","A-C","PHASE2A1-SEARCH-0007","2026-07-31","OpenAlex","Invariant Procedures for Model Checking, Checking for Prior-Data Conflict and Bayesian Inference","Gun Ho Jang","2010","https://openalex.org/W2725316391","https://openalex.org/W2725316391","A1-DUP-0090","A1AC-0104","UNIQUE_OCCURRENCE","AC","A1AC-DUP-0090","FALSE_POSITIVE","FALSE_POSITIVE","NO_DIRECT_FOUNDATIONAL_FIXED_SAMPLE_COMPOSITE_TEST_OR_MINIMAX_CONVERSE_RESULT_FOR_GAP_01_OR_GAP_03","NO_DIRECT_FOUNDATIONAL_FIXED_SAMPLE_COMPOSITE_TEST_OR_MINIMAX_CONVERSE_RESULT_FOR_GAP_01_OR_GAP_03","LEVEL_3_DISCOVERY_ONLY","NOT_SOUGHT_AFTER_TITLE_METADATA_SCREEN","","","NONE","","audit/phase2a1_raw_search_results/AC/PHASE2A1-SEARCH-0007_openalex.json","Final title/metadata-level false-positive disposition for this bounded A–C workstream; no substantive claim is drawn from the record."
"A1AC-0105","A-C","PHASE2A1-SEARCH-0007","2026-07-31","OpenAlex","Transitions, Losses, and Re-parameterizations: Elements of Prediction Games","Parameswaran Kamalaruban","2017","10.25911/5d723bc67a01e","https://openalex.org/W2766938462","A1-DUP-0091","A1AC-0105","UNIQUE_OCCURRENCE","AC","A1AC-DUP-0091","FALSE_POSITIVE","FALSE_POSITIVE","NO_DIRECT_FOUNDATIONAL_FIXED_SAMPLE_COMPOSITE_TEST_OR_MINIMAX_CONVERSE_RESULT_FOR_GAP_01_OR_GAP_03","NO_DIRECT_FOUNDATIONAL_FIXED_SAMPLE_COMPOSITE_TEST_OR_MINIMAX_CONVERSE_RESULT_FOR_GAP_01_OR_GAP_03","LEVEL_3_DISCOVERY_ONLY","NOT_SOUGHT_AFTER_TITLE_METADATA_SCREEN","","","NONE","","audit/phase2a1_raw_search_results/AC/PHASE2A1-SEARCH-0007_openalex.json","Final title/metadata-level false-positive disposition for this bounded A–C workstream; no substantive claim is drawn from the record."
"A1AC-0106","A-C","PHASE2A1-SEARCH-0008","2026-07-31","Crossref","Contiguity — Hellinger Transforms","Lucien Le Cam; Grace Lo Yang","2000","10.1007/978-1-4612-1166-2_3","10.1007/978-1-4612-1166-2_3","A1-DUP-0092","A1AC-0106","UNIQUE_OCCURRENCE","AC","A1AC-DUP-0092","FALSE_POSITIVE","FALSE_POSITIVE","NO_DIRECT_FOUNDATIONAL_FIXED_SAMPLE_COMPOSITE_TEST_OR_MINIMAX_CONVERSE_RESULT_FOR_GAP_01_OR_GAP_03","NO_DIRECT_FOUNDATIONAL_FIXED_SAMPLE_COMPOSITE_TEST_OR_MINIMAX_CONVERSE_RESULT_FOR_GAP_01_OR_GAP_03","LEVEL_3_DISCOVERY_ONLY","NOT_SOUGHT_AFTER_TITLE_METADATA_SCREEN","","","NONE","","audit/phase2a1_raw_search_results/AC/PHASE2A1-SEARCH-0008_crossref.json","Final title/metadata-level false-positive disposition for this bounded A–C workstream; no substantive claim is drawn from the record."
"A1AC-0107","A-C","PHASE2A1-SEARCH-0008","2026-07-31","Crossref","Contiguity – Hellinger Transforms","Lucien Le Cam; Grace Lo Yang","1990","10.1007/978-1-4684-0377-0_3","10.1007/978-1-4684-0377-0_3","A1-DUP-0093","A1AC-0107","UNIQUE_OCCURRENCE","AC","A1AC-DUP-0093","FALSE_POSITIVE","FALSE_POSITIVE","NO_DIRECT_FOUNDATIONAL_FIXED_SAMPLE_COMPOSITE_TEST_OR_MINIMAX_CONVERSE_RESULT_FOR_GAP_01_OR_GAP_03","NO_DIRECT_FOUNDATIONAL_FIXED_SAMPLE_COMPOSITE_TEST_OR_MINIMAX_CONVERSE_RESULT_FOR_GAP_01_OR_GAP_03","LEVEL_3_DISCOVERY_ONLY","NOT_SOUGHT_AFTER_TITLE_METADATA_SCREEN","","","NONE","","audit/phase2a1_raw_search_results/AC/PHASE2A1-SEARCH-0008_crossref.json","Final title/metadata-level false-positive disposition for this bounded A–C workstream; no substantive claim is drawn from the record."
"A1AC-0108","A-C","PHASE2A1-SEARCH-0008","2026-07-31","Crossref","Minimum Hellinger distance based inference for scalar skew-normal and skew-t distributions","Luca Greco","2011","10.1007/s11749-010-0191-5","10.1007/s11749-010-0191-5","A1-DUP-0094","A1AC-0108","UNIQUE_OCCURRENCE","AC","A1AC-DUP-0094","FALSE_POSITIVE","FALSE_POSITIVE","NO_DIRECT_FOUNDATIONAL_FIXED_SAMPLE_COMPOSITE_TEST_OR_MINIMAX_CONVERSE_RESULT_FOR_GAP_01_OR_GAP_03","NO_DIRECT_FOUNDATIONAL_FIXED_SAMPLE_COMPOSITE_TEST_OR_MINIMAX_CONVERSE_RESULT_FOR_GAP_01_OR_GAP_03","LEVEL_3_DISCOVERY_ONLY","NOT_SOUGHT_AFTER_TITLE_METADATA_SCREEN","","","NONE","","audit/phase2a1_raw_search_results/AC/PHASE2A1-SEARCH-0008_crossref.json","Final title/metadata-level false-positive disposition for this bounded A–C workstream; no substantive claim is drawn from the record."
"A1AC-0109","A-C","PHASE2A1-SEARCH-0008","2026-07-31","Crossref","A Finite Sample Test for the Composite Hypothesis of Stable Law","Albert Paulson; Xing Zhong; Thomas R. Willemain","2016","10.2139/ssrn.2781635","10.2139/ssrn.2781635","A1-DUP-0095","A1AC-0109","SOURCE_LEDGER_GROUP;NORMALIZED_DOI","AC","A1AC-DUP-0095","FULL_TEXT_UNAVAILABLE","FULL_TEXT_UNAVAILABLE","NO_LEGALLY_ACCESSIBLE_INSPECTABLE_PRIMARY_FULL_TEXT_OBTAINED_IN_BOUNDED_RETRIEVAL","NO_LEGALLY_ACCESSIBLE_INSPECTABLE_PRIMARY_FULL_TEXT_OBTAINED_IN_BOUNDED_RETRIEVAL","LEVEL_3_DISCOVERY_ONLY","FULL_TEXT_NOT_OBTAINED_OR_NOT_INSPECTABLE","","","NONE","","audit/phase2a1_raw_search_results/AC/PHASE2A1-SEARCH-0008_crossref.json","Potentially relevant foundational source retained without guarantee coding; it cannot support a substantive synthesis conclusion."
"A1AC-0110","A-C","PHASE2A1-SEARCH-0008","2026-07-31","Crossref","Tests of hypotheses in discrete models based on the penalized Hellinger distance","Ayanendranath Basu; Ian R. Harris; Srabashi Basu","1996","10.1016/0167-7152(95)00101-8","10.1016/0167-7152(95)00101-8","A1-DUP-0096","A1AC-0110","UNIQUE_OCCURRENCE","AC","A1AC-DUP-0096","FULL_TEXT_UNAVAILABLE","FULL_TEXT_UNAVAILABLE","NO_LEGALLY_ACCESSIBLE_INSPECTABLE_PRIMARY_FULL_TEXT_OBTAINED_IN_BOUNDED_RETRIEVAL","NO_LEGALLY_ACCESSIBLE_INSPECTABLE_PRIMARY_FULL_TEXT_OBTAINED_IN_BOUNDED_RETRIEVAL","LEVEL_3_DISCOVERY_ONLY","FULL_TEXT_NOT_OBTAINED_OR_NOT_INSPECTABLE","","","NONE","","audit/phase2a1_raw_search_results/AC/PHASE2A1-SEARCH-0008_crossref.json","Potentially relevant foundational source retained without guarantee coding; it cannot support a substantive synthesis conclusion."
"A1AC-0111","A-C","PHASE2A1-SEARCH-0008","2026-07-31","Crossref","Improvement in finite sample properties of the Hansen–Jagannathan distance test","Yu Ren; Katsumi Shimotsu","2009","10.1016/j.jempfin.2008.12.003","10.1016/j.jempfin.2008.12.003","A1-DUP-0097","A1AC-0111","UNIQUE_OCCURRENCE","AC","A1AC-DUP-0097","FALSE_POSITIVE","FALSE_POSITIVE","NO_DIRECT_FOUNDATIONAL_FIXED_SAMPLE_COMPOSITE_TEST_OR_MINIMAX_CONVERSE_RESULT_FOR_GAP_01_OR_GAP_03","NO_DIRECT_FOUNDATIONAL_FIXED_SAMPLE_COMPOSITE_TEST_OR_MINIMAX_CONVERSE_RESULT_FOR_GAP_01_OR_GAP_03","LEVEL_3_DISCOVERY_ONLY","NOT_SOUGHT_AFTER_TITLE_METADATA_SCREEN","","","NONE","","audit/phase2a1_raw_search_results/AC/PHASE2A1-SEARCH-0008_crossref.json","Final title/metadata-level false-positive disposition for this bounded A–C workstream; no substantive claim is drawn from the record."
"A1AC-0112","A-C","PHASE2A1-SEARCH-0008","2026-07-31","Crossref","Hellinger Distance","","2014","10.1002/9781118445112.stat00583","10.1002/9781118445112.stat00583","A1-DUP-0098","A1AC-0112","UNIQUE_OCCURRENCE","AC","A1AC-DUP-0098","FALSE_POSITIVE","FALSE_POSITIVE","NO_DIRECT_FOUNDATIONAL_FIXED_SAMPLE_COMPOSITE_TEST_OR_MINIMAX_CONVERSE_RESULT_FOR_GAP_01_OR_GAP_03","NO_DIRECT_FOUNDATIONAL_FIXED_SAMPLE_COMPOSITE_TEST_OR_MINIMAX_CONVERSE_RESULT_FOR_GAP_01_OR_GAP_03","LEVEL_3_DISCOVERY_ONLY","NOT_SOUGHT_AFTER_TITLE_METADATA_SCREEN","","","NONE","","audit/phase2a1_raw_search_results/AC/PHASE2A1-SEARCH-0008_crossref.json","Final title/metadata-level false-positive disposition for this bounded A–C workstream; no substantive claim is drawn from the record."
"A1AC-0113","A-C","PHASE2A1-SEARCH-0008","2026-07-31","Crossref","ON THE ASYMPTOTIC THEORY OF ESTIMATION AND TESTING HYPOTHESES","L. Le Cam","1956","10.1525/9780520313880-014","10.1525/9780520313880-014","A1-DUP-0099","A1AC-0113","UNIQUE_OCCURRENCE","AC","A1AC-DUP-0099","FALSE_POSITIVE","FALSE_POSITIVE","NO_DIRECT_FOUNDATIONAL_FIXED_SAMPLE_COMPOSITE_TEST_OR_MINIMAX_CONVERSE_RESULT_FOR_GAP_01_OR_GAP_03","NO_DIRECT_FOUNDATIONAL_FIXED_SAMPLE_COMPOSITE_TEST_OR_MINIMAX_CONVERSE_RESULT_FOR_GAP_01_OR_GAP_03","LEVEL_3_DISCOVERY_ONLY","NOT_SOUGHT_AFTER_TITLE_METADATA_SCREEN","","","NONE","","audit/phase2a1_raw_search_results/AC/PHASE2A1-SEARCH-0008_crossref.json","Final title/metadata-level false-positive disposition for this bounded A–C workstream; no substantive claim is drawn from the record."
"A1AC-0114","A-C","PHASE2A1-SEARCH-0008","2026-07-31","Crossref","Hellinger Distance","","2005","10.1002/0471667196.ess0939.pub2","10.1002/0471667196.ess0939.pub2","A1-DUP-0100","A1AC-0114","UNIQUE_OCCURRENCE","AC","A1AC-DUP-0100","FALSE_POSITIVE","FALSE_POSITIVE","NO_DIRECT_FOUNDATIONAL_FIXED_SAMPLE_COMPOSITE_TEST_OR_MINIMAX_CONVERSE_RESULT_FOR_GAP_01_OR_GAP_03","NO_DIRECT_FOUNDATIONAL_FIXED_SAMPLE_COMPOSITE_TEST_OR_MINIMAX_CONVERSE_RESULT_FOR_GAP_01_OR_GAP_03","LEVEL_3_DISCOVERY_ONLY","NOT_SOUGHT_AFTER_TITLE_METADATA_SCREEN","","","NONE","","audit/phase2a1_raw_search_results/AC/PHASE2A1-SEARCH-0008_crossref.json","Final title/metadata-level false-positive disposition for this bounded A–C workstream; no substantive claim is drawn from the record."
"A1AC-0115","A-C","PHASE2A1-SEARCH-0008","2026-07-31","Crossref","Minimum Profile Hellinger Distance Estimation for A Two-Sample Location-Shifted Model","Haocheng Li; Jingjing Wu; Jian Yang","2021","10.6339/jds.201807_16(3).0002","10.6339/jds.201807_16(3).0002","A1-DUP-0101","A1AC-0115","UNIQUE_OCCURRENCE","AC","A1AC-DUP-0101","FALSE_POSITIVE","FALSE_POSITIVE","NO_DIRECT_FOUNDATIONAL_FIXED_SAMPLE_COMPOSITE_TEST_OR_MINIMAX_CONVERSE_RESULT_FOR_GAP_01_OR_GAP_03","NO_DIRECT_FOUNDATIONAL_FIXED_SAMPLE_COMPOSITE_TEST_OR_MINIMAX_CONVERSE_RESULT_FOR_GAP_01_OR_GAP_03","LEVEL_3_DISCOVERY_ONLY","NOT_SOUGHT_AFTER_TITLE_METADATA_SCREEN","","","NONE","","audit/phase2a1_raw_search_results/AC/PHASE2A1-SEARCH-0008_crossref.json","Final title/metadata-level false-positive disposition for this bounded A–C workstream; no substantive claim is drawn from the record."
"A1AC-0116","A-C","PHASE2A1-SEARCH-0008","2026-07-31","Crossref","Bayesian inference for the proportion of true null hypotheses using minimum Hellinger distance","Moonsu Kang; Jaewon Lee","2012","10.1016/j.jspi.2011.10.001","10.1016/j.jspi.2011.10.001","A1-DUP-0102","A1AC-0116","UNIQUE_OCCURRENCE","AC","A1AC-DUP-0102","FALSE_POSITIVE","FALSE_POSITIVE","NO_DIRECT_FOUNDATIONAL_FIXED_SAMPLE_COMPOSITE_TEST_OR_MINIMAX_CONVERSE_RESULT_FOR_GAP_01_OR_GAP_03","NO_DIRECT_FOUNDATIONAL_FIXED_SAMPLE_COMPOSITE_TEST_OR_MINIMAX_CONVERSE_RESULT_FOR_GAP_01_OR_GAP_03","LEVEL_3_DISCOVERY_ONLY","NOT_SOUGHT_AFTER_TITLE_METADATA_SCREEN","","","NONE","","audit/phase2a1_raw_search_results/AC/PHASE2A1-SEARCH-0008_crossref.json","Final title/metadata-level false-positive disposition for this bounded A–C workstream; no substantive claim is drawn from the record."
"A1AC-0117","A-C","PHASE2A1-SEARCH-0008","2026-07-31","Crossref","Minimum Hellinger distance estimation in a two-sample semiparametric model","Jingjing Wu; Rohana Karunamuni; Biao Zhang","2010","10.1016/j.jmva.2010.01.006","10.1016/j.jmva.2010.01.006","A1-DUP-0103","A1AC-0117","UNIQUE_OCCURRENCE","AC","A1AC-DUP-0103","FALSE_POSITIVE","FALSE_POSITIVE","NO_DIRECT_FOUNDATIONAL_FIXED_SAMPLE_COMPOSITE_TEST_OR_MINIMAX_CONVERSE_RESULT_FOR_GAP_01_OR_GAP_03","NO_DIRECT_FOUNDATIONAL_FIXED_SAMPLE_COMPOSITE_TEST_OR_MINIMAX_CONVERSE_RESULT_FOR_GAP_01_OR_GAP_03","LEVEL_3_DISCOVERY_ONLY","NOT_SOUGHT_AFTER_TITLE_METADATA_SCREEN","","","NONE","","audit/phase2a1_raw_search_results/AC/PHASE2A1-SEARCH-0008_crossref.json","Final title/metadata-level false-positive disposition for this bounded A–C workstream; no substantive claim is drawn from the record."
"A1AC-0118","A-C","PHASE2A1-SEARCH-0008","2026-07-31","Crossref","Rank Test of Independence Based on Adaptive Hellinger Distance","Wenwen Guo; Shilin Shang; Jiujing Wu","2025","10.1007/s11222-025-10757-w","10.1007/s11222-025-10757-w","A1-DUP-0104","A1AC-0118","UNIQUE_OCCURRENCE","AC","A1AC-DUP-0104","FALSE_POSITIVE","FALSE_POSITIVE","NO_DIRECT_FOUNDATIONAL_FIXED_SAMPLE_COMPOSITE_TEST_OR_MINIMAX_CONVERSE_RESULT_FOR_GAP_01_OR_GAP_03","NO_DIRECT_FOUNDATIONAL_FIXED_SAMPLE_COMPOSITE_TEST_OR_MINIMAX_CONVERSE_RESULT_FOR_GAP_01_OR_GAP_03","LEVEL_3_DISCOVERY_ONLY","NOT_SOUGHT_AFTER_TITLE_METADATA_SCREEN","","","NONE","","audit/phase2a1_raw_search_results/AC/PHASE2A1-SEARCH-0008_crossref.json","Final title/metadata-level false-positive disposition for this bounded A–C workstream; no substantive claim is drawn from the record."
"A1AC-0119","A-C","PHASE2A1-SEARCH-0008","2026-07-31","Crossref","Testing composite hypotheses about discrete ergodic processes","Daniil Ryabko","2012","10.1007/s11749-011-0245-3","10.1007/s11749-011-0245-3","A1-DUP-0105","A1AC-0119","UNIQUE_OCCURRENCE","AC","A1AC-DUP-0105","FULL_TEXT_UNAVAILABLE","FULL_TEXT_UNAVAILABLE","NO_LEGALLY_ACCESSIBLE_INSPECTABLE_PRIMARY_FULL_TEXT_OBTAINED_IN_BOUNDED_RETRIEVAL","NO_LEGALLY_ACCESSIBLE_INSPECTABLE_PRIMARY_FULL_TEXT_OBTAINED_IN_BOUNDED_RETRIEVAL","LEVEL_3_DISCOVERY_ONLY","FULL_TEXT_NOT_OBTAINED_OR_NOT_INSPECTABLE","","","NONE","","audit/phase2a1_raw_search_results/AC/PHASE2A1-SEARCH-0008_crossref.json","Potentially relevant foundational source retained without guarantee coding; it cannot support a substantive synthesis conclusion."
"A1AC-0120","A-C","PHASE2A1-SEARCH-0008","2026-07-31","Crossref","An Alternative to Correspondence Analysis Using Hellinger Distance.","C. R. Rao","1997","10.21236/ada325255","10.21236/ada325255","A1-DUP-0106","A1AC-0120","UNIQUE_OCCURRENCE","AC","A1AC-DUP-0106","FALSE_POSITIVE","FALSE_POSITIVE","NO_DIRECT_FOUNDATIONAL_FIXED_SAMPLE_COMPOSITE_TEST_OR_MINIMAX_CONVERSE_RESULT_FOR_GAP_01_OR_GAP_03","NO_DIRECT_FOUNDATIONAL_FIXED_SAMPLE_COMPOSITE_TEST_OR_MINIMAX_CONVERSE_RESULT_FOR_GAP_01_OR_GAP_03","LEVEL_3_DISCOVERY_ONLY","NOT_SOUGHT_AFTER_TITLE_METADATA_SCREEN","","","NONE","","audit/phase2a1_raw_search_results/AC/PHASE2A1-SEARCH-0008_crossref.json","Final title/metadata-level false-positive disposition for this bounded A–C workstream; no substantive claim is drawn from the record."
"A1AC-0121","A-C","PHASE2A1-SEARCH-0009","2026-07-31","OpenAlex","Distributionally robust optimization","Daniel Kühn; Soroosh Shafieezadeh-Abadeh; Wolfram Wiesemann","2025","10.1017/s0962492924000084","https://openalex.org/W4411917733","A1-DUP-0064","A1AC-0071","SOURCE_LEDGER_GROUP","AC","A1AC-DUP-0064","DUPLICATE","DUPLICATE","DUPLICATE_OF_A1AC-0071","DUPLICATE_OF_A1AC-0071","LEVEL_3_DISCOVERY_ONLY","NOT_APPLICABLE","","","NONE","","audit/phase2a1_raw_search_results/AC/PHASE2A1-SEARCH-0009_openalex.json","Duplicate prospective occurrence; the first occurrence carries the evidence decision."
"A1AC-0122","A-C","PHASE2A1-SEARCH-0009","2026-07-31","OpenAlex","Estimating a regression function","Sara A. van de Geer","1988","https://openalex.org/W2742264950","https://openalex.org/W2742264950","A1-DUP-0107","A1AC-0122","UNIQUE_OCCURRENCE","AC","A1AC-DUP-0107","FALSE_POSITIVE","FALSE_POSITIVE","NO_DIRECT_FOUNDATIONAL_FIXED_SAMPLE_COMPOSITE_TEST_OR_MINIMAX_CONVERSE_RESULT_FOR_GAP_01_OR_GAP_03","NO_DIRECT_FOUNDATIONAL_FIXED_SAMPLE_COMPOSITE_TEST_OR_MINIMAX_CONVERSE_RESULT_FOR_GAP_01_OR_GAP_03","LEVEL_3_DISCOVERY_ONLY","NOT_SOUGHT_AFTER_TITLE_METADATA_SCREEN","","","NONE","","audit/phase2a1_raw_search_results/AC/PHASE2A1-SEARCH-0009_openalex.json","Final title/metadata-level false-positive disposition for this bounded A–C workstream; no substantive claim is drawn from the record."
"A1AC-0123","A-C","PHASE2A1-SEARCH-0009","2026-07-31","OpenAlex","Distributionally Robust Optimization","Daniel Kühn; Soroosh Shafieezadeh-Abadeh; Wolfram Wiesemann","2024","10.48550/arxiv.2411.02549","https://openalex.org/W4404356301","A1-DUP-0108","A1AC-0123","UNIQUE_OCCURRENCE","AC","A1AC-DUP-0108","FALSE_POSITIVE","FALSE_POSITIVE","NO_DIRECT_FOUNDATIONAL_FIXED_SAMPLE_COMPOSITE_TEST_OR_MINIMAX_CONVERSE_RESULT_FOR_GAP_01_OR_GAP_03","NO_DIRECT_FOUNDATIONAL_FIXED_SAMPLE_COMPOSITE_TEST_OR_MINIMAX_CONVERSE_RESULT_FOR_GAP_01_OR_GAP_03","LEVEL_3_DISCOVERY_ONLY","NOT_SOUGHT_AFTER_TITLE_METADATA_SCREEN","","","NONE","","audit/phase2a1_raw_search_results/AC/PHASE2A1-SEARCH-0009_openalex.json","Final title/metadata-level false-positive disposition for this bounded A–C workstream; no substantive claim is drawn from the record."
"A1AC-0124","A-C","PHASE2A1-SEARCH-0009","2026-07-31","OpenAlex","Posterior Convergence Rates and Asymptotic Properties in Sequential Decision Making.","Zhen Li","2021","https://openalex.org/W3169741385","https://openalex.org/W3169741385","A1-DUP-0109","A1AC-0124","UNIQUE_OCCURRENCE","AC","A1AC-DUP-0109","FALSE_POSITIVE","FALSE_POSITIVE","NO_DIRECT_FOUNDATIONAL_FIXED_SAMPLE_COMPOSITE_TEST_OR_MINIMAX_CONVERSE_RESULT_FOR_GAP_01_OR_GAP_03","NO_DIRECT_FOUNDATIONAL_FIXED_SAMPLE_COMPOSITE_TEST_OR_MINIMAX_CONVERSE_RESULT_FOR_GAP_01_OR_GAP_03","LEVEL_3_DISCOVERY_ONLY","NOT_SOUGHT_AFTER_TITLE_METADATA_SCREEN","","","NONE","","audit/phase2a1_raw_search_results/AC/PHASE2A1-SEARCH-0009_openalex.json","Final title/metadata-level false-positive disposition for this bounded A–C workstream; no substantive claim is drawn from the record."
"A1AC-0125","A-C","PHASE2A1-SEARCH-0010","2026-07-31","Crossref","A Robust Metric for Screening Outliers from Analogue Product Manufacturing Tests Responses","Shaji Krishnan; Hans G. Kerkhoff","2011","10.1109/ets.2011.31","10.1109/ets.2011.31","A1-DUP-0110","A1AC-0125","UNIQUE_OCCURRENCE","AC","A1AC-DUP-0110","FALSE_POSITIVE","FALSE_POSITIVE","NO_DIRECT_FOUNDATIONAL_FIXED_SAMPLE_COMPOSITE_TEST_OR_MINIMAX_CONVERSE_RESULT_FOR_GAP_01_OR_GAP_03","NO_DIRECT_FOUNDATIONAL_FIXED_SAMPLE_COMPOSITE_TEST_OR_MINIMAX_CONVERSE_RESULT_FOR_GAP_01_OR_GAP_03","LEVEL_3_DISCOVERY_ONLY","NOT_SOUGHT_AFTER_TITLE_METADATA_SCREEN","","","NONE","","audit/phase2a1_raw_search_results/AC/PHASE2A1-SEARCH-0010_crossref.json","Final title/metadata-level false-positive disposition for this bounded A–C workstream; no substantive claim is drawn from the record."
"A1AC-0126","A-C","PHASE2A1-SEARCH-0010","2026-07-31","Crossref","Specification for test pieces and test methods for metallic materials. Tensile tests","","","10.3403/00106393","10.3403/00106393","A1-DUP-0111","A1AC-0126","UNIQUE_OCCURRENCE","AC","A1AC-DUP-0111","FALSE_POSITIVE","FALSE_POSITIVE","NO_DIRECT_FOUNDATIONAL_FIXED_SAMPLE_COMPOSITE_TEST_OR_MINIMAX_CONVERSE_RESULT_FOR_GAP_01_OR_GAP_03","NO_DIRECT_FOUNDATIONAL_FIXED_SAMPLE_COMPOSITE_TEST_OR_MINIMAX_CONVERSE_RESULT_FOR_GAP_01_OR_GAP_03","LEVEL_3_DISCOVERY_ONLY","NOT_SOUGHT_AFTER_TITLE_METADATA_SCREEN","","","NONE","","audit/phase2a1_raw_search_results/AC/PHASE2A1-SEARCH-0010_crossref.json","Final title/metadata-level false-positive disposition for this bounded A–C workstream; no substantive claim is drawn from the record."
"A1AC-0127","A-C","PHASE2A1-SEARCH-0010","2026-07-31","Crossref","Specification for test pieces and test methods for metallic materials. Tensile tests","","","10.3403/00106393u","10.3403/00106393u","A1-DUP-0112","A1AC-0127","UNIQUE_OCCURRENCE","AC","A1AC-DUP-0112","FALSE_POSITIVE","FALSE_POSITIVE","NO_DIRECT_FOUNDATIONAL_FIXED_SAMPLE_COMPOSITE_TEST_OR_MINIMAX_CONVERSE_RESULT_FOR_GAP_01_OR_GAP_03","NO_DIRECT_FOUNDATIONAL_FIXED_SAMPLE_COMPOSITE_TEST_OR_MINIMAX_CONVERSE_RESULT_FOR_GAP_01_OR_GAP_03","LEVEL_3_DISCOVERY_ONLY","NOT_SOUGHT_AFTER_TITLE_METADATA_SCREEN","","","NONE","","audit/phase2a1_raw_search_results/AC/PHASE2A1-SEARCH-0010_crossref.json","Final title/metadata-level false-positive disposition for this bounded A–C workstream; no substantive claim is drawn from the record."
"A1AC-0128","A-C","PHASE2A1-SEARCH-0010","2026-07-31","Crossref","A robust metric for screening outliers from analogue product manufacturing tests responses","Shaji Krishnan; Hans G. Kerkhoff","2012","10.1109/ets.2012.6233055","10.1109/ets.2012.6233055","A1-DUP-0113","A1AC-0128","UNIQUE_OCCURRENCE","AC","A1AC-DUP-0113","FALSE_POSITIVE","FALSE_POSITIVE","NO_DIRECT_FOUNDATIONAL_FIXED_SAMPLE_COMPOSITE_TEST_OR_MINIMAX_CONVERSE_RESULT_FOR_GAP_01_OR_GAP_03","NO_DIRECT_FOUNDATIONAL_FIXED_SAMPLE_COMPOSITE_TEST_OR_MINIMAX_CONVERSE_RESULT_FOR_GAP_01_OR_GAP_03","LEVEL_3_DISCOVERY_ONLY","NOT_SOUGHT_AFTER_TITLE_METADATA_SCREEN","","","NONE","","audit/phase2a1_raw_search_results/AC/PHASE2A1-SEARCH-0010_crossref.json","Final title/metadata-level false-positive disposition for this bounded A–C workstream; no substantive claim is drawn from the record."
"A1AC-0129","A-C","PHASE2A1-SEARCH-0010","2026-07-31","Crossref","Specification for test pieces and test methods for metallic materials. Tensile tests","","","10.3403/00104773u","10.3403/00104773u","A1-DUP-0114","A1AC-0129","UNIQUE_OCCURRENCE","AC","A1AC-DUP-0114","FALSE_POSITIVE","FALSE_POSITIVE","NO_DIRECT_FOUNDATIONAL_FIXED_SAMPLE_COMPOSITE_TEST_OR_MINIMAX_CONVERSE_RESULT_FOR_GAP_01_OR_GAP_03","NO_DIRECT_FOUNDATIONAL_FIXED_SAMPLE_COMPOSITE_TEST_OR_MINIMAX_CONVERSE_RESULT_FOR_GAP_01_OR_GAP_03","LEVEL_3_DISCOVERY_ONLY","NOT_SOUGHT_AFTER_TITLE_METADATA_SCREEN","","","NONE","","audit/phase2a1_raw_search_results/AC/PHASE2A1-SEARCH-0010_crossref.json","Final title/metadata-level false-positive disposition for this bounded A–C workstream; no substantive claim is drawn from the record."
"A1AC-0130","A-C","PHASE2A1-SEARCH-0010","2026-07-31","Crossref","Specification for test pieces and test methods for metallic materials. Tensile tests","","","10.3403/00104773","10.3403/00104773","A1-DUP-0115","A1AC-0130","UNIQUE_OCCURRENCE","AC","A1AC-DUP-0115","FALSE_POSITIVE","FALSE_POSITIVE","NO_DIRECT_FOUNDATIONAL_FIXED_SAMPLE_COMPOSITE_TEST_OR_MINIMAX_CONVERSE_RESULT_FOR_GAP_01_OR_GAP_03","NO_DIRECT_FOUNDATIONAL_FIXED_SAMPLE_COMPOSITE_TEST_OR_MINIMAX_CONVERSE_RESULT_FOR_GAP_01_OR_GAP_03","LEVEL_3_DISCOVERY_ONLY","NOT_SOUGHT_AFTER_TITLE_METADATA_SCREEN","","","NONE","","audit/phase2a1_raw_search_results/AC/PHASE2A1-SEARCH-0010_crossref.json","Final title/metadata-level false-positive disposition for this bounded A–C workstream; no substantive claim is drawn from the record."
"A1AC-0131","A-C","PHASE2A1-SEARCH-0010","2026-07-31","Crossref","A NONPARAMETRIC HELLINGER METRIC TEST FOR CONDITIONAL INDEPENDENCE","Liangjun Su; Halbert White","2008","10.1017/s0266466608080341","10.1017/s0266466608080341","A1-DUP-0116","A1AC-0131","UNIQUE_OCCURRENCE","AC","A1AC-DUP-0116","FALSE_POSITIVE","FALSE_POSITIVE","NO_DIRECT_FOUNDATIONAL_FIXED_SAMPLE_COMPOSITE_TEST_OR_MINIMAX_CONVERSE_RESULT_FOR_GAP_01_OR_GAP_03","NO_DIRECT_FOUNDATIONAL_FIXED_SAMPLE_COMPOSITE_TEST_OR_MINIMAX_CONVERSE_RESULT_FOR_GAP_01_OR_GAP_03","LEVEL_3_DISCOVERY_ONLY","NOT_SOUGHT_AFTER_TITLE_METADATA_SCREEN","","","NONE","","audit/phase2a1_raw_search_results/AC/PHASE2A1-SEARCH-0010_crossref.json","Final title/metadata-level false-positive disposition for this bounded A–C workstream; no substantive claim is drawn from the record."
"A1AC-0132","A-C","PHASE2A1-SEARCH-0010","2026-07-31","Crossref","Balls","","","10.1007/978-1-84628-627-8_5","10.1007/978-1-84628-627-8_5","A1-DUP-0117","A1AC-0132","UNIQUE_OCCURRENCE","AC","A1AC-DUP-0117","FALSE_POSITIVE","FALSE_POSITIVE","NO_DIRECT_FOUNDATIONAL_FIXED_SAMPLE_COMPOSITE_TEST_OR_MINIMAX_CONVERSE_RESULT_FOR_GAP_01_OR_GAP_03","NO_DIRECT_FOUNDATIONAL_FIXED_SAMPLE_COMPOSITE_TEST_OR_MINIMAX_CONVERSE_RESULT_FOR_GAP_01_OR_GAP_03","LEVEL_3_DISCOVERY_ONLY","NOT_SOUGHT_AFTER_TITLE_METADATA_SCREEN","","","NONE","","audit/phase2a1_raw_search_results/AC/PHASE2A1-SEARCH-0010_crossref.json","Final title/metadata-level false-positive disposition for this bounded A–C workstream; no substantive claim is drawn from the record."
"A1AC-0133","A-C","PHASE2A1-SEARCH-0010","2026-07-31","Crossref","Bootstrapping cointegration tests under structural co-breaks: A robust extended ECM test","Miguel A. Arranz; Alvaro Escribano","2006","10.1007/bf02595424","10.1007/bf02595424","A1-DUP-0118","A1AC-0133","UNIQUE_OCCURRENCE","AC","A1AC-DUP-0118","FALSE_POSITIVE","FALSE_POSITIVE","NO_DIRECT_FOUNDATIONAL_FIXED_SAMPLE_COMPOSITE_TEST_OR_MINIMAX_CONVERSE_RESULT_FOR_GAP_01_OR_GAP_03","NO_DIRECT_FOUNDATIONAL_FIXED_SAMPLE_COMPOSITE_TEST_OR_MINIMAX_CONVERSE_RESULT_FOR_GAP_01_OR_GAP_03","LEVEL_3_DISCOVERY_ONLY","NOT_SOUGHT_AFTER_TITLE_METADATA_SCREEN","","","NONE","","audit/phase2a1_raw_search_results/AC/PHASE2A1-SEARCH-0010_crossref.json","Final title/metadata-level false-positive disposition for this bounded A–C workstream; no substantive claim is drawn from the record."
"A1AC-0134","A-C","PHASE2A1-SEARCH-0010","2026-07-31","Crossref","Radioactive marking of steel balls for grinding tests","G G Eichholz","1959","10.4095/299901","10.4095/299901","A1-DUP-0119","A1AC-0134","UNIQUE_OCCURRENCE","AC","A1AC-DUP-0119","FALSE_POSITIVE","FALSE_POSITIVE","NO_DIRECT_FOUNDATIONAL_FIXED_SAMPLE_COMPOSITE_TEST_OR_MINIMAX_CONVERSE_RESULT_FOR_GAP_01_OR_GAP_03","NO_DIRECT_FOUNDATIONAL_FIXED_SAMPLE_COMPOSITE_TEST_OR_MINIMAX_CONVERSE_RESULT_FOR_GAP_01_OR_GAP_03","LEVEL_3_DISCOVERY_ONLY","NOT_SOUGHT_AFTER_TITLE_METADATA_SCREEN","","","NONE","","audit/phase2a1_raw_search_results/AC/PHASE2A1-SEARCH-0010_crossref.json","Final title/metadata-level false-positive disposition for this bounded A–C workstream; no substantive claim is drawn from the record."
"A1AC-0135","A-C","PHASE2A1-SEARCH-0010","2026-07-31","Crossref","Figure 4: Non-metric multidimensional scaling ordination (stress = 0.088) based on Hellinger transformed abundance of saproxylic Diptera species in decaying wood in southern Quebec.","","","10.7717/peerj.6027/fig-4","10.7717/peerj.6027/fig-4","A1-DUP-0120","A1AC-0135","UNIQUE_OCCURRENCE","AC","A1AC-DUP-0120","FALSE_POSITIVE","FALSE_POSITIVE","NO_DIRECT_FOUNDATIONAL_FIXED_SAMPLE_COMPOSITE_TEST_OR_MINIMAX_CONVERSE_RESULT_FOR_GAP_01_OR_GAP_03","NO_DIRECT_FOUNDATIONAL_FIXED_SAMPLE_COMPOSITE_TEST_OR_MINIMAX_CONVERSE_RESULT_FOR_GAP_01_OR_GAP_03","LEVEL_3_DISCOVERY_ONLY","NOT_SOUGHT_AFTER_TITLE_METADATA_SCREEN","","","NONE","","audit/phase2a1_raw_search_results/AC/PHASE2A1-SEARCH-0010_crossref.json","Final title/metadata-level false-positive disposition for this bounded A–C workstream; no substantive claim is drawn from the record."
"A1AC-0136","A-C","PHASE2A1-SEARCH-0010","2026-07-31","Crossref","Robust tests for parity trees","S. Kundu; S.M. Reddy","","10.1109/test.1988.207852","10.1109/test.1988.207852","A1-DUP-0121","A1AC-0136","UNIQUE_OCCURRENCE","AC","A1AC-DUP-0121","FALSE_POSITIVE","FALSE_POSITIVE","NO_DIRECT_FOUNDATIONAL_FIXED_SAMPLE_COMPOSITE_TEST_OR_MINIMAX_CONVERSE_RESULT_FOR_GAP_01_OR_GAP_03","NO_DIRECT_FOUNDATIONAL_FIXED_SAMPLE_COMPOSITE_TEST_OR_MINIMAX_CONVERSE_RESULT_FOR_GAP_01_OR_GAP_03","LEVEL_3_DISCOVERY_ONLY","NOT_SOUGHT_AFTER_TITLE_METADATA_SCREEN","","","NONE","","audit/phase2a1_raw_search_results/AC/PHASE2A1-SEARCH-0010_crossref.json","Final title/metadata-level false-positive disposition for this bounded A–C workstream; no substantive claim is drawn from the record."
"A1AC-0137","A-C","PHASE2A1-SEARCH-0010","2026-07-31","Crossref","More geometry of vector fields: metric balls and equivalent distances","","2022","10.1142/9789811261695_0009","10.1142/9789811261695_0009","A1-DUP-0122","A1AC-0137","UNIQUE_OCCURRENCE","AC","A1AC-DUP-0122","FALSE_POSITIVE","FALSE_POSITIVE","NO_DIRECT_FOUNDATIONAL_FIXED_SAMPLE_COMPOSITE_TEST_OR_MINIMAX_CONVERSE_RESULT_FOR_GAP_01_OR_GAP_03","NO_DIRECT_FOUNDATIONAL_FIXED_SAMPLE_COMPOSITE_TEST_OR_MINIMAX_CONVERSE_RESULT_FOR_GAP_01_OR_GAP_03","LEVEL_3_DISCOVERY_ONLY","NOT_SOUGHT_AFTER_TITLE_METADATA_SCREEN","","","NONE","","audit/phase2a1_raw_search_results/AC/PHASE2A1-SEARCH-0010_crossref.json","Final title/metadata-level false-positive disposition for this bounded A–C workstream; no substantive claim is drawn from the record."
"A1AC-0138","A-C","PHASE2A1-SEARCH-0010","2026-07-31","Crossref","The Hellinger-Kakutani metric for pattern recognition","V.V. Anh; Q. Tieng; T.D. Bui; G. Chen","","10.1109/icip.1997.638800","10.1109/icip.1997.638800","A1-DUP-0123","A1AC-0138","UNIQUE_OCCURRENCE","AC","A1AC-DUP-0123","FALSE_POSITIVE","FALSE_POSITIVE","NO_DIRECT_FOUNDATIONAL_FIXED_SAMPLE_COMPOSITE_TEST_OR_MINIMAX_CONVERSE_RESULT_FOR_GAP_01_OR_GAP_03","NO_DIRECT_FOUNDATIONAL_FIXED_SAMPLE_COMPOSITE_TEST_OR_MINIMAX_CONVERSE_RESULT_FOR_GAP_01_OR_GAP_03","LEVEL_3_DISCOVERY_ONLY","NOT_SOUGHT_AFTER_TITLE_METADATA_SCREEN","","","NONE","","audit/phase2a1_raw_search_results/AC/PHASE2A1-SEARCH-0010_crossref.json","Final title/metadata-level false-positive disposition for this bounded A–C workstream; no substantive claim is drawn from the record."
"A1AC-0139","A-C","PHASE2A1-SEARCH-0010","2026-07-31","Crossref","Asymptotic isoperimetry of balls in metric measured spaces","R. Tessera","2006","10.5565/publmat_50206_04","10.5565/publmat_50206_04","A1-DUP-0124","A1AC-0139","UNIQUE_OCCURRENCE","AC","A1AC-DUP-0124","FALSE_POSITIVE","FALSE_POSITIVE","NO_DIRECT_FOUNDATIONAL_FIXED_SAMPLE_COMPOSITE_TEST_OR_MINIMAX_CONVERSE_RESULT_FOR_GAP_01_OR_GAP_03","NO_DIRECT_FOUNDATIONAL_FIXED_SAMPLE_COMPOSITE_TEST_OR_MINIMAX_CONVERSE_RESULT_FOR_GAP_01_OR_GAP_03","LEVEL_3_DISCOVERY_ONLY","NOT_SOUGHT_AFTER_TITLE_METADATA_SCREEN","","","NONE","","audit/phase2a1_raw_search_results/AC/PHASE2A1-SEARCH-0010_crossref.json","Final title/metadata-level false-positive disposition for this bounded A–C workstream; no substantive claim is drawn from the record."
"A1AC-0140","A-C","PHASE2A1-SEARCH-0011","2026-07-31","OpenAlex","Deep nonparametric regression on approximate manifolds: Nonasymptotic error bounds with polynomial prefactors","Yuling Jiao; Guohao Shen; Yuanyuan Lin; Jian Huang","2023","10.1214/23-aos2266","https://openalex.org/W4380490515","A1-DUP-0125","A1AC-0140","UNIQUE_OCCURRENCE","AC","A1AC-DUP-0125","FALSE_POSITIVE","FALSE_POSITIVE","NO_DIRECT_FOUNDATIONAL_FIXED_SAMPLE_COMPOSITE_TEST_OR_MINIMAX_CONVERSE_RESULT_FOR_GAP_01_OR_GAP_03","NO_DIRECT_FOUNDATIONAL_FIXED_SAMPLE_COMPOSITE_TEST_OR_MINIMAX_CONVERSE_RESULT_FOR_GAP_01_OR_GAP_03","LEVEL_3_DISCOVERY_ONLY","NOT_SOUGHT_AFTER_TITLE_METADATA_SCREEN","","","NONE","","audit/phase2a1_raw_search_results/AC/PHASE2A1-SEARCH-0011_openalex.json","Final title/metadata-level false-positive disposition for this bounded A–C workstream; no substantive claim is drawn from the record."
"A1AC-0141","A-C","PHASE2A1-SEARCH-0011","2026-07-31","OpenAlex","On combinatorial testing problems","Louigi Addario‐Berry; Nicolas Broutin; Luc Devroye; Gábor Lugosi","2010","10.1214/10-aos817","https://openalex.org/W2166043450","A1-DUP-0038","A1AC-0039","SOURCE_LEDGER_GROUP;NORMALIZED_DOI","AC","A1AC-DUP-0038","DUPLICATE","DUPLICATE","DUPLICATE_OF_A1AC-0039","DUPLICATE_OF_A1AC-0039","LEVEL_3_DISCOVERY_ONLY","NOT_APPLICABLE","","","DUPLICATE_OF_EXISTING_CORPUS","","audit/phase2a1_raw_search_results/AC/PHASE2A1-SEARCH-0011_openalex.json","Duplicate prospective occurrence; the first occurrence carries the evidence decision."
"A1AC-0142","A-C","PHASE2A1-SEARCH-0011","2026-07-31","OpenAlex","Least angle regression","Bradley Efron; Trevor Hastie; Iain M. Johnstone; Robert Tibshirani","2004","10.1214/009053604000000067","https://openalex.org/W2063978378","A1-DUP-0126","A1AC-0142","UNIQUE_OCCURRENCE","AC","A1AC-DUP-0126","FALSE_POSITIVE","FALSE_POSITIVE","NO_DIRECT_FOUNDATIONAL_FIXED_SAMPLE_COMPOSITE_TEST_OR_MINIMAX_CONVERSE_RESULT_FOR_GAP_01_OR_GAP_03","NO_DIRECT_FOUNDATIONAL_FIXED_SAMPLE_COMPOSITE_TEST_OR_MINIMAX_CONVERSE_RESULT_FOR_GAP_01_OR_GAP_03","LEVEL_3_DISCOVERY_ONLY","NOT_SOUGHT_AFTER_TITLE_METADATA_SCREEN","","","NONE","","audit/phase2a1_raw_search_results/AC/PHASE2A1-SEARCH-0011_openalex.json","Final title/metadata-level false-positive disposition for this bounded A–C workstream; no substantive claim is drawn from the record."
"A1AC-0143","A-C","PHASE2A1-SEARCH-0011","2026-07-31","OpenAlex","Testing by Betting: A Strategy for Statistical and Scientific Communication","Glenn Shafer","2021","10.1111/rssa.12647","https://openalex.org/W3159808052","A1-DUP-0003","A1AC-0003","SOURCE_LEDGER_GROUP","AC","A1AC-DUP-0003","DUPLICATE","DUPLICATE","DUPLICATE_OF_A1AC-0003","DUPLICATE_OF_A1AC-0003","LEVEL_3_DISCOVERY_ONLY","NOT_APPLICABLE","","","NONE","","audit/phase2a1_raw_search_results/AC/PHASE2A1-SEARCH-0011_openalex.json","Duplicate prospective occurrence; the first occurrence carries the evidence decision."
"A1AC-0144","A-C","PHASE2A1-SEARCH-0011","2026-07-31","OpenAlex","Noisy matrix decomposition via convex relaxation: Optimal rates in high dimensions","Alekh Agarwal; Sahand Negahban; Martin J. Wainwright","2012","10.1214/12-aos1000","https://openalex.org/W2154514661","A1-DUP-0005","A1AC-0005","SOURCE_LEDGER_GROUP;NORMALIZED_DOI","AC","A1AC-DUP-0005","DUPLICATE","DUPLICATE","DUPLICATE_OF_A1AC-0005","DUPLICATE_OF_A1AC-0005","LEVEL_3_DISCOVERY_ONLY","NOT_APPLICABLE","","","NONE","","audit/phase2a1_raw_search_results/AC/PHASE2A1-SEARCH-0011_openalex.json","Duplicate prospective occurrence; the first occurrence carries the evidence decision."
"A1AC-0145","A-C","PHASE2A1-SEARCH-0011","2026-07-31","OpenAlex","Testing exchangeability: Fork-convexity, supermartingales and e-processes","Aaditya Ramdas; Johannes Ruf; Martin Larsson; Wouter M. Koolen","2021","10.1016/j.ijar.2021.06.017","https://openalex.org/W3175186327","A1-DUP-0010","A1AC-0010","SOURCE_LEDGER_GROUP","AC","A1AC-DUP-0010","DUPLICATE","DUPLICATE","DUPLICATE_OF_A1AC-0010","DUPLICATE_OF_A1AC-0010","LEVEL_3_DISCOVERY_ONLY","NOT_APPLICABLE","","","NONE","","audit/phase2a1_raw_search_results/AC/PHASE2A1-SEARCH-0011_openalex.json","Duplicate prospective occurrence; the first occurrence carries the evidence decision."
"A1AC-0146","A-C","PHASE2A1-SEARCH-0011","2026-07-31","OpenAlex","Hypothesis testing with e-values","Aaditya Ramdas; Ruodu Wang","2024","10.48550/arxiv.2410.23614","https://openalex.org/W4404346919","A1-DUP-0012","A1AC-0012","SOURCE_LEDGER_GROUP","AC","A1AC-DUP-0012","DUPLICATE","DUPLICATE","DUPLICATE_OF_A1AC-0012","DUPLICATE_OF_A1AC-0012","LEVEL_3_DISCOVERY_ONLY","NOT_APPLICABLE","","","NONE","","audit/phase2a1_raw_search_results/AC/PHASE2A1-SEARCH-0011_openalex.json","Duplicate prospective occurrence; the first occurrence carries the evidence decision."
"A1AC-0147","A-C","PHASE2A1-SEARCH-0011","2026-07-31","OpenAlex","A strong converse bound for multiple hypothesis testing, with applications to high-dimensional estimation","Ramji Venkataramanan; Oliver Johnson","2018","10.1214/18-ejs1419","https://openalex.org/W2790620458","A1-DUP-0127","A1AC-0147","SOURCE_LEDGER_GROUP;NORMALIZED_DOI","AC","A1AC-DUP-0127","FULL_TEXT_INCLUDED","FULL_TEXT_INCLUDED","","","LEVEL_1_LOAD_BEARING","AUTHOR_MANUSCRIPT_FULL_TEXT_INSPECTED","arxiv_1706.04410_source/revised_v5_arxiv.tex:180-269 (§2, Theorem thm:main and Eq. eq:main), 270-291 (§2.1 comparison with Birgé/Fano/Assouad), 735-799 (Fano recovery)","P0056","EXISTING_CORPUS_RECORD","NEW_CORPUS_CANDIDATE","audit/phase2a1_raw_search_results/AC/PHASE2A1-SEARCH-0011_openalex.json","Finite-sample Rényi-divergence lower bound on average error for finite M-ary hypotheses; supplies a converse after choosing a finite packing, not a constructive composite-vs-composite test."
"A1AC-0148","A-C","PHASE2A1-SEARCH-0011","2026-07-31","OpenAlex","Testing Identity of Structured Distributions","Ilias Diakonikolas; Daniel M. Kane; Vladimir Nikishkin","2014","10.1137/1.9781611973730.123","https://openalex.org/W1904943963","A1-DUP-0128","A1AC-0148","UNIQUE_OCCURRENCE","AC","A1AC-DUP-0128","FALSE_POSITIVE","FALSE_POSITIVE","NO_DIRECT_FOUNDATIONAL_FIXED_SAMPLE_COMPOSITE_TEST_OR_MINIMAX_CONVERSE_RESULT_FOR_GAP_01_OR_GAP_03","NO_DIRECT_FOUNDATIONAL_FIXED_SAMPLE_COMPOSITE_TEST_OR_MINIMAX_CONVERSE_RESULT_FOR_GAP_01_OR_GAP_03","LEVEL_3_DISCOVERY_ONLY","NOT_SOUGHT_AFTER_TITLE_METADATA_SCREEN","","","NONE","","audit/phase2a1_raw_search_results/AC/PHASE2A1-SEARCH-0011_openalex.json","Final title/metadata-level false-positive disposition for this bounded A–C workstream; no substantive claim is drawn from the record."
"A1AC-0149","A-C","PHASE2A1-SEARCH-0011","2026-07-31","OpenAlex","Theoretical issues in deep networks","Tomaso Poggio; Andrzej Banburski; Qianli Liao","2020","10.1073/pnas.1907369117","https://openalex.org/W2995896684","A1-DUP-0129","A1AC-0149","UNIQUE_OCCURRENCE","AC","A1AC-DUP-0129","FALSE_POSITIVE","FALSE_POSITIVE","NO_DIRECT_FOUNDATIONAL_FIXED_SAMPLE_COMPOSITE_TEST_OR_MINIMAX_CONVERSE_RESULT_FOR_GAP_01_OR_GAP_03","NO_DIRECT_FOUNDATIONAL_FIXED_SAMPLE_COMPOSITE_TEST_OR_MINIMAX_CONVERSE_RESULT_FOR_GAP_01_OR_GAP_03","LEVEL_3_DISCOVERY_ONLY","NOT_SOUGHT_AFTER_TITLE_METADATA_SCREEN","","","NONE","","audit/phase2a1_raw_search_results/AC/PHASE2A1-SEARCH-0011_openalex.json","Final title/metadata-level false-positive disposition for this bounded A–C workstream; no substantive claim is drawn from the record."
"A1AC-0150","A-C","PHASE2A1-SEARCH-0011","2026-07-31","OpenAlex","One-Shot Yield-Cost Relations in General Quantum Resource Theories","Ryuji Takagi; Bartosz Regula; Mark M. Wilde","2022","10.1103/prxquantum.3.010348","https://openalex.org/W3202503876","A1-DUP-0130","A1AC-0150","UNIQUE_OCCURRENCE","AC","A1AC-DUP-0130","FALSE_POSITIVE","FALSE_POSITIVE","NO_DIRECT_FOUNDATIONAL_FIXED_SAMPLE_COMPOSITE_TEST_OR_MINIMAX_CONVERSE_RESULT_FOR_GAP_01_OR_GAP_03","NO_DIRECT_FOUNDATIONAL_FIXED_SAMPLE_COMPOSITE_TEST_OR_MINIMAX_CONVERSE_RESULT_FOR_GAP_01_OR_GAP_03","LEVEL_3_DISCOVERY_ONLY","NOT_SOUGHT_AFTER_TITLE_METADATA_SCREEN","","","NONE","","audit/phase2a1_raw_search_results/AC/PHASE2A1-SEARCH-0011_openalex.json","Final title/metadata-level false-positive disposition for this bounded A–C workstream; no substantive claim is drawn from the record."
"A1AC-0151","A-C","PHASE2A1-SEARCH-0011","2026-07-31","OpenAlex","Hypothesis Test and Confidence Analysis with Wasserstein Distance on General Dimension","Masaaki Imaizumi; Hirofumi Ota; Takuo Hamaguchi","2019","10.48550/arxiv.1910.07773","https://openalex.org/W4288091625","A1-DUP-0131","A1AC-0151","UNIQUE_OCCURRENCE","AC","A1AC-DUP-0131","FALSE_POSITIVE","FALSE_POSITIVE","NO_DIRECT_FOUNDATIONAL_FIXED_SAMPLE_COMPOSITE_TEST_OR_MINIMAX_CONVERSE_RESULT_FOR_GAP_01_OR_GAP_03","NO_DIRECT_FOUNDATIONAL_FIXED_SAMPLE_COMPOSITE_TEST_OR_MINIMAX_CONVERSE_RESULT_FOR_GAP_01_OR_GAP_03","LEVEL_3_DISCOVERY_ONLY","NOT_SOUGHT_AFTER_TITLE_METADATA_SCREEN","","","NONE","","audit/phase2a1_raw_search_results/AC/PHASE2A1-SEARCH-0011_openalex.json","Final title/metadata-level false-positive disposition for this bounded A–C workstream; no substantive claim is drawn from the record."
"A1AC-0152","A-C","PHASE2A1-SEARCH-0011","2026-07-31","OpenAlex","Information-Theoretic Generalization Bounds for Meta-Learning and Applications","Sharu Theresa Jose; Osvaldo Simeone","2021","10.3390/e23010126","https://openalex.org/W3023926204","A1-DUP-0132","A1AC-0152","UNIQUE_OCCURRENCE","AC","A1AC-DUP-0132","FALSE_POSITIVE","FALSE_POSITIVE","NO_DIRECT_FOUNDATIONAL_FIXED_SAMPLE_COMPOSITE_TEST_OR_MINIMAX_CONVERSE_RESULT_FOR_GAP_01_OR_GAP_03","NO_DIRECT_FOUNDATIONAL_FIXED_SAMPLE_COMPOSITE_TEST_OR_MINIMAX_CONVERSE_RESULT_FOR_GAP_01_OR_GAP_03","LEVEL_3_DISCOVERY_ONLY","NOT_SOUGHT_AFTER_TITLE_METADATA_SCREEN","","","NONE","","audit/phase2a1_raw_search_results/AC/PHASE2A1-SEARCH-0011_openalex.json","Final title/metadata-level false-positive disposition for this bounded A–C workstream; no substantive claim is drawn from the record."
"A1AC-0153","A-C","PHASE2A1-SEARCH-0011","2026-07-31","OpenAlex","Discovering causal relations and equations from data","Gustau Camps‐Valls; Andreas Gerhardus; Urmi Ninad; Gherardo Varando; Georg Martius; Emili Balaguer‐Ballester; Ricardo Vinuesa; Emiliano Díaz; Laure Zanna; Jakob Runge","2023","10.1016/j.physrep.2023.10.005","https://openalex.org/W4388473546","A1-DUP-0133","A1AC-0153","UNIQUE_OCCURRENCE","AC","A1AC-DUP-0133","FALSE_POSITIVE","FALSE_POSITIVE","NO_DIRECT_FOUNDATIONAL_FIXED_SAMPLE_COMPOSITE_TEST_OR_MINIMAX_CONVERSE_RESULT_FOR_GAP_01_OR_GAP_03","NO_DIRECT_FOUNDATIONAL_FIXED_SAMPLE_COMPOSITE_TEST_OR_MINIMAX_CONVERSE_RESULT_FOR_GAP_01_OR_GAP_03","LEVEL_3_DISCOVERY_ONLY","NOT_SOUGHT_AFTER_TITLE_METADATA_SCREEN","","","NONE","","audit/phase2a1_raw_search_results/AC/PHASE2A1-SEARCH-0011_openalex.json","Final title/metadata-level false-positive disposition for this bounded A–C workstream; no substantive claim is drawn from the record."
"A1AC-0154","A-C","PHASE2A1-SEARCH-0011","2026-07-31","OpenAlex","Effective Berry–Esseen and concentration bounds for Markov chains with a spectral gap","Benoît Kloeckner","2019","10.1214/18-aap1438","https://openalex.org/W2917290884","A1-DUP-0134","A1AC-0154","UNIQUE_OCCURRENCE","AC","A1AC-DUP-0134","FALSE_POSITIVE","FALSE_POSITIVE","NO_DIRECT_FOUNDATIONAL_FIXED_SAMPLE_COMPOSITE_TEST_OR_MINIMAX_CONVERSE_RESULT_FOR_GAP_01_OR_GAP_03","NO_DIRECT_FOUNDATIONAL_FIXED_SAMPLE_COMPOSITE_TEST_OR_MINIMAX_CONVERSE_RESULT_FOR_GAP_01_OR_GAP_03","LEVEL_3_DISCOVERY_ONLY","NOT_SOUGHT_AFTER_TITLE_METADATA_SCREEN","","","NONE","","audit/phase2a1_raw_search_results/AC/PHASE2A1-SEARCH-0011_openalex.json","Final title/metadata-level false-positive disposition for this bounded A–C workstream; no substantive claim is drawn from the record."
"A1AC-0155","A-C","PHASE2A1-SEARCH-0012","2026-07-31","Crossref","Beyond Hypothesis Testing","Joseph Kadane","2016","10.3390/e18050199","10.3390/e18050199","A1-DUP-0135","A1AC-0155","NORMALIZED_DOI","AC","A1AC-DUP-0135","FALSE_POSITIVE","FALSE_POSITIVE","NO_DIRECT_FOUNDATIONAL_FIXED_SAMPLE_COMPOSITE_TEST_OR_MINIMAX_CONVERSE_RESULT_FOR_GAP_01_OR_GAP_03","NO_DIRECT_FOUNDATIONAL_FIXED_SAMPLE_COMPOSITE_TEST_OR_MINIMAX_CONVERSE_RESULT_FOR_GAP_01_OR_GAP_03","LEVEL_3_DISCOVERY_ONLY","NOT_SOUGHT_AFTER_TITLE_METADATA_SCREEN","","","NONE","","audit/phase2a1_raw_search_results/AC/PHASE2A1-SEARCH-0012_crossref.json","Final title/metadata-level false-positive disposition for this bounded A–C workstream; no substantive claim is drawn from the record."
"A1AC-0156","A-C","PHASE2A1-SEARCH-0012","2026-07-31","Crossref","Privacy-Aware Distributed Hypothesis Testing","Sreejith Sreekumar; Asaf Cohen; Deniz Gündüz","2020","10.3390/e22060665","10.3390/e22060665","A1-DUP-0136","A1AC-0156","NORMALIZED_DOI","AC","A1AC-DUP-0136","FALSE_POSITIVE","FALSE_POSITIVE","NO_DIRECT_FOUNDATIONAL_FIXED_SAMPLE_COMPOSITE_TEST_OR_MINIMAX_CONVERSE_RESULT_FOR_GAP_01_OR_GAP_03","NO_DIRECT_FOUNDATIONAL_FIXED_SAMPLE_COMPOSITE_TEST_OR_MINIMAX_CONVERSE_RESULT_FOR_GAP_01_OR_GAP_03","LEVEL_3_DISCOVERY_ONLY","NOT_SOUGHT_AFTER_TITLE_METADATA_SCREEN","","","NONE","","audit/phase2a1_raw_search_results/AC/PHASE2A1-SEARCH-0012_crossref.json","Final title/metadata-level false-positive disposition for this bounded A–C workstream; no substantive claim is drawn from the record."
"A1AC-0157","A-C","PHASE2A1-SEARCH-0012","2026-07-31","Crossref","Transfer Learning in Multiple Hypothesis Testing","Stefano Cabras; María Eugenia Castellanos Nueda","2024","10.3390/e26010049","10.3390/e26010049","A1-DUP-0137","A1AC-0157","NORMALIZED_DOI","AC","A1AC-DUP-0137","FALSE_POSITIVE","FALSE_POSITIVE","NO_DIRECT_FOUNDATIONAL_FIXED_SAMPLE_COMPOSITE_TEST_OR_MINIMAX_CONVERSE_RESULT_FOR_GAP_01_OR_GAP_03","NO_DIRECT_FOUNDATIONAL_FIXED_SAMPLE_COMPOSITE_TEST_OR_MINIMAX_CONVERSE_RESULT_FOR_GAP_01_OR_GAP_03","LEVEL_3_DISCOVERY_ONLY","NOT_SOUGHT_AFTER_TITLE_METADATA_SCREEN","","","NONE","","audit/phase2a1_raw_search_results/AC/PHASE2A1-SEARCH-0012_crossref.json","Final title/metadata-level false-positive disposition for this bounded A–C workstream; no substantive claim is drawn from the record."
"A1AC-0158","A-C","PHASE2A1-SEARCH-0012","2026-07-31","Crossref","Universal Donsker Classes and Metric Entropy","R. M. Dudley","2010","10.1007/978-1-4419-5821-1_19","10.1007/978-1-4419-5821-1_19","A1-DUP-0138","A1AC-0158","UNIQUE_OCCURRENCE","AC","A1AC-DUP-0138","FALSE_POSITIVE","FALSE_POSITIVE","NO_DIRECT_FOUNDATIONAL_FIXED_SAMPLE_COMPOSITE_TEST_OR_MINIMAX_CONVERSE_RESULT_FOR_GAP_01_OR_GAP_03","NO_DIRECT_FOUNDATIONAL_FIXED_SAMPLE_COMPOSITE_TEST_OR_MINIMAX_CONVERSE_RESULT_FOR_GAP_01_OR_GAP_03","LEVEL_3_DISCOVERY_ONLY","NOT_SOUGHT_AFTER_TITLE_METADATA_SCREEN","","","NONE","","audit/phase2a1_raw_search_results/AC/PHASE2A1-SEARCH-0012_crossref.json","Final title/metadata-level false-positive disposition for this bounded A–C workstream; no substantive claim is drawn from the record."
"A1AC-0159","A-C","PHASE2A1-SEARCH-0012","2026-07-31","Crossref","Universal Donsker Classes and Metric Entropy","R. M. Dudley","1987","10.1214/aop/1176991978","10.1214/aop/1176991978","A1-DUP-0139","A1AC-0159","UNIQUE_OCCURRENCE","AC","A1AC-DUP-0139","FALSE_POSITIVE","FALSE_POSITIVE","NO_DIRECT_FOUNDATIONAL_FIXED_SAMPLE_COMPOSITE_TEST_OR_MINIMAX_CONVERSE_RESULT_FOR_GAP_01_OR_GAP_03","NO_DIRECT_FOUNDATIONAL_FIXED_SAMPLE_COMPOSITE_TEST_OR_MINIMAX_CONVERSE_RESULT_FOR_GAP_01_OR_GAP_03","LEVEL_3_DISCOVERY_ONLY","NOT_SOUGHT_AFTER_TITLE_METADATA_SCREEN","","","NONE","","audit/phase2a1_raw_search_results/AC/PHASE2A1-SEARCH-0012_crossref.json","Final title/metadata-level false-positive disposition for this bounded A–C workstream; no substantive claim is drawn from the record."
"A1AC-0160","A-C","PHASE2A1-SEARCH-0012","2026-07-31","Crossref","Testing the Isotropic Cauchy Hypothesis","Jihad Fahs; Ibrahim Abou-Faycal; Ibrahim Issa","2024","10.3390/e26121084","10.3390/e26121084","A1-DUP-0140","A1AC-0160","NORMALIZED_DOI","AC","A1AC-DUP-0140","FALSE_POSITIVE","FALSE_POSITIVE","NO_DIRECT_FOUNDATIONAL_FIXED_SAMPLE_COMPOSITE_TEST_OR_MINIMAX_CONVERSE_RESULT_FOR_GAP_01_OR_GAP_03","NO_DIRECT_FOUNDATIONAL_FIXED_SAMPLE_COMPOSITE_TEST_OR_MINIMAX_CONVERSE_RESULT_FOR_GAP_01_OR_GAP_03","LEVEL_3_DISCOVERY_ONLY","NOT_SOUGHT_AFTER_TITLE_METADATA_SCREEN","","","NONE","","audit/phase2a1_raw_search_results/AC/PHASE2A1-SEARCH-0012_crossref.json","Final title/metadata-level false-positive disposition for this bounded A–C workstream; no substantive claim is drawn from the record."
"A1AC-0161","A-C","PHASE2A1-SEARCH-0012","2026-07-31","Crossref","Nonasymptotic Upper Bounds on Binary Single Deletion Codes via Mixed Integer Linear Programming","Albert No","2019","10.3390/e21121202","10.3390/e21121202","A1-DUP-0141","A1AC-0161","UNIQUE_OCCURRENCE","AC","A1AC-DUP-0141","FALSE_POSITIVE","FALSE_POSITIVE","NO_DIRECT_FOUNDATIONAL_FIXED_SAMPLE_COMPOSITE_TEST_OR_MINIMAX_CONVERSE_RESULT_FOR_GAP_01_OR_GAP_03","NO_DIRECT_FOUNDATIONAL_FIXED_SAMPLE_COMPOSITE_TEST_OR_MINIMAX_CONVERSE_RESULT_FOR_GAP_01_OR_GAP_03","LEVEL_3_DISCOVERY_ONLY","NOT_SOUGHT_AFTER_TITLE_METADATA_SCREEN","","","NONE","","audit/phase2a1_raw_search_results/AC/PHASE2A1-SEARCH-0012_crossref.json","Final title/metadata-level false-positive disposition for this bounded A–C workstream; no substantive claim is drawn from the record."
"A1AC-0162","A-C","PHASE2A1-SEARCH-0012","2026-07-31","Crossref","Metric Entropy Conditions for Kernels, Schatten Classes and Eigenvalue Problems","Bernd Carl","2000","10.1007/978-1-4757-6048-4_37","10.1007/978-1-4757-6048-4_37","A1-DUP-0142","A1AC-0162","UNIQUE_OCCURRENCE","AC","A1AC-DUP-0142","FALSE_POSITIVE","FALSE_POSITIVE","NO_DIRECT_FOUNDATIONAL_FIXED_SAMPLE_COMPOSITE_TEST_OR_MINIMAX_CONVERSE_RESULT_FOR_GAP_01_OR_GAP_03","NO_DIRECT_FOUNDATIONAL_FIXED_SAMPLE_COMPOSITE_TEST_OR_MINIMAX_CONVERSE_RESULT_FOR_GAP_01_OR_GAP_03","LEVEL_3_DISCOVERY_ONLY","NOT_SOUGHT_AFTER_TITLE_METADATA_SCREEN","","","NONE","","audit/phase2a1_raw_search_results/AC/PHASE2A1-SEARCH-0012_crossref.json","Final title/metadata-level false-positive disposition for this bounded A–C workstream; no substantive claim is drawn from the record."
"A1AC-0163","A-C","PHASE2A1-SEARCH-0012","2026-07-31","Crossref","Distributed Hypothesis Testing over a Noisy Channel: Error-Exponents Trade-Off","Sreejith Sreekumar; Deniz Gündüz","2023","10.3390/e25020304","10.3390/e25020304","A1-DUP-0143","A1AC-0163","UNIQUE_OCCURRENCE","AC","A1AC-DUP-0143","FALSE_POSITIVE","FALSE_POSITIVE","NO_DIRECT_FOUNDATIONAL_FIXED_SAMPLE_COMPOSITE_TEST_OR_MINIMAX_CONVERSE_RESULT_FOR_GAP_01_OR_GAP_03","NO_DIRECT_FOUNDATIONAL_FIXED_SAMPLE_COMPOSITE_TEST_OR_MINIMAX_CONVERSE_RESULT_FOR_GAP_01_OR_GAP_03","LEVEL_3_DISCOVERY_ONLY","NOT_SOUGHT_AFTER_TITLE_METADATA_SCREEN","","","NONE","","audit/phase2a1_raw_search_results/AC/PHASE2A1-SEARCH-0012_crossref.json","Final title/metadata-level false-positive disposition for this bounded A–C workstream; no substantive claim is drawn from the record."
"A1AC-0164","A-C","PHASE2A1-SEARCH-0012","2026-07-31","Crossref","First- and Second-Order Hypothesis Testing for Mixed Memoryless Sources","Te Sun Han; Ryo Nomura","2018","10.3390/e20030174","10.3390/e20030174","A1-DUP-0144","A1AC-0164","UNIQUE_OCCURRENCE","AC","A1AC-DUP-0144","FALSE_POSITIVE","FALSE_POSITIVE","NO_DIRECT_FOUNDATIONAL_FIXED_SAMPLE_COMPOSITE_TEST_OR_MINIMAX_CONVERSE_RESULT_FOR_GAP_01_OR_GAP_03","NO_DIRECT_FOUNDATIONAL_FIXED_SAMPLE_COMPOSITE_TEST_OR_MINIMAX_CONVERSE_RESULT_FOR_GAP_01_OR_GAP_03","LEVEL_3_DISCOVERY_ONLY","NOT_SOUGHT_AFTER_TITLE_METADATA_SCREEN","","","NONE","","audit/phase2a1_raw_search_results/AC/PHASE2A1-SEARCH-0012_crossref.json","Final title/metadata-level false-positive disposition for this bounded A–C workstream; no substantive claim is drawn from the record."
"A1AC-0165","A-C","PHASE2A1-SEARCH-0012","2026-07-31","Crossref","Bayesian Testing of a Point Null Hypothesis Based on the Latent Information Prior","Fumiyasu Komaki","2013","10.3390/e15104416","10.3390/e15104416","A1-DUP-0145","A1AC-0165","UNIQUE_OCCURRENCE","AC","A1AC-DUP-0145","FALSE_POSITIVE","FALSE_POSITIVE","NO_DIRECT_FOUNDATIONAL_FIXED_SAMPLE_COMPOSITE_TEST_OR_MINIMAX_CONVERSE_RESULT_FOR_GAP_01_OR_GAP_03","NO_DIRECT_FOUNDATIONAL_FIXED_SAMPLE_COMPOSITE_TEST_OR_MINIMAX_CONVERSE_RESULT_FOR_GAP_01_OR_GAP_03","LEVEL_3_DISCOVERY_ONLY","NOT_SOUGHT_AFTER_TITLE_METADATA_SCREEN","","","NONE","","audit/phase2a1_raw_search_results/AC/PHASE2A1-SEARCH-0012_crossref.json","Final title/metadata-level false-positive disposition for this bounded A–C workstream; no substantive claim is drawn from the record."
"A1AC-0166","A-C","PHASE2A1-SEARCH-0012","2026-07-31","Crossref","Metric Entropy of Some Classes of Sets with Differentiable Boundaries","R. M. Dudley","2010","10.1007/978-1-4419-5821-1_26","10.1007/978-1-4419-5821-1_26","A1-DUP-0146","A1AC-0166","UNIQUE_OCCURRENCE","AC","A1AC-DUP-0146","FALSE_POSITIVE","FALSE_POSITIVE","NO_DIRECT_FOUNDATIONAL_FIXED_SAMPLE_COMPOSITE_TEST_OR_MINIMAX_CONVERSE_RESULT_FOR_GAP_01_OR_GAP_03","NO_DIRECT_FOUNDATIONAL_FIXED_SAMPLE_COMPOSITE_TEST_OR_MINIMAX_CONVERSE_RESULT_FOR_GAP_01_OR_GAP_03","LEVEL_3_DISCOVERY_ONLY","NOT_SOUGHT_AFTER_TITLE_METADATA_SCREEN","","","NONE","","audit/phase2a1_raw_search_results/AC/PHASE2A1-SEARCH-0012_crossref.json","Final title/metadata-level false-positive disposition for this bounded A–C workstream; no substantive claim is drawn from the record."
"A1AC-0167","A-C","PHASE2A1-SEARCH-0012","2026-07-31","Crossref","The Entropy Method","Stéphane Boucheron; Gábor Lugosi; Pascal Massart","2013","10.1093/acprof:oso/9780199535255.003.0006","10.1093/acprof:oso/9780199535255.003.0006","A1-DUP-0147","A1AC-0167","UNIQUE_OCCURRENCE","AC","A1AC-DUP-0147","FALSE_POSITIVE","FALSE_POSITIVE","NO_DIRECT_FOUNDATIONAL_FIXED_SAMPLE_COMPOSITE_TEST_OR_MINIMAX_CONVERSE_RESULT_FOR_GAP_01_OR_GAP_03","NO_DIRECT_FOUNDATIONAL_FIXED_SAMPLE_COMPOSITE_TEST_OR_MINIMAX_CONVERSE_RESULT_FOR_GAP_01_OR_GAP_03","LEVEL_3_DISCOVERY_ONLY","NOT_SOUGHT_AFTER_TITLE_METADATA_SCREEN","","","NONE","","audit/phase2a1_raw_search_results/AC/PHASE2A1-SEARCH-0012_crossref.json","Final title/metadata-level false-positive disposition for this bounded A–C workstream; no substantive claim is drawn from the record."
"A1AC-0168","A-C","PHASE2A1-SEARCH-0012","2026-07-31","Crossref","Distributed Hypothesis Testing with Privacy Constraints","Atefeh Gilani; Selma Belhadj Amor; Sadaf Salehkalaibar; Vincent Y. F. Tan","2019","10.3390/e21050478","10.3390/e21050478","A1-DUP-0148","A1AC-0168","UNIQUE_OCCURRENCE","AC","A1AC-DUP-0148","FALSE_POSITIVE","FALSE_POSITIVE","NO_DIRECT_FOUNDATIONAL_FIXED_SAMPLE_COMPOSITE_TEST_OR_MINIMAX_CONVERSE_RESULT_FOR_GAP_01_OR_GAP_03","NO_DIRECT_FOUNDATIONAL_FIXED_SAMPLE_COMPOSITE_TEST_OR_MINIMAX_CONVERSE_RESULT_FOR_GAP_01_OR_GAP_03","LEVEL_3_DISCOVERY_ONLY","NOT_SOUGHT_AFTER_TITLE_METADATA_SCREEN","","","NONE","","audit/phase2a1_raw_search_results/AC/PHASE2A1-SEARCH-0012_crossref.json","Final title/metadata-level false-positive disposition for this bounded A–C workstream; no substantive claim is drawn from the record."
"A1AC-0169","A-C","PHASE2A1-SEARCH-0012","2026-07-31","Crossref","Weighted Chernoff Information and Optimal Loss Exponent in Context-Sensitive Hypothesis Testing","Mark Kelbert; El’mira Yu. Kalimulina","2026","10.3390/e28050536","10.3390/e28050536","A1-DUP-0149","A1AC-0169","UNIQUE_OCCURRENCE","AC","A1AC-DUP-0149","FALSE_POSITIVE","FALSE_POSITIVE","NO_DIRECT_FOUNDATIONAL_FIXED_SAMPLE_COMPOSITE_TEST_OR_MINIMAX_CONVERSE_RESULT_FOR_GAP_01_OR_GAP_03","NO_DIRECT_FOUNDATIONAL_FIXED_SAMPLE_COMPOSITE_TEST_OR_MINIMAX_CONVERSE_RESULT_FOR_GAP_01_OR_GAP_03","LEVEL_3_DISCOVERY_ONLY","NOT_SOUGHT_AFTER_TITLE_METADATA_SCREEN","","","NONE","","audit/phase2a1_raw_search_results/AC/PHASE2A1-SEARCH-0012_crossref.json","Final title/metadata-level false-positive disposition for this bounded A–C workstream; no substantive claim is drawn from the record."
"A1AC-0170","A-C","PHASE2A1-SEARCH-0013","2026-07-31","OpenAlex","Minimax Optimal Procedures for Locally Private Estimation","John C. Duchi; Michael I. Jordan; Martin J. Wainwright","2017","10.1080/01621459.2017.1389735","https://openalex.org/W2342135826","A1-DUP-0150","A1AC-0170","UNIQUE_OCCURRENCE","AC","A1AC-DUP-0150","FALSE_POSITIVE","FALSE_POSITIVE","NO_DIRECT_FOUNDATIONAL_FIXED_SAMPLE_COMPOSITE_TEST_OR_MINIMAX_CONVERSE_RESULT_FOR_GAP_01_OR_GAP_03","NO_DIRECT_FOUNDATIONAL_FIXED_SAMPLE_COMPOSITE_TEST_OR_MINIMAX_CONVERSE_RESULT_FOR_GAP_01_OR_GAP_03","LEVEL_3_DISCOVERY_ONLY","NOT_SOUGHT_AFTER_TITLE_METADATA_SCREEN","","","NONE","","audit/phase2a1_raw_search_results/AC/PHASE2A1-SEARCH-0013_openalex.json","Final title/metadata-level false-positive disposition for this bounded A–C workstream; no substantive claim is drawn from the record."
"A1AC-0171","A-C","PHASE2A1-SEARCH-0013","2026-07-31","OpenAlex","Risk bounds for statistical learning","Pascal Massart; Élodie Nédélec","2006","10.1214/009053606000000786","https://openalex.org/W2076541756","A1-DUP-0151","A1AC-0171","UNIQUE_OCCURRENCE","AC","A1AC-DUP-0151","FALSE_POSITIVE","FALSE_POSITIVE","NO_DIRECT_FOUNDATIONAL_FIXED_SAMPLE_COMPOSITE_TEST_OR_MINIMAX_CONVERSE_RESULT_FOR_GAP_01_OR_GAP_03","NO_DIRECT_FOUNDATIONAL_FIXED_SAMPLE_COMPOSITE_TEST_OR_MINIMAX_CONVERSE_RESULT_FOR_GAP_01_OR_GAP_03","LEVEL_3_DISCOVERY_ONLY","NOT_SOUGHT_AFTER_TITLE_METADATA_SCREEN","","","NONE","","audit/phase2a1_raw_search_results/AC/PHASE2A1-SEARCH-0013_openalex.json","Final title/metadata-level false-positive disposition for this bounded A–C workstream; no substantive claim is drawn from the record."
"A1AC-0172","A-C","PHASE2A1-SEARCH-0013","2026-07-31","OpenAlex","Restricted strong convexity and weighted matrix completion: Optimal bounds with noise","Sahand Negahban; Martin J. Wainwright","2010","10.48550/arxiv.1009.2118","https://openalex.org/W2111297856","A1-DUP-0006","A1AC-0006","SOURCE_LEDGER_GROUP","AC","A1AC-DUP-0006","DUPLICATE","DUPLICATE","DUPLICATE_OF_A1AC-0006","DUPLICATE_OF_A1AC-0006","LEVEL_3_DISCOVERY_ONLY","NOT_APPLICABLE","","","NONE","","audit/phase2a1_raw_search_results/AC/PHASE2A1-SEARCH-0013_openalex.json","Duplicate prospective occurrence; the first occurrence carries the evidence decision."
"A1AC-0173","A-C","PHASE2A1-SEARCH-0013","2026-07-31","OpenAlex","Noisy matrix decomposition via convex relaxation: Optimal rates in high dimensions","Alekh Agarwal; Sahand Negahban; Martin J. Wainwright","2012","10.1214/12-aos1000","https://openalex.org/W2154514661","A1-DUP-0005","A1AC-0005","SOURCE_LEDGER_GROUP;NORMALIZED_DOI","AC","A1AC-DUP-0005","DUPLICATE","DUPLICATE","DUPLICATE_OF_A1AC-0005","DUPLICATE_OF_A1AC-0005","LEVEL_3_DISCOVERY_ONLY","NOT_APPLICABLE","","","NONE","","audit/phase2a1_raw_search_results/AC/PHASE2A1-SEARCH-0013_openalex.json","Duplicate prospective occurrence; the first occurrence carries the evidence decision."
"A1AC-0174","A-C","PHASE2A1-SEARCH-0013","2026-07-31","OpenAlex","Fundamental limits on the accuracy of demographic inference based on the sample frequency spectrum","Jonathan Terhorst; Yun S. Song","2015","10.1073/pnas.1503717112","https://openalex.org/W2139492261","A1-DUP-0152","A1AC-0174","UNIQUE_OCCURRENCE","AC","A1AC-DUP-0152","FALSE_POSITIVE","FALSE_POSITIVE","NO_DIRECT_FOUNDATIONAL_FIXED_SAMPLE_COMPOSITE_TEST_OR_MINIMAX_CONVERSE_RESULT_FOR_GAP_01_OR_GAP_03","NO_DIRECT_FOUNDATIONAL_FIXED_SAMPLE_COMPOSITE_TEST_OR_MINIMAX_CONVERSE_RESULT_FOR_GAP_01_OR_GAP_03","LEVEL_3_DISCOVERY_ONLY","NOT_SOUGHT_AFTER_TITLE_METADATA_SCREEN","","","NONE","","audit/phase2a1_raw_search_results/AC/PHASE2A1-SEARCH-0013_openalex.json","Final title/metadata-level false-positive disposition for this bounded A–C workstream; no substantive claim is drawn from the record."
"A1AC-0175","A-C","PHASE2A1-SEARCH-0013","2026-07-31","OpenAlex","A max-norm constrained minimization approach to 1-bit matrix completion","Tommaso Cai; Wenxin Zhou","2013","https://openalex.org/W2963381277","https://openalex.org/W2963381277","A1-DUP-0153","A1AC-0175","UNIQUE_OCCURRENCE","AC","A1AC-DUP-0153","FALSE_POSITIVE","FALSE_POSITIVE","NO_DIRECT_FOUNDATIONAL_FIXED_SAMPLE_COMPOSITE_TEST_OR_MINIMAX_CONVERSE_RESULT_FOR_GAP_01_OR_GAP_03","NO_DIRECT_FOUNDATIONAL_FIXED_SAMPLE_COMPOSITE_TEST_OR_MINIMAX_CONVERSE_RESULT_FOR_GAP_01_OR_GAP_03","LEVEL_3_DISCOVERY_ONLY","NOT_SOUGHT_AFTER_TITLE_METADATA_SCREEN","","","NONE","","audit/phase2a1_raw_search_results/AC/PHASE2A1-SEARCH-0013_openalex.json","Final title/metadata-level false-positive disposition for this bounded A–C workstream; no substantive claim is drawn from the record."
"A1AC-0176","A-C","PHASE2A1-SEARCH-0013","2026-07-31","OpenAlex","Assouad, Fano, and Le Cam with Interaction: A Unifying Lower Bound Framework and Characterization for Bandit Learnability","Fan Chen; Dylan J. Foster; Yanjun Han; Jian Qian; Alexander Rakhlin; Yuqi Xu","2024","10.48550/arxiv.2410.05117","https://openalex.org/W4403964550","A1-DUP-0154","A1AC-0176","UNIQUE_OCCURRENCE","AC","A1AC-DUP-0154","FALSE_POSITIVE","FALSE_POSITIVE","NO_DIRECT_FOUNDATIONAL_FIXED_SAMPLE_COMPOSITE_TEST_OR_MINIMAX_CONVERSE_RESULT_FOR_GAP_01_OR_GAP_03","NO_DIRECT_FOUNDATIONAL_FIXED_SAMPLE_COMPOSITE_TEST_OR_MINIMAX_CONVERSE_RESULT_FOR_GAP_01_OR_GAP_03","LEVEL_3_DISCOVERY_ONLY","NOT_SOUGHT_AFTER_TITLE_METADATA_SCREEN","","","NONE","","audit/phase2a1_raw_search_results/AC/PHASE2A1-SEARCH-0013_openalex.json","Final title/metadata-level false-positive disposition for this bounded A–C workstream; no substantive claim is drawn from the record."
"A1AC-0177","A-C","PHASE2A1-SEARCH-0013","2026-07-31","OpenAlex","A strong converse bound for multiple hypothesis testing, with applications to high-dimensional estimation","Ramji Venkataramanan; Oliver Johnson","2018","10.1214/18-ejs1419","https://openalex.org/W2790620458","A1-DUP-0127","A1AC-0147","SOURCE_LEDGER_GROUP;NORMALIZED_DOI","AC","A1AC-DUP-0127","DUPLICATE","DUPLICATE","DUPLICATE_OF_A1AC-0147","DUPLICATE_OF_A1AC-0147","LEVEL_3_DISCOVERY_ONLY","NOT_APPLICABLE","","","DUPLICATE_OF_EXISTING_CORPUS","","audit/phase2a1_raw_search_results/AC/PHASE2A1-SEARCH-0013_openalex.json","Duplicate prospective occurrence; the first occurrence carries the evidence decision."
"A1AC-0178","A-C","PHASE2A1-SEARCH-0013","2026-07-31","OpenAlex","Learning models with uniform performance via distributionally robust optimization","John C. Duchi; Hongseok Namkoong","2021","10.1214/20-aos2004","https://openalex.org/W2896534181","A1-DUP-0063","A1AC-0070","SOURCE_LEDGER_GROUP;NORMALIZED_DOI","AC","A1AC-DUP-0063","DUPLICATE","DUPLICATE","DUPLICATE_OF_A1AC-0070","DUPLICATE_OF_A1AC-0070","LEVEL_3_DISCOVERY_ONLY","NOT_APPLICABLE","","","NONE","","audit/phase2a1_raw_search_results/AC/PHASE2A1-SEARCH-0013_openalex.json","Duplicate prospective occurrence; the first occurrence carries the evidence decision."
"A1AC-0179","A-C","PHASE2A1-SEARCH-0013","2026-07-31","OpenAlex","Fano’s Inequality for Random Variables","Sébastien Gerchinovitz; Pierre Ménard; Gilles Stoltz","2020","10.1214/19-sts716","https://openalex.org/W3000606876","A1-DUP-0155","A1AC-0179","UNIQUE_OCCURRENCE","AC","A1AC-DUP-0155","FALSE_POSITIVE","FALSE_POSITIVE","NO_DIRECT_FOUNDATIONAL_FIXED_SAMPLE_COMPOSITE_TEST_OR_MINIMAX_CONVERSE_RESULT_FOR_GAP_01_OR_GAP_03","NO_DIRECT_FOUNDATIONAL_FIXED_SAMPLE_COMPOSITE_TEST_OR_MINIMAX_CONVERSE_RESULT_FOR_GAP_01_OR_GAP_03","LEVEL_3_DISCOVERY_ONLY","NOT_SOUGHT_AFTER_TITLE_METADATA_SCREEN","","","NONE","","audit/phase2a1_raw_search_results/AC/PHASE2A1-SEARCH-0013_openalex.json","Final title/metadata-level false-positive disposition for this bounded A–C workstream; no substantive claim is drawn from the record."
"A1AC-0180","A-C","PHASE2A1-SEARCH-0013","2026-07-31","OpenAlex","Minimax risks for sparse regressions: Ultra-high dimensional phenomenons","Nicolas Verzélen","2012","10.1214/12-ejs666","https://openalex.org/W1992898147","A1-DUP-0156","A1AC-0180","SOURCE_LEDGER_GROUP;NORMALIZED_DOI","AC","A1AC-DUP-0156","FALSE_POSITIVE","FALSE_POSITIVE","NO_DIRECT_FOUNDATIONAL_FIXED_SAMPLE_COMPOSITE_TEST_OR_MINIMAX_CONVERSE_RESULT_FOR_GAP_01_OR_GAP_03","NO_DIRECT_FOUNDATIONAL_FIXED_SAMPLE_COMPOSITE_TEST_OR_MINIMAX_CONVERSE_RESULT_FOR_GAP_01_OR_GAP_03","LEVEL_3_DISCOVERY_ONLY","NOT_SOUGHT_AFTER_TITLE_METADATA_SCREEN","","","NONE","","audit/phase2a1_raw_search_results/AC/PHASE2A1-SEARCH-0013_openalex.json","Final title/metadata-level false-positive disposition for this bounded A–C workstream; no substantive claim is drawn from the record."
"A1AC-0181","A-C","PHASE2A1-SEARCH-0013","2026-07-31","OpenAlex","Minimax Rates for Estimating the Dimension of a Manifold","Kim, Jisu; Rinaldo, Alessandro; Larry Wasserman","2016","10.20382/jocg.v10i1a3","https://openalex.org/W2347186258","A1-DUP-0157","A1AC-0181","UNIQUE_OCCURRENCE","AC","A1AC-DUP-0157","FALSE_POSITIVE","FALSE_POSITIVE","NO_DIRECT_FOUNDATIONAL_FIXED_SAMPLE_COMPOSITE_TEST_OR_MINIMAX_CONVERSE_RESULT_FOR_GAP_01_OR_GAP_03","NO_DIRECT_FOUNDATIONAL_FIXED_SAMPLE_COMPOSITE_TEST_OR_MINIMAX_CONVERSE_RESULT_FOR_GAP_01_OR_GAP_03","LEVEL_3_DISCOVERY_ONLY","NOT_SOUGHT_AFTER_TITLE_METADATA_SCREEN","","","NONE","","audit/phase2a1_raw_search_results/AC/PHASE2A1-SEARCH-0013_openalex.json","Final title/metadata-level false-positive disposition for this bounded A–C workstream; no substantive claim is drawn from the record."
"A1AC-0182","A-C","PHASE2A1-SEARCH-0013","2026-07-31","OpenAlex","Volume Ratio, Sparsity, and Minimaxity under Unitarily Invariant Norms","Zongming Ma; Yihong Wu","2013","10.48550/arxiv.1306.3609","https://openalex.org/W2950251238","A1-DUP-0158","A1AC-0182","UNIQUE_OCCURRENCE","AC","A1AC-DUP-0158","FALSE_POSITIVE","FALSE_POSITIVE","NO_DIRECT_FOUNDATIONAL_FIXED_SAMPLE_COMPOSITE_TEST_OR_MINIMAX_CONVERSE_RESULT_FOR_GAP_01_OR_GAP_03","NO_DIRECT_FOUNDATIONAL_FIXED_SAMPLE_COMPOSITE_TEST_OR_MINIMAX_CONVERSE_RESULT_FOR_GAP_01_OR_GAP_03","LEVEL_3_DISCOVERY_ONLY","NOT_SOUGHT_AFTER_TITLE_METADATA_SCREEN","","","NONE","","audit/phase2a1_raw_search_results/AC/PHASE2A1-SEARCH-0013_openalex.json","Final title/metadata-level false-positive disposition for this bounded A–C workstream; no substantive claim is drawn from the record."
"A1AC-0183","A-C","PHASE2A1-SEARCH-0013","2026-07-31","OpenAlex","Minimax optimal conditional density estimation under total variation smoothness","Mingrui Li; Matey Neykov; Sivaraman Balakrishnan","2022","10.1214/22-ejs2037","https://openalex.org/W3138935769","A1-DUP-0159","A1AC-0183","UNIQUE_OCCURRENCE","AC","A1AC-DUP-0159","FALSE_POSITIVE","FALSE_POSITIVE","NO_DIRECT_FOUNDATIONAL_FIXED_SAMPLE_COMPOSITE_TEST_OR_MINIMAX_CONVERSE_RESULT_FOR_GAP_01_OR_GAP_03","NO_DIRECT_FOUNDATIONAL_FIXED_SAMPLE_COMPOSITE_TEST_OR_MINIMAX_CONVERSE_RESULT_FOR_GAP_01_OR_GAP_03","LEVEL_3_DISCOVERY_ONLY","NOT_SOUGHT_AFTER_TITLE_METADATA_SCREEN","","","NONE","","audit/phase2a1_raw_search_results/AC/PHASE2A1-SEARCH-0013_openalex.json","Final title/metadata-level false-positive disposition for this bounded A–C workstream; no substantive claim is drawn from the record."
"A1AC-0184","A-C","PHASE2A1-SEARCH-0013","2026-07-31","OpenAlex","Minimax rates of estimation for high-dimensional linear regression over $\ell_q$-balls","Garvesh Raskutti; Martin J. Wainwright; Bin Yu","2009","10.48550/arxiv.0910.2042","https://openalex.org/W2951767789","A1-DUP-0160","A1AC-0184","UNIQUE_OCCURRENCE","AC","A1AC-DUP-0160","FALSE_POSITIVE","FALSE_POSITIVE","NO_DIRECT_FOUNDATIONAL_FIXED_SAMPLE_COMPOSITE_TEST_OR_MINIMAX_CONVERSE_RESULT_FOR_GAP_01_OR_GAP_03","NO_DIRECT_FOUNDATIONAL_FIXED_SAMPLE_COMPOSITE_TEST_OR_MINIMAX_CONVERSE_RESULT_FOR_GAP_01_OR_GAP_03","LEVEL_3_DISCOVERY_ONLY","NOT_SOUGHT_AFTER_TITLE_METADATA_SCREEN","","","NONE","","audit/phase2a1_raw_search_results/AC/PHASE2A1-SEARCH-0013_openalex.json","Final title/metadata-level false-positive disposition for this bounded A–C workstream; no substantive claim is drawn from the record."
"A1AC-0185","A-C","PHASE2A1-SEARCH-0014","2026-07-31","Crossref","Assouad, Fano, and Le Cam","Bin Yu","1997","10.1007/978-1-4612-1880-7_29","10.1007/978-1-4612-1880-7_29","A1-DUP-0161","A1AC-0185","SOURCE_LEDGER_GROUP;NORMALIZED_DOI","AC","A1AC-DUP-0161","FALSE_POSITIVE","FALSE_POSITIVE","NO_DIRECT_FOUNDATIONAL_FIXED_SAMPLE_COMPOSITE_TEST_OR_MINIMAX_CONVERSE_RESULT_FOR_GAP_01_OR_GAP_03","NO_DIRECT_FOUNDATIONAL_FIXED_SAMPLE_COMPOSITE_TEST_OR_MINIMAX_CONVERSE_RESULT_FOR_GAP_01_OR_GAP_03","LEVEL_3_DISCOVERY_ONLY","NOT_SOUGHT_AFTER_TITLE_METADATA_SCREEN","","","NONE","","audit/phase2a1_raw_search_results/AC/PHASE2A1-SEARCH-0014_crossref.json","Final title/metadata-level false-positive disposition for this bounded A–C workstream; no substantive claim is drawn from the record."
"A1AC-0186","A-C","PHASE2A1-SEARCH-0014","2026-07-31","Crossref","Assouad, Fano, and Le Cam with Interaction: A Unifying Lower Bound Framework and Characterization for Bandit Learnability","Fan Chen; Dylan Foster; Yanjun Han; Jian Qian; Alexander Rakhlin; Yunbei Xu","2024","10.52202/079017-2407","10.52202/079017-2407","A1-DUP-0162","A1AC-0186","UNIQUE_OCCURRENCE","AC","A1AC-DUP-0162","FALSE_POSITIVE","FALSE_POSITIVE","NO_DIRECT_FOUNDATIONAL_FIXED_SAMPLE_COMPOSITE_TEST_OR_MINIMAX_CONVERSE_RESULT_FOR_GAP_01_OR_GAP_03","NO_DIRECT_FOUNDATIONAL_FIXED_SAMPLE_COMPOSITE_TEST_OR_MINIMAX_CONVERSE_RESULT_FOR_GAP_01_OR_GAP_03","LEVEL_3_DISCOVERY_ONLY","NOT_SOUGHT_AFTER_TITLE_METADATA_SCREEN","","","NONE","","audit/phase2a1_raw_search_results/AC/PHASE2A1-SEARCH-0014_crossref.json","Final title/metadata-level false-positive disposition for this bounded A–C workstream; no substantive claim is drawn from the record."
"A1AC-0187","A-C","PHASE2A1-SEARCH-0014","2026-07-31","Crossref","Minimax Decentralized Hypothesis Testing","Gökhan Gül","2017","10.1007/978-3-319-49286-5_7","10.1007/978-3-319-49286-5_7","A1-DUP-0047","A1AC-0050","SOURCE_LEDGER_GROUP;NORMALIZED_DOI","AC","A1AC-DUP-0047","DUPLICATE","DUPLICATE","DUPLICATE_OF_A1AC-0050","DUPLICATE_OF_A1AC-0050","LEVEL_3_DISCOVERY_ONLY","NOT_APPLICABLE","","","NONE","","audit/phase2a1_raw_search_results/AC/PHASE2A1-SEARCH-0014_crossref.json","Duplicate prospective occurrence; the first occurrence carries the evidence decision."
"A1AC-0188","A-C","PHASE2A1-SEARCH-0014","2026-07-31","Crossref","The Chernoff lower bound for symmetric quantum hypothesis testing","Michael Nussbaum; Arleta Szkoła","2009","10.1214/08-aos593","10.1214/08-aos593","A1-DUP-0163","A1AC-0188","SOURCE_LEDGER_GROUP;NORMALIZED_DOI","AC","A1AC-DUP-0163","FALSE_POSITIVE","FALSE_POSITIVE","NO_DIRECT_FOUNDATIONAL_FIXED_SAMPLE_COMPOSITE_TEST_OR_MINIMAX_CONVERSE_RESULT_FOR_GAP_01_OR_GAP_03","NO_DIRECT_FOUNDATIONAL_FIXED_SAMPLE_COMPOSITE_TEST_OR_MINIMAX_CONVERSE_RESULT_FOR_GAP_01_OR_GAP_03","LEVEL_3_DISCOVERY_ONLY","NOT_SOUGHT_AFTER_TITLE_METADATA_SCREEN","","","NONE","","audit/phase2a1_raw_search_results/AC/PHASE2A1-SEARCH-0014_crossref.json","Final title/metadata-level false-positive disposition for this bounded A–C workstream; no substantive claim is drawn from the record."
"A1AC-0189","A-C","PHASE2A1-SEARCH-0014","2026-07-31","Crossref","Novel Fano type lower bounds on the minimum error probability of list $M$-ary hypothesis testing","BERKAN DÜLEK","2023","10.55730/1300-0098.3386","10.55730/1300-0098.3386","A1-DUP-0164","A1AC-0189","UNIQUE_OCCURRENCE","AC","A1AC-DUP-0164","FALSE_POSITIVE","FALSE_POSITIVE","NO_DIRECT_FOUNDATIONAL_FIXED_SAMPLE_COMPOSITE_TEST_OR_MINIMAX_CONVERSE_RESULT_FOR_GAP_01_OR_GAP_03","NO_DIRECT_FOUNDATIONAL_FIXED_SAMPLE_COMPOSITE_TEST_OR_MINIMAX_CONVERSE_RESULT_FOR_GAP_01_OR_GAP_03","LEVEL_3_DISCOVERY_ONLY","NOT_SOUGHT_AFTER_TITLE_METADATA_SCREEN","","","NONE","","audit/phase2a1_raw_search_results/AC/PHASE2A1-SEARCH-0014_crossref.json","Final title/metadata-level false-positive disposition for this bounded A–C workstream; no substantive claim is drawn from the record."
"A1AC-0190","A-C","PHASE2A1-SEARCH-0014","2026-07-31","Crossref","Minimax Hypothesis Testing about the Density Support","Ghislaine Gayraud","2001","10.2307/3318499","10.2307/3318499","A1-DUP-0053","A1AC-0056","SOURCE_LEDGER_GROUP;NORMALIZED_DOI","AC","A1AC-DUP-0053","DUPLICATE","DUPLICATE","DUPLICATE_OF_A1AC-0056","DUPLICATE_OF_A1AC-0056","LEVEL_3_DISCOVERY_ONLY","NOT_APPLICABLE","","","NONE","","audit/phase2a1_raw_search_results/AC/PHASE2A1-SEARCH-0014_crossref.json","Duplicate prospective occurrence; the first occurrence carries the evidence decision."
"A1AC-0191","A-C","PHASE2A1-SEARCH-0014","2026-07-31","Crossref","A New Lower Bound for Multiple Hypothesis Testing","L. Birge","2005","10.1109/tit.2005.844101","10.1109/tit.2005.844101","A1-DUP-0165","A1AC-0191","SOURCE_LEDGER_GROUP;NORMALIZED_DOI","AC","A1AC-DUP-0165","FULL_TEXT_UNAVAILABLE","FULL_TEXT_UNAVAILABLE","NO_LEGALLY_ACCESSIBLE_INSPECTABLE_PRIMARY_FULL_TEXT_OBTAINED_IN_BOUNDED_RETRIEVAL","NO_LEGALLY_ACCESSIBLE_INSPECTABLE_PRIMARY_FULL_TEXT_OBTAINED_IN_BOUNDED_RETRIEVAL","LEVEL_3_DISCOVERY_ONLY","FULL_TEXT_NOT_OBTAINED_OR_NOT_INSPECTABLE","","","NONE","","audit/phase2a1_raw_search_results/AC/PHASE2A1-SEARCH-0014_crossref.json","Potentially relevant foundational source retained without guarantee coding; it cannot support a substantive synthesis conclusion."
"A1AC-0192","A-C","PHASE2A1-SEARCH-0014","2026-07-31","Crossref","Testing Piketty's Hypothesis on the Drivers of Income Inequality","Carlos Góes","","10.5089/9781475523249.001.a001","10.5089/9781475523249.001.a001","A1-DUP-0166","A1AC-0192","UNIQUE_OCCURRENCE","AC","A1AC-DUP-0166","FALSE_POSITIVE","FALSE_POSITIVE","NO_DIRECT_FOUNDATIONAL_FIXED_SAMPLE_COMPOSITE_TEST_OR_MINIMAX_CONVERSE_RESULT_FOR_GAP_01_OR_GAP_03","NO_DIRECT_FOUNDATIONAL_FIXED_SAMPLE_COMPOSITE_TEST_OR_MINIMAX_CONVERSE_RESULT_FOR_GAP_01_OR_GAP_03","LEVEL_3_DISCOVERY_ONLY","NOT_SOUGHT_AFTER_TITLE_METADATA_SCREEN","","","NONE","","audit/phase2a1_raw_search_results/AC/PHASE2A1-SEARCH-0014_crossref.json","Final title/metadata-level false-positive disposition for this bounded A–C workstream; no substantive claim is drawn from the record."
"A1AC-0193","A-C","PHASE2A1-SEARCH-0014","2026-07-31","Crossref","Multilevel minimax hypothesis testing","Kush R. Varshney; Lav R. Varshney","2011","10.1109/ssp.2011.5967633","10.1109/ssp.2011.5967633","A1-DUP-0167","A1AC-0193","UNIQUE_OCCURRENCE","AC","A1AC-DUP-0167","FALSE_POSITIVE","FALSE_POSITIVE","NO_DIRECT_FOUNDATIONAL_FIXED_SAMPLE_COMPOSITE_TEST_OR_MINIMAX_CONVERSE_RESULT_FOR_GAP_01_OR_GAP_03","NO_DIRECT_FOUNDATIONAL_FIXED_SAMPLE_COMPOSITE_TEST_OR_MINIMAX_CONVERSE_RESULT_FOR_GAP_01_OR_GAP_03","LEVEL_3_DISCOVERY_ONLY","NOT_SOUGHT_AFTER_TITLE_METADATA_SCREEN","","","NONE","","audit/phase2a1_raw_search_results/AC/PHASE2A1-SEARCH-0014_crossref.json","Final title/metadata-level false-positive disposition for this bounded A–C workstream; no substantive claim is drawn from the record."
"A1AC-0194","A-C","PHASE2A1-SEARCH-0014","2026-07-31","Crossref","Minimax hypothesis testing for curve registration","Olivier Collier","2012","10.1214/12-ejs706","10.1214/12-ejs706","A1-DUP-0168","A1AC-0194","NORMALIZED_DOI","AC","A1AC-DUP-0168","FALSE_POSITIVE","FALSE_POSITIVE","SPECIALIZED_ASYMPTOTIC_CURVE_REGISTRATION_PROBLEM","SPECIALIZED_ASYMPTOTIC_CURVE_REGISTRATION_PROBLEM","LEVEL_3_DISCOVERY_ONLY","NOT_SOUGHT_AFTER_TITLE_METADATA_SCREEN","","","NONE","","audit/phase2a1_raw_search_results/AC/PHASE2A1-SEARCH-0014_crossref.json","Final title/metadata-level false-positive disposition for this bounded A–C workstream; no substantive claim is drawn from the record."
"A1AC-0195","A-C","PHASE2A1-SEARCH-0014","2026-07-31","Crossref","hytest: Hypothesis Testing Based on Neyman-Pearson Lemma and Likelihood Ratio Test","Carlos Alberto Cardozo Delgado","2024","10.32614/cran.package.hytest","10.32614/cran.package.hytest","A1-DUP-0169","A1AC-0195","UNIQUE_OCCURRENCE","AC","A1AC-DUP-0169","FALSE_POSITIVE","FALSE_POSITIVE","NO_DIRECT_FOUNDATIONAL_FIXED_SAMPLE_COMPOSITE_TEST_OR_MINIMAX_CONVERSE_RESULT_FOR_GAP_01_OR_GAP_03","NO_DIRECT_FOUNDATIONAL_FIXED_SAMPLE_COMPOSITE_TEST_OR_MINIMAX_CONVERSE_RESULT_FOR_GAP_01_OR_GAP_03","LEVEL_3_DISCOVERY_ONLY","NOT_SOUGHT_AFTER_TITLE_METADATA_SCREEN","","","NONE","","audit/phase2a1_raw_search_results/AC/PHASE2A1-SEARCH-0014_crossref.json","Final title/metadata-level false-positive disposition for this bounded A–C workstream; no substantive claim is drawn from the record."
"A1AC-0196","A-C","PHASE2A1-SEARCH-0014","2026-07-31","Crossref","<scp>N</scp>             eyman–             <scp>P</scp>             earson Lemma","L. M. Le Cam","2005","10.1002/0470011815.b2a15096","10.1002/0470011815.b2a15096","A1-DUP-0170","A1AC-0196","UNIQUE_OCCURRENCE","AC","A1AC-DUP-0170","FALSE_POSITIVE","FALSE_POSITIVE","NO_DIRECT_FOUNDATIONAL_FIXED_SAMPLE_COMPOSITE_TEST_OR_MINIMAX_CONVERSE_RESULT_FOR_GAP_01_OR_GAP_03","NO_DIRECT_FOUNDATIONAL_FIXED_SAMPLE_COMPOSITE_TEST_OR_MINIMAX_CONVERSE_RESULT_FOR_GAP_01_OR_GAP_03","LEVEL_3_DISCOVERY_ONLY","NOT_SOUGHT_AFTER_TITLE_METADATA_SCREEN","","","NONE","","audit/phase2a1_raw_search_results/AC/PHASE2A1-SEARCH-0014_crossref.json","Final title/metadata-level false-positive disposition for this bounded A–C workstream; no substantive claim is drawn from the record."
"A1AC-0197","A-C","PHASE2A1-SEARCH-0014","2026-07-31","Crossref","Inference on the mode of weak directional signals: A Le Cam perspective on hypothesis testing near singularities","Davy Paindaveine; Thomas Verdebout","2017","10.1214/16-aos1468","10.1214/16-aos1468","A1-DUP-0171","A1AC-0197","UNIQUE_OCCURRENCE","AC","A1AC-DUP-0171","FALSE_POSITIVE","FALSE_POSITIVE","NO_DIRECT_FOUNDATIONAL_FIXED_SAMPLE_COMPOSITE_TEST_OR_MINIMAX_CONVERSE_RESULT_FOR_GAP_01_OR_GAP_03","NO_DIRECT_FOUNDATIONAL_FIXED_SAMPLE_COMPOSITE_TEST_OR_MINIMAX_CONVERSE_RESULT_FOR_GAP_01_OR_GAP_03","LEVEL_3_DISCOVERY_ONLY","NOT_SOUGHT_AFTER_TITLE_METADATA_SCREEN","","","NONE","","audit/phase2a1_raw_search_results/AC/PHASE2A1-SEARCH-0014_crossref.json","Final title/metadata-level false-positive disposition for this bounded A–C workstream; no substantive claim is drawn from the record."
"A1AC-0198","A-C","PHASE2A1-SEARCH-0014","2026-07-31","Crossref","Economic Growth and Income Inequality: Testing Kuznets Income Inequality Hypothesis with Evidence from Indian Economy","Dr. Ekta Yadav","2026","10.2139/ssrn.6673618","10.2139/ssrn.6673618","A1-DUP-0172","A1AC-0198","UNIQUE_OCCURRENCE","AC","A1AC-DUP-0172","FALSE_POSITIVE","FALSE_POSITIVE","NO_DIRECT_FOUNDATIONAL_FIXED_SAMPLE_COMPOSITE_TEST_OR_MINIMAX_CONVERSE_RESULT_FOR_GAP_01_OR_GAP_03","NO_DIRECT_FOUNDATIONAL_FIXED_SAMPLE_COMPOSITE_TEST_OR_MINIMAX_CONVERSE_RESULT_FOR_GAP_01_OR_GAP_03","LEVEL_3_DISCOVERY_ONLY","NOT_SOUGHT_AFTER_TITLE_METADATA_SCREEN","","","NONE","","audit/phase2a1_raw_search_results/AC/PHASE2A1-SEARCH-0014_crossref.json","Final title/metadata-level false-positive disposition for this bounded A–C workstream; no substantive claim is drawn from the record."
"A1AC-0199","A-C","PHASE2A1-SEARCH-0014","2026-07-31","Crossref","A tower lower bound for the degree relaxation of the Regularity Lemma","Frederik Garbe; Jan Hladký","2026","10.5070/c65465674","10.5070/c65465674","A1-DUP-0173","A1AC-0199","UNIQUE_OCCURRENCE","AC","A1AC-DUP-0173","FALSE_POSITIVE","FALSE_POSITIVE","NO_DIRECT_FOUNDATIONAL_FIXED_SAMPLE_COMPOSITE_TEST_OR_MINIMAX_CONVERSE_RESULT_FOR_GAP_01_OR_GAP_03","NO_DIRECT_FOUNDATIONAL_FIXED_SAMPLE_COMPOSITE_TEST_OR_MINIMAX_CONVERSE_RESULT_FOR_GAP_01_OR_GAP_03","LEVEL_3_DISCOVERY_ONLY","NOT_SOUGHT_AFTER_TITLE_METADATA_SCREEN","","","NONE","","audit/phase2a1_raw_search_results/AC/PHASE2A1-SEARCH-0014_crossref.json","Final title/metadata-level false-positive disposition for this bounded A–C workstream; no substantive claim is drawn from the record."
"A1AC-0200","A-C","PHASE2A1-SEARCH-0015","2026-07-31","OpenAlex","Packing Problems: High <i>Z</i>′ Crystal Structures and Their Relationship to Cocrystals, Inclusion Compounds, and Polymorphism","Kirsty M. Steed; Jonathan W. Steed","2015","10.1021/cr500564z","https://openalex.org/W2026386051","A1-DUP-0174","A1AC-0200","UNIQUE_OCCURRENCE","AC","A1AC-DUP-0174","FALSE_POSITIVE","FALSE_POSITIVE","NO_DIRECT_FOUNDATIONAL_FIXED_SAMPLE_COMPOSITE_TEST_OR_MINIMAX_CONVERSE_RESULT_FOR_GAP_01_OR_GAP_03","NO_DIRECT_FOUNDATIONAL_FIXED_SAMPLE_COMPOSITE_TEST_OR_MINIMAX_CONVERSE_RESULT_FOR_GAP_01_OR_GAP_03","LEVEL_3_DISCOVERY_ONLY","NOT_SOUGHT_AFTER_TITLE_METADATA_SCREEN","","","NONE","","audit/phase2a1_raw_search_results/AC/PHASE2A1-SEARCH-0015_openalex.json","Final title/metadata-level false-positive disposition for this bounded A–C workstream; no substantive claim is drawn from the record."
"A1AC-0201","A-C","PHASE2A1-SEARCH-0015","2026-07-31","OpenAlex","Adaptive Environmental Assessment and Management","C. S. Holling","1980","10.1093/forestscience/26.3.435","https://openalex.org/W1530529744","A1-DUP-0175","A1AC-0201","UNIQUE_OCCURRENCE","AC","A1AC-DUP-0175","FALSE_POSITIVE","FALSE_POSITIVE","NO_DIRECT_FOUNDATIONAL_FIXED_SAMPLE_COMPOSITE_TEST_OR_MINIMAX_CONVERSE_RESULT_FOR_GAP_01_OR_GAP_03","NO_DIRECT_FOUNDATIONAL_FIXED_SAMPLE_COMPOSITE_TEST_OR_MINIMAX_CONVERSE_RESULT_FOR_GAP_01_OR_GAP_03","LEVEL_3_DISCOVERY_ONLY","NOT_SOUGHT_AFTER_TITLE_METADATA_SCREEN","","","NONE","","audit/phase2a1_raw_search_results/AC/PHASE2A1-SEARCH-0015_openalex.json","Final title/metadata-level false-positive disposition for this bounded A–C workstream; no substantive claim is drawn from the record."
"A1AC-0202","A-C","PHASE2A1-SEARCH-0015","2026-07-31","OpenAlex","Nonlinear Mechanical and Actuation Characterization of Piezoceramic Fiber Composites","Robert Brett Williams","1999","https://openalex.org/W145041419","https://openalex.org/W145041419","A1-DUP-0176","A1AC-0202","UNIQUE_OCCURRENCE","AC","A1AC-DUP-0176","FALSE_POSITIVE","FALSE_POSITIVE","NO_DIRECT_FOUNDATIONAL_FIXED_SAMPLE_COMPOSITE_TEST_OR_MINIMAX_CONVERSE_RESULT_FOR_GAP_01_OR_GAP_03","NO_DIRECT_FOUNDATIONAL_FIXED_SAMPLE_COMPOSITE_TEST_OR_MINIMAX_CONVERSE_RESULT_FOR_GAP_01_OR_GAP_03","LEVEL_3_DISCOVERY_ONLY","NOT_SOUGHT_AFTER_TITLE_METADATA_SCREEN","","","NONE","","audit/phase2a1_raw_search_results/AC/PHASE2A1-SEARCH-0015_openalex.json","Final title/metadata-level false-positive disposition for this bounded A–C workstream; no substantive claim is drawn from the record."
"A1AC-0203","A-C","PHASE2A1-SEARCH-0015","2026-07-31","OpenAlex","Molecularly Mixed Composite Membranes: Challenges and Opportunities","Guanghui Zhu; Daniel O’Nolan; Ryan P. Lively","2019","10.1002/chem.201903519","https://openalex.org/W2974945232","A1-DUP-0177","A1AC-0203","UNIQUE_OCCURRENCE","AC","A1AC-DUP-0177","FALSE_POSITIVE","FALSE_POSITIVE","NO_DIRECT_FOUNDATIONAL_FIXED_SAMPLE_COMPOSITE_TEST_OR_MINIMAX_CONVERSE_RESULT_FOR_GAP_01_OR_GAP_03","NO_DIRECT_FOUNDATIONAL_FIXED_SAMPLE_COMPOSITE_TEST_OR_MINIMAX_CONVERSE_RESULT_FOR_GAP_01_OR_GAP_03","LEVEL_3_DISCOVERY_ONLY","NOT_SOUGHT_AFTER_TITLE_METADATA_SCREEN","","","NONE","","audit/phase2a1_raw_search_results/AC/PHASE2A1-SEARCH-0015_openalex.json","Final title/metadata-level false-positive disposition for this bounded A–C workstream; no substantive claim is drawn from the record."
"A1AC-0204","A-C","PHASE2A1-SEARCH-0015","2026-07-31","OpenAlex","Advances in protein structure prediction and design","Brian Kuhlman; Philip Bradley","2019","10.1038/s41580-019-0163-x","https://openalex.org/W2968494487","A1-DUP-0178","A1AC-0204","UNIQUE_OCCURRENCE","AC","A1AC-DUP-0178","FALSE_POSITIVE","FALSE_POSITIVE","NO_DIRECT_FOUNDATIONAL_FIXED_SAMPLE_COMPOSITE_TEST_OR_MINIMAX_CONVERSE_RESULT_FOR_GAP_01_OR_GAP_03","NO_DIRECT_FOUNDATIONAL_FIXED_SAMPLE_COMPOSITE_TEST_OR_MINIMAX_CONVERSE_RESULT_FOR_GAP_01_OR_GAP_03","LEVEL_3_DISCOVERY_ONLY","NOT_SOUGHT_AFTER_TITLE_METADATA_SCREEN","","","NONE","","audit/phase2a1_raw_search_results/AC/PHASE2A1-SEARCH-0015_openalex.json","Final title/metadata-level false-positive disposition for this bounded A–C workstream; no substantive claim is drawn from the record."
"A1AC-0205","A-C","PHASE2A1-SEARCH-0015","2026-07-31","OpenAlex","Open challenges in tensile testing of additively manufactured polymers: A literature survey and a case study in fused filament fabrication","Antonella Sola; Wei Juene Chong; Dejana Pejak Simunec; Yuncang Li; Adrian Trinchi; Ilias Louis Kyratzis; Cuié Wen","2022","10.1016/j.polymertesting.2022.107859","https://openalex.org/W4308166121","A1-DUP-0179","A1AC-0205","UNIQUE_OCCURRENCE","AC","A1AC-DUP-0179","FALSE_POSITIVE","FALSE_POSITIVE","NO_DIRECT_FOUNDATIONAL_FIXED_SAMPLE_COMPOSITE_TEST_OR_MINIMAX_CONVERSE_RESULT_FOR_GAP_01_OR_GAP_03","NO_DIRECT_FOUNDATIONAL_FIXED_SAMPLE_COMPOSITE_TEST_OR_MINIMAX_CONVERSE_RESULT_FOR_GAP_01_OR_GAP_03","LEVEL_3_DISCOVERY_ONLY","NOT_SOUGHT_AFTER_TITLE_METADATA_SCREEN","","","NONE","","audit/phase2a1_raw_search_results/AC/PHASE2A1-SEARCH-0015_openalex.json","Final title/metadata-level false-positive disposition for this bounded A–C workstream; no substantive claim is drawn from the record."
"A1AC-0206","A-C","PHASE2A1-SEARCH-0015","2026-07-31","OpenAlex","Seeking a unified framework for cerebellar function and dysfunction: from circuit operations to cognition","Egidio D’Angelo; Stefano Casali","2013","10.3389/fncir.2012.00116","https://openalex.org/W2105584468","A1-DUP-0180","A1AC-0206","UNIQUE_OCCURRENCE","AC","A1AC-DUP-0180","FALSE_POSITIVE","FALSE_POSITIVE","NO_DIRECT_FOUNDATIONAL_FIXED_SAMPLE_COMPOSITE_TEST_OR_MINIMAX_CONVERSE_RESULT_FOR_GAP_01_OR_GAP_03","NO_DIRECT_FOUNDATIONAL_FIXED_SAMPLE_COMPOSITE_TEST_OR_MINIMAX_CONVERSE_RESULT_FOR_GAP_01_OR_GAP_03","LEVEL_3_DISCOVERY_ONLY","NOT_SOUGHT_AFTER_TITLE_METADATA_SCREEN","","","NONE","","audit/phase2a1_raw_search_results/AC/PHASE2A1-SEARCH-0015_openalex.json","Final title/metadata-level false-positive disposition for this bounded A–C workstream; no substantive claim is drawn from the record."
"A1AC-0207","A-C","PHASE2A1-SEARCH-0015","2026-07-31","OpenAlex","Synergic interplay of the La motif, RRM1 and the interdomain linker of LARP6 in the recognition of collagen mRNA expands the RNA binding repertoire of the La module","Luigi Martino; Simon Pennell; Geoff Kelly; Baptiste Busi; Paul R. Brown; Roger Atkinson; Nicholas J. H. Salisbury; Zi-Hao Ooi; Kang-Wei See; Stephen J. Smerdon; Caterina Alfano; Tam T. T. Bui; Maria R. Conte","2014","10.1093/nar/gku1287","https://openalex.org/W2146961301","A1-DUP-0181","A1AC-0207","UNIQUE_OCCURRENCE","AC","A1AC-DUP-0181","FALSE_POSITIVE","FALSE_POSITIVE","NO_DIRECT_FOUNDATIONAL_FIXED_SAMPLE_COMPOSITE_TEST_OR_MINIMAX_CONVERSE_RESULT_FOR_GAP_01_OR_GAP_03","NO_DIRECT_FOUNDATIONAL_FIXED_SAMPLE_COMPOSITE_TEST_OR_MINIMAX_CONVERSE_RESULT_FOR_GAP_01_OR_GAP_03","LEVEL_3_DISCOVERY_ONLY","NOT_SOUGHT_AFTER_TITLE_METADATA_SCREEN","","","NONE","","audit/phase2a1_raw_search_results/AC/PHASE2A1-SEARCH-0015_openalex.json","Final title/metadata-level false-positive disposition for this bounded A–C workstream; no substantive claim is drawn from the record."
"A1AC-0208","A-C","PHASE2A1-SEARCH-0015","2026-07-31","OpenAlex","Half a century of amyloids: past, present and future","Pu Chun Ke; Ruhong Zhou; Louise C. Serpell; Roland Riek; Tuomas P. J. Knowles; Hilal A. Lashuel; Ehud Gazit; Ian W. Hamley; Thomas P. Davis; Marcus Fändrich; Daniel E. Otzen; Matthew R. Chapman; Christopher M. Dobson; David Eisenberg; Raffaele Mezzenga","2020","10.1039/c9cs00199a","https://openalex.org/W3038168026","A1-DUP-0182","A1AC-0208","UNIQUE_OCCURRENCE","AC","A1AC-DUP-0182","FALSE_POSITIVE","FALSE_POSITIVE","NO_DIRECT_FOUNDATIONAL_FIXED_SAMPLE_COMPOSITE_TEST_OR_MINIMAX_CONVERSE_RESULT_FOR_GAP_01_OR_GAP_03","NO_DIRECT_FOUNDATIONAL_FIXED_SAMPLE_COMPOSITE_TEST_OR_MINIMAX_CONVERSE_RESULT_FOR_GAP_01_OR_GAP_03","LEVEL_3_DISCOVERY_ONLY","NOT_SOUGHT_AFTER_TITLE_METADATA_SCREEN","","","NONE","","audit/phase2a1_raw_search_results/AC/PHASE2A1-SEARCH-0015_openalex.json","Final title/metadata-level false-positive disposition for this bounded A–C workstream; no substantive claim is drawn from the record."
"A1AC-0209","A-C","PHASE2A1-SEARCH-0015","2026-07-31","OpenAlex","Kinetic Rate Constant Prediction Supports the Conformational Selection Mechanism of Protein Binding","Iain H. Moal; Paul A. Bates","2012","10.1371/journal.pcbi.1002351","https://openalex.org/W2088892683","A1-DUP-0183","A1AC-0209","UNIQUE_OCCURRENCE","AC","A1AC-DUP-0183","FALSE_POSITIVE","FALSE_POSITIVE","NO_DIRECT_FOUNDATIONAL_FIXED_SAMPLE_COMPOSITE_TEST_OR_MINIMAX_CONVERSE_RESULT_FOR_GAP_01_OR_GAP_03","NO_DIRECT_FOUNDATIONAL_FIXED_SAMPLE_COMPOSITE_TEST_OR_MINIMAX_CONVERSE_RESULT_FOR_GAP_01_OR_GAP_03","LEVEL_3_DISCOVERY_ONLY","NOT_SOUGHT_AFTER_TITLE_METADATA_SCREEN","","","NONE","","audit/phase2a1_raw_search_results/AC/PHASE2A1-SEARCH-0015_openalex.json","Final title/metadata-level false-positive disposition for this bounded A–C workstream; no substantive claim is drawn from the record."
"A1AC-0210","A-C","PHASE2A1-SEARCH-0015","2026-07-31","OpenAlex","Lung Structure and the Intrinsic Challenges of Gas Exchange","Connie C. W. Hsia; Dallas M. Hyde; Ewald R. Weibel","2016","10.1002/cphy.c150028","https://openalex.org/W2411711891","A1-DUP-0184","A1AC-0210","UNIQUE_OCCURRENCE","AC","A1AC-DUP-0184","FALSE_POSITIVE","FALSE_POSITIVE","NO_DIRECT_FOUNDATIONAL_FIXED_SAMPLE_COMPOSITE_TEST_OR_MINIMAX_CONVERSE_RESULT_FOR_GAP_01_OR_GAP_03","NO_DIRECT_FOUNDATIONAL_FIXED_SAMPLE_COMPOSITE_TEST_OR_MINIMAX_CONVERSE_RESULT_FOR_GAP_01_OR_GAP_03","LEVEL_3_DISCOVERY_ONLY","NOT_SOUGHT_AFTER_TITLE_METADATA_SCREEN","","","NONE","","audit/phase2a1_raw_search_results/AC/PHASE2A1-SEARCH-0015_openalex.json","Final title/metadata-level false-positive disposition for this bounded A–C workstream; no substantive claim is drawn from the record."
"A1AC-0211","A-C","PHASE2A1-SEARCH-0015","2026-07-31","OpenAlex","Fresh and Hardened Properties of Extrusion-Based 3D-Printed Cementitious Materials: A Review","Zhanzhao Li; Maryam Hojati; Zhengyu Wu; Jonathon Piasente; Negar Ashrafi; José Duarte; Shadi Nazarian; Sven G. Bilén; Ali M. Memari; Aleksandra Radlińska","2020","10.3390/su12145628","https://openalex.org/W3042047916","A1-DUP-0185","A1AC-0211","UNIQUE_OCCURRENCE","AC","A1AC-DUP-0185","FALSE_POSITIVE","FALSE_POSITIVE","NO_DIRECT_FOUNDATIONAL_FIXED_SAMPLE_COMPOSITE_TEST_OR_MINIMAX_CONVERSE_RESULT_FOR_GAP_01_OR_GAP_03","NO_DIRECT_FOUNDATIONAL_FIXED_SAMPLE_COMPOSITE_TEST_OR_MINIMAX_CONVERSE_RESULT_FOR_GAP_01_OR_GAP_03","LEVEL_3_DISCOVERY_ONLY","NOT_SOUGHT_AFTER_TITLE_METADATA_SCREEN","","","NONE","","audit/phase2a1_raw_search_results/AC/PHASE2A1-SEARCH-0015_openalex.json","Final title/metadata-level false-positive disposition for this bounded A–C workstream; no substantive claim is drawn from the record."
"A1AC-0212","A-C","PHASE2A1-SEARCH-0015","2026-07-31","OpenAlex","RecX Facilitates Homologous Recombination by Modulating RecA Activities","Paula P. Cárdenas; Begoña Carrasco; Clarisse Defeu Soufo; Carolina Elvira César; Katharina Herr; Miriam Kaufenstein; Peter L. Graumann; Juan C. Alonso","2012","10.1371/journal.pgen.1003126","https://openalex.org/W2084128457","A1-DUP-0186","A1AC-0212","UNIQUE_OCCURRENCE","AC","A1AC-DUP-0186","FALSE_POSITIVE","FALSE_POSITIVE","NO_DIRECT_FOUNDATIONAL_FIXED_SAMPLE_COMPOSITE_TEST_OR_MINIMAX_CONVERSE_RESULT_FOR_GAP_01_OR_GAP_03","NO_DIRECT_FOUNDATIONAL_FIXED_SAMPLE_COMPOSITE_TEST_OR_MINIMAX_CONVERSE_RESULT_FOR_GAP_01_OR_GAP_03","LEVEL_3_DISCOVERY_ONLY","NOT_SOUGHT_AFTER_TITLE_METADATA_SCREEN","","","NONE","","audit/phase2a1_raw_search_results/AC/PHASE2A1-SEARCH-0015_openalex.json","Final title/metadata-level false-positive disposition for this bounded A–C workstream; no substantive claim is drawn from the record."
"A1AC-0213","A-C","PHASE2A1-SEARCH-0015","2026-07-31","OpenAlex","Effective food supply chains : generating, modelling and evaluating supply chain scenarios","J.G.A.J. van der Vorst","2000","10.18174/121244","https://openalex.org/W16041207","A1-DUP-0187","A1AC-0213","UNIQUE_OCCURRENCE","AC","A1AC-DUP-0187","FALSE_POSITIVE","FALSE_POSITIVE","NO_DIRECT_FOUNDATIONAL_FIXED_SAMPLE_COMPOSITE_TEST_OR_MINIMAX_CONVERSE_RESULT_FOR_GAP_01_OR_GAP_03","NO_DIRECT_FOUNDATIONAL_FIXED_SAMPLE_COMPOSITE_TEST_OR_MINIMAX_CONVERSE_RESULT_FOR_GAP_01_OR_GAP_03","LEVEL_3_DISCOVERY_ONLY","NOT_SOUGHT_AFTER_TITLE_METADATA_SCREEN","","","NONE","","audit/phase2a1_raw_search_results/AC/PHASE2A1-SEARCH-0015_openalex.json","Final title/metadata-level false-positive disposition for this bounded A–C workstream; no substantive claim is drawn from the record."
"A1AC-0214","A-C","PHASE2A1-SEARCH-0015","2026-07-31","OpenAlex","Adaptive environmental assessment and management","","1980","10.1016/0143-1471(80)90183-x","https://openalex.org/W4302329250","A1-DUP-0188","A1AC-0214","UNIQUE_OCCURRENCE","AC","A1AC-DUP-0188","FALSE_POSITIVE","FALSE_POSITIVE","NO_DIRECT_FOUNDATIONAL_FIXED_SAMPLE_COMPOSITE_TEST_OR_MINIMAX_CONVERSE_RESULT_FOR_GAP_01_OR_GAP_03","NO_DIRECT_FOUNDATIONAL_FIXED_SAMPLE_COMPOSITE_TEST_OR_MINIMAX_CONVERSE_RESULT_FOR_GAP_01_OR_GAP_03","LEVEL_3_DISCOVERY_ONLY","NOT_SOUGHT_AFTER_TITLE_METADATA_SCREEN","","","NONE","","audit/phase2a1_raw_search_results/AC/PHASE2A1-SEARCH-0015_openalex.json","Final title/metadata-level false-positive disposition for this bounded A–C workstream; no substantive claim is drawn from the record."
"A1AC-0215","A-C","PHASE2A1-SEARCH-0016","2026-07-31","Crossref","A strong converse bound for multiple hypothesis testing, with applications to high-dimensional estimation","Ramji Venkataramanan; Oliver Johnson","2018","10.1214/18-ejs1419","10.1214/18-ejs1419","A1-DUP-0127","A1AC-0147","SOURCE_LEDGER_GROUP;NORMALIZED_DOI","AC","A1AC-DUP-0127","DUPLICATE","DUPLICATE","DUPLICATE_OF_A1AC-0147","DUPLICATE_OF_A1AC-0147","LEVEL_3_DISCOVERY_ONLY","NOT_APPLICABLE","","","DUPLICATE_OF_EXISTING_CORPUS","","audit/phase2a1_raw_search_results/AC/PHASE2A1-SEARCH-0016_crossref.json","Duplicate prospective occurrence; the first occurrence carries the evidence decision."
"A1AC-0216","A-C","PHASE2A1-SEARCH-0016","2026-07-31","Crossref","An Improved Sample Complexity Lower Bound for (Fidelity) Quantum State Tomography","Henry Yuen","2023","10.22331/q-2023-01-03-890","10.22331/q-2023-01-03-890","A1-DUP-0189","A1AC-0216","UNIQUE_OCCURRENCE","AC","A1AC-DUP-0189","FALSE_POSITIVE","FALSE_POSITIVE","NO_DIRECT_FOUNDATIONAL_FIXED_SAMPLE_COMPOSITE_TEST_OR_MINIMAX_CONVERSE_RESULT_FOR_GAP_01_OR_GAP_03","NO_DIRECT_FOUNDATIONAL_FIXED_SAMPLE_COMPOSITE_TEST_OR_MINIMAX_CONVERSE_RESULT_FOR_GAP_01_OR_GAP_03","LEVEL_3_DISCOVERY_ONLY","NOT_SOUGHT_AFTER_TITLE_METADATA_SCREEN","","","NONE","","audit/phase2a1_raw_search_results/AC/PHASE2A1-SEARCH-0016_crossref.json","Final title/metadata-level false-positive disposition for this bounded A–C workstream; no substantive claim is drawn from the record."
"A1AC-0217","A-C","PHASE2A1-SEARCH-0016","2026-07-31","Crossref","A Lower Bound on the Complexity of Testing Grained Distributions","Oded Goldreich; Dana Ron","2023","10.1007/s00037-023-00245-w","10.1007/s00037-023-00245-w","A1-DUP-0190","A1AC-0217","UNIQUE_OCCURRENCE","AC","A1AC-DUP-0190","FALSE_POSITIVE","FALSE_POSITIVE","NO_DIRECT_FOUNDATIONAL_FIXED_SAMPLE_COMPOSITE_TEST_OR_MINIMAX_CONVERSE_RESULT_FOR_GAP_01_OR_GAP_03","NO_DIRECT_FOUNDATIONAL_FIXED_SAMPLE_COMPOSITE_TEST_OR_MINIMAX_CONVERSE_RESULT_FOR_GAP_01_OR_GAP_03","LEVEL_3_DISCOVERY_ONLY","NOT_SOUGHT_AFTER_TITLE_METADATA_SCREEN","","","NONE","","audit/phase2a1_raw_search_results/AC/PHASE2A1-SEARCH-0016_crossref.json","Final title/metadata-level false-positive disposition for this bounded A–C workstream; no substantive claim is drawn from the record."
"A1AC-0218","A-C","PHASE2A1-SEARCH-0016","2026-07-31","Crossref","Graphing Sample Distributions for Hypothesis Testing","","2021","10.4135/9781529630213.n2","10.4135/9781529630213.n2","A1-DUP-0016","A1AC-0016","SOURCE_LEDGER_GROUP;NORMALIZED_DOI","AC","A1AC-DUP-0016","DUPLICATE","DUPLICATE","DUPLICATE_OF_A1AC-0016","DUPLICATE_OF_A1AC-0016","LEVEL_3_DISCOVERY_ONLY","NOT_APPLICABLE","","","NONE","","audit/phase2a1_raw_search_results/AC/PHASE2A1-SEARCH-0016_crossref.json","Duplicate prospective occurrence; the first occurrence carries the evidence decision."
"A1AC-0219","A-C","PHASE2A1-SEARCH-0016","2026-07-31","Crossref","The Chernoff lower bound for symmetric quantum hypothesis testing","Michael Nussbaum; Arleta Szkoła","2009","10.1214/08-aos593","10.1214/08-aos593","A1-DUP-0163","A1AC-0188","SOURCE_LEDGER_GROUP;NORMALIZED_DOI","AC","A1AC-DUP-0163","DUPLICATE","DUPLICATE","DUPLICATE_OF_A1AC-0188","DUPLICATE_OF_A1AC-0188","LEVEL_3_DISCOVERY_ONLY","NOT_APPLICABLE","","","NONE","","audit/phase2a1_raw_search_results/AC/PHASE2A1-SEARCH-0016_crossref.json","Duplicate prospective occurrence; the first occurrence carries the evidence decision."
"A1AC-0220","A-C","PHASE2A1-SEARCH-0016","2026-07-31","Crossref","Sample Complexity of Locally Differentially Private Quantum Hypothesis Testing","Hao–Chung Cheng; Christoph Hirche; Cambyse Rouzé","2024","10.1109/isit57864.2024.10619433","10.1109/isit57864.2024.10619433","A1-DUP-0191","A1AC-0220","NORMALIZED_DOI","AC","A1AC-DUP-0191","FALSE_POSITIVE","FALSE_POSITIVE","NO_DIRECT_FOUNDATIONAL_FIXED_SAMPLE_COMPOSITE_TEST_OR_MINIMAX_CONVERSE_RESULT_FOR_GAP_01_OR_GAP_03","NO_DIRECT_FOUNDATIONAL_FIXED_SAMPLE_COMPOSITE_TEST_OR_MINIMAX_CONVERSE_RESULT_FOR_GAP_01_OR_GAP_03","LEVEL_3_DISCOVERY_ONLY","NOT_SOUGHT_AFTER_TITLE_METADATA_SCREEN","","","NONE","","audit/phase2a1_raw_search_results/AC/PHASE2A1-SEARCH-0016_crossref.json","Final title/metadata-level false-positive disposition for this bounded A–C workstream; no substantive claim is drawn from the record."
"A1AC-0221","A-C","PHASE2A1-SEARCH-0016","2026-07-31","Crossref","A New Lower Bound for Multiple Hypothesis Testing","L. Birge","2005","10.1109/tit.2005.844101","10.1109/tit.2005.844101","A1-DUP-0165","A1AC-0191","SOURCE_LEDGER_GROUP;NORMALIZED_DOI","AC","A1AC-DUP-0165","DUPLICATE","DUPLICATE","DUPLICATE_OF_A1AC-0191","DUPLICATE_OF_A1AC-0191","LEVEL_3_DISCOVERY_ONLY","NOT_APPLICABLE","","","NONE","","audit/phase2a1_raw_search_results/AC/PHASE2A1-SEARCH-0016_crossref.json","Duplicate prospective occurrence; the first occurrence carries the evidence decision."
"A1AC-0222","A-C","PHASE2A1-SEARCH-0016","2026-07-31","Crossref","Sample Size Determination for Bayesian Informative Hypothesis Testing","; Qianrao Fu","","10.33540/1221","10.33540/1221","A1-DUP-0018","A1AC-0018","SOURCE_LEDGER_GROUP;NORMALIZED_DOI","AC","A1AC-DUP-0018","DUPLICATE","DUPLICATE","DUPLICATE_OF_A1AC-0018","DUPLICATE_OF_A1AC-0018","LEVEL_3_DISCOVERY_ONLY","NOT_APPLICABLE","","","NONE","","audit/phase2a1_raw_search_results/AC/PHASE2A1-SEARCH-0016_crossref.json","Duplicate prospective occurrence; the first occurrence carries the evidence decision."
"A1AC-0223","A-C","PHASE2A1-SEARCH-0016","2026-07-31","Crossref","Hypothesis Testing with One Sample","","2014","10.4324/9781315797564-13","10.4324/9781315797564-13","A1-DUP-0019","A1AC-0019","SOURCE_LEDGER_GROUP;NORMALIZED_DOI","AC","A1AC-DUP-0019","DUPLICATE","DUPLICATE","DUPLICATE_OF_A1AC-0019","DUPLICATE_OF_A1AC-0019","LEVEL_3_DISCOVERY_ONLY","NOT_APPLICABLE","","","NONE","","audit/phase2a1_raw_search_results/AC/PHASE2A1-SEARCH-0016_crossref.json","Duplicate prospective occurrence; the first occurrence carries the evidence decision."
"A1AC-0224","A-C","PHASE2A1-SEARCH-0016","2026-07-31","Crossref","Communication Complexity and BDD Lower Bound Techniques","Ingo Wegener","2000","10.1007/978-1-4757-6048-4_49","10.1007/978-1-4757-6048-4_49","A1-DUP-0192","A1AC-0224","UNIQUE_OCCURRENCE","AC","A1AC-DUP-0192","FALSE_POSITIVE","FALSE_POSITIVE","NO_DIRECT_FOUNDATIONAL_FIXED_SAMPLE_COMPOSITE_TEST_OR_MINIMAX_CONVERSE_RESULT_FOR_GAP_01_OR_GAP_03","NO_DIRECT_FOUNDATIONAL_FIXED_SAMPLE_COMPOSITE_TEST_OR_MINIMAX_CONVERSE_RESULT_FOR_GAP_01_OR_GAP_03","LEVEL_3_DISCOVERY_ONLY","NOT_SOUGHT_AFTER_TITLE_METADATA_SCREEN","","","NONE","","audit/phase2a1_raw_search_results/AC/PHASE2A1-SEARCH-0016_crossref.json","Final title/metadata-level false-positive disposition for this bounded A–C workstream; no substantive claim is drawn from the record."
"A1AC-0225","A-C","PHASE2A1-SEARCH-0016","2026-07-31","Crossref","Multiple quantum hypothesis testing expressions and classical-quantum channel converse bounds","Gonzalo Vazquez-Vilar","2016","10.1109/isit.2016.7541820","10.1109/isit.2016.7541820","A1-DUP-0193","A1AC-0225","NORMALIZED_DOI","AC","A1AC-DUP-0193","FALSE_POSITIVE","FALSE_POSITIVE","NO_DIRECT_FOUNDATIONAL_FIXED_SAMPLE_COMPOSITE_TEST_OR_MINIMAX_CONVERSE_RESULT_FOR_GAP_01_OR_GAP_03","NO_DIRECT_FOUNDATIONAL_FIXED_SAMPLE_COMPOSITE_TEST_OR_MINIMAX_CONVERSE_RESULT_FOR_GAP_01_OR_GAP_03","LEVEL_3_DISCOVERY_ONLY","NOT_SOUGHT_AFTER_TITLE_METADATA_SCREEN","","","NONE","","audit/phase2a1_raw_search_results/AC/PHASE2A1-SEARCH-0016_crossref.json","Final title/metadata-level false-positive disposition for this bounded A–C workstream; no substantive claim is drawn from the record."
"A1AC-0226","A-C","PHASE2A1-SEARCH-0016","2026-07-31","Crossref","Hypothesis Testing and One-Sample t Tests","","2012","10.4135/9781071878989.n12","10.4135/9781071878989.n12","A1-DUP-0020","A1AC-0020","SOURCE_LEDGER_GROUP;NORMALIZED_DOI","AC","A1AC-DUP-0020","DUPLICATE","DUPLICATE","DUPLICATE_OF_A1AC-0020","DUPLICATE_OF_A1AC-0020","LEVEL_3_DISCOVERY_ONLY","NOT_APPLICABLE","","","NONE","","audit/phase2a1_raw_search_results/AC/PHASE2A1-SEARCH-0016_crossref.json","Duplicate prospective occurrence; the first occurrence carries the evidence decision."
"A1AC-0227","A-C","PHASE2A1-SEARCH-0016","2026-07-31","Crossref","Hypothesis Testing","","2009","10.1017/cbo9780511806957.004","10.1017/cbo9780511806957.004","A1-DUP-0021","A1AC-0021","SOURCE_LEDGER_GROUP;NORMALIZED_DOI","AC","A1AC-DUP-0021","DUPLICATE","DUPLICATE","DUPLICATE_OF_A1AC-0021","DUPLICATE_OF_A1AC-0021","LEVEL_3_DISCOVERY_ONLY","NOT_APPLICABLE","","","NONE","","audit/phase2a1_raw_search_results/AC/PHASE2A1-SEARCH-0016_crossref.json","Duplicate prospective occurrence; the first occurrence carries the evidence decision."
"A1AC-0228","A-C","PHASE2A1-SEARCH-0016","2026-07-31","Crossref","Sample Size and Hypothesis Testing","","2023","10.1002/9781119800002.ch14","10.1002/9781119800002.ch14","A1-DUP-0022","A1AC-0022","SOURCE_LEDGER_GROUP;NORMALIZED_DOI","AC","A1AC-DUP-0022","DUPLICATE","DUPLICATE","DUPLICATE_OF_A1AC-0022","DUPLICATE_OF_A1AC-0022","LEVEL_3_DISCOVERY_ONLY","NOT_APPLICABLE","","","NONE","","audit/phase2a1_raw_search_results/AC/PHASE2A1-SEARCH-0016_crossref.json","Duplicate prospective occurrence; the first occurrence carries the evidence decision."
"A1AC-0229","A-C","PHASE2A1-SEARCH-0016","2026-07-31","Crossref","An invitation to the sample complexity of quantum hypothesis testing","Hao-Chung Cheng; Nilanjana Datta; Nana Liu; Theshani Nuradha; Robert Salzmann; Mark M. Wilde","2025","10.1038/s41534-025-00980-8","10.1038/s41534-025-00980-8","A1-DUP-0194","A1AC-0229","NORMALIZED_DOI","AC","A1AC-DUP-0194","FALSE_POSITIVE","FALSE_POSITIVE","NO_DIRECT_FOUNDATIONAL_FIXED_SAMPLE_COMPOSITE_TEST_OR_MINIMAX_CONVERSE_RESULT_FOR_GAP_01_OR_GAP_03","NO_DIRECT_FOUNDATIONAL_FIXED_SAMPLE_COMPOSITE_TEST_OR_MINIMAX_CONVERSE_RESULT_FOR_GAP_01_OR_GAP_03","LEVEL_3_DISCOVERY_ONLY","NOT_SOUGHT_AFTER_TITLE_METADATA_SCREEN","","","NONE","","audit/phase2a1_raw_search_results/AC/PHASE2A1-SEARCH-0016_crossref.json","Final title/metadata-level false-positive disposition for this bounded A–C workstream; no substantive claim is drawn from the record."
"A1AC-0230","A-C","PHASE2A1-SEARCH-0017","2026-07-31","OpenAlex","Hypothesis testing by convex optimization","Alexander Goldenshluger; Anatoli Juditsky; Arkadi Nemirovski","2015","10.1214/15-ejs1054","https://openalex.org/W1742114735","A1-DUP-0036","A1AC-0037","SOURCE_LEDGER_GROUP","AC","A1AC-DUP-0036","DUPLICATE","DUPLICATE","DUPLICATE_OF_A1AC-0037","DUPLICATE_OF_A1AC-0037","LEVEL_3_DISCOVERY_ONLY","NOT_APPLICABLE","","","DUPLICATE_OF_EXISTING_CORPUS","","audit/phase2a1_raw_search_results/AC/PHASE2A1-SEARCH-0017_openalex_anchor.json","Duplicate prospective occurrence; the first occurrence carries the evidence decision."
"A1AC-0231","A-C","PHASE2A1-SEARCH-0017","2026-07-31","OpenAlex","Comment on “Hypothesis testing by convex optimization”","Philippe Rigollet","2015","10.1214/15-ejs998","https://openalex.org/W1914459152","A1-DUP-0195","A1AC-0231","UNIQUE_OCCURRENCE","AC","A1AC-DUP-0195","FALSE_POSITIVE","FALSE_POSITIVE","NO_DIRECT_FOUNDATIONAL_FIXED_SAMPLE_COMPOSITE_TEST_OR_MINIMAX_CONVERSE_RESULT_FOR_GAP_01_OR_GAP_03","NO_DIRECT_FOUNDATIONAL_FIXED_SAMPLE_COMPOSITE_TEST_OR_MINIMAX_CONVERSE_RESULT_FOR_GAP_01_OR_GAP_03","LEVEL_3_DISCOVERY_ONLY","NOT_SOUGHT_AFTER_TITLE_METADATA_SCREEN","","","NONE","","audit/phase2a1_raw_search_results/AC/PHASE2A1-SEARCH-0017_openalex_anchor.json","Final title/metadata-level false-positive disposition for this bounded A–C workstream; no substantive claim is drawn from the record."
"A1AC-0232","A-C","PHASE2A1-SEARCH-0017","2026-07-31","OpenAlex","Hypothesis Testing via Euclidean Separation","Vincent Guigues; Anatoli Juditsky; Arkadi Nemirovski","2017","10.48550/arxiv.1705.07196","https://openalex.org/W4308324060","A1-DUP-0196","A1AC-0232","SOURCE_LEDGER_GROUP","AC","A1AC-DUP-0196","FULL_TEXT_INCLUDED","FULL_TEXT_INCLUDED","","","LEVEL_1_LOAD_BEARING","AUTHOR_MANUSCRIPT_FULL_TEXT_INSPECTED","arxiv_1705.07196_source/student_revised_Nov7_2018.tex:192-240 (fixed stationary and semi-stationary problem/risk), 381-491 (Propositions prop1 and OptMajTest), 494-719 (potential tests and Proposition prop133), 1805-1857 (sample-size lower comparison proof)","P0057","EXISTING_CORPUS_RECORD","NEW_CORPUS_CANDIDATE","audit/phase2a1_raw_search_results/AC/PHASE2A1-SEARCH-0017_openalex_anchor.json","Constructive fixed-sample uniform tests for two nonintersecting convex signal sets under sub-spherical noise, including heterogeneous semi-stationary blocks and near-optimal observation counts; assumptions do not cover arbitrary nonlinear induced law families."
"A1AC-0233","A-C","PHASE2A1-SEARCH-0017","2026-07-31","OpenAlex","On sequential hypotheses testing via convex optimization","Anatoli Juditsky; Arkadi Nemirovski","2015","10.1134/s0005117915050070","https://openalex.org/W1517588581","A1-DUP-0197","A1AC-0233","SOURCE_LEDGER_GROUP","AC","A1AC-DUP-0197","FALSE_POSITIVE","FALSE_POSITIVE","SEQUENTIAL_TESTING_NOT_FIXED_SAMPLE","SEQUENTIAL_TESTING_NOT_FIXED_SAMPLE","LEVEL_3_DISCOVERY_ONLY","NOT_SOUGHT_AFTER_TITLE_METADATA_SCREEN","","","NONE","","audit/phase2a1_raw_search_results/AC/PHASE2A1-SEARCH-0017_openalex_anchor.json","Final title/metadata-level false-positive disposition for this bounded A–C workstream; no substantive claim is drawn from the record."
"A1AC-0234","A-C","PHASE2A1-SEARCH-0017","2026-07-31","OpenAlex","Estimating linear and quadratic forms via indirect observations","Anatoli Juditsky; Arkadi Nemirovski","2020","10.3150/20-bej1200","https://openalex.org/W2560401352","A1-DUP-0198","A1AC-0234","SOURCE_LEDGER_GROUP","AC","A1AC-DUP-0198","FALSE_POSITIVE","FALSE_POSITIVE","NO_DIRECT_FOUNDATIONAL_FIXED_SAMPLE_COMPOSITE_TEST_OR_MINIMAX_CONVERSE_RESULT_FOR_GAP_01_OR_GAP_03","NO_DIRECT_FOUNDATIONAL_FIXED_SAMPLE_COMPOSITE_TEST_OR_MINIMAX_CONVERSE_RESULT_FOR_GAP_01_OR_GAP_03","LEVEL_3_DISCOVERY_ONLY","NOT_SOUGHT_AFTER_TITLE_METADATA_SCREEN","","","NONE","","audit/phase2a1_raw_search_results/AC/PHASE2A1-SEARCH-0017_openalex_anchor.json","Final title/metadata-level false-positive disposition for this bounded A–C workstream; no substantive claim is drawn from the record."
"A1AC-0235","A-C","PHASE2A1-SEARCH-0017","2026-07-31","OpenAlex","Hypothesis testing via Euclidean separation","Vincent Guigues; Anatoli Juditsky; Arkadi Nemirovski","2020","10.1214/19-aihp1022","https://openalex.org/W3037745720","A1-DUP-0196","A1AC-0232","SOURCE_LEDGER_GROUP","AC","A1AC-DUP-0196","DUPLICATE","DUPLICATE","DUPLICATE_OF_A1AC-0232","DUPLICATE_OF_A1AC-0232","LEVEL_3_DISCOVERY_ONLY","NOT_APPLICABLE","","","DUPLICATE_OF_EXISTING_CORPUS","","audit/phase2a1_raw_search_results/AC/PHASE2A1-SEARCH-0017_openalex_anchor.json","Duplicate prospective occurrence; the first occurrence carries the evidence decision."
"A1AC-0236","A-C","PHASE2A1-SEARCH-0017","2026-07-31","OpenAlex","Near-optimal recovery of linear and N-convex functions on unions of convex sets","Anatoli Juditsky; Arkadi Nemirovski","2019","10.1093/imaiai/iaz011","https://openalex.org/W2795770388","A1-DUP-0199","A1AC-0236","SOURCE_LEDGER_GROUP","AC","A1AC-DUP-0199","FALSE_POSITIVE","FALSE_POSITIVE","NO_DIRECT_FOUNDATIONAL_FIXED_SAMPLE_COMPOSITE_TEST_OR_MINIMAX_CONVERSE_RESULT_FOR_GAP_01_OR_GAP_03","NO_DIRECT_FOUNDATIONAL_FIXED_SAMPLE_COMPOSITE_TEST_OR_MINIMAX_CONVERSE_RESULT_FOR_GAP_01_OR_GAP_03","LEVEL_3_DISCOVERY_ONLY","NOT_SOUGHT_AFTER_TITLE_METADATA_SCREEN","","","NONE","","audit/phase2a1_raw_search_results/AC/PHASE2A1-SEARCH-0017_openalex_anchor.json","Final title/metadata-level false-positive disposition for this bounded A–C workstream; no substantive claim is drawn from the record."
"A1AC-0237","A-C","PHASE2A1-SEARCH-0017","2026-07-31","OpenAlex","Aggregating estimates by convex optimization","Anatoli Juditsky; Arkadi Nemirovski","2022","10.4171/msl/30","https://openalex.org/W3185690680","A1-DUP-0200","A1AC-0237","SOURCE_LEDGER_GROUP","AC","A1AC-DUP-0200","FALSE_POSITIVE","FALSE_POSITIVE","NO_DIRECT_FOUNDATIONAL_FIXED_SAMPLE_COMPOSITE_TEST_OR_MINIMAX_CONVERSE_RESULT_FOR_GAP_01_OR_GAP_03","NO_DIRECT_FOUNDATIONAL_FIXED_SAMPLE_COMPOSITE_TEST_OR_MINIMAX_CONVERSE_RESULT_FOR_GAP_01_OR_GAP_03","LEVEL_3_DISCOVERY_ONLY","NOT_SOUGHT_AFTER_TITLE_METADATA_SCREEN","","","NONE","","audit/phase2a1_raw_search_results/AC/PHASE2A1-SEARCH-0017_openalex_anchor.json","Final title/metadata-level false-positive disposition for this bounded A–C workstream; no substantive claim is drawn from the record."
"A1AC-0238","A-C","PHASE2A1-SEARCH-0017","2026-07-31","OpenAlex","A Data-Driven Approach to Robust Hypothesis Testing Using Sinkhorn Uncertainty Sets","Jie Wang; Yao Xie","2022","10.48550/arxiv.2202.04258","https://openalex.org/W4307660236","A1-DUP-0201","A1AC-0238","UNIQUE_OCCURRENCE","AC","A1AC-DUP-0201","FALSE_POSITIVE","FALSE_POSITIVE","NO_DIRECT_FOUNDATIONAL_FIXED_SAMPLE_COMPOSITE_TEST_OR_MINIMAX_CONVERSE_RESULT_FOR_GAP_01_OR_GAP_03","NO_DIRECT_FOUNDATIONAL_FIXED_SAMPLE_COMPOSITE_TEST_OR_MINIMAX_CONVERSE_RESULT_FOR_GAP_01_OR_GAP_03","LEVEL_3_DISCOVERY_ONLY","NOT_SOUGHT_AFTER_TITLE_METADATA_SCREEN","","","NONE","","audit/phase2a1_raw_search_results/AC/PHASE2A1-SEARCH-0017_openalex_anchor.json","Final title/metadata-level false-positive disposition for this bounded A–C workstream; no substantive claim is drawn from the record."
"A1AC-0239","A-C","PHASE2A1-SEARCH-0017","2026-07-31","OpenAlex","Bump detection in the presence of dependency: Does it ease or does it load?","Farida Enikeeva; Axel Munk; Markus Pohlmann; Frank Werner","2020","10.3150/20-bej1226","https://openalex.org/W2950844039","A1-DUP-0202","A1AC-0239","SOURCE_LEDGER_GROUP","AC","A1AC-DUP-0202","FALSE_POSITIVE","FALSE_POSITIVE","NO_DIRECT_FOUNDATIONAL_FIXED_SAMPLE_COMPOSITE_TEST_OR_MINIMAX_CONVERSE_RESULT_FOR_GAP_01_OR_GAP_03","NO_DIRECT_FOUNDATIONAL_FIXED_SAMPLE_COMPOSITE_TEST_OR_MINIMAX_CONVERSE_RESULT_FOR_GAP_01_OR_GAP_03","LEVEL_3_DISCOVERY_ONLY","NOT_SOUGHT_AFTER_TITLE_METADATA_SCREEN","","","NONE","","audit/phase2a1_raw_search_results/AC/PHASE2A1-SEARCH-0017_openalex_anchor.json","Final title/metadata-level false-positive disposition for this bounded A–C workstream; no substantive claim is drawn from the record."
"A1AC-0240","A-C","PHASE2A1-SEARCH-0017","2026-07-31","OpenAlex","On minimax detection of localized signals from indirect or correlated data","Markus Pöhlmann","2022","10.53846/goediss-9212","https://openalex.org/W4229007732","A1-DUP-0203","A1AC-0240","SOURCE_LEDGER_GROUP","AC","A1AC-DUP-0203","FALSE_POSITIVE","FALSE_POSITIVE","NO_DIRECT_FOUNDATIONAL_FIXED_SAMPLE_COMPOSITE_TEST_OR_MINIMAX_CONVERSE_RESULT_FOR_GAP_01_OR_GAP_03","NO_DIRECT_FOUNDATIONAL_FIXED_SAMPLE_COMPOSITE_TEST_OR_MINIMAX_CONVERSE_RESULT_FOR_GAP_01_OR_GAP_03","LEVEL_3_DISCOVERY_ONLY","NOT_SOUGHT_AFTER_TITLE_METADATA_SCREEN","","","NONE","","audit/phase2a1_raw_search_results/AC/PHASE2A1-SEARCH-0017_openalex_anchor.json","Final title/metadata-level false-positive disposition for this bounded A–C workstream; no substantive claim is drawn from the record."
"A1AC-0241","A-C","PHASE2A1-SEARCH-0018","2026-07-31","OpenAlex","Sequential Change-Point Detection via Online Convex Optimization","Yang Cao; Liyan Xie; Yao Xie; Huan Xu","2018","10.3390/e20020108","https://openalex.org/W2790191154","A1-DUP-0204","A1AC-0241","UNIQUE_OCCURRENCE","AC","A1AC-DUP-0204","FALSE_POSITIVE","FALSE_POSITIVE","NO_DIRECT_FOUNDATIONAL_FIXED_SAMPLE_COMPOSITE_TEST_OR_MINIMAX_CONVERSE_RESULT_FOR_GAP_01_OR_GAP_03","NO_DIRECT_FOUNDATIONAL_FIXED_SAMPLE_COMPOSITE_TEST_OR_MINIMAX_CONVERSE_RESULT_FOR_GAP_01_OR_GAP_03","LEVEL_3_DISCOVERY_ONLY","NOT_SOUGHT_AFTER_TITLE_METADATA_SCREEN","","","NONE","","audit/phase2a1_raw_search_results/AC/PHASE2A1-SEARCH-0018_openalex_forward.json","Final title/metadata-level false-positive disposition for this bounded A–C workstream; no substantive claim is drawn from the record."
"A1AC-0242","A-C","PHASE2A1-SEARCH-0018","2026-07-31","OpenAlex","Minimax Robust Detection: Classic Results and Recent Advances","Michael Faus; Abdelhak M. Zoubir; H. Vincent Poor","2021","10.1109/tsp.2021.3061298","https://openalex.org/W3132712038","A1-DUP-0205","A1AC-0242","UNIQUE_OCCURRENCE","AC","A1AC-DUP-0205","FALSE_POSITIVE","FALSE_POSITIVE","NO_DIRECT_FOUNDATIONAL_FIXED_SAMPLE_COMPOSITE_TEST_OR_MINIMAX_CONVERSE_RESULT_FOR_GAP_01_OR_GAP_03","NO_DIRECT_FOUNDATIONAL_FIXED_SAMPLE_COMPOSITE_TEST_OR_MINIMAX_CONVERSE_RESULT_FOR_GAP_01_OR_GAP_03","LEVEL_3_DISCOVERY_ONLY","NOT_SOUGHT_AFTER_TITLE_METADATA_SCREEN","","","NONE","","audit/phase2a1_raw_search_results/AC/PHASE2A1-SEARCH-0018_openalex_forward.json","Final title/metadata-level false-positive disposition for this bounded A–C workstream; no substantive claim is drawn from the record."
"A1AC-0243","A-C","PHASE2A1-SEARCH-0018","2026-07-31","OpenAlex","Robust Hypothesis Testing Using Wasserstein Uncertainty Sets","Rui Gao; Liyan Xie; Yao Xie; Huan Xu","2018","10.48550/arxiv.1805.10611","https://openalex.org/W2803740389","A1-DUP-0206","A1AC-0243","UNIQUE_OCCURRENCE","AC","A1AC-DUP-0206","FALSE_POSITIVE","FALSE_POSITIVE","NO_DIRECT_FOUNDATIONAL_FIXED_SAMPLE_COMPOSITE_TEST_OR_MINIMAX_CONVERSE_RESULT_FOR_GAP_01_OR_GAP_03","NO_DIRECT_FOUNDATIONAL_FIXED_SAMPLE_COMPOSITE_TEST_OR_MINIMAX_CONVERSE_RESULT_FOR_GAP_01_OR_GAP_03","LEVEL_3_DISCOVERY_ONLY","NOT_SOUGHT_AFTER_TITLE_METADATA_SCREEN","","","NONE","","audit/phase2a1_raw_search_results/AC/PHASE2A1-SEARCH-0018_openalex_forward.json","Final title/metadata-level false-positive disposition for this bounded A–C workstream; no substantive claim is drawn from the record."
"A1AC-0244","A-C","PHASE2A1-SEARCH-0018","2026-07-31","OpenAlex","A Data-Driven Approach to Robust Hypothesis Testing Using Sinkhorn Uncertainty Sets","Jie Wang; Yao Xie","2022","10.1109/isit50566.2022.9834367","https://openalex.org/W4221138869","A1-DUP-0207","A1AC-0244","UNIQUE_OCCURRENCE","AC","A1AC-DUP-0207","FALSE_POSITIVE","FALSE_POSITIVE","NO_DIRECT_FOUNDATIONAL_FIXED_SAMPLE_COMPOSITE_TEST_OR_MINIMAX_CONVERSE_RESULT_FOR_GAP_01_OR_GAP_03","NO_DIRECT_FOUNDATIONAL_FIXED_SAMPLE_COMPOSITE_TEST_OR_MINIMAX_CONVERSE_RESULT_FOR_GAP_01_OR_GAP_03","LEVEL_3_DISCOVERY_ONLY","NOT_SOUGHT_AFTER_TITLE_METADATA_SCREEN","","","NONE","","audit/phase2a1_raw_search_results/AC/PHASE2A1-SEARCH-0018_openalex_forward.json","Final title/metadata-level false-positive disposition for this bounded A–C workstream; no substantive claim is drawn from the record."
"A1AC-0245","A-C","PHASE2A1-SEARCH-0018","2026-07-31","OpenAlex","Theory of versatile fidelity estimation with confidence","Akshay Seshadri; Martin Ringbauer; Jacob Spainhour; Thomas Monz; Stephen Becker","2024","10.1103/physreva.110.012431","https://openalex.org/W4400494946","A1-DUP-0208","A1AC-0245","UNIQUE_OCCURRENCE","AC","A1AC-DUP-0208","FALSE_POSITIVE","FALSE_POSITIVE","NO_DIRECT_FOUNDATIONAL_FIXED_SAMPLE_COMPOSITE_TEST_OR_MINIMAX_CONVERSE_RESULT_FOR_GAP_01_OR_GAP_03","NO_DIRECT_FOUNDATIONAL_FIXED_SAMPLE_COMPOSITE_TEST_OR_MINIMAX_CONVERSE_RESULT_FOR_GAP_01_OR_GAP_03","LEVEL_3_DISCOVERY_ONLY","NOT_SOUGHT_AFTER_TITLE_METADATA_SCREEN","","","NONE","","audit/phase2a1_raw_search_results/AC/PHASE2A1-SEARCH-0018_openalex_forward.json","Final title/metadata-level false-positive disposition for this bounded A–C workstream; no substantive claim is drawn from the record."
"A1AC-0246","A-C","PHASE2A1-SEARCH-0018","2026-07-31","OpenAlex","Constructive minimax classification of discrete observations with arbitrary loss function","Lionel Fillatre","2017","10.1016/j.sigpro.2017.06.020","https://openalex.org/W2646437084","A1-DUP-0209","A1AC-0246","UNIQUE_OCCURRENCE","AC","A1AC-DUP-0209","FULL_TEXT_UNAVAILABLE","FULL_TEXT_UNAVAILABLE","NO_LEGALLY_ACCESSIBLE_INSPECTABLE_PRIMARY_FULL_TEXT_OBTAINED_IN_BOUNDED_RETRIEVAL","NO_LEGALLY_ACCESSIBLE_INSPECTABLE_PRIMARY_FULL_TEXT_OBTAINED_IN_BOUNDED_RETRIEVAL","LEVEL_3_DISCOVERY_ONLY","FULL_TEXT_NOT_OBTAINED_OR_NOT_INSPECTABLE","","","NONE","","audit/phase2a1_raw_search_results/AC/PHASE2A1-SEARCH-0018_openalex_forward.json","Potentially relevant foundational source retained without guarantee coding; it cannot support a substantive synthesis conclusion."
"A1AC-0247","A-C","PHASE2A1-SEARCH-0018","2026-07-31","OpenAlex","Globally Convergent Gradient Projection Type Algorithms for a Class of Robust Hypothesis Testings","Ting Ma; Enbin Song; Qingjiang Shi","2021","10.1109/tsp.2021.3059097","https://openalex.org/W3132605199","A1-DUP-0210","A1AC-0247","UNIQUE_OCCURRENCE","AC","A1AC-DUP-0210","FALSE_POSITIVE","FALSE_POSITIVE","NO_DIRECT_FOUNDATIONAL_FIXED_SAMPLE_COMPOSITE_TEST_OR_MINIMAX_CONVERSE_RESULT_FOR_GAP_01_OR_GAP_03","NO_DIRECT_FOUNDATIONAL_FIXED_SAMPLE_COMPOSITE_TEST_OR_MINIMAX_CONVERSE_RESULT_FOR_GAP_01_OR_GAP_03","LEVEL_3_DISCOVERY_ONLY","NOT_SOUGHT_AFTER_TITLE_METADATA_SCREEN","","","NONE","","audit/phase2a1_raw_search_results/AC/PHASE2A1-SEARCH-0018_openalex_forward.json","Final title/metadata-level false-positive disposition for this bounded A–C workstream; no substantive claim is drawn from the record."
"A1AC-0248","A-C","PHASE2A1-SEARCH-0018","2026-07-31","OpenAlex","Versatile Fidelity Estimation with Confidence","Akshay Seshadri; Martin Ringbauer; Jacob Spainhour; R. Blatt; Thomas Monz; Stephen Becker","2024","10.1103/physrevlett.133.020402","https://openalex.org/W4400491929","A1-DUP-0211","A1AC-0248","UNIQUE_OCCURRENCE","AC","A1AC-DUP-0211","FALSE_POSITIVE","FALSE_POSITIVE","NO_DIRECT_FOUNDATIONAL_FIXED_SAMPLE_COMPOSITE_TEST_OR_MINIMAX_CONVERSE_RESULT_FOR_GAP_01_OR_GAP_03","NO_DIRECT_FOUNDATIONAL_FIXED_SAMPLE_COMPOSITE_TEST_OR_MINIMAX_CONVERSE_RESULT_FOR_GAP_01_OR_GAP_03","LEVEL_3_DISCOVERY_ONLY","NOT_SOUGHT_AFTER_TITLE_METADATA_SCREEN","","","NONE","","audit/phase2a1_raw_search_results/AC/PHASE2A1-SEARCH-0018_openalex_forward.json","Final title/metadata-level false-positive disposition for this bounded A–C workstream; no substantive claim is drawn from the record."
"A1AC-0249","A-C","PHASE2A1-SEARCH-0018","2026-07-31","OpenAlex","Change detection via affine and quadratic detectors","Yang Cao; Arkadi Nemirovski; Yao Xie; Vincent Guigues; Anatoli Juditsky","2018","10.1214/17-ejs1373","https://openalex.org/W2964053291","A1-DUP-0212","A1AC-0249","UNIQUE_OCCURRENCE","AC","A1AC-DUP-0212","FALSE_POSITIVE","FALSE_POSITIVE","NO_DIRECT_FOUNDATIONAL_FIXED_SAMPLE_COMPOSITE_TEST_OR_MINIMAX_CONVERSE_RESULT_FOR_GAP_01_OR_GAP_03","NO_DIRECT_FOUNDATIONAL_FIXED_SAMPLE_COMPOSITE_TEST_OR_MINIMAX_CONVERSE_RESULT_FOR_GAP_01_OR_GAP_03","LEVEL_3_DISCOVERY_ONLY","NOT_SOUGHT_AFTER_TITLE_METADATA_SCREEN","","","NONE","","audit/phase2a1_raw_search_results/AC/PHASE2A1-SEARCH-0018_openalex_forward.json","Final title/metadata-level false-positive disposition for this bounded A–C workstream; no substantive claim is drawn from the record."
"A1AC-0250","A-C","PHASE2A1-SEARCH-0018","2026-07-31","OpenAlex","Near-Optimal Recovery of Linear and N-Convex Functions on Unions of\n Convex Sets","Anatoli Juditsky; Arkadi Nemirovski","2018","10.48550/arxiv.1804.00355","https://openalex.org/W2962710013","A1-DUP-0213","A1AC-0250","UNIQUE_OCCURRENCE","AC","A1AC-DUP-0213","FALSE_POSITIVE","FALSE_POSITIVE","NO_DIRECT_FOUNDATIONAL_FIXED_SAMPLE_COMPOSITE_TEST_OR_MINIMAX_CONVERSE_RESULT_FOR_GAP_01_OR_GAP_03","NO_DIRECT_FOUNDATIONAL_FIXED_SAMPLE_COMPOSITE_TEST_OR_MINIMAX_CONVERSE_RESULT_FOR_GAP_01_OR_GAP_03","LEVEL_3_DISCOVERY_ONLY","NOT_SOUGHT_AFTER_TITLE_METADATA_SCREEN","","","NONE","","audit/phase2a1_raw_search_results/AC/PHASE2A1-SEARCH-0018_openalex_forward.json","Final title/metadata-level false-positive disposition for this bounded A–C workstream; no substantive claim is drawn from the record."
"A1AC-0251","A-C","PHASE2A1-SEARCH-0018","2026-07-31","OpenAlex","Bump detection in heterogeneous Gaussian regression","Farida Enikeeva; Axel Munk; Frank Werner","2017","10.3150/16-bej899","https://openalex.org/W2201169240","A1-DUP-0214","A1AC-0251","NORMALIZED_DOI","AC","A1AC-DUP-0214","FALSE_POSITIVE","FALSE_POSITIVE","NO_DIRECT_FOUNDATIONAL_FIXED_SAMPLE_COMPOSITE_TEST_OR_MINIMAX_CONVERSE_RESULT_FOR_GAP_01_OR_GAP_03","NO_DIRECT_FOUNDATIONAL_FIXED_SAMPLE_COMPOSITE_TEST_OR_MINIMAX_CONVERSE_RESULT_FOR_GAP_01_OR_GAP_03","LEVEL_3_DISCOVERY_ONLY","NOT_SOUGHT_AFTER_TITLE_METADATA_SCREEN","","","NONE","","audit/phase2a1_raw_search_results/AC/PHASE2A1-SEARCH-0018_openalex_forward.json","Final title/metadata-level false-positive disposition for this bounded A–C workstream; no substantive claim is drawn from the record."
"A1AC-0252","A-C","PHASE2A1-SEARCH-0018","2026-07-31","OpenAlex","Hypothesis testing via affine detectors","Anatoli Juditsky; Arkadi Nemirovski","2016","10.1214/16-ejs1170","https://openalex.org/W2336375816","A1-DUP-0215","A1AC-0252","UNIQUE_OCCURRENCE","AC","A1AC-DUP-0215","FULL_TEXT_INCLUDED","FULL_TEXT_INCLUDED","","","LEVEL_1_LOAD_BEARING","AUTHOR_MANUSCRIPT_FULL_TEXT_INSPECTED","arxiv_1604.02576_source/main.tex:367-485 (§3 and Proposition prop1), 486-603 (Propositions prop2, propsubGauss and prop22), 604-714 (multiple hypotheses and Proposition prop3)","P0058","EXISTING_CORPUS_RECORD","NEW_CORPUS_CANDIDATE","audit/phase2a1_raw_search_results/AC/PHASE2A1-SEARCH-0018_openalex_forward.json","Fixed-prescribed-K affine detectors give uniform exponential-risk bounds for repeated and conditionally heterogeneous observations in regular distribution families; global minimax optimality is not claimed for all families."
"A1AC-0253","A-C","PHASE2A1-SEARCH-0018","2026-07-31","OpenAlex","Robust sequential change-point detection by convex optimization","Yang Cao; Yao Xie","2017","10.1109/isit.2017.8006736","https://openalex.org/W2582129910","A1-DUP-0216","A1AC-0253","UNIQUE_OCCURRENCE","AC","A1AC-DUP-0216","FALSE_POSITIVE","FALSE_POSITIVE","NO_DIRECT_FOUNDATIONAL_FIXED_SAMPLE_COMPOSITE_TEST_OR_MINIMAX_CONVERSE_RESULT_FOR_GAP_01_OR_GAP_03","NO_DIRECT_FOUNDATIONAL_FIXED_SAMPLE_COMPOSITE_TEST_OR_MINIMAX_CONVERSE_RESULT_FOR_GAP_01_OR_GAP_03","LEVEL_3_DISCOVERY_ONLY","NOT_SOUGHT_AFTER_TITLE_METADATA_SCREEN","","","NONE","","audit/phase2a1_raw_search_results/AC/PHASE2A1-SEARCH-0018_openalex_forward.json","Final title/metadata-level false-positive disposition for this bounded A–C workstream; no substantive claim is drawn from the record."
"A1AC-0254","A-C","PHASE2A1-SEARCH-0018","2026-07-31","OpenAlex","Change Detection via Affine and Quadratic Detectors","Yang Cao; Vincent Guigues; Anatoli Juditsky; Arkadi Nemirovski; Yao Xie","2016","10.48550/arxiv.1608.00524","https://openalex.org/W2504144188","A1-DUP-0217","A1AC-0254","UNIQUE_OCCURRENCE","AC","A1AC-DUP-0217","FALSE_POSITIVE","FALSE_POSITIVE","NO_DIRECT_FOUNDATIONAL_FIXED_SAMPLE_COMPOSITE_TEST_OR_MINIMAX_CONVERSE_RESULT_FOR_GAP_01_OR_GAP_03","NO_DIRECT_FOUNDATIONAL_FIXED_SAMPLE_COMPOSITE_TEST_OR_MINIMAX_CONVERSE_RESULT_FOR_GAP_01_OR_GAP_03","LEVEL_3_DISCOVERY_ONLY","NOT_SOUGHT_AFTER_TITLE_METADATA_SCREEN","","","NONE","","audit/phase2a1_raw_search_results/AC/PHASE2A1-SEARCH-0018_openalex_forward.json","Final title/metadata-level false-positive disposition for this bounded A–C workstream; no substantive claim is drawn from the record."
"A1AC-0255","A-C","PHASE2A1-SEARCH-0018","2026-07-31","OpenAlex","Estimating linear and quadratic forms via indirect observations","Anatoli Juditsky; Arkadi Nemirovski","2020","10.3150/20-bej1200","https://openalex.org/W2560401352","A1-DUP-0198","A1AC-0234","SOURCE_LEDGER_GROUP","AC","A1AC-DUP-0198","DUPLICATE","DUPLICATE","DUPLICATE_OF_A1AC-0234","DUPLICATE_OF_A1AC-0234","LEVEL_3_DISCOVERY_ONLY","NOT_APPLICABLE","","","NONE","","audit/phase2a1_raw_search_results/AC/PHASE2A1-SEARCH-0018_openalex_forward.json","Duplicate prospective occurrence; the first occurrence carries the evidence decision."
"A1AC-0256","A-C","PHASE2A1-SEARCH-0018","2026-07-31","OpenAlex","Hypothesis testing via Euclidean separation","Vincent Guigues; Anatoli Juditsky; Arkadi Nemirovski","2020","10.1214/19-aihp1022","https://openalex.org/W3037745720","A1-DUP-0196","A1AC-0232","SOURCE_LEDGER_GROUP","AC","A1AC-DUP-0196","DUPLICATE","DUPLICATE","DUPLICATE_OF_A1AC-0232","DUPLICATE_OF_A1AC-0232","LEVEL_3_DISCOVERY_ONLY","NOT_APPLICABLE","","","DUPLICATE_OF_EXISTING_CORPUS","","audit/phase2a1_raw_search_results/AC/PHASE2A1-SEARCH-0018_openalex_forward.json","Duplicate prospective occurrence; the first occurrence carries the evidence decision."
"A1AC-0257","A-C","PHASE2A1-SEARCH-0018","2026-07-31","OpenAlex","On polyhedral estimation of signals via indirect observations","Anatoli Juditsky; Arkadi Nemirovski","2020","10.1214/19-ejs1661","https://openalex.org/W2789722567","A1-DUP-0218","A1AC-0257","UNIQUE_OCCURRENCE","AC","A1AC-DUP-0218","FALSE_POSITIVE","FALSE_POSITIVE","NO_DIRECT_FOUNDATIONAL_FIXED_SAMPLE_COMPOSITE_TEST_OR_MINIMAX_CONVERSE_RESULT_FOR_GAP_01_OR_GAP_03","NO_DIRECT_FOUNDATIONAL_FIXED_SAMPLE_COMPOSITE_TEST_OR_MINIMAX_CONVERSE_RESULT_FOR_GAP_01_OR_GAP_03","LEVEL_3_DISCOVERY_ONLY","NOT_SOUGHT_AFTER_TITLE_METADATA_SCREEN","","","NONE","","audit/phase2a1_raw_search_results/AC/PHASE2A1-SEARCH-0018_openalex_forward.json","Final title/metadata-level false-positive disposition for this bounded A–C workstream; no substantive claim is drawn from the record."
"A1AC-0258","A-C","PHASE2A1-SEARCH-0018","2026-07-31","OpenAlex","Hypothesis Testing via Euclidean Separation","Vincent Guigues; Anatoli Juditsky; Arkadi Nemirovski","2017","10.48550/arxiv.1705.07196","https://openalex.org/W2619234391","A1-DUP-0196","A1AC-0232","SOURCE_LEDGER_GROUP","AC","A1AC-DUP-0196","DUPLICATE","DUPLICATE","DUPLICATE_OF_A1AC-0232","DUPLICATE_OF_A1AC-0232","LEVEL_3_DISCOVERY_ONLY","NOT_APPLICABLE","","","NONE","","audit/phase2a1_raw_search_results/AC/PHASE2A1-SEARCH-0018_openalex_forward.json","Duplicate prospective occurrence; the first occurrence carries the evidence decision."
"A1AC-0259","A-C","PHASE2A1-SEARCH-0018","2026-07-31","OpenAlex","Aggregating estimates by convex optimization","Anatoli Juditsky; Arkadi Nemirovski","2022","10.4171/msl/30","https://openalex.org/W3185690680","A1-DUP-0200","A1AC-0237","SOURCE_LEDGER_GROUP","AC","A1AC-DUP-0200","DUPLICATE","DUPLICATE","DUPLICATE_OF_A1AC-0237","DUPLICATE_OF_A1AC-0237","LEVEL_3_DISCOVERY_ONLY","NOT_APPLICABLE","","","NONE","","audit/phase2a1_raw_search_results/AC/PHASE2A1-SEARCH-0018_openalex_forward.json","Duplicate prospective occurrence; the first occurrence carries the evidence decision."
"A1AC-0260","A-C","PHASE2A1-SEARCH-0018","2026-07-31","OpenAlex","Discussion of “Hypothesis testing by convex optimization”","Fabienne Comte; Céline Duval; Valentine Genon‐Catalot","2015","10.1214/15-ejs990","https://openalex.org/W1895165988","A1-DUP-0219","A1AC-0260","UNIQUE_OCCURRENCE","AC","A1AC-DUP-0219","FALSE_POSITIVE","FALSE_POSITIVE","NO_DIRECT_FOUNDATIONAL_FIXED_SAMPLE_COMPOSITE_TEST_OR_MINIMAX_CONVERSE_RESULT_FOR_GAP_01_OR_GAP_03","NO_DIRECT_FOUNDATIONAL_FIXED_SAMPLE_COMPOSITE_TEST_OR_MINIMAX_CONVERSE_RESULT_FOR_GAP_01_OR_GAP_03","LEVEL_3_DISCOVERY_ONLY","NOT_SOUGHT_AFTER_TITLE_METADATA_SCREEN","","","NONE","","audit/phase2a1_raw_search_results/AC/PHASE2A1-SEARCH-0018_openalex_forward.json","Final title/metadata-level false-positive disposition for this bounded A–C workstream; no substantive claim is drawn from the record."
"A1AC-0261","A-C","PHASE2A1-SEARCH-0018","2026-07-31","OpenAlex","Near-optimal recovery of linear and N-convex functions on unions of convex sets","Anatoli Juditsky; Arkadi Nemirovski","2019","10.1093/imaiai/iaz011","https://openalex.org/W2795770388","A1-DUP-0199","A1AC-0236","SOURCE_LEDGER_GROUP","AC","A1AC-DUP-0199","DUPLICATE","DUPLICATE","DUPLICATE_OF_A1AC-0236","DUPLICATE_OF_A1AC-0236","LEVEL_3_DISCOVERY_ONLY","NOT_APPLICABLE","","","NONE","","audit/phase2a1_raw_search_results/AC/PHASE2A1-SEARCH-0018_openalex_forward.json","Duplicate prospective occurrence; the first occurrence carries the evidence decision."
"A1AC-0262","A-C","PHASE2A1-SEARCH-0018","2026-07-31","OpenAlex","Bump detection in the presence of dependency: Does it ease or does it load?","Farida Enikeeva; Axel Munk; Markus Pohlmann; Frank Werner","2020","10.3150/20-bej1226","https://openalex.org/W2950844039","A1-DUP-0202","A1AC-0239","SOURCE_LEDGER_GROUP","AC","A1AC-DUP-0202","DUPLICATE","DUPLICATE","DUPLICATE_OF_A1AC-0239","DUPLICATE_OF_A1AC-0239","LEVEL_3_DISCOVERY_ONLY","NOT_APPLICABLE","","","NONE","","audit/phase2a1_raw_search_results/AC/PHASE2A1-SEARCH-0018_openalex_forward.json","Duplicate prospective occurrence; the first occurrence carries the evidence decision."
"A1AC-0263","A-C","PHASE2A1-SEARCH-0018","2026-07-31","OpenAlex","On minimax detection of localized signals from indirect or correlated data","Markus Pöhlmann","2022","10.53846/goediss-9212","https://openalex.org/W4229007732","A1-DUP-0203","A1AC-0240","SOURCE_LEDGER_GROUP","AC","A1AC-DUP-0203","DUPLICATE","DUPLICATE","DUPLICATE_OF_A1AC-0240","DUPLICATE_OF_A1AC-0240","LEVEL_3_DISCOVERY_ONLY","NOT_APPLICABLE","","","NONE","","audit/phase2a1_raw_search_results/AC/PHASE2A1-SEARCH-0018_openalex_forward.json","Duplicate prospective occurrence; the first occurrence carries the evidence decision."
"A1AC-0264","A-C","PHASE2A1-SEARCH-0018","2026-07-31","OpenAlex","Versatile fidelity estimation with confidence","Akshay Seshadri; Martin Ringbauer; Spainhour, Jacob; Rainer Blatt; Thomas Monz; Stephen Becker","2021","10.48550/arxiv.2112.07925","https://openalex.org/W4226072952","A1-DUP-0220","A1AC-0264","UNIQUE_OCCURRENCE","AC","A1AC-DUP-0220","FALSE_POSITIVE","FALSE_POSITIVE","NO_DIRECT_FOUNDATIONAL_FIXED_SAMPLE_COMPOSITE_TEST_OR_MINIMAX_CONVERSE_RESULT_FOR_GAP_01_OR_GAP_03","NO_DIRECT_FOUNDATIONAL_FIXED_SAMPLE_COMPOSITE_TEST_OR_MINIMAX_CONVERSE_RESULT_FOR_GAP_01_OR_GAP_03","LEVEL_3_DISCOVERY_ONLY","NOT_SOUGHT_AFTER_TITLE_METADATA_SCREEN","","","NONE","","audit/phase2a1_raw_search_results/AC/PHASE2A1-SEARCH-0018_openalex_forward.json","Final title/metadata-level false-positive disposition for this bounded A–C workstream; no substantive claim is drawn from the record."
"A1AC-0265","A-C","PHASE2A1-SEARCH-0064","2026-07-31","OpenAlex","High-Dimensional Statistics: A Non-Asymptotic Viewpoint","Martin J. Wainwright","2019","10.1017/9781108627771","https://openalex.org/W2912099989","A1-DUP-0221","A1AC-0265","SOURCE_LEDGER_GROUP","AC","A1AC-DUP-0221","FALSE_POSITIVE","FALSE_POSITIVE","NO_DIRECT_FOUNDATIONAL_FIXED_SAMPLE_COMPOSITE_TEST_OR_MINIMAX_CONVERSE_RESULT_FOR_GAP_01_OR_GAP_03","NO_DIRECT_FOUNDATIONAL_FIXED_SAMPLE_COMPOSITE_TEST_OR_MINIMAX_CONVERSE_RESULT_FOR_GAP_01_OR_GAP_03","LEVEL_3_DISCOVERY_ONLY","NOT_SOUGHT_AFTER_TITLE_METADATA_SCREEN","","","NONE","","audit/phase2a1_raw_search_results/AC/PHASE2A1-SEARCH-0064_guntuboyina_forward_openalex.json","Final title/metadata-level false-positive disposition for this bounded A–C workstream; no substantive claim is drawn from the record."
"A1AC-0266","A-C","PHASE2A1-SEARCH-0064","2026-07-31","OpenAlex","$f$ -Divergence Inequalities","Igal Sason; Sergio Verdú","2016","10.1109/tit.2016.2603151","https://openalex.org/W2518143623","A1-DUP-0222","A1AC-0266","UNIQUE_OCCURRENCE","AC","A1AC-DUP-0222","FALSE_POSITIVE","FALSE_POSITIVE","NO_DIRECT_FOUNDATIONAL_FIXED_SAMPLE_COMPOSITE_TEST_OR_MINIMAX_CONVERSE_RESULT_FOR_GAP_01_OR_GAP_03","NO_DIRECT_FOUNDATIONAL_FIXED_SAMPLE_COMPOSITE_TEST_OR_MINIMAX_CONVERSE_RESULT_FOR_GAP_01_OR_GAP_03","LEVEL_3_DISCOVERY_ONLY","NOT_SOUGHT_AFTER_TITLE_METADATA_SCREEN","","","NONE","","audit/phase2a1_raw_search_results/AC/PHASE2A1-SEARCH-0064_guntuboyina_forward_openalex.json","Final title/metadata-level false-positive disposition for this bounded A–C workstream; no substantive claim is drawn from the record."
"A1AC-0267","A-C","PHASE2A1-SEARCH-0064","2026-07-31","OpenAlex","Divergence measures for statistical data processing—An annotated bibliography","Michèle Basseville","2012","10.1016/j.sigpro.2012.09.003","https://openalex.org/W2074959193","A1-DUP-0223","A1AC-0267","UNIQUE_OCCURRENCE","AC","A1AC-DUP-0223","FALSE_POSITIVE","FALSE_POSITIVE","NO_DIRECT_FOUNDATIONAL_FIXED_SAMPLE_COMPOSITE_TEST_OR_MINIMAX_CONVERSE_RESULT_FOR_GAP_01_OR_GAP_03","NO_DIRECT_FOUNDATIONAL_FIXED_SAMPLE_COMPOSITE_TEST_OR_MINIMAX_CONVERSE_RESULT_FOR_GAP_01_OR_GAP_03","LEVEL_3_DISCOVERY_ONLY","NOT_SOUGHT_AFTER_TITLE_METADATA_SCREEN","","","NONE","","audit/phase2a1_raw_search_results/AC/PHASE2A1-SEARCH-0064_guntuboyina_forward_openalex.json","Final title/metadata-level false-positive disposition for this bounded A–C workstream; no substantive claim is drawn from the record."
"A1AC-0268","A-C","PHASE2A1-SEARCH-0064","2026-07-31","OpenAlex","Rate-optimal graphon estimation","Chao Gao; Yu Lu; Harrison H. Zhou","2015","10.1214/15-aos1354","https://openalex.org/W1883408324","A1-DUP-0224","A1AC-0268","UNIQUE_OCCURRENCE","AC","A1AC-DUP-0224","FALSE_POSITIVE","FALSE_POSITIVE","NO_DIRECT_FOUNDATIONAL_FIXED_SAMPLE_COMPOSITE_TEST_OR_MINIMAX_CONVERSE_RESULT_FOR_GAP_01_OR_GAP_03","NO_DIRECT_FOUNDATIONAL_FIXED_SAMPLE_COMPOSITE_TEST_OR_MINIMAX_CONVERSE_RESULT_FOR_GAP_01_OR_GAP_03","LEVEL_3_DISCOVERY_ONLY","NOT_SOUGHT_AFTER_TITLE_METADATA_SCREEN","","","NONE","","audit/phase2a1_raw_search_results/AC/PHASE2A1-SEARCH-0064_guntuboyina_forward_openalex.json","Final title/metadata-level false-positive disposition for this bounded A–C workstream; no substantive claim is drawn from the record."
"A1AC-0269","A-C","PHASE2A1-SEARCH-0064","2026-07-31","OpenAlex","Low-Depth Gradient Measurements Can Improve Convergence in Variational Hybrid Quantum-Classical Algorithms","Aram W. Harrow; John Napp","2021","10.1103/physrevlett.126.140502","https://openalex.org/W3150000293","A1-DUP-0225","A1AC-0269","UNIQUE_OCCURRENCE","AC","A1AC-DUP-0225","FALSE_POSITIVE","FALSE_POSITIVE","NO_DIRECT_FOUNDATIONAL_FIXED_SAMPLE_COMPOSITE_TEST_OR_MINIMAX_CONVERSE_RESULT_FOR_GAP_01_OR_GAP_03","NO_DIRECT_FOUNDATIONAL_FIXED_SAMPLE_COMPOSITE_TEST_OR_MINIMAX_CONVERSE_RESULT_FOR_GAP_01_OR_GAP_03","LEVEL_3_DISCOVERY_ONLY","NOT_SOUGHT_AFTER_TITLE_METADATA_SCREEN","","","NONE","","audit/phase2a1_raw_search_results/AC/PHASE2A1-SEARCH-0064_guntuboyina_forward_openalex.json","Final title/metadata-level false-positive disposition for this bounded A–C workstream; no substantive claim is drawn from the record."
"A1AC-0270","A-C","PHASE2A1-SEARCH-0064","2026-07-31","OpenAlex","On a Generalization of the Jensen–Shannon Divergence and the Jensen–Shannon Centroid","Frank Nielsen","2020","10.3390/e22020221","https://openalex.org/W2989824617","A1-DUP-0226","A1AC-0270","UNIQUE_OCCURRENCE","AC","A1AC-DUP-0226","FALSE_POSITIVE","FALSE_POSITIVE","NO_DIRECT_FOUNDATIONAL_FIXED_SAMPLE_COMPOSITE_TEST_OR_MINIMAX_CONVERSE_RESULT_FOR_GAP_01_OR_GAP_03","NO_DIRECT_FOUNDATIONAL_FIXED_SAMPLE_COMPOSITE_TEST_OR_MINIMAX_CONVERSE_RESULT_FOR_GAP_01_OR_GAP_03","LEVEL_3_DISCOVERY_ONLY","NOT_SOUGHT_AFTER_TITLE_METADATA_SCREEN","","","NONE","","audit/phase2a1_raw_search_results/AC/PHASE2A1-SEARCH-0064_guntuboyina_forward_openalex.json","Final title/metadata-level false-positive disposition for this bounded A–C workstream; no substantive claim is drawn from the record."
"A1AC-0271","A-C","PHASE2A1-SEARCH-0064","2026-07-31","OpenAlex","Covering Numbers for Convex Functions","Adityanand Guntuboyina; Bodhisattva Sen","2012","10.1109/tit.2012.2235172","https://openalex.org/W2129623910","A1-DUP-0227","A1AC-0271","UNIQUE_OCCURRENCE","AC","A1AC-DUP-0227","FALSE_POSITIVE","FALSE_POSITIVE","NO_DIRECT_FOUNDATIONAL_FIXED_SAMPLE_COMPOSITE_TEST_OR_MINIMAX_CONVERSE_RESULT_FOR_GAP_01_OR_GAP_03","NO_DIRECT_FOUNDATIONAL_FIXED_SAMPLE_COMPOSITE_TEST_OR_MINIMAX_CONVERSE_RESULT_FOR_GAP_01_OR_GAP_03","LEVEL_3_DISCOVERY_ONLY","NOT_SOUGHT_AFTER_TITLE_METADATA_SCREEN","","","NONE","","audit/phase2a1_raw_search_results/AC/PHASE2A1-SEARCH-0064_guntuboyina_forward_openalex.json","Final title/metadata-level false-positive disposition for this bounded A–C workstream; no substantive claim is drawn from the record."
"A1AC-0272","A-C","PHASE2A1-SEARCH-0064","2026-07-31","OpenAlex","High-Dimensional Statistics","Martin J. Wainwright","2019","10.1017/9781108627771","https://openalex.org/W3157752112","A1-DUP-0221","A1AC-0265","SOURCE_LEDGER_GROUP","AC","A1AC-DUP-0221","DUPLICATE","DUPLICATE","DUPLICATE_OF_A1AC-0265","DUPLICATE_OF_A1AC-0265","LEVEL_3_DISCOVERY_ONLY","NOT_APPLICABLE","","","NONE","","audit/phase2a1_raw_search_results/AC/PHASE2A1-SEARCH-0064_guntuboyina_forward_openalex.json","Duplicate prospective occurrence; the first occurrence carries the evidence decision."
"A1AC-0273","A-C","PHASE2A1-SEARCH-0064","2026-07-31","OpenAlex","Information-Based Complexity, Feedback and Dynamics in Convex Programming","Maxim Raginsky; Alexander Rakhlin","2011","10.1109/tit.2011.2154375","https://openalex.org/W2155192981","A1-DUP-0228","A1AC-0273","UNIQUE_OCCURRENCE","AC","A1AC-DUP-0228","FALSE_POSITIVE","FALSE_POSITIVE","NO_DIRECT_FOUNDATIONAL_FIXED_SAMPLE_COMPOSITE_TEST_OR_MINIMAX_CONVERSE_RESULT_FOR_GAP_01_OR_GAP_03","NO_DIRECT_FOUNDATIONAL_FIXED_SAMPLE_COMPOSITE_TEST_OR_MINIMAX_CONVERSE_RESULT_FOR_GAP_01_OR_GAP_03","LEVEL_3_DISCOVERY_ONLY","NOT_SOUGHT_AFTER_TITLE_METADATA_SCREEN","","","NONE","","audit/phase2a1_raw_search_results/AC/PHASE2A1-SEARCH-0064_guntuboyina_forward_openalex.json","Final title/metadata-level false-positive disposition for this bounded A–C workstream; no substantive claim is drawn from the record."
"A1AC-0274","A-C","PHASE2A1-SEARCH-0064","2026-07-31","OpenAlex","Principal Inertia Components and Applications","Flávio P. Calmon; Ali Makhdoumi; Muriel Médard; Mayank Varia; Mark M. Christiansen; Ken R. Duffy","2017","10.1109/tit.2017.2700857","https://openalex.org/W2611269208","A1-DUP-0229","A1AC-0274","UNIQUE_OCCURRENCE","AC","A1AC-DUP-0229","FALSE_POSITIVE","FALSE_POSITIVE","NO_DIRECT_FOUNDATIONAL_FIXED_SAMPLE_COMPOSITE_TEST_OR_MINIMAX_CONVERSE_RESULT_FOR_GAP_01_OR_GAP_03","NO_DIRECT_FOUNDATIONAL_FIXED_SAMPLE_COMPOSITE_TEST_OR_MINIMAX_CONVERSE_RESULT_FOR_GAP_01_OR_GAP_03","LEVEL_3_DISCOVERY_ONLY","NOT_SOUGHT_AFTER_TITLE_METADATA_SCREEN","","","NONE","","audit/phase2a1_raw_search_results/AC/PHASE2A1-SEARCH-0064_guntuboyina_forward_openalex.json","Final title/metadata-level false-positive disposition for this bounded A–C workstream; no substantive claim is drawn from the record."
"A1AC-0275","A-C","PHASE2A1-SEARCH-0064","2026-07-31","OpenAlex","Provable Meta-Learning of Linear Representations","Nilesh Tripuraneni; Chi Jin; Michael I. Jordan","2020","10.48550/arxiv.2002.11684","https://openalex.org/W3006977545","A1-DUP-0230","A1AC-0275","UNIQUE_OCCURRENCE","AC","A1AC-DUP-0230","FALSE_POSITIVE","FALSE_POSITIVE","NO_DIRECT_FOUNDATIONAL_FIXED_SAMPLE_COMPOSITE_TEST_OR_MINIMAX_CONVERSE_RESULT_FOR_GAP_01_OR_GAP_03","NO_DIRECT_FOUNDATIONAL_FIXED_SAMPLE_COMPOSITE_TEST_OR_MINIMAX_CONVERSE_RESULT_FOR_GAP_01_OR_GAP_03","LEVEL_3_DISCOVERY_ONLY","NOT_SOUGHT_AFTER_TITLE_METADATA_SCREEN","","","NONE","","audit/phase2a1_raw_search_results/AC/PHASE2A1-SEARCH-0064_guntuboyina_forward_openalex.json","Final title/metadata-level false-positive disposition for this bounded A–C workstream; no substantive claim is drawn from the record."
"A1AC-0276","A-C","PHASE2A1-SEARCH-0064","2026-07-31","OpenAlex","Optimal estimation and completion of matrices with biclustering structures","Chao Gao; Yu Lu; Zongming Ma; Harrison H. Zhou","2016","https://openalex.org/W2963264888","https://openalex.org/W2963264888","A1-DUP-0231","A1AC-0276","UNIQUE_OCCURRENCE","AC","A1AC-DUP-0231","FALSE_POSITIVE","FALSE_POSITIVE","NO_DIRECT_FOUNDATIONAL_FIXED_SAMPLE_COMPOSITE_TEST_OR_MINIMAX_CONVERSE_RESULT_FOR_GAP_01_OR_GAP_03","NO_DIRECT_FOUNDATIONAL_FIXED_SAMPLE_COMPOSITE_TEST_OR_MINIMAX_CONVERSE_RESULT_FOR_GAP_01_OR_GAP_03","LEVEL_3_DISCOVERY_ONLY","NOT_SOUGHT_AFTER_TITLE_METADATA_SCREEN","","","NONE","","audit/phase2a1_raw_search_results/AC/PHASE2A1-SEARCH-0064_guntuboyina_forward_openalex.json","Final title/metadata-level false-positive disposition for this bounded A–C workstream; no substantive claim is drawn from the record."
"A1AC-0277","A-C","PHASE2A1-SEARCH-0064","2026-07-31","OpenAlex","Distances Between Probability Distributions of Different Dimensions","Yuhang Cai; Lek‐Heng Lim","2022","10.1109/tit.2022.3148923","https://openalex.org/W3095730670","A1-DUP-0232","A1AC-0277","UNIQUE_OCCURRENCE","AC","A1AC-DUP-0232","FALSE_POSITIVE","FALSE_POSITIVE","NO_DIRECT_FOUNDATIONAL_FIXED_SAMPLE_COMPOSITE_TEST_OR_MINIMAX_CONVERSE_RESULT_FOR_GAP_01_OR_GAP_03","NO_DIRECT_FOUNDATIONAL_FIXED_SAMPLE_COMPOSITE_TEST_OR_MINIMAX_CONVERSE_RESULT_FOR_GAP_01_OR_GAP_03","LEVEL_3_DISCOVERY_ONLY","NOT_SOUGHT_AFTER_TITLE_METADATA_SCREEN","","","NONE","","audit/phase2a1_raw_search_results/AC/PHASE2A1-SEARCH-0064_guntuboyina_forward_openalex.json","Final title/metadata-level false-positive disposition for this bounded A–C workstream; no substantive claim is drawn from the record."
"A1AC-0278","A-C","PHASE2A1-SEARCH-0064","2026-07-31","OpenAlex","Sharp Inequalities for f-divergences","Sujayam Saha; Geoffrey Schiebinger","2013","https://openalex.org/W2963971563","https://openalex.org/W2963971563","A1-DUP-0233","A1AC-0278","UNIQUE_OCCURRENCE","AC","A1AC-DUP-0233","FALSE_POSITIVE","FALSE_POSITIVE","NO_DIRECT_FOUNDATIONAL_FIXED_SAMPLE_COMPOSITE_TEST_OR_MINIMAX_CONVERSE_RESULT_FOR_GAP_01_OR_GAP_03","NO_DIRECT_FOUNDATIONAL_FIXED_SAMPLE_COMPOSITE_TEST_OR_MINIMAX_CONVERSE_RESULT_FOR_GAP_01_OR_GAP_03","LEVEL_3_DISCOVERY_ONLY","NOT_SOUGHT_AFTER_TITLE_METADATA_SCREEN","","","NONE","","audit/phase2a1_raw_search_results/AC/PHASE2A1-SEARCH-0064_guntuboyina_forward_openalex.json","Final title/metadata-level false-positive disposition for this bounded A–C workstream; no substantive claim is drawn from the record."
"A1AC-0279","A-C","PHASE2A1-SEARCH-0064","2026-07-31","OpenAlex","Bounds on inference","Flávio P. Calmon; Mayank Varia; Muriel Médard; Mark M. Christiansen; Ken R. Duffy; Stefano Tessaro","2013","10.1109/allerton.2013.6736575","https://openalex.org/W2963966695","A1-DUP-0234","A1AC-0279","UNIQUE_OCCURRENCE","AC","A1AC-DUP-0234","FALSE_POSITIVE","FALSE_POSITIVE","NO_DIRECT_FOUNDATIONAL_FIXED_SAMPLE_COMPOSITE_TEST_OR_MINIMAX_CONVERSE_RESULT_FOR_GAP_01_OR_GAP_03","NO_DIRECT_FOUNDATIONAL_FIXED_SAMPLE_COMPOSITE_TEST_OR_MINIMAX_CONVERSE_RESULT_FOR_GAP_01_OR_GAP_03","LEVEL_3_DISCOVERY_ONLY","NOT_SOUGHT_AFTER_TITLE_METADATA_SCREEN","","","NONE","","audit/phase2a1_raw_search_results/AC/PHASE2A1-SEARCH-0064_guntuboyina_forward_openalex.json","Final title/metadata-level false-positive disposition for this bounded A–C workstream; no substantive claim is drawn from the record."
"A1AC-0280","A-C","PHASE2A1-SEARCH-0064","2026-07-31","OpenAlex","Lower Bounds for Passive and Active Learning","Maxim Raginsky; Alexander Rakhlin","2011","https://openalex.org/W2100931509","https://openalex.org/W2100931509","A1-DUP-0235","A1AC-0280","UNIQUE_OCCURRENCE","AC","A1AC-DUP-0235","FALSE_POSITIVE","FALSE_POSITIVE","NO_DIRECT_FOUNDATIONAL_FIXED_SAMPLE_COMPOSITE_TEST_OR_MINIMAX_CONVERSE_RESULT_FOR_GAP_01_OR_GAP_03","NO_DIRECT_FOUNDATIONAL_FIXED_SAMPLE_COMPOSITE_TEST_OR_MINIMAX_CONVERSE_RESULT_FOR_GAP_01_OR_GAP_03","LEVEL_3_DISCOVERY_ONLY","NOT_SOUGHT_AFTER_TITLE_METADATA_SCREEN","","","NONE","","audit/phase2a1_raw_search_results/AC/PHASE2A1-SEARCH-0064_guntuboyina_forward_openalex.json","Final title/metadata-level false-positive disposition for this bounded A–C workstream; no substantive claim is drawn from the record."
"A1AC-0281","A-C","PHASE2A1-SEARCH-0064","2026-07-31","OpenAlex","Optimal rates of convergence for convex set estimation from support functions","Adityanand Guntuboyina","2012","https://openalex.org/W3102610673","https://openalex.org/W3102610673","A1-DUP-0236","A1AC-0281","UNIQUE_OCCURRENCE","AC","A1AC-DUP-0236","FALSE_POSITIVE","FALSE_POSITIVE","NO_DIRECT_FOUNDATIONAL_FIXED_SAMPLE_COMPOSITE_TEST_OR_MINIMAX_CONVERSE_RESULT_FOR_GAP_01_OR_GAP_03","NO_DIRECT_FOUNDATIONAL_FIXED_SAMPLE_COMPOSITE_TEST_OR_MINIMAX_CONVERSE_RESULT_FOR_GAP_01_OR_GAP_03","LEVEL_3_DISCOVERY_ONLY","NOT_SOUGHT_AFTER_TITLE_METADATA_SCREEN","","","NONE","","audit/phase2a1_raw_search_results/AC/PHASE2A1-SEARCH-0064_guntuboyina_forward_openalex.json","Final title/metadata-level false-positive disposition for this bounded A–C workstream; no substantive claim is drawn from the record."
"A1AC-0282","A-C","PHASE2A1-SEARCH-0064","2026-07-31","OpenAlex","Volume Ratio, Sparsity, and Minimaxity Under Unitarily Invariant Norms","Zongming Ma; Yihong Wu","2015","10.1109/tit.2015.2487541","https://openalex.org/W2134265283","A1-DUP-0237","A1AC-0282","UNIQUE_OCCURRENCE","AC","A1AC-DUP-0237","FALSE_POSITIVE","FALSE_POSITIVE","NO_DIRECT_FOUNDATIONAL_FIXED_SAMPLE_COMPOSITE_TEST_OR_MINIMAX_CONVERSE_RESULT_FOR_GAP_01_OR_GAP_03","NO_DIRECT_FOUNDATIONAL_FIXED_SAMPLE_COMPOSITE_TEST_OR_MINIMAX_CONVERSE_RESULT_FOR_GAP_01_OR_GAP_03","LEVEL_3_DISCOVERY_ONLY","NOT_SOUGHT_AFTER_TITLE_METADATA_SCREEN","","","NONE","","audit/phase2a1_raw_search_results/AC/PHASE2A1-SEARCH-0064_guntuboyina_forward_openalex.json","Final title/metadata-level false-positive disposition for this bounded A–C workstream; no substantive claim is drawn from the record."
"A1AC-0283","A-C","PHASE2A1-SEARCH-0064","2026-07-31","OpenAlex","Optimal Estimation and Completion of Matrices with Biclustering Structures","Chao Gao; Yu Lu; Zongming Ma; Harrison H. Zhou","2015","10.48550/arxiv.1512.00150","https://openalex.org/W2266647018","A1-DUP-0238","A1AC-0283","UNIQUE_OCCURRENCE","AC","A1AC-DUP-0238","FALSE_POSITIVE","FALSE_POSITIVE","NO_DIRECT_FOUNDATIONAL_FIXED_SAMPLE_COMPOSITE_TEST_OR_MINIMAX_CONVERSE_RESULT_FOR_GAP_01_OR_GAP_03","NO_DIRECT_FOUNDATIONAL_FIXED_SAMPLE_COMPOSITE_TEST_OR_MINIMAX_CONVERSE_RESULT_FOR_GAP_01_OR_GAP_03","LEVEL_3_DISCOVERY_ONLY","NOT_SOUGHT_AFTER_TITLE_METADATA_SCREEN","","","NONE","","audit/phase2a1_raw_search_results/AC/PHASE2A1-SEARCH-0064_guntuboyina_forward_openalex.json","Final title/metadata-level false-positive disposition for this bounded A–C workstream; no substantive claim is drawn from the record."
"A1AC-0284","A-C","PHASE2A1-SEARCH-0064","2026-07-31","OpenAlex","Divergence measures for statistical data processing","Michèle Basseville","2010","https://openalex.org/W2799698653","https://openalex.org/W2799698653","A1-DUP-0239","A1AC-0284","UNIQUE_OCCURRENCE","AC","A1AC-DUP-0239","FALSE_POSITIVE","FALSE_POSITIVE","NO_DIRECT_FOUNDATIONAL_FIXED_SAMPLE_COMPOSITE_TEST_OR_MINIMAX_CONVERSE_RESULT_FOR_GAP_01_OR_GAP_03","NO_DIRECT_FOUNDATIONAL_FIXED_SAMPLE_COMPOSITE_TEST_OR_MINIMAX_CONVERSE_RESULT_FOR_GAP_01_OR_GAP_03","LEVEL_3_DISCOVERY_ONLY","NOT_SOUGHT_AFTER_TITLE_METADATA_SCREEN","","","NONE","","audit/phase2a1_raw_search_results/AC/PHASE2A1-SEARCH-0064_guntuboyina_forward_openalex.json","Final title/metadata-level false-positive disposition for this bounded A–C workstream; no substantive claim is drawn from the record."
"A1AC-0285","A-C","PHASE2A1-SEARCH-0064","2026-07-31","OpenAlex","Information Recovery From Pairwise Measurements","Yuxin Chen; Changho Suh; Andrea Goldsmith","2016","10.1109/tit.2016.2600566","https://openalex.org/W2963685135","A1-DUP-0240","A1AC-0285","UNIQUE_OCCURRENCE","AC","A1AC-DUP-0240","FALSE_POSITIVE","FALSE_POSITIVE","NO_DIRECT_FOUNDATIONAL_FIXED_SAMPLE_COMPOSITE_TEST_OR_MINIMAX_CONVERSE_RESULT_FOR_GAP_01_OR_GAP_03","NO_DIRECT_FOUNDATIONAL_FIXED_SAMPLE_COMPOSITE_TEST_OR_MINIMAX_CONVERSE_RESULT_FOR_GAP_01_OR_GAP_03","LEVEL_3_DISCOVERY_ONLY","NOT_SOUGHT_AFTER_TITLE_METADATA_SCREEN","","","NONE","","audit/phase2a1_raw_search_results/AC/PHASE2A1-SEARCH-0064_guntuboyina_forward_openalex.json","Final title/metadata-level false-positive disposition for this bounded A–C workstream; no substantive claim is drawn from the record."
"A1AC-0286","A-C","PHASE2A1-SEARCH-0064","2026-07-31","OpenAlex","On Bayes risk lower bounds","Xi Chen; Adityanand Guntuboyina; Yuchen Zhang","2016","https://openalex.org/W2964171527","https://openalex.org/W2964171527","A1-DUP-0241","A1AC-0286","UNIQUE_OCCURRENCE","AC","A1AC-DUP-0241","FALSE_POSITIVE","FALSE_POSITIVE","NO_DIRECT_FOUNDATIONAL_FIXED_SAMPLE_COMPOSITE_TEST_OR_MINIMAX_CONVERSE_RESULT_FOR_GAP_01_OR_GAP_03","NO_DIRECT_FOUNDATIONAL_FIXED_SAMPLE_COMPOSITE_TEST_OR_MINIMAX_CONVERSE_RESULT_FOR_GAP_01_OR_GAP_03","LEVEL_3_DISCOVERY_ONLY","NOT_SOUGHT_AFTER_TITLE_METADATA_SCREEN","","","NONE","","audit/phase2a1_raw_search_results/AC/PHASE2A1-SEARCH-0064_guntuboyina_forward_openalex.json","Final title/metadata-level false-positive disposition for this bounded A–C workstream; no substantive claim is drawn from the record."
"A1AC-0287","A-C","PHASE2A1-SEARCH-0064","2026-07-31","OpenAlex","Optimal rates of convergence for convex set estimation from support functions","Adityanand Guntuboyina","2012","10.1214/11-aos959","https://openalex.org/W2083565743","A1-DUP-0242","A1AC-0287","UNIQUE_OCCURRENCE","AC","A1AC-DUP-0242","FALSE_POSITIVE","FALSE_POSITIVE","NO_DIRECT_FOUNDATIONAL_FIXED_SAMPLE_COMPOSITE_TEST_OR_MINIMAX_CONVERSE_RESULT_FOR_GAP_01_OR_GAP_03","NO_DIRECT_FOUNDATIONAL_FIXED_SAMPLE_COMPOSITE_TEST_OR_MINIMAX_CONVERSE_RESULT_FOR_GAP_01_OR_GAP_03","LEVEL_3_DISCOVERY_ONLY","NOT_SOUGHT_AFTER_TITLE_METADATA_SCREEN","","","NONE","","audit/phase2a1_raw_search_results/AC/PHASE2A1-SEARCH-0064_guntuboyina_forward_openalex.json","Final title/metadata-level false-positive disposition for this bounded A–C workstream; no substantive claim is drawn from the record."
"A1AC-0288","A-C","PHASE2A1-SEARCH-0064","2026-07-31","OpenAlex","Adaptive estimation of convex polytopes and convex sets from noisy data","Victor-Emmanuel Brunel","2013","10.1214/13-ejs804","https://openalex.org/W2083774319","A1-DUP-0243","A1AC-0288","UNIQUE_OCCURRENCE","AC","A1AC-DUP-0243","FALSE_POSITIVE","FALSE_POSITIVE","NO_DIRECT_FOUNDATIONAL_FIXED_SAMPLE_COMPOSITE_TEST_OR_MINIMAX_CONVERSE_RESULT_FOR_GAP_01_OR_GAP_03","NO_DIRECT_FOUNDATIONAL_FIXED_SAMPLE_COMPOSITE_TEST_OR_MINIMAX_CONVERSE_RESULT_FOR_GAP_01_OR_GAP_03","LEVEL_3_DISCOVERY_ONLY","NOT_SOUGHT_AFTER_TITLE_METADATA_SCREEN","","","NONE","","audit/phase2a1_raw_search_results/AC/PHASE2A1-SEARCH-0064_guntuboyina_forward_openalex.json","Final title/metadata-level false-positive disposition for this bounded A–C workstream; no substantive claim is drawn from the record."
"A1AC-0289","A-C","PHASE2A1-SEARCH-0064","2026-07-31","OpenAlex","Basic tail and concentration bounds","Martin J. Wainwright","2019","10.1017/9781108627771.002","https://openalex.org/W2969671367","A1-DUP-0244","A1AC-0289","UNIQUE_OCCURRENCE","AC","A1AC-DUP-0244","FALSE_POSITIVE","FALSE_POSITIVE","NO_DIRECT_FOUNDATIONAL_FIXED_SAMPLE_COMPOSITE_TEST_OR_MINIMAX_CONVERSE_RESULT_FOR_GAP_01_OR_GAP_03","NO_DIRECT_FOUNDATIONAL_FIXED_SAMPLE_COMPOSITE_TEST_OR_MINIMAX_CONVERSE_RESULT_FOR_GAP_01_OR_GAP_03","LEVEL_3_DISCOVERY_ONLY","NOT_SOUGHT_AFTER_TITLE_METADATA_SCREEN","","","NONE","","audit/phase2a1_raw_search_results/AC/PHASE2A1-SEARCH-0064_guntuboyina_forward_openalex.json","Final title/metadata-level false-positive disposition for this bounded A–C workstream; no substantive claim is drawn from the record."
"A1AC-0290","A-C","PHASE2A1-SEARCH-0069","2026-07-31","Crossref","Robust Testing for Independent Non Identically Distributed Variables and Markov Chains","Lucien Birgé","1983","10.1007/978-1-4612-5503-1_9","10.1007/978-1-4612-5503-1_9","A1-DUP-0245","A1AC-0290","SOURCE_LEDGER_GROUP;NORMALIZED_DOI","AC","A1AC-DUP-0245","FULL_TEXT_UNAVAILABLE","FULL_TEXT_UNAVAILABLE","NO_LEGALLY_ACCESSIBLE_INSPECTABLE_PRIMARY_FULL_TEXT_OBTAINED_IN_BOUNDED_RETRIEVAL","NO_LEGALLY_ACCESSIBLE_INSPECTABLE_PRIMARY_FULL_TEXT_OBTAINED_IN_BOUNDED_RETRIEVAL","LEVEL_3_DISCOVERY_ONLY","FULL_TEXT_NOT_OBTAINED_OR_NOT_INSPECTABLE","","","NONE","","audit/phase2a1_raw_search_results/AC/PHASE2A1-SEARCH-0069_birge_anchor_crossref.json","Potentially relevant foundational source retained without guarantee coding; it cannot support a substantive synthesis conclusion."
"A1AC-0291","A-C","PHASE2A1-SEARCH-0069","2026-07-31","Crossref","Some remarks on the construction of independent identically distributed random variables, Markov chains and martingales","D. N. Shanbhag; M. B. Rao","1983","10.1007/bf02056919","10.1007/bf02056919","A1-DUP-0246","A1AC-0291","UNIQUE_OCCURRENCE","AC","A1AC-DUP-0246","FALSE_POSITIVE","FALSE_POSITIVE","NO_DIRECT_FOUNDATIONAL_FIXED_SAMPLE_COMPOSITE_TEST_OR_MINIMAX_CONVERSE_RESULT_FOR_GAP_01_OR_GAP_03","NO_DIRECT_FOUNDATIONAL_FIXED_SAMPLE_COMPOSITE_TEST_OR_MINIMAX_CONVERSE_RESULT_FOR_GAP_01_OR_GAP_03","LEVEL_3_DISCOVERY_ONLY","NOT_SOUGHT_AFTER_TITLE_METADATA_SCREEN","","","NONE","","audit/phase2a1_raw_search_results/AC/PHASE2A1-SEARCH-0069_birge_anchor_crossref.json","Final title/metadata-level false-positive disposition for this bounded A–C workstream; no substantive claim is drawn from the record."
"A1AC-0292","A-C","PHASE2A1-SEARCH-0069","2026-07-31","Crossref","Some concept of Markov property of discrete order statistics arising from independent and non-identically distributed variables","Krzysztof Jasiński","2020","10.1016/j.spl.2020.108718","10.1016/j.spl.2020.108718","A1-DUP-0247","A1AC-0292","UNIQUE_OCCURRENCE","AC","A1AC-DUP-0247","FALSE_POSITIVE","FALSE_POSITIVE","NO_DIRECT_FOUNDATIONAL_FIXED_SAMPLE_COMPOSITE_TEST_OR_MINIMAX_CONVERSE_RESULT_FOR_GAP_01_OR_GAP_03","NO_DIRECT_FOUNDATIONAL_FIXED_SAMPLE_COMPOSITE_TEST_OR_MINIMAX_CONVERSE_RESULT_FOR_GAP_01_OR_GAP_03","LEVEL_3_DISCOVERY_ONLY","NOT_SOUGHT_AFTER_TITLE_METADATA_SCREEN","","","NONE","","audit/phase2a1_raw_search_results/AC/PHASE2A1-SEARCH-0069_birge_anchor_crossref.json","Final title/metadata-level false-positive disposition for this bounded A–C workstream; no substantive claim is drawn from the record."
"A1AC-0293","A-C","PHASE2A1-SEARCH-0069","2026-07-31","Crossref","Robust Estimation in Models for Independent Non-Identically Distributed Data","Rudolf Beran","1982","10.1214/aos/1176345783","10.1214/aos/1176345783","A1-DUP-0248","A1AC-0293","NORMALIZED_DOI","AC","A1AC-DUP-0248","FALSE_POSITIVE","FALSE_POSITIVE","NO_DIRECT_FOUNDATIONAL_FIXED_SAMPLE_COMPOSITE_TEST_OR_MINIMAX_CONVERSE_RESULT_FOR_GAP_01_OR_GAP_03","NO_DIRECT_FOUNDATIONAL_FIXED_SAMPLE_COMPOSITE_TEST_OR_MINIMAX_CONVERSE_RESULT_FOR_GAP_01_OR_GAP_03","LEVEL_3_DISCOVERY_ONLY","NOT_SOUGHT_AFTER_TITLE_METADATA_SCREEN","","","NONE","","audit/phase2a1_raw_search_results/AC/PHASE2A1-SEARCH-0069_birge_anchor_crossref.json","Final title/metadata-level false-positive disposition for this bounded A–C workstream; no substantive claim is drawn from the record."
"A1AC-0294","A-C","PHASE2A1-SEARCH-0069","2026-07-31","Crossref","On the uniform approximation of distribution functions of sums of independent non-identically distributed random variables","","1987","10.1515/9783112314227-095","10.1515/9783112314227-095","A1-DUP-0249","A1AC-0294","NORMALIZED_DOI","AC","A1AC-DUP-0249","FALSE_POSITIVE","FALSE_POSITIVE","NO_DIRECT_FOUNDATIONAL_FIXED_SAMPLE_COMPOSITE_TEST_OR_MINIMAX_CONVERSE_RESULT_FOR_GAP_01_OR_GAP_03","NO_DIRECT_FOUNDATIONAL_FIXED_SAMPLE_COMPOSITE_TEST_OR_MINIMAX_CONVERSE_RESULT_FOR_GAP_01_OR_GAP_03","LEVEL_3_DISCOVERY_ONLY","NOT_SOUGHT_AFTER_TITLE_METADATA_SCREEN","","","NONE","","audit/phase2a1_raw_search_results/AC/PHASE2A1-SEARCH-0069_birge_anchor_crossref.json","Final title/metadata-level false-positive disposition for this bounded A–C workstream; no substantive claim is drawn from the record."
"A1AC-0295","A-C","PHASE2A1-SEARCH-0069","2026-07-31","Crossref","Independent Identically Distributed (IID) Random Variables","Konrad Jacobs","1992","10.1007/978-3-0348-8645-1_4","10.1007/978-3-0348-8645-1_4","A1-DUP-0250","A1AC-0295","NORMALIZED_DOI","AC","A1AC-DUP-0250","FALSE_POSITIVE","FALSE_POSITIVE","NO_DIRECT_FOUNDATIONAL_FIXED_SAMPLE_COMPOSITE_TEST_OR_MINIMAX_CONVERSE_RESULT_FOR_GAP_01_OR_GAP_03","NO_DIRECT_FOUNDATIONAL_FIXED_SAMPLE_COMPOSITE_TEST_OR_MINIMAX_CONVERSE_RESULT_FOR_GAP_01_OR_GAP_03","LEVEL_3_DISCOVERY_ONLY","NOT_SOUGHT_AFTER_TITLE_METADATA_SCREEN","","","NONE","","audit/phase2a1_raw_search_results/AC/PHASE2A1-SEARCH-0069_birge_anchor_crossref.json","Final title/metadata-level false-positive disposition for this bounded A–C workstream; no substantive claim is drawn from the record."
"A1AC-0296","A-C","PHASE2A1-SEARCH-0069","2026-07-31","Crossref","Test Based on Independent, but Non‐identically Distributed Random Variables","Jürg Hüsler","1987","10.1002/bimj.4710290408","10.1002/bimj.4710290408","A1-DUP-0251","A1AC-0296","NORMALIZED_DOI","AC","A1AC-DUP-0251","FALSE_POSITIVE","FALSE_POSITIVE","NO_DIRECT_FOUNDATIONAL_FIXED_SAMPLE_COMPOSITE_TEST_OR_MINIMAX_CONVERSE_RESULT_FOR_GAP_01_OR_GAP_03","NO_DIRECT_FOUNDATIONAL_FIXED_SAMPLE_COMPOSITE_TEST_OR_MINIMAX_CONVERSE_RESULT_FOR_GAP_01_OR_GAP_03","LEVEL_3_DISCOVERY_ONLY","NOT_SOUGHT_AFTER_TITLE_METADATA_SCREEN","","","NONE","","audit/phase2a1_raw_search_results/AC/PHASE2A1-SEARCH-0069_birge_anchor_crossref.json","Final title/metadata-level false-positive disposition for this bounded A–C workstream; no substantive claim is drawn from the record."
"A1AC-0297","A-C","PHASE2A1-SEARCH-0069","2026-07-31","Crossref","Large Deviations for the Supremum of Partial Sums of Non-Independent and Non-Identically Distributed Random Variables","Xia Wang; Xiaoya Liu","2026","10.3390/math14081322","10.3390/math14081322","A1-DUP-0252","A1AC-0297","NORMALIZED_DOI","AC","A1AC-DUP-0252","FALSE_POSITIVE","FALSE_POSITIVE","NO_DIRECT_FOUNDATIONAL_FIXED_SAMPLE_COMPOSITE_TEST_OR_MINIMAX_CONVERSE_RESULT_FOR_GAP_01_OR_GAP_03","NO_DIRECT_FOUNDATIONAL_FIXED_SAMPLE_COMPOSITE_TEST_OR_MINIMAX_CONVERSE_RESULT_FOR_GAP_01_OR_GAP_03","LEVEL_3_DISCOVERY_ONLY","NOT_SOUGHT_AFTER_TITLE_METADATA_SCREEN","","","NONE","","audit/phase2a1_raw_search_results/AC/PHASE2A1-SEARCH-0069_birge_anchor_crossref.json","Final title/metadata-level false-positive disposition for this bounded A–C workstream; no substantive claim is drawn from the record."
"A1AC-0298","A-C","PHASE2A1-SEARCH-0069","2026-07-31","Crossref","Independent and Identically Distributed Random Variables","Janos Galambos","2023","10.1201/9781003418191-6","10.1201/9781003418191-6","A1-DUP-0253","A1AC-0298","UNIQUE_OCCURRENCE","AC","A1AC-DUP-0253","FALSE_POSITIVE","FALSE_POSITIVE","NO_DIRECT_FOUNDATIONAL_FIXED_SAMPLE_COMPOSITE_TEST_OR_MINIMAX_CONVERSE_RESULT_FOR_GAP_01_OR_GAP_03","NO_DIRECT_FOUNDATIONAL_FIXED_SAMPLE_COMPOSITE_TEST_OR_MINIMAX_CONVERSE_RESULT_FOR_GAP_01_OR_GAP_03","LEVEL_3_DISCOVERY_ONLY","NOT_SOUGHT_AFTER_TITLE_METADATA_SCREEN","","","NONE","","audit/phase2a1_raw_search_results/AC/PHASE2A1-SEARCH-0069_birge_anchor_crossref.json","Final title/metadata-level false-positive disposition for this bounded A–C workstream; no substantive claim is drawn from the record."
"A1AC-0299","A-C","PHASE2A1-SEARCH-0069","2026-07-31","Crossref","Berry-esseen bounds for random sums of non-identically distributed random variables","; Mongkhon Tuntapthai","","10.58837/chula.the.2008.1111","10.58837/chula.the.2008.1111","A1-DUP-0254","A1AC-0299","UNIQUE_OCCURRENCE","AC","A1AC-DUP-0254","FALSE_POSITIVE","FALSE_POSITIVE","NO_DIRECT_FOUNDATIONAL_FIXED_SAMPLE_COMPOSITE_TEST_OR_MINIMAX_CONVERSE_RESULT_FOR_GAP_01_OR_GAP_03","NO_DIRECT_FOUNDATIONAL_FIXED_SAMPLE_COMPOSITE_TEST_OR_MINIMAX_CONVERSE_RESULT_FOR_GAP_01_OR_GAP_03","LEVEL_3_DISCOVERY_ONLY","NOT_SOUGHT_AFTER_TITLE_METADATA_SCREEN","","","NONE","","audit/phase2a1_raw_search_results/AC/PHASE2A1-SEARCH-0069_birge_anchor_crossref.json","Final title/metadata-level false-positive disposition for this bounded A–C workstream; no substantive claim is drawn from the record."
"A1AC-0300","A-C","PHASE2A1-SEARCH-0069","2026-07-31","Crossref","A Hölderian FCLT for some multiparameter summation process of independent non-identically distributed random variables","Vaidotas Zemlys","2008","10.1214/ejp.v13-590","10.1214/ejp.v13-590","A1-DUP-0255","A1AC-0300","NORMALIZED_DOI","AC","A1AC-DUP-0255","FALSE_POSITIVE","FALSE_POSITIVE","NO_DIRECT_FOUNDATIONAL_FIXED_SAMPLE_COMPOSITE_TEST_OR_MINIMAX_CONVERSE_RESULT_FOR_GAP_01_OR_GAP_03","NO_DIRECT_FOUNDATIONAL_FIXED_SAMPLE_COMPOSITE_TEST_OR_MINIMAX_CONVERSE_RESULT_FOR_GAP_01_OR_GAP_03","LEVEL_3_DISCOVERY_ONLY","NOT_SOUGHT_AFTER_TITLE_METADATA_SCREEN","","","NONE","","audit/phase2a1_raw_search_results/AC/PHASE2A1-SEARCH-0069_birge_anchor_crossref.json","Final title/metadata-level false-positive disposition for this bounded A–C workstream; no substantive claim is drawn from the record."
"A1AC-0301","A-C","PHASE2A1-SEARCH-0069","2026-07-31","Crossref","The Uniqueness of Moving Average Representations with Independent and Identically Distributed Random Variables for Non-Gaussian Stationary Time Series","David F. Findley","1986","10.2307/2336232","10.2307/2336232","A1-DUP-0256","A1AC-0301","UNIQUE_OCCURRENCE","AC","A1AC-DUP-0256","FALSE_POSITIVE","FALSE_POSITIVE","NO_DIRECT_FOUNDATIONAL_FIXED_SAMPLE_COMPOSITE_TEST_OR_MINIMAX_CONVERSE_RESULT_FOR_GAP_01_OR_GAP_03","NO_DIRECT_FOUNDATIONAL_FIXED_SAMPLE_COMPOSITE_TEST_OR_MINIMAX_CONVERSE_RESULT_FOR_GAP_01_OR_GAP_03","LEVEL_3_DISCOVERY_ONLY","NOT_SOUGHT_AFTER_TITLE_METADATA_SCREEN","","","NONE","","audit/phase2a1_raw_search_results/AC/PHASE2A1-SEARCH-0069_birge_anchor_crossref.json","Final title/metadata-level false-positive disposition for this bounded A–C workstream; no substantive claim is drawn from the record."
"A1AC-0302","A-C","PHASE2A1-SEARCH-0069","2026-07-31","Crossref","Multivariate extremal processes generated by independent non-identically distributed random variables","Ishay Weissman","1975","10.1017/s0021900200048282","10.1017/s0021900200048282","A1-DUP-0257","A1AC-0302","UNIQUE_OCCURRENCE","AC","A1AC-DUP-0257","FALSE_POSITIVE","FALSE_POSITIVE","NO_DIRECT_FOUNDATIONAL_FIXED_SAMPLE_COMPOSITE_TEST_OR_MINIMAX_CONVERSE_RESULT_FOR_GAP_01_OR_GAP_03","NO_DIRECT_FOUNDATIONAL_FIXED_SAMPLE_COMPOSITE_TEST_OR_MINIMAX_CONVERSE_RESULT_FOR_GAP_01_OR_GAP_03","LEVEL_3_DISCOVERY_ONLY","NOT_SOUGHT_AFTER_TITLE_METADATA_SCREEN","","","NONE","","audit/phase2a1_raw_search_results/AC/PHASE2A1-SEARCH-0069_birge_anchor_crossref.json","Final title/metadata-level false-positive disposition for this bounded A–C workstream; no substantive claim is drawn from the record."
"A1AC-0303","A-C","PHASE2A1-SEARCH-0069","2026-07-31","Crossref","Some estimates of the normal approximation for independent non-identically distributed random variables","Jonas Sunklodas","2011","10.1007/s10986-011-9108-6","10.1007/s10986-011-9108-6","A1-DUP-0258","A1AC-0303","UNIQUE_OCCURRENCE","AC","A1AC-DUP-0258","FALSE_POSITIVE","FALSE_POSITIVE","NO_DIRECT_FOUNDATIONAL_FIXED_SAMPLE_COMPOSITE_TEST_OR_MINIMAX_CONVERSE_RESULT_FOR_GAP_01_OR_GAP_03","NO_DIRECT_FOUNDATIONAL_FIXED_SAMPLE_COMPOSITE_TEST_OR_MINIMAX_CONVERSE_RESULT_FOR_GAP_01_OR_GAP_03","LEVEL_3_DISCOVERY_ONLY","NOT_SOUGHT_AFTER_TITLE_METADATA_SCREEN","","","NONE","","audit/phase2a1_raw_search_results/AC/PHASE2A1-SEARCH-0069_birge_anchor_crossref.json","Final title/metadata-level false-positive disposition for this bounded A–C workstream; no substantive claim is drawn from the record."
"A1AC-0304","A-C","PHASE2A1-SEARCH-0069","2026-07-31","Crossref","Multivariate extremal processes generated by independent non-identically distributed random variables","Ishay Weissman","1975","10.2307/3212862","10.2307/3212862","A1-DUP-0259","A1AC-0304","UNIQUE_OCCURRENCE","AC","A1AC-DUP-0259","FALSE_POSITIVE","FALSE_POSITIVE","NO_DIRECT_FOUNDATIONAL_FIXED_SAMPLE_COMPOSITE_TEST_OR_MINIMAX_CONVERSE_RESULT_FOR_GAP_01_OR_GAP_03","NO_DIRECT_FOUNDATIONAL_FIXED_SAMPLE_COMPOSITE_TEST_OR_MINIMAX_CONVERSE_RESULT_FOR_GAP_01_OR_GAP_03","LEVEL_3_DISCOVERY_ONLY","NOT_SOUGHT_AFTER_TITLE_METADATA_SCREEN","","","NONE","","audit/phase2a1_raw_search_results/AC/PHASE2A1-SEARCH-0069_birge_anchor_crossref.json","Final title/metadata-level false-positive disposition for this bounded A–C workstream; no substantive claim is drawn from the record."
"A1AC-0305","A-C","PHASE2A1-SEARCH-0069","2026-07-31","Crossref","Analyzing Order Statistics of Non-Identically Distributed Shifted Exponential Variables in Numerical Data","Zakeia A AlSaiary","2024","10.21275/sr241116231011","10.21275/sr241116231011","A1-DUP-0260","A1AC-0305","UNIQUE_OCCURRENCE","AC","A1AC-DUP-0260","FALSE_POSITIVE","FALSE_POSITIVE","NO_DIRECT_FOUNDATIONAL_FIXED_SAMPLE_COMPOSITE_TEST_OR_MINIMAX_CONVERSE_RESULT_FOR_GAP_01_OR_GAP_03","NO_DIRECT_FOUNDATIONAL_FIXED_SAMPLE_COMPOSITE_TEST_OR_MINIMAX_CONVERSE_RESULT_FOR_GAP_01_OR_GAP_03","LEVEL_3_DISCOVERY_ONLY","NOT_SOUGHT_AFTER_TITLE_METADATA_SCREEN","","","NONE","","audit/phase2a1_raw_search_results/AC/PHASE2A1-SEARCH-0069_birge_anchor_crossref.json","Final title/metadata-level false-positive disposition for this bounded A–C workstream; no substantive claim is drawn from the record."
"A1AC-0306","A-C","PHASE2A1-SEARCH-0069","2026-07-31","Crossref","On Gaussian approximation in Hilbert space, non-identically distributed random variables case","","1987","10.1515/9783112313985-058","10.1515/9783112313985-058","A1-DUP-0261","A1AC-0306","UNIQUE_OCCURRENCE","AC","A1AC-DUP-0261","FALSE_POSITIVE","FALSE_POSITIVE","NO_DIRECT_FOUNDATIONAL_FIXED_SAMPLE_COMPOSITE_TEST_OR_MINIMAX_CONVERSE_RESULT_FOR_GAP_01_OR_GAP_03","NO_DIRECT_FOUNDATIONAL_FIXED_SAMPLE_COMPOSITE_TEST_OR_MINIMAX_CONVERSE_RESULT_FOR_GAP_01_OR_GAP_03","LEVEL_3_DISCOVERY_ONLY","NOT_SOUGHT_AFTER_TITLE_METADATA_SCREEN","","","NONE","","audit/phase2a1_raw_search_results/AC/PHASE2A1-SEARCH-0069_birge_anchor_crossref.json","Final title/metadata-level false-positive disposition for this bounded A–C workstream; no substantive claim is drawn from the record."
"A1AC-0307","A-C","PHASE2A1-SEARCH-0069","2026-07-31","Crossref","25. Independent But Not Identically Distributed Random Variables","","2009","10.1137/1.9780898719017.ch25","10.1137/1.9780898719017.ch25","A1-DUP-0262","A1AC-0307","UNIQUE_OCCURRENCE","AC","A1AC-DUP-0262","FALSE_POSITIVE","FALSE_POSITIVE","NO_DIRECT_FOUNDATIONAL_FIXED_SAMPLE_COMPOSITE_TEST_OR_MINIMAX_CONVERSE_RESULT_FOR_GAP_01_OR_GAP_03","NO_DIRECT_FOUNDATIONAL_FIXED_SAMPLE_COMPOSITE_TEST_OR_MINIMAX_CONVERSE_RESULT_FOR_GAP_01_OR_GAP_03","LEVEL_3_DISCOVERY_ONLY","NOT_SOUGHT_AFTER_TITLE_METADATA_SCREEN","","","NONE","","audit/phase2a1_raw_search_results/AC/PHASE2A1-SEARCH-0069_birge_anchor_crossref.json","Final title/metadata-level false-positive disposition for this bounded A–C workstream; no substantive claim is drawn from the record."
"A1AC-0308","A-C","PHASE2A1-SEARCH-0069","2026-07-31","Crossref","Local invariance principle for independent and identically distributed random variables","Jean-Christophe Breton; Jean-Christophe Breton; Юрий Александрович Давыдов; Yurii Aleksandrovich Davydov","2006","10.4213/tvp57","10.4213/tvp57","A1-DUP-0263","A1AC-0308","UNIQUE_OCCURRENCE","AC","A1AC-DUP-0263","FALSE_POSITIVE","FALSE_POSITIVE","NO_DIRECT_FOUNDATIONAL_FIXED_SAMPLE_COMPOSITE_TEST_OR_MINIMAX_CONVERSE_RESULT_FOR_GAP_01_OR_GAP_03","NO_DIRECT_FOUNDATIONAL_FIXED_SAMPLE_COMPOSITE_TEST_OR_MINIMAX_CONVERSE_RESULT_FOR_GAP_01_OR_GAP_03","LEVEL_3_DISCOVERY_ONLY","NOT_SOUGHT_AFTER_TITLE_METADATA_SCREEN","","","NONE","","audit/phase2a1_raw_search_results/AC/PHASE2A1-SEARCH-0069_birge_anchor_crossref.json","Final title/metadata-level false-positive disposition for this bounded A–C workstream; no substantive claim is drawn from the record."
"A1AC-0309","A-C","PHASE2A1-SEARCH-0069","2026-07-31","Crossref","Weighted Sums of Independent Identically Distributed Random Variables","Ralf Ulbricht","1981","10.1214/aop/1176994377","10.1214/aop/1176994377","A1-DUP-0264","A1AC-0309","UNIQUE_OCCURRENCE","AC","A1AC-DUP-0264","FALSE_POSITIVE","FALSE_POSITIVE","NO_DIRECT_FOUNDATIONAL_FIXED_SAMPLE_COMPOSITE_TEST_OR_MINIMAX_CONVERSE_RESULT_FOR_GAP_01_OR_GAP_03","NO_DIRECT_FOUNDATIONAL_FIXED_SAMPLE_COMPOSITE_TEST_OR_MINIMAX_CONVERSE_RESULT_FOR_GAP_01_OR_GAP_03","LEVEL_3_DISCOVERY_ONLY","NOT_SOUGHT_AFTER_TITLE_METADATA_SCREEN","","","NONE","","audit/phase2a1_raw_search_results/AC/PHASE2A1-SEARCH-0069_birge_anchor_crossref.json","Final title/metadata-level false-positive disposition for this bounded A–C workstream; no substantive claim is drawn from the record."
"A1AC-0310","A-C","PHASE2A1-SEARCH-0071","2026-07-31","OpenAlex","Convergence rates of posterior distributions for non-i.i.d. observations","Subhashis Ghosal; Aad van der Vaart","2007","https://openalex.org/W3104051756","https://openalex.org/W3104051756","A1-DUP-0265","A1AC-0310","UNIQUE_OCCURRENCE","AC","A1AC-DUP-0265","FALSE_POSITIVE","FALSE_POSITIVE","NO_DIRECT_FOUNDATIONAL_FIXED_SAMPLE_COMPOSITE_TEST_OR_MINIMAX_CONVERSE_RESULT_FOR_GAP_01_OR_GAP_03","NO_DIRECT_FOUNDATIONAL_FIXED_SAMPLE_COMPOSITE_TEST_OR_MINIMAX_CONVERSE_RESULT_FOR_GAP_01_OR_GAP_03","LEVEL_3_DISCOVERY_ONLY","NOT_SOUGHT_AFTER_TITLE_METADATA_SCREEN","","","NONE","","audit/phase2a1_raw_search_results/AC/PHASE2A1-SEARCH-0071_birge_forward_openalex.json","Final title/metadata-level false-positive disposition for this bounded A–C workstream; no substantive claim is drawn from the record."
"A1AC-0311","A-C","PHASE2A1-SEARCH-0071","2026-07-31","OpenAlex","Approximation dans les espaces métriques et théorie de l’estimation","Lucien Birgé","1983","10.1007/bf00532480","https://openalex.org/W1854990296","A1-DUP-0266","A1AC-0311","SOURCE_LEDGER_GROUP","AC","A1AC-DUP-0266","FULL_TEXT_UNAVAILABLE","FULL_TEXT_UNAVAILABLE","NO_LEGALLY_ACCESSIBLE_INSPECTABLE_PRIMARY_FULL_TEXT_OBTAINED_IN_BOUNDED_RETRIEVAL","NO_LEGALLY_ACCESSIBLE_INSPECTABLE_PRIMARY_FULL_TEXT_OBTAINED_IN_BOUNDED_RETRIEVAL","LEVEL_3_DISCOVERY_ONLY","FULL_TEXT_NOT_OBTAINED_OR_NOT_INSPECTABLE","","","NONE","","audit/phase2a1_raw_search_results/AC/PHASE2A1-SEARCH-0071_birge_forward_openalex.json","Potentially relevant foundational source retained without guarantee coding; it cannot support a substantive synthesis conclusion."
"A1AC-0312","A-C","PHASE2A1-SEARCH-0071","2026-07-31","OpenAlex","Convergence rates of posterior distributions for noniid observations","Subhashis Ghosal; Aad van der Vaart","2007","10.1214/009053606000001172","https://openalex.org/W2098302471","A1-DUP-0267","A1AC-0312","UNIQUE_OCCURRENCE","AC","A1AC-DUP-0267","FALSE_POSITIVE","FALSE_POSITIVE","NO_DIRECT_FOUNDATIONAL_FIXED_SAMPLE_COMPOSITE_TEST_OR_MINIMAX_CONVERSE_RESULT_FOR_GAP_01_OR_GAP_03","NO_DIRECT_FOUNDATIONAL_FIXED_SAMPLE_COMPOSITE_TEST_OR_MINIMAX_CONVERSE_RESULT_FOR_GAP_01_OR_GAP_03","LEVEL_3_DISCOVERY_ONLY","NOT_SOUGHT_AFTER_TITLE_METADATA_SCREEN","","","NONE","","audit/phase2a1_raw_search_results/AC/PHASE2A1-SEARCH-0071_birge_forward_openalex.json","Final title/metadata-level false-positive disposition for this bounded A–C workstream; no substantive claim is drawn from the record."
"A1AC-0313","A-C","PHASE2A1-SEARCH-0071","2026-07-31","OpenAlex","Remarks on consistency of posterior distributions","Taeryon Choi; Ravi Ramamoorthi","2008","10.1214/074921708000000138","https://openalex.org/W1799424232","A1-DUP-0268","A1AC-0313","UNIQUE_OCCURRENCE","AC","A1AC-DUP-0268","FALSE_POSITIVE","FALSE_POSITIVE","NO_DIRECT_FOUNDATIONAL_FIXED_SAMPLE_COMPOSITE_TEST_OR_MINIMAX_CONVERSE_RESULT_FOR_GAP_01_OR_GAP_03","NO_DIRECT_FOUNDATIONAL_FIXED_SAMPLE_COMPOSITE_TEST_OR_MINIMAX_CONVERSE_RESULT_FOR_GAP_01_OR_GAP_03","LEVEL_3_DISCOVERY_ONLY","NOT_SOUGHT_AFTER_TITLE_METADATA_SCREEN","","","NONE","","audit/phase2a1_raw_search_results/AC/PHASE2A1-SEARCH-0071_birge_forward_openalex.json","Final title/metadata-level false-positive disposition for this bounded A–C workstream; no substantive claim is drawn from the record."
"A1AC-0314","A-C","PHASE2A1-SEARCH-0071","2026-07-31","OpenAlex","Posterior consistency of Dirichlet mixtures for estimating a transition density","Yongqiang Tang; Subhashis Ghosal","2006","10.1016/j.jspi.2006.03.007","https://openalex.org/W2164162336","A1-DUP-0269","A1AC-0314","UNIQUE_OCCURRENCE","AC","A1AC-DUP-0269","FALSE_POSITIVE","FALSE_POSITIVE","NO_DIRECT_FOUNDATIONAL_FIXED_SAMPLE_COMPOSITE_TEST_OR_MINIMAX_CONVERSE_RESULT_FOR_GAP_01_OR_GAP_03","NO_DIRECT_FOUNDATIONAL_FIXED_SAMPLE_COMPOSITE_TEST_OR_MINIMAX_CONVERSE_RESULT_FOR_GAP_01_OR_GAP_03","LEVEL_3_DISCOVERY_ONLY","NOT_SOUGHT_AFTER_TITLE_METADATA_SCREEN","","","NONE","","audit/phase2a1_raw_search_results/AC/PHASE2A1-SEARCH-0071_birge_forward_openalex.json","Final title/metadata-level false-positive disposition for this bounded A–C workstream; no substantive claim is drawn from the record."
"A1AC-0315","A-C","PHASE2A1-SEARCH-0071","2026-07-31","OpenAlex","Bayesian Methods for Function Estimation","Nidhan Choudhuri; Subhashis Ghosal; Anindya Roy","2005","10.1016/s0169-7161(05)25013-7","https://openalex.org/W2159605095","A1-DUP-0270","A1AC-0315","UNIQUE_OCCURRENCE","AC","A1AC-DUP-0270","FALSE_POSITIVE","FALSE_POSITIVE","NO_DIRECT_FOUNDATIONAL_FIXED_SAMPLE_COMPOSITE_TEST_OR_MINIMAX_CONVERSE_RESULT_FOR_GAP_01_OR_GAP_03","NO_DIRECT_FOUNDATIONAL_FIXED_SAMPLE_COMPOSITE_TEST_OR_MINIMAX_CONVERSE_RESULT_FOR_GAP_01_OR_GAP_03","LEVEL_3_DISCOVERY_ONLY","NOT_SOUGHT_AFTER_TITLE_METADATA_SCREEN","","","NONE","","audit/phase2a1_raw_search_results/AC/PHASE2A1-SEARCH-0071_birge_forward_openalex.json","Final title/metadata-level false-positive disposition for this bounded A–C workstream; no substantive claim is drawn from the record."
"A1AC-0316","A-C","PHASE2A1-SEARCH-0071","2026-07-31","OpenAlex","Hypothesis testing by convex optimization","Alexander Goldenshluger; Anatoli Juditsky; Arkadi Nemirovski","2015","10.1214/15-ejs1054","https://openalex.org/W1742114735","A1-DUP-0036","A1AC-0037","SOURCE_LEDGER_GROUP","AC","A1AC-DUP-0036","DUPLICATE","DUPLICATE","DUPLICATE_OF_A1AC-0037","DUPLICATE_OF_A1AC-0037","LEVEL_3_DISCOVERY_ONLY","NOT_APPLICABLE","","","DUPLICATE_OF_EXISTING_CORPUS","","audit/phase2a1_raw_search_results/AC/PHASE2A1-SEARCH-0071_birge_forward_openalex.json","Duplicate prospective occurrence; the first occurrence carries the evidence decision."
"A1AC-0317","A-C","PHASE2A1-SEARCH-0071","2026-07-31","OpenAlex","Posterior contraction in sparse generalized linear models","Seonghyun Jeong; Subhashis Ghosal","2020","10.1093/biomet/asaa074","https://openalex.org/W3086546527","A1-DUP-0271","A1AC-0317","UNIQUE_OCCURRENCE","AC","A1AC-DUP-0271","FALSE_POSITIVE","FALSE_POSITIVE","NO_DIRECT_FOUNDATIONAL_FIXED_SAMPLE_COMPOSITE_TEST_OR_MINIMAX_CONVERSE_RESULT_FOR_GAP_01_OR_GAP_03","NO_DIRECT_FOUNDATIONAL_FIXED_SAMPLE_COMPOSITE_TEST_OR_MINIMAX_CONVERSE_RESULT_FOR_GAP_01_OR_GAP_03","LEVEL_3_DISCOVERY_ONLY","NOT_SOUGHT_AFTER_TITLE_METADATA_SCREEN","","","NONE","","audit/phase2a1_raw_search_results/AC/PHASE2A1-SEARCH-0071_birge_forward_openalex.json","Final title/metadata-level false-positive disposition for this bounded A–C workstream; no substantive claim is drawn from the record."
"A1AC-0318","A-C","PHASE2A1-SEARCH-0071","2026-07-31","OpenAlex","Nonparametric Bayesian drift estimation for multidimensional stochastic differential equations*","Shota Gugushvili; Peter Spreij","2014","10.1007/s10986-014-9232-1","https://openalex.org/W1586776066","A1-DUP-0272","A1AC-0318","UNIQUE_OCCURRENCE","AC","A1AC-DUP-0272","FALSE_POSITIVE","FALSE_POSITIVE","NO_DIRECT_FOUNDATIONAL_FIXED_SAMPLE_COMPOSITE_TEST_OR_MINIMAX_CONVERSE_RESULT_FOR_GAP_01_OR_GAP_03","NO_DIRECT_FOUNDATIONAL_FIXED_SAMPLE_COMPOSITE_TEST_OR_MINIMAX_CONVERSE_RESULT_FOR_GAP_01_OR_GAP_03","LEVEL_3_DISCOVERY_ONLY","NOT_SOUGHT_AFTER_TITLE_METADATA_SCREEN","","","NONE","","audit/phase2a1_raw_search_results/AC/PHASE2A1-SEARCH-0071_birge_forward_openalex.json","Final title/metadata-level false-positive disposition for this bounded A–C workstream; no substantive claim is drawn from the record."
"A1AC-0319","A-C","PHASE2A1-SEARCH-0071","2026-07-31","OpenAlex","A note on Bayes factor consistency in partial linear models","Taeryon Choi; Judith Rousseau","2015","10.1016/j.jspi.2015.03.009","https://openalex.org/W2038356042","A1-DUP-0273","A1AC-0319","UNIQUE_OCCURRENCE","AC","A1AC-DUP-0273","FALSE_POSITIVE","FALSE_POSITIVE","NO_DIRECT_FOUNDATIONAL_FIXED_SAMPLE_COMPOSITE_TEST_OR_MINIMAX_CONVERSE_RESULT_FOR_GAP_01_OR_GAP_03","NO_DIRECT_FOUNDATIONAL_FIXED_SAMPLE_COMPOSITE_TEST_OR_MINIMAX_CONVERSE_RESULT_FOR_GAP_01_OR_GAP_03","LEVEL_3_DISCOVERY_ONLY","NOT_SOUGHT_AFTER_TITLE_METADATA_SCREEN","","","NONE","","audit/phase2a1_raw_search_results/AC/PHASE2A1-SEARCH-0071_birge_forward_openalex.json","Final title/metadata-level false-positive disposition for this bounded A–C workstream; no substantive claim is drawn from the record."
"A1AC-0320","A-C","PHASE2A1-SEARCH-0071","2026-07-31","OpenAlex","On sequential hypotheses testing via convex optimization","Anatoli Juditsky; Arkadi Nemirovski","2015","10.1134/s0005117915050070","https://openalex.org/W1517588581","A1-DUP-0197","A1AC-0233","SOURCE_LEDGER_GROUP","AC","A1AC-DUP-0197","DUPLICATE","DUPLICATE","DUPLICATE_OF_A1AC-0233","DUPLICATE_OF_A1AC-0233","LEVEL_3_DISCOVERY_ONLY","NOT_APPLICABLE","","","NONE","","audit/phase2a1_raw_search_results/AC/PHASE2A1-SEARCH-0071_birge_forward_openalex.json","Duplicate prospective occurrence; the first occurrence carries the evidence decision."
"A1AC-0321","A-C","PHASE2A1-SEARCH-0071","2026-07-31","OpenAlex","Hypotheses testing and posterior concentration rates for semi-Markov processes","Irene Votsi; Ghislaine Gayraud; Vlad Ștefan Barbu; Nikolaos Limnios","2021","10.1007/s11203-021-09247-3","https://openalex.org/W3184208452","A1-DUP-0274","A1AC-0321","UNIQUE_OCCURRENCE","AC","A1AC-DUP-0274","FALSE_POSITIVE","FALSE_POSITIVE","NO_DIRECT_FOUNDATIONAL_FIXED_SAMPLE_COMPOSITE_TEST_OR_MINIMAX_CONVERSE_RESULT_FOR_GAP_01_OR_GAP_03","NO_DIRECT_FOUNDATIONAL_FIXED_SAMPLE_COMPOSITE_TEST_OR_MINIMAX_CONVERSE_RESULT_FOR_GAP_01_OR_GAP_03","LEVEL_3_DISCOVERY_ONLY","NOT_SOUGHT_AFTER_TITLE_METADATA_SCREEN","","","NONE","","audit/phase2a1_raw_search_results/AC/PHASE2A1-SEARCH-0071_birge_forward_openalex.json","Final title/metadata-level false-positive disposition for this bounded A–C workstream; no substantive claim is drawn from the record."
"A1AC-0322","A-C","PHASE2A1-SEARCH-0071","2026-07-31","OpenAlex","Hypothesis testing by convex optimization","Alexander Goldenshluger; A. Juditski; Arkadi Nemirovski","2013","10.48550/arxiv.1311.6765","https://openalex.org/W2950930731","A1-DUP-0275","A1AC-0322","UNIQUE_OCCURRENCE","AC","A1AC-DUP-0275","FALSE_POSITIVE","FALSE_POSITIVE","NO_DIRECT_FOUNDATIONAL_FIXED_SAMPLE_COMPOSITE_TEST_OR_MINIMAX_CONVERSE_RESULT_FOR_GAP_01_OR_GAP_03","NO_DIRECT_FOUNDATIONAL_FIXED_SAMPLE_COMPOSITE_TEST_OR_MINIMAX_CONVERSE_RESULT_FOR_GAP_01_OR_GAP_03","LEVEL_3_DISCOVERY_ONLY","NOT_SOUGHT_AFTER_TITLE_METADATA_SCREEN","","","NONE","","audit/phase2a1_raw_search_results/AC/PHASE2A1-SEARCH-0071_birge_forward_openalex.json","Final title/metadata-level false-positive disposition for this bounded A–C workstream; no substantive claim is drawn from the record."
"A1AC-0323","A-C","PHASE2A1-SEARCH-0071","2026-07-31","OpenAlex","PAC-Bayes Bounds on Variational Tempered Posteriors for Markov Models","Imon Banerjee","2021","10.3390/e23030313","https://openalex.org/W3134811640","A1-DUP-0276","A1AC-0323","SOURCE_LEDGER_GROUP","AC","A1AC-DUP-0276","FALSE_POSITIVE","FALSE_POSITIVE","NO_DIRECT_FOUNDATIONAL_FIXED_SAMPLE_COMPOSITE_TEST_OR_MINIMAX_CONVERSE_RESULT_FOR_GAP_01_OR_GAP_03","NO_DIRECT_FOUNDATIONAL_FIXED_SAMPLE_COMPOSITE_TEST_OR_MINIMAX_CONVERSE_RESULT_FOR_GAP_01_OR_GAP_03","LEVEL_3_DISCOVERY_ONLY","NOT_SOUGHT_AFTER_TITLE_METADATA_SCREEN","","","NONE","","audit/phase2a1_raw_search_results/AC/PHASE2A1-SEARCH-0071_birge_forward_openalex.json","Final title/metadata-level false-positive disposition for this bounded A–C workstream; no substantive claim is drawn from the record."
"A1AC-0324","A-C","PHASE2A1-SEARCH-0071","2026-07-31","OpenAlex","Bayes factor consistency in regression problems","Judith Rousseau; Choi Taeryon","2012","https://openalex.org/W1521716747","https://openalex.org/W1521716747","A1-DUP-0277","A1AC-0324","UNIQUE_OCCURRENCE","AC","A1AC-DUP-0277","FALSE_POSITIVE","FALSE_POSITIVE","NO_DIRECT_FOUNDATIONAL_FIXED_SAMPLE_COMPOSITE_TEST_OR_MINIMAX_CONVERSE_RESULT_FOR_GAP_01_OR_GAP_03","NO_DIRECT_FOUNDATIONAL_FIXED_SAMPLE_COMPOSITE_TEST_OR_MINIMAX_CONVERSE_RESULT_FOR_GAP_01_OR_GAP_03","LEVEL_3_DISCOVERY_ONLY","NOT_SOUGHT_AFTER_TITLE_METADATA_SCREEN","","","NONE","","audit/phase2a1_raw_search_results/AC/PHASE2A1-SEARCH-0071_birge_forward_openalex.json","Final title/metadata-level false-positive disposition for this bounded A–C workstream; no substantive claim is drawn from the record."
"A1AC-0325","A-C","PHASE2A1-SEARCH-0071","2026-07-31","OpenAlex","Asymptotic frequentist coverage properties of Bayesian credible sets for sieve priors","Judith Rousseau; Botond Szabó","2020","10.1214/19-aos1881","https://openalex.org/W2784473404","A1-DUP-0278","A1AC-0325","UNIQUE_OCCURRENCE","AC","A1AC-DUP-0278","FALSE_POSITIVE","FALSE_POSITIVE","NO_DIRECT_FOUNDATIONAL_FIXED_SAMPLE_COMPOSITE_TEST_OR_MINIMAX_CONVERSE_RESULT_FOR_GAP_01_OR_GAP_03","NO_DIRECT_FOUNDATIONAL_FIXED_SAMPLE_COMPOSITE_TEST_OR_MINIMAX_CONVERSE_RESULT_FOR_GAP_01_OR_GAP_03","LEVEL_3_DISCOVERY_ONLY","NOT_SOUGHT_AFTER_TITLE_METADATA_SCREEN","","","NONE","","audit/phase2a1_raw_search_results/AC/PHASE2A1-SEARCH-0071_birge_forward_openalex.json","Final title/metadata-level false-positive disposition for this bounded A–C workstream; no substantive claim is drawn from the record."
"A1AC-0326","A-C","PHASE2A1-SEARCH-0071","2026-07-31","OpenAlex","Asymptotic frequentist coverage properties of Bayesian credible sets for sieve priors in general settings","Judith Rousseau; Botond Szabó","2016","https://openalex.org/W2522972645","https://openalex.org/W2522972645","A1-DUP-0279","A1AC-0326","UNIQUE_OCCURRENCE","AC","A1AC-DUP-0279","FALSE_POSITIVE","FALSE_POSITIVE","NO_DIRECT_FOUNDATIONAL_FIXED_SAMPLE_COMPOSITE_TEST_OR_MINIMAX_CONVERSE_RESULT_FOR_GAP_01_OR_GAP_03","NO_DIRECT_FOUNDATIONAL_FIXED_SAMPLE_COMPOSITE_TEST_OR_MINIMAX_CONVERSE_RESULT_FOR_GAP_01_OR_GAP_03","LEVEL_3_DISCOVERY_ONLY","NOT_SOUGHT_AFTER_TITLE_METADATA_SCREEN","","","NONE","","audit/phase2a1_raw_search_results/AC/PHASE2A1-SEARCH-0071_birge_forward_openalex.json","Final title/metadata-level false-positive disposition for this bounded A–C workstream; no substantive claim is drawn from the record."
"A1AC-0327","A-C","PHASE2A1-SEARCH-0071","2026-07-31","OpenAlex","PAC-Bayes Bounds on Variational Tempered Posteriors for Markov Models","Imon Banerjee; Vinayak Rao; Harsha Honnappa","2021","10.3390/e23030313","https://openalex.org/W3119810214","A1-DUP-0276","A1AC-0323","SOURCE_LEDGER_GROUP","AC","A1AC-DUP-0276","DUPLICATE","DUPLICATE","DUPLICATE_OF_A1AC-0323","DUPLICATE_OF_A1AC-0323","LEVEL_3_DISCOVERY_ONLY","NOT_APPLICABLE","","","NONE","","audit/phase2a1_raw_search_results/AC/PHASE2A1-SEARCH-0071_birge_forward_openalex.json","Duplicate prospective occurrence; the first occurrence carries the evidence decision."
"A1AC-0328","A-C","PHASE2A1-SEARCH-0071","2026-07-31","OpenAlex","Hypotheses testing and posterior concentration rates for semi-Markov processes","Vlad Ștefan Barbu; Ghislaine Gayraud; Limnios, N.; Irene Votsi","2019","10.48550/arxiv.1906.05566","https://openalex.org/W2950218890","A1-DUP-0280","A1AC-0328","UNIQUE_OCCURRENCE","AC","A1AC-DUP-0280","FALSE_POSITIVE","FALSE_POSITIVE","NO_DIRECT_FOUNDATIONAL_FIXED_SAMPLE_COMPOSITE_TEST_OR_MINIMAX_CONVERSE_RESULT_FOR_GAP_01_OR_GAP_03","NO_DIRECT_FOUNDATIONAL_FIXED_SAMPLE_COMPOSITE_TEST_OR_MINIMAX_CONVERSE_RESULT_FOR_GAP_01_OR_GAP_03","LEVEL_3_DISCOVERY_ONLY","NOT_SOUGHT_AFTER_TITLE_METADATA_SCREEN","","","NONE","","audit/phase2a1_raw_search_results/AC/PHASE2A1-SEARCH-0071_birge_forward_openalex.json","Final title/metadata-level false-positive disposition for this bounded A–C workstream; no substantive claim is drawn from the record."
"A1AC-0329","A-C","PHASE2A1-SEARCH-0071","2026-07-31","OpenAlex","On sequential hypotheses testing via convex optimization","Anatoli Juditsky; Arkadi Nemirovski","2014","10.48550/arxiv.1412.1605","https://openalex.org/W2952046246","A1-DUP-0281","A1AC-0329","UNIQUE_OCCURRENCE","AC","A1AC-DUP-0281","FALSE_POSITIVE","FALSE_POSITIVE","NO_DIRECT_FOUNDATIONAL_FIXED_SAMPLE_COMPOSITE_TEST_OR_MINIMAX_CONVERSE_RESULT_FOR_GAP_01_OR_GAP_03","NO_DIRECT_FOUNDATIONAL_FIXED_SAMPLE_COMPOSITE_TEST_OR_MINIMAX_CONVERSE_RESULT_FOR_GAP_01_OR_GAP_03","LEVEL_3_DISCOVERY_ONLY","NOT_SOUGHT_AFTER_TITLE_METADATA_SCREEN","","","NONE","","audit/phase2a1_raw_search_results/AC/PHASE2A1-SEARCH-0071_birge_forward_openalex.json","Final title/metadata-level false-positive disposition for this bounded A–C workstream; no substantive claim is drawn from the record."
"A1AC-0330","A-C","PHASE2A1-SEARCH-0071","2026-07-31","OpenAlex","<mml:math xmlns:mml=""http://www.w3.org/1998/Math/MathML"" altimg=""si3.svg"" display=""inline"" id=""d1e22""><mml:msub><mml:mrow><mml:mi>L</mml:mi></mml:mrow><mml:mrow><mml:mn>2</mml:mn></mml:mrow></mml:msub></mml:math>-norm posterior contraction in Gaussian models with unknown variance","Seonghyun Jeong","2025","10.1016/j.spl.2025.110495","https://openalex.org/W4412489916","A1-DUP-0282","A1AC-0330","UNIQUE_OCCURRENCE","AC","A1AC-DUP-0282","FALSE_POSITIVE","FALSE_POSITIVE","NO_DIRECT_FOUNDATIONAL_FIXED_SAMPLE_COMPOSITE_TEST_OR_MINIMAX_CONVERSE_RESULT_FOR_GAP_01_OR_GAP_03","NO_DIRECT_FOUNDATIONAL_FIXED_SAMPLE_COMPOSITE_TEST_OR_MINIMAX_CONVERSE_RESULT_FOR_GAP_01_OR_GAP_03","LEVEL_3_DISCOVERY_ONLY","NOT_SOUGHT_AFTER_TITLE_METADATA_SCREEN","","","NONE","","audit/phase2a1_raw_search_results/AC/PHASE2A1-SEARCH-0071_birge_forward_openalex.json","Final title/metadata-level false-positive disposition for this bounded A–C workstream; no substantive claim is drawn from the record."
"A1AC-0331","A-C","PHASE2A1-SEARCH-0072","2026-07-31","OpenAlex","Lecture Notes in Mathematics","Stéphane Crépey; Olivier Guéant; David Hobson; Monique Jeanblanc; Jean‐Michel Lasry; Pierre Louis Lions","2011","https://openalex.org/W4291439952","https://openalex.org/W4291439952","A1-DUP-0283","A1AC-0331","UNIQUE_OCCURRENCE","AC","A1AC-DUP-0283","FALSE_POSITIVE","FALSE_POSITIVE","NO_DIRECT_FOUNDATIONAL_FIXED_SAMPLE_COMPOSITE_TEST_OR_MINIMAX_CONVERSE_RESULT_FOR_GAP_01_OR_GAP_03","NO_DIRECT_FOUNDATIONAL_FIXED_SAMPLE_COMPOSITE_TEST_OR_MINIMAX_CONVERSE_RESULT_FOR_GAP_01_OR_GAP_03","LEVEL_3_DISCOVERY_ONLY","NOT_SOUGHT_AFTER_TITLE_METADATA_SCREEN","","","NONE","","audit/phase2a1_raw_search_results/AC/PHASE2A1-SEARCH-0072_birge_backward_openalex.json","Final title/metadata-level false-positive disposition for this bounded A–C workstream; no substantive claim is drawn from the record."
"A1AC-0332","A-C","PHASE2A1-SEARCH-0072","2026-07-31","OpenAlex","A Measure of Asymptotic Efficiency for Tests of a Hypothesis Based on the sum of Observations","Herman Chernoff","1952","10.1214/aoms/1177729330","https://openalex.org/W2042587503","A1-DUP-0284","A1AC-0332","SOURCE_LEDGER_GROUP","AC","A1AC-DUP-0284","FALSE_POSITIVE","FALSE_POSITIVE","ASYMPTOTIC_ERROR_EXPONENT_RESULT_NOT_FIXED_SAMPLE_FINITE_BOUND","ASYMPTOTIC_ERROR_EXPONENT_RESULT_NOT_FIXED_SAMPLE_FINITE_BOUND","LEVEL_3_DISCOVERY_ONLY","NOT_SOUGHT_AFTER_TITLE_METADATA_SCREEN","","","NONE","","audit/phase2a1_raw_search_results/AC/PHASE2A1-SEARCH-0072_birge_backward_openalex.json","Final title/metadata-level false-positive disposition for this bounded A–C workstream; no substantive claim is drawn from the record."
"A1AC-0333","A-C","PHASE2A1-SEARCH-0072","2026-07-31","OpenAlex","Asymptotic evaluation of certain markov process expectations for large time, II","M. D. Donsker; S. R. S. Varadhan","1975","10.1002/cpa.3160280206","https://openalex.org/W2136144249","A1-DUP-0285","A1AC-0333","UNIQUE_OCCURRENCE","AC","A1AC-DUP-0285","FALSE_POSITIVE","FALSE_POSITIVE","NO_DIRECT_FOUNDATIONAL_FIXED_SAMPLE_COMPOSITE_TEST_OR_MINIMAX_CONVERSE_RESULT_FOR_GAP_01_OR_GAP_03","NO_DIRECT_FOUNDATIONAL_FIXED_SAMPLE_COMPOSITE_TEST_OR_MINIMAX_CONVERSE_RESULT_FOR_GAP_01_OR_GAP_03","LEVEL_3_DISCOVERY_ONLY","NOT_SOUGHT_AFTER_TITLE_METADATA_SCREEN","","","NONE","","audit/phase2a1_raw_search_results/AC/PHASE2A1-SEARCH-0072_birge_backward_openalex.json","Final title/metadata-level false-positive disposition for this bounded A–C workstream; no substantive claim is drawn from the record."
"A1AC-0334","A-C","PHASE2A1-SEARCH-0072","2026-07-31","OpenAlex","Testing Statistical Hypotheses.","N. L. J.; E. H. Lehmann","1960","10.2307/2987419","https://openalex.org/W4300544062","A1-DUP-0286","A1AC-0334","UNIQUE_OCCURRENCE","AC","A1AC-DUP-0286","FALSE_POSITIVE","FALSE_POSITIVE","NO_DIRECT_FOUNDATIONAL_FIXED_SAMPLE_COMPOSITE_TEST_OR_MINIMAX_CONVERSE_RESULT_FOR_GAP_01_OR_GAP_03","NO_DIRECT_FOUNDATIONAL_FIXED_SAMPLE_COMPOSITE_TEST_OR_MINIMAX_CONVERSE_RESULT_FOR_GAP_01_OR_GAP_03","LEVEL_3_DISCOVERY_ONLY","NOT_SOUGHT_AFTER_TITLE_METADATA_SCREEN","","","NONE","","audit/phase2a1_raw_search_results/AC/PHASE2A1-SEARCH-0072_birge_backward_openalex.json","Final title/metadata-level false-positive disposition for this bounded A–C workstream; no substantive claim is drawn from the record."
"A1AC-0335","A-C","PHASE2A1-SEARCH-0072","2026-07-31","OpenAlex","Asymptotic evaluation of certain markov process expectations for large time, I","M. D. Donsker; S. R. S. Varadhan","1975","10.1002/cpa.3160280102","https://openalex.org/W4243316134","A1-DUP-0287","A1AC-0335","UNIQUE_OCCURRENCE","AC","A1AC-DUP-0287","FALSE_POSITIVE","FALSE_POSITIVE","NO_DIRECT_FOUNDATIONAL_FIXED_SAMPLE_COMPOSITE_TEST_OR_MINIMAX_CONVERSE_RESULT_FOR_GAP_01_OR_GAP_03","NO_DIRECT_FOUNDATIONAL_FIXED_SAMPLE_COMPOSITE_TEST_OR_MINIMAX_CONVERSE_RESULT_FOR_GAP_01_OR_GAP_03","LEVEL_3_DISCOVERY_ONLY","NOT_SOUGHT_AFTER_TITLE_METADATA_SCREEN","","","NONE","","audit/phase2a1_raw_search_results/AC/PHASE2A1-SEARCH-0072_birge_backward_openalex.json","Final title/metadata-level false-positive disposition for this bounded A–C workstream; no substantive claim is drawn from the record."
"A1AC-0336","A-C","PHASE2A1-SEARCH-0072","2026-07-31","OpenAlex","A Robust Version of the Probability Ratio Test","Peter J. Huber","1965","10.1214/aoms/1177699803","https://openalex.org/W2014002306","A1-DUP-0288","A1AC-0336","SOURCE_LEDGER_GROUP","AC","A1AC-DUP-0288","FULL_TEXT_UNAVAILABLE","FULL_TEXT_UNAVAILABLE","NO_LEGALLY_ACCESSIBLE_INSPECTABLE_PRIMARY_FULL_TEXT_OBTAINED_IN_BOUNDED_RETRIEVAL","NO_LEGALLY_ACCESSIBLE_INSPECTABLE_PRIMARY_FULL_TEXT_OBTAINED_IN_BOUNDED_RETRIEVAL","LEVEL_3_DISCOVERY_ONLY","FULL_TEXT_NOT_OBTAINED_OR_NOT_INSPECTABLE","","","NONE","","audit/phase2a1_raw_search_results/AC/PHASE2A1-SEARCH-0072_birge_backward_openalex.json","Potentially relevant foundational source retained without guarantee coding; it cannot support a substantive synthesis conclusion."
"A1AC-0337","A-C","PHASE2A1-SEARCH-0072","2026-07-31","OpenAlex","Minimax Tests and the Neyman-Pearson Lemma for Capacities","Peter J. Huber; Volker Strassen","1973","10.1214/aos/1176342363","https://openalex.org/W2010161926","A1-DUP-0289","A1AC-0337","SOURCE_LEDGER_GROUP","AC","A1AC-DUP-0289","FULL_TEXT_UNAVAILABLE","FULL_TEXT_UNAVAILABLE","NO_LEGALLY_ACCESSIBLE_INSPECTABLE_PRIMARY_FULL_TEXT_OBTAINED_IN_BOUNDED_RETRIEVAL","NO_LEGALLY_ACCESSIBLE_INSPECTABLE_PRIMARY_FULL_TEXT_OBTAINED_IN_BOUNDED_RETRIEVAL","LEVEL_3_DISCOVERY_ONLY","FULL_TEXT_NOT_OBTAINED_OR_NOT_INSPECTABLE","","","NONE","","audit/phase2a1_raw_search_results/AC/PHASE2A1-SEARCH-0072_birge_backward_openalex.json","Potentially relevant foundational source retained without guarantee coding; it cannot support a substantive synthesis conclusion."
"A1AC-0338","A-C","PHASE2A1-SEARCH-0072","2026-07-31","OpenAlex","Convergence of Estimates Under Dimensionality Restrictions","Lucien LeCam","1973","10.1214/aos/1193342380","https://openalex.org/W2004060143","A1-DUP-0290","A1AC-0338","SOURCE_LEDGER_GROUP","AC","A1AC-DUP-0290","FALSE_POSITIVE","FALSE_POSITIVE","NO_DIRECT_FOUNDATIONAL_FIXED_SAMPLE_COMPOSITE_TEST_OR_MINIMAX_CONVERSE_RESULT_FOR_GAP_01_OR_GAP_03","NO_DIRECT_FOUNDATIONAL_FIXED_SAMPLE_COMPOSITE_TEST_OR_MINIMAX_CONVERSE_RESULT_FOR_GAP_01_OR_GAP_03","LEVEL_3_DISCOVERY_ONLY","NOT_SOUGHT_AFTER_TITLE_METADATA_SCREEN","","","NONE","","audit/phase2a1_raw_search_results/AC/PHASE2A1-SEARCH-0072_birge_backward_openalex.json","Final title/metadata-level false-positive disposition for this bounded A–C workstream; no substantive claim is drawn from the record."
"A1AC-0339","A-C","PHASE2A1-SEARCH-0072","2026-07-31","OpenAlex","Approximation dans les espaces métriques et théorie de l’estimation","Lucien Birgé","1983","10.1007/bf00532480","https://openalex.org/W1854990296","A1-DUP-0266","A1AC-0311","SOURCE_LEDGER_GROUP","AC","A1AC-DUP-0266","DUPLICATE","DUPLICATE","DUPLICATE_OF_A1AC-0311","DUPLICATE_OF_A1AC-0311","LEVEL_3_DISCOVERY_ONLY","NOT_APPLICABLE","","","NONE","","audit/phase2a1_raw_search_results/AC/PHASE2A1-SEARCH-0072_birge_backward_openalex.json","Duplicate prospective occurrence; the first occurrence carries the evidence decision."
"A1AC-0340","A-C","PHASE2A1-SEARCH-0072","2026-07-31","OpenAlex","On the construction of least favourable pairs of distributions","F. Österreicher","1978","10.1007/bf00535275","https://openalex.org/W2147358193","A1-DUP-0291","A1AC-0340","SOURCE_LEDGER_GROUP","AC","A1AC-DUP-0291","FULL_TEXT_UNAVAILABLE","FULL_TEXT_UNAVAILABLE","NO_LEGALLY_ACCESSIBLE_INSPECTABLE_PRIMARY_FULL_TEXT_OBTAINED_IN_BOUNDED_RETRIEVAL","NO_LEGALLY_ACCESSIBLE_INSPECTABLE_PRIMARY_FULL_TEXT_OBTAINED_IN_BOUNDED_RETRIEVAL","LEVEL_3_DISCOVERY_ONLY","FULL_TEXT_NOT_OBTAINED_OR_NOT_INSPECTABLE","","","NONE","","audit/phase2a1_raw_search_results/AC/PHASE2A1-SEARCH-0072_birge_backward_openalex.json","Potentially relevant foundational source retained without guarantee coding; it cannot support a substantive synthesis conclusion."
"A1AC-0341","A-C","PHASE2A1-SEARCH-0072","2026-07-31","OpenAlex","Asymptotic Methods in Statistical Decision Theory.","Lawrence D. Brown; Lucien LeCam","1988","10.2307/2288884","https://openalex.org/W4256155303","A1-DUP-0292","A1AC-0341","UNIQUE_OCCURRENCE","AC","A1AC-DUP-0292","FALSE_POSITIVE","FALSE_POSITIVE","NO_DIRECT_FOUNDATIONAL_FIXED_SAMPLE_COMPOSITE_TEST_OR_MINIMAX_CONVERSE_RESULT_FOR_GAP_01_OR_GAP_03","NO_DIRECT_FOUNDATIONAL_FIXED_SAMPLE_COMPOSITE_TEST_OR_MINIMAX_CONVERSE_RESULT_FOR_GAP_01_OR_GAP_03","LEVEL_3_DISCOVERY_ONLY","NOT_SOUGHT_AFTER_TITLE_METADATA_SCREEN","","","NONE","","audit/phase2a1_raw_search_results/AC/PHASE2A1-SEARCH-0072_birge_backward_openalex.json","Final title/metadata-level false-positive disposition for this bounded A–C workstream; no substantive claim is drawn from the record."
"A1AC-0342","A-C","PHASE2A1-SEARCH-0072","2026-07-31","OpenAlex","Some conditions for consistency and uniform consistency of statistical procedures","Charles H. Kraft","1955","https://openalex.org/W651687795","https://openalex.org/W651687795","A1-DUP-0293","A1AC-0342","SOURCE_LEDGER_GROUP","AC","A1AC-DUP-0293","FULL_TEXT_UNAVAILABLE","FULL_TEXT_UNAVAILABLE","NO_LEGALLY_ACCESSIBLE_INSPECTABLE_PRIMARY_FULL_TEXT_OBTAINED_IN_BOUNDED_RETRIEVAL","NO_LEGALLY_ACCESSIBLE_INSPECTABLE_PRIMARY_FULL_TEXT_OBTAINED_IN_BOUNDED_RETRIEVAL","LEVEL_3_DISCOVERY_ONLY","FULL_TEXT_NOT_OBTAINED_OR_NOT_INSPECTABLE","","","NONE","","audit/phase2a1_raw_search_results/AC/PHASE2A1-SEARCH-0072_birge_backward_openalex.json","Potentially relevant foundational source retained without guarantee coding; it cannot support a substantive synthesis conclusion."
"A1AC-0343","A-C","PHASE2A1-SEARCH-0072","2026-07-31","OpenAlex","Stochastic Processes and Related Topics.","Morris H. DeGroot; Madan L. Puri","1976","10.2307/2285797","https://openalex.org/W2026147187","A1-DUP-0294","A1AC-0343","UNIQUE_OCCURRENCE","AC","A1AC-DUP-0294","FALSE_POSITIVE","FALSE_POSITIVE","NO_DIRECT_FOUNDATIONAL_FIXED_SAMPLE_COMPOSITE_TEST_OR_MINIMAX_CONVERSE_RESULT_FOR_GAP_01_OR_GAP_03","NO_DIRECT_FOUNDATIONAL_FIXED_SAMPLE_COMPOSITE_TEST_OR_MINIMAX_CONVERSE_RESULT_FOR_GAP_01_OR_GAP_03","LEVEL_3_DISCOVERY_ONLY","NOT_SOUGHT_AFTER_TITLE_METADATA_SCREEN","","","NONE","","audit/phase2a1_raw_search_results/AC/PHASE2A1-SEARCH-0072_birge_backward_openalex.json","Final title/metadata-level false-positive disposition for this bounded A–C workstream; no substantive claim is drawn from the record."
"A1AC-0344","A-C","PHASE2A1-SEARCH-0072","2026-07-31","OpenAlex","Least Favorable Pairs for Special Capacities","Helmut Rieder","1977","10.1214/aos/1176343947","https://openalex.org/W2089481664","A1-DUP-0295","A1AC-0344","SOURCE_LEDGER_GROUP","AC","A1AC-DUP-0295","FULL_TEXT_UNAVAILABLE","FULL_TEXT_UNAVAILABLE","NO_LEGALLY_ACCESSIBLE_INSPECTABLE_PRIMARY_FULL_TEXT_OBTAINED_IN_BOUNDED_RETRIEVAL","NO_LEGALLY_ACCESSIBLE_INSPECTABLE_PRIMARY_FULL_TEXT_OBTAINED_IN_BOUNDED_RETRIEVAL","LEVEL_3_DISCOVERY_ONLY","FULL_TEXT_NOT_OBTAINED_OR_NOT_INSPECTABLE","","","NONE","","audit/phase2a1_raw_search_results/AC/PHASE2A1-SEARCH-0072_birge_backward_openalex.json","Potentially relevant foundational source retained without guarantee coding; it cannot support a substantive synthesis conclusion."
"A1AC-0345","A-C","PHASE2A1-SEARCH-0072","2026-07-31","OpenAlex","A Robust Asymptotic Testing Model","Helmut Rieder","1978","10.1214/aos/1176344312","https://openalex.org/W1979472169","A1-DUP-0296","A1AC-0345","UNIQUE_OCCURRENCE","AC","A1AC-DUP-0296","FALSE_POSITIVE","FALSE_POSITIVE","NO_DIRECT_FOUNDATIONAL_FIXED_SAMPLE_COMPOSITE_TEST_OR_MINIMAX_CONVERSE_RESULT_FOR_GAP_01_OR_GAP_03","NO_DIRECT_FOUNDATIONAL_FIXED_SAMPLE_COMPOSITE_TEST_OR_MINIMAX_CONVERSE_RESULT_FOR_GAP_01_OR_GAP_03","LEVEL_3_DISCOVERY_ONLY","NOT_SOUGHT_AFTER_TITLE_METADATA_SCREEN","","","NONE","","audit/phase2a1_raw_search_results/AC/PHASE2A1-SEARCH-0072_birge_backward_openalex.json","Final title/metadata-level false-positive disposition for this bounded A–C workstream; no substantive claim is drawn from the record."
"A1AC-0346","A-C","PHASE2A1-SEARCH-0072","2026-07-31","OpenAlex","Théorie de l'inférence statistique robuste","Peter J. Huber","1969","https://openalex.org/W2095488112","https://openalex.org/W2095488112","A1-DUP-0297","A1AC-0346","UNIQUE_OCCURRENCE","AC","A1AC-DUP-0297","FALSE_POSITIVE","FALSE_POSITIVE","NO_DIRECT_FOUNDATIONAL_FIXED_SAMPLE_COMPOSITE_TEST_OR_MINIMAX_CONVERSE_RESULT_FOR_GAP_01_OR_GAP_03","NO_DIRECT_FOUNDATIONAL_FIXED_SAMPLE_COMPOSITE_TEST_OR_MINIMAX_CONVERSE_RESULT_FOR_GAP_01_OR_GAP_03","LEVEL_3_DISCOVERY_ONLY","NOT_SOUGHT_AFTER_TITLE_METADATA_SCREEN","","","NONE","","audit/phase2a1_raw_search_results/AC/PHASE2A1-SEARCH-0072_birge_backward_openalex.json","Final title/metadata-level false-positive disposition for this bounded A–C workstream; no substantive claim is drawn from the record."
"A1AC-0347","A-C","PHASE2A1-SEARCH-0072","2026-07-31","OpenAlex","Testing Statistical Hypotheses","Magdalena Niewiadomska-Bugaj; Robert Bartoszynski","2021","10.1002/9781119243830.ch12","https://openalex.org/W2045638068","A1-DUP-0298","A1AC-0347","NORMALIZED_DOI","AC","A1AC-DUP-0298","FALSE_POSITIVE","FALSE_POSITIVE","NO_DIRECT_FOUNDATIONAL_FIXED_SAMPLE_COMPOSITE_TEST_OR_MINIMAX_CONVERSE_RESULT_FOR_GAP_01_OR_GAP_03","NO_DIRECT_FOUNDATIONAL_FIXED_SAMPLE_COMPOSITE_TEST_OR_MINIMAX_CONVERSE_RESULT_FOR_GAP_01_OR_GAP_03","LEVEL_3_DISCOVERY_ONLY","NOT_SOUGHT_AFTER_TITLE_METADATA_SCREEN","","","NONE","","audit/phase2a1_raw_search_results/AC/PHASE2A1-SEARCH-0072_birge_backward_openalex.json","Final title/metadata-level false-positive disposition for this bounded A–C workstream; no substantive claim is drawn from the record."
"A1AC-0348","A-C","PHASE2A1-SEARCH-0072","2026-07-31","OpenAlex","On the construction of least favourable distributions","Ferdinand Österreicher","1978","10.1007/bfb0062672","https://openalex.org/W2274926543","A1-DUP-0299","A1AC-0348","UNIQUE_OCCURRENCE","AC","A1AC-DUP-0299","FALSE_POSITIVE","FALSE_POSITIVE","NO_DIRECT_FOUNDATIONAL_FIXED_SAMPLE_COMPOSITE_TEST_OR_MINIMAX_CONVERSE_RESULT_FOR_GAP_01_OR_GAP_03","NO_DIRECT_FOUNDATIONAL_FIXED_SAMPLE_COMPOSITE_TEST_OR_MINIMAX_CONVERSE_RESULT_FOR_GAP_01_OR_GAP_03","LEVEL_3_DISCOVERY_ONLY","NOT_SOUGHT_AFTER_TITLE_METADATA_SCREEN","","","NONE","","audit/phase2a1_raw_search_results/AC/PHASE2A1-SEARCH-0072_birge_backward_openalex.json","Final title/metadata-level false-positive disposition for this bounded A–C workstream; no substantive claim is drawn from the record."
"A1AC-0349","A-C","PHASE2A1-SEARCH-0019","2026-07-31","OpenAlex backward citation","Robust Testing for Independent Non Identically Distributed Variables and Markov Chains","Lucien Birgé","1983","10.1007/978-1-4612-5503-1_9","https://openalex.org/W171842306","A1-DUP-0245","A1AC-0290","SOURCE_LEDGER_GROUP;NORMALIZED_DOI","AC","A1AC-DUP-0245","DUPLICATE","DUPLICATE","DUPLICATE_OF_A1AC-0290","DUPLICATE_OF_A1AC-0290","LEVEL_3_DISCOVERY_ONLY","NOT_APPLICABLE","","","NONE","","audit/phase2a1_raw_search_results/AC/PHASE2A1-SEARCH-0019_openalex_backward_metadata.json","Duplicate prospective occurrence; the first occurrence carries the evidence decision."
"A1AC-0350","A-C","PHASE2A1-SEARCH-0019","2026-07-31","OpenAlex backward citation","Deconvolution Problems in Nonparametric Statistics","Alexander Meister","2009","10.1007/978-3-540-87557-4","https://openalex.org/W366592016","A1-DUP-0300","A1AC-0350","UNIQUE_OCCURRENCE","AC","A1AC-DUP-0300","FALSE_POSITIVE","FALSE_POSITIVE","NO_DIRECT_FOUNDATIONAL_FIXED_SAMPLE_COMPOSITE_TEST_OR_MINIMAX_CONVERSE_RESULT_FOR_GAP_01_OR_GAP_03","NO_DIRECT_FOUNDATIONAL_FIXED_SAMPLE_COMPOSITE_TEST_OR_MINIMAX_CONVERSE_RESULT_FOR_GAP_01_OR_GAP_03","LEVEL_3_DISCOVERY_ONLY","NOT_SOUGHT_AFTER_TITLE_METADATA_SCREEN","","","NONE","","audit/phase2a1_raw_search_results/AC/PHASE2A1-SEARCH-0019_openalex_backward_metadata.json","Final title/metadata-level false-positive disposition for this bounded A–C workstream; no substantive claim is drawn from the record."
"A1AC-0351","A-C","PHASE2A1-SEARCH-0019","2026-07-31","OpenAlex backward citation","Some conditions for consistency and uniform consistency of statistical procedures","Charles H. Kraft","1955","https://openalex.org/W651687795","https://openalex.org/W651687795","A1-DUP-0293","A1AC-0342","SOURCE_LEDGER_GROUP","AC","A1AC-DUP-0293","DUPLICATE","DUPLICATE","DUPLICATE_OF_A1AC-0342","DUPLICATE_OF_A1AC-0342","LEVEL_3_DISCOVERY_ONLY","NOT_APPLICABLE","","","NONE","","audit/phase2a1_raw_search_results/AC/PHASE2A1-SEARCH-0019_openalex_backward_metadata.json","Duplicate prospective occurrence; the first occurrence carries the evidence decision."
"A1AC-0352","A-C","PHASE2A1-SEARCH-0019","2026-07-31","OpenAlex backward citation","Discontinuous versus smooth regression","Hans‐Georg Müller; Ulrich Stadtmüller","1999","10.1214/aos/1018031113","https://openalex.org/W1495736253","A1-DUP-0301","A1AC-0352","UNIQUE_OCCURRENCE","AC","A1AC-DUP-0301","FALSE_POSITIVE","FALSE_POSITIVE","NO_DIRECT_FOUNDATIONAL_FIXED_SAMPLE_COMPOSITE_TEST_OR_MINIMAX_CONVERSE_RESULT_FOR_GAP_01_OR_GAP_03","NO_DIRECT_FOUNDATIONAL_FIXED_SAMPLE_COMPOSITE_TEST_OR_MINIMAX_CONVERSE_RESULT_FOR_GAP_01_OR_GAP_03","LEVEL_3_DISCOVERY_ONLY","NOT_SOUGHT_AFTER_TITLE_METADATA_SCREEN","","","NONE","","audit/phase2a1_raw_search_results/AC/PHASE2A1-SEARCH-0019_openalex_backward_metadata.json","Final title/metadata-level false-positive disposition for this bounded A–C workstream; no substantive claim is drawn from the record."
"A1AC-0353","A-C","PHASE2A1-SEARCH-0019","2026-07-31","OpenAlex backward citation","Nonparametric Goodness-of-Fit Testing Under Gaussian Models","Yu. I. Ingster; Irina A. Suslina","2003","10.1007/978-0-387-21580-8","https://openalex.org/W1502103205","A1-DUP-0302","A1AC-0353","NORMALIZED_DOI","AC","A1AC-DUP-0302","FALSE_POSITIVE","FALSE_POSITIVE","NO_DIRECT_FOUNDATIONAL_FIXED_SAMPLE_COMPOSITE_TEST_OR_MINIMAX_CONVERSE_RESULT_FOR_GAP_01_OR_GAP_03","NO_DIRECT_FOUNDATIONAL_FIXED_SAMPLE_COMPOSITE_TEST_OR_MINIMAX_CONVERSE_RESULT_FOR_GAP_01_OR_GAP_03","LEVEL_3_DISCOVERY_ONLY","NOT_SOUGHT_AFTER_TITLE_METADATA_SCREEN","","","NONE","","audit/phase2a1_raw_search_results/AC/PHASE2A1-SEARCH-0019_openalex_backward_metadata.json","Final title/metadata-level false-positive disposition for this bounded A–C workstream; no substantive claim is drawn from the record."
"A1AC-0354","A-C","PHASE2A1-SEARCH-0019","2026-07-31","OpenAlex backward citation","Asymptotic Methods in Statistical Decision Theory","Lucien Le Cam","1986","10.1007/978-1-4612-4946-7","https://openalex.org/W1535258871","A1-DUP-0303","A1AC-0354","SOURCE_LEDGER_GROUP;NORMALIZED_DOI","AC","A1AC-DUP-0303","FALSE_POSITIVE","FALSE_POSITIVE","NO_DIRECT_FOUNDATIONAL_FIXED_SAMPLE_COMPOSITE_TEST_OR_MINIMAX_CONVERSE_RESULT_FOR_GAP_01_OR_GAP_03","NO_DIRECT_FOUNDATIONAL_FIXED_SAMPLE_COMPOSITE_TEST_OR_MINIMAX_CONVERSE_RESULT_FOR_GAP_01_OR_GAP_03","LEVEL_3_DISCOVERY_ONLY","NOT_SOUGHT_AFTER_TITLE_METADATA_SCREEN","","","NONE","","audit/phase2a1_raw_search_results/AC/PHASE2A1-SEARCH-0019_openalex_backward_metadata.json","Final title/metadata-level false-positive disposition for this bounded A–C workstream; no substantive claim is drawn from the record."
"A1AC-0355","A-C","PHASE2A1-SEARCH-0019","2026-07-31","OpenAlex backward citation","Robust tests for model selection","Lucien Birgé","2013","10.1214/12-imscoll905","https://openalex.org/W1540379030","A1-DUP-0304","A1AC-0355","UNIQUE_OCCURRENCE","AC","A1AC-DUP-0304","FULL_TEXT_UNAVAILABLE","FULL_TEXT_UNAVAILABLE","NO_LEGALLY_ACCESSIBLE_INSPECTABLE_PRIMARY_FULL_TEXT_OBTAINED_IN_BOUNDED_RETRIEVAL","NO_LEGALLY_ACCESSIBLE_INSPECTABLE_PRIMARY_FULL_TEXT_OBTAINED_IN_BOUNDED_RETRIEVAL","LEVEL_3_DISCOVERY_ONLY","FULL_TEXT_NOT_OBTAINED_OR_NOT_INSPECTABLE","","","NONE","","audit/phase2a1_raw_search_results/AC/PHASE2A1-SEARCH-0019_openalex_backward_metadata.json","Potentially relevant foundational source retained without guarantee coding; it cannot support a substantive synthesis conclusion."
"A1AC-0356","A-C","PHASE2A1-SEARCH-0019","2026-07-31","OpenAlex backward citation","Lectures on modern convex optimization analysis, algorithms, and engineering applications. - Includes index","Aharon Ben‐Tal; Arkadi Nemirovski","2001","10.1137/1.9780898718829","https://openalex.org/W1568307856","A1-DUP-0305","A1AC-0356","UNIQUE_OCCURRENCE","AC","A1AC-DUP-0305","FALSE_POSITIVE","FALSE_POSITIVE","NO_DIRECT_FOUNDATIONAL_FIXED_SAMPLE_COMPOSITE_TEST_OR_MINIMAX_CONVERSE_RESULT_FOR_GAP_01_OR_GAP_03","NO_DIRECT_FOUNDATIONAL_FIXED_SAMPLE_COMPOSITE_TEST_OR_MINIMAX_CONVERSE_RESULT_FOR_GAP_01_OR_GAP_03","LEVEL_3_DISCOVERY_ONLY","NOT_SOUGHT_AFTER_TITLE_METADATA_SCREEN","","","NONE","","audit/phase2a1_raw_search_results/AC/PHASE2A1-SEARCH-0019_openalex_backward_metadata.json","Final title/metadata-level false-positive disposition for this bounded A–C workstream; no substantive claim is drawn from the record."
"A1AC-0357","A-C","PHASE2A1-SEARCH-0019","2026-07-31","OpenAlex backward citation","Approximation dans les espaces métriques et théorie de l’estimation","Lucien Birgé","1983","10.1007/bf00532480","https://openalex.org/W1854990296","A1-DUP-0266","A1AC-0311","SOURCE_LEDGER_GROUP","AC","A1AC-DUP-0266","DUPLICATE","DUPLICATE","DUPLICATE_OF_A1AC-0311","DUPLICATE_OF_A1AC-0311","LEVEL_3_DISCOVERY_ONLY","NOT_APPLICABLE","","","NONE","","audit/phase2a1_raw_search_results/AC/PHASE2A1-SEARCH-0019_openalex_backward_metadata.json","Duplicate prospective occurrence; the first occurrence carries the evidence decision."
"A1AC-0358","A-C","PHASE2A1-SEARCH-0019","2026-07-31","OpenAlex backward citation","Optimale Tests und ungünstigste Verteilungen","Olaf Krafft; Hermann Witting","1967","10.1007/bf01844447","https://openalex.org/W1964975376","A1-DUP-0306","A1AC-0358","UNIQUE_OCCURRENCE","AC","A1AC-DUP-0306","FULL_TEXT_UNAVAILABLE","FULL_TEXT_UNAVAILABLE","NO_LEGALLY_ACCESSIBLE_INSPECTABLE_PRIMARY_FULL_TEXT_OBTAINED_IN_BOUNDED_RETRIEVAL","NO_LEGALLY_ACCESSIBLE_INSPECTABLE_PRIMARY_FULL_TEXT_OBTAINED_IN_BOUNDED_RETRIEVAL","LEVEL_3_DISCOVERY_ONLY","FULL_TEXT_NOT_OBTAINED_OR_NOT_INSPECTABLE","","","NONE","","audit/phase2a1_raw_search_results/AC/PHASE2A1-SEARCH-0019_openalex_backward_metadata.json","Potentially relevant foundational source retained without guarantee coding; it cannot support a substantive synthesis conclusion."
"A1AC-0359","A-C","PHASE2A1-SEARCH-0019","2026-07-31","OpenAlex backward citation","Nonparametric estimation by convex programming","Anatoli B. Juditsky; Arkadi S. Nemirovski","2009","10.1214/08-aos654","https://openalex.org/W1966390919","A1-DUP-0307","A1AC-0359","UNIQUE_OCCURRENCE","AC","A1AC-DUP-0307","FALSE_POSITIVE","FALSE_POSITIVE","NO_DIRECT_FOUNDATIONAL_FIXED_SAMPLE_COMPOSITE_TEST_OR_MINIMAX_CONVERSE_RESULT_FOR_GAP_01_OR_GAP_03","NO_DIRECT_FOUNDATIONAL_FIXED_SAMPLE_COMPOSITE_TEST_OR_MINIMAX_CONVERSE_RESULT_FOR_GAP_01_OR_GAP_03","LEVEL_3_DISCOVERY_ONLY","NOT_SOUGHT_AFTER_TITLE_METADATA_SCREEN","","","NONE","","audit/phase2a1_raw_search_results/AC/PHASE2A1-SEARCH-0019_openalex_backward_metadata.json","Final title/metadata-level false-positive disposition for this bounded A–C workstream; no substantive claim is drawn from the record."
"A1AC-0360","A-C","PHASE2A1-SEARCH-0019","2026-07-31","OpenAlex backward citation","Observing Interaction: An Introduction to Sequential Analysis","Victor L. Willson; Roger Bakeman; John M. Gottman","1988","10.2307/1164658","https://openalex.org/W1972034440","A1-DUP-0308","A1AC-0360","UNIQUE_OCCURRENCE","AC","A1AC-DUP-0308","FALSE_POSITIVE","FALSE_POSITIVE","NO_DIRECT_FOUNDATIONAL_FIXED_SAMPLE_COMPOSITE_TEST_OR_MINIMAX_CONVERSE_RESULT_FOR_GAP_01_OR_GAP_03","NO_DIRECT_FOUNDATIONAL_FIXED_SAMPLE_COMPOSITE_TEST_OR_MINIMAX_CONVERSE_RESULT_FOR_GAP_01_OR_GAP_03","LEVEL_3_DISCOVERY_ONLY","NOT_SOUGHT_AFTER_TITLE_METADATA_SCREEN","","","NONE","","audit/phase2a1_raw_search_results/AC/PHASE2A1-SEARCH-0019_openalex_backward_metadata.json","Final title/metadata-level false-positive disposition for this bounded A–C workstream; no substantive claim is drawn from the record."
"A1AC-0361","A-C","PHASE2A1-SEARCH-0019","2026-07-31","OpenAlex backward citation","Statistical Estimation and Optimal Recovery","David L. Donoho","1994","10.1214/aos/1176325367","https://openalex.org/W1974231626","A1-DUP-0309","A1AC-0361","UNIQUE_OCCURRENCE","AC","A1AC-DUP-0309","FALSE_POSITIVE","FALSE_POSITIVE","NO_DIRECT_FOUNDATIONAL_FIXED_SAMPLE_COMPOSITE_TEST_OR_MINIMAX_CONVERSE_RESULT_FOR_GAP_01_OR_GAP_03","NO_DIRECT_FOUNDATIONAL_FIXED_SAMPLE_COMPOSITE_TEST_OR_MINIMAX_CONVERSE_RESULT_FOR_GAP_01_OR_GAP_03","LEVEL_3_DISCOVERY_ONLY","NOT_SOUGHT_AFTER_TITLE_METADATA_SCREEN","","","NONE","","audit/phase2a1_raw_search_results/AC/PHASE2A1-SEARCH-0019_openalex_backward_metadata.json","Final title/metadata-level false-positive disposition for this bounded A–C workstream; no substantive claim is drawn from the record."
"A1AC-0362","A-C","PHASE2A1-SEARCH-0019","2026-07-31","OpenAlex backward citation","On the Existence of Least Favorable Distributions","E. L. Lehmann","2011","10.1007/978-1-4614-1412-4_7","https://openalex.org/W1980856955","A1-DUP-0310","A1AC-0362","UNIQUE_OCCURRENCE","AC","A1AC-DUP-0310","FALSE_POSITIVE","FALSE_POSITIVE","NO_DIRECT_FOUNDATIONAL_FIXED_SAMPLE_COMPOSITE_TEST_OR_MINIMAX_CONVERSE_RESULT_FOR_GAP_01_OR_GAP_03","NO_DIRECT_FOUNDATIONAL_FIXED_SAMPLE_COMPOSITE_TEST_OR_MINIMAX_CONVERSE_RESULT_FOR_GAP_01_OR_GAP_03","LEVEL_3_DISCOVERY_ONLY","NOT_SOUGHT_AFTER_TITLE_METADATA_SCREEN","","","NONE","","audit/phase2a1_raw_search_results/AC/PHASE2A1-SEARCH-0019_openalex_backward_metadata.json","Final title/metadata-level false-positive disposition for this bounded A–C workstream; no substantive claim is drawn from the record."
"A1AC-0363","A-C","PHASE2A1-SEARCH-0019","2026-07-31","OpenAlex backward citation","Detecting changes in signals and systems—A survey","Michèle Basseville","1988","10.1016/0005-1098(88)90073-8","https://openalex.org/W1985995825","A1-DUP-0311","A1AC-0363","UNIQUE_OCCURRENCE","AC","A1AC-DUP-0311","FALSE_POSITIVE","FALSE_POSITIVE","NO_DIRECT_FOUNDATIONAL_FIXED_SAMPLE_COMPOSITE_TEST_OR_MINIMAX_CONVERSE_RESULT_FOR_GAP_01_OR_GAP_03","NO_DIRECT_FOUNDATIONAL_FIXED_SAMPLE_COMPOSITE_TEST_OR_MINIMAX_CONVERSE_RESULT_FOR_GAP_01_OR_GAP_03","LEVEL_3_DISCOVERY_ONLY","NOT_SOUGHT_AFTER_TITLE_METADATA_SCREEN","","","NONE","","audit/phase2a1_raw_search_results/AC/PHASE2A1-SEARCH-0019_openalex_backward_metadata.json","Final title/metadata-level false-positive disposition for this bounded A–C workstream; no substantive claim is drawn from the record."
"A1AC-0364","A-C","PHASE2A1-SEARCH-0019","2026-07-31","OpenAlex backward citation","Fourier Methods for Estimating Mixing Densities and Distributions","Cun‐Hui Zhang","1990","10.1214/aos/1176347627","https://openalex.org/W1995182310","A1-DUP-0312","A1AC-0364","UNIQUE_OCCURRENCE","AC","A1AC-DUP-0312","FALSE_POSITIVE","FALSE_POSITIVE","NO_DIRECT_FOUNDATIONAL_FIXED_SAMPLE_COMPOSITE_TEST_OR_MINIMAX_CONVERSE_RESULT_FOR_GAP_01_OR_GAP_03","NO_DIRECT_FOUNDATIONAL_FIXED_SAMPLE_COMPOSITE_TEST_OR_MINIMAX_CONVERSE_RESULT_FOR_GAP_01_OR_GAP_03","LEVEL_3_DISCOVERY_ONLY","NOT_SOUGHT_AFTER_TITLE_METADATA_SCREEN","","","NONE","","audit/phase2a1_raw_search_results/AC/PHASE2A1-SEARCH-0019_openalex_backward_metadata.json","Final title/metadata-level false-positive disposition for this bounded A–C workstream; no substantive claim is drawn from the record."
"A1AC-0365","A-C","PHASE2A1-SEARCH-0019","2026-07-31","OpenAlex backward citation","On Nonparametric Estimation of the Value of a Linear Functional in Gaussian White Noise","И. А. Ибрагимов; R. Z. Khas’minskiĭ","1985","10.1137/1129002","https://openalex.org/W1995680507","A1-DUP-0313","A1AC-0365","UNIQUE_OCCURRENCE","AC","A1AC-DUP-0313","FALSE_POSITIVE","FALSE_POSITIVE","NO_DIRECT_FOUNDATIONAL_FIXED_SAMPLE_COMPOSITE_TEST_OR_MINIMAX_CONVERSE_RESULT_FOR_GAP_01_OR_GAP_03","NO_DIRECT_FOUNDATIONAL_FIXED_SAMPLE_COMPOSITE_TEST_OR_MINIMAX_CONVERSE_RESULT_FOR_GAP_01_OR_GAP_03","LEVEL_3_DISCOVERY_ONLY","NOT_SOUGHT_AFTER_TITLE_METADATA_SCREEN","","","NONE","","audit/phase2a1_raw_search_results/AC/PHASE2A1-SEARCH-0019_openalex_backward_metadata.json","Final title/metadata-level false-positive disposition for this bounded A–C workstream; no substantive claim is drawn from the record."
"A1AC-0366","A-C","PHASE2A1-SEARCH-0019","2026-07-31","OpenAlex backward citation","Binary Experiments, Minimax Tests and 2-Alternating Capacities","Tadeusz Bednarski","1982","10.1214/aos/1176345705","https://openalex.org/W1998553180","A1-DUP-0314","A1AC-0366","UNIQUE_OCCURRENCE","AC","A1AC-DUP-0314","FULL_TEXT_UNAVAILABLE","FULL_TEXT_UNAVAILABLE","NO_LEGALLY_ACCESSIBLE_INSPECTABLE_PRIMARY_FULL_TEXT_OBTAINED_IN_BOUNDED_RETRIEVAL","NO_LEGALLY_ACCESSIBLE_INSPECTABLE_PRIMARY_FULL_TEXT_OBTAINED_IN_BOUNDED_RETRIEVAL","LEVEL_3_DISCOVERY_ONLY","FULL_TEXT_NOT_OBTAINED_OR_NOT_INSPECTABLE","","","NONE","","audit/phase2a1_raw_search_results/AC/PHASE2A1-SEARCH-0019_openalex_backward_metadata.json","Potentially relevant foundational source retained without guarantee coding; it cannot support a substantive synthesis conclusion."
"A1AC-0367","A-C","PHASE2A1-SEARCH-0019","2026-07-31","OpenAlex backward citation","Sequential Analysis and Optimal Design","Herman Chernoff","1972","10.1137/1.9781611970593","https://openalex.org/W2002844873","A1-DUP-0315","A1AC-0367","UNIQUE_OCCURRENCE","AC","A1AC-DUP-0315","FALSE_POSITIVE","FALSE_POSITIVE","NO_DIRECT_FOUNDATIONAL_FIXED_SAMPLE_COMPOSITE_TEST_OR_MINIMAX_CONVERSE_RESULT_FOR_GAP_01_OR_GAP_03","NO_DIRECT_FOUNDATIONAL_FIXED_SAMPLE_COMPOSITE_TEST_OR_MINIMAX_CONVERSE_RESULT_FOR_GAP_01_OR_GAP_03","LEVEL_3_DISCOVERY_ONLY","NOT_SOUGHT_AFTER_TITLE_METADATA_SCREEN","","","NONE","","audit/phase2a1_raw_search_results/AC/PHASE2A1-SEARCH-0019_openalex_backward_metadata.json","Final title/metadata-level false-positive disposition for this bounded A–C workstream; no substantive claim is drawn from the record."
"A1AC-0368","A-C","PHASE2A1-SEARCH-0019","2026-07-31","OpenAlex backward citation","Convergence of Estimates Under Dimensionality Restrictions","Lucien LeCam","1973","10.1214/aos/1193342380","https://openalex.org/W2004060143","A1-DUP-0290","A1AC-0338","SOURCE_LEDGER_GROUP","AC","A1AC-DUP-0290","DUPLICATE","DUPLICATE","DUPLICATE_OF_A1AC-0338","DUPLICATE_OF_A1AC-0338","LEVEL_3_DISCOVERY_ONLY","NOT_APPLICABLE","","","NONE","","audit/phase2a1_raw_search_results/AC/PHASE2A1-SEARCH-0019_openalex_backward_metadata.json","Duplicate prospective occurrence; the first occurrence carries the evidence decision."
"A1AC-0369","A-C","PHASE2A1-SEARCH-0019","2026-07-31","OpenAlex backward citation","Note: Correction to Minimax Tests and the Neyman-Pearson Lemma for Capacities","Peter J. Huber; Volker Strassen","1974","10.1214/aos/1176342630","https://openalex.org/W2009052935","A1-DUP-0316","A1AC-0369","UNIQUE_OCCURRENCE","AC","A1AC-DUP-0316","FALSE_POSITIVE","FALSE_POSITIVE","NO_DIRECT_FOUNDATIONAL_FIXED_SAMPLE_COMPOSITE_TEST_OR_MINIMAX_CONVERSE_RESULT_FOR_GAP_01_OR_GAP_03","NO_DIRECT_FOUNDATIONAL_FIXED_SAMPLE_COMPOSITE_TEST_OR_MINIMAX_CONVERSE_RESULT_FOR_GAP_01_OR_GAP_03","LEVEL_3_DISCOVERY_ONLY","NOT_SOUGHT_AFTER_TITLE_METADATA_SCREEN","","","NONE","","audit/phase2a1_raw_search_results/AC/PHASE2A1-SEARCH-0019_openalex_backward_metadata.json","Final title/metadata-level false-positive disposition for this bounded A–C workstream; no substantive claim is drawn from the record."
"A1AC-0370","A-C","PHASE2A1-SEARCH-0019","2026-07-31","OpenAlex backward citation","Minimax Tests and the Neyman-Pearson Lemma for Capacities","Peter J. Huber; Volker Strassen","1973","10.1214/aos/1176342363","https://openalex.org/W2010161926","A1-DUP-0289","A1AC-0337","SOURCE_LEDGER_GROUP","AC","A1AC-DUP-0289","DUPLICATE","DUPLICATE","DUPLICATE_OF_A1AC-0337","DUPLICATE_OF_A1AC-0337","LEVEL_3_DISCOVERY_ONLY","NOT_APPLICABLE","","","NONE","","audit/phase2a1_raw_search_results/AC/PHASE2A1-SEARCH-0019_openalex_backward_metadata.json","Duplicate prospective occurrence; the first occurrence carries the evidence decision."
"A1AC-0371","A-C","PHASE2A1-SEARCH-0019","2026-07-31","OpenAlex backward citation","Jump and sharp cusp detection by wavelets","Yazhen Wang","1995","10.1093/biomet/82.2.385","https://openalex.org/W2010337369","A1-DUP-0317","A1AC-0371","UNIQUE_OCCURRENCE","AC","A1AC-DUP-0317","FALSE_POSITIVE","FALSE_POSITIVE","NO_DIRECT_FOUNDATIONAL_FIXED_SAMPLE_COMPOSITE_TEST_OR_MINIMAX_CONVERSE_RESULT_FOR_GAP_01_OR_GAP_03","NO_DIRECT_FOUNDATIONAL_FIXED_SAMPLE_COMPOSITE_TEST_OR_MINIMAX_CONVERSE_RESULT_FOR_GAP_01_OR_GAP_03","LEVEL_3_DISCOVERY_ONLY","NOT_SOUGHT_AFTER_TITLE_METADATA_SCREEN","","","NONE","","audit/phase2a1_raw_search_results/AC/PHASE2A1-SEARCH-0019_openalex_backward_metadata.json","Final title/metadata-level false-positive disposition for this bounded A–C workstream; no substantive claim is drawn from the record."
"A1AC-0372","A-C","PHASE2A1-SEARCH-0019","2026-07-31","OpenAlex backward citation","A Robust Version of the Probability Ratio Test","Peter J. Huber","1965","10.1214/aoms/1177699803","https://openalex.org/W2014002306","A1-DUP-0288","A1AC-0336","SOURCE_LEDGER_GROUP","AC","A1AC-DUP-0288","DUPLICATE","DUPLICATE","DUPLICATE_OF_A1AC-0336","DUPLICATE_OF_A1AC-0336","LEVEL_3_DISCOVERY_ONLY","NOT_APPLICABLE","","","NONE","","audit/phase2a1_raw_search_results/AC/PHASE2A1-SEARCH-0019_openalex_backward_metadata.json","Duplicate prospective occurrence; the first occurrence carries the evidence decision."
"A1AC-0373","A-C","PHASE2A1-SEARCH-0019","2026-07-31","OpenAlex backward citation","Detection of the number, locations and magnitudes of jumps","Yunjian Yin","1988","10.1080/15326348808807089","https://openalex.org/W2021493583","A1-DUP-0318","A1AC-0373","UNIQUE_OCCURRENCE","AC","A1AC-DUP-0318","FALSE_POSITIVE","FALSE_POSITIVE","NO_DIRECT_FOUNDATIONAL_FIXED_SAMPLE_COMPOSITE_TEST_OR_MINIMAX_CONVERSE_RESULT_FOR_GAP_01_OR_GAP_03","NO_DIRECT_FOUNDATIONAL_FIXED_SAMPLE_COMPOSITE_TEST_OR_MINIMAX_CONVERSE_RESULT_FOR_GAP_01_OR_GAP_03","LEVEL_3_DISCOVERY_ONLY","NOT_SOUGHT_AFTER_TITLE_METADATA_SCREEN","","","NONE","","audit/phase2a1_raw_search_results/AC/PHASE2A1-SEARCH-0019_openalex_backward_metadata.json","Final title/metadata-level false-positive disposition for this bounded A–C workstream; no substantive claim is drawn from the record."
"A1AC-0374","A-C","PHASE2A1-SEARCH-0019","2026-07-31","OpenAlex backward citation","On the impact of robust statistics on imprecise probability models: A review","Thomas Augustin; Robert Hable","2010","10.1016/j.strusafe.2010.06.002","https://openalex.org/W2024990090","A1-DUP-0319","A1AC-0374","UNIQUE_OCCURRENCE","AC","A1AC-DUP-0319","FALSE_POSITIVE","FALSE_POSITIVE","NO_DIRECT_FOUNDATIONAL_FIXED_SAMPLE_COMPOSITE_TEST_OR_MINIMAX_CONVERSE_RESULT_FOR_GAP_01_OR_GAP_03","NO_DIRECT_FOUNDATIONAL_FIXED_SAMPLE_COMPOSITE_TEST_OR_MINIMAX_CONVERSE_RESULT_FOR_GAP_01_OR_GAP_03","LEVEL_3_DISCOVERY_ONLY","NOT_SOUGHT_AFTER_TITLE_METADATA_SCREEN","","","NONE","","audit/phase2a1_raw_search_results/AC/PHASE2A1-SEARCH-0019_openalex_backward_metadata.json","Final title/metadata-level false-positive disposition for this bounded A–C workstream; no substantive claim is drawn from the record."
"A1AC-0375","A-C","PHASE2A1-SEARCH-0019","2026-07-31","OpenAlex backward citation","A Consistent Estimator of a Component of a Convolution","William R. Gaffey","1959","10.1214/aoms/1177706375","https://openalex.org/W2025277083","A1-DUP-0320","A1AC-0375","UNIQUE_OCCURRENCE","AC","A1AC-DUP-0320","FALSE_POSITIVE","FALSE_POSITIVE","NO_DIRECT_FOUNDATIONAL_FIXED_SAMPLE_COMPOSITE_TEST_OR_MINIMAX_CONVERSE_RESULT_FOR_GAP_01_OR_GAP_03","NO_DIRECT_FOUNDATIONAL_FIXED_SAMPLE_COMPOSITE_TEST_OR_MINIMAX_CONVERSE_RESULT_FOR_GAP_01_OR_GAP_03","LEVEL_3_DISCOVERY_ONLY","NOT_SOUGHT_AFTER_TITLE_METADATA_SCREEN","","","NONE","","audit/phase2a1_raw_search_results/AC/PHASE2A1-SEARCH-0019_openalex_backward_metadata.json","Final title/metadata-level false-positive disposition for this bounded A–C workstream; no substantive claim is drawn from the record."
"A1AC-0376","A-C","PHASE2A1-SEARCH-0019","2026-07-31","OpenAlex backward citation","Asymptotically Optimal Quickest Change Detection in Distributed Sensor Systems","Alexander G. Tartakovsky; Venugopal V. Veeravalli","2008","10.1080/07474940802446236","https://openalex.org/W2027237053","A1-DUP-0321","A1AC-0376","UNIQUE_OCCURRENCE","AC","A1AC-DUP-0321","FALSE_POSITIVE","FALSE_POSITIVE","NO_DIRECT_FOUNDATIONAL_FIXED_SAMPLE_COMPOSITE_TEST_OR_MINIMAX_CONVERSE_RESULT_FOR_GAP_01_OR_GAP_03","NO_DIRECT_FOUNDATIONAL_FIXED_SAMPLE_COMPOSITE_TEST_OR_MINIMAX_CONVERSE_RESULT_FOR_GAP_01_OR_GAP_03","LEVEL_3_DISCOVERY_ONLY","NOT_SOUGHT_AFTER_TITLE_METADATA_SCREEN","","","NONE","","audit/phase2a1_raw_search_results/AC/PHASE2A1-SEARCH-0019_openalex_backward_metadata.json","Final title/metadata-level false-positive disposition for this bounded A–C workstream; no substantive claim is drawn from the record."
"A1AC-0377","A-C","PHASE2A1-SEARCH-0019","2026-07-31","OpenAlex backward citation","On deconvolution of distribution functions","Itai Dattner; Alexander Goldenshluger; Anatoli Juditsky","2011","10.1214/11-aos907","https://openalex.org/W2030372153","A1-DUP-0322","A1AC-0377","UNIQUE_OCCURRENCE","AC","A1AC-DUP-0322","FALSE_POSITIVE","FALSE_POSITIVE","NO_DIRECT_FOUNDATIONAL_FIXED_SAMPLE_COMPOSITE_TEST_OR_MINIMAX_CONVERSE_RESULT_FOR_GAP_01_OR_GAP_03","NO_DIRECT_FOUNDATIONAL_FIXED_SAMPLE_COMPOSITE_TEST_OR_MINIMAX_CONVERSE_RESULT_FOR_GAP_01_OR_GAP_03","LEVEL_3_DISCOVERY_ONLY","NOT_SOUGHT_AFTER_TITLE_METADATA_SCREEN","","","NONE","","audit/phase2a1_raw_search_results/AC/PHASE2A1-SEARCH-0019_openalex_backward_metadata.json","Final title/metadata-level false-positive disposition for this bounded A–C workstream; no substantive claim is drawn from the record."
"A1AC-0378","A-C","PHASE2A1-SEARCH-0019","2026-07-31","OpenAlex backward citation","A Measure of Asymptotic Efficiency for Tests of a Hypothesis Based on the sum of Observations","Herman Chernoff","1952","10.1214/aoms/1177729330","https://openalex.org/W2042587503","A1-DUP-0284","A1AC-0332","SOURCE_LEDGER_GROUP","AC","A1AC-DUP-0284","DUPLICATE","DUPLICATE","DUPLICATE_OF_A1AC-0332","DUPLICATE_OF_A1AC-0332","LEVEL_3_DISCOVERY_ONLY","NOT_APPLICABLE","","","NONE","","audit/phase2a1_raw_search_results/AC/PHASE2A1-SEARCH-0019_openalex_backward_metadata.json","Duplicate prospective occurrence; the first occurrence carries the evidence decision."
"A1AC-0379","A-C","PHASE2A1-SEARCH-0019","2026-07-31","OpenAlex backward citation","Detection of Abrupt Changes: Theory and Application","Kurt S. Riedel","1994","10.1080/00401706.1994.10485821","https://openalex.org/W2044535354","A1-DUP-0323","A1AC-0379","UNIQUE_OCCURRENCE","AC","A1AC-DUP-0323","FALSE_POSITIVE","FALSE_POSITIVE","NO_DIRECT_FOUNDATIONAL_FIXED_SAMPLE_COMPOSITE_TEST_OR_MINIMAX_CONVERSE_RESULT_FOR_GAP_01_OR_GAP_03","NO_DIRECT_FOUNDATIONAL_FIXED_SAMPLE_COMPOSITE_TEST_OR_MINIMAX_CONVERSE_RESULT_FOR_GAP_01_OR_GAP_03","LEVEL_3_DISCOVERY_ONLY","NOT_SOUGHT_AFTER_TITLE_METADATA_SCREEN","","","NONE","","audit/phase2a1_raw_search_results/AC/PHASE2A1-SEARCH-0019_openalex_backward_metadata.json","Final title/metadata-level false-positive disposition for this bounded A–C workstream; no substantive claim is drawn from the record."
"A1AC-0380","A-C","PHASE2A1-SEARCH-0019","2026-07-31","OpenAlex backward citation","Estimation of Linear Functionals in Gaussian Noise","И. А. Ибрагимов; R. Z. Khas’minskiĭ","1988","10.1137/1132002","https://openalex.org/W2045253778","A1-DUP-0324","A1AC-0380","UNIQUE_OCCURRENCE","AC","A1AC-DUP-0324","FALSE_POSITIVE","FALSE_POSITIVE","NO_DIRECT_FOUNDATIONAL_FIXED_SAMPLE_COMPOSITE_TEST_OR_MINIMAX_CONVERSE_RESULT_FOR_GAP_01_OR_GAP_03","NO_DIRECT_FOUNDATIONAL_FIXED_SAMPLE_COMPOSITE_TEST_OR_MINIMAX_CONVERSE_RESULT_FOR_GAP_01_OR_GAP_03","LEVEL_3_DISCOVERY_ONLY","NOT_SOUGHT_AFTER_TITLE_METADATA_SCREEN","","","NONE","","audit/phase2a1_raw_search_results/AC/PHASE2A1-SEARCH-0019_openalex_backward_metadata.json","Final title/metadata-level false-positive disposition for this bounded A–C workstream; no substantive claim is drawn from the record."
"A1AC-0381","A-C","PHASE2A1-SEARCH-0019","2026-07-31","OpenAlex backward citation","Model selection via testing: an alternative to (penalized) maximum likelihood estimators","Lucien Birgé","2005","10.1016/j.anihpb.2005.04.004","https://openalex.org/W2050159069","A1-DUP-0325","A1AC-0381","UNIQUE_OCCURRENCE","AC","A1AC-DUP-0325","FULL_TEXT_UNAVAILABLE","FULL_TEXT_UNAVAILABLE","NO_LEGALLY_ACCESSIBLE_INSPECTABLE_PRIMARY_FULL_TEXT_OBTAINED_IN_BOUNDED_RETRIEVAL","NO_LEGALLY_ACCESSIBLE_INSPECTABLE_PRIMARY_FULL_TEXT_OBTAINED_IN_BOUNDED_RETRIEVAL","LEVEL_3_DISCOVERY_ONLY","FULL_TEXT_NOT_OBTAINED_OR_NOT_INSPECTABLE","","","NONE","","audit/phase2a1_raw_search_results/AC/PHASE2A1-SEARCH-0019_openalex_backward_metadata.json","Potentially relevant foundational source retained without guarantee coding; it cannot support a substantive synthesis conclusion."
"A1AC-0382","A-C","PHASE2A1-SEARCH-0019","2026-07-31","OpenAlex backward citation","Discrimination of hypotheses for Gaussian measures, and a geometrical characterization of Gaussian distribution","M. V. Burnashev","1982","10.1007/bf01152385","https://openalex.org/W2051144220","A1-DUP-0326","A1AC-0382","UNIQUE_OCCURRENCE","AC","A1AC-DUP-0326","FULL_TEXT_UNAVAILABLE","FULL_TEXT_UNAVAILABLE","NO_LEGALLY_ACCESSIBLE_INSPECTABLE_PRIMARY_FULL_TEXT_OBTAINED_IN_BOUNDED_RETRIEVAL","NO_LEGALLY_ACCESSIBLE_INSPECTABLE_PRIMARY_FULL_TEXT_OBTAINED_IN_BOUNDED_RETRIEVAL","LEVEL_3_DISCOVERY_ONLY","FULL_TEXT_NOT_OBTAINED_OR_NOT_INSPECTABLE","","","NONE","","audit/phase2a1_raw_search_results/AC/PHASE2A1-SEARCH-0019_openalex_backward_metadata.json","Potentially relevant foundational source retained without guarantee coding; it cannot support a substantive synthesis conclusion."
"A1AC-0383","A-C","PHASE2A1-SEARCH-0019","2026-07-31","OpenAlex backward citation","On the Huber-Strassen theorem","Andreas Buja","1986","10.1007/bf01845998","https://openalex.org/W2053047168","A1-DUP-0327","A1AC-0383","UNIQUE_OCCURRENCE","AC","A1AC-DUP-0327","FULL_TEXT_UNAVAILABLE","FULL_TEXT_UNAVAILABLE","NO_LEGALLY_ACCESSIBLE_INSPECTABLE_PRIMARY_FULL_TEXT_OBTAINED_IN_BOUNDED_RETRIEVAL","NO_LEGALLY_ACCESSIBLE_INSPECTABLE_PRIMARY_FULL_TEXT_OBTAINED_IN_BOUNDED_RETRIEVAL","LEVEL_3_DISCOVERY_ONLY","FULL_TEXT_NOT_OBTAINED_OR_NOT_INSPECTABLE","","","NONE","","audit/phase2a1_raw_search_results/AC/PHASE2A1-SEARCH-0019_openalex_backward_metadata.json","Potentially relevant foundational source retained without guarantee coding; it cannot support a substantive synthesis conclusion."
"A1AC-0384","A-C","PHASE2A1-SEARCH-0019","2026-07-31","OpenAlex backward citation","On the Optimal Rates of Convergence for Nonparametric Deconvolution Problems","Jianqing Fan","1991","10.1214/aos/1176348248","https://openalex.org/W2067994512","A1-DUP-0328","A1AC-0384","UNIQUE_OCCURRENCE","AC","A1AC-DUP-0328","FALSE_POSITIVE","FALSE_POSITIVE","NO_DIRECT_FOUNDATIONAL_FIXED_SAMPLE_COMPOSITE_TEST_OR_MINIMAX_CONVERSE_RESULT_FOR_GAP_01_OR_GAP_03","NO_DIRECT_FOUNDATIONAL_FIXED_SAMPLE_COMPOSITE_TEST_OR_MINIMAX_CONVERSE_RESULT_FOR_GAP_01_OR_GAP_03","LEVEL_3_DISCOVERY_ONLY","NOT_SOUGHT_AFTER_TITLE_METADATA_SCREEN","","","NONE","","audit/phase2a1_raw_search_results/AC/PHASE2A1-SEARCH-0019_openalex_backward_metadata.json","Final title/metadata-level false-positive disposition for this bounded A–C workstream; no substantive claim is drawn from the record."
"A1AC-0385","A-C","PHASE2A1-SEARCH-0019","2026-07-31","OpenAlex backward citation","Detecting Abrupt Changes by Wavelet Methods","Anestis Antoniadis; Irène Gijbels","2002","10.1080/10485250211396","https://openalex.org/W2069150330","A1-DUP-0329","A1AC-0385","UNIQUE_OCCURRENCE","AC","A1AC-DUP-0329","FALSE_POSITIVE","FALSE_POSITIVE","NO_DIRECT_FOUNDATIONAL_FIXED_SAMPLE_COMPOSITE_TEST_OR_MINIMAX_CONVERSE_RESULT_FOR_GAP_01_OR_GAP_03","NO_DIRECT_FOUNDATIONAL_FIXED_SAMPLE_COMPOSITE_TEST_OR_MINIMAX_CONVERSE_RESULT_FOR_GAP_01_OR_GAP_03","LEVEL_3_DISCOVERY_ONLY","NOT_SOUGHT_AFTER_TITLE_METADATA_SCREEN","","","NONE","","audit/phase2a1_raw_search_results/AC/PHASE2A1-SEARCH-0019_openalex_backward_metadata.json","Final title/metadata-level false-positive disposition for this bounded A–C workstream; no substantive claim is drawn from the record."
"A1AC-0386","A-C","PHASE2A1-SEARCH-0019","2026-07-31","OpenAlex backward citation","Geometrizing Rates of Convergence, II","David L. Donoho; Richard C. Liu","1991","10.1214/aos/1176348114","https://openalex.org/W2070086983","A1-DUP-0330","A1AC-0386","UNIQUE_OCCURRENCE","AC","A1AC-DUP-0330","FALSE_POSITIVE","FALSE_POSITIVE","NO_DIRECT_FOUNDATIONAL_FIXED_SAMPLE_COMPOSITE_TEST_OR_MINIMAX_CONVERSE_RESULT_FOR_GAP_01_OR_GAP_03","NO_DIRECT_FOUNDATIONAL_FIXED_SAMPLE_COMPOSITE_TEST_OR_MINIMAX_CONVERSE_RESULT_FOR_GAP_01_OR_GAP_03","LEVEL_3_DISCOVERY_ONLY","NOT_SOUGHT_AFTER_TITLE_METADATA_SCREEN","","","NONE","","audit/phase2a1_raw_search_results/AC/PHASE2A1-SEARCH-0019_openalex_backward_metadata.json","Final title/metadata-level false-positive disposition for this bounded A–C workstream; no substantive claim is drawn from the record."
"A1AC-0387","A-C","PHASE2A1-SEARCH-0019","2026-07-31","OpenAlex backward citation","On the Minimax Detection of an Inaccurately Known Signal in a White Gaussian Noise Background","M. V. Burnashev","1979","10.1137/1124008","https://openalex.org/W2074054353","A1-DUP-0331","A1AC-0387","UNIQUE_OCCURRENCE","AC","A1AC-DUP-0331","FULL_TEXT_UNAVAILABLE","FULL_TEXT_UNAVAILABLE","NO_LEGALLY_ACCESSIBLE_INSPECTABLE_PRIMARY_FULL_TEXT_OBTAINED_IN_BOUNDED_RETRIEVAL","NO_LEGALLY_ACCESSIBLE_INSPECTABLE_PRIMARY_FULL_TEXT_OBTAINED_IN_BOUNDED_RETRIEVAL","LEVEL_3_DISCOVERY_ONLY","FULL_TEXT_NOT_OBTAINED_OR_NOT_INSPECTABLE","","","NONE","","audit/phase2a1_raw_search_results/AC/PHASE2A1-SEARCH-0019_openalex_backward_metadata.json","Potentially relevant foundational source retained without guarantee coding; it cannot support a substantive synthesis conclusion."
"A1AC-0388","A-C","PHASE2A1-SEARCH-0019","2026-07-31","OpenAlex backward citation","On the Assumptions Used to Prove Asymptotic Normality of Maximum Likelihood Estimates","Lucien LeCam","1970","10.1214/aoms/1177696960","https://openalex.org/W2077229208","A1-DUP-0332","A1AC-0388","UNIQUE_OCCURRENCE","AC","A1AC-DUP-0332","FALSE_POSITIVE","FALSE_POSITIVE","NO_DIRECT_FOUNDATIONAL_FIXED_SAMPLE_COMPOSITE_TEST_OR_MINIMAX_CONVERSE_RESULT_FOR_GAP_01_OR_GAP_03","NO_DIRECT_FOUNDATIONAL_FIXED_SAMPLE_COMPOSITE_TEST_OR_MINIMAX_CONVERSE_RESULT_FOR_GAP_01_OR_GAP_03","LEVEL_3_DISCOVERY_ONLY","NOT_SOUGHT_AFTER_TITLE_METADATA_SCREEN","","","NONE","","audit/phase2a1_raw_search_results/AC/PHASE2A1-SEARCH-0019_openalex_backward_metadata.json","Final title/metadata-level false-positive disposition for this bounded A–C workstream; no substantive claim is drawn from the record."
"A1AC-0389","A-C","PHASE2A1-SEARCH-0019","2026-07-31","OpenAlex backward citation","Change-point estimation from indirect observations. 1. Minimax complexity","Alexander Goldenshluger; Anatoli Juditsky; A. B. Tsybakov; Assaf Zeevi","2008","10.1214/07-aihp110","https://openalex.org/W2077993083","A1-DUP-0333","A1AC-0389","UNIQUE_OCCURRENCE","AC","A1AC-DUP-0333","FALSE_POSITIVE","FALSE_POSITIVE","NO_DIRECT_FOUNDATIONAL_FIXED_SAMPLE_COMPOSITE_TEST_OR_MINIMAX_CONVERSE_RESULT_FOR_GAP_01_OR_GAP_03","NO_DIRECT_FOUNDATIONAL_FIXED_SAMPLE_COMPOSITE_TEST_OR_MINIMAX_CONVERSE_RESULT_FOR_GAP_01_OR_GAP_03","LEVEL_3_DISCOVERY_ONLY","NOT_SOUGHT_AFTER_TITLE_METADATA_SCREEN","","","NONE","","audit/phase2a1_raw_search_results/AC/PHASE2A1-SEARCH-0019_openalex_backward_metadata.json","Final title/metadata-level false-positive disposition for this bounded A–C workstream; no substantive claim is drawn from the record."
"A1AC-0390","A-C","PHASE2A1-SEARCH-0019","2026-07-31","OpenAlex backward citation","Change-point estimation from indirect observations. 2. Adaptation","A. Goldenshluger; Anatoli Juditsky; A. Tsybakov; Assaf Zeevi","2008","10.1214/07-aihp144","https://openalex.org/W2080948300","A1-DUP-0334","A1AC-0390","UNIQUE_OCCURRENCE","AC","A1AC-DUP-0334","FALSE_POSITIVE","FALSE_POSITIVE","NO_DIRECT_FOUNDATIONAL_FIXED_SAMPLE_COMPOSITE_TEST_OR_MINIMAX_CONVERSE_RESULT_FOR_GAP_01_OR_GAP_03","NO_DIRECT_FOUNDATIONAL_FIXED_SAMPLE_COMPOSITE_TEST_OR_MINIMAX_CONVERSE_RESULT_FOR_GAP_01_OR_GAP_03","LEVEL_3_DISCOVERY_ONLY","NOT_SOUGHT_AFTER_TITLE_METADATA_SCREEN","","","NONE","","audit/phase2a1_raw_search_results/AC/PHASE2A1-SEARCH-0019_openalex_backward_metadata.json","Final title/metadata-level false-positive disposition for this bounded A–C workstream; no substantive claim is drawn from the record."
"A1AC-0391","A-C","PHASE2A1-SEARCH-0019","2026-07-31","OpenAlex backward citation","Least Favorable Pairs for Special Capacities","Helmut Rieder","1977","10.1214/aos/1176343947","https://openalex.org/W2089481664","A1-DUP-0295","A1AC-0344","SOURCE_LEDGER_GROUP","AC","A1AC-DUP-0295","DUPLICATE","DUPLICATE","DUPLICATE_OF_A1AC-0344","DUPLICATE_OF_A1AC-0344","LEVEL_3_DISCOVERY_ONLY","NOT_APPLICABLE","","","NONE","","audit/phase2a1_raw_search_results/AC/PHASE2A1-SEARCH-0019_openalex_backward_metadata.json","Duplicate prospective occurrence; the first occurrence carries the evidence decision."
"A1AC-0392","A-C","PHASE2A1-SEARCH-0019","2026-07-31","OpenAlex backward citation","Adaptive Filtering and Change Detection","Fredrik Gustafsson","2001","10.1002/0470841613","https://openalex.org/W2128519721","A1-DUP-0335","A1AC-0392","UNIQUE_OCCURRENCE","AC","A1AC-DUP-0335","FALSE_POSITIVE","FALSE_POSITIVE","NO_DIRECT_FOUNDATIONAL_FIXED_SAMPLE_COMPOSITE_TEST_OR_MINIMAX_CONVERSE_RESULT_FOR_GAP_01_OR_GAP_03","NO_DIRECT_FOUNDATIONAL_FIXED_SAMPLE_COMPOSITE_TEST_OR_MINIMAX_CONVERSE_RESULT_FOR_GAP_01_OR_GAP_03","LEVEL_3_DISCOVERY_ONLY","NOT_SOUGHT_AFTER_TITLE_METADATA_SCREEN","","","NONE","","audit/phase2a1_raw_search_results/AC/PHASE2A1-SEARCH-0019_openalex_backward_metadata.json","Final title/metadata-level false-positive disposition for this bounded A–C workstream; no substantive claim is drawn from the record."
"A1AC-0393","A-C","PHASE2A1-SEARCH-0019","2026-07-31","OpenAlex backward citation","On the construction of least favourable pairs of distributions","F. Österreicher","1978","10.1007/bf00535275","https://openalex.org/W2147358193","A1-DUP-0291","A1AC-0340","SOURCE_LEDGER_GROUP","AC","A1AC-DUP-0291","DUPLICATE","DUPLICATE","DUPLICATE_OF_A1AC-0340","DUPLICATE_OF_A1AC-0340","LEVEL_3_DISCOVERY_ONLY","NOT_APPLICABLE","","","NONE","","audit/phase2a1_raw_search_results/AC/PHASE2A1-SEARCH-0019_openalex_backward_metadata.json","Duplicate prospective occurrence; the first occurrence carries the evidence decision."
"A1AC-0394","A-C","PHASE2A1-SEARCH-0019","2026-07-31","OpenAlex backward citation","Optimal Change‐point Estimation in Inverse Problems","Michael H. Neumann","1997","10.1111/1467-9469.00077","https://openalex.org/W2151603953","A1-DUP-0336","A1AC-0394","UNIQUE_OCCURRENCE","AC","A1AC-DUP-0336","FALSE_POSITIVE","FALSE_POSITIVE","NO_DIRECT_FOUNDATIONAL_FIXED_SAMPLE_COMPOSITE_TEST_OR_MINIMAX_CONVERSE_RESULT_FOR_GAP_01_OR_GAP_03","NO_DIRECT_FOUNDATIONAL_FIXED_SAMPLE_COMPOSITE_TEST_OR_MINIMAX_CONVERSE_RESULT_FOR_GAP_01_OR_GAP_03","LEVEL_3_DISCOVERY_ONLY","NOT_SOUGHT_AFTER_TITLE_METADATA_SCREEN","","","NONE","","audit/phase2a1_raw_search_results/AC/PHASE2A1-SEARCH-0019_openalex_backward_metadata.json","Final title/metadata-level false-positive disposition for this bounded A–C workstream; no substantive claim is drawn from the record."
"A1AC-0395","A-C","PHASE2A1-SEARCH-0019","2026-07-31","OpenAlex backward citation","Vitesses maximales de décroissance des erreurs et tests optimaux associés","Lucien Birgé","1981","10.1007/bf00532119","https://openalex.org/W2169331525","A1-DUP-0337","A1AC-0395","UNIQUE_OCCURRENCE","AC","A1AC-DUP-0337","FALSE_POSITIVE","FALSE_POSITIVE","NO_DIRECT_FOUNDATIONAL_FIXED_SAMPLE_COMPOSITE_TEST_OR_MINIMAX_CONVERSE_RESULT_FOR_GAP_01_OR_GAP_03","NO_DIRECT_FOUNDATIONAL_FIXED_SAMPLE_COMPOSITE_TEST_OR_MINIMAX_CONVERSE_RESULT_FOR_GAP_01_OR_GAP_03","LEVEL_3_DISCOVERY_ONLY","NOT_SOUGHT_AFTER_TITLE_METADATA_SCREEN","","","NONE","","audit/phase2a1_raw_search_results/AC/PHASE2A1-SEARCH-0019_openalex_backward_metadata.json","Final title/metadata-level false-positive disposition for this bounded A–C workstream; no substantive claim is drawn from the record."
"A1AC-0396","A-C","PHASE2A1-SEARCH-0019","2026-07-31","OpenAlex backward citation","The CVX Users' Guide","Michael C. Grant; Stephen Boyd","2015","https://openalex.org/W2183391274","https://openalex.org/W2183391274","A1-DUP-0338","A1AC-0396","UNIQUE_OCCURRENCE","AC","A1AC-DUP-0338","FALSE_POSITIVE","FALSE_POSITIVE","NO_DIRECT_FOUNDATIONAL_FIXED_SAMPLE_COMPOSITE_TEST_OR_MINIMAX_CONVERSE_RESULT_FOR_GAP_01_OR_GAP_03","NO_DIRECT_FOUNDATIONAL_FIXED_SAMPLE_COMPOSITE_TEST_OR_MINIMAX_CONVERSE_RESULT_FOR_GAP_01_OR_GAP_03","LEVEL_3_DISCOVERY_ONLY","NOT_SOUGHT_AFTER_TITLE_METADATA_SCREEN","","","NONE","","audit/phase2a1_raw_search_results/AC/PHASE2A1-SEARCH-0019_openalex_backward_metadata.json","Final title/metadata-level false-positive disposition for this bounded A–C workstream; no substantive claim is drawn from the record."
"A1AC-0397","A-C","PHASE2A1-SEARCH-0019","2026-07-31","OpenAlex backward citation","","","","https://openalex.org/W2502276222","https://openalex.org/W2502276222","A1-DUP-0339","A1AC-0397","UNIQUE_OCCURRENCE","AC","A1AC-DUP-0339","FULL_TEXT_UNAVAILABLE","FULL_TEXT_UNAVAILABLE","OPENALEX_REFERENCED_WORK_ID_NOW_RETURNS_404; BIBLIOGRAPHIC_IDENTITY_UNRESOLVED","OPENALEX_REFERENCED_WORK_ID_NOW_RETURNS_404; BIBLIOGRAPHIC_IDENTITY_UNRESOLVED","LEVEL_3_DISCOVERY_ONLY","FULL_TEXT_NOT_OBTAINED","","","NONE","","audit/phase2a1_raw_search_results/AC/PHASE2A1-SEARCH-0019_openalex_backward_seed.json",""
"A1AC-0398","A-C","PHASE2A1-SEARCH-0019","2026-07-31","OpenAlex backward citation","Eine parameterfreie Theorie der ungünstigsten Verteilungen für das Testen von Hypothesen","Verena Baumann","1968","10.1007/bf00538385","https://openalex.org/W2913942227","A1-DUP-0340","A1AC-0398","UNIQUE_OCCURRENCE","AC","A1AC-DUP-0340","FULL_TEXT_UNAVAILABLE","FULL_TEXT_UNAVAILABLE","NO_LEGALLY_ACCESSIBLE_INSPECTABLE_PRIMARY_FULL_TEXT_OBTAINED_IN_BOUNDED_RETRIEVAL","NO_LEGALLY_ACCESSIBLE_INSPECTABLE_PRIMARY_FULL_TEXT_OBTAINED_IN_BOUNDED_RETRIEVAL","LEVEL_3_DISCOVERY_ONLY","FULL_TEXT_NOT_OBTAINED_OR_NOT_INSPECTABLE","","","NONE","","audit/phase2a1_raw_search_results/AC/PHASE2A1-SEARCH-0019_openalex_backward_metadata.json","Potentially relevant foundational source retained without guarantee coding; it cannot support a substantive synthesis conclusion."
"A1AC-0399","A-C","PHASE2A1-SEARCH-0019","2026-07-31","OpenAlex backward citation","","","","https://openalex.org/W3099285486","https://openalex.org/W3099285486","A1-DUP-0341","A1AC-0399","UNIQUE_OCCURRENCE","AC","A1AC-DUP-0341","FULL_TEXT_UNAVAILABLE","FULL_TEXT_UNAVAILABLE","OPENALEX_REFERENCED_WORK_ID_NOW_RETURNS_404; BIBLIOGRAPHIC_IDENTITY_UNRESOLVED","OPENALEX_REFERENCED_WORK_ID_NOW_RETURNS_404; BIBLIOGRAPHIC_IDENTITY_UNRESOLVED","LEVEL_3_DISCOVERY_ONLY","FULL_TEXT_NOT_OBTAINED","","","NONE","","audit/phase2a1_raw_search_results/AC/PHASE2A1-SEARCH-0019_openalex_backward_seed.json",""
"A1AC-0400","A-C","PHASE2A1-SEARCH-0019","2026-07-31","OpenAlex backward citation","NONPARAMETRIC ESTIMATION BY CONVEX PROGRAMMING","Anatoli Juditsky; Arkadi Nemirovski","2009","https://openalex.org/W3102622251","https://openalex.org/W3102622251","A1-DUP-0342","A1AC-0400","UNIQUE_OCCURRENCE","AC","A1AC-DUP-0342","FALSE_POSITIVE","FALSE_POSITIVE","NO_DIRECT_FOUNDATIONAL_FIXED_SAMPLE_COMPOSITE_TEST_OR_MINIMAX_CONVERSE_RESULT_FOR_GAP_01_OR_GAP_03","NO_DIRECT_FOUNDATIONAL_FIXED_SAMPLE_COMPOSITE_TEST_OR_MINIMAX_CONVERSE_RESULT_FOR_GAP_01_OR_GAP_03","LEVEL_3_DISCOVERY_ONLY","NOT_SOUGHT_AFTER_TITLE_METADATA_SCREEN","","","NONE","","audit/phase2a1_raw_search_results/AC/PHASE2A1-SEARCH-0019_openalex_backward_metadata.json","Final title/metadata-level false-positive disposition for this bounded A–C workstream; no substantive claim is drawn from the record."
"A1AC-0401","A-C","PHASE2A1-SEARCH-0019","2026-07-31","OpenAlex backward citation","Change-Point Detection in Multichannel and Distributed Systems","Nitis Mukhopadhyay; Sujay Datta; Saibal Chattopadhyay","2004","10.1201/9781482276572-24","https://openalex.org/W4239709767","A1-DUP-0343","A1AC-0401","UNIQUE_OCCURRENCE","AC","A1AC-DUP-0343","FALSE_POSITIVE","FALSE_POSITIVE","NO_DIRECT_FOUNDATIONAL_FIXED_SAMPLE_COMPOSITE_TEST_OR_MINIMAX_CONVERSE_RESULT_FOR_GAP_01_OR_GAP_03","NO_DIRECT_FOUNDATIONAL_FIXED_SAMPLE_COMPOSITE_TEST_OR_MINIMAX_CONVERSE_RESULT_FOR_GAP_01_OR_GAP_03","LEVEL_3_DISCOVERY_ONLY","NOT_SOUGHT_AFTER_TITLE_METADATA_SCREEN","","","NONE","","audit/phase2a1_raw_search_results/AC/PHASE2A1-SEARCH-0019_openalex_backward_metadata.json","Final title/metadata-level false-positive disposition for this bounded A–C workstream; no substantive claim is drawn from the record."
"A1AC-0402","A-C","PHASE2A1-SEARCH-0019","2026-07-31","OpenAlex backward citation","On the Existence of Least Favorable Distributions","E. L. Lehmann","1952","10.1214/aoms/1177729385","https://openalex.org/W4256287791","A1-DUP-0344","A1AC-0402","UNIQUE_OCCURRENCE","AC","A1AC-DUP-0344","FULL_TEXT_UNAVAILABLE","FULL_TEXT_UNAVAILABLE","NO_LEGALLY_ACCESSIBLE_INSPECTABLE_PRIMARY_FULL_TEXT_OBTAINED_IN_BOUNDED_RETRIEVAL","NO_LEGALLY_ACCESSIBLE_INSPECTABLE_PRIMARY_FULL_TEXT_OBTAINED_IN_BOUNDED_RETRIEVAL","LEVEL_3_DISCOVERY_ONLY","FULL_TEXT_NOT_OBTAINED_OR_NOT_INSPECTABLE","","","NONE","","audit/phase2a1_raw_search_results/AC/PHASE2A1-SEARCH-0019_openalex_backward_metadata.json","Potentially relevant foundational source retained without guarantee coding; it cannot support a substantive synthesis conclusion."
"A1AC-0403","A-C","PHASE2A1-SEARCH-0019","2026-07-31","OpenAlex backward citation","","","","https://openalex.org/W4297563847","https://openalex.org/W4297563847","A1-DUP-0345","A1AC-0403","UNIQUE_OCCURRENCE","AC","A1AC-DUP-0345","FULL_TEXT_UNAVAILABLE","FULL_TEXT_UNAVAILABLE","OPENALEX_REFERENCED_WORK_ID_NOW_RETURNS_404; BIBLIOGRAPHIC_IDENTITY_UNRESOLVED","OPENALEX_REFERENCED_WORK_ID_NOW_RETURNS_404; BIBLIOGRAPHIC_IDENTITY_UNRESOLVED","LEVEL_3_DISCOVERY_ONLY","FULL_TEXT_NOT_OBTAINED","","","NONE","","audit/phase2a1_raw_search_results/AC/PHASE2A1-SEARCH-0019_openalex_backward_seed.json",""
"A1AC-0404","A-C","PHASE2A1-SEARCH-0065","2026-07-31","OpenAlex backward citation","A General Class of Coefficients of Divergence of One Distribution from Another","Syed Mustafa Ali; S. D. Silvey","1966","10.1111/j.2517-6161.1966.tb00626.x","https://openalex.org/W152055444","A1-DUP-0346","A1AC-0404","UNIQUE_OCCURRENCE","AC","A1AC-DUP-0346","FALSE_POSITIVE","FALSE_POSITIVE","NO_DIRECT_FOUNDATIONAL_FIXED_SAMPLE_COMPOSITE_TEST_OR_MINIMAX_CONVERSE_RESULT_FOR_GAP_01_OR_GAP_03","NO_DIRECT_FOUNDATIONAL_FIXED_SAMPLE_COMPOSITE_TEST_OR_MINIMAX_CONVERSE_RESULT_FOR_GAP_01_OR_GAP_03","LEVEL_3_DISCOVERY_ONLY","NOT_SOUGHT_AFTER_TITLE_METADATA_SCREEN","","","NONE","","audit/phase2a1_raw_search_results/AC/PHASE2A1-SEARCH-0065_guntuboyina_backward_metadata.json","Final title/metadata-level false-positive disposition for this bounded A–C workstream; no substantive claim is drawn from the record."
"A1AC-0405","A-C","PHASE2A1-SEARCH-0065","2026-07-31","OpenAlex backward citation","Concentration Inequalities and Model Selection","Massart, Pascal; Jean Picard","2007","10.1007/978-3-540-48503-2","https://openalex.org/W156419107","A1-DUP-0347","A1AC-0405","NORMALIZED_DOI","AC","A1AC-DUP-0347","FALSE_POSITIVE","FALSE_POSITIVE","NO_DIRECT_FOUNDATIONAL_FIXED_SAMPLE_COMPOSITE_TEST_OR_MINIMAX_CONVERSE_RESULT_FOR_GAP_01_OR_GAP_03","NO_DIRECT_FOUNDATIONAL_FIXED_SAMPLE_COMPOSITE_TEST_OR_MINIMAX_CONVERSE_RESULT_FOR_GAP_01_OR_GAP_03","LEVEL_3_DISCOVERY_ONLY","NOT_SOUGHT_AFTER_TITLE_METADATA_SCREEN","","","NONE","","audit/phase2a1_raw_search_results/AC/PHASE2A1-SEARCH-0065_guntuboyina_backward_metadata.json","Final title/metadata-level false-positive disposition for this bounded A–C workstream; no substantive claim is drawn from the record."
"A1AC-0406","A-C","PHASE2A1-SEARCH-0065","2026-07-31","OpenAlex backward citation","Introduction to Nonparametric Estimation","Alexandre B. Tsybakov","2008","10.1007/b13794","https://openalex.org/W1511694993","A1-DUP-0348","A1AC-0406","NORMALIZED_DOI","AC","A1AC-DUP-0348","FALSE_POSITIVE","FALSE_POSITIVE","NO_DIRECT_FOUNDATIONAL_FIXED_SAMPLE_COMPOSITE_TEST_OR_MINIMAX_CONVERSE_RESULT_FOR_GAP_01_OR_GAP_03","NO_DIRECT_FOUNDATIONAL_FIXED_SAMPLE_COMPOSITE_TEST_OR_MINIMAX_CONVERSE_RESULT_FOR_GAP_01_OR_GAP_03","LEVEL_3_DISCOVERY_ONLY","NOT_SOUGHT_AFTER_TITLE_METADATA_SCREEN","","","NONE","","audit/phase2a1_raw_search_results/AC/PHASE2A1-SEARCH-0065_guntuboyina_backward_metadata.json","Final title/metadata-level false-positive disposition for this bounded A–C workstream; no substantive claim is drawn from the record."
"A1AC-0407","A-C","PHASE2A1-SEARCH-0065","2026-07-31","OpenAlex backward citation","Information-theoretic determination of minimax rates of convergence","Yuhong Yang; Andrew R. Barron","1999","10.1214/aos/1017939142","https://openalex.org/W1524622012","A1-DUP-0349","A1AC-0407","NORMALIZED_DOI","AC","A1AC-DUP-0349","FALSE_POSITIVE","FALSE_POSITIVE","NO_DIRECT_FOUNDATIONAL_FIXED_SAMPLE_COMPOSITE_TEST_OR_MINIMAX_CONVERSE_RESULT_FOR_GAP_01_OR_GAP_03","NO_DIRECT_FOUNDATIONAL_FIXED_SAMPLE_COMPOSITE_TEST_OR_MINIMAX_CONVERSE_RESULT_FOR_GAP_01_OR_GAP_03","LEVEL_3_DISCOVERY_ONLY","NOT_SOUGHT_AFTER_TITLE_METADATA_SCREEN","","","NONE","","audit/phase2a1_raw_search_results/AC/PHASE2A1-SEARCH-0065_guntuboyina_backward_metadata.json","Final title/metadata-level false-positive disposition for this bounded A–C workstream; no substantive claim is drawn from the record."
"A1AC-0408","A-C","PHASE2A1-SEARCH-0065","2026-07-31","OpenAlex backward citation","Asymptotic Methods in Statistical Decision Theory","Lucien Le Cam","1986","10.1007/978-1-4612-4946-7","https://openalex.org/W1535258871","A1-DUP-0303","A1AC-0354","SOURCE_LEDGER_GROUP;NORMALIZED_DOI","AC","A1AC-DUP-0303","DUPLICATE","DUPLICATE","DUPLICATE_OF_A1AC-0354","DUPLICATE_OF_A1AC-0354","LEVEL_3_DISCOVERY_ONLY","NOT_APPLICABLE","","","NONE","","audit/phase2a1_raw_search_results/AC/PHASE2A1-SEARCH-0065_guntuboyina_backward_metadata.json","Duplicate prospective occurrence; the first occurrence carries the evidence decision."
"A1AC-0409","A-C","PHASE2A1-SEARCH-0065","2026-07-31","OpenAlex backward citation","Assouad, Fano, and Le Cam","Bin Yu","1997","10.1007/978-1-4612-1880-7_29","https://openalex.org/W1538452572","A1-DUP-0161","A1AC-0185","SOURCE_LEDGER_GROUP;NORMALIZED_DOI","AC","A1AC-DUP-0161","DUPLICATE","DUPLICATE","DUPLICATE_OF_A1AC-0185","DUPLICATE_OF_A1AC-0185","LEVEL_3_DISCOVERY_ONLY","NOT_APPLICABLE","","","NONE","","audit/phase2a1_raw_search_results/AC/PHASE2A1-SEARCH-0065_guntuboyina_backward_metadata.json","Duplicate prospective occurrence; the first occurrence carries the evidence decision."
"A1AC-0410","A-C","PHASE2A1-SEARCH-0065","2026-07-31","OpenAlex backward citation","Statistical Estimation: Asymptotic Theory","","2014","10.1201/b16414-10","https://openalex.org/W1555033159","A1-DUP-0350","A1AC-0410","UNIQUE_OCCURRENCE","AC","A1AC-DUP-0350","FALSE_POSITIVE","FALSE_POSITIVE","NO_DIRECT_FOUNDATIONAL_FIXED_SAMPLE_COMPOSITE_TEST_OR_MINIMAX_CONVERSE_RESULT_FOR_GAP_01_OR_GAP_03","NO_DIRECT_FOUNDATIONAL_FIXED_SAMPLE_COMPOSITE_TEST_OR_MINIMAX_CONVERSE_RESULT_FOR_GAP_01_OR_GAP_03","LEVEL_3_DISCOVERY_ONLY","NOT_SOUGHT_AFTER_TITLE_METADATA_SCREEN","","","NONE","","audit/phase2a1_raw_search_results/AC/PHASE2A1-SEARCH-0065_guntuboyina_backward_metadata.json","Final title/metadata-level false-positive disposition for this bounded A–C workstream; no substantive claim is drawn from the record."
"A1AC-0411","A-C","PHASE2A1-SEARCH-0065","2026-07-31","OpenAlex backward citation","Convex Bodies: The Brunn–Minkowski Theory","Rolf Schneider","1993","10.1017/cbo9780511526282","https://openalex.org/W1571966798","A1-DUP-0351","A1AC-0411","UNIQUE_OCCURRENCE","AC","A1AC-DUP-0351","FALSE_POSITIVE","FALSE_POSITIVE","NO_DIRECT_FOUNDATIONAL_FIXED_SAMPLE_COMPOSITE_TEST_OR_MINIMAX_CONVERSE_RESULT_FOR_GAP_01_OR_GAP_03","NO_DIRECT_FOUNDATIONAL_FIXED_SAMPLE_COMPOSITE_TEST_OR_MINIMAX_CONVERSE_RESULT_FOR_GAP_01_OR_GAP_03","LEVEL_3_DISCOVERY_ONLY","NOT_SOUGHT_AFTER_TITLE_METADATA_SCREEN","","","NONE","","audit/phase2a1_raw_search_results/AC/PHASE2A1-SEARCH-0065_guntuboyina_backward_metadata.json","Final title/metadata-level false-positive disposition for this bounded A–C workstream; no substantive claim is drawn from the record."
"A1AC-0412","A-C","PHASE2A1-SEARCH-0065","2026-07-31","OpenAlex backward citation","Approximation dans les espaces métriques et théorie de l’estimation","Lucien Birgé","1983","10.1007/bf00532480","https://openalex.org/W1854990296","A1-DUP-0266","A1AC-0311","SOURCE_LEDGER_GROUP","AC","A1AC-DUP-0266","DUPLICATE","DUPLICATE","DUPLICATE_OF_A1AC-0311","DUPLICATE_OF_A1AC-0311","LEVEL_3_DISCOVERY_ONLY","NOT_APPLICABLE","","","NONE","","audit/phase2a1_raw_search_results/AC/PHASE2A1-SEARCH-0065_guntuboyina_backward_metadata.json","Duplicate prospective occurrence; the first occurrence carries the evidence decision."
"A1AC-0413","A-C","PHASE2A1-SEARCH-0065","2026-07-31","OpenAlex backward citation","ε-Entropy of convex sets and functions","E. M. Bronshteîn","1976","10.1007/bf00967858","https://openalex.org/W1998643067","A1-DUP-0352","A1AC-0413","UNIQUE_OCCURRENCE","AC","A1AC-DUP-0352","FALSE_POSITIVE","FALSE_POSITIVE","NO_DIRECT_FOUNDATIONAL_FIXED_SAMPLE_COMPOSITE_TEST_OR_MINIMAX_CONVERSE_RESULT_FOR_GAP_01_OR_GAP_03","NO_DIRECT_FOUNDATIONAL_FIXED_SAMPLE_COMPOSITE_TEST_OR_MINIMAX_CONVERSE_RESULT_FOR_GAP_01_OR_GAP_03","LEVEL_3_DISCOVERY_ONLY","NOT_SOUGHT_AFTER_TITLE_METADATA_SCREEN","","","NONE","","audit/phase2a1_raw_search_results/AC/PHASE2A1-SEARCH-0065_guntuboyina_backward_metadata.json","Final title/metadata-level false-positive disposition for this bounded A–C workstream; no substantive claim is drawn from the record."
"A1AC-0414","A-C","PHASE2A1-SEARCH-0065","2026-07-31","OpenAlex backward citation","Convergence of Estimates Under Dimensionality Restrictions","Lucien LeCam","1973","10.1214/aos/1193342380","https://openalex.org/W2004060143","A1-DUP-0290","A1AC-0338","SOURCE_LEDGER_GROUP","AC","A1AC-DUP-0290","DUPLICATE","DUPLICATE","DUPLICATE_OF_A1AC-0338","DUPLICATE_OF_A1AC-0338","LEVEL_3_DISCOVERY_ONLY","NOT_APPLICABLE","","","NONE","","audit/phase2a1_raw_search_results/AC/PHASE2A1-SEARCH-0065_guntuboyina_backward_metadata.json","Duplicate prospective occurrence; the first occurrence carries the evidence decision."
"A1AC-0415","A-C","PHASE2A1-SEARCH-0065","2026-07-31","OpenAlex backward citation","On adaptive estimation of probability density functions","И. А. Ибрагимов","2010","10.1007/s10958-010-9938-5","https://openalex.org/W2022576228","A1-DUP-0353","A1AC-0415","UNIQUE_OCCURRENCE","AC","A1AC-DUP-0353","FALSE_POSITIVE","FALSE_POSITIVE","NO_DIRECT_FOUNDATIONAL_FIXED_SAMPLE_COMPOSITE_TEST_OR_MINIMAX_CONVERSE_RESULT_FOR_GAP_01_OR_GAP_03","NO_DIRECT_FOUNDATIONAL_FIXED_SAMPLE_COMPOSITE_TEST_OR_MINIMAX_CONVERSE_RESULT_FOR_GAP_01_OR_GAP_03","LEVEL_3_DISCOVERY_ONLY","NOT_SOUGHT_AFTER_TITLE_METADATA_SCREEN","","","NONE","","audit/phase2a1_raw_search_results/AC/PHASE2A1-SEARCH-0065_guntuboyina_backward_metadata.json","Final title/metadata-level false-positive disposition for this bounded A–C workstream; no substantive claim is drawn from the record."
"A1AC-0416","A-C","PHASE2A1-SEARCH-0065","2026-07-31","OpenAlex backward citation","A Lower Bound on the Risks of Non-Parametric Estimates of Densities in the Uniform Metric","R. Z. Khas’minskiĭ","1979","10.1137/1123095","https://openalex.org/W2025183578","A1-DUP-0354","A1AC-0416","UNIQUE_OCCURRENCE","AC","A1AC-DUP-0354","FALSE_POSITIVE","FALSE_POSITIVE","NO_DIRECT_FOUNDATIONAL_FIXED_SAMPLE_COMPOSITE_TEST_OR_MINIMAX_CONVERSE_RESULT_FOR_GAP_01_OR_GAP_03","NO_DIRECT_FOUNDATIONAL_FIXED_SAMPLE_COMPOSITE_TEST_OR_MINIMAX_CONVERSE_RESULT_FOR_GAP_01_OR_GAP_03","LEVEL_3_DISCOVERY_ONLY","NOT_SOUGHT_AFTER_TITLE_METADATA_SCREEN","","","NONE","","audit/phase2a1_raw_search_results/AC/PHASE2A1-SEARCH-0065_guntuboyina_backward_metadata.json","Final title/metadata-level false-positive disposition for this bounded A–C workstream; no substantive claim is drawn from the record."
"A1AC-0417","A-C","PHASE2A1-SEARCH-0065","2026-07-31","OpenAlex backward citation","Optimal rates of convergence for covariance matrix estimation","T. Tony Cai; Cun-Hui Zhang; Harrison H. Zhou","2010","10.1214/09-aos752","https://openalex.org/W2072207996","A1-DUP-0355","A1AC-0417","UNIQUE_OCCURRENCE","AC","A1AC-DUP-0355","FALSE_POSITIVE","FALSE_POSITIVE","NO_DIRECT_FOUNDATIONAL_FIXED_SAMPLE_COMPOSITE_TEST_OR_MINIMAX_CONVERSE_RESULT_FOR_GAP_01_OR_GAP_03","NO_DIRECT_FOUNDATIONAL_FIXED_SAMPLE_COMPOSITE_TEST_OR_MINIMAX_CONVERSE_RESULT_FOR_GAP_01_OR_GAP_03","LEVEL_3_DISCOVERY_ONLY","NOT_SOUGHT_AFTER_TITLE_METADATA_SCREEN","","","NONE","","audit/phase2a1_raw_search_results/AC/PHASE2A1-SEARCH-0065_guntuboyina_backward_metadata.json","Final title/metadata-level false-positive disposition for this bounded A–C workstream; no substantive claim is drawn from the record."
"A1AC-0418","A-C","PHASE2A1-SEARCH-0065","2026-07-31","OpenAlex backward citation","Convergence of algorithms for reconstructing convex bodies and directional measures","Richard J. Gardner; Markus Kiderlen; Peyman Milanfar","2006","10.1214/009053606000000335","https://openalex.org/W2086117410","A1-DUP-0356","A1AC-0418","UNIQUE_OCCURRENCE","AC","A1AC-DUP-0356","FALSE_POSITIVE","FALSE_POSITIVE","NO_DIRECT_FOUNDATIONAL_FIXED_SAMPLE_COMPOSITE_TEST_OR_MINIMAX_CONVERSE_RESULT_FOR_GAP_01_OR_GAP_03","NO_DIRECT_FOUNDATIONAL_FIXED_SAMPLE_COMPOSITE_TEST_OR_MINIMAX_CONVERSE_RESULT_FOR_GAP_01_OR_GAP_03","LEVEL_3_DISCOVERY_ONLY","NOT_SOUGHT_AFTER_TITLE_METADATA_SCREEN","","","NONE","","audit/phase2a1_raw_search_results/AC/PHASE2A1-SEARCH-0065_guntuboyina_backward_metadata.json","Final title/metadata-level false-positive disposition for this bounded A–C workstream; no substantive claim is drawn from the record."
"A1AC-0419","A-C","PHASE2A1-SEARCH-0065","2026-07-31","OpenAlex backward citation","Elements of Information Theory","Thomas M. Cover; Joy A. Thomas","2001","10.1002/0471200611","https://openalex.org/W2099111195","A1-DUP-0357","A1AC-0419","NORMALIZED_DOI","AC","A1AC-DUP-0357","FALSE_POSITIVE","FALSE_POSITIVE","NO_DIRECT_FOUNDATIONAL_FIXED_SAMPLE_COMPOSITE_TEST_OR_MINIMAX_CONVERSE_RESULT_FOR_GAP_01_OR_GAP_03","NO_DIRECT_FOUNDATIONAL_FIXED_SAMPLE_COMPOSITE_TEST_OR_MINIMAX_CONVERSE_RESULT_FOR_GAP_01_OR_GAP_03","LEVEL_3_DISCOVERY_ONLY","NOT_SOUGHT_AFTER_TITLE_METADATA_SCREEN","","","NONE","","audit/phase2a1_raw_search_results/AC/PHASE2A1-SEARCH-0065_guntuboyina_backward_metadata.json","Final title/metadata-level false-positive disposition for this bounded A–C workstream; no substantive claim is drawn from the record."
"A1AC-0420","A-C","PHASE2A1-SEARCH-0065","2026-07-31","OpenAlex backward citation","A New Lower Bound for Multiple Hypothesis Testing","Lucien Birgé","2005","10.1109/tit.2005.844101","https://openalex.org/W2101412426","A1-DUP-0165","A1AC-0191","SOURCE_LEDGER_GROUP;NORMALIZED_DOI","AC","A1AC-DUP-0165","DUPLICATE","DUPLICATE","DUPLICATE_OF_A1AC-0191","DUPLICATE_OF_A1AC-0191","LEVEL_3_DISCOVERY_ONLY","NOT_APPLICABLE","","","NONE","","audit/phase2a1_raw_search_results/AC/PHASE2A1-SEARCH-0065_guntuboyina_backward_metadata.json","Duplicate prospective occurrence; the first occurrence carries the evidence decision."
"A1AC-0421","A-C","PHASE2A1-SEARCH-0065","2026-07-31","OpenAlex backward citation","On estimating a density using Hellinger distance and some other strange facts","Lucien Birgé","1986","10.1007/bf00332312","https://openalex.org/W2116278188","A1-DUP-0358","A1AC-0421","NORMALIZED_DOI","AC","A1AC-DUP-0358","FALSE_POSITIVE","FALSE_POSITIVE","NO_DIRECT_FOUNDATIONAL_FIXED_SAMPLE_COMPOSITE_TEST_OR_MINIMAX_CONVERSE_RESULT_FOR_GAP_01_OR_GAP_03","NO_DIRECT_FOUNDATIONAL_FIXED_SAMPLE_COMPOSITE_TEST_OR_MINIMAX_CONVERSE_RESULT_FOR_GAP_01_OR_GAP_03","LEVEL_3_DISCOVERY_ONLY","NOT_SOUGHT_AFTER_TITLE_METADATA_SCREEN","","","NONE","","audit/phase2a1_raw_search_results/AC/PHASE2A1-SEARCH-0065_guntuboyina_backward_metadata.json","Final title/metadata-level false-positive disposition for this bounded A–C workstream; no substantive claim is drawn from the record."
"A1AC-0422","A-C","PHASE2A1-SEARCH-0065","2026-07-31","OpenAlex backward citation","Generalizing the Fano inequality","Te Sun Han; Sergio Verdú","1994","10.1109/18.335943","https://openalex.org/W2144792840","A1-DUP-0359","A1AC-0422","UNIQUE_OCCURRENCE","AC","A1AC-DUP-0359","FALSE_POSITIVE","FALSE_POSITIVE","NO_DIRECT_FOUNDATIONAL_FIXED_SAMPLE_COMPOSITE_TEST_OR_MINIMAX_CONVERSE_RESULT_FOR_GAP_01_OR_GAP_03","NO_DIRECT_FOUNDATIONAL_FIXED_SAMPLE_COMPOSITE_TEST_OR_MINIMAX_CONVERSE_RESULT_FOR_GAP_01_OR_GAP_03","LEVEL_3_DISCOVERY_ONLY","NOT_SOUGHT_AFTER_TITLE_METADATA_SCREEN","","","NONE","","audit/phase2a1_raw_search_results/AC/PHASE2A1-SEARCH-0065_guntuboyina_backward_metadata.json","Final title/metadata-level false-positive disposition for this bounded A–C workstream; no substantive claim is drawn from the record."
"A1AC-0423","A-C","PHASE2A1-SEARCH-0065","2026-07-31","OpenAlex backward citation","Some inequalities for information divergence and related measures of discrimination","Flemming Topsøe","2000","10.1109/18.850703","https://openalex.org/W2159902206","A1-DUP-0360","A1AC-0423","UNIQUE_OCCURRENCE","AC","A1AC-DUP-0360","FALSE_POSITIVE","FALSE_POSITIVE","NO_DIRECT_FOUNDATIONAL_FIXED_SAMPLE_COMPOSITE_TEST_OR_MINIMAX_CONVERSE_RESULT_FOR_GAP_01_OR_GAP_03","NO_DIRECT_FOUNDATIONAL_FIXED_SAMPLE_COMPOSITE_TEST_OR_MINIMAX_CONVERSE_RESULT_FOR_GAP_01_OR_GAP_03","LEVEL_3_DISCOVERY_ONLY","NOT_SOUGHT_AFTER_TITLE_METADATA_SCREEN","","","NONE","","audit/phase2a1_raw_search_results/AC/PHASE2A1-SEARCH-0065_guntuboyina_backward_metadata.json","Final title/metadata-level false-positive disposition for this bounded A–C workstream; no substantive claim is drawn from the record."
"A1AC-0424","A-C","PHASE2A1-SEARCH-0065","2026-07-31","OpenAlex backward citation","Elements of Information Theory","Thomas M. Cover; Joy A. Thomas","2005","10.1002/047174882x","https://openalex.org/W2478708596","A1-DUP-0361","A1AC-0424","UNIQUE_OCCURRENCE","AC","A1AC-DUP-0361","FALSE_POSITIVE","FALSE_POSITIVE","NO_DIRECT_FOUNDATIONAL_FIXED_SAMPLE_COMPOSITE_TEST_OR_MINIMAX_CONVERSE_RESULT_FOR_GAP_01_OR_GAP_03","NO_DIRECT_FOUNDATIONAL_FIXED_SAMPLE_COMPOSITE_TEST_OR_MINIMAX_CONVERSE_RESULT_FOR_GAP_01_OR_GAP_03","LEVEL_3_DISCOVERY_ONLY","NOT_SOUGHT_AFTER_TITLE_METADATA_SCREEN","","","NONE","","audit/phase2a1_raw_search_results/AC/PHASE2A1-SEARCH-0065_guntuboyina_backward_metadata.json","Final title/metadata-level false-positive disposition for this bounded A–C workstream; no substantive claim is drawn from the record."
"A1AC-0425","A-C","PHASE2A1-SEARCH-0065","2026-07-31","OpenAlex backward citation","On Fano's lemma and similar inequalities for the minimax risk","A. A. Gushchin","2003","https://openalex.org/W2797079684","https://openalex.org/W2797079684","A1-DUP-0362","A1AC-0425","UNIQUE_OCCURRENCE","AC","A1AC-DUP-0362","FALSE_POSITIVE","FALSE_POSITIVE","NO_DIRECT_FOUNDATIONAL_FIXED_SAMPLE_COMPOSITE_TEST_OR_MINIMAX_CONVERSE_RESULT_FOR_GAP_01_OR_GAP_03","NO_DIRECT_FOUNDATIONAL_FIXED_SAMPLE_COMPOSITE_TEST_OR_MINIMAX_CONVERSE_RESULT_FOR_GAP_01_OR_GAP_03","LEVEL_3_DISCOVERY_ONLY","NOT_SOUGHT_AFTER_TITLE_METADATA_SCREEN","","","NONE","","audit/phase2a1_raw_search_results/AC/PHASE2A1-SEARCH-0065_guntuboyina_backward_metadata.json","Final title/metadata-level false-positive disposition for this bounded A–C workstream; no substantive claim is drawn from the record."
"A1AC-0426","A-C","PHASE2A1-SEARCH-0065","2026-07-31","OpenAlex backward citation","Optimal Rates of Convergence for Covariance Matrix Estimation","Tommaso Cai; Cun-Hui Zhang; Harrison H. Zhou; H. Zhou","2008","https://openalex.org/W3098365576","https://openalex.org/W3098365576","A1-DUP-0363","A1AC-0426","UNIQUE_OCCURRENCE","AC","A1AC-DUP-0363","FALSE_POSITIVE","FALSE_POSITIVE","NO_DIRECT_FOUNDATIONAL_FIXED_SAMPLE_COMPOSITE_TEST_OR_MINIMAX_CONVERSE_RESULT_FOR_GAP_01_OR_GAP_03","NO_DIRECT_FOUNDATIONAL_FIXED_SAMPLE_COMPOSITE_TEST_OR_MINIMAX_CONVERSE_RESULT_FOR_GAP_01_OR_GAP_03","LEVEL_3_DISCOVERY_ONLY","NOT_SOUGHT_AFTER_TITLE_METADATA_SCREEN","","","NONE","","audit/phase2a1_raw_search_results/AC/PHASE2A1-SEARCH-0065_guntuboyina_backward_metadata.json","Final title/metadata-level false-positive disposition for this bounded A–C workstream; no substantive claim is drawn from the record."
"A1AC-0427","A-C","PHASE2A1-SEARCH-0065","2026-07-31","OpenAlex backward citation","Convergence of algorithms for reconstructing convex bodies and directional measures","Richard J. Gardner; Markus Kiderlen; Peyman Milanfar","2006","https://openalex.org/W3105936967","https://openalex.org/W3105936967","A1-DUP-0364","A1AC-0427","UNIQUE_OCCURRENCE","AC","A1AC-DUP-0364","FALSE_POSITIVE","FALSE_POSITIVE","NO_DIRECT_FOUNDATIONAL_FIXED_SAMPLE_COMPOSITE_TEST_OR_MINIMAX_CONVERSE_RESULT_FOR_GAP_01_OR_GAP_03","NO_DIRECT_FOUNDATIONAL_FIXED_SAMPLE_COMPOSITE_TEST_OR_MINIMAX_CONVERSE_RESULT_FOR_GAP_01_OR_GAP_03","LEVEL_3_DISCOVERY_ONLY","NOT_SOUGHT_AFTER_TITLE_METADATA_SCREEN","","","NONE","","audit/phase2a1_raw_search_results/AC/PHASE2A1-SEARCH-0065_guntuboyina_backward_metadata.json","Final title/metadata-level false-positive disposition for this bounded A–C workstream; no substantive claim is drawn from the record."
"A1AC-0428","A-C","PHASE2A1-SEARCH-0065","2026-07-31","OpenAlex backward citation","Information-type measures of difference of probability distributions and indirect observation","Imre Csiszár","1967","https://openalex.org/W3127518054","https://openalex.org/W3127518054","A1-DUP-0365","A1AC-0428","UNIQUE_OCCURRENCE","AC","A1AC-DUP-0365","FALSE_POSITIVE","FALSE_POSITIVE","NO_DIRECT_FOUNDATIONAL_FIXED_SAMPLE_COMPOSITE_TEST_OR_MINIMAX_CONVERSE_RESULT_FOR_GAP_01_OR_GAP_03","NO_DIRECT_FOUNDATIONAL_FIXED_SAMPLE_COMPOSITE_TEST_OR_MINIMAX_CONVERSE_RESULT_FOR_GAP_01_OR_GAP_03","LEVEL_3_DISCOVERY_ONLY","NOT_SOUGHT_AFTER_TITLE_METADATA_SCREEN","","","NONE","","audit/phase2a1_raw_search_results/AC/PHASE2A1-SEARCH-0065_guntuboyina_backward_metadata.json","Final title/metadata-level false-positive disposition for this bounded A–C workstream; no substantive claim is drawn from the record."
"A1AC-0429","A-C","PHASE2A1-SEARCH-0065","2026-07-31","OpenAlex backward citation","Statistical Estimation","И. А. Ибрагимов; R. Z. Has’minskiĭ","1981","10.1007/978-1-4899-0027-2","https://openalex.org/W4235461144","A1-DUP-0366","A1AC-0429","UNIQUE_OCCURRENCE","AC","A1AC-DUP-0366","FALSE_POSITIVE","FALSE_POSITIVE","NO_DIRECT_FOUNDATIONAL_FIXED_SAMPLE_COMPOSITE_TEST_OR_MINIMAX_CONVERSE_RESULT_FOR_GAP_01_OR_GAP_03","NO_DIRECT_FOUNDATIONAL_FIXED_SAMPLE_COMPOSITE_TEST_OR_MINIMAX_CONVERSE_RESULT_FOR_GAP_01_OR_GAP_03","LEVEL_3_DISCOVERY_ONLY","NOT_SOUGHT_AFTER_TITLE_METADATA_SCREEN","","","NONE","","audit/phase2a1_raw_search_results/AC/PHASE2A1-SEARCH-0065_guntuboyina_backward_metadata.json","Final title/metadata-level false-positive disposition for this bounded A–C workstream; no substantive claim is drawn from the record."
"A1AC-0430","A-C","PHASE2A1-SEARCH-0065","2026-07-31","OpenAlex backward citation","Convex Analysis","R. T. Rockafellar","1970","10.1515/9781400873173","https://openalex.org/W4249667877","A1-DUP-0367","A1AC-0430","UNIQUE_OCCURRENCE","AC","A1AC-DUP-0367","FALSE_POSITIVE","FALSE_POSITIVE","NO_DIRECT_FOUNDATIONAL_FIXED_SAMPLE_COMPOSITE_TEST_OR_MINIMAX_CONVERSE_RESULT_FOR_GAP_01_OR_GAP_03","NO_DIRECT_FOUNDATIONAL_FIXED_SAMPLE_COMPOSITE_TEST_OR_MINIMAX_CONVERSE_RESULT_FOR_GAP_01_OR_GAP_03","LEVEL_3_DISCOVERY_ONLY","NOT_SOUGHT_AFTER_TITLE_METADATA_SCREEN","","","NONE","","audit/phase2a1_raw_search_results/AC/PHASE2A1-SEARCH-0065_guntuboyina_backward_metadata.json","Final title/metadata-level false-positive disposition for this bounded A–C workstream; no substantive claim is drawn from the record."
"A1AC-0431","A-C","PHASE2A1-SEARCH-0065","2026-07-31","OpenAlex backward citation","","","","https://openalex.org/W6750260431","https://openalex.org/W6750260431","A1-DUP-0368","A1AC-0431","UNIQUE_OCCURRENCE","AC","A1AC-DUP-0368","FULL_TEXT_UNAVAILABLE","FULL_TEXT_UNAVAILABLE","OPENALEX_REFERENCED_WORK_ID_NOW_RETURNS_NO_METADATA; BIBLIOGRAPHIC_IDENTITY_UNRESOLVED","OPENALEX_REFERENCED_WORK_ID_NOW_RETURNS_NO_METADATA; BIBLIOGRAPHIC_IDENTITY_UNRESOLVED","LEVEL_3_DISCOVERY_ONLY","FULL_TEXT_NOT_OBTAINED","","","NONE","","audit/phase2a1_raw_search_results/AC/PHASE2A1-SEARCH-0065_guntuboyina_backward_seed.json",""
"A1AC-0432","A-C","PHASE2A1-SEARCH-0067","2026-07-31","Semantic Scholar","Bootstrap et bornes uniformes pour des chaînes de Markov Harris récurrentes","Gabriela Ciolek","2018","65932359461eab0f81fa09d6da38ff496e6fd70c","65932359461eab0f81fa09d6da38ff496e6fd70c","A1-DUP-0369","A1AC-0432","UNIQUE_OCCURRENCE","AC","A1AC-DUP-0369","FALSE_POSITIVE","FALSE_POSITIVE","NO_DIRECT_FOUNDATIONAL_FIXED_SAMPLE_COMPOSITE_TEST_OR_MINIMAX_CONVERSE_RESULT_FOR_GAP_01_OR_GAP_03","NO_DIRECT_FOUNDATIONAL_FIXED_SAMPLE_COMPOSITE_TEST_OR_MINIMAX_CONVERSE_RESULT_FOR_GAP_01_OR_GAP_03","LEVEL_3_DISCOVERY_ONLY","NOT_SOUGHT_AFTER_TITLE_METADATA_SCREEN","","","NONE","","audit/phase2a1_raw_search_results/AC/PHASE2A1-SEARCH-0067_birge_anchor_semanticscholar.json","Final title/metadata-level false-positive disposition for this bounded A–C workstream; no substantive claim is drawn from the record."
"A1AC-0433","A-C","PHASE2A1-SEARCH-0067","2026-07-31","Semantic Scholar","Chaînes de Markov triplets et segmentation non supervisée d'images. (Triplet Markov chains and unsupervised image segmentation)","C. Fernandes","2022","10.70675/2472c0ccza76az4a52z9fe0z8ce0512f3394","4a2b0ea3ff4089ad1d8ebbba5951b2e0878a0701","A1-DUP-0370","A1AC-0433","UNIQUE_OCCURRENCE","AC","A1AC-DUP-0370","FALSE_POSITIVE","FALSE_POSITIVE","NO_DIRECT_FOUNDATIONAL_FIXED_SAMPLE_COMPOSITE_TEST_OR_MINIMAX_CONVERSE_RESULT_FOR_GAP_01_OR_GAP_03","NO_DIRECT_FOUNDATIONAL_FIXED_SAMPLE_COMPOSITE_TEST_OR_MINIMAX_CONVERSE_RESULT_FOR_GAP_01_OR_GAP_03","LEVEL_3_DISCOVERY_ONLY","NOT_SOUGHT_AFTER_TITLE_METADATA_SCREEN","","","NONE","","audit/phase2a1_raw_search_results/AC/PHASE2A1-SEARCH-0067_birge_anchor_semanticscholar.json","Final title/metadata-level false-positive disposition for this bounded A–C workstream; no substantive claim is drawn from the record."
"A1AC-0434","A-C","PHASE2A1-SEARCH-0067","2026-07-31","Semantic Scholar","Majorations de Chernoff pour des chaînes de Markov contrÔlées","N. Maigret","1980","10.1007/bf00536185","ee3a7f98716033560948e673a92f601bd3ee2a52","A1-DUP-0371","A1AC-0434","UNIQUE_OCCURRENCE","AC","A1AC-DUP-0371","FALSE_POSITIVE","FALSE_POSITIVE","NO_DIRECT_FOUNDATIONAL_FIXED_SAMPLE_COMPOSITE_TEST_OR_MINIMAX_CONVERSE_RESULT_FOR_GAP_01_OR_GAP_03","NO_DIRECT_FOUNDATIONAL_FIXED_SAMPLE_COMPOSITE_TEST_OR_MINIMAX_CONVERSE_RESULT_FOR_GAP_01_OR_GAP_03","LEVEL_3_DISCOVERY_ONLY","NOT_SOUGHT_AFTER_TITLE_METADATA_SCREEN","","","NONE","","audit/phase2a1_raw_search_results/AC/PHASE2A1-SEARCH-0067_birge_anchor_semanticscholar.json","Final title/metadata-level false-positive disposition for this bounded A–C workstream; no substantive claim is drawn from the record."
"A1AC-0435","A-C","PHASE2A1-SEARCH-0067","2026-07-31","Semantic Scholar","Chaînes de Markov cachées à bruit généralisé","Hugo Gangloff; Katherine Morales; Yohan Petetin; Chaînes de Markov","2022","34b7a17c4e63600db0fc16e2f702073bf01adaa1","34b7a17c4e63600db0fc16e2f702073bf01adaa1","A1-DUP-0372","A1AC-0435","UNIQUE_OCCURRENCE","AC","A1AC-DUP-0372","FALSE_POSITIVE","FALSE_POSITIVE","NO_DIRECT_FOUNDATIONAL_FIXED_SAMPLE_COMPOSITE_TEST_OR_MINIMAX_CONVERSE_RESULT_FOR_GAP_01_OR_GAP_03","NO_DIRECT_FOUNDATIONAL_FIXED_SAMPLE_COMPOSITE_TEST_OR_MINIMAX_CONVERSE_RESULT_FOR_GAP_01_OR_GAP_03","LEVEL_3_DISCOVERY_ONLY","NOT_SOUGHT_AFTER_TITLE_METADATA_SCREEN","","","NONE","","audit/phase2a1_raw_search_results/AC/PHASE2A1-SEARCH-0067_birge_anchor_semanticscholar.json","Final title/metadata-level false-positive disposition for this bounded A–C workstream; no substantive claim is drawn from the record."
"A1AC-0436","A-C","PHASE2A1-SEARCH-0067","2026-07-31","Semantic Scholar","Principe d'invariance local pour les chaînes de Markov","Caroline Noquet","1997","3fd5222a14bb75681e375e4fdca50a50241ecf09","3fd5222a14bb75681e375e4fdca50a50241ecf09","A1-DUP-0373","A1AC-0436","UNIQUE_OCCURRENCE","AC","A1AC-DUP-0373","FALSE_POSITIVE","FALSE_POSITIVE","NO_DIRECT_FOUNDATIONAL_FIXED_SAMPLE_COMPOSITE_TEST_OR_MINIMAX_CONVERSE_RESULT_FOR_GAP_01_OR_GAP_03","NO_DIRECT_FOUNDATIONAL_FIXED_SAMPLE_COMPOSITE_TEST_OR_MINIMAX_CONVERSE_RESULT_FOR_GAP_01_OR_GAP_03","LEVEL_3_DISCOVERY_ONLY","NOT_SOUGHT_AFTER_TITLE_METADATA_SCREEN","","","NONE","","audit/phase2a1_raw_search_results/AC/PHASE2A1-SEARCH-0067_birge_anchor_semanticscholar.json","Final title/metadata-level false-positive disposition for this bounded A–C workstream; no substantive claim is drawn from the record."
"A1AC-0437","A-C","PHASE2A1-SEARCH-0067","2026-07-31","Semantic Scholar","On the Estimation of Entropy for Markov Chains Sur l ’ estimation de l ’ entropie des châınes de Markov","Valérie Girardin; Régnault","2011","9e48e2758b9a517bf4e262c75f1286c8918a5115","9e48e2758b9a517bf4e262c75f1286c8918a5115","A1-DUP-0374","A1AC-0437","UNIQUE_OCCURRENCE","AC","A1AC-DUP-0374","FALSE_POSITIVE","FALSE_POSITIVE","NO_DIRECT_FOUNDATIONAL_FIXED_SAMPLE_COMPOSITE_TEST_OR_MINIMAX_CONVERSE_RESULT_FOR_GAP_01_OR_GAP_03","NO_DIRECT_FOUNDATIONAL_FIXED_SAMPLE_COMPOSITE_TEST_OR_MINIMAX_CONVERSE_RESULT_FOR_GAP_01_OR_GAP_03","LEVEL_3_DISCOVERY_ONLY","NOT_SOUGHT_AFTER_TITLE_METADATA_SCREEN","","","NONE","","audit/phase2a1_raw_search_results/AC/PHASE2A1-SEARCH-0067_birge_anchor_semanticscholar.json","Final title/metadata-level false-positive disposition for this bounded A–C workstream; no substantive claim is drawn from the record."
"A1AC-0438","A-C","PHASE2A1-SEARCH-0067","2026-07-31","Semantic Scholar","Inegalites de concentration de la mesure pour des chaines de markov et des processus -melangeants","Paul-Marie Samson","1998","46657cd0f3653899ad17c7fdc50015d30596dc69","46657cd0f3653899ad17c7fdc50015d30596dc69","A1-DUP-0375","A1AC-0438","UNIQUE_OCCURRENCE","AC","A1AC-DUP-0375","FALSE_POSITIVE","FALSE_POSITIVE","NO_DIRECT_FOUNDATIONAL_FIXED_SAMPLE_COMPOSITE_TEST_OR_MINIMAX_CONVERSE_RESULT_FOR_GAP_01_OR_GAP_03","NO_DIRECT_FOUNDATIONAL_FIXED_SAMPLE_COMPOSITE_TEST_OR_MINIMAX_CONVERSE_RESULT_FOR_GAP_01_OR_GAP_03","LEVEL_3_DISCOVERY_ONLY","NOT_SOUGHT_AFTER_TITLE_METADATA_SCREEN","","","NONE","","audit/phase2a1_raw_search_results/AC/PHASE2A1-SEARCH-0067_birge_anchor_semanticscholar.json","Final title/metadata-level false-positive disposition for this bounded A–C workstream; no substantive claim is drawn from the record."
"A1AC-0439","A-C","PHASE2A1-SEARCH-0067","2026-07-31","Semantic Scholar","Chaînes de Markov Triplet","","","0f8a8ff80c9f5e2dbdeb5ffcd37e2d91d7ab7871","0f8a8ff80c9f5e2dbdeb5ffcd37e2d91d7ab7871","A1-DUP-0376","A1AC-0439","UNIQUE_OCCURRENCE","AC","A1AC-DUP-0376","FALSE_POSITIVE","FALSE_POSITIVE","NO_DIRECT_FOUNDATIONAL_FIXED_SAMPLE_COMPOSITE_TEST_OR_MINIMAX_CONVERSE_RESULT_FOR_GAP_01_OR_GAP_03","NO_DIRECT_FOUNDATIONAL_FIXED_SAMPLE_COMPOSITE_TEST_OR_MINIMAX_CONVERSE_RESULT_FOR_GAP_01_OR_GAP_03","LEVEL_3_DISCOVERY_ONLY","NOT_SOUGHT_AFTER_TITLE_METADATA_SCREEN","","","NONE","","audit/phase2a1_raw_search_results/AC/PHASE2A1-SEARCH-0067_birge_anchor_semanticscholar.json","Final title/metadata-level false-positive disposition for this bounded A–C workstream; no substantive claim is drawn from the record."
"A1AC-0440","A-C","PHASE2A1-SEARCH-0067","2026-07-31","Semantic Scholar","Chapitre 8 Châınes de Markov 8 . 1 La matrice de transition","","","66045d045695a2cfce92776c80034eca623cc384","66045d045695a2cfce92776c80034eca623cc384","A1-DUP-0377","A1AC-0440","UNIQUE_OCCURRENCE","AC","A1AC-DUP-0377","FALSE_POSITIVE","FALSE_POSITIVE","NO_DIRECT_FOUNDATIONAL_FIXED_SAMPLE_COMPOSITE_TEST_OR_MINIMAX_CONVERSE_RESULT_FOR_GAP_01_OR_GAP_03","NO_DIRECT_FOUNDATIONAL_FIXED_SAMPLE_COMPOSITE_TEST_OR_MINIMAX_CONVERSE_RESULT_FOR_GAP_01_OR_GAP_03","LEVEL_3_DISCOVERY_ONLY","NOT_SOUGHT_AFTER_TITLE_METADATA_SCREEN","","","NONE","","audit/phase2a1_raw_search_results/AC/PHASE2A1-SEARCH-0067_birge_anchor_semanticscholar.json","Final title/metadata-level false-positive disposition for this bounded A–C workstream; no substantive claim is drawn from the record."
"A1AC-0441","A-C","PHASE2A1-SEARCH-0067","2026-07-31","Semantic Scholar","Méthodes de Monte Carlo stratifiées pour la simulation des chaines de Markov","Joseph El maalouf","2016","10.70675/912cf4cez7d1cz4fd0zbbb0z19c0855251fc","4a040a03e70d89c7bc91fbb4f7be8bb4ae7f9c51","A1-DUP-0378","A1AC-0441","UNIQUE_OCCURRENCE","AC","A1AC-DUP-0378","FALSE_POSITIVE","FALSE_POSITIVE","NO_DIRECT_FOUNDATIONAL_FIXED_SAMPLE_COMPOSITE_TEST_OR_MINIMAX_CONVERSE_RESULT_FOR_GAP_01_OR_GAP_03","NO_DIRECT_FOUNDATIONAL_FIXED_SAMPLE_COMPOSITE_TEST_OR_MINIMAX_CONVERSE_RESULT_FOR_GAP_01_OR_GAP_03","LEVEL_3_DISCOVERY_ONLY","NOT_SOUGHT_AFTER_TITLE_METADATA_SCREEN","","","NONE","","audit/phase2a1_raw_search_results/AC/PHASE2A1-SEARCH-0067_birge_anchor_semanticscholar.json","Final title/metadata-level false-positive disposition for this bounded A–C workstream; no substantive claim is drawn from the record."
"A1AC-0442","A-C","PHASE2A1-SEARCH-0070","2026-07-31","OpenAlex DOI lookup","Robust Testing for Independent Non Identically Distributed Variables and Markov Chains","Lucien Birgé","1983","10.1007/978-1-4612-5503-1_9","https://openalex.org/W171842306","A1-DUP-0245","A1AC-0290","SOURCE_LEDGER_GROUP;NORMALIZED_DOI","AC","A1AC-DUP-0245","DUPLICATE","DUPLICATE","DUPLICATE_OF_A1AC-0290","DUPLICATE_OF_A1AC-0290","LEVEL_3_DISCOVERY_ONLY","NOT_APPLICABLE","","","NONE","","audit/phase2a1_raw_search_results/AC/PHASE2A1-SEARCH-0070_birge_english_openalex_lookup.json","Duplicate prospective occurrence; the first occurrence carries the evidence decision."
"A1AC-0443","A-C","PHASE2A1-SEARCH-0013","2026-07-31","OpenAlex primary-source verification","Lower Bounds for the Minimax Risk Using $f$-Divergences, and Applications","Adityanand Guntuboyina","2011","10.1109/tit.2011.2110791","https://openalex.org/W2101210333","A1-DUP-0379","A1AC-0443","NORMALIZED_DOI","AC","A1AC-DUP-0379","FULL_TEXT_INCLUDED","FULL_TEXT_INCLUDED","","","LEVEL_1_LOAD_BEARING","AUTHOR_MANUSCRIPT_FULL_TEXT_INSPECTED","arxiv_1002.0042_source/ARXIVminfdiv.tex:727-800 (Theorem maha and Eq. maha.eq), 1159-1325 (Theorem ybgen), 1326-1430 (global-entropy Theorem myb.thm), 2112-2274 (packing-number lower bound)","P0059","EXISTING_CORPUS_RECORD","NEW_CORPUS_CANDIDATE","audit/phase2a1_raw_search_results/AC/PHASE2A1-SEARCH-0013_primary_verification_guntuboyina.json","Finite-sample f-divergence and packing/entropy lower bounds for finite multiple-hypothesis reductions; constructive upper tests and metabolic design optimization are outside scope."
"A1AC-0444","A-C","PHASE2A1-SEARCH-0073","2026-07-31","Numdam primary-version verification","Tests robustes pour des variables indépendantes et des chaînes de Markov","Lucien Birgé","1982","NUMDAM:ASCFM_1982__71_20_70_0","NUMDAM:ASCFM_1982__71_20_70_0","A1-DUP-0380","A1AC-0444","UNIQUE_OCCURRENCE","AC","A1AC-DUP-0380","FULL_TEXT_INCLUDED","FULL_TEXT_INCLUDED","","","LEVEL_1_LOAD_BEARING","OFFICIAL_REPOSITORY_FULL_TEXT_INSPECTED","pp. 70-71 Introduction (least-favourable/minimax context and convexity failure); pp. 72-73 §II theorem/corollary for separated Hellinger balls; pp. 74-75 §III theorem/corollary for independent non-identically distributed product laws; pp. 76-77 §IV theorem for Markov chains and §V conclusion","P0060","EXISTING_CORPUS_RECORD","NEW_CORPUS_CANDIDATE","audit/phase2a1_raw_search_results/AC/birge_1982_numdam_primary.pdf","Legally accessible French primary article linked to the otherwise unavailable 1983 English chapter C0402; gives constructive fixed-sample exponential error bounds under stated separation/mixing assumptions, not a universal minimax result for arbitrary nonconvex families."
"A1DEF-0001","D-F","PHASE2A1-SEARCH-0021","2026-07-31","Crossref","Hypothesis Testing","","2009","10.1017/cbo9780511806957.004","https://doi.org/10.1017/cbo9780511806957.004","A1-DUP-0021","A1AC-0021","SOURCE_LEDGER_GROUP;NORMALIZED_DOI","DEF","A1DEF-DUP-0001","FALSE_POSITIVE","DUPLICATE","Resolved at title/abstract/citation-context because the record was off-topic, application-specific, secondary, sequential-only, or methodologically redundant with a verified primary anchor; it was not retained and is not used to support a substantive or absence conclusion.","CROSS_WORKSTREAM_DUPLICATE_OF=A1AC-0021;MATCH_BASIS=SOURCE_LEDGER_GROUP;NORMALIZED_DOI;SOURCE_DISPOSITION=FALSE_POSITIVE","LEVEL_3_DISCOVERY_ONLY","NOT_RETRIEVED","","","NONE","","audit/phase2a1_raw_search_results/DEF/PHASE2A1-SEARCH-0021_crossref.json","Discovery-only; not used in synthesis or an absence conclusion."
"A1DEF-0002","D-F","PHASE2A1-SEARCH-0021","2026-07-31","Crossref","Graphing Sample Distributions for Hypothesis Testing","","2021","10.4135/9781529630213.n2","https://doi.org/10.4135/9781529630213.n2","A1-DUP-0016","A1AC-0016","SOURCE_LEDGER_GROUP;NORMALIZED_DOI","DEF","A1DEF-DUP-0002","FALSE_POSITIVE","DUPLICATE","Resolved at title/abstract/citation-context because the record was off-topic, application-specific, secondary, sequential-only, or methodologically redundant with a verified primary anchor; it was not retained and is not used to support a substantive or absence conclusion.","CROSS_WORKSTREAM_DUPLICATE_OF=A1AC-0016;MATCH_BASIS=SOURCE_LEDGER_GROUP;NORMALIZED_DOI;SOURCE_DISPOSITION=FALSE_POSITIVE","LEVEL_3_DISCOVERY_ONLY","NOT_RETRIEVED","","","NONE","","audit/phase2a1_raw_search_results/DEF/PHASE2A1-SEARCH-0021_crossref.json","Discovery-only; not used in synthesis or an absence conclusion."
"A1DEF-0003","D-F","PHASE2A1-SEARCH-0021","2026-07-31","Crossref","Bringing Game Theory to Hypothesis Testing: Establishing Finite Sample Bounds on Inference","Karl H. Schlag","2008","10.2139/ssrn.1266059","https://doi.org/10.2139/ssrn.1266059","A1-DUP-0077","A1AC-0088","SOURCE_LEDGER_GROUP;NORMALIZED_DOI","DEF","A1DEF-DUP-0003","FALSE_POSITIVE","DUPLICATE","Resolved at title/abstract/citation-context because the record was off-topic, application-specific, secondary, sequential-only, or methodologically redundant with a verified primary anchor; it was not retained and is not used to support a substantive or absence conclusion.","CROSS_WORKSTREAM_DUPLICATE_OF=A1AC-0088;MATCH_BASIS=SOURCE_LEDGER_GROUP;NORMALIZED_DOI;SOURCE_DISPOSITION=FALSE_POSITIVE","LEVEL_3_DISCOVERY_ONLY","NOT_RETRIEVED","","","NONE","","audit/phase2a1_raw_search_results/DEF/PHASE2A1-SEARCH-0021_crossref.json","Discovery-only; not used in synthesis or an absence conclusion."
"A1DEF-0004","D-F","PHASE2A1-SEARCH-0021","2026-07-31","Crossref","Finite-Sample Two-Group Composite Hypothesis Testing via Machine Learning","Tianyu Zhan; Jian Kang","2022","10.1080/10618600.2021.2020128","https://doi.org/10.1080/10618600.2021.2020128","A1-DUP-0381","A1DEF-0004","SOURCE_LEDGER_GROUP","DEF","A1DEF-DUP-0004","FULL_TEXT_INCLUDED","FULL_TEXT_INCLUDED","","","LEVEL_2_SUPPORTING","AUTHOR_MANUSCRIPT_FULL_TEXT_INSPECTED","Sections 2-3.3: two-group IID composite hypotheses, simulated training grid and critical-value construction; Sections 4-5 simulations; limitation discussion pp. 610-614 of source manuscript.","P0061","EXISTING_CORPUS_RECORD","NEW_CORPUS_CANDIDATE","audit/phase2a1_raw_search_results/DEF/PHASE2A1-SEARCH-0021_crossref.json","Simulation-trained test; no theorem establishing a uniform finite-sample guarantee."
"A1DEF-0005","D-F","PHASE2A1-SEARCH-0021","2026-07-31","Crossref","Sample Size Determination for Bayesian Informative Hypothesis Testing","; Qianrao Fu","","10.33540/1221","https://doi.org/10.33540/1221","A1-DUP-0018","A1AC-0018","SOURCE_LEDGER_GROUP;NORMALIZED_DOI","DEF","A1DEF-DUP-0005","FALSE_POSITIVE","DUPLICATE","Resolved at title/abstract/citation-context because the record was off-topic, application-specific, secondary, sequential-only, or methodologically redundant with a verified primary anchor; it was not retained and is not used to support a substantive or absence conclusion.","CROSS_WORKSTREAM_DUPLICATE_OF=A1AC-0018;MATCH_BASIS=SOURCE_LEDGER_GROUP;NORMALIZED_DOI;SOURCE_DISPOSITION=FALSE_POSITIVE","LEVEL_3_DISCOVERY_ONLY","NOT_RETRIEVED","","","NONE","","audit/phase2a1_raw_search_results/DEF/PHASE2A1-SEARCH-0021_crossref.json","Discovery-only; not used in synthesis or an absence conclusion."
"A1DEF-0006","D-F","PHASE2A1-SEARCH-0021","2026-07-31","Crossref","Active Fixed-Sample-Size Hypothesis Testing via POMDP Value Function Lipschitz Bounds","Timothy L. Molloy; Girish N. Nair","2024","10.23919/acc60939.2024.10644574","https://doi.org/10.23919/acc60939.2024.10644574","A1-DUP-0017","A1DEF-0006","SOURCE_LEDGER_GROUP;NORMALIZED_DOI","DEF","A1DEF-DUP-0006","FULL_TEXT_UNAVAILABLE","FULL_TEXT_UNAVAILABLE","Official ANU repository preserved metadata only; primary conference full text was not legally accessible in the bounded search.","Official ANU repository preserved metadata only; primary conference full text was not legally accessible in the bounded search.","LEVEL_1_LOAD_BEARING","FULL_TEXT_UNAVAILABLE","","","NONE","","audit/phase2a1_raw_search_results/DEF/PHASE2A1-SEARCH-0021_crossref.json","Not used for a substantive or absence conclusion."
"A1DEF-0007","D-F","PHASE2A1-SEARCH-0021","2026-07-31","Crossref","Sample Size and Hypothesis Testing","","2023","10.1002/9781119800002.ch14","https://doi.org/10.1002/9781119800002.ch14","A1-DUP-0022","A1AC-0022","SOURCE_LEDGER_GROUP;NORMALIZED_DOI","DEF","A1DEF-DUP-0007","FALSE_POSITIVE","DUPLICATE","Resolved at title/abstract/citation-context because the record was off-topic, application-specific, secondary, sequential-only, or methodologically redundant with a verified primary anchor; it was not retained and is not used to support a substantive or absence conclusion.","CROSS_WORKSTREAM_DUPLICATE_OF=A1AC-0022;MATCH_BASIS=SOURCE_LEDGER_GROUP;NORMALIZED_DOI;SOURCE_DISPOSITION=FALSE_POSITIVE","LEVEL_3_DISCOVERY_ONLY","NOT_RETRIEVED","","","NONE","","audit/phase2a1_raw_search_results/DEF/PHASE2A1-SEARCH-0021_crossref.json","Discovery-only; not used in synthesis or an absence conclusion."
"A1DEF-0008","D-F","PHASE2A1-SEARCH-0021","2026-07-31","Crossref","Hypothesis Testing with One Sample","","2014","10.4324/9781315797564-13","https://doi.org/10.4324/9781315797564-13","A1-DUP-0019","A1AC-0019","SOURCE_LEDGER_GROUP;NORMALIZED_DOI","DEF","A1DEF-DUP-0008","FALSE_POSITIVE","DUPLICATE","Resolved at title/abstract/citation-context because the record was off-topic, application-specific, secondary, sequential-only, or methodologically redundant with a verified primary anchor; it was not retained and is not used to support a substantive or absence conclusion.","CROSS_WORKSTREAM_DUPLICATE_OF=A1AC-0019;MATCH_BASIS=SOURCE_LEDGER_GROUP;NORMALIZED_DOI;SOURCE_DISPOSITION=FALSE_POSITIVE","LEVEL_3_DISCOVERY_ONLY","NOT_RETRIEVED","","","NONE","","audit/phase2a1_raw_search_results/DEF/PHASE2A1-SEARCH-0021_crossref.json","Discovery-only; not used in synthesis or an absence conclusion."
"A1DEF-0009","D-F","PHASE2A1-SEARCH-0021","2026-07-31","Crossref","A Finite Sample Test for the Composite Hypothesis of Stable Law","Albert Paulson; Xing Zhong; Thomas R. Willemain","2016","10.2139/ssrn.2781635","https://doi.org/10.2139/ssrn.2781635","A1-DUP-0095","A1AC-0109","SOURCE_LEDGER_GROUP;NORMALIZED_DOI","DEF","A1DEF-DUP-0009","FALSE_POSITIVE","DUPLICATE","Resolved at title/abstract/citation-context because the record was off-topic, application-specific, secondary, sequential-only, or methodologically redundant with a verified primary anchor; it was not retained and is not used to support a substantive or absence conclusion.","CROSS_WORKSTREAM_DUPLICATE_OF=A1AC-0109;MATCH_BASIS=SOURCE_LEDGER_GROUP;NORMALIZED_DOI;SOURCE_DISPOSITION=FALSE_POSITIVE","LEVEL_3_DISCOVERY_ONLY","NOT_RETRIEVED","","","NONE","","audit/phase2a1_raw_search_results/DEF/PHASE2A1-SEARCH-0021_crossref.json","Discovery-only; not used in synthesis or an absence conclusion."
"A1DEF-0010","D-F","PHASE2A1-SEARCH-0021","2026-07-31","Crossref","The Optimal Finite-Sample Error Probability in Asymmetric Binary Hypothesis Testing","V. Lungu; I. Kontoyiannis","2024","10.1109/isit57864.2024.10619363","https://doi.org/10.1109/isit57864.2024.10619363","A1-DUP-0382","A1DEF-0010","SOURCE_LEDGER_GROUP","DEF","A1DEF-DUP-0010","FALSE_POSITIVE","FALSE_POSITIVE","Resolved at title/abstract/citation-context because the record was off-topic, application-specific, secondary, sequential-only, or methodologically redundant with a verified primary anchor; it was not retained and is not used to support a substantive or absence conclusion.","Resolved at title/abstract/citation-context because the record was off-topic, application-specific, secondary, sequential-only, or methodologically redundant with a verified primary anchor; it was not retained and is not used to support a substantive or absence conclusion.","LEVEL_3_DISCOVERY_ONLY","NOT_RETRIEVED","","","NONE","","audit/phase2a1_raw_search_results/DEF/PHASE2A1-SEARCH-0021_crossref.json","Discovery-only; not used in synthesis or an absence conclusion."
"A1DEF-0011","D-F","PHASE2A1-SEARCH-0021","2026-07-31","Crossref","Hypothesis Testing and Finite Sample Properties of Generalized Method of Moments Estimators: A Monte Carlo Study","Ching-Sheng Mao","1990","10.2139/ssrn.2123593","https://doi.org/10.2139/ssrn.2123593","A1-DUP-0383","A1DEF-0011","SOURCE_LEDGER_GROUP","DEF","A1DEF-DUP-0011","FALSE_POSITIVE","FALSE_POSITIVE","Resolved at title/abstract/citation-context because the record was off-topic, application-specific, secondary, sequential-only, or methodologically redundant with a verified primary anchor; it was not retained and is not used to support a substantive or absence conclusion.","Resolved at title/abstract/citation-context because the record was off-topic, application-specific, secondary, sequential-only, or methodologically redundant with a verified primary anchor; it was not retained and is not used to support a substantive or absence conclusion.","LEVEL_3_DISCOVERY_ONLY","NOT_RETRIEVED","","","NONE","","audit/phase2a1_raw_search_results/DEF/PHASE2A1-SEARCH-0021_crossref.json","Discovery-only; not used in synthesis or an absence conclusion."
"A1DEF-0012","D-F","PHASE2A1-SEARCH-0021","2026-07-31","Crossref","Hypothesis Testing and One-Sample t Tests","","2012","10.4135/9781071878989.n12","https://doi.org/10.4135/9781071878989.n12","A1-DUP-0020","A1AC-0020","SOURCE_LEDGER_GROUP;NORMALIZED_DOI","DEF","A1DEF-DUP-0012","FALSE_POSITIVE","DUPLICATE","Resolved at title/abstract/citation-context because the record was off-topic, application-specific, secondary, sequential-only, or methodologically redundant with a verified primary anchor; it was not retained and is not used to support a substantive or absence conclusion.","CROSS_WORKSTREAM_DUPLICATE_OF=A1AC-0020;MATCH_BASIS=SOURCE_LEDGER_GROUP;NORMALIZED_DOI;SOURCE_DISPOSITION=FALSE_POSITIVE","LEVEL_3_DISCOVERY_ONLY","NOT_RETRIEVED","","","NONE","","audit/phase2a1_raw_search_results/DEF/PHASE2A1-SEARCH-0021_crossref.json","Discovery-only; not used in synthesis or an absence conclusion."
"A1DEF-0013","D-F","PHASE2A1-SEARCH-0021","2026-07-31","Crossref","One-Sample Hypothesis Testing Including Power and Sample Size","Melody S. Goodman","2025","10.4324/9781003401612-13","https://doi.org/10.4324/9781003401612-13","A1-DUP-0029","A1AC-0029","NORMALIZED_DOI","DEF","A1DEF-DUP-0013","FALSE_POSITIVE","DUPLICATE","Resolved at title/abstract/citation-context because the record was off-topic, application-specific, secondary, sequential-only, or methodologically redundant with a verified primary anchor; it was not retained and is not used to support a substantive or absence conclusion.","CROSS_WORKSTREAM_DUPLICATE_OF=A1AC-0029;MATCH_BASIS=NORMALIZED_DOI;SOURCE_DISPOSITION=FALSE_POSITIVE","LEVEL_3_DISCOVERY_ONLY","NOT_RETRIEVED","","","NONE","","audit/phase2a1_raw_search_results/DEF/PHASE2A1-SEARCH-0021_crossref.json","Discovery-only; not used in synthesis or an absence conclusion."
"A1DEF-0014","D-F","PHASE2A1-SEARCH-0021","2026-07-31","Crossref","Lab C: One-sample hypothesis testing, power, and sample size","Melody S. Goodman","2017","10.4324/9781315155661-11","https://doi.org/10.4324/9781315155661-11","A1-DUP-0030","A1AC-0030","NORMALIZED_DOI","DEF","A1DEF-DUP-0014","FALSE_POSITIVE","DUPLICATE","Resolved at title/abstract/citation-context because the record was off-topic, application-specific, secondary, sequential-only, or methodologically redundant with a verified primary anchor; it was not retained and is not used to support a substantive or absence conclusion.","CROSS_WORKSTREAM_DUPLICATE_OF=A1AC-0030;MATCH_BASIS=NORMALIZED_DOI;SOURCE_DISPOSITION=FALSE_POSITIVE","LEVEL_3_DISCOVERY_ONLY","NOT_RETRIEVED","","","NONE","","audit/phase2a1_raw_search_results/DEF/PHASE2A1-SEARCH-0021_crossref.json","Discovery-only; not used in synthesis or an absence conclusion."
"A1DEF-0015","D-F","PHASE2A1-SEARCH-0021","2026-07-31","Crossref","Large Sample Hypothesis Testing","Anthony Almudevar","2021","10.1201/9781003049340-14","https://doi.org/10.1201/9781003049340-14","A1-DUP-0023","A1AC-0023","SOURCE_LEDGER_GROUP;NORMALIZED_DOI","DEF","A1DEF-DUP-0015","FALSE_POSITIVE","DUPLICATE","Resolved at title/abstract/citation-context because the record was off-topic, application-specific, secondary, sequential-only, or methodologically redundant with a verified primary anchor; it was not retained and is not used to support a substantive or absence conclusion.","CROSS_WORKSTREAM_DUPLICATE_OF=A1AC-0023;MATCH_BASIS=SOURCE_LEDGER_GROUP;NORMALIZED_DOI;SOURCE_DISPOSITION=FALSE_POSITIVE","LEVEL_3_DISCOVERY_ONLY","NOT_RETRIEVED","","","NONE","","audit/phase2a1_raw_search_results/DEF/PHASE2A1-SEARCH-0021_crossref.json","Discovery-only; not used in synthesis or an absence conclusion."
"A1DEF-0016","D-F","PHASE2A1-SEARCH-0022","2026-07-31","OpenAlex","Bayesian t tests for accepting and rejecting the null hypothesis","Jeffrey N. Rouder; Paul L. Speckman; Dongchu Sun; Richard D. Morey; Geoffrey Iverson","2009","10.3758/pbr.16.2.225","https://openalex.org/W1978662219","A1-DUP-0384","A1DEF-0016","UNIQUE_OCCURRENCE","DEF","A1DEF-DUP-0016","FALSE_POSITIVE","FALSE_POSITIVE","Resolved at title/abstract/citation-context because the record was off-topic, application-specific, secondary, sequential-only, or methodologically redundant with a verified primary anchor; it was not retained and is not used to support a substantive or absence conclusion.","Resolved at title/abstract/citation-context because the record was off-topic, application-specific, secondary, sequential-only, or methodologically redundant with a verified primary anchor; it was not retained and is not used to support a substantive or absence conclusion.","LEVEL_3_DISCOVERY_ONLY","NOT_RETRIEVED","","","NONE","","audit/phase2a1_raw_search_results/DEF/PHASE2A1-SEARCH-0022_openalex.json","Discovery-only; not used in synthesis or an absence conclusion."
"A1DEF-0017","D-F","PHASE2A1-SEARCH-0022","2026-07-31","OpenAlex","Wilcoxon-Mann-Whitney or t-test? On assumptions for hypothesis tests and multiple interpretations of decision rules","Michael P. Fay; Michael A. Proschan","2010","10.1214/09-ss051","https://openalex.org/W1974828111","A1-DUP-0385","A1DEF-0017","SOURCE_LEDGER_GROUP","DEF","A1DEF-DUP-0017","FALSE_POSITIVE","FALSE_POSITIVE","Resolved at title/abstract/citation-context because the record was off-topic, application-specific, secondary, sequential-only, or methodologically redundant with a verified primary anchor; it was not retained and is not used to support a substantive or absence conclusion.","Resolved at title/abstract/citation-context because the record was off-topic, application-specific, secondary, sequential-only, or methodologically redundant with a verified primary anchor; it was not retained and is not used to support a substantive or absence conclusion.","LEVEL_3_DISCOVERY_ONLY","NOT_RETRIEVED","","","NONE","","audit/phase2a1_raw_search_results/DEF/PHASE2A1-SEARCH-0022_openalex.json","Discovery-only; not used in synthesis or an absence conclusion."
"A1DEF-0018","D-F","PHASE2A1-SEARCH-0022","2026-07-31","OpenAlex","Model Selection and Model Averaging in Phylogenetics: Advantages of Akaike Information Criterion and Bayesian Approaches Over Likelihood Ratio Tests","David Posada; Thomas R. Buckley","2004","10.1080/10635150490522304","https://openalex.org/W2101846955","A1-DUP-0386","A1DEF-0018","SOURCE_LEDGER_GROUP","DEF","A1DEF-DUP-0018","FALSE_POSITIVE","FALSE_POSITIVE","Resolved at title/abstract/citation-context because the record was off-topic, application-specific, secondary, sequential-only, or methodologically redundant with a verified primary anchor; it was not retained and is not used to support a substantive or absence conclusion.","Resolved at title/abstract/citation-context because the record was off-topic, application-specific, secondary, sequential-only, or methodologically redundant with a verified primary anchor; it was not retained and is not used to support a substantive or absence conclusion.","LEVEL_3_DISCOVERY_ONLY","NOT_RETRIEVED","","","NONE","","audit/phase2a1_raw_search_results/DEF/PHASE2A1-SEARCH-0022_openalex.json","Discovery-only; not used in synthesis or an absence conclusion."
"A1DEF-0019","D-F","PHASE2A1-SEARCH-0022","2026-07-31","OpenAlex","On the use of Non-Local Prior Densities in Bayesian Hypothesis Tests","Valen E. Johnson; David Rossell","2010","10.1111/j.1467-9868.2009.00730.x","https://openalex.org/W2053675401","A1-DUP-0387","A1DEF-0019","UNIQUE_OCCURRENCE","DEF","A1DEF-DUP-0019","FALSE_POSITIVE","FALSE_POSITIVE","Resolved at title/abstract/citation-context because the record was off-topic, application-specific, secondary, sequential-only, or methodologically redundant with a verified primary anchor; it was not retained and is not used to support a substantive or absence conclusion.","Resolved at title/abstract/citation-context because the record was off-topic, application-specific, secondary, sequential-only, or methodologically redundant with a verified primary anchor; it was not retained and is not used to support a substantive or absence conclusion.","LEVEL_3_DISCOVERY_ONLY","NOT_RETRIEVED","","","NONE","","audit/phase2a1_raw_search_results/DEF/PHASE2A1-SEARCH-0022_openalex.json","Discovery-only; not used in synthesis or an absence conclusion."
"A1DEF-0020","D-F","PHASE2A1-SEARCH-0022","2026-07-31","OpenAlex","Pitfalls and Opportunities: What Macroeconomists Should Know about Unit Roots","John Y. Campbell; Pierre Perrón","1991","10.1086/654163","https://openalex.org/W3122245991","A1-DUP-0388","A1DEF-0020","UNIQUE_OCCURRENCE","DEF","A1DEF-DUP-0020","FALSE_POSITIVE","FALSE_POSITIVE","Resolved at title/abstract/citation-context because the record was off-topic, application-specific, secondary, sequential-only, or methodologically redundant with a verified primary anchor; it was not retained and is not used to support a substantive or absence conclusion.","Resolved at title/abstract/citation-context because the record was off-topic, application-specific, secondary, sequential-only, or methodologically redundant with a verified primary anchor; it was not retained and is not used to support a substantive or absence conclusion.","LEVEL_3_DISCOVERY_ONLY","NOT_RETRIEVED","","","NONE","","audit/phase2a1_raw_search_results/DEF/PHASE2A1-SEARCH-0022_openalex.json","Discovery-only; not used in synthesis or an absence conclusion."
"A1DEF-0021","D-F","PHASE2A1-SEARCH-0022","2026-07-31","OpenAlex","Panel cointegration tests of the Fisher effect","Joakim Westerlund","2007","10.1002/jae.967","https://openalex.org/W2025507654","A1-DUP-0389","A1DEF-0021","SOURCE_LEDGER_GROUP","DEF","A1DEF-DUP-0021","FALSE_POSITIVE","FALSE_POSITIVE","Resolved at title/abstract/citation-context because the record was off-topic, application-specific, secondary, sequential-only, or methodologically redundant with a verified primary anchor; it was not retained and is not used to support a substantive or absence conclusion.","Resolved at title/abstract/citation-context because the record was off-topic, application-specific, secondary, sequential-only, or methodologically redundant with a verified primary anchor; it was not retained and is not used to support a substantive or absence conclusion.","LEVEL_3_DISCOVERY_ONLY","NOT_RETRIEVED","","","NONE","","audit/phase2a1_raw_search_results/DEF/PHASE2A1-SEARCH-0022_openalex.json","Discovery-only; not used in synthesis or an absence conclusion."
"A1DEF-0022","D-F","PHASE2A1-SEARCH-0022","2026-07-31","OpenAlex","Double/Debiased Machine Learning for Treatment and Structural Parameters","Victor Chernozhukov; Denis Chetverikov; Mert Demirer; Esther Duflo; Christian Hansen; Whitney K. Newey; James M. Robins","2017","10.3386/w23564","https://openalex.org/W2890118063","A1-DUP-0390","A1DEF-0022","SOURCE_LEDGER_GROUP","DEF","A1DEF-DUP-0022","FALSE_POSITIVE","FALSE_POSITIVE","Resolved at title/abstract/citation-context because the record was off-topic, application-specific, secondary, sequential-only, or methodologically redundant with a verified primary anchor; it was not retained and is not used to support a substantive or absence conclusion.","Resolved at title/abstract/citation-context because the record was off-topic, application-specific, secondary, sequential-only, or methodologically redundant with a verified primary anchor; it was not retained and is not used to support a substantive or absence conclusion.","LEVEL_3_DISCOVERY_ONLY","NOT_RETRIEVED","","","NONE","","audit/phase2a1_raw_search_results/DEF/PHASE2A1-SEARCH-0022_openalex.json","Discovery-only; not used in synthesis or an absence conclusion."
"A1DEF-0023","D-F","PHASE2A1-SEARCH-0022","2026-07-31","OpenAlex","Choice of Sample Split in Out-of-Sample Forecast Evaluation","Peter Reinhard Hansen; Allan Timmermann","2012","https://openalex.org/W1526398682","https://openalex.org/W1526398682","A1-DUP-0391","A1DEF-0023","UNIQUE_OCCURRENCE","DEF","A1DEF-DUP-0023","FALSE_POSITIVE","FALSE_POSITIVE","Resolved at title/abstract/citation-context because the record was off-topic, application-specific, secondary, sequential-only, or methodologically redundant with a verified primary anchor; it was not retained and is not used to support a substantive or absence conclusion.","Resolved at title/abstract/citation-context because the record was off-topic, application-specific, secondary, sequential-only, or methodologically redundant with a verified primary anchor; it was not retained and is not used to support a substantive or absence conclusion.","LEVEL_3_DISCOVERY_ONLY","NOT_RETRIEVED","","","NONE","","audit/phase2a1_raw_search_results/DEF/PHASE2A1-SEARCH-0022_openalex.json","Discovery-only; not used in synthesis or an absence conclusion."
"A1DEF-0024","D-F","PHASE2A1-SEARCH-0022","2026-07-31","OpenAlex","Data-Driven Smooth Tests When the Hypothesis is Composite","W.C.M. Kallenberg; Teresa Ledwina","1997","10.1080/01621459.1997.10474065","https://openalex.org/W2132165960","A1-DUP-0392","A1DEF-0024","UNIQUE_OCCURRENCE","DEF","A1DEF-DUP-0024","FALSE_POSITIVE","FALSE_POSITIVE","Resolved at title/abstract/citation-context because the record was off-topic, application-specific, secondary, sequential-only, or methodologically redundant with a verified primary anchor; it was not retained and is not used to support a substantive or absence conclusion.","Resolved at title/abstract/citation-context because the record was off-topic, application-specific, secondary, sequential-only, or methodologically redundant with a verified primary anchor; it was not retained and is not used to support a substantive or absence conclusion.","LEVEL_3_DISCOVERY_ONLY","NOT_RETRIEVED","","","NONE","","audit/phase2a1_raw_search_results/DEF/PHASE2A1-SEARCH-0022_openalex.json","Discovery-only; not used in synthesis or an absence conclusion."
"A1DEF-0025","D-F","PHASE2A1-SEARCH-0022","2026-07-31","OpenAlex","IceCube high-energy starting event sample: Description and flux characterization with 7.5 years of data","R. Abbasi; M. Ackermann; J. Adams; J. A. Aguilar; M. Ahlers; M. Ahrens; Cyril Martin Alispach; A. A. Alves; N. M. Amin; K. Andeen; T. Anderson; I. Ansseau; G. Anton; C. Argüelles; Spencer Axani; X. Bai; Aswathi Balagopal; Anastasia Maria Barbano; S. W. Barwick; Benjamin Bastian; Vedant Basu; V. Baum; S. Baur; R. Bay; J. J. Beatty; K. Becker; J. Becker Tjus; Chiara Bellenghi; S. BenZvi; D. Berley; E. Bernardini; D. Besson; G. Binder; D. Bindig; E. Blaufuss; Summer Blot; S. Böser; O. Botner; J. Böttcher; Etienne Bourbeau; J. Bourbeau; Federica Bradascio; J. Braun; S. Bron; Jannes Brostean-Kaiser; A. Burgman; Raffaela Busse; Michael Campana; C. Chen; D. Chirkin; S. Choi; Brian Clark; K. Clark; Lew Classen; Alan Coleman; G. H. Collin; J. M. Conrad; Paul Coppin; Pablo Correa; D. F. Cowen; R. Cross; Pranav Dave; C. De Clercq; James DeLaunay; H.-P. Dembinski; Kunal Deoskar; S. De Ridder; Abhishek Desai; P. Desiati; K. D. de Vries; G. de Wasseige; M. de With; T. DeYoung; Sukeerthi Dharani; A. Diaz; J. C. Díaz–Vélez; Hrvoje Dujmović; M. Dunkman; M. A. DuVernois; Emily Dvorak; Thomas Ehrhardt; P. Eller; R. Engel; John Evans; P. A. Evenson; S. Fahey; A. R. Fazely; Sebastian Fiedlschuster; Aaron Fienberg; K. Filimonov; C. Finley; Leander Fischer; D. B. Fox; A. Franckowiak; Edward Friedman; Alexander Fritz; Philipp Fürst; T. K. Gaisser; J. S. Gallagher; Erik Ganster","2021","10.1103/physrevd.104.022002","https://openalex.org/W3098322373","A1-DUP-0393","A1DEF-0025","UNIQUE_OCCURRENCE","DEF","A1DEF-DUP-0025","FALSE_POSITIVE","FALSE_POSITIVE","Resolved at title/abstract/citation-context because the record was off-topic, application-specific, secondary, sequential-only, or methodologically redundant with a verified primary anchor; it was not retained and is not used to support a substantive or absence conclusion.","Resolved at title/abstract/citation-context because the record was off-topic, application-specific, secondary, sequential-only, or methodologically redundant with a verified primary anchor; it was not retained and is not used to support a substantive or absence conclusion.","LEVEL_3_DISCOVERY_ONLY","NOT_RETRIEVED","","","NONE","","audit/phase2a1_raw_search_results/DEF/PHASE2A1-SEARCH-0022_openalex.json","Discovery-only; not used in synthesis or an absence conclusion."
"A1DEF-0026","D-F","PHASE2A1-SEARCH-0022","2026-07-31","OpenAlex","Consistent Testing for Stochastic Dominance under General Sampling Schemes","Oliver B. Linton; Esfandiar Maasoumi; Yoon‐Jae Whang","2005","10.1111/j.1467-937x.2005.00350.x","https://openalex.org/W2136168643","A1-DUP-0394","A1DEF-0026","UNIQUE_OCCURRENCE","DEF","A1DEF-DUP-0026","FALSE_POSITIVE","FALSE_POSITIVE","Resolved at title/abstract/citation-context because the record was off-topic, application-specific, secondary, sequential-only, or methodologically redundant with a verified primary anchor; it was not retained and is not used to support a substantive or absence conclusion.","Resolved at title/abstract/citation-context because the record was off-topic, application-specific, secondary, sequential-only, or methodologically redundant with a verified primary anchor; it was not retained and is not used to support a substantive or absence conclusion.","LEVEL_3_DISCOVERY_ONLY","NOT_RETRIEVED","","","NONE","","audit/phase2a1_raw_search_results/DEF/PHASE2A1-SEARCH-0022_openalex.json","Discovery-only; not used in synthesis or an absence conclusion."
"A1DEF-0027","D-F","PHASE2A1-SEARCH-0022","2026-07-31","OpenAlex","Precise determination of the mass of the Higgs boson and tests of compatibility of its couplings with the standard model predictions using proton collisions at 7 and 8 $$\,\text {TeV}$$ TeV","V. Khachatryan; A. M. Sirunyan; A. Tumasyan; W. Adam; T. Bergauer; M. Dragicevic; J. Erö; M. Friedl; R. Frühwirth; V. M. Ghete; C. Hartl; N. Hörmann; J. Hrubec; M. Jeitler; W. Kiesenhofer; V. Knünz; M. Krammer; I. Krätschmer; D. Liko; I. Mikulec; D. Rabady; B. Rahbaran; H. Rohringer; R. Schöfbeck; J. Strauss; W. Treberer-Treberspurg; W. Waltenberger; C.-E. Wulz; V. Mossolov; N. Shumeiko; J. Suarez Gonzalez; S. Alderweireldt; S. Bansal; T. Cornelis; E. A. De Wolf; X. Janssen; A. Knutsson; J. Lauwers; S. Luyckx; S. Ochesanu; R. Rougny; M. Van De Klundert; H. Van Haevermaet; P. Van Mechelen; N. Van Remortel; A. Van Spilbeeck; F. Blekman; S. Blyweert; J. D’Hondt; N. Daci; N. Heracleous; J. Keaveney; S. Lowette; M. Maes; A. Olbrechts; Q. Python; D. Strom; S. Tavernier; W. Van Doninck; P. Van Mulders; G. P. Van Onsem; I. Villella; C. Caillol; B. Clerbaux; G. De Lentdecker; D. Dobur; L. Favart; A. P. R. Gay; A. Grebenyuk; A. Léonard; A. Mohammadi; L. Perniè; A. Randle-conde; T. Reis; T. Ševa; L. Thomas; C. Vander Velde; P. Vanlaer; J. Wang; F. Zenoni; V. Adler; K. Beernaert; L. Benucci; A. Cimmino; S. Costantini; S. Crucy; A. Fagot; G. Garcia; J. Mccartin; A. A. Ocampo Rios; D. Poyraz; D. Ryckbosch; S. Salva Diblen; M. Sigamani; N. Strobbe; F. Thyssen; M. Tytgat; E. Yazgan; N. Zaganidis; S. Başeğmez","2015","10.1140/epjc/s10052-015-3351-7","https://openalex.org/W2079479731","A1-DUP-0395","A1DEF-0027","UNIQUE_OCCURRENCE","DEF","A1DEF-DUP-0027","FALSE_POSITIVE","FALSE_POSITIVE","Resolved at title/abstract/citation-context because the record was off-topic, application-specific, secondary, sequential-only, or methodologically redundant with a verified primary anchor; it was not retained and is not used to support a substantive or absence conclusion.","Resolved at title/abstract/citation-context because the record was off-topic, application-specific, secondary, sequential-only, or methodologically redundant with a verified primary anchor; it was not retained and is not used to support a substantive or absence conclusion.","LEVEL_3_DISCOVERY_ONLY","NOT_RETRIEVED","","","NONE","","audit/phase2a1_raw_search_results/DEF/PHASE2A1-SEARCH-0022_openalex.json","Discovery-only; not used in synthesis or an absence conclusion."
"A1DEF-0028","D-F","PHASE2A1-SEARCH-0022","2026-07-31","OpenAlex","Data driven smooth tests for composite hypotheses","Tadeusz Inglot; W.C.M. Kallenberg; Teresa Ledwina","1997","10.1214/aos/1069362746","https://openalex.org/W2096769784","A1-DUP-0396","A1DEF-0028","UNIQUE_OCCURRENCE","DEF","A1DEF-DUP-0028","FALSE_POSITIVE","FALSE_POSITIVE","Resolved at title/abstract/citation-context because the record was off-topic, application-specific, secondary, sequential-only, or methodologically redundant with a verified primary anchor; it was not retained and is not used to support a substantive or absence conclusion.","Resolved at title/abstract/citation-context because the record was off-topic, application-specific, secondary, sequential-only, or methodologically redundant with a verified primary anchor; it was not retained and is not used to support a substantive or absence conclusion.","LEVEL_3_DISCOVERY_ONLY","NOT_RETRIEVED","","","NONE","","audit/phase2a1_raw_search_results/DEF/PHASE2A1-SEARCH-0022_openalex.json","Discovery-only; not used in synthesis or an absence conclusion."
"A1DEF-0029","D-F","PHASE2A1-SEARCH-0022","2026-07-31","OpenAlex","Could Fisher, Jeffreys and Neyman Have Agreed on Testing?","James O. Berger","2003","10.1214/ss/1056397485","https://openalex.org/W2038290376","A1-DUP-0397","A1DEF-0029","UNIQUE_OCCURRENCE","DEF","A1DEF-DUP-0029","FALSE_POSITIVE","FALSE_POSITIVE","Resolved at title/abstract/citation-context because the record was off-topic, application-specific, secondary, sequential-only, or methodologically redundant with a verified primary anchor; it was not retained and is not used to support a substantive or absence conclusion.","Resolved at title/abstract/citation-context because the record was off-topic, application-specific, secondary, sequential-only, or methodologically redundant with a verified primary anchor; it was not retained and is not used to support a substantive or absence conclusion.","LEVEL_3_DISCOVERY_ONLY","NOT_RETRIEVED","","","NONE","","audit/phase2a1_raw_search_results/DEF/PHASE2A1-SEARCH-0022_openalex.json","Discovery-only; not used in synthesis or an absence conclusion."
"A1DEF-0030","D-F","PHASE2A1-SEARCH-0022","2026-07-31","OpenAlex","Reduced Basis Approximation and a Posteriori Error Estimation for Affinely Parametrized Elliptic Coercive Partial Differential Equations","Gianluigi Rozza; D.B.P. Huynh; A.T. Patera","2008","10.1007/s11831-008-9019-9","https://openalex.org/W2052690618","A1-DUP-0398","A1DEF-0030","UNIQUE_OCCURRENCE","DEF","A1DEF-DUP-0030","FALSE_POSITIVE","FALSE_POSITIVE","Resolved at title/abstract/citation-context because the record was off-topic, application-specific, secondary, sequential-only, or methodologically redundant with a verified primary anchor; it was not retained and is not used to support a substantive or absence conclusion.","Resolved at title/abstract/citation-context because the record was off-topic, application-specific, secondary, sequential-only, or methodologically redundant with a verified primary anchor; it was not retained and is not used to support a substantive or absence conclusion.","LEVEL_3_DISCOVERY_ONLY","NOT_RETRIEVED","","","NONE","","audit/phase2a1_raw_search_results/DEF/PHASE2A1-SEARCH-0022_openalex.json","Discovery-only; not used in synthesis or an absence conclusion."
"A1DEF-0031","D-F","PHASE2A1-SEARCH-0023","2026-07-31","Crossref","Robust Testing for Independent Non Identically Distributed Variables and Markov Chains","Lucien Birgé","1983","10.1007/978-1-4612-5503-1_9","https://doi.org/10.1007/978-1-4612-5503-1_9","A1-DUP-0245","A1AC-0290","SOURCE_LEDGER_GROUP;NORMALIZED_DOI","DEF","A1DEF-DUP-0031","FULL_TEXT_UNAVAILABLE","DUPLICATE","No legally accessible primary full text was found in the bounded publisher/repository/author search; the chapter may contain constructive robust tests for independent non-identically distributed observations and Markov chains, so its guarantee and scope cannot be inferred from metadata.","CROSS_WORKSTREAM_DUPLICATE_OF=A1AC-0290;MATCH_BASIS=SOURCE_LEDGER_GROUP;NORMALIZED_DOI;SOURCE_DISPOSITION=FULL_TEXT_UNAVAILABLE","LEVEL_1_LOAD_BEARING","FULL_TEXT_UNAVAILABLE","","","NONE","","audit/phase2a1_raw_search_results/DEF/PHASE2A1-SEARCH-0023_crossref.json","Not used for a substantive or absence conclusion."
"A1DEF-0032","D-F","PHASE2A1-SEARCH-0023","2026-07-31","Crossref","Testing hypotheses on independent, not identically distributed models","Wolfgang Wefelmeyer","1987","10.1007/978-94-009-3963-9_20","https://doi.org/10.1007/978-94-009-3963-9_20","A1-DUP-0399","A1DEF-0032","SOURCE_LEDGER_GROUP","DEF","A1DEF-DUP-0032","FULL_TEXT_UNAVAILABLE","FULL_TEXT_UNAVAILABLE","No legally accessible primary full text found in the bounded publisher/repository/author search. The authoritative abstract describes an asymptotic power bound under contiguous alternatives, but the primary theorem could not be inspected.","No legally accessible primary full text found in the bounded publisher/repository/author search. The authoritative abstract describes an asymptotic power bound under contiguous alternatives, but the primary theorem could not be inspected.","LEVEL_1_LOAD_BEARING","FULL_TEXT_UNAVAILABLE","","","NONE","","audit/phase2a1_raw_search_results/DEF/PHASE2A1-SEARCH-0023_crossref.json","Not used for a substantive or absence conclusion."
"A1DEF-0033","D-F","PHASE2A1-SEARCH-0023","2026-07-31","Crossref","Maxima of independent, non-identically distributed Gaussian vectors","Sebastian Engelke; Zakhar Kabluchko; Martin Schlather","2015","10.3150/13-bej560","https://doi.org/10.3150/13-bej560","A1-DUP-0400","A1DEF-0033","UNIQUE_OCCURRENCE","DEF","A1DEF-DUP-0033","FALSE_POSITIVE","FALSE_POSITIVE","Resolved at title/abstract/citation-context because the record was off-topic, application-specific, secondary, sequential-only, or methodologically redundant with a verified primary anchor; it was not retained and is not used to support a substantive or absence conclusion.","Resolved at title/abstract/citation-context because the record was off-topic, application-specific, secondary, sequential-only, or methodologically redundant with a verified primary anchor; it was not retained and is not used to support a substantive or absence conclusion.","LEVEL_3_DISCOVERY_ONLY","NOT_RETRIEVED","","","NONE","","audit/phase2a1_raw_search_results/DEF/PHASE2A1-SEARCH-0023_crossref.json","Discovery-only; not used in synthesis or an absence conclusion."
"A1DEF-0034","D-F","PHASE2A1-SEARCH-0023","2026-07-31","Crossref","Robust Estimation in Models for Independent Non-Identically Distributed Data","Rudolf Beran","1982","10.1214/aos/1176345783","https://doi.org/10.1214/aos/1176345783","A1-DUP-0248","A1AC-0293","NORMALIZED_DOI","DEF","A1DEF-DUP-0034","FALSE_POSITIVE","DUPLICATE","Resolved at title/abstract/citation-context because the record was off-topic, application-specific, secondary, sequential-only, or methodologically redundant with a verified primary anchor; it was not retained and is not used to support a substantive or absence conclusion.","CROSS_WORKSTREAM_DUPLICATE_OF=A1AC-0293;MATCH_BASIS=NORMALIZED_DOI;SOURCE_DISPOSITION=FALSE_POSITIVE","LEVEL_3_DISCOVERY_ONLY","NOT_RETRIEVED","","","NONE","","audit/phase2a1_raw_search_results/DEF/PHASE2A1-SEARCH-0023_crossref.json","Discovery-only; not used in synthesis or an absence conclusion."
"A1DEF-0035","D-F","PHASE2A1-SEARCH-0023","2026-07-31","Crossref","Non-asymptotic equipartition properties for independent and identically distributed sources","En-Hui Yang; Jin Meng","2012","10.1109/ita.2012.6181822","https://doi.org/10.1109/ita.2012.6181822","A1-DUP-0401","A1DEF-0035","UNIQUE_OCCURRENCE","DEF","A1DEF-DUP-0035","FALSE_POSITIVE","FALSE_POSITIVE","Resolved at title/abstract/citation-context because the record was off-topic, application-specific, secondary, sequential-only, or methodologically redundant with a verified primary anchor; it was not retained and is not used to support a substantive or absence conclusion.","Resolved at title/abstract/citation-context because the record was off-topic, application-specific, secondary, sequential-only, or methodologically redundant with a verified primary anchor; it was not retained and is not used to support a substantive or absence conclusion.","LEVEL_3_DISCOVERY_ONLY","NOT_RETRIEVED","","","NONE","","audit/phase2a1_raw_search_results/DEF/PHASE2A1-SEARCH-0023_crossref.json","Discovery-only; not used in synthesis or an absence conclusion."
"A1DEF-0036","D-F","PHASE2A1-SEARCH-0023","2026-07-31","Crossref","Asymptotic distribution of independent non identically distributed random vectors given their sum. Functional limit laws for the increments of Lévy processes","Dimbihery Rabenoro","","10.70675/ee22ea3ez985cz46c2zad01zc52f2800b2c5","https://doi.org/10.70675/ee22ea3ez985cz46c2zad01zc52f2800b2c5","A1-DUP-0402","A1DEF-0036","UNIQUE_OCCURRENCE","DEF","A1DEF-DUP-0036","FALSE_POSITIVE","FALSE_POSITIVE","Resolved at title/abstract/citation-context because the record was off-topic, application-specific, secondary, sequential-only, or methodologically redundant with a verified primary anchor; it was not retained and is not used to support a substantive or absence conclusion.","Resolved at title/abstract/citation-context because the record was off-topic, application-specific, secondary, sequential-only, or methodologically redundant with a verified primary anchor; it was not retained and is not used to support a substantive or absence conclusion.","LEVEL_3_DISCOVERY_ONLY","NOT_RETRIEVED","","","NONE","","audit/phase2a1_raw_search_results/DEF/PHASE2A1-SEARCH-0023_crossref.json","Discovery-only; not used in synthesis or an absence conclusion."
"A1DEF-0037","D-F","PHASE2A1-SEARCH-0023","2026-07-31","Crossref","On the uniform approximation of distribution functions of sums of independent non-identically distributed random variables","","1987","10.1515/9783112314227-095","https://doi.org/10.1515/9783112314227-095","A1-DUP-0249","A1AC-0294","NORMALIZED_DOI","DEF","A1DEF-DUP-0037","FALSE_POSITIVE","DUPLICATE","Resolved at title/abstract/citation-context because the record was off-topic, application-specific, secondary, sequential-only, or methodologically redundant with a verified primary anchor; it was not retained and is not used to support a substantive or absence conclusion.","CROSS_WORKSTREAM_DUPLICATE_OF=A1AC-0294;MATCH_BASIS=NORMALIZED_DOI;SOURCE_DISPOSITION=FALSE_POSITIVE","LEVEL_3_DISCOVERY_ONLY","NOT_RETRIEVED","","","NONE","","audit/phase2a1_raw_search_results/DEF/PHASE2A1-SEARCH-0023_crossref.json","Discovery-only; not used in synthesis or an absence conclusion."
"A1DEF-0038","D-F","PHASE2A1-SEARCH-0023","2026-07-31","Crossref","A limit theorem of symmetric statistics for non-identically distributed independent random elements","Mustafid","1990","10.32917/hmj/1206454447","https://doi.org/10.32917/hmj/1206454447","A1-DUP-0403","A1DEF-0038","UNIQUE_OCCURRENCE","DEF","A1DEF-DUP-0038","FALSE_POSITIVE","FALSE_POSITIVE","Resolved at title/abstract/citation-context because the record was off-topic, application-specific, secondary, sequential-only, or methodologically redundant with a verified primary anchor; it was not retained and is not used to support a substantive or absence conclusion.","Resolved at title/abstract/citation-context because the record was off-topic, application-specific, secondary, sequential-only, or methodologically redundant with a verified primary anchor; it was not retained and is not used to support a substantive or absence conclusion.","LEVEL_3_DISCOVERY_ONLY","NOT_RETRIEVED","","","NONE","","audit/phase2a1_raw_search_results/DEF/PHASE2A1-SEARCH-0023_crossref.json","Discovery-only; not used in synthesis or an absence conclusion."
"A1DEF-0039","D-F","PHASE2A1-SEARCH-0023","2026-07-31","Crossref","Large Deviations for the Supremum of Partial Sums of Non-Independent and Non-Identically Distributed Random Variables","Xia Wang; Xiaoya Liu","2026","10.3390/math14081322","https://doi.org/10.3390/math14081322","A1-DUP-0252","A1AC-0297","NORMALIZED_DOI","DEF","A1DEF-DUP-0039","FALSE_POSITIVE","DUPLICATE","Resolved at title/abstract/citation-context because the record was off-topic, application-specific, secondary, sequential-only, or methodologically redundant with a verified primary anchor; it was not retained and is not used to support a substantive or absence conclusion.","CROSS_WORKSTREAM_DUPLICATE_OF=A1AC-0297;MATCH_BASIS=NORMALIZED_DOI;SOURCE_DISPOSITION=FALSE_POSITIVE","LEVEL_3_DISCOVERY_ONLY","NOT_RETRIEVED","","","NONE","","audit/phase2a1_raw_search_results/DEF/PHASE2A1-SEARCH-0023_crossref.json","Discovery-only; not used in synthesis or an absence conclusion."
"A1DEF-0040","D-F","PHASE2A1-SEARCH-0023","2026-07-31","Crossref","Test Based on Independent, but Non‐identically Distributed Random Variables","Jürg Hüsler","1987","10.1002/bimj.4710290408","https://doi.org/10.1002/bimj.4710290408","A1-DUP-0251","A1AC-0296","NORMALIZED_DOI","DEF","A1DEF-DUP-0040","FALSE_POSITIVE","DUPLICATE","Resolved at title/abstract/citation-context because the record was off-topic, application-specific, secondary, sequential-only, or methodologically redundant with a verified primary anchor; it was not retained and is not used to support a substantive or absence conclusion.","CROSS_WORKSTREAM_DUPLICATE_OF=A1AC-0296;MATCH_BASIS=NORMALIZED_DOI;SOURCE_DISPOSITION=FALSE_POSITIVE","LEVEL_3_DISCOVERY_ONLY","NOT_RETRIEVED","","","NONE","","audit/phase2a1_raw_search_results/DEF/PHASE2A1-SEARCH-0023_crossref.json","Discovery-only; not used in synthesis or an absence conclusion."
"A1DEF-0041","D-F","PHASE2A1-SEARCH-0023","2026-07-31","Crossref","On Supervised Classification of Feature Vectors with Independent and Non-Identically Distributed Elements","Farzad Shahrivari; Nikola Zlatanov","2021","10.3390/e23081045","https://doi.org/10.3390/e23081045","A1-DUP-0404","A1DEF-0041","UNIQUE_OCCURRENCE","DEF","A1DEF-DUP-0041","FALSE_POSITIVE","FALSE_POSITIVE","Resolved at title/abstract/citation-context because the record was off-topic, application-specific, secondary, sequential-only, or methodologically redundant with a verified primary anchor; it was not retained and is not used to support a substantive or absence conclusion.","Resolved at title/abstract/citation-context because the record was off-topic, application-specific, secondary, sequential-only, or methodologically redundant with a verified primary anchor; it was not retained and is not used to support a substantive or absence conclusion.","LEVEL_3_DISCOVERY_ONLY","NOT_RETRIEVED","","","NONE","","audit/phase2a1_raw_search_results/DEF/PHASE2A1-SEARCH-0023_crossref.json","Discovery-only; not used in synthesis or an absence conclusion."
"A1DEF-0042","D-F","PHASE2A1-SEARCH-0023","2026-07-31","Crossref","APPLICATIONS OF INDEPENDENT AND IDENTICALLY DISTRIBUTED (IID) RANDOM PROCESSES IN POLARIMETRY AND CLIMATOLOGY","Dan Kestner","","10.37099/mtu.dc.etdr/1700","https://doi.org/10.37099/mtu.dc.etdr/1700","A1-DUP-0405","A1DEF-0042","UNIQUE_OCCURRENCE","DEF","A1DEF-DUP-0042","FALSE_POSITIVE","FALSE_POSITIVE","Resolved at title/abstract/citation-context because the record was off-topic, application-specific, secondary, sequential-only, or methodologically redundant with a verified primary anchor; it was not retained and is not used to support a substantive or absence conclusion.","Resolved at title/abstract/citation-context because the record was off-topic, application-specific, secondary, sequential-only, or methodologically redundant with a verified primary anchor; it was not retained and is not used to support a substantive or absence conclusion.","LEVEL_3_DISCOVERY_ONLY","NOT_RETRIEVED","","","NONE","","audit/phase2a1_raw_search_results/DEF/PHASE2A1-SEARCH-0023_crossref.json","Discovery-only; not used in synthesis or an absence conclusion."
"A1DEF-0043","D-F","PHASE2A1-SEARCH-0023","2026-07-31","Crossref","Structure learning with independent non-identically distributed data","Robert E. Tillman","2009","10.1145/1553374.1553507","https://doi.org/10.1145/1553374.1553507","A1-DUP-0406","A1DEF-0043","UNIQUE_OCCURRENCE","DEF","A1DEF-DUP-0043","FALSE_POSITIVE","FALSE_POSITIVE","Resolved at title/abstract/citation-context because the record was off-topic, application-specific, secondary, sequential-only, or methodologically redundant with a verified primary anchor; it was not retained and is not used to support a substantive or absence conclusion.","Resolved at title/abstract/citation-context because the record was off-topic, application-specific, secondary, sequential-only, or methodologically redundant with a verified primary anchor; it was not retained and is not used to support a substantive or absence conclusion.","LEVEL_3_DISCOVERY_ONLY","NOT_RETRIEVED","","","NONE","","audit/phase2a1_raw_search_results/DEF/PHASE2A1-SEARCH-0023_crossref.json","Discovery-only; not used in synthesis or an absence conclusion."
"A1DEF-0044","D-F","PHASE2A1-SEARCH-0023","2026-07-31","Crossref","Independent Identically Distributed (IID) Random Variables","Konrad Jacobs","1992","10.1007/978-3-0348-8645-1_4","https://doi.org/10.1007/978-3-0348-8645-1_4","A1-DUP-0250","A1AC-0295","NORMALIZED_DOI","DEF","A1DEF-DUP-0044","FALSE_POSITIVE","DUPLICATE","Resolved at title/abstract/citation-context because the record was off-topic, application-specific, secondary, sequential-only, or methodologically redundant with a verified primary anchor; it was not retained and is not used to support a substantive or absence conclusion.","CROSS_WORKSTREAM_DUPLICATE_OF=A1AC-0295;MATCH_BASIS=NORMALIZED_DOI;SOURCE_DISPOSITION=FALSE_POSITIVE","LEVEL_3_DISCOVERY_ONLY","NOT_RETRIEVED","","","NONE","","audit/phase2a1_raw_search_results/DEF/PHASE2A1-SEARCH-0023_crossref.json","Discovery-only; not used in synthesis or an absence conclusion."
"A1DEF-0045","D-F","PHASE2A1-SEARCH-0023","2026-07-31","Crossref","A Hölderian FCLT for some multiparameter summation process of independent non-identically distributed random variables","Vaidotas Zemlys","2008","10.1214/ejp.v13-590","https://doi.org/10.1214/ejp.v13-590","A1-DUP-0255","A1AC-0300","NORMALIZED_DOI","DEF","A1DEF-DUP-0045","FALSE_POSITIVE","DUPLICATE","Resolved at title/abstract/citation-context because the record was off-topic, application-specific, secondary, sequential-only, or methodologically redundant with a verified primary anchor; it was not retained and is not used to support a substantive or absence conclusion.","CROSS_WORKSTREAM_DUPLICATE_OF=A1AC-0300;MATCH_BASIS=NORMALIZED_DOI;SOURCE_DISPOSITION=FALSE_POSITIVE","LEVEL_3_DISCOVERY_ONLY","NOT_RETRIEVED","","","NONE","","audit/phase2a1_raw_search_results/DEF/PHASE2A1-SEARCH-0023_crossref.json","Discovery-only; not used in synthesis or an absence conclusion."
"A1DEF-0046","D-F","PHASE2A1-SEARCH-0024","2026-07-31","OpenAlex","Multiple Hypothesis Testing in Microarray Experiments","Sandrine Dudoit; Juliet Popper Shaffer; Jennifer C. Boldrick","2003","10.1214/ss/1056397487","https://openalex.org/W1965138864","A1-DUP-0407","A1DEF-0046","UNIQUE_OCCURRENCE","DEF","A1DEF-DUP-0046","FALSE_POSITIVE","FALSE_POSITIVE","Resolved at title/abstract/citation-context because the record was off-topic, application-specific, secondary, sequential-only, or methodologically redundant with a verified primary anchor; it was not retained and is not used to support a substantive or absence conclusion.","Resolved at title/abstract/citation-context because the record was off-topic, application-specific, secondary, sequential-only, or methodologically redundant with a verified primary anchor; it was not retained and is not used to support a substantive or absence conclusion.","LEVEL_3_DISCOVERY_ONLY","NOT_RETRIEVED","","","NONE","","audit/phase2a1_raw_search_results/DEF/PHASE2A1-SEARCH-0024_openalex.json","Discovery-only; not used in synthesis or an absence conclusion."
"A1DEF-0047","D-F","PHASE2A1-SEARCH-0024","2026-07-31","OpenAlex","Probing Interactions in Fixed and Multilevel Regression: Inferential and Graphical Techniques","Daniel J. Bauer; Patrick J. Curran","2005","10.1207/s15327906mbr4003_5","https://openalex.org/W2003258289","A1-DUP-0408","A1DEF-0047","UNIQUE_OCCURRENCE","DEF","A1DEF-DUP-0047","FALSE_POSITIVE","FALSE_POSITIVE","Resolved at title/abstract/citation-context because the record was off-topic, application-specific, secondary, sequential-only, or methodologically redundant with a verified primary anchor; it was not retained and is not used to support a substantive or absence conclusion.","Resolved at title/abstract/citation-context because the record was off-topic, application-specific, secondary, sequential-only, or methodologically redundant with a verified primary anchor; it was not retained and is not used to support a substantive or absence conclusion.","LEVEL_3_DISCOVERY_ONLY","NOT_RETRIEVED","","","NONE","","audit/phase2a1_raw_search_results/DEF/PHASE2A1-SEARCH-0024_openalex.json","Discovery-only; not used in synthesis or an absence conclusion."
"A1DEF-0048","D-F","PHASE2A1-SEARCH-0024","2026-07-31","OpenAlex","Model Selection and Model Averaging in Phylogenetics: Advantages of Akaike Information Criterion and Bayesian Approaches Over Likelihood Ratio Tests","David Posada; Thomas R. Buckley","2004","10.1080/10635150490522304","https://openalex.org/W2101846955","A1-DUP-0386","A1DEF-0018","SOURCE_LEDGER_GROUP","DEF","A1DEF-DUP-0018","DUPLICATE","DUPLICATE","Duplicate occurrence of a record already dispositioned in this prospective ledger.","Duplicate occurrence of a record already dispositioned in this prospective ledger.","LEVEL_3_DISCOVERY_ONLY","NOT_APPLICABLE","","","NONE","","audit/phase2a1_raw_search_results/DEF/PHASE2A1-SEARCH-0024_openalex.json","Duplicate search occurrence; retained evidence is attached to the first occurrence."
"A1DEF-0049","D-F","PHASE2A1-SEARCH-0024","2026-07-31","OpenAlex","Consistent Partial Least Squares Path Modeling1","Theo K. Dijkstra; Jörg Henseler","2015","10.25300/misq/2015/39.2.02","https://openalex.org/W2138071797","A1-DUP-0409","A1DEF-0049","UNIQUE_OCCURRENCE","DEF","A1DEF-DUP-0048","FALSE_POSITIVE","FALSE_POSITIVE","Resolved at title/abstract/citation-context because the record was off-topic, application-specific, secondary, sequential-only, or methodologically redundant with a verified primary anchor; it was not retained and is not used to support a substantive or absence conclusion.","Resolved at title/abstract/citation-context because the record was off-topic, application-specific, secondary, sequential-only, or methodologically redundant with a verified primary anchor; it was not retained and is not used to support a substantive or absence conclusion.","LEVEL_3_DISCOVERY_ONLY","NOT_RETRIEVED","","","NONE","","audit/phase2a1_raw_search_results/DEF/PHASE2A1-SEARCH-0024_openalex.json","Discovery-only; not used in synthesis or an absence conclusion."
"A1DEF-0050","D-F","PHASE2A1-SEARCH-0024","2026-07-31","OpenAlex","Empirical Tests of the Pollution Haven Hypothesis When Environmental Regulation is Endogenous","Daniel L. Millimet; Jayjit Roy","2015","10.1002/jae.2451","https://openalex.org/W2169853710","A1-DUP-0410","A1DEF-0050","UNIQUE_OCCURRENCE","DEF","A1DEF-DUP-0049","FALSE_POSITIVE","FALSE_POSITIVE","Resolved at title/abstract/citation-context because the record was off-topic, application-specific, secondary, sequential-only, or methodologically redundant with a verified primary anchor; it was not retained and is not used to support a substantive or absence conclusion.","Resolved at title/abstract/citation-context because the record was off-topic, application-specific, secondary, sequential-only, or methodologically redundant with a verified primary anchor; it was not retained and is not used to support a substantive or absence conclusion.","LEVEL_3_DISCOVERY_ONLY","NOT_RETRIEVED","","","NONE","","audit/phase2a1_raw_search_results/DEF/PHASE2A1-SEARCH-0024_openalex.json","Discovery-only; not used in synthesis or an absence conclusion."
"A1DEF-0051","D-F","PHASE2A1-SEARCH-0024","2026-07-31","OpenAlex","The Composite Nambu-Goldstone Higgs","Giuliano Panico; Andrea Wulzer","2015","10.1007/978-3-319-22617-0","https://openalex.org/W2133687881","A1-DUP-0411","A1DEF-0051","UNIQUE_OCCURRENCE","DEF","A1DEF-DUP-0050","FALSE_POSITIVE","FALSE_POSITIVE","Resolved at title/abstract/citation-context because the record was off-topic, application-specific, secondary, sequential-only, or methodologically redundant with a verified primary anchor; it was not retained and is not used to support a substantive or absence conclusion.","Resolved at title/abstract/citation-context because the record was off-topic, application-specific, secondary, sequential-only, or methodologically redundant with a verified primary anchor; it was not retained and is not used to support a substantive or absence conclusion.","LEVEL_3_DISCOVERY_ONLY","NOT_RETRIEVED","","","NONE","","audit/phase2a1_raw_search_results/DEF/PHASE2A1-SEARCH-0024_openalex.json","Discovery-only; not used in synthesis or an absence conclusion."
"A1DEF-0052","D-F","PHASE2A1-SEARCH-0024","2026-07-31","OpenAlex","Panel cointegration tests of the Fisher effect","Joakim Westerlund","2007","10.1002/jae.967","https://openalex.org/W2025507654","A1-DUP-0389","A1DEF-0021","SOURCE_LEDGER_GROUP","DEF","A1DEF-DUP-0021","DUPLICATE","DUPLICATE","Duplicate occurrence of a record already dispositioned in this prospective ledger.","Duplicate occurrence of a record already dispositioned in this prospective ledger.","LEVEL_3_DISCOVERY_ONLY","NOT_APPLICABLE","","","NONE","","audit/phase2a1_raw_search_results/DEF/PHASE2A1-SEARCH-0024_openalex.json","Duplicate search occurrence; retained evidence is attached to the first occurrence."
"A1DEF-0053","D-F","PHASE2A1-SEARCH-0024","2026-07-31","OpenAlex","Testing general relativity with present and future astrophysical observations","Emanuele Berti; Enrico Barausse; Vítor Cardoso; Leonardo Gualtieri; Paolo Pani; Ulrich Sperhake; Leo C. Stein; Norbert Wex; Kent Yagi; Tessa Baker; C. P. Burgess; Flávio S. Coelho; Daniela D. Doneva; Antonio De Felice; Pedro G. Ferreira; P. C. C. Freire; James Healy; Carlos Herdeiro; Michael Horbatsch; Burkhard Kleihaus; Antoine Klein; Kostas D. Kokkotas; Jutta Kunz; Pablo Laguna; R. N. Lang; Tjonnie G. F. Li; T. B. Littenberg; A. Matas; Saeed Mirshekari; H. Okawa; Eugen Radu; R. O’Shaughnessy; B. S. Sathyaprakash; Chris Van Den Broeck; Hans A. Winther; Helvi Witek; Mir Emad Aghili; Justin Alsing; B. Bolen; L. Bombelli; Sarah Caudill; Liang Chen; Juan Carlos Degollado; Ryuichi Fujita; Caixia Gao; Davide Gerosa; Saeed Kamali; Hector O. Silva; João G. Rosa; L. Sadeghian; Marco O. P. Sampaio; Hajime Sotani; Miguel Zilhão","2015","10.1088/0264-9381/32/24/243001","https://openalex.org/W2116923776","A1-DUP-0412","A1DEF-0053","UNIQUE_OCCURRENCE","DEF","A1DEF-DUP-0051","FALSE_POSITIVE","FALSE_POSITIVE","Resolved at title/abstract/citation-context because the record was off-topic, application-specific, secondary, sequential-only, or methodologically redundant with a verified primary anchor; it was not retained and is not used to support a substantive or absence conclusion.","Resolved at title/abstract/citation-context because the record was off-topic, application-specific, secondary, sequential-only, or methodologically redundant with a verified primary anchor; it was not retained and is not used to support a substantive or absence conclusion.","LEVEL_3_DISCOVERY_ONLY","NOT_RETRIEVED","","","NONE","","audit/phase2a1_raw_search_results/DEF/PHASE2A1-SEARCH-0024_openalex.json","Discovery-only; not used in synthesis or an absence conclusion."
"A1DEF-0054","D-F","PHASE2A1-SEARCH-0024","2026-07-31","OpenAlex","CISS - A Composite Indicator of Systemic Stress in the Financial System","Dániel Holló; Manfred Kremer; Marco Lo Duca","2012","10.2139/ssrn.1611717","https://openalex.org/W2162765294","A1-DUP-0413","A1DEF-0054","UNIQUE_OCCURRENCE","DEF","A1DEF-DUP-0052","FALSE_POSITIVE","FALSE_POSITIVE","Resolved at title/abstract/citation-context because the record was off-topic, application-specific, secondary, sequential-only, or methodologically redundant with a verified primary anchor; it was not retained and is not used to support a substantive or absence conclusion.","Resolved at title/abstract/citation-context because the record was off-topic, application-specific, secondary, sequential-only, or methodologically redundant with a verified primary anchor; it was not retained and is not used to support a substantive or absence conclusion.","LEVEL_3_DISCOVERY_ONLY","NOT_RETRIEVED","","","NONE","","audit/phase2a1_raw_search_results/DEF/PHASE2A1-SEARCH-0024_openalex.json","Discovery-only; not used in synthesis or an absence conclusion."
"A1DEF-0055","D-F","PHASE2A1-SEARCH-0024","2026-07-31","OpenAlex","Population differentiation as a test for selective sweeps","Hua Chen; Nick Patterson; David Reich","2010","10.1101/gr.100545.109","https://openalex.org/W2050340111","A1-DUP-0414","A1DEF-0055","UNIQUE_OCCURRENCE","DEF","A1DEF-DUP-0053","FALSE_POSITIVE","FALSE_POSITIVE","Resolved at title/abstract/citation-context because the record was off-topic, application-specific, secondary, sequential-only, or methodologically redundant with a verified primary anchor; it was not retained and is not used to support a substantive or absence conclusion.","Resolved at title/abstract/citation-context because the record was off-topic, application-specific, secondary, sequential-only, or methodologically redundant with a verified primary anchor; it was not retained and is not used to support a substantive or absence conclusion.","LEVEL_3_DISCOVERY_ONLY","NOT_RETRIEVED","","","NONE","","audit/phase2a1_raw_search_results/DEF/PHASE2A1-SEARCH-0024_openalex.json","Discovery-only; not used in synthesis or an absence conclusion."
"A1DEF-0056","D-F","PHASE2A1-SEARCH-0024","2026-07-31","OpenAlex","The Catechol-O-Methyltransferase Polymorphism: Relations to the Tonic–Phasic Dopamine Hypothesis and Neuropsychiatric Phenotypes","Robert M. Bilder; Jan Volavka; Herbert M. Lachman; Anthony A. Grace","2004","10.1038/sj.npp.1300542","https://openalex.org/W1997343027","A1-DUP-0415","A1DEF-0056","UNIQUE_OCCURRENCE","DEF","A1DEF-DUP-0054","FALSE_POSITIVE","FALSE_POSITIVE","Resolved at title/abstract/citation-context because the record was off-topic, application-specific, secondary, sequential-only, or methodologically redundant with a verified primary anchor; it was not retained and is not used to support a substantive or absence conclusion.","Resolved at title/abstract/citation-context because the record was off-topic, application-specific, secondary, sequential-only, or methodologically redundant with a verified primary anchor; it was not retained and is not used to support a substantive or absence conclusion.","LEVEL_3_DISCOVERY_ONLY","NOT_RETRIEVED","","","NONE","","audit/phase2a1_raw_search_results/DEF/PHASE2A1-SEARCH-0024_openalex.json","Discovery-only; not used in synthesis or an absence conclusion."
"A1DEF-0057","D-F","PHASE2A1-SEARCH-0024","2026-07-31","OpenAlex","A multiple testing correction method for genetic association studies using correlated single nucleotide polymorphisms","Xiaoyi Gao; Joshua Starmer; Eden R. Martin","2008","10.1002/gepi.20310","https://openalex.org/W2105673666","A1-DUP-0416","A1DEF-0057","UNIQUE_OCCURRENCE","DEF","A1DEF-DUP-0055","FALSE_POSITIVE","FALSE_POSITIVE","Resolved at title/abstract/citation-context because the record was off-topic, application-specific, secondary, sequential-only, or methodologically redundant with a verified primary anchor; it was not retained and is not used to support a substantive or absence conclusion.","Resolved at title/abstract/citation-context because the record was off-topic, application-specific, secondary, sequential-only, or methodologically redundant with a verified primary anchor; it was not retained and is not used to support a substantive or absence conclusion.","LEVEL_3_DISCOVERY_ONLY","NOT_RETRIEVED","","","NONE","","audit/phase2a1_raw_search_results/DEF/PHASE2A1-SEARCH-0024_openalex.json","Discovery-only; not used in synthesis or an absence conclusion."
"A1DEF-0058","D-F","PHASE2A1-SEARCH-0024","2026-07-31","OpenAlex","Testing for an Unusual Distribution of Rare Variants","Benjamin M. Neale; Manuel A. Rivas; Benjamin F. Voight; David Altshuler; Bernie Devlin; Marju Orho‐Melander; Sekar Kathiresan; Shaun Purcell; Kathryn Roeder; Mark J. Daly","2011","10.1371/journal.pgen.1001322","https://openalex.org/W2159998163","A1-DUP-0417","A1DEF-0058","UNIQUE_OCCURRENCE","DEF","A1DEF-DUP-0056","FALSE_POSITIVE","FALSE_POSITIVE","Resolved at title/abstract/citation-context because the record was off-topic, application-specific, secondary, sequential-only, or methodologically redundant with a verified primary anchor; it was not retained and is not used to support a substantive or absence conclusion.","Resolved at title/abstract/citation-context because the record was off-topic, application-specific, secondary, sequential-only, or methodologically redundant with a verified primary anchor; it was not retained and is not used to support a substantive or absence conclusion.","LEVEL_3_DISCOVERY_ONLY","NOT_RETRIEVED","","","NONE","","audit/phase2a1_raw_search_results/DEF/PHASE2A1-SEARCH-0024_openalex.json","Discovery-only; not used in synthesis or an absence conclusion."
"A1DEF-0059","D-F","PHASE2A1-SEARCH-0024","2026-07-31","OpenAlex","Inferring the Joint Demographic History of Multiple Populations from Multidimensional SNP Frequency Data","Ryan N. Gutenkunst; Ryan D. Hernandez; Scott Williamson; Carlos D. Bustamante","2009","10.1371/journal.pgen.1000695","https://openalex.org/W2125300654","A1-DUP-0418","A1DEF-0059","UNIQUE_OCCURRENCE","DEF","A1DEF-DUP-0057","FALSE_POSITIVE","FALSE_POSITIVE","Resolved at title/abstract/citation-context because the record was off-topic, application-specific, secondary, sequential-only, or methodologically redundant with a verified primary anchor; it was not retained and is not used to support a substantive or absence conclusion.","Resolved at title/abstract/citation-context because the record was off-topic, application-specific, secondary, sequential-only, or methodologically redundant with a verified primary anchor; it was not retained and is not used to support a substantive or absence conclusion.","LEVEL_3_DISCOVERY_ONLY","NOT_RETRIEVED","","","NONE","","audit/phase2a1_raw_search_results/DEF/PHASE2A1-SEARCH-0024_openalex.json","Discovery-only; not used in synthesis or an absence conclusion."
"A1DEF-0060","D-F","PHASE2A1-SEARCH-0024","2026-07-31","OpenAlex","Through the looking glass: understanding non-inferiority","Jennifer Schumi; Janet Wittes","2011","10.1186/1745-6215-12-106","https://openalex.org/W2128842690","A1-DUP-0419","A1DEF-0060","UNIQUE_OCCURRENCE","DEF","A1DEF-DUP-0058","FALSE_POSITIVE","FALSE_POSITIVE","Resolved at title/abstract/citation-context because the record was off-topic, application-specific, secondary, sequential-only, or methodologically redundant with a verified primary anchor; it was not retained and is not used to support a substantive or absence conclusion.","Resolved at title/abstract/citation-context because the record was off-topic, application-specific, secondary, sequential-only, or methodologically redundant with a verified primary anchor; it was not retained and is not used to support a substantive or absence conclusion.","LEVEL_3_DISCOVERY_ONLY","NOT_RETRIEVED","","","NONE","","audit/phase2a1_raw_search_results/DEF/PHASE2A1-SEARCH-0024_openalex.json","Discovery-only; not used in synthesis or an absence conclusion."
"A1DEF-0061","D-F","PHASE2A1-SEARCH-0025","2026-07-31","Crossref","<i>P</i> Values Maximized Over a Confidence Set for the Nuisance Parameter","Roger L. Berger; Dennis D. Boos","1994","10.1080/01621459.1994.10476836","https://doi.org/10.1080/01621459.1994.10476836","A1-DUP-0420","A1DEF-0061","SOURCE_LEDGER_GROUP","DEF","A1DEF-DUP-0059","FULL_TEXT_INCLUDED","FULL_TEXT_INCLUDED","","","LEVEL_1_LOAD_BEARING","OFFICIAL_REPOSITORY_FULL_TEXT_INSPECTED","Institute of Statistics Mimeo Series 2218 / journal pp. 1012-1013: definition p_beta=sup over a (1-beta) nuisance confidence set plus beta and finite-sample validity argument.","P0062","EXISTING_CORPUS_RECORD","NEW_CORPUS_CANDIDATE","audit/phase2a1_raw_search_results/DEF/PHASE2A1-SEARCH-0025_crossref.json","Fixed-sample exact/conservative uniform Type-I control with nuisance parameters; no Type-II or sample-size guarantee."
"A1DEF-0062","D-F","PHASE2A1-SEARCH-0025","2026-07-31","Crossref","Figure 10: Normal sample test results with the predicted level of confidence value.","","","10.7717/peerj-cs.614/fig-10","https://doi.org/10.7717/peerj-cs.614/fig-10","A1-DUP-0421","A1DEF-0062","UNIQUE_OCCURRENCE","DEF","A1DEF-DUP-0060","FALSE_POSITIVE","FALSE_POSITIVE","Resolved at title/abstract/citation-context because the record was off-topic, application-specific, secondary, sequential-only, or methodologically redundant with a verified primary anchor; it was not retained and is not used to support a substantive or absence conclusion.","Resolved at title/abstract/citation-context because the record was off-topic, application-specific, secondary, sequential-only, or methodologically redundant with a verified primary anchor; it was not retained and is not used to support a substantive or absence conclusion.","LEVEL_3_DISCOVERY_ONLY","NOT_RETRIEVED","","","NONE","","audit/phase2a1_raw_search_results/DEF/PHASE2A1-SEARCH-0025_crossref.json","Discovery-only; not used in synthesis or an absence conclusion."
"A1DEF-0063","D-F","PHASE2A1-SEARCH-0025","2026-07-31","Crossref","ExactVaRTest: Exact Finite-Sample Value-at-Risk Back-Testing","Yujian Chen","2025","10.32614/cran.package.exactvartest","https://doi.org/10.32614/cran.package.exactvartest","A1-DUP-0422","A1DEF-0063","UNIQUE_OCCURRENCE","DEF","A1DEF-DUP-0061","FALSE_POSITIVE","FALSE_POSITIVE","Resolved at title/abstract/citation-context because the record was off-topic, application-specific, secondary, sequential-only, or methodologically redundant with a verified primary anchor; it was not retained and is not used to support a substantive or absence conclusion.","Resolved at title/abstract/citation-context because the record was off-topic, application-specific, secondary, sequential-only, or methodologically redundant with a verified primary anchor; it was not retained and is not used to support a substantive or absence conclusion.","LEVEL_3_DISCOVERY_ONLY","NOT_RETRIEVED","","","NONE","","audit/phase2a1_raw_search_results/DEF/PHASE2A1-SEARCH-0025_crossref.json","Discovery-only; not used in synthesis or an absence conclusion."
"A1DEF-0064","D-F","PHASE2A1-SEARCH-0025","2026-07-31","Crossref","Figure 9: Viral Pneumonia sample test results with a predicted level of confidence value.","","","10.7717/peerj-cs.614/fig-9","https://doi.org/10.7717/peerj-cs.614/fig-9","A1-DUP-0423","A1DEF-0064","UNIQUE_OCCURRENCE","DEF","A1DEF-DUP-0062","FALSE_POSITIVE","FALSE_POSITIVE","Resolved at title/abstract/citation-context because the record was off-topic, application-specific, secondary, sequential-only, or methodologically redundant with a verified primary anchor; it was not retained and is not used to support a substantive or absence conclusion.","Resolved at title/abstract/citation-context because the record was off-topic, application-specific, secondary, sequential-only, or methodologically redundant with a verified primary anchor; it was not retained and is not used to support a substantive or absence conclusion.","LEVEL_3_DISCOVERY_ONLY","NOT_RETRIEVED","","","NONE","","audit/phase2a1_raw_search_results/DEF/PHASE2A1-SEARCH-0025_crossref.json","Discovery-only; not used in synthesis or an absence conclusion."
"A1DEF-0065","D-F","PHASE2A1-SEARCH-0025","2026-07-31","Crossref","Figure 8: COVID-19 sample test results with the predicted level of confidence value.","","","10.7717/peerj-cs.614/fig-8","https://doi.org/10.7717/peerj-cs.614/fig-8","A1-DUP-0424","A1DEF-0065","UNIQUE_OCCURRENCE","DEF","A1DEF-DUP-0063","FALSE_POSITIVE","FALSE_POSITIVE","Resolved at title/abstract/citation-context because the record was off-topic, application-specific, secondary, sequential-only, or methodologically redundant with a verified primary anchor; it was not retained and is not used to support a substantive or absence conclusion.","Resolved at title/abstract/citation-context because the record was off-topic, application-specific, secondary, sequential-only, or methodologically redundant with a verified primary anchor; it was not retained and is not used to support a substantive or absence conclusion.","LEVEL_3_DISCOVERY_ONLY","NOT_RETRIEVED","","","NONE","","audit/phase2a1_raw_search_results/DEF/PHASE2A1-SEARCH-0025_crossref.json","Discovery-only; not used in synthesis or an absence conclusion."
"A1DEF-0066","D-F","PHASE2A1-SEARCH-0025","2026-07-31","Crossref","An Empirical Process P-Value Test When a Nuisance Parameter is Present Under Either or Both Hypotheses","Jonathan B. Hill","2013","10.2139/ssrn.2334406","https://doi.org/10.2139/ssrn.2334406","A1-DUP-0425","A1DEF-0066","UNIQUE_OCCURRENCE","DEF","A1DEF-DUP-0064","FALSE_POSITIVE","FALSE_POSITIVE","Resolved at title/abstract/citation-context because the record was off-topic, application-specific, secondary, sequential-only, or methodologically redundant with a verified primary anchor; it was not retained and is not used to support a substantive or absence conclusion.","Resolved at title/abstract/citation-context because the record was off-topic, application-specific, secondary, sequential-only, or methodologically redundant with a verified primary anchor; it was not retained and is not used to support a substantive or absence conclusion.","LEVEL_3_DISCOVERY_ONLY","NOT_RETRIEVED","","","NONE","","audit/phase2a1_raw_search_results/DEF/PHASE2A1-SEARCH-0025_crossref.json","Discovery-only; not used in synthesis or an absence conclusion."
"A1DEF-0067","D-F","PHASE2A1-SEARCH-0025","2026-07-31","Crossref","Estimation of a Parameter and Its Exact Confidence Interval Following Sequential Sample Size Reestimation Trials","Yi Cheng; Yu Shen","2004","10.1111/j.0006-341x.2004.00246.x","https://doi.org/10.1111/j.0006-341x.2004.00246.x","A1-DUP-0426","A1DEF-0067","UNIQUE_OCCURRENCE","DEF","A1DEF-DUP-0065","FALSE_POSITIVE","FALSE_POSITIVE","Resolved at title/abstract/citation-context because the record was off-topic, application-specific, secondary, sequential-only, or methodologically redundant with a verified primary anchor; it was not retained and is not used to support a substantive or absence conclusion.","Resolved at title/abstract/citation-context because the record was off-topic, application-specific, secondary, sequential-only, or methodologically redundant with a verified primary anchor; it was not retained and is not used to support a substantive or absence conclusion.","LEVEL_3_DISCOVERY_ONLY","NOT_RETRIEVED","","","NONE","","audit/phase2a1_raw_search_results/DEF/PHASE2A1-SEARCH-0025_crossref.json","Discovery-only; not used in synthesis or an absence conclusion."
"A1DEF-0068","D-F","PHASE2A1-SEARCH-0025","2026-07-31","Crossref","ExactCox: Exact Test and Exact Confidence Interval for the Cox Model","Yongwu Shao","2024","10.32614/cran.package.exactcox","https://doi.org/10.32614/cran.package.exactcox","A1-DUP-0427","A1DEF-0068","UNIQUE_OCCURRENCE","DEF","A1DEF-DUP-0066","FALSE_POSITIVE","FALSE_POSITIVE","Resolved at title/abstract/citation-context because the record was off-topic, application-specific, secondary, sequential-only, or methodologically redundant with a verified primary anchor; it was not retained and is not used to support a substantive or absence conclusion.","Resolved at title/abstract/citation-context because the record was off-topic, application-specific, secondary, sequential-only, or methodologically redundant with a verified primary anchor; it was not retained and is not used to support a substantive or absence conclusion.","LEVEL_3_DISCOVERY_ONLY","NOT_RETRIEVED","","","NONE","","audit/phase2a1_raw_search_results/DEF/PHASE2A1-SEARCH-0025_crossref.json","Discovery-only; not used in synthesis or an absence conclusion."
"A1DEF-0069","D-F","PHASE2A1-SEARCH-0025","2026-07-31","Crossref","Table S2: Parameter estimates and 95% confidence intervals derived by model averaging across the confidence set of models","","","10.7717/peerj.7208/supp-2","https://doi.org/10.7717/peerj.7208/supp-2","A1-DUP-0428","A1DEF-0069","UNIQUE_OCCURRENCE","DEF","A1DEF-DUP-0067","FALSE_POSITIVE","FALSE_POSITIVE","Resolved at title/abstract/citation-context because the record was off-topic, application-specific, secondary, sequential-only, or methodologically redundant with a verified primary anchor; it was not retained and is not used to support a substantive or absence conclusion.","Resolved at title/abstract/citation-context because the record was off-topic, application-specific, secondary, sequential-only, or methodologically redundant with a verified primary anchor; it was not retained and is not used to support a substantive or absence conclusion.","LEVEL_3_DISCOVERY_ONLY","NOT_RETRIEVED","","","NONE","","audit/phase2a1_raw_search_results/DEF/PHASE2A1-SEARCH-0025_crossref.json","Discovery-only; not used in synthesis or an absence conclusion."
"A1DEF-0070","D-F","PHASE2A1-SEARCH-0025","2026-07-31","Crossref","Exact two-sample nonparametric confidence, prediction, and tolerance intervals based on ordinary and progressively type-II right censored data","N. Balakrishnan; E. Beutner; E. Cramer","2008","10.1007/s11749-008-0133-7","https://doi.org/10.1007/s11749-008-0133-7","A1-DUP-0429","A1DEF-0070","UNIQUE_OCCURRENCE","DEF","A1DEF-DUP-0068","FALSE_POSITIVE","FALSE_POSITIVE","Resolved at title/abstract/citation-context because the record was off-topic, application-specific, secondary, sequential-only, or methodologically redundant with a verified primary anchor; it was not retained and is not used to support a substantive or absence conclusion.","Resolved at title/abstract/citation-context because the record was off-topic, application-specific, secondary, sequential-only, or methodologically redundant with a verified primary anchor; it was not retained and is not used to support a substantive or absence conclusion.","LEVEL_3_DISCOVERY_ONLY","NOT_RETRIEVED","","","NONE","","audit/phase2a1_raw_search_results/DEF/PHASE2A1-SEARCH-0025_crossref.json","Discovery-only; not used in synthesis or an absence conclusion."
"A1DEF-0071","D-F","PHASE2A1-SEARCH-0025","2026-07-31","Crossref","The Exact Finite Sample Distribution Function of the Limited Information Maximum Likelihood Identifiability Test Statistic","James B. McDonald","1972","10.2307/1913858","https://doi.org/10.2307/1913858","A1-DUP-0430","A1DEF-0071","UNIQUE_OCCURRENCE","DEF","A1DEF-DUP-0069","FALSE_POSITIVE","FALSE_POSITIVE","Resolved at title/abstract/citation-context because the record was off-topic, application-specific, secondary, sequential-only, or methodologically redundant with a verified primary anchor; it was not retained and is not used to support a substantive or absence conclusion.","Resolved at title/abstract/citation-context because the record was off-topic, application-specific, secondary, sequential-only, or methodologically redundant with a verified primary anchor; it was not retained and is not used to support a substantive or absence conclusion.","LEVEL_3_DISCOVERY_ONLY","NOT_RETRIEVED","","","NONE","","audit/phase2a1_raw_search_results/DEF/PHASE2A1-SEARCH-0025_crossref.json","Discovery-only; not used in synthesis or an absence conclusion."
"A1DEF-0072","D-F","PHASE2A1-SEARCH-0025","2026-07-31","Crossref","Using the prior mean of a nuisance parameter","Julián de la Horra","1992","10.1007/bf02562659","https://doi.org/10.1007/bf02562659","A1-DUP-0431","A1DEF-0072","UNIQUE_OCCURRENCE","DEF","A1DEF-DUP-0070","FALSE_POSITIVE","FALSE_POSITIVE","Resolved at title/abstract/citation-context because the record was off-topic, application-specific, secondary, sequential-only, or methodologically redundant with a verified primary anchor; it was not retained and is not used to support a substantive or absence conclusion.","Resolved at title/abstract/citation-context because the record was off-topic, application-specific, secondary, sequential-only, or methodologically redundant with a verified primary anchor; it was not retained and is not used to support a substantive or absence conclusion.","LEVEL_3_DISCOVERY_ONLY","NOT_RETRIEVED","","","NONE","","audit/phase2a1_raw_search_results/DEF/PHASE2A1-SEARCH-0025_crossref.json","Discovery-only; not used in synthesis or an absence conclusion."
"A1DEF-0073","D-F","PHASE2A1-SEARCH-0025","2026-07-31","Crossref","A smoothed p-value test when there is a nuisance parameter under the alternative","Jonathan B. Hill","2024","10.1016/j.jspi.2023.08.001","https://doi.org/10.1016/j.jspi.2023.08.001","A1-DUP-0432","A1DEF-0073","UNIQUE_OCCURRENCE","DEF","A1DEF-DUP-0071","FALSE_POSITIVE","FALSE_POSITIVE","Resolved at title/abstract/citation-context because the record was off-topic, application-specific, secondary, sequential-only, or methodologically redundant with a verified primary anchor; it was not retained and is not used to support a substantive or absence conclusion.","Resolved at title/abstract/citation-context because the record was off-topic, application-specific, secondary, sequential-only, or methodologically redundant with a verified primary anchor; it was not retained and is not used to support a substantive or absence conclusion.","LEVEL_3_DISCOVERY_ONLY","NOT_RETRIEVED","","","NONE","","audit/phase2a1_raw_search_results/DEF/PHASE2A1-SEARCH-0025_crossref.json","Discovery-only; not used in synthesis or an absence conclusion."
"A1DEF-0074","D-F","PHASE2A1-SEARCH-0025","2026-07-31","Crossref","Exact Confidence Intervals in Distributions with One Parameter","Xianggui Qu","2026","10.3390/foundations6030028","https://doi.org/10.3390/foundations6030028","A1-DUP-0433","A1DEF-0074","UNIQUE_OCCURRENCE","DEF","A1DEF-DUP-0072","FALSE_POSITIVE","FALSE_POSITIVE","Resolved at title/abstract/citation-context because the record was off-topic, application-specific, secondary, sequential-only, or methodologically redundant with a verified primary anchor; it was not retained and is not used to support a substantive or absence conclusion.","Resolved at title/abstract/citation-context because the record was off-topic, application-specific, secondary, sequential-only, or methodologically redundant with a verified primary anchor; it was not retained and is not used to support a substantive or absence conclusion.","LEVEL_3_DISCOVERY_ONLY","NOT_RETRIEVED","","","NONE","","audit/phase2a1_raw_search_results/DEF/PHASE2A1-SEARCH-0025_crossref.json","Discovery-only; not used in synthesis or an absence conclusion."
"A1DEF-0075","D-F","PHASE2A1-SEARCH-0025","2026-07-31","Crossref","Non-informative nuisance parameter principle for weighted likelihood test using adaptive significance levels in count data","Andrés Felipe Flórez Rivera","","10.11606/t.45.2020.tde-19102020-141530","https://doi.org/10.11606/t.45.2020.tde-19102020-141530","A1-DUP-0434","A1DEF-0075","UNIQUE_OCCURRENCE","DEF","A1DEF-DUP-0073","FALSE_POSITIVE","FALSE_POSITIVE","Resolved at title/abstract/citation-context because the record was off-topic, application-specific, secondary, sequential-only, or methodologically redundant with a verified primary anchor; it was not retained and is not used to support a substantive or absence conclusion.","Resolved at title/abstract/citation-context because the record was off-topic, application-specific, secondary, sequential-only, or methodologically redundant with a verified primary anchor; it was not retained and is not used to support a substantive or absence conclusion.","LEVEL_3_DISCOVERY_ONLY","NOT_RETRIEVED","","","NONE","","audit/phase2a1_raw_search_results/DEF/PHASE2A1-SEARCH-0025_crossref.json","Discovery-only; not used in synthesis or an absence conclusion."
"A1DEF-0076","D-F","PHASE2A1-SEARCH-0026","2026-07-31","OpenAlex","Bootstrap confidence intervals","Thomas J. DiCiccio; Bradley Efron","1996","10.1214/ss/1032280214","https://openalex.org/W1507985183","A1-DUP-0435","A1DEF-0076","UNIQUE_OCCURRENCE","DEF","A1DEF-DUP-0074","FALSE_POSITIVE","FALSE_POSITIVE","Resolved at title/abstract/citation-context because the record was off-topic, application-specific, secondary, sequential-only, or methodologically redundant with a verified primary anchor; it was not retained and is not used to support a substantive or absence conclusion.","Resolved at title/abstract/citation-context because the record was off-topic, application-specific, secondary, sequential-only, or methodologically redundant with a verified primary anchor; it was not retained and is not used to support a substantive or absence conclusion.","LEVEL_3_DISCOVERY_ONLY","NOT_RETRIEVED","","","NONE","","audit/phase2a1_raw_search_results/DEF/PHASE2A1-SEARCH-0026_openalex.json","Discovery-only; not used in synthesis or an absence conclusion."
"A1DEF-0077","D-F","PHASE2A1-SEARCH-0026","2026-07-31","OpenAlex","The clustering of galaxies in the completed SDSS-III Baryon Oscillation Spectroscopic Survey: cosmological analysis of the DR12 galaxy sample","Shadab Alam; M. Ata; S. Bailey; Florian Beutler; Dmitry Bizyaev; J. Blazek; A. Bolton; Joel R. Brownstein; A. Burden; Chia-Hsun Chuang; Johan Comparat; Antonio J. Cuesta; Kyle Dawson; Daniel J. Eisenstein; S. Escoffier; Héctor Gil-Marín; Jan Niklas Grieb; Nick Hand; Shirley Ho; Karen Kinemuchi; D. Kirkby; Francisco-Shu Kitaura; Elena Malanushenko; Viktor Malanushenko; Claudia Maraston; Cameron K. McBride; Robert C. Nichol; Matthew D. Olmstead; Daniel Oravetz; Nikhil Padmanabhan; N. Palanque‐Delabrouille; Kaike Pan; Marcos Pellejero-Ibáñez; Will J. Percival; Patrick Petitjean; Francisco Prada; Adrian M. Price-Whelan; Beth Reid; Sergio Rodríguez-Torres; Natalie A. Roe; Ashley J. Ross; Nicholas P. Ross; Graziano Rossi; J. A. Rubiño-Martín; Shun Saito; Salvador Salazar-Albornoz; Lado Samushia; Ariel G. Sánchez; Siddharth Satpathy; David J. Schlegel; Donald P. Schneider; Claudia G. Scóccola; Hee‐Jong Seo; E. S. Sheldon; Audrey Simmons; Anže Slosar; Michael A. Strauss; Molly E. C. Swanson; D. Thomas; Jeremy L. Tinker; Rita Tojeiro; M. Vargas-Magaña; J. Alberto Vázquez; Licia Verde; David A. Wake; Yuting Wang; David H. Weinberg; Martin White; W. M. Wood‐Vasey; Christophe Yèche; Idit Zehavi; Zhongxu Zhai; Gong‐Bo Zhao","2017","10.1093/mnras/stx721","https://openalex.org/W2501864044","A1-DUP-0436","A1DEF-0077","UNIQUE_OCCURRENCE","DEF","A1DEF-DUP-0075","FALSE_POSITIVE","FALSE_POSITIVE","Resolved at title/abstract/citation-context because the record was off-topic, application-specific, secondary, sequential-only, or methodologically redundant with a verified primary anchor; it was not retained and is not used to support a substantive or absence conclusion.","Resolved at title/abstract/citation-context because the record was off-topic, application-specific, secondary, sequential-only, or methodologically redundant with a verified primary anchor; it was not retained and is not used to support a substantive or absence conclusion.","LEVEL_3_DISCOVERY_ONLY","NOT_RETRIEVED","","","NONE","","audit/phase2a1_raw_search_results/DEF/PHASE2A1-SEARCH-0026_openalex.json","Discovery-only; not used in synthesis or an absence conclusion."
"A1DEF-0078","D-F","PHASE2A1-SEARCH-0026","2026-07-31","OpenAlex","Wilcoxon-Mann-Whitney or t-test? On assumptions for hypothesis tests and multiple interpretations of decision rules","Michael P. Fay; Michael A. Proschan","2010","10.1214/09-ss051","https://openalex.org/W1974828111","A1-DUP-0385","A1DEF-0017","SOURCE_LEDGER_GROUP","DEF","A1DEF-DUP-0017","DUPLICATE","DUPLICATE","Duplicate occurrence of a record already dispositioned in this prospective ledger.","Duplicate occurrence of a record already dispositioned in this prospective ledger.","LEVEL_3_DISCOVERY_ONLY","NOT_APPLICABLE","","","NONE","","audit/phase2a1_raw_search_results/DEF/PHASE2A1-SEARCH-0026_openalex.json","Duplicate search occurrence; retained evidence is attached to the first occurrence."
"A1DEF-0079","D-F","PHASE2A1-SEARCH-0026","2026-07-31","OpenAlex","Fast Stable Restricted Maximum Likelihood and Marginal Likelihood Estimation of Semiparametric Generalized Linear Models","Simon N. Wood","2010","10.1111/j.1467-9868.2010.00749.x","https://openalex.org/W2119160928","A1-DUP-0437","A1DEF-0079","UNIQUE_OCCURRENCE","DEF","A1DEF-DUP-0076","FALSE_POSITIVE","FALSE_POSITIVE","Resolved at title/abstract/citation-context because the record was off-topic, application-specific, secondary, sequential-only, or methodologically redundant with a verified primary anchor; it was not retained and is not used to support a substantive or absence conclusion.","Resolved at title/abstract/citation-context because the record was off-topic, application-specific, secondary, sequential-only, or methodologically redundant with a verified primary anchor; it was not retained and is not used to support a substantive or absence conclusion.","LEVEL_3_DISCOVERY_ONLY","NOT_RETRIEVED","","","NONE","","audit/phase2a1_raw_search_results/DEF/PHASE2A1-SEARCH-0026_openalex.json","Discovery-only; not used in synthesis or an absence conclusion."
"A1DEF-0080","D-F","PHASE2A1-SEARCH-0026","2026-07-31","OpenAlex","Smoothing Parameter and Model Selection for General Smooth Models","Simon N. Wood; Natalya Pya; Benjamin Säfken","2016","10.1080/01621459.2016.1180986","https://openalex.org/W2593643174","A1-DUP-0438","A1DEF-0080","UNIQUE_OCCURRENCE","DEF","A1DEF-DUP-0077","FALSE_POSITIVE","FALSE_POSITIVE","Resolved at title/abstract/citation-context because the record was off-topic, application-specific, secondary, sequential-only, or methodologically redundant with a verified primary anchor; it was not retained and is not used to support a substantive or absence conclusion.","Resolved at title/abstract/citation-context because the record was off-topic, application-specific, secondary, sequential-only, or methodologically redundant with a verified primary anchor; it was not retained and is not used to support a substantive or absence conclusion.","LEVEL_3_DISCOVERY_ONLY","NOT_RETRIEVED","","","NONE","","audit/phase2a1_raw_search_results/DEF/PHASE2A1-SEARCH-0026_openalex.json","Discovery-only; not used in synthesis or an absence conclusion."
"A1DEF-0081","D-F","PHASE2A1-SEARCH-0026","2026-07-31","OpenAlex","A NICER View of PSR J0030+0451: Millisecond Pulsar Parameter Estimation","T. E. Riley; A. L. Watts; S. Bogdanov; P. S. Ray; R. M. Ludlam; S. Guillot; Z. Arzoumanian; C. L. Baker; A. V. Bilous; D. Chakrabarty; K. C. Gendreau; A. K. Harding; W. C. G. Ho; J. M. Lattimer; S. M. Morsink; T. E. Strohmayer","2019","10.3847/2041-8213/ab481c","https://openalex.org/W2995178730","A1-DUP-0439","A1DEF-0081","UNIQUE_OCCURRENCE","DEF","A1DEF-DUP-0078","FALSE_POSITIVE","FALSE_POSITIVE","Resolved at title/abstract/citation-context because the record was off-topic, application-specific, secondary, sequential-only, or methodologically redundant with a verified primary anchor; it was not retained and is not used to support a substantive or absence conclusion.","Resolved at title/abstract/citation-context because the record was off-topic, application-specific, secondary, sequential-only, or methodologically redundant with a verified primary anchor; it was not retained and is not used to support a substantive or absence conclusion.","LEVEL_3_DISCOVERY_ONLY","NOT_RETRIEVED","","","NONE","","audit/phase2a1_raw_search_results/DEF/PHASE2A1-SEARCH-0026_openalex.json","Discovery-only; not used in synthesis or an absence conclusion."
"A1DEF-0082","D-F","PHASE2A1-SEARCH-0026","2026-07-31","OpenAlex","Double/Debiased Machine Learning for Treatment and Structural Parameters","Victor Chernozhukov; Denis Chetverikov; Mert Demirer; Esther Duflo; Christian Hansen; Whitney K. Newey; James M. Robins","2017","10.3386/w23564","https://openalex.org/W2890118063","A1-DUP-0390","A1DEF-0022","SOURCE_LEDGER_GROUP","DEF","A1DEF-DUP-0022","DUPLICATE","DUPLICATE","Duplicate occurrence of a record already dispositioned in this prospective ledger.","Duplicate occurrence of a record already dispositioned in this prospective ledger.","LEVEL_3_DISCOVERY_ONLY","NOT_APPLICABLE","","","NONE","","audit/phase2a1_raw_search_results/DEF/PHASE2A1-SEARCH-0026_openalex.json","Duplicate search occurrence; retained evidence is attached to the first occurrence."
"A1DEF-0083","D-F","PHASE2A1-SEARCH-0026","2026-07-31","OpenAlex","Properties of statistical tests of neutrality for DNA polymorphism data.","Katy L. Simonsen; Gary A. Churchill; Charles F. Aquadro","1995","10.1093/genetics/141.1.413","https://openalex.org/W2113420705","A1-DUP-0440","A1DEF-0083","SOURCE_LEDGER_GROUP","DEF","A1DEF-DUP-0079","FALSE_POSITIVE","FALSE_POSITIVE","Resolved at title/abstract/citation-context because the record was off-topic, application-specific, secondary, sequential-only, or methodologically redundant with a verified primary anchor; it was not retained and is not used to support a substantive or absence conclusion.","Resolved at title/abstract/citation-context because the record was off-topic, application-specific, secondary, sequential-only, or methodologically redundant with a verified primary anchor; it was not retained and is not used to support a substantive or absence conclusion.","LEVEL_3_DISCOVERY_ONLY","NOT_RETRIEVED","","","NONE","","audit/phase2a1_raw_search_results/DEF/PHASE2A1-SEARCH-0026_openalex.json","Discovery-only; not used in synthesis or an absence conclusion."
"A1DEF-0084","D-F","PHASE2A1-SEARCH-0026","2026-07-31","OpenAlex","Residuals and Influence in Regression","Robert F. Ling; R. Dennis Cook; Sanford Weisberg","1984","10.2307/1269506","https://openalex.org/W2145147745","A1-DUP-0441","A1DEF-0084","UNIQUE_OCCURRENCE","DEF","A1DEF-DUP-0080","FALSE_POSITIVE","FALSE_POSITIVE","Resolved at title/abstract/citation-context because the record was off-topic, application-specific, secondary, sequential-only, or methodologically redundant with a verified primary anchor; it was not retained and is not used to support a substantive or absence conclusion.","Resolved at title/abstract/citation-context because the record was off-topic, application-specific, secondary, sequential-only, or methodologically redundant with a verified primary anchor; it was not retained and is not used to support a substantive or absence conclusion.","LEVEL_3_DISCOVERY_ONLY","NOT_RETRIEVED","","","NONE","","audit/phase2a1_raw_search_results/DEF/PHASE2A1-SEARCH-0026_openalex.json","Discovery-only; not used in synthesis or an absence conclusion."
"A1DEF-0085","D-F","PHASE2A1-SEARCH-0026","2026-07-31","OpenAlex","Smoothing Parameter and Model Selection for General Smooth Models","Simon N. Wood; Natalya Pya; Benjamin Säfken","2017","10.6084/m9.figshare.3405673","https://openalex.org/W3122992882","A1-DUP-0442","A1DEF-0085","UNIQUE_OCCURRENCE","DEF","A1DEF-DUP-0081","FALSE_POSITIVE","FALSE_POSITIVE","Resolved at title/abstract/citation-context because the record was off-topic, application-specific, secondary, sequential-only, or methodologically redundant with a verified primary anchor; it was not retained and is not used to support a substantive or absence conclusion.","Resolved at title/abstract/citation-context because the record was off-topic, application-specific, secondary, sequential-only, or methodologically redundant with a verified primary anchor; it was not retained and is not used to support a substantive or absence conclusion.","LEVEL_3_DISCOVERY_ONLY","NOT_RETRIEVED","","","NONE","","audit/phase2a1_raw_search_results/DEF/PHASE2A1-SEARCH-0026_openalex.json","Discovery-only; not used in synthesis or an absence conclusion."
"A1DEF-0086","D-F","PHASE2A1-SEARCH-0026","2026-07-31","OpenAlex","P Values and Nuisance Parameters","Demortier, Luv","2008","10.5170/cern-2008-001.23","https://openalex.org/W2268205353","A1-DUP-0443","A1DEF-0086","UNIQUE_OCCURRENCE","DEF","A1DEF-DUP-0082","FALSE_POSITIVE","FALSE_POSITIVE","Resolved at title/abstract/citation-context because the record was off-topic, application-specific, secondary, sequential-only, or methodologically redundant with a verified primary anchor; it was not retained and is not used to support a substantive or absence conclusion.","Resolved at title/abstract/citation-context because the record was off-topic, application-specific, secondary, sequential-only, or methodologically redundant with a verified primary anchor; it was not retained and is not used to support a substantive or absence conclusion.","LEVEL_3_DISCOVERY_ONLY","NOT_RETRIEVED","","","NONE","","audit/phase2a1_raw_search_results/DEF/PHASE2A1-SEARCH-0026_openalex.json","Discovery-only; not used in synthesis or an absence conclusion."
"A1DEF-0087","D-F","PHASE2A1-SEARCH-0026","2026-07-31","OpenAlex","A Conditional Approach for Multivariate Extreme Values (with Discussion)","Janet E. Heffernan; Jonathan A. Tawn","2004","10.1111/j.1467-9868.2004.02050.x","https://openalex.org/W2060597638","A1-DUP-0444","A1DEF-0087","UNIQUE_OCCURRENCE","DEF","A1DEF-DUP-0083","FALSE_POSITIVE","FALSE_POSITIVE","Resolved at title/abstract/citation-context because the record was off-topic, application-specific, secondary, sequential-only, or methodologically redundant with a verified primary anchor; it was not retained and is not used to support a substantive or absence conclusion.","Resolved at title/abstract/citation-context because the record was off-topic, application-specific, secondary, sequential-only, or methodologically redundant with a verified primary anchor; it was not retained and is not used to support a substantive or absence conclusion.","LEVEL_3_DISCOVERY_ONLY","NOT_RETRIEVED","","","NONE","","audit/phase2a1_raw_search_results/DEF/PHASE2A1-SEARCH-0026_openalex.json","Discovery-only; not used in synthesis or an absence conclusion."
"A1DEF-0088","D-F","PHASE2A1-SEARCH-0026","2026-07-31","OpenAlex","Monte Carlo Confidence Sets for Identified Sets","Xiaohong Chen; Timothy Christensen; Elie Tamer","2018","10.3982/ecta14525","https://openalex.org/W2951328177","A1-DUP-0445","A1DEF-0088","UNIQUE_OCCURRENCE","DEF","A1DEF-DUP-0084","FALSE_POSITIVE","FALSE_POSITIVE","Resolved at title/abstract/citation-context because the record was off-topic, application-specific, secondary, sequential-only, or methodologically redundant with a verified primary anchor; it was not retained and is not used to support a substantive or absence conclusion.","Resolved at title/abstract/citation-context because the record was off-topic, application-specific, secondary, sequential-only, or methodologically redundant with a verified primary anchor; it was not retained and is not used to support a substantive or absence conclusion.","LEVEL_3_DISCOVERY_ONLY","NOT_RETRIEVED","","","NONE","","audit/phase2a1_raw_search_results/DEF/PHASE2A1-SEARCH-0026_openalex.json","Discovery-only; not used in synthesis or an absence conclusion."
"A1DEF-0089","D-F","PHASE2A1-SEARCH-0026","2026-07-31","OpenAlex","Recent Developments in the Econometrics of Program Evaluation","Guido W. Imbens; Jeffrey M. Wooldridge","2009","10.1257/jel.47.1.5","https://openalex.org/W3121385028","A1-DUP-0446","A1DEF-0089","UNIQUE_OCCURRENCE","DEF","A1DEF-DUP-0085","FALSE_POSITIVE","FALSE_POSITIVE","Resolved at title/abstract/citation-context because the record was off-topic, application-specific, secondary, sequential-only, or methodologically redundant with a verified primary anchor; it was not retained and is not used to support a substantive or absence conclusion.","Resolved at title/abstract/citation-context because the record was off-topic, application-specific, secondary, sequential-only, or methodologically redundant with a verified primary anchor; it was not retained and is not used to support a substantive or absence conclusion.","LEVEL_3_DISCOVERY_ONLY","NOT_RETRIEVED","","","NONE","","audit/phase2a1_raw_search_results/DEF/PHASE2A1-SEARCH-0026_openalex.json","Discovery-only; not used in synthesis or an absence conclusion."
"A1DEF-0090","D-F","PHASE2A1-SEARCH-0026","2026-07-31","OpenAlex","Testing environmental and genetic effects in the presence of spatial autocorrelation","François Rousset; Jean‐Baptiste Ferdy","2014","10.1111/ecog.00566","https://openalex.org/W2140745789","A1-DUP-0447","A1DEF-0090","UNIQUE_OCCURRENCE","DEF","A1DEF-DUP-0086","FALSE_POSITIVE","FALSE_POSITIVE","Resolved at title/abstract/citation-context because the record was off-topic, application-specific, secondary, sequential-only, or methodologically redundant with a verified primary anchor; it was not retained and is not used to support a substantive or absence conclusion.","Resolved at title/abstract/citation-context because the record was off-topic, application-specific, secondary, sequential-only, or methodologically redundant with a verified primary anchor; it was not retained and is not used to support a substantive or absence conclusion.","LEVEL_3_DISCOVERY_ONLY","NOT_RETRIEVED","","","NONE","","audit/phase2a1_raw_search_results/DEF/PHASE2A1-SEARCH-0026_openalex.json","Discovery-only; not used in synthesis or an absence conclusion."
"A1DEF-0091","D-F","PHASE2A1-SEARCH-0027","2026-07-31","Crossref","Minimax Nonparametric Hypothesis Testing: The Case of an Inhomogeneous Alternative","Oleg V. Lepski; Vladimir G. Spokoiny","1999","10.2307/3318439","https://doi.org/10.2307/3318439","A1-DUP-0448","A1DEF-0091","SOURCE_LEDGER_GROUP","DEF","A1DEF-DUP-0087","FALSE_POSITIVE","FALSE_POSITIVE","Resolved at title/abstract/citation-context because the record was off-topic, application-specific, secondary, sequential-only, or methodologically redundant with a verified primary anchor; it was not retained and is not used to support a substantive or absence conclusion.","Resolved at title/abstract/citation-context because the record was off-topic, application-specific, secondary, sequential-only, or methodologically redundant with a verified primary anchor; it was not retained and is not used to support a substantive or absence conclusion.","LEVEL_3_DISCOVERY_ONLY","NOT_RETRIEVED","","","NONE","","audit/phase2a1_raw_search_results/DEF/PHASE2A1-SEARCH-0027_crossref.json","Discovery-only; not used in synthesis or an absence conclusion."
"A1DEF-0092","D-F","PHASE2A1-SEARCH-0027","2026-07-31","Crossref","Minimax nonparametric hypothesis testing for ellipsoids and Besov bodies","Yuri I. Ingster; Irina A. Suslina","2000","10.1051/ps:2000100","https://doi.org/10.1051/ps:2000100","A1-DUP-0040","A1AC-0041","NORMALIZED_DOI","DEF","A1DEF-DUP-0088","FALSE_POSITIVE","DUPLICATE","Resolved at title/abstract/citation-context because the record was off-topic, application-specific, secondary, sequential-only, or methodologically redundant with a verified primary anchor; it was not retained and is not used to support a substantive or absence conclusion.","CROSS_WORKSTREAM_DUPLICATE_OF=A1AC-0041;MATCH_BASIS=NORMALIZED_DOI;SOURCE_DISPOSITION=FALSE_POSITIVE","LEVEL_3_DISCOVERY_ONLY","NOT_RETRIEVED","","","NONE","","audit/phase2a1_raw_search_results/DEF/PHASE2A1-SEARCH-0027_crossref.json","Discovery-only; not used in synthesis or an absence conclusion."
"A1DEF-0093","D-F","PHASE2A1-SEARCH-0027","2026-07-31","Crossref","Asymptotically minimax testing of nonparametric hypotheses","","1987","10.1515/9783112319000-044","https://doi.org/10.1515/9783112319000-044","A1-DUP-0449","A1DEF-0093","UNIQUE_OCCURRENCE","DEF","A1DEF-DUP-0089","FALSE_POSITIVE","FALSE_POSITIVE","Resolved at title/abstract/citation-context because the record was off-topic, application-specific, secondary, sequential-only, or methodologically redundant with a verified primary anchor; it was not retained and is not used to support a substantive or absence conclusion.","Resolved at title/abstract/citation-context because the record was off-topic, application-specific, secondary, sequential-only, or methodologically redundant with a verified primary anchor; it was not retained and is not used to support a substantive or absence conclusion.","LEVEL_3_DISCOVERY_ONLY","NOT_RETRIEVED","","","NONE","","audit/phase2a1_raw_search_results/DEF/PHASE2A1-SEARCH-0027_crossref.json","Discovery-only; not used in synthesis or an absence conclusion."
"A1DEF-0094","D-F","PHASE2A1-SEARCH-0027","2026-07-31","Crossref","Adaptive, Rate‐Optimal Hypothesis Testing in Nonparametric IV Models","Christoph Breunig; Xiaohong Chen","2024","10.3982/ecta18602","https://doi.org/10.3982/ecta18602","A1-DUP-0450","A1DEF-0094","UNIQUE_OCCURRENCE","DEF","A1DEF-DUP-0090","FALSE_POSITIVE","FALSE_POSITIVE","Resolved at title/abstract/citation-context because the record was off-topic, application-specific, secondary, sequential-only, or methodologically redundant with a verified primary anchor; it was not retained and is not used to support a substantive or absence conclusion.","Resolved at title/abstract/citation-context because the record was off-topic, application-specific, secondary, sequential-only, or methodologically redundant with a verified primary anchor; it was not retained and is not used to support a substantive or absence conclusion.","LEVEL_3_DISCOVERY_ONLY","NOT_RETRIEVED","","","NONE","","audit/phase2a1_raw_search_results/DEF/PHASE2A1-SEARCH-0027_crossref.json","Discovery-only; not used in synthesis or an absence conclusion."
"A1DEF-0095","D-F","PHASE2A1-SEARCH-0027","2026-07-31","Crossref","Nonparametric pragmatic hypothesis testing","Rodrigo Ferrari Lucas Lassance","","10.11606/d.104.2022.tde-18112022-174413","https://doi.org/10.11606/d.104.2022.tde-18112022-174413","A1-DUP-0451","A1DEF-0095","UNIQUE_OCCURRENCE","DEF","A1DEF-DUP-0091","FALSE_POSITIVE","FALSE_POSITIVE","Resolved at title/abstract/citation-context because the record was off-topic, application-specific, secondary, sequential-only, or methodologically redundant with a verified primary anchor; it was not retained and is not used to support a substantive or absence conclusion.","Resolved at title/abstract/citation-context because the record was off-topic, application-specific, secondary, sequential-only, or methodologically redundant with a verified primary anchor; it was not retained and is not used to support a substantive or absence conclusion.","LEVEL_3_DISCOVERY_ONLY","NOT_RETRIEVED","","","NONE","","audit/phase2a1_raw_search_results/DEF/PHASE2A1-SEARCH-0027_crossref.json","Discovery-only; not used in synthesis or an absence conclusion."
"A1DEF-0096","D-F","PHASE2A1-SEARCH-0027","2026-07-31","Crossref","Minimax Testing of a Simple Hypothesis Against a Weakly Nonparametric Set of Alternatives","Yu. I. Ingster","1989","10.1137/1133083","https://doi.org/10.1137/1133083","A1-DUP-0452","A1DEF-0096","UNIQUE_OCCURRENCE","DEF","A1DEF-DUP-0092","FALSE_POSITIVE","FALSE_POSITIVE","Resolved at title/abstract/citation-context because the record was off-topic, application-specific, secondary, sequential-only, or methodologically redundant with a verified primary anchor; it was not retained and is not used to support a substantive or absence conclusion.","Resolved at title/abstract/citation-context because the record was off-topic, application-specific, secondary, sequential-only, or methodologically redundant with a verified primary anchor; it was not retained and is not used to support a substantive or absence conclusion.","LEVEL_3_DISCOVERY_ONLY","NOT_RETRIEVED","","","NONE","","audit/phase2a1_raw_search_results/DEF/PHASE2A1-SEARCH-0027_crossref.json","Discovery-only; not used in synthesis or an absence conclusion."
"A1DEF-0097","D-F","PHASE2A1-SEARCH-0027","2026-07-31","Crossref","Nonparametric Hypothesis Testing Report","Loc Nguyen","2018","10.31219/osf.io/3vxmy","https://doi.org/10.31219/osf.io/3vxmy","A1-DUP-0453","A1DEF-0097","UNIQUE_OCCURRENCE","DEF","A1DEF-DUP-0093","FALSE_POSITIVE","FALSE_POSITIVE","Resolved at title/abstract/citation-context because the record was off-topic, application-specific, secondary, sequential-only, or methodologically redundant with a verified primary anchor; it was not retained and is not used to support a substantive or absence conclusion.","Resolved at title/abstract/citation-context because the record was off-topic, application-specific, secondary, sequential-only, or methodologically redundant with a verified primary anchor; it was not retained and is not used to support a substantive or absence conclusion.","LEVEL_3_DISCOVERY_ONLY","NOT_RETRIEVED","","","NONE","","audit/phase2a1_raw_search_results/DEF/PHASE2A1-SEARCH-0027_crossref.json","Discovery-only; not used in synthesis or an absence conclusion."
"A1DEF-0098","D-F","PHASE2A1-SEARCH-0027","2026-07-31","Crossref","Minimax Decentralized Hypothesis Testing","Gökhan Gül","2017","10.1007/978-3-319-49286-5_7","https://doi.org/10.1007/978-3-319-49286-5_7","A1-DUP-0047","A1AC-0050","SOURCE_LEDGER_GROUP;NORMALIZED_DOI","DEF","A1DEF-DUP-0094","FALSE_POSITIVE","DUPLICATE","Resolved at title/abstract/citation-context because the record was off-topic, application-specific, secondary, sequential-only, or methodologically redundant with a verified primary anchor; it was not retained and is not used to support a substantive or absence conclusion.","CROSS_WORKSTREAM_DUPLICATE_OF=A1AC-0050;MATCH_BASIS=SOURCE_LEDGER_GROUP;NORMALIZED_DOI;SOURCE_DISPOSITION=FALSE_POSITIVE","LEVEL_3_DISCOVERY_ONLY","NOT_RETRIEVED","","","NONE","","audit/phase2a1_raw_search_results/DEF/PHASE2A1-SEARCH-0027_crossref.json","Discovery-only; not used in synthesis or an absence conclusion."
"A1DEF-0099","D-F","PHASE2A1-SEARCH-0027","2026-07-31","Crossref","Three Essays on Nonparametric Hypothesis Testing and Stochastic Frontier Analysis","Taining Wang","","10.33915/etd.3930","https://doi.org/10.33915/etd.3930","A1-DUP-0454","A1DEF-0099","UNIQUE_OCCURRENCE","DEF","A1DEF-DUP-0095","FALSE_POSITIVE","FALSE_POSITIVE","Resolved at title/abstract/citation-context because the record was off-topic, application-specific, secondary, sequential-only, or methodologically redundant with a verified primary anchor; it was not retained and is not used to support a substantive or absence conclusion.","Resolved at title/abstract/citation-context because the record was off-topic, application-specific, secondary, sequential-only, or methodologically redundant with a verified primary anchor; it was not retained and is not used to support a substantive or absence conclusion.","LEVEL_3_DISCOVERY_ONLY","NOT_RETRIEVED","","","NONE","","audit/phase2a1_raw_search_results/DEF/PHASE2A1-SEARCH-0027_crossref.json","Discovery-only; not used in synthesis or an absence conclusion."
"A1DEF-0100","D-F","PHASE2A1-SEARCH-0027","2026-07-31","Crossref","ON THE EQUIVALENCE BETWEEN BAYESIAN AND FREQUENTIST NONPARAMETRIC HYPOTHESIS TESTING","Qiuchen Hai","","10.37099/mtu.dc.etdr/507","https://doi.org/10.37099/mtu.dc.etdr/507","A1-DUP-0455","A1DEF-0100","UNIQUE_OCCURRENCE","DEF","A1DEF-DUP-0096","FALSE_POSITIVE","FALSE_POSITIVE","Resolved at title/abstract/citation-context because the record was off-topic, application-specific, secondary, sequential-only, or methodologically redundant with a verified primary anchor; it was not retained and is not used to support a substantive or absence conclusion.","Resolved at title/abstract/citation-context because the record was off-topic, application-specific, secondary, sequential-only, or methodologically redundant with a verified primary anchor; it was not retained and is not used to support a substantive or absence conclusion.","LEVEL_3_DISCOVERY_ONLY","NOT_RETRIEVED","","","NONE","","audit/phase2a1_raw_search_results/DEF/PHASE2A1-SEARCH-0027_crossref.json","Discovery-only; not used in synthesis or an absence conclusion."
"A1DEF-0101","D-F","PHASE2A1-SEARCH-0027","2026-07-31","Crossref","WITHDRAWN: A Nonasymptotic Analysis of Gradient Descent Ascent for Nonconvex-Concave Minimax Problems","Junchi Li","2025","10.21203/rs.3.rs-4971487/v2","https://doi.org/10.21203/rs.3.rs-4971487/v2","A1-DUP-0456","A1DEF-0101","UNIQUE_OCCURRENCE","DEF","A1DEF-DUP-0097","FALSE_POSITIVE","FALSE_POSITIVE","Resolved at title/abstract/citation-context because the record was off-topic, application-specific, secondary, sequential-only, or methodologically redundant with a verified primary anchor; it was not retained and is not used to support a substantive or absence conclusion.","Resolved at title/abstract/citation-context because the record was off-topic, application-specific, secondary, sequential-only, or methodologically redundant with a verified primary anchor; it was not retained and is not used to support a substantive or absence conclusion.","LEVEL_3_DISCOVERY_ONLY","NOT_RETRIEVED","","","NONE","","audit/phase2a1_raw_search_results/DEF/PHASE2A1-SEARCH-0027_crossref.json","Discovery-only; not used in synthesis or an absence conclusion."
"A1DEF-0102","D-F","PHASE2A1-SEARCH-0027","2026-07-31","Crossref","Nonparametric Estimation and Hypothesis Testing in Econometric Models","Aman Ullah","1989","10.1007/978-3-642-51848-5_7","https://doi.org/10.1007/978-3-642-51848-5_7","A1-DUP-0457","A1DEF-0102","UNIQUE_OCCURRENCE","DEF","A1DEF-DUP-0098","FALSE_POSITIVE","FALSE_POSITIVE","Resolved at title/abstract/citation-context because the record was off-topic, application-specific, secondary, sequential-only, or methodologically redundant with a verified primary anchor; it was not retained and is not used to support a substantive or absence conclusion.","Resolved at title/abstract/citation-context because the record was off-topic, application-specific, secondary, sequential-only, or methodologically redundant with a verified primary anchor; it was not retained and is not used to support a substantive or absence conclusion.","LEVEL_3_DISCOVERY_ONLY","NOT_RETRIEVED","","","NONE","","audit/phase2a1_raw_search_results/DEF/PHASE2A1-SEARCH-0027_crossref.json","Discovery-only; not used in synthesis or an absence conclusion."
"A1DEF-0103","D-F","PHASE2A1-SEARCH-0027","2026-07-31","Crossref","Nonparametric Bayes regression, classification and hypothesis testing on manifolds","","2012","10.1017/cbo9781139094764.015","https://doi.org/10.1017/cbo9781139094764.015","A1-DUP-0458","A1DEF-0103","UNIQUE_OCCURRENCE","DEF","A1DEF-DUP-0099","FALSE_POSITIVE","FALSE_POSITIVE","Resolved at title/abstract/citation-context because the record was off-topic, application-specific, secondary, sequential-only, or methodologically redundant with a verified primary anchor; it was not retained and is not used to support a substantive or absence conclusion.","Resolved at title/abstract/citation-context because the record was off-topic, application-specific, secondary, sequential-only, or methodologically redundant with a verified primary anchor; it was not retained and is not used to support a substantive or absence conclusion.","LEVEL_3_DISCOVERY_ONLY","NOT_RETRIEVED","","","NONE","","audit/phase2a1_raw_search_results/DEF/PHASE2A1-SEARCH-0027_crossref.json","Discovery-only; not used in synthesis or an absence conclusion."
"A1DEF-0104","D-F","PHASE2A1-SEARCH-0027","2026-07-31","Crossref","Minimax Hypothesis Testing about the Density Support","Ghislaine Gayraud","2001","10.2307/3318499","https://doi.org/10.2307/3318499","A1-DUP-0053","A1AC-0056","SOURCE_LEDGER_GROUP;NORMALIZED_DOI","DEF","A1DEF-DUP-0100","FALSE_POSITIVE","DUPLICATE","Resolved at title/abstract/citation-context because the record was off-topic, application-specific, secondary, sequential-only, or methodologically redundant with a verified primary anchor; it was not retained and is not used to support a substantive or absence conclusion.","CROSS_WORKSTREAM_DUPLICATE_OF=A1AC-0056;MATCH_BASIS=SOURCE_LEDGER_GROUP;NORMALIZED_DOI;SOURCE_DISPOSITION=FALSE_POSITIVE","LEVEL_3_DISCOVERY_ONLY","NOT_RETRIEVED","","","NONE","","audit/phase2a1_raw_search_results/DEF/PHASE2A1-SEARCH-0027_crossref.json","Discovery-only; not used in synthesis or an absence conclusion."
"A1DEF-0105","D-F","PHASE2A1-SEARCH-0027","2026-07-31","Crossref","Nonparametric Tests","","2014","10.1002/9781118762585.part6","https://doi.org/10.1002/9781118762585.part6","A1-DUP-0459","A1DEF-0105","UNIQUE_OCCURRENCE","DEF","A1DEF-DUP-0101","FALSE_POSITIVE","FALSE_POSITIVE","Resolved at title/abstract/citation-context because the record was off-topic, application-specific, secondary, sequential-only, or methodologically redundant with a verified primary anchor; it was not retained and is not used to support a substantive or absence conclusion.","Resolved at title/abstract/citation-context because the record was off-topic, application-specific, secondary, sequential-only, or methodologically redundant with a verified primary anchor; it was not retained and is not used to support a substantive or absence conclusion.","LEVEL_3_DISCOVERY_ONLY","NOT_RETRIEVED","","","NONE","","audit/phase2a1_raw_search_results/DEF/PHASE2A1-SEARCH-0027_crossref.json","Discovery-only; not used in synthesis or an absence conclusion."
"A1DEF-0106","D-F","PHASE2A1-SEARCH-0028","2026-07-31","OpenAlex","Propagation-Separation Approach for Local Likelihood Estimation","Jörg Polzehl; Vladimir Spokoiny","2005","10.1007/s00440-005-0464-1","https://openalex.org/W2000953144","A1-DUP-0460","A1DEF-0106","UNIQUE_OCCURRENCE","DEF","A1DEF-DUP-0102","FALSE_POSITIVE","FALSE_POSITIVE","Resolved at title/abstract/citation-context because the record was off-topic, application-specific, secondary, sequential-only, or methodologically redundant with a verified primary anchor; it was not retained and is not used to support a substantive or absence conclusion.","Resolved at title/abstract/citation-context because the record was off-topic, application-specific, secondary, sequential-only, or methodologically redundant with a verified primary anchor; it was not retained and is not used to support a substantive or absence conclusion.","LEVEL_3_DISCOVERY_ONLY","NOT_RETRIEVED","","","NONE","","audit/phase2a1_raw_search_results/DEF/PHASE2A1-SEARCH-0028_openalex.json","Discovery-only; not used in synthesis or an absence conclusion."
"A1DEF-0107","D-F","PHASE2A1-SEARCH-0028","2026-07-31","OpenAlex","Minimax testing of a composite null hypothesis defined via a quadratic functional in the model of regression","Laëtitia Comminges; Arnak S. Dalalyan","2013","10.1214/13-ejs766","https://openalex.org/W2063519358","A1-DUP-0001","A1AC-0001","SOURCE_LEDGER_GROUP;NORMALIZED_DOI","DEF","A1DEF-DUP-0103","FULL_TEXT_INCLUDED","DUPLICATE","","CROSS_WORKSTREAM_DUPLICATE_OF=A1AC-0001;MATCH_BASIS=SOURCE_LEDGER_GROUP;NORMALIZED_DOI;SOURCE_DISPOSITION=FULL_TEXT_INCLUDED","LEVEL_1_LOAD_BEARING","AUTHOR_MANUSCRIPT_FULL_TEXT_INSPECTED","Section 1 equations (1)-(4); Proposition 1 and Proposition 2; Theorem 1 and Theorem 2; proofs in Section 5.","","DUPLICATE_OF_EXISTING_CORPUS","NEW_CORPUS_CANDIDATE","audit/phase2a1_raw_search_results/DEF/PHASE2A1-SEARCH-0028_openalex.json","Structured composite-versus-composite minimax regression testing is established, but the error and lower-bound statements are asymptotic (gamma+o(1)), not exact finite-sample."
"A1DEF-0108","D-F","PHASE2A1-SEARCH-0028","2026-07-31","OpenAlex","Two-sample hypothesis testing for inhomogeneous random graphs","Debarghya Ghoshdastidar; Maurilio Gutzeit; Alexandra Carpentier; Ulrike von Luxburg","2020","10.1214/19-aos1884","https://openalex.org/W2748846107","A1-DUP-0461","A1DEF-0108","SOURCE_LEDGER_GROUP","DEF","A1DEF-DUP-0104","FALSE_POSITIVE","FALSE_POSITIVE","Resolved at title/abstract/citation-context because the record was off-topic, application-specific, secondary, sequential-only, or methodologically redundant with a verified primary anchor; it was not retained and is not used to support a substantive or absence conclusion.","Resolved at title/abstract/citation-context because the record was off-topic, application-specific, secondary, sequential-only, or methodologically redundant with a verified primary anchor; it was not retained and is not used to support a substantive or absence conclusion.","LEVEL_3_DISCOVERY_ONLY","NOT_RETRIEVED","","","NONE","","audit/phase2a1_raw_search_results/DEF/PHASE2A1-SEARCH-0028_openalex.json","Discovery-only; not used in synthesis or an absence conclusion."
"A1DEF-0109","D-F","PHASE2A1-SEARCH-0028","2026-07-31","OpenAlex","Minimax hypothesis testing for curve registration","Olivier Collier","2012","10.1214/12-ejs706","https://openalex.org/W2059402105","A1-DUP-0168","A1AC-0194","NORMALIZED_DOI","DEF","A1DEF-DUP-0105","FALSE_POSITIVE","DUPLICATE","Resolved at title/abstract/citation-context because the record was off-topic, application-specific, secondary, sequential-only, or methodologically redundant with a verified primary anchor; it was not retained and is not used to support a substantive or absence conclusion.","CROSS_WORKSTREAM_DUPLICATE_OF=A1AC-0194;MATCH_BASIS=NORMALIZED_DOI;SOURCE_DISPOSITION=FALSE_POSITIVE","LEVEL_3_DISCOVERY_ONLY","NOT_RETRIEVED","","","NONE","","audit/phase2a1_raw_search_results/DEF/PHASE2A1-SEARCH-0028_openalex.json","Discovery-only; not used in synthesis or an absence conclusion."
"A1DEF-0110","D-F","PHASE2A1-SEARCH-0028","2026-07-31","OpenAlex","Minimax optimality of permutation tests","Ilmun Kim; Sivaraman Balakrishnan; Larry Wasserman","2020","10.48550/arxiv.2003.13208","https://openalex.org/W3013156811","A1-DUP-0462","A1DEF-0110","UNIQUE_OCCURRENCE","DEF","A1DEF-DUP-0106","FALSE_POSITIVE","FALSE_POSITIVE","Resolved at title/abstract/citation-context because the record was off-topic, application-specific, secondary, sequential-only, or methodologically redundant with a verified primary anchor; it was not retained and is not used to support a substantive or absence conclusion.","Resolved at title/abstract/citation-context because the record was off-topic, application-specific, secondary, sequential-only, or methodologically redundant with a verified primary anchor; it was not retained and is not used to support a substantive or absence conclusion.","LEVEL_3_DISCOVERY_ONLY","NOT_RETRIEVED","","","NONE","","audit/phase2a1_raw_search_results/DEF/PHASE2A1-SEARCH-0028_openalex.json","Discovery-only; not used in synthesis or an absence conclusion."
"A1DEF-0111","D-F","PHASE2A1-SEARCH-0028","2026-07-31","OpenAlex","On combinatorial testing problems","Louigi Addario‐Berry; Nicolas Broutin; Luc Devroye; Gábor Lugosi","2010","10.1214/10-aos817","https://openalex.org/W2166043450","A1-DUP-0038","A1AC-0039","SOURCE_LEDGER_GROUP;NORMALIZED_DOI","DEF","A1DEF-DUP-0107","FALSE_POSITIVE","DUPLICATE","Resolved at title/abstract/citation-context because the record was off-topic, application-specific, secondary, sequential-only, or methodologically redundant with a verified primary anchor; it was not retained and is not used to support a substantive or absence conclusion.","CROSS_WORKSTREAM_DUPLICATE_OF=A1AC-0039;MATCH_BASIS=SOURCE_LEDGER_GROUP;NORMALIZED_DOI;SOURCE_DISPOSITION=FALSE_POSITIVE","LEVEL_3_DISCOVERY_ONLY","NOT_RETRIEVED","","","DUPLICATE_OF_EXISTING_CORPUS","","audit/phase2a1_raw_search_results/DEF/PHASE2A1-SEARCH-0028_openalex.json","Discovery-only; not used in synthesis or an absence conclusion."
"A1DEF-0112","D-F","PHASE2A1-SEARCH-0028","2026-07-31","OpenAlex","Optimal estimation and rank detection for sparse spiked covariance matrices","Tommaso Cai; Zongming Ma; Yihong Wu","2014","10.1007/s00440-014-0562-z","https://openalex.org/W2051623559","A1-DUP-0463","A1DEF-0112","UNIQUE_OCCURRENCE","DEF","A1DEF-DUP-0108","FALSE_POSITIVE","FALSE_POSITIVE","Resolved at title/abstract/citation-context because the record was off-topic, application-specific, secondary, sequential-only, or methodologically redundant with a verified primary anchor; it was not retained and is not used to support a substantive or absence conclusion.","Resolved at title/abstract/citation-context because the record was off-topic, application-specific, secondary, sequential-only, or methodologically redundant with a verified primary anchor; it was not retained and is not used to support a substantive or absence conclusion.","LEVEL_3_DISCOVERY_ONLY","NOT_RETRIEVED","","","NONE","","audit/phase2a1_raw_search_results/DEF/PHASE2A1-SEARCH-0028_openalex.json","Discovery-only; not used in synthesis or an absence conclusion."
"A1DEF-0113","D-F","PHASE2A1-SEARCH-0028","2026-07-31","OpenAlex","Optimal nonparametric inference via deep neural network","Ruiqi Liu; Ben Boukai; Zuofeng Shang","2021","10.1016/j.jmaa.2021.125561","https://openalex.org/W3190727821","A1-DUP-0464","A1DEF-0113","UNIQUE_OCCURRENCE","DEF","A1DEF-DUP-0109","FALSE_POSITIVE","FALSE_POSITIVE","Resolved at title/abstract/citation-context because the record was off-topic, application-specific, secondary, sequential-only, or methodologically redundant with a verified primary anchor; it was not retained and is not used to support a substantive or absence conclusion.","Resolved at title/abstract/citation-context because the record was off-topic, application-specific, secondary, sequential-only, or methodologically redundant with a verified primary anchor; it was not retained and is not used to support a substantive or absence conclusion.","LEVEL_3_DISCOVERY_ONLY","NOT_RETRIEVED","","","NONE","","audit/phase2a1_raw_search_results/DEF/PHASE2A1-SEARCH-0028_openalex.json","Discovery-only; not used in synthesis or an absence conclusion."
"A1DEF-0114","D-F","PHASE2A1-SEARCH-0028","2026-07-31","OpenAlex","High-dimensional change-point detection under sparse alternatives","Farida Enikeeva; Zaïd Harchaoui","2019","10.1214/18-aos1740","https://openalex.org/W2963416868","A1-DUP-0011","A1AC-0011","SOURCE_LEDGER_GROUP;NORMALIZED_DOI","DEF","A1DEF-DUP-0110","FALSE_POSITIVE","DUPLICATE","Resolved at title/abstract/citation-context because the record was off-topic, application-specific, secondary, sequential-only, or methodologically redundant with a verified primary anchor; it was not retained and is not used to support a substantive or absence conclusion.","CROSS_WORKSTREAM_DUPLICATE_OF=A1AC-0011;MATCH_BASIS=SOURCE_LEDGER_GROUP;NORMALIZED_DOI;SOURCE_DISPOSITION=FALSE_POSITIVE","LEVEL_3_DISCOVERY_ONLY","NOT_RETRIEVED","","","NONE","","audit/phase2a1_raw_search_results/DEF/PHASE2A1-SEARCH-0028_openalex.json","Discovery-only; not used in synthesis or an absence conclusion."
"A1DEF-0115","D-F","PHASE2A1-SEARCH-0028","2026-07-31","OpenAlex","Minimax risks for sparse regressions: Ultra-high dimensional phenomenons","Nicolas Verzélen","2012","10.1214/12-ejs666","https://openalex.org/W1992898147","A1-DUP-0156","A1AC-0180","SOURCE_LEDGER_GROUP;NORMALIZED_DOI","DEF","A1DEF-DUP-0111","FALSE_POSITIVE","DUPLICATE","Resolved at title/abstract/citation-context because the record was off-topic, application-specific, secondary, sequential-only, or methodologically redundant with a verified primary anchor; it was not retained and is not used to support a substantive or absence conclusion.","CROSS_WORKSTREAM_DUPLICATE_OF=A1AC-0180;MATCH_BASIS=SOURCE_LEDGER_GROUP;NORMALIZED_DOI;SOURCE_DISPOSITION=FALSE_POSITIVE","LEVEL_3_DISCOVERY_ONLY","NOT_RETRIEVED","","","NONE","","audit/phase2a1_raw_search_results/DEF/PHASE2A1-SEARCH-0028_openalex.json","Discovery-only; not used in synthesis or an absence conclusion."
"A1DEF-0116","D-F","PHASE2A1-SEARCH-0028","2026-07-31","OpenAlex","Minimax estimation of linear and quadratic functionals on sparsity classes","Olivier Collier; Laëtitia Comminges; Alexandre B. Tsybakov","2017","10.1214/15-aos1432","https://openalex.org/W1514469695","A1-DUP-0465","A1DEF-0116","UNIQUE_OCCURRENCE","DEF","A1DEF-DUP-0112","FALSE_POSITIVE","FALSE_POSITIVE","Resolved at title/abstract/citation-context because the record was off-topic, application-specific, secondary, sequential-only, or methodologically redundant with a verified primary anchor; it was not retained and is not used to support a substantive or absence conclusion.","Resolved at title/abstract/citation-context because the record was off-topic, application-specific, secondary, sequential-only, or methodologically redundant with a verified primary anchor; it was not retained and is not used to support a substantive or absence conclusion.","LEVEL_3_DISCOVERY_ONLY","NOT_RETRIEVED","","","NONE","","audit/phase2a1_raw_search_results/DEF/PHASE2A1-SEARCH-0028_openalex.json","Discovery-only; not used in synthesis or an absence conclusion."
"A1DEF-0117","D-F","PHASE2A1-SEARCH-0028","2026-07-31","OpenAlex","Learning models with uniform performance via distributionally robust optimization","John C. Duchi; Hongseok Namkoong","2021","10.1214/20-aos2004","https://openalex.org/W2896534181","A1-DUP-0063","A1AC-0070","SOURCE_LEDGER_GROUP;NORMALIZED_DOI","DEF","A1DEF-DUP-0113","FALSE_POSITIVE","DUPLICATE","Resolved at title/abstract/citation-context because the record was off-topic, application-specific, secondary, sequential-only, or methodologically redundant with a verified primary anchor; it was not retained and is not used to support a substantive or absence conclusion.","CROSS_WORKSTREAM_DUPLICATE_OF=A1AC-0070;MATCH_BASIS=SOURCE_LEDGER_GROUP;NORMALIZED_DOI;SOURCE_DISPOSITION=FALSE_POSITIVE","LEVEL_3_DISCOVERY_ONLY","NOT_RETRIEVED","","","NONE","","audit/phase2a1_raw_search_results/DEF/PHASE2A1-SEARCH-0028_openalex.json","Discovery-only; not used in synthesis or an absence conclusion."
"A1DEF-0118","D-F","PHASE2A1-SEARCH-0028","2026-07-31","OpenAlex","E-detectors: A Nonparametric Framework for Sequential Change Detection","Jaehyeok Shin; Aaditya Ramdas; Alessandro Rinaldo","2023","10.51387/23-nejsds51","https://openalex.org/W4389226123","A1-DUP-0466","A1DEF-0118","UNIQUE_OCCURRENCE","DEF","A1DEF-DUP-0114","FALSE_POSITIVE","FALSE_POSITIVE","Resolved at title/abstract/citation-context because the record was off-topic, application-specific, secondary, sequential-only, or methodologically redundant with a verified primary anchor; it was not retained and is not used to support a substantive or absence conclusion.","Resolved at title/abstract/citation-context because the record was off-topic, application-specific, secondary, sequential-only, or methodologically redundant with a verified primary anchor; it was not retained and is not used to support a substantive or absence conclusion.","LEVEL_3_DISCOVERY_ONLY","NOT_RETRIEVED","","","NONE","","audit/phase2a1_raw_search_results/DEF/PHASE2A1-SEARCH-0028_openalex.json","Discovery-only; not used in synthesis or an absence conclusion."
"A1DEF-0119","D-F","PHASE2A1-SEARCH-0028","2026-07-31","OpenAlex","Federated Nonparametric Hypothesis Testing with Differential Privacy Constraints: Optimal Rates and Adaptive Tests","Tommaso Cai; Abhinav Chakraborty; Lasse Vuursteen","2024","10.48550/arxiv.2406.06749","https://openalex.org/W4399597572","A1-DUP-0467","A1DEF-0119","UNIQUE_OCCURRENCE","DEF","A1DEF-DUP-0115","FALSE_POSITIVE","FALSE_POSITIVE","Resolved at title/abstract/citation-context because the record was off-topic, application-specific, secondary, sequential-only, or methodologically redundant with a verified primary anchor; it was not retained and is not used to support a substantive or absence conclusion.","Resolved at title/abstract/citation-context because the record was off-topic, application-specific, secondary, sequential-only, or methodologically redundant with a verified primary anchor; it was not retained and is not used to support a substantive or absence conclusion.","LEVEL_3_DISCOVERY_ONLY","NOT_RETRIEVED","","","NONE","","audit/phase2a1_raw_search_results/DEF/PHASE2A1-SEARCH-0028_openalex.json","Discovery-only; not used in synthesis or an absence conclusion."
"A1DEF-0120","D-F","PHASE2A1-SEARCH-0028","2026-07-31","OpenAlex","Minimax and adaptive tests for detecting abrupt and possibly transitory changes in a Poisson process","Magalie Fromont; Fabrice Grela; Ronan Le Guével","2023","10.1214/23-ejs2152","https://openalex.org/W3168398747","A1-DUP-0468","A1DEF-0120","UNIQUE_OCCURRENCE","DEF","A1DEF-DUP-0116","FALSE_POSITIVE","FALSE_POSITIVE","Resolved at title/abstract/citation-context because the record was off-topic, application-specific, secondary, sequential-only, or methodologically redundant with a verified primary anchor; it was not retained and is not used to support a substantive or absence conclusion.","Resolved at title/abstract/citation-context because the record was off-topic, application-specific, secondary, sequential-only, or methodologically redundant with a verified primary anchor; it was not retained and is not used to support a substantive or absence conclusion.","LEVEL_3_DISCOVERY_ONLY","NOT_RETRIEVED","","","NONE","","audit/phase2a1_raw_search_results/DEF/PHASE2A1-SEARCH-0028_openalex.json","Discovery-only; not used in synthesis or an absence conclusion."
"A1DEF-0121","D-F","PHASE2A1-SEARCH-0029","2026-07-31","Crossref","Testing the General Linear Hypothesis","","2015","10.1017/cbo9781107588080.008","https://doi.org/10.1017/cbo9781107588080.008","A1-DUP-0469","A1DEF-0121","UNIQUE_OCCURRENCE","DEF","A1DEF-DUP-0117","FALSE_POSITIVE","FALSE_POSITIVE","Resolved at title/abstract/citation-context because the record was off-topic, application-specific, secondary, sequential-only, or methodologically redundant with a verified primary anchor; it was not retained and is not used to support a substantive or absence conclusion.","Resolved at title/abstract/citation-context because the record was off-topic, application-specific, secondary, sequential-only, or methodologically redundant with a verified primary anchor; it was not retained and is not used to support a substantive or absence conclusion.","LEVEL_3_DISCOVERY_ONLY","NOT_RETRIEVED","","","NONE","","audit/phase2a1_raw_search_results/DEF/PHASE2A1-SEARCH-0029_crossref.json","Discovery-only; not used in synthesis or an absence conclusion."
"A1DEF-0122","D-F","PHASE2A1-SEARCH-0029","2026-07-31","Crossref","Hypothesis testing for densities and high-dimensional multinomials: Sharp local minimax rates","Sivaraman Balakrishnan; Larry Wasserman","2019","10.1214/18-aos1729","https://doi.org/10.1214/18-aos1729","A1-DUP-0470","A1DEF-0122","UNIQUE_OCCURRENCE","DEF","A1DEF-DUP-0118","FULL_TEXT_INCLUDED","FULL_TEXT_INCLUDED","","","LEVEL_1_LOAD_BEARING","AUTHOR_MANUSCRIPT_FULL_TEXT_INSPECTED","Definition of level, worst Type-II error and local minimax critical radius; Theorem 1 (truncated chi-square); main Lipschitz-class theorem and matching lower bound.","P0063","EXISTING_CORPUS_RECORD","NEW_CORPUS_CANDIDATE","audit/phase2a1_raw_search_results/DEF/PHASE2A1-SEARCH-0029_crossref.json","Constructive nonasymptotic goodness-of-fit tests and minimax lower bounds for separated composite alternatives, not a general composite-null design theorem."
"A1DEF-0123","D-F","PHASE2A1-SEARCH-0029","2026-07-31","Crossref","Hypothesis Testing","","2009","10.1017/cbo9780511806957.004","https://doi.org/10.1017/cbo9780511806957.004","A1-DUP-0021","A1AC-0021","SOURCE_LEDGER_GROUP;NORMALIZED_DOI","DEF","A1DEF-DUP-0001","DUPLICATE","DUPLICATE","Duplicate occurrence of a record already dispositioned in this prospective ledger.","Duplicate occurrence of a record already dispositioned in this prospective ledger.","LEVEL_3_DISCOVERY_ONLY","NOT_APPLICABLE","","","NONE","","audit/phase2a1_raw_search_results/DEF/PHASE2A1-SEARCH-0029_crossref.json","Duplicate search occurrence; retained evidence is attached to the first occurrence."
"A1DEF-0124","D-F","PHASE2A1-SEARCH-0029","2026-07-31","Crossref","Minimax Lower Bounds","Christophe Giraud","2021","10.1201/9781003158745-3","https://doi.org/10.1201/9781003158745-3","A1-DUP-0471","A1DEF-0124","UNIQUE_OCCURRENCE","DEF","A1DEF-DUP-0119","FALSE_POSITIVE","FALSE_POSITIVE","Resolved at title/abstract/citation-context because the record was off-topic, application-specific, secondary, sequential-only, or methodologically redundant with a verified primary anchor; it was not retained and is not used to support a substantive or absence conclusion.","Resolved at title/abstract/citation-context because the record was off-topic, application-specific, secondary, sequential-only, or methodologically redundant with a verified primary anchor; it was not retained and is not used to support a substantive or absence conclusion.","LEVEL_3_DISCOVERY_ONLY","NOT_RETRIEVED","","","NONE","","audit/phase2a1_raw_search_results/DEF/PHASE2A1-SEARCH-0029_crossref.json","Discovery-only; not used in synthesis or an absence conclusion."
"A1DEF-0125","D-F","PHASE2A1-SEARCH-0029","2026-07-31","Crossref","Minimax lower bounds","","2019","10.1017/9781108627771.015","https://doi.org/10.1017/9781108627771.015","A1-DUP-0472","A1DEF-0125","UNIQUE_OCCURRENCE","DEF","A1DEF-DUP-0120","FALSE_POSITIVE","FALSE_POSITIVE","Resolved at title/abstract/citation-context because the record was off-topic, application-specific, secondary, sequential-only, or methodologically redundant with a verified primary anchor; it was not retained and is not used to support a substantive or absence conclusion.","Resolved at title/abstract/citation-context because the record was off-topic, application-specific, secondary, sequential-only, or methodologically redundant with a verified primary anchor; it was not retained and is not used to support a substantive or absence conclusion.","LEVEL_3_DISCOVERY_ONLY","NOT_RETRIEVED","","","NONE","","audit/phase2a1_raw_search_results/DEF/PHASE2A1-SEARCH-0029_crossref.json","Discovery-only; not used in synthesis or an absence conclusion."
"A1DEF-0126","D-F","PHASE2A1-SEARCH-0029","2026-07-31","Crossref","Finite memory hypothesis testing: Achieving performance bound without randomization.","B. Chandrasekaran; Thomas J. Harley","1971","10.1037/e434232004-001","https://doi.org/10.1037/e434232004-001","A1-DUP-0473","A1DEF-0126","UNIQUE_OCCURRENCE","DEF","A1DEF-DUP-0121","FALSE_POSITIVE","FALSE_POSITIVE","Resolved at title/abstract/citation-context because the record was off-topic, application-specific, secondary, sequential-only, or methodologically redundant with a verified primary anchor; it was not retained and is not used to support a substantive or absence conclusion.","Resolved at title/abstract/citation-context because the record was off-topic, application-specific, secondary, sequential-only, or methodologically redundant with a verified primary anchor; it was not retained and is not used to support a substantive or absence conclusion.","LEVEL_3_DISCOVERY_ONLY","NOT_RETRIEVED","","","NONE","","audit/phase2a1_raw_search_results/DEF/PHASE2A1-SEARCH-0029_crossref.json","Discovery-only; not used in synthesis or an absence conclusion."
"A1DEF-0127","D-F","PHASE2A1-SEARCH-0029","2026-07-31","Crossref","Nearly optimal sample size in hypothesis testing for high-dimensional regression","Adel Javanmard; Andrea Montanari","2013","10.1109/allerton.2013.6736695","https://doi.org/10.1109/allerton.2013.6736695","A1-DUP-0474","A1DEF-0127","UNIQUE_OCCURRENCE","DEF","A1DEF-DUP-0122","FALSE_POSITIVE","FALSE_POSITIVE","Resolved at title/abstract/citation-context because the record was off-topic, application-specific, secondary, sequential-only, or methodologically redundant with a verified primary anchor; it was not retained and is not used to support a substantive or absence conclusion.","Resolved at title/abstract/citation-context because the record was off-topic, application-specific, secondary, sequential-only, or methodologically redundant with a verified primary anchor; it was not retained and is not used to support a substantive or absence conclusion.","LEVEL_3_DISCOVERY_ONLY","NOT_RETRIEVED","","","NONE","","audit/phase2a1_raw_search_results/DEF/PHASE2A1-SEARCH-0029_crossref.json","Discovery-only; not used in synthesis or an absence conclusion."
"A1DEF-0128","D-F","PHASE2A1-SEARCH-0029","2026-07-31","Crossref","A strong converse bound for multiple hypothesis testing, with applications to high-dimensional estimation","Ramji Venkataramanan; Oliver Johnson","2018","10.1214/18-ejs1419","https://doi.org/10.1214/18-ejs1419","A1-DUP-0127","A1AC-0147","SOURCE_LEDGER_GROUP;NORMALIZED_DOI","DEF","A1DEF-DUP-0123","FULL_TEXT_INCLUDED","DUPLICATE","","CROSS_WORKSTREAM_DUPLICATE_OF=A1AC-0147;MATCH_BASIS=SOURCE_LEDGER_GROUP;NORMALIZED_DOI;SOURCE_DISPOSITION=FULL_TEXT_INCLUDED","LEVEL_1_LOAD_BEARING","AUTHOR_MANUSCRIPT_FULL_TEXT_INSPECTED","Section 2 Theorem 1 and Lemma 2.1; Proposition 3.2 (density estimation); Proposition 5.3 (compressed sensing).","","DUPLICATE_OF_EXISTING_CORPUS","NEW_CORPUS_CANDIDATE","audit/phase2a1_raw_search_results/DEF/PHASE2A1-SEARCH-0029_crossref.json","Finite-n strong converse for multiple simple hypotheses and applications through packing reductions; no constructive composite test or experimental-design optimizer."
"A1DEF-0129","D-F","PHASE2A1-SEARCH-0029","2026-07-31","Crossref","Minimax Decentralized Hypothesis Testing","Gökhan Gül","2017","10.1007/978-3-319-49286-5_7","https://doi.org/10.1007/978-3-319-49286-5_7","A1-DUP-0047","A1AC-0050","SOURCE_LEDGER_GROUP;NORMALIZED_DOI","DEF","A1DEF-DUP-0094","DUPLICATE","DUPLICATE","Duplicate occurrence of a record already dispositioned in this prospective ledger.","Duplicate occurrence of a record already dispositioned in this prospective ledger.","LEVEL_3_DISCOVERY_ONLY","NOT_APPLICABLE","","","NONE","","audit/phase2a1_raw_search_results/DEF/PHASE2A1-SEARCH-0029_crossref.json","Duplicate search occurrence; retained evidence is attached to the first occurrence."
"A1DEF-0130","D-F","PHASE2A1-SEARCH-0029","2026-07-31","Crossref","Minimax Lower Bounds for High-Dimensional Multi-Response Errors-in-Variables Regression","Xin Li; Dongya Wu","2022","10.20944/preprints202210.0169.v1","https://doi.org/10.20944/preprints202210.0169.v1","A1-DUP-0475","A1DEF-0130","UNIQUE_OCCURRENCE","DEF","A1DEF-DUP-0124","FALSE_POSITIVE","FALSE_POSITIVE","Resolved at title/abstract/citation-context because the record was off-topic, application-specific, secondary, sequential-only, or methodologically redundant with a verified primary anchor; it was not retained and is not used to support a substantive or absence conclusion.","Resolved at title/abstract/citation-context because the record was off-topic, application-specific, secondary, sequential-only, or methodologically redundant with a verified primary anchor; it was not retained and is not used to support a substantive or absence conclusion.","LEVEL_3_DISCOVERY_ONLY","NOT_RETRIEVED","","","NONE","","audit/phase2a1_raw_search_results/DEF/PHASE2A1-SEARCH-0029_crossref.json","Discovery-only; not used in synthesis or an absence conclusion."
"A1DEF-0131","D-F","PHASE2A1-SEARCH-0029","2026-07-31","Crossref","Minimax lower bounds","","2026","10.1017/9781009160421.008","https://doi.org/10.1017/9781009160421.008","A1-DUP-0476","A1DEF-0131","UNIQUE_OCCURRENCE","DEF","A1DEF-DUP-0125","FALSE_POSITIVE","FALSE_POSITIVE","Resolved at title/abstract/citation-context because the record was off-topic, application-specific, secondary, sequential-only, or methodologically redundant with a verified primary anchor; it was not retained and is not used to support a substantive or absence conclusion.","Resolved at title/abstract/citation-context because the record was off-topic, application-specific, secondary, sequential-only, or methodologically redundant with a verified primary anchor; it was not retained and is not used to support a substantive or absence conclusion.","LEVEL_3_DISCOVERY_ONLY","NOT_RETRIEVED","","","NONE","","audit/phase2a1_raw_search_results/DEF/PHASE2A1-SEARCH-0029_crossref.json","Discovery-only; not used in synthesis or an absence conclusion."
"A1DEF-0132","D-F","PHASE2A1-SEARCH-0029","2026-07-31","Crossref","A Framework for Paired-Sample Hypothesis Testing for High-Dimensional Data","Ioannis Bargiotas; Argyris Kalogeratos; Nicolas Vayatis","2023","10.1109/ictai59109.2023.00011","https://doi.org/10.1109/ictai59109.2023.00011","A1-DUP-0477","A1DEF-0132","UNIQUE_OCCURRENCE","DEF","A1DEF-DUP-0126","FALSE_POSITIVE","FALSE_POSITIVE","Resolved at title/abstract/citation-context because the record was off-topic, application-specific, secondary, sequential-only, or methodologically redundant with a verified primary anchor; it was not retained and is not used to support a substantive or absence conclusion.","Resolved at title/abstract/citation-context because the record was off-topic, application-specific, secondary, sequential-only, or methodologically redundant with a verified primary anchor; it was not retained and is not used to support a substantive or absence conclusion.","LEVEL_3_DISCOVERY_ONLY","NOT_RETRIEVED","","","NONE","","audit/phase2a1_raw_search_results/DEF/PHASE2A1-SEARCH-0029_crossref.json","Discovery-only; not used in synthesis or an absence conclusion."
"A1DEF-0133","D-F","PHASE2A1-SEARCH-0029","2026-07-31","Crossref","Graphing Sample Distributions for Hypothesis Testing","","2021","10.4135/9781529630213.n2","https://doi.org/10.4135/9781529630213.n2","A1-DUP-0016","A1AC-0016","SOURCE_LEDGER_GROUP;NORMALIZED_DOI","DEF","A1DEF-DUP-0002","DUPLICATE","DUPLICATE","Duplicate occurrence of a record already dispositioned in this prospective ledger.","Duplicate occurrence of a record already dispositioned in this prospective ledger.","LEVEL_3_DISCOVERY_ONLY","NOT_APPLICABLE","","","NONE","","audit/phase2a1_raw_search_results/DEF/PHASE2A1-SEARCH-0029_crossref.json","Duplicate search occurrence; retained evidence is attached to the first occurrence."
"A1DEF-0134","D-F","PHASE2A1-SEARCH-0029","2026-07-31","Crossref","The Chernoff lower bound for symmetric quantum hypothesis testing","Michael Nussbaum; Arleta Szkoła","2009","10.1214/08-aos593","https://doi.org/10.1214/08-aos593","A1-DUP-0163","A1AC-0188","SOURCE_LEDGER_GROUP;NORMALIZED_DOI","DEF","A1DEF-DUP-0127","FALSE_POSITIVE","DUPLICATE","Resolved at title/abstract/citation-context because the record was off-topic, application-specific, secondary, sequential-only, or methodologically redundant with a verified primary anchor; it was not retained and is not used to support a substantive or absence conclusion.","CROSS_WORKSTREAM_DUPLICATE_OF=A1AC-0188;MATCH_BASIS=SOURCE_LEDGER_GROUP;NORMALIZED_DOI;SOURCE_DISPOSITION=FALSE_POSITIVE","LEVEL_3_DISCOVERY_ONLY","NOT_RETRIEVED","","","NONE","","audit/phase2a1_raw_search_results/DEF/PHASE2A1-SEARCH-0029_crossref.json","Discovery-only; not used in synthesis or an absence conclusion."
"A1DEF-0135","D-F","PHASE2A1-SEARCH-0029","2026-07-31","Crossref","Bringing Game Theory to Hypothesis Testing: Establishing Finite Sample Bounds on Inference","Karl H. Schlag","2008","10.2139/ssrn.1266059","https://doi.org/10.2139/ssrn.1266059","A1-DUP-0077","A1AC-0088","SOURCE_LEDGER_GROUP;NORMALIZED_DOI","DEF","A1DEF-DUP-0003","DUPLICATE","DUPLICATE","Duplicate occurrence of a record already dispositioned in this prospective ledger.","Duplicate occurrence of a record already dispositioned in this prospective ledger.","LEVEL_3_DISCOVERY_ONLY","NOT_APPLICABLE","","","NONE","","audit/phase2a1_raw_search_results/DEF/PHASE2A1-SEARCH-0029_crossref.json","Duplicate search occurrence; retained evidence is attached to the first occurrence."
"A1DEF-0136","D-F","PHASE2A1-SEARCH-0030","2026-07-31","OpenAlex","Wilcoxon-Mann-Whitney or t-test? On assumptions for hypothesis tests and multiple interpretations of decision rules","Michael P. Fay; Michael A. Proschan","2010","10.1214/09-ss051","https://openalex.org/W1974828111","A1-DUP-0385","A1DEF-0017","SOURCE_LEDGER_GROUP","DEF","A1DEF-DUP-0017","DUPLICATE","DUPLICATE","Duplicate occurrence of a record already dispositioned in this prospective ledger.","Duplicate occurrence of a record already dispositioned in this prospective ledger.","LEVEL_3_DISCOVERY_ONLY","NOT_APPLICABLE","","","NONE","","audit/phase2a1_raw_search_results/DEF/PHASE2A1-SEARCH-0030_openalex.json","Duplicate search occurrence; retained evidence is attached to the first occurrence."
"A1DEF-0137","D-F","PHASE2A1-SEARCH-0030","2026-07-31","OpenAlex","Data-Driven Distributionally Robust Optimization Using the Wasserstein Metric: Performance Guarantees and Tractable Reformulations","Peyman Mohajerin Esfahani; Daniel Kühn","2017","10.1007/s10107-017-1172-1","https://openalex.org/W2963450292","A1-DUP-0031","A1AC-0031","SOURCE_LEDGER_GROUP;NORMALIZED_DOI","DEF","A1DEF-DUP-0128","FALSE_POSITIVE","DUPLICATE","Resolved at title/abstract/citation-context because the record was off-topic, application-specific, secondary, sequential-only, or methodologically redundant with a verified primary anchor; it was not retained and is not used to support a substantive or absence conclusion.","CROSS_WORKSTREAM_DUPLICATE_OF=A1AC-0031;MATCH_BASIS=SOURCE_LEDGER_GROUP;NORMALIZED_DOI;SOURCE_DISPOSITION=FALSE_POSITIVE","LEVEL_3_DISCOVERY_ONLY","NOT_RETRIEVED","","","NONE","","audit/phase2a1_raw_search_results/DEF/PHASE2A1-SEARCH-0030_openalex.json","Discovery-only; not used in synthesis or an absence conclusion."
"A1DEF-0138","D-F","PHASE2A1-SEARCH-0030","2026-07-31","OpenAlex","Statistical treatment choice based on asymmetric minimax regret criteria","Aleksey Tetenov","2011","10.1016/j.jeconom.2011.06.013","https://openalex.org/W2160120336","A1-DUP-0478","A1DEF-0138","UNIQUE_OCCURRENCE","DEF","A1DEF-DUP-0129","FALSE_POSITIVE","FALSE_POSITIVE","Resolved at title/abstract/citation-context because the record was off-topic, application-specific, secondary, sequential-only, or methodologically redundant with a verified primary anchor; it was not retained and is not used to support a substantive or absence conclusion.","Resolved at title/abstract/citation-context because the record was off-topic, application-specific, secondary, sequential-only, or methodologically redundant with a verified primary anchor; it was not retained and is not used to support a substantive or absence conclusion.","LEVEL_3_DISCOVERY_ONLY","NOT_RETRIEVED","","","NONE","","audit/phase2a1_raw_search_results/DEF/PHASE2A1-SEARCH-0030_openalex.json","Discovery-only; not used in synthesis or an absence conclusion."
"A1DEF-0139","D-F","PHASE2A1-SEARCH-0030","2026-07-31","OpenAlex","Statistical significance in high-dimensional linear models","Peter Bühlmann","2013","10.3150/12-bejsp11","https://openalex.org/W2097209031","A1-DUP-0479","A1DEF-0139","UNIQUE_OCCURRENCE","DEF","A1DEF-DUP-0130","FALSE_POSITIVE","FALSE_POSITIVE","Resolved at title/abstract/citation-context because the record was off-topic, application-specific, secondary, sequential-only, or methodologically redundant with a verified primary anchor; it was not retained and is not used to support a substantive or absence conclusion.","Resolved at title/abstract/citation-context because the record was off-topic, application-specific, secondary, sequential-only, or methodologically redundant with a verified primary anchor; it was not retained and is not used to support a substantive or absence conclusion.","LEVEL_3_DISCOVERY_ONLY","NOT_RETRIEVED","","","NONE","","audit/phase2a1_raw_search_results/DEF/PHASE2A1-SEARCH-0030_openalex.json","Discovery-only; not used in synthesis or an absence conclusion."
"A1DEF-0140","D-F","PHASE2A1-SEARCH-0030","2026-07-31","OpenAlex","Bayesian model averaging: a tutorial (with comments by M. Clyde, David Draper and E. I. George, and a rejoinder by the authors","Jennifer A. Hoeting; David Madigan; Adrian E. Raftery; Chris Volinsky","1999","10.1214/ss/1009212519","https://openalex.org/W1603903339","A1-DUP-0058","A1AC-0062","NORMALIZED_DOI","DEF","A1DEF-DUP-0131","FALSE_POSITIVE","DUPLICATE","Resolved at title/abstract/citation-context because the record was off-topic, application-specific, secondary, sequential-only, or methodologically redundant with a verified primary anchor; it was not retained and is not used to support a substantive or absence conclusion.","CROSS_WORKSTREAM_DUPLICATE_OF=A1AC-0062;MATCH_BASIS=NORMALIZED_DOI;SOURCE_DISPOSITION=FALSE_POSITIVE","LEVEL_3_DISCOVERY_ONLY","NOT_RETRIEVED","","","NONE","","audit/phase2a1_raw_search_results/DEF/PHASE2A1-SEARCH-0030_openalex.json","Discovery-only; not used in synthesis or an absence conclusion."
"A1DEF-0141","D-F","PHASE2A1-SEARCH-0030","2026-07-31","OpenAlex","Wavelets on graphs via spectral graph theory","David K. Hammond; Pierre Vandergheynst; Rémi Gribonval","2010","10.1016/j.acha.2010.04.005","https://openalex.org/W2158787690","A1-DUP-0480","A1DEF-0141","UNIQUE_OCCURRENCE","DEF","A1DEF-DUP-0132","FALSE_POSITIVE","FALSE_POSITIVE","Resolved at title/abstract/citation-context because the record was off-topic, application-specific, secondary, sequential-only, or methodologically redundant with a verified primary anchor; it was not retained and is not used to support a substantive or absence conclusion.","Resolved at title/abstract/citation-context because the record was off-topic, application-specific, secondary, sequential-only, or methodologically redundant with a verified primary anchor; it was not retained and is not used to support a substantive or absence conclusion.","LEVEL_3_DISCOVERY_ONLY","NOT_RETRIEVED","","","NONE","","audit/phase2a1_raw_search_results/DEF/PHASE2A1-SEARCH-0030_openalex.json","Discovery-only; not used in synthesis or an absence conclusion."
"A1DEF-0142","D-F","PHASE2A1-SEARCH-0030","2026-07-31","OpenAlex","Noisy matrix decomposition via convex relaxation: Optimal rates in high dimensions","Alekh Agarwal; Sahand Negahban; Martin J. Wainwright","2012","10.1214/12-aos1000","https://openalex.org/W2154514661","A1-DUP-0005","A1AC-0005","SOURCE_LEDGER_GROUP;NORMALIZED_DOI","DEF","A1DEF-DUP-0133","FALSE_POSITIVE","DUPLICATE","Resolved at title/abstract/citation-context because the record was off-topic, application-specific, secondary, sequential-only, or methodologically redundant with a verified primary anchor; it was not retained and is not used to support a substantive or absence conclusion.","CROSS_WORKSTREAM_DUPLICATE_OF=A1AC-0005;MATCH_BASIS=SOURCE_LEDGER_GROUP;NORMALIZED_DOI;SOURCE_DISPOSITION=FALSE_POSITIVE","LEVEL_3_DISCOVERY_ONLY","NOT_RETRIEVED","","","NONE","","audit/phase2a1_raw_search_results/DEF/PHASE2A1-SEARCH-0030_openalex.json","Discovery-only; not used in synthesis or an absence conclusion."
"A1DEF-0143","D-F","PHASE2A1-SEARCH-0030","2026-07-31","OpenAlex","Large Covariance Estimation by Thresholding Principal Orthogonal Complements","Jianqing Fan; Yuan Liao; Martina Mincheva","2013","10.1111/rssb.12016","https://openalex.org/W2040373108","A1-DUP-0481","A1DEF-0143","UNIQUE_OCCURRENCE","DEF","A1DEF-DUP-0134","FALSE_POSITIVE","FALSE_POSITIVE","Resolved at title/abstract/citation-context because the record was off-topic, application-specific, secondary, sequential-only, or methodologically redundant with a verified primary anchor; it was not retained and is not used to support a substantive or absence conclusion.","Resolved at title/abstract/citation-context because the record was off-topic, application-specific, secondary, sequential-only, or methodologically redundant with a verified primary anchor; it was not retained and is not used to support a substantive or absence conclusion.","LEVEL_3_DISCOVERY_ONLY","NOT_RETRIEVED","","","NONE","","audit/phase2a1_raw_search_results/DEF/PHASE2A1-SEARCH-0030_openalex.json","Discovery-only; not used in synthesis or an absence conclusion."
"A1DEF-0144","D-F","PHASE2A1-SEARCH-0030","2026-07-31","OpenAlex","Adapting to unknown sparsity by controlling the false discovery rate","Felix Abramovich; Yoav Benjamini; David L. Donoho; Iain M. Johnstone","2006","10.1214/009053606000000074","https://openalex.org/W2133264613","A1-DUP-0482","A1DEF-0144","UNIQUE_OCCURRENCE","DEF","A1DEF-DUP-0135","FALSE_POSITIVE","FALSE_POSITIVE","Resolved at title/abstract/citation-context because the record was off-topic, application-specific, secondary, sequential-only, or methodologically redundant with a verified primary anchor; it was not retained and is not used to support a substantive or absence conclusion.","Resolved at title/abstract/citation-context because the record was off-topic, application-specific, secondary, sequential-only, or methodologically redundant with a verified primary anchor; it was not retained and is not used to support a substantive or absence conclusion.","LEVEL_3_DISCOVERY_ONLY","NOT_RETRIEVED","","","NONE","","audit/phase2a1_raw_search_results/DEF/PHASE2A1-SEARCH-0030_openalex.json","Discovery-only; not used in synthesis or an absence conclusion."
"A1DEF-0145","D-F","PHASE2A1-SEARCH-0030","2026-07-31","OpenAlex","Two-sample hypothesis testing for inhomogeneous random graphs","Debarghya Ghoshdastidar; Maurilio Gutzeit; Alexandra Carpentier; Ulrike von Luxburg","2020","10.1214/19-aos1884","https://openalex.org/W2748846107","A1-DUP-0461","A1DEF-0108","SOURCE_LEDGER_GROUP","DEF","A1DEF-DUP-0104","DUPLICATE","DUPLICATE","Duplicate occurrence of a record already dispositioned in this prospective ledger.","Duplicate occurrence of a record already dispositioned in this prospective ledger.","LEVEL_3_DISCOVERY_ONLY","NOT_APPLICABLE","","","NONE","","audit/phase2a1_raw_search_results/DEF/PHASE2A1-SEARCH-0030_openalex.json","Duplicate search occurrence; retained evidence is attached to the first occurrence."
"A1DEF-0146","D-F","PHASE2A1-SEARCH-0030","2026-07-31","OpenAlex","Transfer learning for nonparametric classification: Minimax rate and adaptive classifier","Tommaso Cai; Hongji Wei","2021","10.1214/20-aos1949","https://openalex.org/W3128888666","A1-DUP-0483","A1DEF-0146","UNIQUE_OCCURRENCE","DEF","A1DEF-DUP-0136","FALSE_POSITIVE","FALSE_POSITIVE","Resolved at title/abstract/citation-context because the record was off-topic, application-specific, secondary, sequential-only, or methodologically redundant with a verified primary anchor; it was not retained and is not used to support a substantive or absence conclusion.","Resolved at title/abstract/citation-context because the record was off-topic, application-specific, secondary, sequential-only, or methodologically redundant with a verified primary anchor; it was not retained and is not used to support a substantive or absence conclusion.","LEVEL_3_DISCOVERY_ONLY","NOT_RETRIEVED","","","NONE","","audit/phase2a1_raw_search_results/DEF/PHASE2A1-SEARCH-0030_openalex.json","Discovery-only; not used in synthesis or an absence conclusion."
"A1DEF-0147","D-F","PHASE2A1-SEARCH-0030","2026-07-31","OpenAlex","Spike and slab variable selection: Frequentist and Bayesian strategies","Hemant Ishwaran; J. Sunil Rao","2005","10.1214/009053604000001147","https://openalex.org/W1969415786","A1-DUP-0484","A1DEF-0147","UNIQUE_OCCURRENCE","DEF","A1DEF-DUP-0137","FALSE_POSITIVE","FALSE_POSITIVE","Resolved at title/abstract/citation-context because the record was off-topic, application-specific, secondary, sequential-only, or methodologically redundant with a verified primary anchor; it was not retained and is not used to support a substantive or absence conclusion.","Resolved at title/abstract/citation-context because the record was off-topic, application-specific, secondary, sequential-only, or methodologically redundant with a verified primary anchor; it was not retained and is not used to support a substantive or absence conclusion.","LEVEL_3_DISCOVERY_ONLY","NOT_RETRIEVED","","","NONE","","audit/phase2a1_raw_search_results/DEF/PHASE2A1-SEARCH-0030_openalex.json","Discovery-only; not used in synthesis or an absence conclusion."
"A1DEF-0148","D-F","PHASE2A1-SEARCH-0030","2026-07-31","OpenAlex","Augmented minimax linear estimation","David A. Hirshberg; Stefan Wager","2021","10.1214/21-aos2080","https://openalex.org/W2796775270","A1-DUP-0485","A1DEF-0148","UNIQUE_OCCURRENCE","DEF","A1DEF-DUP-0138","FALSE_POSITIVE","FALSE_POSITIVE","Resolved at title/abstract/citation-context because the record was off-topic, application-specific, secondary, sequential-only, or methodologically redundant with a verified primary anchor; it was not retained and is not used to support a substantive or absence conclusion.","Resolved at title/abstract/citation-context because the record was off-topic, application-specific, secondary, sequential-only, or methodologically redundant with a verified primary anchor; it was not retained and is not used to support a substantive or absence conclusion.","LEVEL_3_DISCOVERY_ONLY","NOT_RETRIEVED","","","NONE","","audit/phase2a1_raw_search_results/DEF/PHASE2A1-SEARCH-0030_openalex.json","Discovery-only; not used in synthesis or an absence conclusion."
"A1DEF-0149","D-F","PHASE2A1-SEARCH-0030","2026-07-31","OpenAlex","Scientific Machine Learning Through Physics–Informed Neural Networks: Where we are and What’s Next","Salvatore Cuomo; Vincenzo Schiano Di Cola; Fabio Giampaolo; Gianluigi Rozza; Maziar Raissi; Francesco Piccialli","2022","10.1007/s10915-022-01939-z","https://openalex.org/W4288039037","A1-DUP-0486","A1DEF-0149","SOURCE_LEDGER_GROUP","DEF","A1DEF-DUP-0139","FALSE_POSITIVE","FALSE_POSITIVE","Resolved at title/abstract/citation-context because the record was off-topic, application-specific, secondary, sequential-only, or methodologically redundant with a verified primary anchor; it was not retained and is not used to support a substantive or absence conclusion.","Resolved at title/abstract/citation-context because the record was off-topic, application-specific, secondary, sequential-only, or methodologically redundant with a verified primary anchor; it was not retained and is not used to support a substantive or absence conclusion.","LEVEL_3_DISCOVERY_ONLY","NOT_RETRIEVED","","","NONE","","audit/phase2a1_raw_search_results/DEF/PHASE2A1-SEARCH-0030_openalex.json","Discovery-only; not used in synthesis or an absence conclusion."
"A1DEF-0150","D-F","PHASE2A1-SEARCH-0030","2026-07-31","OpenAlex","Flexible smoothing with B-splines and penalties","Paul H.C. Eilers; Brian D. Marx","1996","10.1214/ss/1038425655","https://openalex.org/W1990420052","A1-DUP-0487","A1DEF-0150","UNIQUE_OCCURRENCE","DEF","A1DEF-DUP-0140","FALSE_POSITIVE","FALSE_POSITIVE","Resolved at title/abstract/citation-context because the record was off-topic, application-specific, secondary, sequential-only, or methodologically redundant with a verified primary anchor; it was not retained and is not used to support a substantive or absence conclusion.","Resolved at title/abstract/citation-context because the record was off-topic, application-specific, secondary, sequential-only, or methodologically redundant with a verified primary anchor; it was not retained and is not used to support a substantive or absence conclusion.","LEVEL_3_DISCOVERY_ONLY","NOT_RETRIEVED","","","NONE","","audit/phase2a1_raw_search_results/DEF/PHASE2A1-SEARCH-0030_openalex.json","Discovery-only; not used in synthesis or an absence conclusion."
"A1DEF-0151","D-F","PHASE2A1-SEARCH-0031","2026-07-31","Crossref","Hypothesis Testing","","2009","10.1017/cbo9780511806957.004","https://doi.org/10.1017/cbo9780511806957.004","A1-DUP-0021","A1AC-0021","SOURCE_LEDGER_GROUP;NORMALIZED_DOI","DEF","A1DEF-DUP-0001","DUPLICATE","DUPLICATE","Duplicate occurrence of a record already dispositioned in this prospective ledger.","Duplicate occurrence of a record already dispositioned in this prospective ledger.","LEVEL_3_DISCOVERY_ONLY","NOT_APPLICABLE","","","NONE","","audit/phase2a1_raw_search_results/DEF/PHASE2A1-SEARCH-0031_crossref.json","Duplicate search occurrence; retained evidence is attached to the first occurrence."
"A1DEF-0152","D-F","PHASE2A1-SEARCH-0031","2026-07-31","Crossref","Finite-Sample Two-Group Composite Hypothesis Testing via Machine Learning","Tianyu Zhan; Jian Kang","2022","10.1080/10618600.2021.2020128","https://doi.org/10.1080/10618600.2021.2020128","A1-DUP-0381","A1DEF-0004","SOURCE_LEDGER_GROUP","DEF","A1DEF-DUP-0004","DUPLICATE","DUPLICATE","Duplicate occurrence of a record already dispositioned in this prospective ledger.","Duplicate occurrence of a record already dispositioned in this prospective ledger.","LEVEL_3_DISCOVERY_ONLY","NOT_APPLICABLE","","","DUPLICATE_OF_EXISTING_CORPUS","","audit/phase2a1_raw_search_results/DEF/PHASE2A1-SEARCH-0031_crossref.json","Duplicate search occurrence; retained evidence is attached to the first occurrence."
"A1DEF-0153","D-F","PHASE2A1-SEARCH-0031","2026-07-31","Crossref","Graphing Sample Distributions for Hypothesis Testing","","2021","10.4135/9781529630213.n2","https://doi.org/10.4135/9781529630213.n2","A1-DUP-0016","A1AC-0016","SOURCE_LEDGER_GROUP;NORMALIZED_DOI","DEF","A1DEF-DUP-0002","DUPLICATE","DUPLICATE","Duplicate occurrence of a record already dispositioned in this prospective ledger.","Duplicate occurrence of a record already dispositioned in this prospective ledger.","LEVEL_3_DISCOVERY_ONLY","NOT_APPLICABLE","","","NONE","","audit/phase2a1_raw_search_results/DEF/PHASE2A1-SEARCH-0031_crossref.json","Duplicate search occurrence; retained evidence is attached to the first occurrence."
"A1DEF-0154","D-F","PHASE2A1-SEARCH-0031","2026-07-31","Crossref","Bringing Game Theory to Hypothesis Testing: Establishing Finite Sample Bounds on Inference","Karl H. Schlag","2008","10.2139/ssrn.1266059","https://doi.org/10.2139/ssrn.1266059","A1-DUP-0077","A1AC-0088","SOURCE_LEDGER_GROUP;NORMALIZED_DOI","DEF","A1DEF-DUP-0003","DUPLICATE","DUPLICATE","Duplicate occurrence of a record already dispositioned in this prospective ledger.","Duplicate occurrence of a record already dispositioned in this prospective ledger.","LEVEL_3_DISCOVERY_ONLY","NOT_APPLICABLE","","","NONE","","audit/phase2a1_raw_search_results/DEF/PHASE2A1-SEARCH-0031_crossref.json","Duplicate search occurrence; retained evidence is attached to the first occurrence."
"A1DEF-0155","D-F","PHASE2A1-SEARCH-0031","2026-07-31","Crossref","Optimal Noise Benefit in Composite Hypothesis Testing under Different Criteria","Shujun Liu; Ting Yang; Mingchun Tang; Hongqing Liu; Kui Zhang; Xinzheng Zhang","2016","10.3390/e18080400","https://doi.org/10.3390/e18080400","A1-DUP-0488","A1DEF-0155","UNIQUE_OCCURRENCE","DEF","A1DEF-DUP-0141","FALSE_POSITIVE","FALSE_POSITIVE","Resolved at title/abstract/citation-context because the record was off-topic, application-specific, secondary, sequential-only, or methodologically redundant with a verified primary anchor; it was not retained and is not used to support a substantive or absence conclusion.","Resolved at title/abstract/citation-context because the record was off-topic, application-specific, secondary, sequential-only, or methodologically redundant with a verified primary anchor; it was not retained and is not used to support a substantive or absence conclusion.","LEVEL_3_DISCOVERY_ONLY","NOT_RETRIEVED","","","NONE","","audit/phase2a1_raw_search_results/DEF/PHASE2A1-SEARCH-0031_crossref.json","Discovery-only; not used in synthesis or an absence conclusion."
"A1DEF-0156","D-F","PHASE2A1-SEARCH-0031","2026-07-31","Crossref","Beyond Hypothesis Testing","Joseph Kadane","2016","10.3390/e18050199","https://doi.org/10.3390/e18050199","A1-DUP-0135","A1AC-0155","NORMALIZED_DOI","DEF","A1DEF-DUP-0142","FALSE_POSITIVE","DUPLICATE","Resolved at title/abstract/citation-context because the record was off-topic, application-specific, secondary, sequential-only, or methodologically redundant with a verified primary anchor; it was not retained and is not used to support a substantive or absence conclusion.","CROSS_WORKSTREAM_DUPLICATE_OF=A1AC-0155;MATCH_BASIS=NORMALIZED_DOI;SOURCE_DISPOSITION=FALSE_POSITIVE","LEVEL_3_DISCOVERY_ONLY","NOT_RETRIEVED","","","NONE","","audit/phase2a1_raw_search_results/DEF/PHASE2A1-SEARCH-0031_crossref.json","Discovery-only; not used in synthesis or an absence conclusion."
"A1DEF-0157","D-F","PHASE2A1-SEARCH-0031","2026-07-31","Crossref","A Finite Sample Test for the Composite Hypothesis of Stable Law","Albert Paulson; Xing Zhong; Thomas R. Willemain","2016","10.2139/ssrn.2781635","https://doi.org/10.2139/ssrn.2781635","A1-DUP-0095","A1AC-0109","SOURCE_LEDGER_GROUP;NORMALIZED_DOI","DEF","A1DEF-DUP-0009","DUPLICATE","DUPLICATE","Duplicate occurrence of a record already dispositioned in this prospective ledger.","Duplicate occurrence of a record already dispositioned in this prospective ledger.","LEVEL_3_DISCOVERY_ONLY","NOT_APPLICABLE","","","NONE","","audit/phase2a1_raw_search_results/DEF/PHASE2A1-SEARCH-0031_crossref.json","Duplicate search occurrence; retained evidence is attached to the first occurrence."
"A1DEF-0158","D-F","PHASE2A1-SEARCH-0031","2026-07-31","Crossref","The Optimal Finite-Sample Error Probability in Asymmetric Binary Hypothesis Testing","V. Lungu; I. Kontoyiannis","2024","10.1109/isit57864.2024.10619363","https://doi.org/10.1109/isit57864.2024.10619363","A1-DUP-0382","A1DEF-0010","SOURCE_LEDGER_GROUP","DEF","A1DEF-DUP-0010","DUPLICATE","DUPLICATE","Duplicate occurrence of a record already dispositioned in this prospective ledger.","Duplicate occurrence of a record already dispositioned in this prospective ledger.","LEVEL_3_DISCOVERY_ONLY","NOT_APPLICABLE","","","NONE","","audit/phase2a1_raw_search_results/DEF/PHASE2A1-SEARCH-0031_crossref.json","Duplicate search occurrence; retained evidence is attached to the first occurrence."
"A1DEF-0159","D-F","PHASE2A1-SEARCH-0031","2026-07-31","Crossref","Hypothesis Testing and Finite Sample Properties of Generalized Method of Moments Estimators: A Monte Carlo Study","Ching-Sheng Mao","1990","10.2139/ssrn.2123593","https://doi.org/10.2139/ssrn.2123593","A1-DUP-0383","A1DEF-0011","SOURCE_LEDGER_GROUP","DEF","A1DEF-DUP-0011","DUPLICATE","DUPLICATE","Duplicate occurrence of a record already dispositioned in this prospective ledger.","Duplicate occurrence of a record already dispositioned in this prospective ledger.","LEVEL_3_DISCOVERY_ONLY","NOT_APPLICABLE","","","NONE","","audit/phase2a1_raw_search_results/DEF/PHASE2A1-SEARCH-0031_crossref.json","Duplicate search occurrence; retained evidence is attached to the first occurrence."
"A1DEF-0160","D-F","PHASE2A1-SEARCH-0031","2026-07-31","Crossref","Sample Size Determination for Bayesian Informative Hypothesis Testing","; Qianrao Fu","","10.33540/1221","https://doi.org/10.33540/1221","A1-DUP-0018","A1AC-0018","SOURCE_LEDGER_GROUP;NORMALIZED_DOI","DEF","A1DEF-DUP-0005","DUPLICATE","DUPLICATE","Duplicate occurrence of a record already dispositioned in this prospective ledger.","Duplicate occurrence of a record already dispositioned in this prospective ledger.","LEVEL_3_DISCOVERY_ONLY","NOT_APPLICABLE","","","NONE","","audit/phase2a1_raw_search_results/DEF/PHASE2A1-SEARCH-0031_crossref.json","Duplicate search occurrence; retained evidence is attached to the first occurrence."
"A1DEF-0161","D-F","PHASE2A1-SEARCH-0031","2026-07-31","Crossref","Hypothesis Testing with One Sample","","2014","10.4324/9781315797564-13","https://doi.org/10.4324/9781315797564-13","A1-DUP-0019","A1AC-0019","SOURCE_LEDGER_GROUP;NORMALIZED_DOI","DEF","A1DEF-DUP-0008","DUPLICATE","DUPLICATE","Duplicate occurrence of a record already dispositioned in this prospective ledger.","Duplicate occurrence of a record already dispositioned in this prospective ledger.","LEVEL_3_DISCOVERY_ONLY","NOT_APPLICABLE","","","NONE","","audit/phase2a1_raw_search_results/DEF/PHASE2A1-SEARCH-0031_crossref.json","Duplicate search occurrence; retained evidence is attached to the first occurrence."
"A1DEF-0162","D-F","PHASE2A1-SEARCH-0031","2026-07-31","Crossref","Privacy-Aware Distributed Hypothesis Testing","Sreejith Sreekumar; Asaf Cohen; Deniz Gündüz","2020","10.3390/e22060665","https://doi.org/10.3390/e22060665","A1-DUP-0136","A1AC-0156","NORMALIZED_DOI","DEF","A1DEF-DUP-0143","FALSE_POSITIVE","DUPLICATE","Resolved at title/abstract/citation-context because the record was off-topic, application-specific, secondary, sequential-only, or methodologically redundant with a verified primary anchor; it was not retained and is not used to support a substantive or absence conclusion.","CROSS_WORKSTREAM_DUPLICATE_OF=A1AC-0156;MATCH_BASIS=NORMALIZED_DOI;SOURCE_DISPOSITION=FALSE_POSITIVE","LEVEL_3_DISCOVERY_ONLY","NOT_RETRIEVED","","","NONE","","audit/phase2a1_raw_search_results/DEF/PHASE2A1-SEARCH-0031_crossref.json","Discovery-only; not used in synthesis or an absence conclusion."
"A1DEF-0163","D-F","PHASE2A1-SEARCH-0031","2026-07-31","Crossref","Transfer Learning in Multiple Hypothesis Testing","Stefano Cabras; María Eugenia Castellanos Nueda","2024","10.3390/e26010049","https://doi.org/10.3390/e26010049","A1-DUP-0137","A1AC-0157","NORMALIZED_DOI","DEF","A1DEF-DUP-0144","FALSE_POSITIVE","DUPLICATE","Resolved at title/abstract/citation-context because the record was off-topic, application-specific, secondary, sequential-only, or methodologically redundant with a verified primary anchor; it was not retained and is not used to support a substantive or absence conclusion.","CROSS_WORKSTREAM_DUPLICATE_OF=A1AC-0157;MATCH_BASIS=NORMALIZED_DOI;SOURCE_DISPOSITION=FALSE_POSITIVE","LEVEL_3_DISCOVERY_ONLY","NOT_RETRIEVED","","","NONE","","audit/phase2a1_raw_search_results/DEF/PHASE2A1-SEARCH-0031_crossref.json","Discovery-only; not used in synthesis or an absence conclusion."
"A1DEF-0164","D-F","PHASE2A1-SEARCH-0031","2026-07-31","Crossref","Monte Carlo Methodology and the Finite Sample Properties of Statistics for Testing Nested and Non-Nested Hypothesis","Neil R. Ericsson","1987","10.17016/ifdp.1987.317","https://doi.org/10.17016/ifdp.1987.317","A1-DUP-0489","A1DEF-0164","UNIQUE_OCCURRENCE","DEF","A1DEF-DUP-0145","FALSE_POSITIVE","FALSE_POSITIVE","Resolved at title/abstract/citation-context because the record was off-topic, application-specific, secondary, sequential-only, or methodologically redundant with a verified primary anchor; it was not retained and is not used to support a substantive or absence conclusion.","Resolved at title/abstract/citation-context because the record was off-topic, application-specific, secondary, sequential-only, or methodologically redundant with a verified primary anchor; it was not retained and is not used to support a substantive or absence conclusion.","LEVEL_3_DISCOVERY_ONLY","NOT_RETRIEVED","","","NONE","","audit/phase2a1_raw_search_results/DEF/PHASE2A1-SEARCH-0031_crossref.json","Discovery-only; not used in synthesis or an absence conclusion."
"A1DEF-0165","D-F","PHASE2A1-SEARCH-0031","2026-07-31","Crossref","Testing the Isotropic Cauchy Hypothesis","Jihad Fahs; Ibrahim Abou-Faycal; Ibrahim Issa","2024","10.3390/e26121084","https://doi.org/10.3390/e26121084","A1-DUP-0140","A1AC-0160","NORMALIZED_DOI","DEF","A1DEF-DUP-0146","FALSE_POSITIVE","DUPLICATE","Resolved at title/abstract/citation-context because the record was off-topic, application-specific, secondary, sequential-only, or methodologically redundant with a verified primary anchor; it was not retained and is not used to support a substantive or absence conclusion.","CROSS_WORKSTREAM_DUPLICATE_OF=A1AC-0160;MATCH_BASIS=NORMALIZED_DOI;SOURCE_DISPOSITION=FALSE_POSITIVE","LEVEL_3_DISCOVERY_ONLY","NOT_RETRIEVED","","","NONE","","audit/phase2a1_raw_search_results/DEF/PHASE2A1-SEARCH-0031_crossref.json","Discovery-only; not used in synthesis or an absence conclusion."
"A1DEF-0166","D-F","PHASE2A1-SEARCH-0032","2026-07-31","OpenAlex","Permutation Entropy and Its Main Biomedical and Econophysics Applications: A Review","Massimiliano Zanin; Luciano Zunino; Osvaldo A. Rosso; David Papo","2012","10.3390/e14081553","https://openalex.org/W2157881370","A1-DUP-0490","A1DEF-0166","UNIQUE_OCCURRENCE","DEF","A1DEF-DUP-0147","FALSE_POSITIVE","FALSE_POSITIVE","Resolved at title/abstract/citation-context because the record was off-topic, application-specific, secondary, sequential-only, or methodologically redundant with a verified primary anchor; it was not retained and is not used to support a substantive or absence conclusion.","Resolved at title/abstract/citation-context because the record was off-topic, application-specific, secondary, sequential-only, or methodologically redundant with a verified primary anchor; it was not retained and is not used to support a substantive or absence conclusion.","LEVEL_3_DISCOVERY_ONLY","NOT_RETRIEVED","","","NONE","","audit/phase2a1_raw_search_results/DEF/PHASE2A1-SEARCH-0032_openalex.json","Discovery-only; not used in synthesis or an absence conclusion."
"A1DEF-0167","D-F","PHASE2A1-SEARCH-0032","2026-07-31","OpenAlex","Comparative study of approximate entropy and sample entropy robustness to spikes","Á. Molina; David Cuesta–Frau; Mateo Aboy; Cristina Crespo; Pau Miró–Martínez; Sandra Oltra–Crespo","2011","10.1016/j.artmed.2011.06.007","https://openalex.org/W2093589470","A1-DUP-0491","A1DEF-0167","UNIQUE_OCCURRENCE","DEF","A1DEF-DUP-0148","FALSE_POSITIVE","FALSE_POSITIVE","Resolved at title/abstract/citation-context because the record was off-topic, application-specific, secondary, sequential-only, or methodologically redundant with a verified primary anchor; it was not retained and is not used to support a substantive or absence conclusion.","Resolved at title/abstract/citation-context because the record was off-topic, application-specific, secondary, sequential-only, or methodologically redundant with a verified primary anchor; it was not retained and is not used to support a substantive or absence conclusion.","LEVEL_3_DISCOVERY_ONLY","NOT_RETRIEVED","","","NONE","","audit/phase2a1_raw_search_results/DEF/PHASE2A1-SEARCH-0032_openalex.json","Discovery-only; not used in synthesis or an absence conclusion."
"A1DEF-0168","D-F","PHASE2A1-SEARCH-0032","2026-07-31","OpenAlex","CHARMM: The biomolecular simulation program","Bernard R. Brooks; Charles L. Brooks; Alexander D. MacKerell; Lennart Nilsson; Robert J. Petrella; Benoı̂t Roux; Youngdo Won; Georgios Archontis; Christian Bartels; Stefan Boresch; Amedeo Caflisch; Leo S. D. Caves; Qiang Cui; Aaron R. Dinner; Michael Feig; Stefan Fischer; Jun Gao; Milan Hodošček; Wonpil Im; Krzysztof Kuczera; Themis Lazaridis; Jianpeng Ma; Victor Ovchinnikov; Emanuele Paci; Richard W. Pastor; Carol Beth Post; Jingzhi Pu; Michael Schaefer; Bruce Tidor; Richard M. Venable; H. Lee Woodcock; Xiaojing Wu; Wei Yang; Darrin M. York; Martin Karplus","2009","10.1002/jcc.21287","https://openalex.org/W2132262459","A1-DUP-0492","A1DEF-0168","UNIQUE_OCCURRENCE","DEF","A1DEF-DUP-0149","FALSE_POSITIVE","FALSE_POSITIVE","Resolved at title/abstract/citation-context because the record was off-topic, application-specific, secondary, sequential-only, or methodologically redundant with a verified primary anchor; it was not retained and is not used to support a substantive or absence conclusion.","Resolved at title/abstract/citation-context because the record was off-topic, application-specific, secondary, sequential-only, or methodologically redundant with a verified primary anchor; it was not retained and is not used to support a substantive or absence conclusion.","LEVEL_3_DISCOVERY_ONLY","NOT_RETRIEVED","","","NONE","","audit/phase2a1_raw_search_results/DEF/PHASE2A1-SEARCH-0032_openalex.json","Discovery-only; not used in synthesis or an absence conclusion."
"A1DEF-0169","D-F","PHASE2A1-SEARCH-0032","2026-07-31","OpenAlex","Fuzzy Entropy Metrics for the Analysis of Biomedical Signals: Assessment and Comparison","Hamed Azami; Peng Li; Steven E. Arnold; Javier Escudero; Anne Humeau‐Heurtier","2019","10.1109/access.2019.2930625","https://openalex.org/W2964070924","A1-DUP-0493","A1DEF-0169","UNIQUE_OCCURRENCE","DEF","A1DEF-DUP-0150","FALSE_POSITIVE","FALSE_POSITIVE","Resolved at title/abstract/citation-context because the record was off-topic, application-specific, secondary, sequential-only, or methodologically redundant with a verified primary anchor; it was not retained and is not used to support a substantive or absence conclusion.","Resolved at title/abstract/citation-context because the record was off-topic, application-specific, secondary, sequential-only, or methodologically redundant with a verified primary anchor; it was not retained and is not used to support a substantive or absence conclusion.","LEVEL_3_DISCOVERY_ONLY","NOT_RETRIEVED","","","NONE","","audit/phase2a1_raw_search_results/DEF/PHASE2A1-SEARCH-0032_openalex.json","Discovery-only; not used in synthesis or an absence conclusion."
"A1DEF-0170","D-F","PHASE2A1-SEARCH-0032","2026-07-31","OpenAlex","Process Modeling in Composites Manufacturing","SG Advani; EM Sozer; Leon Mishnaevsky","2003","10.1115/1.1584418","https://openalex.org/W1979838794","A1-DUP-0494","A1DEF-0170","UNIQUE_OCCURRENCE","DEF","A1DEF-DUP-0151","FALSE_POSITIVE","FALSE_POSITIVE","Resolved at title/abstract/citation-context because the record was off-topic, application-specific, secondary, sequential-only, or methodologically redundant with a verified primary anchor; it was not retained and is not used to support a substantive or absence conclusion.","Resolved at title/abstract/citation-context because the record was off-topic, application-specific, secondary, sequential-only, or methodologically redundant with a verified primary anchor; it was not retained and is not used to support a substantive or absence conclusion.","LEVEL_3_DISCOVERY_ONLY","NOT_RETRIEVED","","","NONE","","audit/phase2a1_raw_search_results/DEF/PHASE2A1-SEARCH-0032_openalex.json","Discovery-only; not used in synthesis or an absence conclusion."
"A1DEF-0171","D-F","PHASE2A1-SEARCH-0032","2026-07-31","OpenAlex","An improved bootstrap test of stochastic dominance","Oliver Linton; Kyungchul Song; Yoon‐Jae Whang","2009","10.1016/j.jeconom.2009.08.002","https://openalex.org/W2150476991","A1-DUP-0495","A1DEF-0171","UNIQUE_OCCURRENCE","DEF","A1DEF-DUP-0152","FALSE_POSITIVE","FALSE_POSITIVE","Resolved at title/abstract/citation-context because the record was off-topic, application-specific, secondary, sequential-only, or methodologically redundant with a verified primary anchor; it was not retained and is not used to support a substantive or absence conclusion.","Resolved at title/abstract/citation-context because the record was off-topic, application-specific, secondary, sequential-only, or methodologically redundant with a verified primary anchor; it was not retained and is not used to support a substantive or absence conclusion.","LEVEL_3_DISCOVERY_ONLY","NOT_RETRIEVED","","","NONE","","audit/phase2a1_raw_search_results/DEF/PHASE2A1-SEARCH-0032_openalex.json","Discovery-only; not used in synthesis or an absence conclusion."
"A1DEF-0172","D-F","PHASE2A1-SEARCH-0032","2026-07-31","OpenAlex","Are stock markets really efficient? Evidence of the adaptive market hypothesis","Andrew Urquhart; Frank McGroarty","2016","10.1016/j.irfa.2016.06.011","https://openalex.org/W2473204212","A1-DUP-0496","A1DEF-0172","UNIQUE_OCCURRENCE","DEF","A1DEF-DUP-0153","FALSE_POSITIVE","FALSE_POSITIVE","Resolved at title/abstract/citation-context because the record was off-topic, application-specific, secondary, sequential-only, or methodologically redundant with a verified primary anchor; it was not retained and is not used to support a substantive or absence conclusion.","Resolved at title/abstract/citation-context because the record was off-topic, application-specific, secondary, sequential-only, or methodologically redundant with a verified primary anchor; it was not retained and is not used to support a substantive or absence conclusion.","LEVEL_3_DISCOVERY_ONLY","NOT_RETRIEVED","","","NONE","","audit/phase2a1_raw_search_results/DEF/PHASE2A1-SEARCH-0032_openalex.json","Discovery-only; not used in synthesis or an absence conclusion."
"A1DEF-0173","D-F","PHASE2A1-SEARCH-0032","2026-07-31","OpenAlex","Enhanced Sampling in Molecular Dynamics Using Metadynamics, Replica-Exchange, and Temperature-Acceleration","Cameron F. Abrams; Giovanni Bussi","2013","10.3390/e16010163","https://openalex.org/W2086817352","A1-DUP-0497","A1DEF-0173","UNIQUE_OCCURRENCE","DEF","A1DEF-DUP-0154","FALSE_POSITIVE","FALSE_POSITIVE","Resolved at title/abstract/citation-context because the record was off-topic, application-specific, secondary, sequential-only, or methodologically redundant with a verified primary anchor; it was not retained and is not used to support a substantive or absence conclusion.","Resolved at title/abstract/citation-context because the record was off-topic, application-specific, secondary, sequential-only, or methodologically redundant with a verified primary anchor; it was not retained and is not used to support a substantive or absence conclusion.","LEVEL_3_DISCOVERY_ONLY","NOT_RETRIEVED","","","NONE","","audit/phase2a1_raw_search_results/DEF/PHASE2A1-SEARCH-0032_openalex.json","Discovery-only; not used in synthesis or an absence conclusion."
"A1DEF-0174","D-F","PHASE2A1-SEARCH-0032","2026-07-31","OpenAlex","Approximate entropy and auto mutual information analysis of the electroencephalogram in Alzheimer’s disease patients","Daniel Abásolo; Javier Escudero; Roberto Hornero; Carlos Gómez; Pedro Espino","2008","10.1007/s11517-008-0392-1","https://openalex.org/W2073259577","A1-DUP-0498","A1DEF-0174","UNIQUE_OCCURRENCE","DEF","A1DEF-DUP-0155","FALSE_POSITIVE","FALSE_POSITIVE","Resolved at title/abstract/citation-context because the record was off-topic, application-specific, secondary, sequential-only, or methodologically redundant with a verified primary anchor; it was not retained and is not used to support a substantive or absence conclusion.","Resolved at title/abstract/citation-context because the record was off-topic, application-specific, secondary, sequential-only, or methodologically redundant with a verified primary anchor; it was not retained and is not used to support a substantive or absence conclusion.","LEVEL_3_DISCOVERY_ONLY","NOT_RETRIEVED","","","NONE","","audit/phase2a1_raw_search_results/DEF/PHASE2A1-SEARCH-0032_openalex.json","Discovery-only; not used in synthesis or an absence conclusion."
"A1DEF-0175","D-F","PHASE2A1-SEARCH-0032","2026-07-31","OpenAlex","Statistical Anomaly Detection via Composite Hypothesis Testing for Markov Models","Jing Zhang; Ioannis Ch. Paschalidis","2017","10.1109/tsp.2017.2771722","https://openalex.org/W2591735613","A1-DUP-0499","A1DEF-0175","UNIQUE_OCCURRENCE","DEF","A1DEF-DUP-0156","FALSE_POSITIVE","FALSE_POSITIVE","Resolved at title/abstract/citation-context because the record was off-topic, application-specific, secondary, sequential-only, or methodologically redundant with a verified primary anchor; it was not retained and is not used to support a substantive or absence conclusion.","Resolved at title/abstract/citation-context because the record was off-topic, application-specific, secondary, sequential-only, or methodologically redundant with a verified primary anchor; it was not retained and is not used to support a substantive or absence conclusion.","LEVEL_3_DISCOVERY_ONLY","NOT_RETRIEVED","","","NONE","","audit/phase2a1_raw_search_results/DEF/PHASE2A1-SEARCH-0032_openalex.json","Discovery-only; not used in synthesis or an absence conclusion."
"A1DEF-0176","D-F","PHASE2A1-SEARCH-0032","2026-07-31","OpenAlex","Scientific Machine Learning Through Physics–Informed Neural Networks: Where we are and What’s Next","Salvatore Cuomo; Vincenzo Schiano Di Cola; Fabio Giampaolo; Gianluigi Rozza; Maziar Raissi; Francesco Piccialli","2022","10.1007/s10915-022-01939-z","https://openalex.org/W4288039037","A1-DUP-0486","A1DEF-0149","SOURCE_LEDGER_GROUP","DEF","A1DEF-DUP-0139","DUPLICATE","DUPLICATE","Duplicate occurrence of a record already dispositioned in this prospective ledger.","Duplicate occurrence of a record already dispositioned in this prospective ledger.","LEVEL_3_DISCOVERY_ONLY","NOT_APPLICABLE","","","NONE","","audit/phase2a1_raw_search_results/DEF/PHASE2A1-SEARCH-0032_openalex.json","Duplicate search occurrence; retained evidence is attached to the first occurrence."
"A1DEF-0177","D-F","PHASE2A1-SEARCH-0032","2026-07-31","OpenAlex","Land quality, sustainable development and environmental degradation in agricultural districts: A computational approach based on entropy indexes","Ilaria Zambon; Andrea Colantoni; Margherita Carlucci; Nathan Morrow; Adele Sateriano; Luca Salvati","2017","10.1016/j.eiar.2017.01.003","https://openalex.org/W2590658888","A1-DUP-0500","A1DEF-0177","UNIQUE_OCCURRENCE","DEF","A1DEF-DUP-0157","FALSE_POSITIVE","FALSE_POSITIVE","Resolved at title/abstract/citation-context because the record was off-topic, application-specific, secondary, sequential-only, or methodologically redundant with a verified primary anchor; it was not retained and is not used to support a substantive or absence conclusion.","Resolved at title/abstract/citation-context because the record was off-topic, application-specific, secondary, sequential-only, or methodologically redundant with a verified primary anchor; it was not retained and is not used to support a substantive or absence conclusion.","LEVEL_3_DISCOVERY_ONLY","NOT_RETRIEVED","","","NONE","","audit/phase2a1_raw_search_results/DEF/PHASE2A1-SEARCH-0032_openalex.json","Discovery-only; not used in synthesis or an absence conclusion."
"A1DEF-0178","D-F","PHASE2A1-SEARCH-0032","2026-07-31","OpenAlex","Slope Entropy: A New Time Series Complexity Estimator Based on Both Symbolic Patterns and Amplitude Information","David Cuesta–Frau","2019","10.3390/e21121167","https://openalex.org/W2991327750","A1-DUP-0501","A1DEF-0178","UNIQUE_OCCURRENCE","DEF","A1DEF-DUP-0158","FALSE_POSITIVE","FALSE_POSITIVE","Resolved at title/abstract/citation-context because the record was off-topic, application-specific, secondary, sequential-only, or methodologically redundant with a verified primary anchor; it was not retained and is not used to support a substantive or absence conclusion.","Resolved at title/abstract/citation-context because the record was off-topic, application-specific, secondary, sequential-only, or methodologically redundant with a verified primary anchor; it was not retained and is not used to support a substantive or absence conclusion.","LEVEL_3_DISCOVERY_ONLY","NOT_RETRIEVED","","","NONE","","audit/phase2a1_raw_search_results/DEF/PHASE2A1-SEARCH-0032_openalex.json","Discovery-only; not used in synthesis or an absence conclusion."
"A1DEF-0179","D-F","PHASE2A1-SEARCH-0032","2026-07-31","OpenAlex","Pursuing the method of multiple working hypotheses for hydrological modeling","Martyn Clark; Dmitri Kavetski; Fabrizio Fenicia","2011","10.1029/2010wr009827","https://openalex.org/W1537396274","A1-DUP-0502","A1DEF-0179","UNIQUE_OCCURRENCE","DEF","A1DEF-DUP-0159","FALSE_POSITIVE","FALSE_POSITIVE","Resolved at title/abstract/citation-context because the record was off-topic, application-specific, secondary, sequential-only, or methodologically redundant with a verified primary anchor; it was not retained and is not used to support a substantive or absence conclusion.","Resolved at title/abstract/citation-context because the record was off-topic, application-specific, secondary, sequential-only, or methodologically redundant with a verified primary anchor; it was not retained and is not used to support a substantive or absence conclusion.","LEVEL_3_DISCOVERY_ONLY","NOT_RETRIEVED","","","NONE","","audit/phase2a1_raw_search_results/DEF/PHASE2A1-SEARCH-0032_openalex.json","Discovery-only; not used in synthesis or an absence conclusion."
"A1DEF-0180","D-F","PHASE2A1-SEARCH-0032","2026-07-31","OpenAlex","Optical quantum super-resolution imaging and hypothesis testing","Ugo Zanforlin; Cosmo Lupo; Peter W. R. Connolly; Pieter Kok; Gerald S. Buller; Zixin Huang","2022","10.1038/s41467-022-32977-8","https://openalex.org/W4295751414","A1-DUP-0503","A1DEF-0180","UNIQUE_OCCURRENCE","DEF","A1DEF-DUP-0160","FALSE_POSITIVE","FALSE_POSITIVE","Resolved at title/abstract/citation-context because the record was off-topic, application-specific, secondary, sequential-only, or methodologically redundant with a verified primary anchor; it was not retained and is not used to support a substantive or absence conclusion.","Resolved at title/abstract/citation-context because the record was off-topic, application-specific, secondary, sequential-only, or methodologically redundant with a verified primary anchor; it was not retained and is not used to support a substantive or absence conclusion.","LEVEL_3_DISCOVERY_ONLY","NOT_RETRIEVED","","","NONE","","audit/phase2a1_raw_search_results/DEF/PHASE2A1-SEARCH-0032_openalex.json","Discovery-only; not used in synthesis or an absence conclusion."
"A1DEF-0181","D-F","PHASE2A1-SEARCH-0033","2026-07-31","Crossref","Strong Converse, Channel Dispersion, Error Exponents, and Finite Blocklength","","2024","10.1017/9781108966351.031","https://doi.org/10.1017/9781108966351.031","A1-DUP-0504","A1DEF-0181","UNIQUE_OCCURRENCE","DEF","A1DEF-DUP-0161","FALSE_POSITIVE","FALSE_POSITIVE","Resolved at title/abstract/citation-context because the record was off-topic, application-specific, secondary, sequential-only, or methodologically redundant with a verified primary anchor; it was not retained and is not used to support a substantive or absence conclusion.","Resolved at title/abstract/citation-context because the record was off-topic, application-specific, secondary, sequential-only, or methodologically redundant with a verified primary anchor; it was not retained and is not used to support a substantive or absence conclusion.","LEVEL_3_DISCOVERY_ONLY","NOT_RETRIEVED","","","NONE","","audit/phase2a1_raw_search_results/DEF/PHASE2A1-SEARCH-0033_crossref.json","Discovery-only; not used in synthesis or an absence conclusion."
"A1DEF-0182","D-F","PHASE2A1-SEARCH-0033","2026-07-31","Crossref","Boosting output distributions in finite blocklength channel coding converse bounds","Oliver Kosut","2015","10.1109/itw.2015.7133158","https://doi.org/10.1109/itw.2015.7133158","A1-DUP-0505","A1DEF-0182","UNIQUE_OCCURRENCE","DEF","A1DEF-DUP-0162","FALSE_POSITIVE","FALSE_POSITIVE","Resolved at title/abstract/citation-context because the record was off-topic, application-specific, secondary, sequential-only, or methodologically redundant with a verified primary anchor; it was not retained and is not used to support a substantive or absence conclusion.","Resolved at title/abstract/citation-context because the record was off-topic, application-specific, secondary, sequential-only, or methodologically redundant with a verified primary anchor; it was not retained and is not used to support a substantive or absence conclusion.","LEVEL_3_DISCOVERY_ONLY","NOT_RETRIEVED","","","NONE","","audit/phase2a1_raw_search_results/DEF/PHASE2A1-SEARCH-0033_crossref.json","Discovery-only; not used in synthesis or an absence conclusion."
"A1DEF-0183","D-F","PHASE2A1-SEARCH-0033","2026-07-31","Crossref","On Finite Blocklength Converse Bounds for Classical Communication Over Quantum Channels","Xin Wang; Kun Fang; Marco Tomamichel","2018","10.1109/isit.2018.8437796","https://doi.org/10.1109/isit.2018.8437796","A1-DUP-0506","A1DEF-0183","UNIQUE_OCCURRENCE","DEF","A1DEF-DUP-0163","FALSE_POSITIVE","FALSE_POSITIVE","Resolved at title/abstract/citation-context because the record was off-topic, application-specific, secondary, sequential-only, or methodologically redundant with a verified primary anchor; it was not retained and is not used to support a substantive or absence conclusion.","Resolved at title/abstract/citation-context because the record was off-topic, application-specific, secondary, sequential-only, or methodologically redundant with a verified primary anchor; it was not retained and is not used to support a substantive or absence conclusion.","LEVEL_3_DISCOVERY_ONLY","NOT_RETRIEVED","","","NONE","","audit/phase2a1_raw_search_results/DEF/PHASE2A1-SEARCH-0033_crossref.json","Discovery-only; not used in synthesis or an absence conclusion."
"A1DEF-0184","D-F","PHASE2A1-SEARCH-0033","2026-07-31","Crossref","Finite Blocklength Converse Bounds for Quantum Channels","William Matthews; Stephanie Wehner","2014","10.1109/tit.2014.2353614","https://doi.org/10.1109/tit.2014.2353614","A1-DUP-0507","A1DEF-0184","UNIQUE_OCCURRENCE","DEF","A1DEF-DUP-0164","FALSE_POSITIVE","FALSE_POSITIVE","Resolved at title/abstract/citation-context because the record was off-topic, application-specific, secondary, sequential-only, or methodologically redundant with a verified primary anchor; it was not retained and is not used to support a substantive or absence conclusion.","Resolved at title/abstract/citation-context because the record was off-topic, application-specific, secondary, sequential-only, or methodologically redundant with a verified primary anchor; it was not retained and is not used to support a substantive or absence conclusion.","LEVEL_3_DISCOVERY_ONLY","NOT_RETRIEVED","","","NONE","","audit/phase2a1_raw_search_results/DEF/PHASE2A1-SEARCH-0033_crossref.json","Discovery-only; not used in synthesis or an absence conclusion."
"A1DEF-0185","D-F","PHASE2A1-SEARCH-0033","2026-07-31","Crossref","Converse bounds for assorted codes in the finite blocklength regime","Yanina Y. Shkel; Vincent Y. F. Tan; Stark C. Draper","2013","10.1109/isit.2013.6620521","https://doi.org/10.1109/isit.2013.6620521","A1-DUP-0508","A1DEF-0185","UNIQUE_OCCURRENCE","DEF","A1DEF-DUP-0165","FALSE_POSITIVE","FALSE_POSITIVE","Resolved at title/abstract/citation-context because the record was off-topic, application-specific, secondary, sequential-only, or methodologically redundant with a verified primary anchor; it was not retained and is not used to support a substantive or absence conclusion.","Resolved at title/abstract/citation-context because the record was off-topic, application-specific, secondary, sequential-only, or methodologically redundant with a verified primary anchor; it was not retained and is not used to support a substantive or absence conclusion.","LEVEL_3_DISCOVERY_ONLY","NOT_RETRIEVED","","","NONE","","audit/phase2a1_raw_search_results/DEF/PHASE2A1-SEARCH-0033_crossref.json","Discovery-only; not used in synthesis or an absence conclusion."
"A1DEF-0186","D-F","PHASE2A1-SEARCH-0033","2026-07-31","Crossref","Finite Blocklength and Moderate Deviation Analysis of Hypothesis Testing of Correlated Quantum States and Application to Classical-Quantum Channels With Memory","Cambyse Rouze; Nilanjana Datta","2018","10.1109/tit.2017.2763975","https://doi.org/10.1109/tit.2017.2763975","A1-DUP-0509","A1DEF-0186","UNIQUE_OCCURRENCE","DEF","A1DEF-DUP-0166","FALSE_POSITIVE","FALSE_POSITIVE","Resolved at title/abstract/citation-context because the record was off-topic, application-specific, secondary, sequential-only, or methodologically redundant with a verified primary anchor; it was not retained and is not used to support a substantive or absence conclusion.","Resolved at title/abstract/citation-context because the record was off-topic, application-specific, secondary, sequential-only, or methodologically redundant with a verified primary anchor; it was not retained and is not used to support a substantive or absence conclusion.","LEVEL_3_DISCOVERY_ONLY","NOT_RETRIEVED","","","NONE","","audit/phase2a1_raw_search_results/DEF/PHASE2A1-SEARCH-0033_crossref.json","Discovery-only; not used in synthesis or an absence conclusion."
"A1DEF-0187","D-F","PHASE2A1-SEARCH-0033","2026-07-31","Crossref","Multiple quantum hypothesis testing expressions and classical-quantum channel converse bounds","Gonzalo Vazquez-Vilar","2016","10.1109/isit.2016.7541820","https://doi.org/10.1109/isit.2016.7541820","A1-DUP-0193","A1AC-0225","NORMALIZED_DOI","DEF","A1DEF-DUP-0167","FALSE_POSITIVE","DUPLICATE","Resolved at title/abstract/citation-context because the record was off-topic, application-specific, secondary, sequential-only, or methodologically redundant with a verified primary anchor; it was not retained and is not used to support a substantive or absence conclusion.","CROSS_WORKSTREAM_DUPLICATE_OF=A1AC-0225;MATCH_BASIS=NORMALIZED_DOI;SOURCE_DISPOSITION=FALSE_POSITIVE","LEVEL_3_DISCOVERY_ONLY","NOT_RETRIEVED","","","NONE","","audit/phase2a1_raw_search_results/DEF/PHASE2A1-SEARCH-0033_crossref.json","Discovery-only; not used in synthesis or an absence conclusion."
"A1DEF-0188","D-F","PHASE2A1-SEARCH-0033","2026-07-31","Crossref","Strong converses for group testing from finite blocklength results","Oliver Johnson","2017","10.1109/tit.2017.2697358","https://doi.org/10.1109/tit.2017.2697358","A1-DUP-0510","A1DEF-0188","SOURCE_LEDGER_GROUP","DEF","A1DEF-DUP-0168","FALSE_POSITIVE","FALSE_POSITIVE","Resolved at title/abstract/citation-context because the record was off-topic, application-specific, secondary, sequential-only, or methodologically redundant with a verified primary anchor; it was not retained and is not used to support a substantive or absence conclusion.","Resolved at title/abstract/citation-context because the record was off-topic, application-specific, secondary, sequential-only, or methodologically redundant with a verified primary anchor; it was not retained and is not used to support a substantive or absence conclusion.","LEVEL_3_DISCOVERY_ONLY","NOT_RETRIEVED","","","NONE","","audit/phase2a1_raw_search_results/DEF/PHASE2A1-SEARCH-0033_crossref.json","Discovery-only; not used in synthesis or an absence conclusion."
"A1DEF-0189","D-F","PHASE2A1-SEARCH-0033","2026-07-31","Crossref","Hypothesis Testing","","2009","10.1017/cbo9780511806957.004","https://doi.org/10.1017/cbo9780511806957.004","A1-DUP-0021","A1AC-0021","SOURCE_LEDGER_GROUP;NORMALIZED_DOI","DEF","A1DEF-DUP-0001","DUPLICATE","DUPLICATE","Duplicate occurrence of a record already dispositioned in this prospective ledger.","Duplicate occurrence of a record already dispositioned in this prospective ledger.","LEVEL_3_DISCOVERY_ONLY","NOT_APPLICABLE","","","NONE","","audit/phase2a1_raw_search_results/DEF/PHASE2A1-SEARCH-0033_crossref.json","Duplicate search occurrence; retained evidence is attached to the first occurrence."
"A1DEF-0190","D-F","PHASE2A1-SEARCH-0033","2026-07-31","Crossref","Strong Converse and Stein's Lemma in Quantum Hypothesis Testing","Tomohiro Ogawa; Hiroshi Nagaoka","2005","10.1142/9789812563071_0003","https://doi.org/10.1142/9789812563071_0003","A1-DUP-0511","A1DEF-0190","UNIQUE_OCCURRENCE","DEF","A1DEF-DUP-0169","FALSE_POSITIVE","FALSE_POSITIVE","Resolved at title/abstract/citation-context because the record was off-topic, application-specific, secondary, sequential-only, or methodologically redundant with a verified primary anchor; it was not retained and is not used to support a substantive or absence conclusion.","Resolved at title/abstract/citation-context because the record was off-topic, application-specific, secondary, sequential-only, or methodologically redundant with a verified primary anchor; it was not retained and is not used to support a substantive or absence conclusion.","LEVEL_3_DISCOVERY_ONLY","NOT_RETRIEVED","","","NONE","","audit/phase2a1_raw_search_results/DEF/PHASE2A1-SEARCH-0033_crossref.json","Discovery-only; not used in synthesis or an absence conclusion."
"A1DEF-0191","D-F","PHASE2A1-SEARCH-0033","2026-07-31","Crossref","The strong converse theorem for hypothesis testing","T.S. Han; K. Kobayashi","1989","10.1109/18.42188","https://doi.org/10.1109/18.42188","A1-DUP-0512","A1DEF-0191","UNIQUE_OCCURRENCE","DEF","A1DEF-DUP-0170","FALSE_POSITIVE","FALSE_POSITIVE","Resolved at title/abstract/citation-context because the record was off-topic, application-specific, secondary, sequential-only, or methodologically redundant with a verified primary anchor; it was not retained and is not used to support a substantive or absence conclusion.","Resolved at title/abstract/citation-context because the record was off-topic, application-specific, secondary, sequential-only, or methodologically redundant with a verified primary anchor; it was not retained and is not used to support a substantive or absence conclusion.","LEVEL_3_DISCOVERY_ONLY","NOT_RETRIEVED","","","NONE","","audit/phase2a1_raw_search_results/DEF/PHASE2A1-SEARCH-0033_crossref.json","Discovery-only; not used in synthesis or an absence conclusion."
"A1DEF-0192","D-F","PHASE2A1-SEARCH-0033","2026-07-31","Crossref","On the converse theorem in statistical hypothesis testing","K. Nakagawa; F. Kanaya","1993","10.1109/18.212293","https://doi.org/10.1109/18.212293","A1-DUP-0513","A1DEF-0192","UNIQUE_OCCURRENCE","DEF","A1DEF-DUP-0171","FALSE_POSITIVE","FALSE_POSITIVE","Resolved at title/abstract/citation-context because the record was off-topic, application-specific, secondary, sequential-only, or methodologically redundant with a verified primary anchor; it was not retained and is not used to support a substantive or absence conclusion.","Resolved at title/abstract/citation-context because the record was off-topic, application-specific, secondary, sequential-only, or methodologically redundant with a verified primary anchor; it was not retained and is not used to support a substantive or absence conclusion.","LEVEL_3_DISCOVERY_ONLY","NOT_RETRIEVED","","","NONE","","audit/phase2a1_raw_search_results/DEF/PHASE2A1-SEARCH-0033_crossref.json","Discovery-only; not used in synthesis or an absence conclusion."
"A1DEF-0193","D-F","PHASE2A1-SEARCH-0033","2026-07-31","Crossref","A strong converse bound for multiple hypothesis testing, with applications to high-dimensional estimation","Ramji Venkataramanan; Oliver Johnson","2018","10.1214/18-ejs1419","https://doi.org/10.1214/18-ejs1419","A1-DUP-0127","A1AC-0147","SOURCE_LEDGER_GROUP;NORMALIZED_DOI","DEF","A1DEF-DUP-0123","DUPLICATE","DUPLICATE","Duplicate occurrence of a record already dispositioned in this prospective ledger.","Duplicate occurrence of a record already dispositioned in this prospective ledger.","LEVEL_3_DISCOVERY_ONLY","NOT_APPLICABLE","","","DUPLICATE_OF_EXISTING_CORPUS","","audit/phase2a1_raw_search_results/DEF/PHASE2A1-SEARCH-0033_crossref.json","Duplicate search occurrence; retained evidence is attached to the first occurrence."
"A1DEF-0194","D-F","PHASE2A1-SEARCH-0033","2026-07-31","Crossref","A Strong Converse Theorem for Hypothesis Testing Against Independence over a Two-Hop Network","Daming Cao; Lin Zhou; Vincent Y. F. Tan","2019","10.3390/e21121171","https://doi.org/10.3390/e21121171","A1-DUP-0514","A1DEF-0194","UNIQUE_OCCURRENCE","DEF","A1DEF-DUP-0172","FALSE_POSITIVE","FALSE_POSITIVE","Resolved at title/abstract/citation-context because the record was off-topic, application-specific, secondary, sequential-only, or methodologically redundant with a verified primary anchor; it was not retained and is not used to support a substantive or absence conclusion.","Resolved at title/abstract/citation-context because the record was off-topic, application-specific, secondary, sequential-only, or methodologically redundant with a verified primary anchor; it was not retained and is not used to support a substantive or absence conclusion.","LEVEL_3_DISCOVERY_ONLY","NOT_RETRIEVED","","","NONE","","audit/phase2a1_raw_search_results/DEF/PHASE2A1-SEARCH-0033_crossref.json","Discovery-only; not used in synthesis or an absence conclusion."
"A1DEF-0195","D-F","PHASE2A1-SEARCH-0033","2026-07-31","Crossref","Strong converse and Stein's lemma in quantum hypothesis testing","H. Nagaoka; T. Ogawa","2000","10.1109/18.887855","https://doi.org/10.1109/18.887855","A1-DUP-0515","A1DEF-0195","UNIQUE_OCCURRENCE","DEF","A1DEF-DUP-0173","FALSE_POSITIVE","FALSE_POSITIVE","Resolved at title/abstract/citation-context because the record was off-topic, application-specific, secondary, sequential-only, or methodologically redundant with a verified primary anchor; it was not retained and is not used to support a substantive or absence conclusion.","Resolved at title/abstract/citation-context because the record was off-topic, application-specific, secondary, sequential-only, or methodologically redundant with a verified primary anchor; it was not retained and is not used to support a substantive or absence conclusion.","LEVEL_3_DISCOVERY_ONLY","NOT_RETRIEVED","","","NONE","","audit/phase2a1_raw_search_results/DEF/PHASE2A1-SEARCH-0033_crossref.json","Discovery-only; not used in synthesis or an absence conclusion."
"A1DEF-0196","D-F","PHASE2A1-SEARCH-0034","2026-07-31","OpenAlex","Lossless Source Coding in the Point-to-Point, Multiple Access, and Random Access Scenarios","Shuqing Chen; Michelle Effros; Victoria Kostina","2020","10.1109/tit.2020.3005155","https://openalex.org/W2914958448","A1-DUP-0516","A1DEF-0196","UNIQUE_OCCURRENCE","DEF","A1DEF-DUP-0174","FALSE_POSITIVE","FALSE_POSITIVE","Resolved at title/abstract/citation-context because the record was off-topic, application-specific, secondary, sequential-only, or methodologically redundant with a verified primary anchor; it was not retained and is not used to support a substantive or absence conclusion.","Resolved at title/abstract/citation-context because the record was off-topic, application-specific, secondary, sequential-only, or methodologically redundant with a verified primary anchor; it was not retained and is not used to support a substantive or absence conclusion.","LEVEL_3_DISCOVERY_ONLY","NOT_RETRIEVED","","","NONE","","audit/phase2a1_raw_search_results/DEF/PHASE2A1-SEARCH-0034_openalex.json","Discovery-only; not used in synthesis or an absence conclusion."
"A1DEF-0197","D-F","PHASE2A1-SEARCH-0034","2026-07-31","OpenAlex","A Hypothesis Testing Approach for Communication Over Entanglement-Assisted Compound Quantum Channel","Anurag Anshu; Rahul Jain; Naqueeb Ahmad Warsi","2018","10.1109/tit.2018.2876280","https://openalex.org/W2636034934","A1-DUP-0517","A1DEF-0197","UNIQUE_OCCURRENCE","DEF","A1DEF-DUP-0175","FALSE_POSITIVE","FALSE_POSITIVE","Resolved at title/abstract/citation-context because the record was off-topic, application-specific, secondary, sequential-only, or methodologically redundant with a verified primary anchor; it was not retained and is not used to support a substantive or absence conclusion.","Resolved at title/abstract/citation-context because the record was off-topic, application-specific, secondary, sequential-only, or methodologically redundant with a verified primary anchor; it was not retained and is not used to support a substantive or absence conclusion.","LEVEL_3_DISCOVERY_ONLY","NOT_RETRIEVED","","","NONE","","audit/phase2a1_raw_search_results/DEF/PHASE2A1-SEARCH-0034_openalex.json","Discovery-only; not used in synthesis or an absence conclusion."
"A1DEF-0198","D-F","PHASE2A1-SEARCH-0034","2026-07-31","OpenAlex","Tight Asymptotic Bounds on Local Hypothesis Testing Between a Pure Bipartite State and the White Noise State","Masahito Hayashi; Masaki Owari","2017","10.1109/tit.2017.2687932","https://openalex.org/W2598086796","A1-DUP-0518","A1DEF-0198","UNIQUE_OCCURRENCE","DEF","A1DEF-DUP-0176","FALSE_POSITIVE","FALSE_POSITIVE","Resolved at title/abstract/citation-context because the record was off-topic, application-specific, secondary, sequential-only, or methodologically redundant with a verified primary anchor; it was not retained and is not used to support a substantive or absence conclusion.","Resolved at title/abstract/citation-context because the record was off-topic, application-specific, secondary, sequential-only, or methodologically redundant with a verified primary anchor; it was not retained and is not used to support a substantive or absence conclusion.","LEVEL_3_DISCOVERY_ONLY","NOT_RETRIEVED","","","NONE","","audit/phase2a1_raw_search_results/DEF/PHASE2A1-SEARCH-0034_openalex.json","Discovery-only; not used in synthesis or an absence conclusion."
"A1DEF-0199","D-F","PHASE2A1-SEARCH-0034","2026-07-31","OpenAlex","Converses from non-signalling codes and their relationship to converses from hypothesis testing","William Matthews","2016","10.3929/ethz-a-010645629","https://openalex.org/W2401078402","A1-DUP-0519","A1DEF-0199","UNIQUE_OCCURRENCE","DEF","A1DEF-DUP-0177","FALSE_POSITIVE","FALSE_POSITIVE","Resolved at title/abstract/citation-context because the record was off-topic, application-specific, secondary, sequential-only, or methodologically redundant with a verified primary anchor; it was not retained and is not used to support a substantive or absence conclusion.","Resolved at title/abstract/citation-context because the record was off-topic, application-specific, secondary, sequential-only, or methodologically redundant with a verified primary anchor; it was not retained and is not used to support a substantive or absence conclusion.","LEVEL_3_DISCOVERY_ONLY","NOT_RETRIEVED","","","NONE","","audit/phase2a1_raw_search_results/DEF/PHASE2A1-SEARCH-0034_openalex.json","Discovery-only; not used in synthesis or an absence conclusion."
"A1DEF-0200","D-F","PHASE2A1-SEARCH-0034","2026-07-31","OpenAlex","Explicit Performance Bound of Finite Blocklength Coded MIMO: Time-Domain versus Spatiotemporal Channel Coding","Feng Ye; Xiaohu You; Jiamin Li; Chen Ji; Chuan Zhang","2024","10.48550/arxiv.2406.13922","https://openalex.org/W4399911328","A1-DUP-0520","A1DEF-0200","UNIQUE_OCCURRENCE","DEF","A1DEF-DUP-0178","FALSE_POSITIVE","FALSE_POSITIVE","Resolved at title/abstract/citation-context because the record was off-topic, application-specific, secondary, sequential-only, or methodologically redundant with a verified primary anchor; it was not retained and is not used to support a substantive or absence conclusion.","Resolved at title/abstract/citation-context because the record was off-topic, application-specific, secondary, sequential-only, or methodologically redundant with a verified primary anchor; it was not retained and is not used to support a substantive or absence conclusion.","LEVEL_3_DISCOVERY_ONLY","NOT_RETRIEVED","","","NONE","","audit/phase2a1_raw_search_results/DEF/PHASE2A1-SEARCH-0034_openalex.json","Discovery-only; not used in synthesis or an absence conclusion."
"A1DEF-0201","D-F","PHASE2A1-SEARCH-0034","2026-07-31","OpenAlex","On Strong Converse Theorems for Quantum Hypothesis Testing and Channel Coding","Hao–Chung Cheng; Gao Li","2024","10.48550/arxiv.2403.13584","https://openalex.org/W4393063673","A1-DUP-0521","A1DEF-0201","UNIQUE_OCCURRENCE","DEF","A1DEF-DUP-0179","FALSE_POSITIVE","FALSE_POSITIVE","Resolved at title/abstract/citation-context because the record was off-topic, application-specific, secondary, sequential-only, or methodologically redundant with a verified primary anchor; it was not retained and is not used to support a substantive or absence conclusion.","Resolved at title/abstract/citation-context because the record was off-topic, application-specific, secondary, sequential-only, or methodologically redundant with a verified primary anchor; it was not retained and is not used to support a substantive or absence conclusion.","LEVEL_3_DISCOVERY_ONLY","NOT_RETRIEVED","","","NONE","","audit/phase2a1_raw_search_results/DEF/PHASE2A1-SEARCH-0034_openalex.json","Discovery-only; not used in synthesis or an absence conclusion."
"A1DEF-0202","D-F","PHASE2A1-SEARCH-0034","2026-07-31","OpenAlex","Semidefinite programming converse bounds for classical communication over quantum channels","Xin Wang; Wei Xie; Runyao Duan","2017","10.1109/isit.2017.8006825","https://openalex.org/W2743881328","A1-DUP-0522","A1DEF-0202","UNIQUE_OCCURRENCE","DEF","A1DEF-DUP-0180","FALSE_POSITIVE","FALSE_POSITIVE","Resolved at title/abstract/citation-context because the record was off-topic, application-specific, secondary, sequential-only, or methodologically redundant with a verified primary anchor; it was not retained and is not used to support a substantive or absence conclusion.","Resolved at title/abstract/citation-context because the record was off-topic, application-specific, secondary, sequential-only, or methodologically redundant with a verified primary anchor; it was not retained and is not used to support a substantive or absence conclusion.","LEVEL_3_DISCOVERY_ONLY","NOT_RETRIEVED","","","NONE","","audit/phase2a1_raw_search_results/DEF/PHASE2A1-SEARCH-0034_openalex.json","Discovery-only; not used in synthesis or an absence conclusion."
"A1DEF-0203","D-F","PHASE2A1-SEARCH-0034","2026-07-31","OpenAlex","Distributed Hypothesis Testing with Concurrent Detections","Pierre Escamilla; Michèle Wigger; Abdellatif Zaidi","2018","10.48550/arxiv.1805.06212","https://openalex.org/W2803790937","A1-DUP-0523","A1DEF-0203","UNIQUE_OCCURRENCE","DEF","A1DEF-DUP-0181","FALSE_POSITIVE","FALSE_POSITIVE","Resolved at title/abstract/citation-context because the record was off-topic, application-specific, secondary, sequential-only, or methodologically redundant with a verified primary anchor; it was not retained and is not used to support a substantive or absence conclusion.","Resolved at title/abstract/citation-context because the record was off-topic, application-specific, secondary, sequential-only, or methodologically redundant with a verified primary anchor; it was not retained and is not used to support a substantive or absence conclusion.","LEVEL_3_DISCOVERY_ONLY","NOT_RETRIEVED","","","NONE","","audit/phase2a1_raw_search_results/DEF/PHASE2A1-SEARCH-0034_openalex.json","Discovery-only; not used in synthesis or an absence conclusion."
"A1DEF-0204","D-F","PHASE2A1-SEARCH-0034","2026-07-31","OpenAlex","Finite-block-length analysis in classical and quantum information theory","Masahito HAYASHI","2017","10.2183/pjab.93.007","https://openalex.org/W2392161378","A1-DUP-0524","A1DEF-0204","UNIQUE_OCCURRENCE","DEF","A1DEF-DUP-0182","FALSE_POSITIVE","FALSE_POSITIVE","Resolved at title/abstract/citation-context because the record was off-topic, application-specific, secondary, sequential-only, or methodologically redundant with a verified primary anchor; it was not retained and is not used to support a substantive or absence conclusion.","Resolved at title/abstract/citation-context because the record was off-topic, application-specific, secondary, sequential-only, or methodologically redundant with a verified primary anchor; it was not retained and is not used to support a substantive or absence conclusion.","LEVEL_3_DISCOVERY_ONLY","NOT_RETRIEVED","","","NONE","","audit/phase2a1_raw_search_results/DEF/PHASE2A1-SEARCH-0034_openalex.json","Discovery-only; not used in synthesis or an absence conclusion."
"A1DEF-0205","D-F","PHASE2A1-SEARCH-0034","2026-07-31","OpenAlex","Resource theory of unextendibility and nonasymptotic quantum capacity","Eneet Kaur; Siddhartha Das; Mark M. Wilde; Andreas Winter","2021","10.1103/physreva.104.022401","https://openalex.org/W3188877029","A1-DUP-0525","A1DEF-0205","UNIQUE_OCCURRENCE","DEF","A1DEF-DUP-0183","FALSE_POSITIVE","FALSE_POSITIVE","Resolved at title/abstract/citation-context because the record was off-topic, application-specific, secondary, sequential-only, or methodologically redundant with a verified primary anchor; it was not retained and is not used to support a substantive or absence conclusion.","Resolved at title/abstract/citation-context because the record was off-topic, application-specific, secondary, sequential-only, or methodologically redundant with a verified primary anchor; it was not retained and is not used to support a substantive or absence conclusion.","LEVEL_3_DISCOVERY_ONLY","NOT_RETRIEVED","","","NONE","","audit/phase2a1_raw_search_results/DEF/PHASE2A1-SEARCH-0034_openalex.json","Discovery-only; not used in synthesis or an absence conclusion."
"A1DEF-0206","D-F","PHASE2A1-SEARCH-0034","2026-07-31","OpenAlex","A Survey on Error Exponents in Distributed Hypothesis Testing: Connections with Information Theory, Interpretations, and Applications","Sebastián Espinosa; Jorge F. Silva; Sandra Céspedes","2024","10.3390/e26070596","https://openalex.org/W4400578562","A1-DUP-0526","A1DEF-0206","UNIQUE_OCCURRENCE","DEF","A1DEF-DUP-0184","FALSE_POSITIVE","FALSE_POSITIVE","Resolved at title/abstract/citation-context because the record was off-topic, application-specific, secondary, sequential-only, or methodologically redundant with a verified primary anchor; it was not retained and is not used to support a substantive or absence conclusion.","Resolved at title/abstract/citation-context because the record was off-topic, application-specific, secondary, sequential-only, or methodologically redundant with a verified primary anchor; it was not retained and is not used to support a substantive or absence conclusion.","LEVEL_3_DISCOVERY_ONLY","NOT_RETRIEVED","","","NONE","","audit/phase2a1_raw_search_results/DEF/PHASE2A1-SEARCH-0034_openalex.json","Discovery-only; not used in synthesis or an absence conclusion."
"A1DEF-0207","D-F","PHASE2A1-SEARCH-0034","2026-07-31","OpenAlex","Secure Multiplex Coding With Dependent and Non-Uniform Multiple Messages","Masahito Hayashi; Ryutaroh Matsumoto","2016","10.1109/tit.2016.2530088","https://openalex.org/W2763740675","A1-DUP-0527","A1DEF-0207","UNIQUE_OCCURRENCE","DEF","A1DEF-DUP-0185","FALSE_POSITIVE","FALSE_POSITIVE","Resolved at title/abstract/citation-context because the record was off-topic, application-specific, secondary, sequential-only, or methodologically redundant with a verified primary anchor; it was not retained and is not used to support a substantive or absence conclusion.","Resolved at title/abstract/citation-context because the record was off-topic, application-specific, secondary, sequential-only, or methodologically redundant with a verified primary anchor; it was not retained and is not used to support a substantive or absence conclusion.","LEVEL_3_DISCOVERY_ONLY","NOT_RETRIEVED","","","NONE","","audit/phase2a1_raw_search_results/DEF/PHASE2A1-SEARCH-0034_openalex.json","Discovery-only; not used in synthesis or an absence conclusion."
"A1DEF-0208","D-F","PHASE2A1-SEARCH-0034","2026-07-31","OpenAlex","Quantum channel coding: Approximation algorithms and strong converse exponents","Aadil Oufkir; Mario Berta","2025","10.22331/q-2025-10-06-1877","https://openalex.org/W4414853649","A1-DUP-0528","A1DEF-0208","UNIQUE_OCCURRENCE","DEF","A1DEF-DUP-0186","FALSE_POSITIVE","FALSE_POSITIVE","Resolved at title/abstract/citation-context because the record was off-topic, application-specific, secondary, sequential-only, or methodologically redundant with a verified primary anchor; it was not retained and is not used to support a substantive or absence conclusion.","Resolved at title/abstract/citation-context because the record was off-topic, application-specific, secondary, sequential-only, or methodologically redundant with a verified primary anchor; it was not retained and is not used to support a substantive or absence conclusion.","LEVEL_3_DISCOVERY_ONLY","NOT_RETRIEVED","","","NONE","","audit/phase2a1_raw_search_results/DEF/PHASE2A1-SEARCH-0034_openalex.json","Discovery-only; not used in synthesis or an absence conclusion."
"A1DEF-0209","D-F","PHASE2A1-SEARCH-0034","2026-07-31","OpenAlex","Towards Massive, Ultra-Reliable, and Low-Latency Wireless Communication with Short Packets","Giuseppe Durisi; Tobias Koch; Petar Popovski","2015","10.48550/arxiv.1504.06526","https://openalex.org/W2951341240","A1-DUP-0529","A1DEF-0209","UNIQUE_OCCURRENCE","DEF","A1DEF-DUP-0187","FALSE_POSITIVE","FALSE_POSITIVE","Resolved at title/abstract/citation-context because the record was off-topic, application-specific, secondary, sequential-only, or methodologically redundant with a verified primary anchor; it was not retained and is not used to support a substantive or absence conclusion.","Resolved at title/abstract/citation-context because the record was off-topic, application-specific, secondary, sequential-only, or methodologically redundant with a verified primary anchor; it was not retained and is not used to support a substantive or absence conclusion.","LEVEL_3_DISCOVERY_ONLY","NOT_RETRIEVED","","","NONE","","audit/phase2a1_raw_search_results/DEF/PHASE2A1-SEARCH-0034_openalex.json","Discovery-only; not used in synthesis or an absence conclusion."
"A1DEF-0210","D-F","PHASE2A1-SEARCH-0034","2026-07-31","OpenAlex","How Deep the Theory of Quantum Communications Goes: Superadditivity, Superactivation and Causal Activation","Seid Koudia; Angela Sara Cacciapuoti; Kyrylo Simonov; Marcello Caleffi","2021","10.1109/comst.2022.3196449","https://openalex.org/W4287024319","A1-DUP-0530","A1DEF-0210","UNIQUE_OCCURRENCE","DEF","A1DEF-DUP-0188","FALSE_POSITIVE","FALSE_POSITIVE","Resolved at title/abstract/citation-context because the record was off-topic, application-specific, secondary, sequential-only, or methodologically redundant with a verified primary anchor; it was not retained and is not used to support a substantive or absence conclusion.","Resolved at title/abstract/citation-context because the record was off-topic, application-specific, secondary, sequential-only, or methodologically redundant with a verified primary anchor; it was not retained and is not used to support a substantive or absence conclusion.","LEVEL_3_DISCOVERY_ONLY","NOT_RETRIEVED","","","NONE","","audit/phase2a1_raw_search_results/DEF/PHASE2A1-SEARCH-0034_openalex.json","Discovery-only; not used in synthesis or an absence conclusion."
"A1DEF-0211","D-F","PHASE2A1-SEARCH-0035","2026-07-31","Crossref","Graphing Sample Distributions for Hypothesis Testing","","2021","10.4135/9781529630213.n2","https://doi.org/10.4135/9781529630213.n2","A1-DUP-0016","A1AC-0016","SOURCE_LEDGER_GROUP;NORMALIZED_DOI","DEF","A1DEF-DUP-0002","DUPLICATE","DUPLICATE","Duplicate occurrence of a record already dispositioned in this prospective ledger.","Duplicate occurrence of a record already dispositioned in this prospective ledger.","LEVEL_3_DISCOVERY_ONLY","NOT_APPLICABLE","","","NONE","","audit/phase2a1_raw_search_results/DEF/PHASE2A1-SEARCH-0035_crossref.json","Duplicate search occurrence; retained evidence is attached to the first occurrence."
"A1DEF-0212","D-F","PHASE2A1-SEARCH-0035","2026-07-31","Crossref","Active Fixed-Sample-Size Hypothesis Testing via POMDP Value Function Lipschitz Bounds","Timothy L. Molloy; Girish N. Nair","2024","10.23919/acc60939.2024.10644574","https://doi.org/10.23919/acc60939.2024.10644574","A1-DUP-0017","A1DEF-0006","SOURCE_LEDGER_GROUP;NORMALIZED_DOI","DEF","A1DEF-DUP-0006","DUPLICATE","DUPLICATE","Duplicate occurrence of a record already dispositioned in this prospective ledger.","Duplicate occurrence of a record already dispositioned in this prospective ledger.","LEVEL_3_DISCOVERY_ONLY","NOT_APPLICABLE","","","NONE","","audit/phase2a1_raw_search_results/DEF/PHASE2A1-SEARCH-0035_crossref.json","Duplicate search occurrence; retained evidence is attached to the first occurrence."
"A1DEF-0213","D-F","PHASE2A1-SEARCH-0035","2026-07-31","Crossref","Sample Complexity of Locally Differentially Private Quantum Hypothesis Testing","Hao–Chung Cheng; Christoph Hirche; Cambyse Rouzé","2024","10.1109/isit57864.2024.10619433","https://doi.org/10.1109/isit57864.2024.10619433","A1-DUP-0191","A1AC-0220","NORMALIZED_DOI","DEF","A1DEF-DUP-0189","FALSE_POSITIVE","DUPLICATE","Resolved at title/abstract/citation-context because the record was off-topic, application-specific, secondary, sequential-only, or methodologically redundant with a verified primary anchor; it was not retained and is not used to support a substantive or absence conclusion.","CROSS_WORKSTREAM_DUPLICATE_OF=A1AC-0220;MATCH_BASIS=NORMALIZED_DOI;SOURCE_DISPOSITION=FALSE_POSITIVE","LEVEL_3_DISCOVERY_ONLY","NOT_RETRIEVED","","","NONE","","audit/phase2a1_raw_search_results/DEF/PHASE2A1-SEARCH-0035_crossref.json","Discovery-only; not used in synthesis or an absence conclusion."
"A1DEF-0214","D-F","PHASE2A1-SEARCH-0035","2026-07-31","Crossref","Information acquisition, controlled sensing, and active hypothesis testing","Tara Javidi","2014","10.1109/iwcit.2014.6842495","https://doi.org/10.1109/iwcit.2014.6842495","A1-DUP-0531","A1DEF-0214","UNIQUE_OCCURRENCE","DEF","A1DEF-DUP-0190","FALSE_POSITIVE","FALSE_POSITIVE","Resolved at title/abstract/citation-context because the record was off-topic, application-specific, secondary, sequential-only, or methodologically redundant with a verified primary anchor; it was not retained and is not used to support a substantive or absence conclusion.","Resolved at title/abstract/citation-context because the record was off-topic, application-specific, secondary, sequential-only, or methodologically redundant with a verified primary anchor; it was not retained and is not used to support a substantive or absence conclusion.","LEVEL_3_DISCOVERY_ONLY","NOT_RETRIEVED","","","NONE","","audit/phase2a1_raw_search_results/DEF/PHASE2A1-SEARCH-0035_crossref.json","Discovery-only; not used in synthesis or an absence conclusion."
"A1DEF-0215","D-F","PHASE2A1-SEARCH-0035","2026-07-31","Crossref","Sample Size Determination for Bayesian Informative Hypothesis Testing","; Qianrao Fu","","10.33540/1221","https://doi.org/10.33540/1221","A1-DUP-0018","A1AC-0018","SOURCE_LEDGER_GROUP;NORMALIZED_DOI","DEF","A1DEF-DUP-0005","DUPLICATE","DUPLICATE","Duplicate occurrence of a record already dispositioned in this prospective ledger.","Duplicate occurrence of a record already dispositioned in this prospective ledger.","LEVEL_3_DISCOVERY_ONLY","NOT_APPLICABLE","","","NONE","","audit/phase2a1_raw_search_results/DEF/PHASE2A1-SEARCH-0035_crossref.json","Duplicate search occurrence; retained evidence is attached to the first occurrence."
"A1DEF-0216","D-F","PHASE2A1-SEARCH-0035","2026-07-31","Crossref","Objective Bayesian Two Sample Hypothesis Testing for Online Controlled Experiments","Alex Deng","2015","10.1145/2740908.2742563","https://doi.org/10.1145/2740908.2742563","A1-DUP-0532","A1DEF-0216","UNIQUE_OCCURRENCE","DEF","A1DEF-DUP-0191","FALSE_POSITIVE","FALSE_POSITIVE","Resolved at title/abstract/citation-context because the record was off-topic, application-specific, secondary, sequential-only, or methodologically redundant with a verified primary anchor; it was not retained and is not used to support a substantive or absence conclusion.","Resolved at title/abstract/citation-context because the record was off-topic, application-specific, secondary, sequential-only, or methodologically redundant with a verified primary anchor; it was not retained and is not used to support a substantive or absence conclusion.","LEVEL_3_DISCOVERY_ONLY","NOT_RETRIEVED","","","NONE","","audit/phase2a1_raw_search_results/DEF/PHASE2A1-SEARCH-0035_crossref.json","Discovery-only; not used in synthesis or an absence conclusion."
"A1DEF-0217","D-F","PHASE2A1-SEARCH-0035","2026-07-31","Crossref","Objective Bayesian Two Sample Hypothesis Testing for Online Controlled Experiments","Alex Deng","2015","10.1145/2740908.2743062","https://doi.org/10.1145/2740908.2743062","A1-DUP-0533","A1DEF-0217","UNIQUE_OCCURRENCE","DEF","A1DEF-DUP-0192","FALSE_POSITIVE","FALSE_POSITIVE","Resolved at title/abstract/citation-context because the record was off-topic, application-specific, secondary, sequential-only, or methodologically redundant with a verified primary anchor; it was not retained and is not used to support a substantive or absence conclusion.","Resolved at title/abstract/citation-context because the record was off-topic, application-specific, secondary, sequential-only, or methodologically redundant with a verified primary anchor; it was not retained and is not used to support a substantive or absence conclusion.","LEVEL_3_DISCOVERY_ONLY","NOT_RETRIEVED","","","NONE","","audit/phase2a1_raw_search_results/DEF/PHASE2A1-SEARCH-0035_crossref.json","Discovery-only; not used in synthesis or an absence conclusion."
"A1DEF-0218","D-F","PHASE2A1-SEARCH-0035","2026-07-31","Crossref","Hypothesis Testing with One Sample","","2014","10.4324/9781315797564-13","https://doi.org/10.4324/9781315797564-13","A1-DUP-0019","A1AC-0019","SOURCE_LEDGER_GROUP;NORMALIZED_DOI","DEF","A1DEF-DUP-0008","DUPLICATE","DUPLICATE","Duplicate occurrence of a record already dispositioned in this prospective ledger.","Duplicate occurrence of a record already dispositioned in this prospective ledger.","LEVEL_3_DISCOVERY_ONLY","NOT_APPLICABLE","","","NONE","","audit/phase2a1_raw_search_results/DEF/PHASE2A1-SEARCH-0035_crossref.json","Duplicate search occurrence; retained evidence is attached to the first occurrence."
"A1DEF-0219","D-F","PHASE2A1-SEARCH-0035","2026-07-31","Crossref","Controlled Sensing for Multi-Hypothesis Testing with Co-Dependent Actions","Javad Heydari; Ali Tajer","2018","10.1109/isit.2018.8437682","https://doi.org/10.1109/isit.2018.8437682","A1-DUP-0534","A1DEF-0219","UNIQUE_OCCURRENCE","DEF","A1DEF-DUP-0193","FALSE_POSITIVE","FALSE_POSITIVE","Resolved at title/abstract/citation-context because the record was off-topic, application-specific, secondary, sequential-only, or methodologically redundant with a verified primary anchor; it was not retained and is not used to support a substantive or absence conclusion.","Resolved at title/abstract/citation-context because the record was off-topic, application-specific, secondary, sequential-only, or methodologically redundant with a verified primary anchor; it was not retained and is not used to support a substantive or absence conclusion.","LEVEL_3_DISCOVERY_ONLY","NOT_RETRIEVED","","","NONE","","audit/phase2a1_raw_search_results/DEF/PHASE2A1-SEARCH-0035_crossref.json","Discovery-only; not used in synthesis or an absence conclusion."
"A1DEF-0220","D-F","PHASE2A1-SEARCH-0035","2026-07-31","Crossref","Hypothesis Testing and One-Sample t Tests","","2012","10.4135/9781071878989.n12","https://doi.org/10.4135/9781071878989.n12","A1-DUP-0020","A1AC-0020","SOURCE_LEDGER_GROUP;NORMALIZED_DOI","DEF","A1DEF-DUP-0012","DUPLICATE","DUPLICATE","Duplicate occurrence of a record already dispositioned in this prospective ledger.","Duplicate occurrence of a record already dispositioned in this prospective ledger.","LEVEL_3_DISCOVERY_ONLY","NOT_APPLICABLE","","","NONE","","audit/phase2a1_raw_search_results/DEF/PHASE2A1-SEARCH-0035_crossref.json","Duplicate search occurrence; retained evidence is attached to the first occurrence."
"A1DEF-0221","D-F","PHASE2A1-SEARCH-0035","2026-07-31","Crossref","Hypothesis Testing","","2009","10.1017/cbo9780511806957.004","https://doi.org/10.1017/cbo9780511806957.004","A1-DUP-0021","A1AC-0021","SOURCE_LEDGER_GROUP;NORMALIZED_DOI","DEF","A1DEF-DUP-0001","DUPLICATE","DUPLICATE","Duplicate occurrence of a record already dispositioned in this prospective ledger.","Duplicate occurrence of a record already dispositioned in this prospective ledger.","LEVEL_3_DISCOVERY_ONLY","NOT_APPLICABLE","","","NONE","","audit/phase2a1_raw_search_results/DEF/PHASE2A1-SEARCH-0035_crossref.json","Duplicate search occurrence; retained evidence is attached to the first occurrence."
"A1DEF-0222","D-F","PHASE2A1-SEARCH-0035","2026-07-31","Crossref","Sample Size and Hypothesis Testing","","2023","10.1002/9781119800002.ch14","https://doi.org/10.1002/9781119800002.ch14","A1-DUP-0022","A1AC-0022","SOURCE_LEDGER_GROUP;NORMALIZED_DOI","DEF","A1DEF-DUP-0007","DUPLICATE","DUPLICATE","Duplicate occurrence of a record already dispositioned in this prospective ledger.","Duplicate occurrence of a record already dispositioned in this prospective ledger.","LEVEL_3_DISCOVERY_ONLY","NOT_APPLICABLE","","","NONE","","audit/phase2a1_raw_search_results/DEF/PHASE2A1-SEARCH-0035_crossref.json","Duplicate search occurrence; retained evidence is attached to the first occurrence."
"A1DEF-0223","D-F","PHASE2A1-SEARCH-0035","2026-07-31","Crossref","Controlled sensing for hypothesis testing","Sirin Nitinawarat; George K. Atia; Venugopal V. Veeravalli","2012","10.1109/icassp.2012.6289111","https://doi.org/10.1109/icassp.2012.6289111","A1-DUP-0535","A1DEF-0223","UNIQUE_OCCURRENCE","DEF","A1DEF-DUP-0194","FALSE_POSITIVE","FALSE_POSITIVE","Resolved at title/abstract/citation-context because the record was off-topic, application-specific, secondary, sequential-only, or methodologically redundant with a verified primary anchor; it was not retained and is not used to support a substantive or absence conclusion.","Resolved at title/abstract/citation-context because the record was off-topic, application-specific, secondary, sequential-only, or methodologically redundant with a verified primary anchor; it was not retained and is not used to support a substantive or absence conclusion.","LEVEL_3_DISCOVERY_ONLY","NOT_RETRIEVED","","","NONE","","audit/phase2a1_raw_search_results/DEF/PHASE2A1-SEARCH-0035_crossref.json","Discovery-only; not used in synthesis or an absence conclusion."
"A1DEF-0224","D-F","PHASE2A1-SEARCH-0035","2026-07-31","Crossref","An invitation to the sample complexity of quantum hypothesis testing","Hao-Chung Cheng; Nilanjana Datta; Nana Liu; Theshani Nuradha; Robert Salzmann; Mark M. Wilde","2025","10.1038/s41534-025-00980-8","https://doi.org/10.1038/s41534-025-00980-8","A1-DUP-0194","A1AC-0229","NORMALIZED_DOI","DEF","A1DEF-DUP-0195","FALSE_POSITIVE","DUPLICATE","Resolved at title/abstract/citation-context because the record was off-topic, application-specific, secondary, sequential-only, or methodologically redundant with a verified primary anchor; it was not retained and is not used to support a substantive or absence conclusion.","CROSS_WORKSTREAM_DUPLICATE_OF=A1AC-0229;MATCH_BASIS=NORMALIZED_DOI;SOURCE_DISPOSITION=FALSE_POSITIVE","LEVEL_3_DISCOVERY_ONLY","NOT_RETRIEVED","","","NONE","","audit/phase2a1_raw_search_results/DEF/PHASE2A1-SEARCH-0035_crossref.json","Discovery-only; not used in synthesis or an absence conclusion."
"A1DEF-0225","D-F","PHASE2A1-SEARCH-0035","2026-07-31","Crossref","Large Sample Hypothesis Testing","Anthony Almudevar","2021","10.1201/9781003049340-14","https://doi.org/10.1201/9781003049340-14","A1-DUP-0023","A1AC-0023","SOURCE_LEDGER_GROUP;NORMALIZED_DOI","DEF","A1DEF-DUP-0015","DUPLICATE","DUPLICATE","Duplicate occurrence of a record already dispositioned in this prospective ledger.","Duplicate occurrence of a record already dispositioned in this prospective ledger.","LEVEL_3_DISCOVERY_ONLY","NOT_APPLICABLE","","","NONE","","audit/phase2a1_raw_search_results/DEF/PHASE2A1-SEARCH-0035_crossref.json","Duplicate search occurrence; retained evidence is attached to the first occurrence."
"A1DEF-0226","D-F","PHASE2A1-SEARCH-0036","2026-07-31","OpenAlex","Bayesian computation: a summary of the current state, and samples backwards and forwards","Peter J. Green; Krzysztof Łatuszyński; Marcelo Pereyra; Christian P. Robert","2015","10.1007/s11222-015-9574-5","https://openalex.org/W639587122","A1-DUP-0002","A1AC-0002","NORMALIZED_DOI","DEF","A1DEF-DUP-0196","FALSE_POSITIVE","DUPLICATE","Resolved at title/abstract/citation-context because the record was off-topic, application-specific, secondary, sequential-only, or methodologically redundant with a verified primary anchor; it was not retained and is not used to support a substantive or absence conclusion.","CROSS_WORKSTREAM_DUPLICATE_OF=A1AC-0002;MATCH_BASIS=NORMALIZED_DOI;SOURCE_DISPOSITION=FALSE_POSITIVE","LEVEL_3_DISCOVERY_ONLY","NOT_RETRIEVED","","","NONE","","audit/phase2a1_raw_search_results/DEF/PHASE2A1-SEARCH-0036_openalex.json","Discovery-only; not used in synthesis or an absence conclusion."
"A1DEF-0227","D-F","PHASE2A1-SEARCH-0036","2026-07-31","OpenAlex","Computational advantage of quantum random sampling","Dominik Hangleiter; Jens Eisert","2023","10.1103/revmodphys.95.035001","https://openalex.org/W4384935381","A1-DUP-0536","A1DEF-0227","UNIQUE_OCCURRENCE","DEF","A1DEF-DUP-0197","FALSE_POSITIVE","FALSE_POSITIVE","Resolved at title/abstract/citation-context because the record was off-topic, application-specific, secondary, sequential-only, or methodologically redundant with a verified primary anchor; it was not retained and is not used to support a substantive or absence conclusion.","Resolved at title/abstract/citation-context because the record was off-topic, application-specific, secondary, sequential-only, or methodologically redundant with a verified primary anchor; it was not retained and is not used to support a substantive or absence conclusion.","LEVEL_3_DISCOVERY_ONLY","NOT_RETRIEVED","","","NONE","","audit/phase2a1_raw_search_results/DEF/PHASE2A1-SEARCH-0036_openalex.json","Discovery-only; not used in synthesis or an absence conclusion."
"A1DEF-0228","D-F","PHASE2A1-SEARCH-0036","2026-07-31","OpenAlex","The Origins of Eukaryotic Gene Structure","Michael Lynch","2005","10.1093/molbev/msj050","https://openalex.org/W2143470360","A1-DUP-0537","A1DEF-0228","UNIQUE_OCCURRENCE","DEF","A1DEF-DUP-0198","FALSE_POSITIVE","FALSE_POSITIVE","Resolved at title/abstract/citation-context because the record was off-topic, application-specific, secondary, sequential-only, or methodologically redundant with a verified primary anchor; it was not retained and is not used to support a substantive or absence conclusion.","Resolved at title/abstract/citation-context because the record was off-topic, application-specific, secondary, sequential-only, or methodologically redundant with a verified primary anchor; it was not retained and is not used to support a substantive or absence conclusion.","LEVEL_3_DISCOVERY_ONLY","NOT_RETRIEVED","","","NONE","","audit/phase2a1_raw_search_results/DEF/PHASE2A1-SEARCH-0036_openalex.json","Discovery-only; not used in synthesis or an absence conclusion."
"A1DEF-0229","D-F","PHASE2A1-SEARCH-0036","2026-07-31","OpenAlex","Adaptive Sensing for Estimation of Structured Sparse Signals","Rui M. Castro; Ervin Tánczos","2015","10.1109/tit.2015.2396917","https://openalex.org/W2017096395","A1-DUP-0538","A1DEF-0229","UNIQUE_OCCURRENCE","DEF","A1DEF-DUP-0199","FALSE_POSITIVE","FALSE_POSITIVE","Resolved at title/abstract/citation-context because the record was off-topic, application-specific, secondary, sequential-only, or methodologically redundant with a verified primary anchor; it was not retained and is not used to support a substantive or absence conclusion.","Resolved at title/abstract/citation-context because the record was off-topic, application-specific, secondary, sequential-only, or methodologically redundant with a verified primary anchor; it was not retained and is not used to support a substantive or absence conclusion.","LEVEL_3_DISCOVERY_ONLY","NOT_RETRIEVED","","","NONE","","audit/phase2a1_raw_search_results/DEF/PHASE2A1-SEARCH-0036_openalex.json","Discovery-only; not used in synthesis or an absence conclusion."
"A1DEF-0230","D-F","PHASE2A1-SEARCH-0036","2026-07-31","OpenAlex","Optimal Nested Test Plan for Combinatorial Quantitative Group Testing","Chao Wang; Qing Zhao; Chen‐Nee Chuah","2017","10.1109/tsp.2017.2780053","https://openalex.org/W2962970366","A1-DUP-0539","A1DEF-0230","UNIQUE_OCCURRENCE","DEF","A1DEF-DUP-0200","FALSE_POSITIVE","FALSE_POSITIVE","Resolved at title/abstract/citation-context because the record was off-topic, application-specific, secondary, sequential-only, or methodologically redundant with a verified primary anchor; it was not retained and is not used to support a substantive or absence conclusion.","Resolved at title/abstract/citation-context because the record was off-topic, application-specific, secondary, sequential-only, or methodologically redundant with a verified primary anchor; it was not retained and is not used to support a substantive or absence conclusion.","LEVEL_3_DISCOVERY_ONLY","NOT_RETRIEVED","","","NONE","","audit/phase2a1_raw_search_results/DEF/PHASE2A1-SEARCH-0036_openalex.json","Discovery-only; not used in synthesis or an absence conclusion."
"A1DEF-0231","D-F","PHASE2A1-SEARCH-0036","2026-07-31","OpenAlex","Detection of Correlations With Adaptive Sensing","Rui Castro; Gábor Lugosi; Pierre-André Savalle","2014","10.1109/tit.2014.2364713","https://openalex.org/W2024011275","A1-DUP-0540","A1DEF-0231","UNIQUE_OCCURRENCE","DEF","A1DEF-DUP-0201","FALSE_POSITIVE","FALSE_POSITIVE","Resolved at title/abstract/citation-context because the record was off-topic, application-specific, secondary, sequential-only, or methodologically redundant with a verified primary anchor; it was not retained and is not used to support a substantive or absence conclusion.","Resolved at title/abstract/citation-context because the record was off-topic, application-specific, secondary, sequential-only, or methodologically redundant with a verified primary anchor; it was not retained and is not used to support a substantive or absence conclusion.","LEVEL_3_DISCOVERY_ONLY","NOT_RETRIEVED","","","NONE","","audit/phase2a1_raw_search_results/DEF/PHASE2A1-SEARCH-0036_openalex.json","Discovery-only; not used in synthesis or an absence conclusion."
"A1DEF-0232","D-F","PHASE2A1-SEARCH-0036","2026-07-31","OpenAlex","Gas source localization and mapping with mobile robots: A review","Adam Francis; Shuai Li; C. A. Griffiths; Johann Sienz","2022","10.1002/rob.22109","https://openalex.org/W4286215669","A1-DUP-0541","A1DEF-0232","UNIQUE_OCCURRENCE","DEF","A1DEF-DUP-0202","FALSE_POSITIVE","FALSE_POSITIVE","Resolved at title/abstract/citation-context because the record was off-topic, application-specific, secondary, sequential-only, or methodologically redundant with a verified primary anchor; it was not retained and is not used to support a substantive or absence conclusion.","Resolved at title/abstract/citation-context because the record was off-topic, application-specific, secondary, sequential-only, or methodologically redundant with a verified primary anchor; it was not retained and is not used to support a substantive or absence conclusion.","LEVEL_3_DISCOVERY_ONLY","NOT_RETRIEVED","","","NONE","","audit/phase2a1_raw_search_results/DEF/PHASE2A1-SEARCH-0036_openalex.json","Discovery-only; not used in synthesis or an absence conclusion."
"A1DEF-0233","D-F","PHASE2A1-SEARCH-0036","2026-07-31","OpenAlex","Random Observations on Random Observations: Sparse Signal Acquisition and Processing","Mark A. Davenport","2010","https://openalex.org/W2150446607","https://openalex.org/W2150446607","A1-DUP-0542","A1DEF-0233","UNIQUE_OCCURRENCE","DEF","A1DEF-DUP-0203","FALSE_POSITIVE","FALSE_POSITIVE","Resolved at title/abstract/citation-context because the record was off-topic, application-specific, secondary, sequential-only, or methodologically redundant with a verified primary anchor; it was not retained and is not used to support a substantive or absence conclusion.","Resolved at title/abstract/citation-context because the record was off-topic, application-specific, secondary, sequential-only, or methodologically redundant with a verified primary anchor; it was not retained and is not used to support a substantive or absence conclusion.","LEVEL_3_DISCOVERY_ONLY","NOT_RETRIEVED","","","NONE","","audit/phase2a1_raw_search_results/DEF/PHASE2A1-SEARCH-0036_openalex.json","Discovery-only; not used in synthesis or an absence conclusion."
"A1DEF-0234","D-F","PHASE2A1-SEARCH-0036","2026-07-31","OpenAlex","Active Learning and Adaptive Sampling for Non-Parametric Inference","Rui Castro","2007","https://openalex.org/W1529387951","https://openalex.org/W1529387951","A1-DUP-0543","A1DEF-0234","UNIQUE_OCCURRENCE","DEF","A1DEF-DUP-0204","FALSE_POSITIVE","FALSE_POSITIVE","Resolved at title/abstract/citation-context because the record was off-topic, application-specific, secondary, sequential-only, or methodologically redundant with a verified primary anchor; it was not retained and is not used to support a substantive or absence conclusion.","Resolved at title/abstract/citation-context because the record was off-topic, application-specific, secondary, sequential-only, or methodologically redundant with a verified primary anchor; it was not retained and is not used to support a substantive or absence conclusion.","LEVEL_3_DISCOVERY_ONLY","NOT_RETRIEVED","","","NONE","","audit/phase2a1_raw_search_results/DEF/PHASE2A1-SEARCH-0036_openalex.json","Discovery-only; not used in synthesis or an absence conclusion."
"A1DEF-0235","D-F","PHASE2A1-SEARCH-0036","2026-07-31","OpenAlex","Adaptive, Rate-Optimal Hypothesis Testing in Nonparametric IV Models","Christoph Breunig; Chen, Xiaohong","2020","10.48550/arxiv.2006.09587","https://openalex.org/W4226017885","A1-DUP-0544","A1DEF-0235","UNIQUE_OCCURRENCE","DEF","A1DEF-DUP-0205","FALSE_POSITIVE","FALSE_POSITIVE","Resolved at title/abstract/citation-context because the record was off-topic, application-specific, secondary, sequential-only, or methodologically redundant with a verified primary anchor; it was not retained and is not used to support a substantive or absence conclusion.","Resolved at title/abstract/citation-context because the record was off-topic, application-specific, secondary, sequential-only, or methodologically redundant with a verified primary anchor; it was not retained and is not used to support a substantive or absence conclusion.","LEVEL_3_DISCOVERY_ONLY","NOT_RETRIEVED","","","NONE","","audit/phase2a1_raw_search_results/DEF/PHASE2A1-SEARCH-0036_openalex.json","Discovery-only; not used in synthesis or an absence conclusion."
"A1DEF-0236","D-F","PHASE2A1-SEARCH-0036","2026-07-31","OpenAlex","Heterogeneity Aware Two-Stage Group Testing","Mohamed Adel Attia; Wei-Ting Chang; Ravi Tandon","2021","10.1109/tsp.2021.3093785","https://openalex.org/W3187207807","A1-DUP-0545","A1DEF-0236","UNIQUE_OCCURRENCE","DEF","A1DEF-DUP-0206","FALSE_POSITIVE","FALSE_POSITIVE","Resolved at title/abstract/citation-context because the record was off-topic, application-specific, secondary, sequential-only, or methodologically redundant with a verified primary anchor; it was not retained and is not used to support a substantive or absence conclusion.","Resolved at title/abstract/citation-context because the record was off-topic, application-specific, secondary, sequential-only, or methodologically redundant with a verified primary anchor; it was not retained and is not used to support a substantive or absence conclusion.","LEVEL_3_DISCOVERY_ONLY","NOT_RETRIEVED","","","NONE","","audit/phase2a1_raw_search_results/DEF/PHASE2A1-SEARCH-0036_openalex.json","Discovery-only; not used in synthesis or an absence conclusion."
"A1DEF-0237","D-F","PHASE2A1-SEARCH-0036","2026-07-31","OpenAlex","Guilt-free data reuse","Cynthia Dwork; Vitaly Feldman; Moritz Hardt; Toniann Pitassi; Omer Reingold; Aaron Roth","2017","10.1145/3051088","https://openalex.org/W2602562802","A1-DUP-0546","A1DEF-0237","UNIQUE_OCCURRENCE","DEF","A1DEF-DUP-0207","FALSE_POSITIVE","FALSE_POSITIVE","Resolved at title/abstract/citation-context because the record was off-topic, application-specific, secondary, sequential-only, or methodologically redundant with a verified primary anchor; it was not retained and is not used to support a substantive or absence conclusion.","Resolved at title/abstract/citation-context because the record was off-topic, application-specific, secondary, sequential-only, or methodologically redundant with a verified primary anchor; it was not retained and is not used to support a substantive or absence conclusion.","LEVEL_3_DISCOVERY_ONLY","NOT_RETRIEVED","","","NONE","","audit/phase2a1_raw_search_results/DEF/PHASE2A1-SEARCH-0036_openalex.json","Discovery-only; not used in synthesis or an absence conclusion."
"A1DEF-0238","D-F","PHASE2A1-SEARCH-0036","2026-07-31","OpenAlex","Optimal high-dimensional and nonparametric distributed testing under communication constraints","Botond Szabó; Lasse Vuursteen; Harry van Zanten","2023","10.1214/23-aos2269","https://openalex.org/W4386035725","A1-DUP-0547","A1DEF-0238","UNIQUE_OCCURRENCE","DEF","A1DEF-DUP-0208","FALSE_POSITIVE","FALSE_POSITIVE","Resolved at title/abstract/citation-context because the record was off-topic, application-specific, secondary, sequential-only, or methodologically redundant with a verified primary anchor; it was not retained and is not used to support a substantive or absence conclusion.","Resolved at title/abstract/citation-context because the record was off-topic, application-specific, secondary, sequential-only, or methodologically redundant with a verified primary anchor; it was not retained and is not used to support a substantive or absence conclusion.","LEVEL_3_DISCOVERY_ONLY","NOT_RETRIEVED","","","NONE","","audit/phase2a1_raw_search_results/DEF/PHASE2A1-SEARCH-0036_openalex.json","Discovery-only; not used in synthesis or an absence conclusion."
"A1DEF-0239","D-F","PHASE2A1-SEARCH-0036","2026-07-31","OpenAlex","Symbiogenesis, gradualism, and mitochondrial energy in eukaryote origin","William Martin","2017","10.18054/pb.v119i3.5694","https://openalex.org/W2765889724","A1-DUP-0548","A1DEF-0239","UNIQUE_OCCURRENCE","DEF","A1DEF-DUP-0209","FALSE_POSITIVE","FALSE_POSITIVE","Resolved at title/abstract/citation-context because the record was off-topic, application-specific, secondary, sequential-only, or methodologically redundant with a verified primary anchor; it was not retained and is not used to support a substantive or absence conclusion.","Resolved at title/abstract/citation-context because the record was off-topic, application-specific, secondary, sequential-only, or methodologically redundant with a verified primary anchor; it was not retained and is not used to support a substantive or absence conclusion.","LEVEL_3_DISCOVERY_ONLY","NOT_RETRIEVED","","","NONE","","audit/phase2a1_raw_search_results/DEF/PHASE2A1-SEARCH-0036_openalex.json","Discovery-only; not used in synthesis or an absence conclusion."
"A1DEF-0240","D-F","PHASE2A1-SEARCH-0036","2026-07-31","OpenAlex","Territoriality in non-breeding shorebirds","J. P. Myers; Peter G. Connors; Frank A. Pitelka","1979","https://openalex.org/W1493812546","https://openalex.org/W1493812546","A1-DUP-0549","A1DEF-0240","UNIQUE_OCCURRENCE","DEF","A1DEF-DUP-0210","FALSE_POSITIVE","FALSE_POSITIVE","Resolved at title/abstract/citation-context because the record was off-topic, application-specific, secondary, sequential-only, or methodologically redundant with a verified primary anchor; it was not retained and is not used to support a substantive or absence conclusion.","Resolved at title/abstract/citation-context because the record was off-topic, application-specific, secondary, sequential-only, or methodologically redundant with a verified primary anchor; it was not retained and is not used to support a substantive or absence conclusion.","LEVEL_3_DISCOVERY_ONLY","NOT_RETRIEVED","","","NONE","","audit/phase2a1_raw_search_results/DEF/PHASE2A1-SEARCH-0036_openalex.json","Discovery-only; not used in synthesis or an absence conclusion."
"A1DEF-0241","D-F","PHASE2A1-SEARCH-0037","2026-07-31","OpenAlex","<i>P</i> Values Maximized Over a Confidence Set for the Nuisance Parameter","Roger L. Berger; Dennis D. Boos","1994","10.1080/01621459.1994.10476836","https://openalex.org/W2055708265","A1-DUP-0420","A1DEF-0061","SOURCE_LEDGER_GROUP","DEF","A1DEF-DUP-0059","DUPLICATE","DUPLICATE","Duplicate occurrence of a record already dispositioned in this prospective ledger.","Duplicate occurrence of a record already dispositioned in this prospective ledger.","LEVEL_3_DISCOVERY_ONLY","NOT_APPLICABLE","","","DUPLICATE_OF_EXISTING_CORPUS","","audit/phase2a1_raw_search_results/DEF/PHASE2A1-SEARCH-0037_bergerboos_anchor_openalex.json","Duplicate search occurrence; retained evidence is attached to the first occurrence."
"A1DEF-0242","D-F","PHASE2A1-SEARCH-0037","2026-07-31","OpenAlex","Statistical Inference","George Casella; Roger L. Berger","1993","10.1201/9781003456285","https://openalex.org/W2799002609","A1-DUP-0550","A1DEF-0242","UNIQUE_OCCURRENCE","DEF","A1DEF-DUP-0211","FALSE_POSITIVE","FALSE_POSITIVE","Resolved at title/abstract/citation-context because the record was off-topic, application-specific, secondary, sequential-only, or methodologically redundant with a verified primary anchor; it was not retained and is not used to support a substantive or absence conclusion.","Resolved at title/abstract/citation-context because the record was off-topic, application-specific, secondary, sequential-only, or methodologically redundant with a verified primary anchor; it was not retained and is not used to support a substantive or absence conclusion.","LEVEL_3_DISCOVERY_ONLY","NOT_RETRIEVED","","","NONE","","audit/phase2a1_raw_search_results/DEF/PHASE2A1-SEARCH-0037_bergerboos_backward_openalex.json","Discovery-only; not used in synthesis or an absence conclusion."
"A1DEF-0243","D-F","PHASE2A1-SEARCH-0037","2026-07-31","OpenAlex","Mathematical Statistics: Basic Ideas and Selected Topics.","Kenneth W. Wachter; Peter J. Bickel; Kjell A. Doksum","1979","10.2307/2286373","https://openalex.org/W1967573895","A1-DUP-0551","A1DEF-0243","UNIQUE_OCCURRENCE","DEF","A1DEF-DUP-0212","FALSE_POSITIVE","FALSE_POSITIVE","Resolved at title/abstract/citation-context because the record was off-topic, application-specific, secondary, sequential-only, or methodologically redundant with a verified primary anchor; it was not retained and is not used to support a substantive or absence conclusion.","Resolved at title/abstract/citation-context because the record was off-topic, application-specific, secondary, sequential-only, or methodologically redundant with a verified primary anchor; it was not retained and is not used to support a substantive or absence conclusion.","LEVEL_3_DISCOVERY_ONLY","NOT_RETRIEVED","","","NONE","","audit/phase2a1_raw_search_results/DEF/PHASE2A1-SEARCH-0037_bergerboos_backward_openalex.json","Discovery-only; not used in synthesis or an absence conclusion."
"A1DEF-0244","D-F","PHASE2A1-SEARCH-0037","2026-07-31","OpenAlex","A Suggestion for Using Powerful and Informative Tests of Normality","Ralph B. D’Agostino; Albert J. Belanger; Ralph B. D’Agostino","1990","10.1080/00031305.1990.10475751","https://openalex.org/W1975107026","A1-DUP-0552","A1DEF-0244","UNIQUE_OCCURRENCE","DEF","A1DEF-DUP-0213","FALSE_POSITIVE","FALSE_POSITIVE","Resolved at title/abstract/citation-context because the record was off-topic, application-specific, secondary, sequential-only, or methodologically redundant with a verified primary anchor; it was not retained and is not used to support a substantive or absence conclusion.","Resolved at title/abstract/citation-context because the record was off-topic, application-specific, secondary, sequential-only, or methodologically redundant with a verified primary anchor; it was not retained and is not used to support a substantive or absence conclusion.","LEVEL_3_DISCOVERY_ONLY","NOT_RETRIEVED","","","NONE","","audit/phase2a1_raw_search_results/DEF/PHASE2A1-SEARCH-0037_bergerboos_backward_openalex.json","Discovery-only; not used in synthesis or an absence conclusion."
"A1DEF-0245","D-F","PHASE2A1-SEARCH-0037","2026-07-31","OpenAlex","A Comparative Study of Tests for Homogeneity of Variances, with Applications to the Outer Continental Shelf Bidding Data","W. J. Conover; M. Johnson; Myrle M. Johnson","1981","10.1080/00401706.1981.10487680","https://openalex.org/W1987122296","A1-DUP-0553","A1DEF-0245","UNIQUE_OCCURRENCE","DEF","A1DEF-DUP-0214","FALSE_POSITIVE","FALSE_POSITIVE","Resolved at title/abstract/citation-context because the record was off-topic, application-specific, secondary, sequential-only, or methodologically redundant with a verified primary anchor; it was not retained and is not used to support a substantive or absence conclusion.","Resolved at title/abstract/citation-context because the record was off-topic, application-specific, secondary, sequential-only, or methodologically redundant with a verified primary anchor; it was not retained and is not used to support a substantive or absence conclusion.","LEVEL_3_DISCOVERY_ONLY","NOT_RETRIEVED","","","NONE","","audit/phase2a1_raw_search_results/DEF/PHASE2A1-SEARCH-0037_bergerboos_backward_openalex.json","Discovery-only; not used in synthesis or an absence conclusion."
"A1DEF-0246","D-F","PHASE2A1-SEARCH-0037","2026-07-31","OpenAlex","Introduction to the Theory of Nonparametric Statistics.","John Haigh; Ronald H. Randles; Douglas A. Wolfe","1980","10.2307/2982149","https://openalex.org/W2991365975","A1-DUP-0554","A1DEF-0246","UNIQUE_OCCURRENCE","DEF","A1DEF-DUP-0215","FALSE_POSITIVE","FALSE_POSITIVE","Resolved at title/abstract/citation-context because the record was off-topic, application-specific, secondary, sequential-only, or methodologically redundant with a verified primary anchor; it was not retained and is not used to support a substantive or absence conclusion.","Resolved at title/abstract/citation-context because the record was off-topic, application-specific, secondary, sequential-only, or methodologically redundant with a verified primary anchor; it was not retained and is not used to support a substantive or absence conclusion.","LEVEL_3_DISCOVERY_ONLY","NOT_RETRIEVED","","","NONE","","audit/phase2a1_raw_search_results/DEF/PHASE2A1-SEARCH-0037_bergerboos_backward_openalex.json","Discovery-only; not used in synthesis or an absence conclusion."
"A1DEF-0247","D-F","PHASE2A1-SEARCH-0037","2026-07-31","OpenAlex","Generalized <i>p</i> -Values in Significance Testing of Hypotheses in the Presence of Nuisance Parameters","Kam‐Wah Tsui; Samaradasa Weerahandi","1989","10.1080/01621459.1989.10478810","https://openalex.org/W1982256346","A1-DUP-0555","A1DEF-0247","UNIQUE_OCCURRENCE","DEF","A1DEF-DUP-0216","FALSE_POSITIVE","FALSE_POSITIVE","Resolved at title/abstract/citation-context because the record was off-topic, application-specific, secondary, sequential-only, or methodologically redundant with a verified primary anchor; it was not retained and is not used to support a substantive or absence conclusion.","Resolved at title/abstract/citation-context because the record was off-topic, application-specific, secondary, sequential-only, or methodologically redundant with a verified primary anchor; it was not retained and is not used to support a substantive or absence conclusion.","LEVEL_3_DISCOVERY_ONLY","NOT_RETRIEVED","","","NONE","","audit/phase2a1_raw_search_results/DEF/PHASE2A1-SEARCH-0037_bergerboos_backward_openalex.json","Discovery-only; not used in synthesis or an absence conclusion."
"A1DEF-0248","D-F","PHASE2A1-SEARCH-0037","2026-07-31","OpenAlex","Welch's Approximate Solution for the Behrens-Fisher Problem","D. J. Best; J. C. W. Rayner","1987","10.2307/1269775","https://openalex.org/W1980104166","A1-DUP-0556","A1DEF-0248","UNIQUE_OCCURRENCE","DEF","A1DEF-DUP-0217","FALSE_POSITIVE","FALSE_POSITIVE","Resolved at title/abstract/citation-context because the record was off-topic, application-specific, secondary, sequential-only, or methodologically redundant with a verified primary anchor; it was not retained and is not used to support a substantive or absence conclusion.","Resolved at title/abstract/citation-context because the record was off-topic, application-specific, secondary, sequential-only, or methodologically redundant with a verified primary anchor; it was not retained and is not used to support a substantive or absence conclusion.","LEVEL_3_DISCOVERY_ONLY","NOT_RETRIEVED","","","NONE","","audit/phase2a1_raw_search_results/DEF/PHASE2A1-SEARCH-0037_bergerboos_backward_openalex.json","Discovery-only; not used in synthesis or an absence conclusion."
"A1DEF-0249","D-F","PHASE2A1-SEARCH-0037","2026-07-31","OpenAlex","Teratogenic effect of calcium edetate (CaEDTA) in rats and the protective effect of zinc","C. Brownie; C. Brownie; Drew M. Noden; L Krook; M. Haluska; Arthur L. Aronson","1986","10.1016/0041-008x(86)90278-4","https://openalex.org/W1986132499","A1-DUP-0557","A1DEF-0249","UNIQUE_OCCURRENCE","DEF","A1DEF-DUP-0218","FALSE_POSITIVE","FALSE_POSITIVE","Resolved at title/abstract/citation-context because the record was off-topic, application-specific, secondary, sequential-only, or methodologically redundant with a verified primary anchor; it was not retained and is not used to support a substantive or absence conclusion.","Resolved at title/abstract/citation-context because the record was off-topic, application-specific, secondary, sequential-only, or methodologically redundant with a verified primary anchor; it was not retained and is not used to support a substantive or absence conclusion.","LEVEL_3_DISCOVERY_ONLY","NOT_RETRIEVED","","","NONE","","audit/phase2a1_raw_search_results/DEF/PHASE2A1-SEARCH-0037_bergerboos_backward_openalex.json","Discovery-only; not used in synthesis or an absence conclusion."
"A1DEF-0250","D-F","PHASE2A1-SEARCH-0037","2026-07-31","OpenAlex","Salmonellosis Associated with Marijuana","David N. Taylor; I K Wachsmuth; Y.‐H. Shangkuan; Emmett V. Schmidt; Timothy J. Barrett; Janice S. Schrader; Charlene S. Scherach; Harry B. McGee; Roger A. Feldman; D J Brenner","1982","10.1056/nejm198205273062101","https://openalex.org/W2332903160","A1-DUP-0558","A1DEF-0250","UNIQUE_OCCURRENCE","DEF","A1DEF-DUP-0219","FALSE_POSITIVE","FALSE_POSITIVE","Resolved at title/abstract/citation-context because the record was off-topic, application-specific, secondary, sequential-only, or methodologically redundant with a verified primary anchor; it was not retained and is not used to support a substantive or absence conclusion.","Resolved at title/abstract/citation-context because the record was off-topic, application-specific, secondary, sequential-only, or methodologically redundant with a verified primary anchor; it was not retained and is not used to support a substantive or absence conclusion.","LEVEL_3_DISCOVERY_ONLY","NOT_RETRIEVED","","","NONE","","audit/phase2a1_raw_search_results/DEF/PHASE2A1-SEARCH-0037_bergerboos_backward_openalex.json","Discovery-only; not used in synthesis or an absence conclusion."
"A1DEF-0251","D-F","PHASE2A1-SEARCH-0037","2026-07-31","OpenAlex","Exact Properties of Some Exact Test Statistics for Comparing Two Binomial Proportions","Barry E. Storer; Choongrak Kim","1990","10.1080/01621459.1990.10475318","https://openalex.org/W2083770412","A1-DUP-0559","A1DEF-0251","UNIQUE_OCCURRENCE","DEF","A1DEF-DUP-0220","FALSE_POSITIVE","FALSE_POSITIVE","Resolved at title/abstract/citation-context because the record was off-topic, application-specific, secondary, sequential-only, or methodologically redundant with a verified primary anchor; it was not retained and is not used to support a substantive or absence conclusion.","Resolved at title/abstract/citation-context because the record was off-topic, application-specific, secondary, sequential-only, or methodologically redundant with a verified primary anchor; it was not retained and is not used to support a substantive or absence conclusion.","LEVEL_3_DISCOVERY_ONLY","NOT_RETRIEVED","","","NONE","","audit/phase2a1_raw_search_results/DEF/PHASE2A1-SEARCH-0037_bergerboos_backward_openalex.json","Discovery-only; not used in synthesis or an absence conclusion."
"A1DEF-0252","D-F","PHASE2A1-SEARCH-0037","2026-07-31","OpenAlex","Statistical Inference","","1990","10.1093/oso/9780198555520.003.0001","https://openalex.org/W4388295198","A1-DUP-0560","A1DEF-0252","UNIQUE_OCCURRENCE","DEF","A1DEF-DUP-0221","FALSE_POSITIVE","FALSE_POSITIVE","Resolved at title/abstract/citation-context because the record was off-topic, application-specific, secondary, sequential-only, or methodologically redundant with a verified primary anchor; it was not retained and is not used to support a substantive or absence conclusion.","Resolved at title/abstract/citation-context because the record was off-topic, application-specific, secondary, sequential-only, or methodologically redundant with a verified primary anchor; it was not retained and is not used to support a substantive or absence conclusion.","LEVEL_3_DISCOVERY_ONLY","NOT_RETRIEVED","","","NONE","","audit/phase2a1_raw_search_results/DEF/PHASE2A1-SEARCH-0037_bergerboos_backward_openalex.json","Discovery-only; not used in synthesis or an absence conclusion."
"A1DEF-0253","D-F","PHASE2A1-SEARCH-0037","2026-07-31","OpenAlex","THE COMPARISON OF SAMPLES WITH POSSIBLY UNEQUAL VARIANCES","Ronald Aylmer Fisher","1939","10.1111/j.1469-1809.1939.tb02205.x","https://openalex.org/W1977577267","A1-DUP-0561","A1DEF-0253","UNIQUE_OCCURRENCE","DEF","A1DEF-DUP-0222","FALSE_POSITIVE","FALSE_POSITIVE","Resolved at title/abstract/citation-context because the record was off-topic, application-specific, secondary, sequential-only, or methodologically redundant with a verified primary anchor; it was not retained and is not used to support a substantive or absence conclusion.","Resolved at title/abstract/citation-context because the record was off-topic, application-specific, secondary, sequential-only, or methodologically redundant with a verified primary anchor; it was not retained and is not used to support a substantive or absence conclusion.","LEVEL_3_DISCOVERY_ONLY","NOT_RETRIEVED","","","NONE","","audit/phase2a1_raw_search_results/DEF/PHASE2A1-SEARCH-0037_bergerboos_backward_openalex.json","Discovery-only; not used in synthesis or an absence conclusion."
"A1DEF-0254","D-F","PHASE2A1-SEARCH-0037","2026-07-31","OpenAlex","Comparing the Means of Two Independent Samples","G. A. Barnard","1984","10.2307/2347702","https://openalex.org/W2514544919","A1-DUP-0562","A1DEF-0254","UNIQUE_OCCURRENCE","DEF","A1DEF-DUP-0223","FALSE_POSITIVE","FALSE_POSITIVE","Resolved at title/abstract/citation-context because the record was off-topic, application-specific, secondary, sequential-only, or methodologically redundant with a verified primary anchor; it was not retained and is not used to support a substantive or absence conclusion.","Resolved at title/abstract/citation-context because the record was off-topic, application-specific, secondary, sequential-only, or methodologically redundant with a verified primary anchor; it was not retained and is not used to support a substantive or absence conclusion.","LEVEL_3_DISCOVERY_ONLY","NOT_RETRIEVED","","","NONE","","audit/phase2a1_raw_search_results/DEF/PHASE2A1-SEARCH-0037_bergerboos_backward_openalex.json","Discovery-only; not used in synthesis or an absence conclusion."
"A1DEF-0255","D-F","PHASE2A1-SEARCH-0037","2026-07-31","OpenAlex","Resampling from centered data in the two-sample problem","Denni D Boos; Paul Janssen; Noël Veraverbeke","1989","10.1016/0378-3758(89)90051-7","https://openalex.org/W2056356823","A1-DUP-0563","A1DEF-0255","UNIQUE_OCCURRENCE","DEF","A1DEF-DUP-0224","FALSE_POSITIVE","FALSE_POSITIVE","Resolved at title/abstract/citation-context because the record was off-topic, application-specific, secondary, sequential-only, or methodologically redundant with a verified primary anchor; it was not retained and is not used to support a substantive or absence conclusion.","Resolved at title/abstract/citation-context because the record was off-topic, application-specific, secondary, sequential-only, or methodologically redundant with a verified primary anchor; it was not retained and is not used to support a substantive or absence conclusion.","LEVEL_3_DISCOVERY_ONLY","NOT_RETRIEVED","","","NONE","","audit/phase2a1_raw_search_results/DEF/PHASE2A1-SEARCH-0037_bergerboos_backward_openalex.json","Discovery-only; not used in synthesis or an absence conclusion."
"A1DEF-0256","D-F","PHASE2A1-SEARCH-0037","2026-07-31","OpenAlex","Properties of Students $t$ and of the Behrens-Fisher Solution to the Two Means Problem","G. K. Robinson","1976","10.1214/aos/1176343594","https://openalex.org/W2020228603","A1-DUP-0564","A1DEF-0256","UNIQUE_OCCURRENCE","DEF","A1DEF-DUP-0225","FALSE_POSITIVE","FALSE_POSITIVE","Resolved at title/abstract/citation-context because the record was off-topic, application-specific, secondary, sequential-only, or methodologically redundant with a verified primary anchor; it was not retained and is not used to support a substantive or absence conclusion.","Resolved at title/abstract/citation-context because the record was off-topic, application-specific, secondary, sequential-only, or methodologically redundant with a verified primary anchor; it was not retained and is not used to support a substantive or absence conclusion.","LEVEL_3_DISCOVERY_ONLY","NOT_RETRIEVED","","","NONE","","audit/phase2a1_raw_search_results/DEF/PHASE2A1-SEARCH-0037_bergerboos_backward_openalex.json","Discovery-only; not used in synthesis or an absence conclusion."
"A1DEF-0257","D-F","PHASE2A1-SEARCH-0037","2026-07-31","OpenAlex","A Note on the Wilcoxon-Mann-Whitney Test for 2 x k Ordered Tables","John D. Emerson; Lincoln E. Moses","1985","10.2307/2530667","https://openalex.org/W2321437396","A1-DUP-0565","A1DEF-0257","UNIQUE_OCCURRENCE","DEF","A1DEF-DUP-0226","FALSE_POSITIVE","FALSE_POSITIVE","Resolved at title/abstract/citation-context because the record was off-topic, application-specific, secondary, sequential-only, or methodologically redundant with a verified primary anchor; it was not retained and is not used to support a substantive or absence conclusion.","Resolved at title/abstract/citation-context because the record was off-topic, application-specific, secondary, sequential-only, or methodologically redundant with a verified primary anchor; it was not retained and is not used to support a substantive or absence conclusion.","LEVEL_3_DISCOVERY_ONLY","NOT_RETRIEVED","","","NONE","","audit/phase2a1_raw_search_results/DEF/PHASE2A1-SEARCH-0037_bergerboos_backward_openalex.json","Discovery-only; not used in synthesis or an absence conclusion."
"A1DEF-0258","D-F","PHASE2A1-SEARCH-0037","2026-07-31","OpenAlex","Welch's Approximate Solution for the Behrens–Fisher Problem","D. J. Best; J. C. W. Rayner","1987","10.1080/00401706.1987.10488211","https://openalex.org/W4231562469","A1-DUP-0566","A1DEF-0258","UNIQUE_OCCURRENCE","DEF","A1DEF-DUP-0227","FALSE_POSITIVE","FALSE_POSITIVE","Resolved at title/abstract/citation-context because the record was off-topic, application-specific, secondary, sequential-only, or methodologically redundant with a verified primary anchor; it was not retained and is not used to support a substantive or absence conclusion.","Resolved at title/abstract/citation-context because the record was off-topic, application-specific, secondary, sequential-only, or methodologically redundant with a verified primary anchor; it was not retained and is not used to support a substantive or absence conclusion.","LEVEL_3_DISCOVERY_ONLY","NOT_RETRIEVED","","","NONE","","audit/phase2a1_raw_search_results/DEF/PHASE2A1-SEARCH-0037_bergerboos_backward_openalex.json","Discovery-only; not used in synthesis or an absence conclusion."
"A1DEF-0259","D-F","PHASE2A1-SEARCH-0037","2026-07-31","OpenAlex","Asymptotic normality of u-statistics based on trimmed samples","Paul Janssen; Robert Serfling; Noël Veraverbeke","1987","10.1016/0378-3758(87)90056-5","https://openalex.org/W2004301828","A1-DUP-0567","A1DEF-0259","UNIQUE_OCCURRENCE","DEF","A1DEF-DUP-0228","FALSE_POSITIVE","FALSE_POSITIVE","Resolved at title/abstract/citation-context because the record was off-topic, application-specific, secondary, sequential-only, or methodologically redundant with a verified primary anchor; it was not retained and is not used to support a substantive or absence conclusion.","Resolved at title/abstract/citation-context because the record was off-topic, application-specific, secondary, sequential-only, or methodologically redundant with a verified primary anchor; it was not retained and is not used to support a substantive or absence conclusion.","LEVEL_3_DISCOVERY_ONLY","NOT_RETRIEVED","","","NONE","","audit/phase2a1_raw_search_results/DEF/PHASE2A1-SEARCH-0037_bergerboos_backward_openalex.json","Discovery-only; not used in synthesis or an absence conclusion."
"A1DEF-0260","D-F","PHASE2A1-SEARCH-0037","2026-07-31","OpenAlex","Introduction to the theory of nonparametric statistics","Ronald H. Randles; Douglas A. Wolfe","1979","https://openalex.org/W1972019717","https://openalex.org/W1972019717","A1-DUP-0568","A1DEF-0260","UNIQUE_OCCURRENCE","DEF","A1DEF-DUP-0229","FALSE_POSITIVE","FALSE_POSITIVE","Resolved at title/abstract/citation-context because the record was off-topic, application-specific, secondary, sequential-only, or methodologically redundant with a verified primary anchor; it was not retained and is not used to support a substantive or absence conclusion.","Resolved at title/abstract/citation-context because the record was off-topic, application-specific, secondary, sequential-only, or methodologically redundant with a verified primary anchor; it was not retained and is not used to support a substantive or absence conclusion.","LEVEL_3_DISCOVERY_ONLY","NOT_RETRIEVED","","","NONE","","audit/phase2a1_raw_search_results/DEF/PHASE2A1-SEARCH-0037_bergerboos_backward_openalex.json","Discovery-only; not used in synthesis or an absence conclusion."
"A1DEF-0261","D-F","PHASE2A1-SEARCH-0037","2026-07-31","OpenAlex","Wilcoxon-Mann-Whitney or t-test? On assumptions for hypothesis tests and multiple interpretations of decision rules","Michael P. Fay; Michael A. Proschan","2010","10.1214/09-ss051","https://openalex.org/W1974828111","A1-DUP-0385","A1DEF-0017","SOURCE_LEDGER_GROUP","DEF","A1DEF-DUP-0017","DUPLICATE","DUPLICATE","Duplicate occurrence of a record already dispositioned in this prospective ledger.","Duplicate occurrence of a record already dispositioned in this prospective ledger.","LEVEL_3_DISCOVERY_ONLY","NOT_APPLICABLE","","","NONE","","audit/phase2a1_raw_search_results/DEF/PHASE2A1-SEARCH-0037_bergerboos_forward_openalex.json","Duplicate search occurrence; retained evidence is attached to the first occurrence."
"A1DEF-0262","D-F","PHASE2A1-SEARCH-0037","2026-07-31","OpenAlex","Properties of statistical tests of neutrality for DNA polymorphism data.","Katy L. Simonsen; Gary A. Churchill; Charles F. Aquadro","1995","10.1093/genetics/141.1.413","https://openalex.org/W2113420705","A1-DUP-0440","A1DEF-0083","SOURCE_LEDGER_GROUP","DEF","A1DEF-DUP-0079","DUPLICATE","DUPLICATE","Duplicate occurrence of a record already dispositioned in this prospective ledger.","Duplicate occurrence of a record already dispositioned in this prospective ledger.","LEVEL_3_DISCOVERY_ONLY","NOT_APPLICABLE","","","NONE","","audit/phase2a1_raw_search_results/DEF/PHASE2A1-SEARCH-0037_bergerboos_forward_openalex.json","Duplicate search occurrence; retained evidence is attached to the first occurrence."
"A1DEF-0263","D-F","PHASE2A1-SEARCH-0037","2026-07-31","OpenAlex","Fluconazole Prophylaxis against Fungal Colonization and Infection in Preterm Infants","David Kaufman; Robert Boyle; Kevin C. Hazen; James T. Patrie; Melinda Robinson; Leigh G. Donowitz","2001","10.1056/nejmoa010494","https://openalex.org/W2016673581","A1-DUP-0569","A1DEF-0263","UNIQUE_OCCURRENCE","DEF","A1DEF-DUP-0230","FALSE_POSITIVE","FALSE_POSITIVE","Resolved at title/abstract/citation-context because the record was off-topic, application-specific, secondary, sequential-only, or methodologically redundant with a verified primary anchor; it was not retained and is not used to support a substantive or absence conclusion.","Resolved at title/abstract/citation-context because the record was off-topic, application-specific, secondary, sequential-only, or methodologically redundant with a verified primary anchor; it was not retained and is not used to support a substantive or absence conclusion.","LEVEL_3_DISCOVERY_ONLY","NOT_RETRIEVED","","","NONE","","audit/phase2a1_raw_search_results/DEF/PHASE2A1-SEARCH-0037_bergerboos_forward_openalex.json","Discovery-only; not used in synthesis or an absence conclusion."
"A1DEF-0264","D-F","PHASE2A1-SEARCH-0037","2026-07-31","OpenAlex","Valid <i>P</i> -Values Behave Exactly as They Should: Some Misleading Criticisms of <i>P</i> -Values and Their Resolution With <i>S</i> -Values","Sander Greenland","2019","10.1080/00031305.2018.1529625","https://openalex.org/W2923919911","A1-DUP-0570","A1DEF-0264","UNIQUE_OCCURRENCE","DEF","A1DEF-DUP-0231","FALSE_POSITIVE","FALSE_POSITIVE","Resolved at title/abstract/citation-context because the record was off-topic, application-specific, secondary, sequential-only, or methodologically redundant with a verified primary anchor; it was not retained and is not used to support a substantive or absence conclusion.","Resolved at title/abstract/citation-context because the record was off-topic, application-specific, secondary, sequential-only, or methodologically redundant with a verified primary anchor; it was not retained and is not used to support a substantive or absence conclusion.","LEVEL_3_DISCOVERY_ONLY","NOT_RETRIEVED","","","NONE","","audit/phase2a1_raw_search_results/DEF/PHASE2A1-SEARCH-0037_bergerboos_forward_openalex.json","Discovery-only; not used in synthesis or an absence conclusion."
"A1DEF-0265","D-F","PHASE2A1-SEARCH-0037","2026-07-31","OpenAlex","<i>P</i> Values for Composite Null Models","M. J. Bayarri; James O. Berger","2000","10.1080/01621459.2000.10474309","https://openalex.org/W2100320591","A1-DUP-0571","A1DEF-0265","UNIQUE_OCCURRENCE","DEF","A1DEF-DUP-0232","FALSE_POSITIVE","FALSE_POSITIVE","Resolved at title/abstract/citation-context because the record was off-topic, application-specific, secondary, sequential-only, or methodologically redundant with a verified primary anchor; it was not retained and is not used to support a substantive or absence conclusion.","Resolved at title/abstract/citation-context because the record was off-topic, application-specific, secondary, sequential-only, or methodologically redundant with a verified primary anchor; it was not retained and is not used to support a substantive or absence conclusion.","LEVEL_3_DISCOVERY_ONLY","NOT_RETRIEVED","","","NONE","","audit/phase2a1_raw_search_results/DEF/PHASE2A1-SEARCH-0037_bergerboos_forward_openalex.json","Discovery-only; not used in synthesis or an absence conclusion."
"A1DEF-0266","D-F","PHASE2A1-SEARCH-0037","2026-07-31","OpenAlex","Recommended tests for association in 2×2 tables","Stian Lydersen; Morten Wang Fagerland; Petter Laake","2009","10.1002/sim.3531","https://openalex.org/W2118402681","A1-DUP-0572","A1DEF-0266","UNIQUE_OCCURRENCE","DEF","A1DEF-DUP-0233","FALSE_POSITIVE","FALSE_POSITIVE","Resolved at title/abstract/citation-context because the record was off-topic, application-specific, secondary, sequential-only, or methodologically redundant with a verified primary anchor; it was not retained and is not used to support a substantive or absence conclusion.","Resolved at title/abstract/citation-context because the record was off-topic, application-specific, secondary, sequential-only, or methodologically redundant with a verified primary anchor; it was not retained and is not used to support a substantive or absence conclusion.","LEVEL_3_DISCOVERY_ONLY","NOT_RETRIEVED","","","NONE","","audit/phase2a1_raw_search_results/DEF/PHASE2A1-SEARCH-0037_bergerboos_forward_openalex.json","Discovery-only; not used in synthesis or an absence conclusion."
"A1DEF-0267","D-F","PHASE2A1-SEARCH-0037","2026-07-31","OpenAlex","Dynamic Treatment Regimes","Bibhas Chakraborty; Susan A. Murphy","2013","10.1146/annurev-statistics-022513-115553","https://openalex.org/W2134103864","A1-DUP-0573","A1DEF-0267","UNIQUE_OCCURRENCE","DEF","A1DEF-DUP-0234","FALSE_POSITIVE","FALSE_POSITIVE","Resolved at title/abstract/citation-context because the record was off-topic, application-specific, secondary, sequential-only, or methodologically redundant with a verified primary anchor; it was not retained and is not used to support a substantive or absence conclusion.","Resolved at title/abstract/citation-context because the record was off-topic, application-specific, secondary, sequential-only, or methodologically redundant with a verified primary anchor; it was not retained and is not used to support a substantive or absence conclusion.","LEVEL_3_DISCOVERY_ONLY","NOT_RETRIEVED","","","NONE","","audit/phase2a1_raw_search_results/DEF/PHASE2A1-SEARCH-0037_bergerboos_forward_openalex.json","Discovery-only; not used in synthesis or an absence conclusion."
"A1DEF-0268","D-F","PHASE2A1-SEARCH-0037","2026-07-31","OpenAlex","Test‐Based Exact Confidence Intervals for the Difference of Two Binomial Proportions","Ivan S. F. Chan; Zhongxin Zhang","1999","10.1111/j.0006-341x.1999.01202.x","https://openalex.org/W1979080264","A1-DUP-0574","A1DEF-0268","UNIQUE_OCCURRENCE","DEF","A1DEF-DUP-0235","FALSE_POSITIVE","FALSE_POSITIVE","Resolved at title/abstract/citation-context because the record was off-topic, application-specific, secondary, sequential-only, or methodologically redundant with a verified primary anchor; it was not retained and is not used to support a substantive or absence conclusion.","Resolved at title/abstract/citation-context because the record was off-topic, application-specific, secondary, sequential-only, or methodologically redundant with a verified primary anchor; it was not retained and is not used to support a substantive or absence conclusion.","LEVEL_3_DISCOVERY_ONLY","NOT_RETRIEVED","","","NONE","","audit/phase2a1_raw_search_results/DEF/PHASE2A1-SEARCH-0037_bergerboos_forward_openalex.json","Discovery-only; not used in synthesis or an absence conclusion."
"A1DEF-0269","D-F","PHASE2A1-SEARCH-0037","2026-07-31","OpenAlex","Three-year clinical comparison of survival of endodontically treated teeth restored with either full cast coverage or with direct composite restoration","Francesco Mannocci; Egidio Bertelli; Martyn Sherriff; Timothy F. Watson; T. R. Pitt Ford","2002","10.1067/mpr.2002.128492","https://openalex.org/W2091353386","A1-DUP-0575","A1DEF-0269","UNIQUE_OCCURRENCE","DEF","A1DEF-DUP-0236","FALSE_POSITIVE","FALSE_POSITIVE","Resolved at title/abstract/citation-context because the record was off-topic, application-specific, secondary, sequential-only, or methodologically redundant with a verified primary anchor; it was not retained and is not used to support a substantive or absence conclusion.","Resolved at title/abstract/citation-context because the record was off-topic, application-specific, secondary, sequential-only, or methodologically redundant with a verified primary anchor; it was not retained and is not used to support a substantive or absence conclusion.","LEVEL_3_DISCOVERY_ONLY","NOT_RETRIEVED","","","NONE","","audit/phase2a1_raw_search_results/DEF/PHASE2A1-SEARCH-0037_bergerboos_forward_openalex.json","Discovery-only; not used in synthesis or an absence conclusion."
"A1DEF-0270","D-F","PHASE2A1-SEARCH-0037","2026-07-31","OpenAlex","On Small-Sample Confidence Intervals for Parameters in Discrete Distributions","Alan Agresti; Yongyi Min","2001","10.1111/j.0006-341x.2001.00963.x","https://openalex.org/W2159514419","A1-DUP-0576","A1DEF-0270","UNIQUE_OCCURRENCE","DEF","A1DEF-DUP-0237","FALSE_POSITIVE","FALSE_POSITIVE","Resolved at title/abstract/citation-context because the record was off-topic, application-specific, secondary, sequential-only, or methodologically redundant with a verified primary anchor; it was not retained and is not used to support a substantive or absence conclusion.","Resolved at title/abstract/citation-context because the record was off-topic, application-specific, secondary, sequential-only, or methodologically redundant with a verified primary anchor; it was not retained and is not used to support a substantive or absence conclusion.","LEVEL_3_DISCOVERY_ONLY","NOT_RETRIEVED","","","NONE","","audit/phase2a1_raw_search_results/DEF/PHASE2A1-SEARCH-0037_bergerboos_forward_openalex.json","Discovery-only; not used in synthesis or an absence conclusion."
"A1DEF-0271","D-F","PHASE2A1-SEARCH-0037","2026-07-31","OpenAlex","Revisiting the global electroweak fit of the Standard Model and beyond with Gfitter","The Gfitter Group; H. Flächer; Hans H. Goebel; J. Haller; Andreas Hoecker; K. Mönig; J. Stelzer","2009","10.1140/epjc/s10052-009-0966-6","https://openalex.org/W2146665060","A1-DUP-0577","A1DEF-0271","UNIQUE_OCCURRENCE","DEF","A1DEF-DUP-0238","FALSE_POSITIVE","FALSE_POSITIVE","Resolved at title/abstract/citation-context because the record was off-topic, application-specific, secondary, sequential-only, or methodologically redundant with a verified primary anchor; it was not retained and is not used to support a substantive or absence conclusion.","Resolved at title/abstract/citation-context because the record was off-topic, application-specific, secondary, sequential-only, or methodologically redundant with a verified primary anchor; it was not retained and is not used to support a substantive or absence conclusion.","LEVEL_3_DISCOVERY_ONLY","NOT_RETRIEVED","","","NONE","","audit/phase2a1_raw_search_results/DEF/PHASE2A1-SEARCH-0037_bergerboos_forward_openalex.json","Discovery-only; not used in synthesis or an absence conclusion."
"A1DEF-0272","D-F","PHASE2A1-SEARCH-0037","2026-07-31","OpenAlex","Weak Instrument Robust Tests in GMM and the New Keynesian Phillips Curve","Frank Kleibergen; Sophocles Mavroeidis","2009","10.1198/jbes.2009.08280","https://openalex.org/W2111094164","A1-DUP-0578","A1DEF-0272","UNIQUE_OCCURRENCE","DEF","A1DEF-DUP-0239","FALSE_POSITIVE","FALSE_POSITIVE","Resolved at title/abstract/citation-context because the record was off-topic, application-specific, secondary, sequential-only, or methodologically redundant with a verified primary anchor; it was not retained and is not used to support a substantive or absence conclusion.","Resolved at title/abstract/citation-context because the record was off-topic, application-specific, secondary, sequential-only, or methodologically redundant with a verified primary anchor; it was not retained and is not used to support a substantive or absence conclusion.","LEVEL_3_DISCOVERY_ONLY","NOT_RETRIEVED","","","NONE","","audit/phase2a1_raw_search_results/DEF/PHASE2A1-SEARCH-0037_bergerboos_forward_openalex.json","Discovery-only; not used in synthesis or an absence conclusion."
"A1DEF-0273","D-F","PHASE2A1-SEARCH-0037","2026-07-31","OpenAlex","Recommended confidence intervals for two independent binomial proportions","Morten Wang Fagerland; Stian Lydersen; Petter Laake","2011","10.1177/0962280211415469","https://openalex.org/W2166365439","A1-DUP-0579","A1DEF-0273","UNIQUE_OCCURRENCE","DEF","A1DEF-DUP-0240","FALSE_POSITIVE","FALSE_POSITIVE","Resolved at title/abstract/citation-context because the record was off-topic, application-specific, secondary, sequential-only, or methodologically redundant with a verified primary anchor; it was not retained and is not used to support a substantive or absence conclusion.","Resolved at title/abstract/citation-context because the record was off-topic, application-specific, secondary, sequential-only, or methodologically redundant with a verified primary anchor; it was not retained and is not used to support a substantive or absence conclusion.","LEVEL_3_DISCOVERY_ONLY","NOT_RETRIEVED","","","NONE","","audit/phase2a1_raw_search_results/DEF/PHASE2A1-SEARCH-0037_bergerboos_forward_openalex.json","Discovery-only; not used in synthesis or an absence conclusion."
"A1DEF-0274","D-F","PHASE2A1-SEARCH-0037","2026-07-31","OpenAlex","Dynamic treatment regimes: Technical challenges and applications","Eric B. Laber; Daniel J. Lizotte; Min Qian; William E. Pelham; Susan A. Murphy","2014","10.1214/14-ejs920","https://openalex.org/W1996851858","A1-DUP-0580","A1DEF-0274","UNIQUE_OCCURRENCE","DEF","A1DEF-DUP-0241","FALSE_POSITIVE","FALSE_POSITIVE","Resolved at title/abstract/citation-context because the record was off-topic, application-specific, secondary, sequential-only, or methodologically redundant with a verified primary anchor; it was not retained and is not used to support a substantive or absence conclusion.","Resolved at title/abstract/citation-context because the record was off-topic, application-specific, secondary, sequential-only, or methodologically redundant with a verified primary anchor; it was not retained and is not used to support a substantive or absence conclusion.","LEVEL_3_DISCOVERY_ONLY","NOT_RETRIEVED","","","NONE","","audit/phase2a1_raw_search_results/DEF/PHASE2A1-SEARCH-0037_bergerboos_forward_openalex.json","Discovery-only; not used in synthesis or an absence conclusion."
"A1DEF-0275","D-F","PHASE2A1-SEARCH-0037","2026-07-31","OpenAlex","Exact inference for categorical data: recent advances and continuing controversies","Alan Agresti","2001","10.1002/sim.738","https://openalex.org/W2044581206","A1-DUP-0581","A1DEF-0275","UNIQUE_OCCURRENCE","DEF","A1DEF-DUP-0242","FALSE_POSITIVE","FALSE_POSITIVE","Resolved at title/abstract/citation-context because the record was off-topic, application-specific, secondary, sequential-only, or methodologically redundant with a verified primary anchor; it was not retained and is not used to support a substantive or absence conclusion.","Resolved at title/abstract/citation-context because the record was off-topic, application-specific, secondary, sequential-only, or methodologically redundant with a verified primary anchor; it was not retained and is not used to support a substantive or absence conclusion.","LEVEL_3_DISCOVERY_ONLY","NOT_RETRIEVED","","","NONE","","audit/phase2a1_raw_search_results/DEF/PHASE2A1-SEARCH-0037_bergerboos_forward_openalex.json","Discovery-only; not used in synthesis or an absence conclusion."
"A1DEF-0276","D-F","PHASE2A1-SEARCH-0037","2026-07-31","OpenAlex","Notions of Limiting<i>P</i>Values Based on Data Depth and Bootstrap","Regina Y. Liu; Kesar Singh","1997","10.1080/01621459.1997.10473624","https://openalex.org/W2050684539","A1-DUP-0582","A1DEF-0276","UNIQUE_OCCURRENCE","DEF","A1DEF-DUP-0243","FALSE_POSITIVE","FALSE_POSITIVE","Resolved at title/abstract/citation-context because the record was off-topic, application-specific, secondary, sequential-only, or methodologically redundant with a verified primary anchor; it was not retained and is not used to support a substantive or absence conclusion.","Resolved at title/abstract/citation-context because the record was off-topic, application-specific, secondary, sequential-only, or methodologically redundant with a verified primary anchor; it was not retained and is not used to support a substantive or absence conclusion.","LEVEL_3_DISCOVERY_ONLY","NOT_RETRIEVED","","","NONE","","audit/phase2a1_raw_search_results/DEF/PHASE2A1-SEARCH-0037_bergerboos_forward_openalex.json","Discovery-only; not used in synthesis or an absence conclusion."
"A1DEF-0277","D-F","PHASE2A1-SEARCH-0037","2026-07-31","OpenAlex","Reasoning about Interference Between Units: A General Framework","Jake Bowers; Mark Fredrickson; Costas Panagopoulos","2012","10.1093/pan/mps038","https://openalex.org/W2109712249","A1-DUP-0583","A1DEF-0277","UNIQUE_OCCURRENCE","DEF","A1DEF-DUP-0244","FALSE_POSITIVE","FALSE_POSITIVE","Resolved at title/abstract/citation-context because the record was off-topic, application-specific, secondary, sequential-only, or methodologically redundant with a verified primary anchor; it was not retained and is not used to support a substantive or absence conclusion.","Resolved at title/abstract/citation-context because the record was off-topic, application-specific, secondary, sequential-only, or methodologically redundant with a verified primary anchor; it was not retained and is not used to support a substantive or absence conclusion.","LEVEL_3_DISCOVERY_ONLY","NOT_RETRIEVED","","","NONE","","audit/phase2a1_raw_search_results/DEF/PHASE2A1-SEARCH-0037_bergerboos_forward_openalex.json","Discovery-only; not used in synthesis or an absence conclusion."
"A1DEF-0278","D-F","PHASE2A1-SEARCH-0037","2026-07-31","OpenAlex","Randomization Inference for Treatment Effect Variation","Peng Ding; Avi Feller; Luke Miratrix","2015","10.1111/rssb.12124","https://openalex.org/W1577411356","A1-DUP-0584","A1DEF-0278","UNIQUE_OCCURRENCE","DEF","A1DEF-DUP-0245","FALSE_POSITIVE","FALSE_POSITIVE","Resolved at title/abstract/citation-context because the record was off-topic, application-specific, secondary, sequential-only, or methodologically redundant with a verified primary anchor; it was not retained and is not used to support a substantive or absence conclusion.","Resolved at title/abstract/citation-context because the record was off-topic, application-specific, secondary, sequential-only, or methodologically redundant with a verified primary anchor; it was not retained and is not used to support a substantive or absence conclusion.","LEVEL_3_DISCOVERY_ONLY","NOT_RETRIEVED","","","NONE","","audit/phase2a1_raw_search_results/DEF/PHASE2A1-SEARCH-0037_bergerboos_forward_openalex.json","Discovery-only; not used in synthesis or an absence conclusion."
"A1DEF-0279","D-F","PHASE2A1-SEARCH-0037","2026-07-31","OpenAlex","Effective Adjunctive Therapy by an Innate Defense Regulatory Peptide in a Preclinical Model of Severe Malaria","Ariel H. Achtman; Sandra Pilat; Charity W. Law; David J. Lynn; Laure Janot; Matt Mayer; Shuhua Ma; Jason Kindrachuk; B. Brett Finlay; Fiona S. L. Brinkman; Gordon K. Smyth; Robert E. W. Hancock; Louis Schofield","2012","10.1126/scitranslmed.3003515","https://openalex.org/W2102823978","A1-DUP-0585","A1DEF-0279","UNIQUE_OCCURRENCE","DEF","A1DEF-DUP-0246","FALSE_POSITIVE","FALSE_POSITIVE","Resolved at title/abstract/citation-context because the record was off-topic, application-specific, secondary, sequential-only, or methodologically redundant with a verified primary anchor; it was not retained and is not used to support a substantive or absence conclusion.","Resolved at title/abstract/citation-context because the record was off-topic, application-specific, secondary, sequential-only, or methodologically redundant with a verified primary anchor; it was not retained and is not used to support a substantive or absence conclusion.","LEVEL_3_DISCOVERY_ONLY","NOT_RETRIEVED","","","NONE","","audit/phase2a1_raw_search_results/DEF/PHASE2A1-SEARCH-0037_bergerboos_forward_openalex.json","Discovery-only; not used in synthesis or an absence conclusion."
"A1DEF-0280","D-F","PHASE2A1-SEARCH-0037","2026-07-31","OpenAlex","Measurement of the CKM angle γ from a combination of <mml:math xmlns:mml=""http://www.w3.org/1998/Math/MathML"" altimg=""si1.gif"" overflow=""scroll""><mml:msup><mml:mrow><mml:mi>B</mml:mi></mml:mrow><mml:mrow><mml:mo>±</mml:mo></mml:mrow></mml:msup><mml:mo>→</mml:mo><mml:mi>D</mml:mi><mml:msup><mml:mrow><mml:mi>h</mml:mi></mml:mrow><mml:mrow><mml:mo>±</mml:mo></mml:mrow></mml:msup></mml:math> analyses","R. Aaij; C. Abellán Beteta; B. Adeva; M. Adinolfi; C. Adrover; A. A. Affolder; Z. Ajaltouni; J. Albrecht; F. Alessio; M. Alexander; S. Ali; G. Alkhazov; P. Álvarez Cartelle; A. A. Alves; S. Amato; S. Amerio; Y. Amhis; L. Anderlini; J. Anderson; R. Andreassen; R. B. Appleby; O. Aquines Gutierrez; F. Archilli; A. Artamonov; M. Artuso; E. Aslanides; G. Auriemma; S. Bachmann; J. J. Back; C. Baesso; V. Balagura; W. Baldini; R. J. Barlow; C. Barschel; S. Barsuk; W. Barter; Thomas Bauer; A. Bay; J. Beddow; F. Bedeschi; I. Bediaga; S. Belogurov; K. Belous; I. Belyaev; E. Ben-Haim; G. Bencivenni; S. Benson; J. Benton; A. Berezhnoy; R. Bernet; M.-O. Bettler; M. van Beuzekom; A. Bień; S. Bifani; T. Bird; A. Bizzeti; P. M. Bjørnstad; T. Blake; F. Blanc; J. Blouw; S. Blusk; V. Bocci; A. Bondar; N. Bondar; W. Bonivento; S. Borghi; A. Borgia; T. J. V. Bowcock; E. Bowen; C. Bozzi; T. Brambach; J. F. J. van den Brand; J. Bressieux; D. Brett; M. Britsch; T. Britton; N. H. Brook; H. Brown; I. Burducea; A. Bursche; G. Busetto; J. Buytaert; S. Cadeddu; O. Callot; M. Calvi; M. Calvo Gomez; A. Camboni; P. Campana; D. H. Cámpora Pérez; A. Carbone; G. Carboni; R. Cardinale; A. Cardini; H. Carranza-Mejia; L. Carson; K. Carvalho Akiba; G. Casse; L. Castillo García; M. Cattaneo; Ch. Cauet","2013","10.1016/j.physletb.2013.08.020","https://openalex.org/W2034479840","A1-DUP-0586","A1DEF-0280","UNIQUE_OCCURRENCE","DEF","A1DEF-DUP-0247","FALSE_POSITIVE","FALSE_POSITIVE","Resolved at title/abstract/citation-context because the record was off-topic, application-specific, secondary, sequential-only, or methodologically redundant with a verified primary anchor; it was not retained and is not used to support a substantive or absence conclusion.","Resolved at title/abstract/citation-context because the record was off-topic, application-specific, secondary, sequential-only, or methodologically redundant with a verified primary anchor; it was not retained and is not used to support a substantive or absence conclusion.","LEVEL_3_DISCOVERY_ONLY","NOT_RETRIEVED","","","NONE","","audit/phase2a1_raw_search_results/DEF/PHASE2A1-SEARCH-0037_bergerboos_forward_openalex.json","Discovery-only; not used in synthesis or an absence conclusion."
"A1DEF-0281","D-F","PHASE2A1-SEARCH-0037","2026-07-31","OpenAlex","Assessment of Visual Function with Cotoretigene Toliparvovec in X-Linked Retinitis Pigmentosa in the Randomized XIRIUS Phase 2/3 Study","Byron L. Lam; Mark E. Pennesi; Christine N. Kay; Sushil Panda; James A. Gow; Guolin Zhao; Robert E. MacLaren; Robert E. MacLaren; Robert MacLaren; Robert MacLaren; Tomás S. Alemán; David G. Birch; Assad Jalil; Andrew Lotery; Byron Lam; Mark Pennesi; Christine N. Kay; Imram H. Yusuf; Jasmina Cehajic‐Kapetanovic; Jasleen K. Jolly; Amandeep S. Josan; Laura J. Taylor; Kanmin Xue; Anika Nanda; Thomas Buckley; Anna Paola Salvetti; Suresh Thulasidharan; Miguel Kurc; Samir Khandhadia; Karla Orsine Murtas Dias; Abeir Baltmr; Nakul Mandal; Georgios Tsokolas; Tsveta Ivanova; Muhannd El-Faouri; Sherif Shaarawy; Graeme C. Black; Janet L. Davis; Ninel Z. Gregori; Carlos E. Mendoza‐Santiesteban; Andreas Lauer; Paul Yang; Steven T. Bailey; Rand Spencer; Gary E. Fish; Robert Wang; Deborah Y. Chong; Ashkan M. Abbey; Rajiv Anand; Albert A. MaGuire; Robert L. Roseman; Kaushik Hazariwala; Brandon Parrott","2024","10.1016/j.ophtha.2024.02.023","https://openalex.org/W4392786726","A1-DUP-0587","A1DEF-0281","UNIQUE_OCCURRENCE","DEF","A1DEF-DUP-0248","FALSE_POSITIVE","FALSE_POSITIVE","Resolved at title/abstract/citation-context because the record was off-topic, application-specific, secondary, sequential-only, or methodologically redundant with a verified primary anchor; it was not retained and is not used to support a substantive or absence conclusion.","Resolved at title/abstract/citation-context because the record was off-topic, application-specific, secondary, sequential-only, or methodologically redundant with a verified primary anchor; it was not retained and is not used to support a substantive or absence conclusion.","LEVEL_3_DISCOVERY_ONLY","NOT_RETRIEVED","","","NONE","","audit/phase2a1_raw_search_results/DEF/PHASE2A1-SEARCH-0037_bergerboos_forward_openalex.json","Discovery-only; not used in synthesis or an absence conclusion."
"A1DEF-0282","D-F","PHASE2A1-SEARCH-0037","2026-07-31","OpenAlex","A Cautionary Note on Exact Unconditional Inference for a Difference between Two Independent Binomial Proportions","Devan V. Mehrotra; Ivan S. F. Chan; Roger L. Berger","2003","10.1111/1541-0420.00051","https://openalex.org/W2094509004","A1-DUP-0588","A1DEF-0282","UNIQUE_OCCURRENCE","DEF","A1DEF-DUP-0249","FALSE_POSITIVE","FALSE_POSITIVE","Resolved at title/abstract/citation-context because the record was off-topic, application-specific, secondary, sequential-only, or methodologically redundant with a verified primary anchor; it was not retained and is not used to support a substantive or absence conclusion.","Resolved at title/abstract/citation-context because the record was off-topic, application-specific, secondary, sequential-only, or methodologically redundant with a verified primary anchor; it was not retained and is not used to support a substantive or absence conclusion.","LEVEL_3_DISCOVERY_ONLY","NOT_RETRIEVED","","","NONE","","audit/phase2a1_raw_search_results/DEF/PHASE2A1-SEARCH-0037_bergerboos_forward_openalex.json","Discovery-only; not used in synthesis or an absence conclusion."
"A1DEF-0283","D-F","PHASE2A1-SEARCH-0037","2026-07-31","OpenAlex","Risk factor assessment of endoscopically removed malignant colorectal polyps","Peter Netzer; Carolina Eliane Reina Forster; Ruggero Biral; C Ruchti; J. Neuweiler; Edouard Stauffer; René Schönegg; Christoph A. Maurer; J. Hüsler; F Halter; Adrian Schmassmann","1998","10.1136/gut.43.5.669","https://openalex.org/W2109419711","A1-DUP-0589","A1DEF-0283","UNIQUE_OCCURRENCE","DEF","A1DEF-DUP-0250","FALSE_POSITIVE","FALSE_POSITIVE","Resolved at title/abstract/citation-context because the record was off-topic, application-specific, secondary, sequential-only, or methodologically redundant with a verified primary anchor; it was not retained and is not used to support a substantive or absence conclusion.","Resolved at title/abstract/citation-context because the record was off-topic, application-specific, secondary, sequential-only, or methodologically redundant with a verified primary anchor; it was not retained and is not used to support a substantive or absence conclusion.","LEVEL_3_DISCOVERY_ONLY","NOT_RETRIEVED","","","NONE","","audit/phase2a1_raw_search_results/DEF/PHASE2A1-SEARCH-0037_bergerboos_forward_openalex.json","Discovery-only; not used in synthesis or an absence conclusion."
"A1DEF-0284","D-F","PHASE2A1-SEARCH-0037","2026-07-31","OpenAlex","Prevalence of and Risks for Cervical Human Papillomavirus Infection and Squamous Intraepithelial Lesions in Adolescent Girls","Anna-Barbara Moscicki; Jonas H. Ellenberg; Sten H. Vermund; Christie A. Holland; Teresa M. Darragh; Peggy A. Crowley‐Nowick; Linda Levin; Craig M. Wilson","2000","10.1001/archpedi.154.2.127","https://openalex.org/W2081601986","A1-DUP-0590","A1DEF-0284","UNIQUE_OCCURRENCE","DEF","A1DEF-DUP-0251","FALSE_POSITIVE","FALSE_POSITIVE","Resolved at title/abstract/citation-context because the record was off-topic, application-specific, secondary, sequential-only, or methodologically redundant with a verified primary anchor; it was not retained and is not used to support a substantive or absence conclusion.","Resolved at title/abstract/citation-context because the record was off-topic, application-specific, secondary, sequential-only, or methodologically redundant with a verified primary anchor; it was not retained and is not used to support a substantive or absence conclusion.","LEVEL_3_DISCOVERY_ONLY","NOT_RETRIEVED","","","NONE","","audit/phase2a1_raw_search_results/DEF/PHASE2A1-SEARCH-0037_bergerboos_forward_openalex.json","Discovery-only; not used in synthesis or an absence conclusion."
"A1DEF-0285","D-F","PHASE2A1-SEARCH-0037","2026-07-31","OpenAlex","Eating disorders in females with type 1 diabetes: an update of a meta‐analysis","Søren Nielsen","2002","10.1002/erv.474","https://openalex.org/W2112823877","A1-DUP-0591","A1DEF-0285","UNIQUE_OCCURRENCE","DEF","A1DEF-DUP-0252","FALSE_POSITIVE","FALSE_POSITIVE","Resolved at title/abstract/citation-context because the record was off-topic, application-specific, secondary, sequential-only, or methodologically redundant with a verified primary anchor; it was not retained and is not used to support a substantive or absence conclusion.","Resolved at title/abstract/citation-context because the record was off-topic, application-specific, secondary, sequential-only, or methodologically redundant with a verified primary anchor; it was not retained and is not used to support a substantive or absence conclusion.","LEVEL_3_DISCOVERY_ONLY","NOT_RETRIEVED","","","NONE","","audit/phase2a1_raw_search_results/DEF/PHASE2A1-SEARCH-0037_bergerboos_forward_openalex.json","Discovery-only; not used in synthesis or an absence conclusion."
"A1DEF-0286","D-F","PHASE2A1-SEARCH-0037","2026-07-31","OpenAlex","Monte Carlo tests with nuisance parameters: A general approach to finite-sample inference and nonstandard asymptotics","Jean-Marie Dufour","2005","10.1016/j.jeconom.2005.06.007","https://openalex.org/W2149862193","A1-DUP-0592","A1DEF-0286","UNIQUE_OCCURRENCE","DEF","A1DEF-DUP-0253","FULL_TEXT_INCLUDED","FULL_TEXT_INCLUDED","","","LEVEL_1_LOAD_BEARING","AUTHOR_MANUSCRIPT_FULL_TEXT_INSPECTED","Section 4, equations (4.1)-(4.20), Proposition 4.1 p.18 and Proposition 4.2 p.19; p.20 discussion of exact/conservative Type-I control. Propositions 5.1-5.2 are asymptotic restricted-confidence-set variants.","P0064","EXISTING_CORPUS_RECORD","NEW_CORPUS_CANDIDATE","audit/phase2a1_raw_search_results/DEF/PHASE2A1-SEARCH-0037_dufour_anchor_openalex.json","Maximized Monte Carlo tests provide finite-sample Type-I control with nuisance parameters; they do not supply uniform Type-II or sample-complexity bounds."
"A1DEF-0287","D-F","PHASE2A1-SEARCH-0037","2026-07-31","OpenAlex","An Introduction to the Bootstrap","Bradley Efron; Robert Tibshirani","1994","10.1201/9780429246593","https://openalex.org/W1995945562","A1-DUP-0593","A1DEF-0287","UNIQUE_OCCURRENCE","DEF","A1DEF-DUP-0254","FALSE_POSITIVE","FALSE_POSITIVE","Resolved at title/abstract/citation-context because the record was off-topic, application-specific, secondary, sequential-only, or methodologically redundant with a verified primary anchor; it was not retained and is not used to support a substantive or absence conclusion.","Resolved at title/abstract/citation-context because the record was off-topic, application-specific, secondary, sequential-only, or methodologically redundant with a verified primary anchor; it was not retained and is not used to support a substantive or absence conclusion.","LEVEL_3_DISCOVERY_ONLY","NOT_RETRIEVED","","","NONE","","audit/phase2a1_raw_search_results/DEF/PHASE2A1-SEARCH-0037_dufour_backward_openalex.json","Discovery-only; not used in synthesis or an absence conclusion."
"A1DEF-0288","D-F","PHASE2A1-SEARCH-0037","2026-07-31","OpenAlex","Simulation-based Econometric Methods","Christian Gouriéroux; Alain Monfort","1997","10.1093/0198774753.001.0001","https://openalex.org/W1538160166","A1-DUP-0594","A1DEF-0288","UNIQUE_OCCURRENCE","DEF","A1DEF-DUP-0255","FALSE_POSITIVE","FALSE_POSITIVE","Resolved at title/abstract/citation-context because the record was off-topic, application-specific, secondary, sequential-only, or methodologically redundant with a verified primary anchor; it was not retained and is not used to support a substantive or absence conclusion.","Resolved at title/abstract/citation-context because the record was off-topic, application-specific, secondary, sequential-only, or methodologically redundant with a verified primary anchor; it was not retained and is not used to support a substantive or absence conclusion.","LEVEL_3_DISCOVERY_ONLY","NOT_RETRIEVED","","","NONE","","audit/phase2a1_raw_search_results/DEF/PHASE2A1-SEARCH-0037_dufour_backward_openalex.json","Discovery-only; not used in synthesis or an absence conclusion."
"A1DEF-0289","D-F","PHASE2A1-SEARCH-0037","2026-07-31","OpenAlex","Modified Randomization Tests for Nonparametric Hypotheses","Meyer Dwass","1957","10.1214/aoms/1177707045","https://openalex.org/W1973886547","A1-DUP-0595","A1DEF-0289","UNIQUE_OCCURRENCE","DEF","A1DEF-DUP-0256","FALSE_POSITIVE","FALSE_POSITIVE","Resolved at title/abstract/citation-context because the record was off-topic, application-specific, secondary, sequential-only, or methodologically redundant with a verified primary anchor; it was not retained and is not used to support a substantive or absence conclusion.","Resolved at title/abstract/citation-context because the record was off-topic, application-specific, secondary, sequential-only, or methodologically redundant with a verified primary anchor; it was not retained and is not used to support a substantive or absence conclusion.","LEVEL_3_DISCOVERY_ONLY","NOT_RETRIEVED","","","NONE","","audit/phase2a1_raw_search_results/DEF/PHASE2A1-SEARCH-0037_dufour_backward_openalex.json","Discovery-only; not used in synthesis or an absence conclusion."
"A1DEF-0290","D-F","PHASE2A1-SEARCH-0037","2026-07-31","OpenAlex","Simple Monte Carlo Tests for Spatial Pattern","Julian Besag; Peter J. Diggle","1977","10.2307/2346974","https://openalex.org/W1500064878","A1-DUP-0596","A1DEF-0290","UNIQUE_OCCURRENCE","DEF","A1DEF-DUP-0257","FALSE_POSITIVE","FALSE_POSITIVE","Resolved at title/abstract/citation-context because the record was off-topic, application-specific, secondary, sequential-only, or methodologically redundant with a verified primary anchor; it was not retained and is not used to support a substantive or absence conclusion.","Resolved at title/abstract/citation-context because the record was off-topic, application-specific, secondary, sequential-only, or methodologically redundant with a verified primary anchor; it was not retained and is not used to support a substantive or absence conclusion.","LEVEL_3_DISCOVERY_ONLY","NOT_RETRIEVED","","","NONE","","audit/phase2a1_raw_search_results/DEF/PHASE2A1-SEARCH-0037_dufour_backward_openalex.json","Discovery-only; not used in synthesis or an absence conclusion."
"A1DEF-0291","D-F","PHASE2A1-SEARCH-0037","2026-07-31","OpenAlex","Integration of correspondences","Gérard Debreu","1967","https://openalex.org/W1500655567","https://openalex.org/W1500655567","A1-DUP-0597","A1DEF-0291","UNIQUE_OCCURRENCE","DEF","A1DEF-DUP-0258","FALSE_POSITIVE","FALSE_POSITIVE","Resolved at title/abstract/citation-context because the record was off-topic, application-specific, secondary, sequential-only, or methodologically redundant with a verified primary anchor; it was not retained and is not used to support a substantive or absence conclusion.","Resolved at title/abstract/citation-context because the record was off-topic, application-specific, secondary, sequential-only, or methodologically redundant with a verified primary anchor; it was not retained and is not used to support a substantive or absence conclusion.","LEVEL_3_DISCOVERY_ONLY","NOT_RETRIEVED","","","NONE","","audit/phase2a1_raw_search_results/DEF/PHASE2A1-SEARCH-0037_dufour_backward_openalex.json","Discovery-only; not used in synthesis or an absence conclusion."
"A1DEF-0292","D-F","PHASE2A1-SEARCH-0037","2026-07-31","OpenAlex","The Efficiency of Simulation-Based Multiple Comparisons","Don Edwards; Jack J. Berry","1987","10.2307/2531545","https://openalex.org/W1999311530","A1-DUP-0598","A1DEF-0292","UNIQUE_OCCURRENCE","DEF","A1DEF-DUP-0259","FALSE_POSITIVE","FALSE_POSITIVE","Resolved at title/abstract/citation-context because the record was off-topic, application-specific, secondary, sequential-only, or methodologically redundant with a verified primary anchor; it was not retained and is not used to support a substantive or absence conclusion.","Resolved at title/abstract/citation-context because the record was off-topic, application-specific, secondary, sequential-only, or methodologically redundant with a verified primary anchor; it was not retained and is not used to support a substantive or absence conclusion.","LEVEL_3_DISCOVERY_ONLY","NOT_RETRIEVED","","","NONE","","audit/phase2a1_raw_search_results/DEF/PHASE2A1-SEARCH-0037_dufour_backward_openalex.json","Discovery-only; not used in synthesis or an absence conclusion."
"A1DEF-0293","D-F","PHASE2A1-SEARCH-0037","2026-07-31","OpenAlex","Finite Sample Properties and Asymptotic Efficiency of Monte Carlo Tests","Karl‐Heinz Jöckel","1986","10.1214/aos/1176349860","https://openalex.org/W1967873557","A1-DUP-0599","A1DEF-0293","UNIQUE_OCCURRENCE","DEF","A1DEF-DUP-0260","FALSE_POSITIVE","FALSE_POSITIVE","Resolved at title/abstract/citation-context because the record was off-topic, application-specific, secondary, sequential-only, or methodologically redundant with a verified primary anchor; it was not retained and is not used to support a substantive or absence conclusion.","Resolved at title/abstract/citation-context because the record was off-topic, application-specific, secondary, sequential-only, or methodologically redundant with a verified primary anchor; it was not retained and is not used to support a substantive or absence conclusion.","LEVEL_3_DISCOVERY_ONLY","NOT_RETRIEVED","","","NONE","","audit/phase2a1_raw_search_results/DEF/PHASE2A1-SEARCH-0037_dufour_backward_openalex.json","Discovery-only; not used in synthesis or an absence conclusion."
"A1DEF-0294","D-F","PHASE2A1-SEARCH-0037","2026-07-31","OpenAlex","The Effect of Simulation Order on Level Accuracy and Power of Monte Carlo Tests","Peter Hall; D. M. Titterington","1989","10.1111/j.2517-6161.1989.tb01440.x","https://openalex.org/W166195552","A1-DUP-0600","A1DEF-0294","UNIQUE_OCCURRENCE","DEF","A1DEF-DUP-0261","FALSE_POSITIVE","FALSE_POSITIVE","Resolved at title/abstract/citation-context because the record was off-topic, application-specific, secondary, sequential-only, or methodologically redundant with a verified primary anchor; it was not retained and is not used to support a substantive or absence conclusion.","Resolved at title/abstract/citation-context because the record was off-topic, application-specific, secondary, sequential-only, or methodologically redundant with a verified primary anchor; it was not retained and is not used to support a substantive or absence conclusion.","LEVEL_3_DISCOVERY_ONLY","NOT_RETRIEVED","","","NONE","","audit/phase2a1_raw_search_results/DEF/PHASE2A1-SEARCH-0037_dufour_backward_openalex.json","Discovery-only; not used in synthesis or an absence conclusion."
"A1DEF-0295","D-F","PHASE2A1-SEARCH-0037","2026-07-31","OpenAlex","Some Measurability Results for Extrema of Random Functions Over Random Sets","Maxwell B. Stinchcombe; Halbert White","1992","10.2307/2297861","https://openalex.org/W2003032781","A1-DUP-0601","A1DEF-0295","UNIQUE_OCCURRENCE","DEF","A1DEF-DUP-0262","FALSE_POSITIVE","FALSE_POSITIVE","Resolved at title/abstract/citation-context because the record was off-topic, application-specific, secondary, sequential-only, or methodologically redundant with a verified primary anchor; it was not retained and is not used to support a substantive or absence conclusion.","Resolved at title/abstract/citation-context because the record was off-topic, application-specific, secondary, sequential-only, or methodologically redundant with a verified primary anchor; it was not retained and is not used to support a substantive or absence conclusion.","LEVEL_3_DISCOVERY_ONLY","NOT_RETRIEVED","","","NONE","","audit/phase2a1_raw_search_results/DEF/PHASE2A1-SEARCH-0037_dufour_backward_openalex.json","Discovery-only; not used in synthesis or an absence conclusion."
"A1DEF-0296","D-F","PHASE2A1-SEARCH-0037","2026-07-31","OpenAlex","Effect of tail weight and outliers on power and type-i error of robust permutation tests for location","Allie Keller-Mcnulty; James J. Higgins","1987","10.1080/03610918708812575","https://openalex.org/W1503120176","A1-DUP-0602","A1DEF-0296","UNIQUE_OCCURRENCE","DEF","A1DEF-DUP-0263","FALSE_POSITIVE","FALSE_POSITIVE","Resolved at title/abstract/citation-context because the record was off-topic, application-specific, secondary, sequential-only, or methodologically redundant with a verified primary anchor; it was not retained and is not used to support a substantive or absence conclusion.","Resolved at title/abstract/citation-context because the record was off-topic, application-specific, secondary, sequential-only, or methodologically redundant with a verified primary anchor; it was not retained and is not used to support a substantive or absence conclusion.","LEVEL_3_DISCOVERY_ONLY","NOT_RETRIEVED","","","NONE","","audit/phase2a1_raw_search_results/DEF/PHASE2A1-SEARCH-0037_dufour_backward_openalex.json","Discovery-only; not used in synthesis or an absence conclusion."
"A1DEF-0297","D-F","PHASE2A1-SEARCH-0037","2026-07-31","OpenAlex","Bootstrapping Unstable First-Order Autoregressive Processes","I. V. Basawa; Atul Mallik; William P. McCormick; J Reeves; Robert L. Taylor","1991","10.1214/aos/1176348142","https://openalex.org/W1978893196","A1-DUP-0603","A1DEF-0297","UNIQUE_OCCURRENCE","DEF","A1DEF-DUP-0264","FALSE_POSITIVE","FALSE_POSITIVE","Resolved at title/abstract/citation-context because the record was off-topic, application-specific, secondary, sequential-only, or methodologically redundant with a verified primary anchor; it was not retained and is not used to support a substantive or absence conclusion.","Resolved at title/abstract/citation-context because the record was off-topic, application-specific, secondary, sequential-only, or methodologically redundant with a verified primary anchor; it was not retained and is not used to support a substantive or absence conclusion.","LEVEL_3_DISCOVERY_ONLY","NOT_RETRIEVED","","","NONE","","audit/phase2a1_raw_search_results/DEF/PHASE2A1-SEARCH-0037_dufour_backward_openalex.json","Discovery-only; not used in synthesis or an absence conclusion."
"A1DEF-0298","D-F","PHASE2A1-SEARCH-0037","2026-07-31","OpenAlex","Bootstrap of the Mean in the Infinite Variance Case","Krishna B. Athreya","1987","10.1214/aos/1176350371","https://openalex.org/W1976241708","A1-DUP-0604","A1DEF-0298","UNIQUE_OCCURRENCE","DEF","A1DEF-DUP-0265","FALSE_POSITIVE","FALSE_POSITIVE","Resolved at title/abstract/citation-context because the record was off-topic, application-specific, secondary, sequential-only, or methodologically redundant with a verified primary anchor; it was not retained and is not used to support a substantive or absence conclusion.","Resolved at title/abstract/citation-context because the record was off-topic, application-specific, secondary, sequential-only, or methodologically redundant with a verified primary anchor; it was not retained and is not used to support a substantive or absence conclusion.","LEVEL_3_DISCOVERY_ONLY","NOT_RETRIEVED","","","NONE","","audit/phase2a1_raw_search_results/DEF/PHASE2A1-SEARCH-0037_dufour_backward_openalex.json","Discovery-only; not used in synthesis or an absence conclusion."
"A1DEF-0299","D-F","PHASE2A1-SEARCH-0037","2026-07-31","OpenAlex","Barnard's Monte Carlo Tests: How Many Simulations?","F. H. C. Marriott","1979","10.2307/2346816","https://openalex.org/W192831050","A1-DUP-0605","A1DEF-0299","UNIQUE_OCCURRENCE","DEF","A1DEF-DUP-0266","FALSE_POSITIVE","FALSE_POSITIVE","Resolved at title/abstract/citation-context because the record was off-topic, application-specific, secondary, sequential-only, or methodologically redundant with a verified primary anchor; it was not retained and is not used to support a substantive or absence conclusion.","Resolved at title/abstract/citation-context because the record was off-topic, application-specific, secondary, sequential-only, or methodologically redundant with a verified primary anchor; it was not retained and is not used to support a substantive or absence conclusion.","LEVEL_3_DISCOVERY_ONLY","NOT_RETRIEVED","","","NONE","","audit/phase2a1_raw_search_results/DEF/PHASE2A1-SEARCH-0037_dufour_backward_openalex.json","Discovery-only; not used in synthesis or an absence conclusion."
"A1DEF-0300","D-F","PHASE2A1-SEARCH-0037","2026-07-31","OpenAlex","Asymptotic theory for bootstrap methods in statistics","Rudolf Beran; Gilles R. Ducharme","1991","https://openalex.org/W1488205271","https://openalex.org/W1488205271","A1-DUP-0606","A1DEF-0300","UNIQUE_OCCURRENCE","DEF","A1DEF-DUP-0267","FALSE_POSITIVE","FALSE_POSITIVE","Resolved at title/abstract/citation-context because the record was off-topic, application-specific, secondary, sequential-only, or methodologically redundant with a verified primary anchor; it was not retained and is not used to support a substantive or absence conclusion.","Resolved at title/abstract/citation-context because the record was off-topic, application-specific, secondary, sequential-only, or methodologically redundant with a verified primary anchor; it was not retained and is not used to support a substantive or absence conclusion.","LEVEL_3_DISCOVERY_ONLY","NOT_RETRIEVED","","","NONE","","audit/phase2a1_raw_search_results/DEF/PHASE2A1-SEARCH-0037_dufour_backward_openalex.json","Discovery-only; not used in synthesis or an absence conclusion."
"A1DEF-0301","D-F","PHASE2A1-SEARCH-0037","2026-07-31","OpenAlex","Problems related to confidence intervals for impulse responses of autoregressive processes","Alexander Benkwitz; Michael H. Neumann; Helmut Lütekpohl","2000","10.1080/07474930008800460","https://openalex.org/W1972091967","A1-DUP-0607","A1DEF-0301","UNIQUE_OCCURRENCE","DEF","A1DEF-DUP-0268","FALSE_POSITIVE","FALSE_POSITIVE","Resolved at title/abstract/citation-context because the record was off-topic, application-specific, secondary, sequential-only, or methodologically redundant with a verified primary anchor; it was not retained and is not used to support a substantive or absence conclusion.","Resolved at title/abstract/citation-context because the record was off-topic, application-specific, secondary, sequential-only, or methodologically redundant with a verified primary anchor; it was not retained and is not used to support a substantive or absence conclusion.","LEVEL_3_DISCOVERY_ONLY","NOT_RETRIEVED","","","NONE","","audit/phase2a1_raw_search_results/DEF/PHASE2A1-SEARCH-0037_dufour_backward_openalex.json","Discovery-only; not used in synthesis or an absence conclusion."
"A1DEF-0302","D-F","PHASE2A1-SEARCH-0037","2026-07-31","OpenAlex","19 Simulation estimation methods for limited dependent variable models","Vassilis A. Hajivassiliou","1993","10.1016/s0169-7161(05)80054-9","https://openalex.org/W1493849049","A1-DUP-0608","A1DEF-0302","UNIQUE_OCCURRENCE","DEF","A1DEF-DUP-0269","FALSE_POSITIVE","FALSE_POSITIVE","Resolved at title/abstract/citation-context because the record was off-topic, application-specific, secondary, sequential-only, or methodologically redundant with a verified primary anchor; it was not retained and is not used to support a substantive or absence conclusion.","Resolved at title/abstract/citation-context because the record was off-topic, application-specific, secondary, sequential-only, or methodologically redundant with a verified primary anchor; it was not retained and is not used to support a substantive or absence conclusion.","LEVEL_3_DISCOVERY_ONLY","NOT_RETRIEVED","","","NONE","","audit/phase2a1_raw_search_results/DEF/PHASE2A1-SEARCH-0037_dufour_backward_openalex.json","Discovery-only; not used in synthesis or an absence conclusion."
"A1DEF-0303","D-F","PHASE2A1-SEARCH-0037","2026-07-31","OpenAlex","20 Simulation estimation for panel data models with limited dependent variables","Michael P. Keane","1993","10.1016/s0169-7161(05)80055-0","https://openalex.org/W1690342249","A1-DUP-0609","A1DEF-0303","UNIQUE_OCCURRENCE","DEF","A1DEF-DUP-0270","FALSE_POSITIVE","FALSE_POSITIVE","Resolved at title/abstract/citation-context because the record was off-topic, application-specific, secondary, sequential-only, or methodologically redundant with a verified primary anchor; it was not retained and is not used to support a substantive or absence conclusion.","Resolved at title/abstract/citation-context because the record was off-topic, application-specific, secondary, sequential-only, or methodologically redundant with a verified primary anchor; it was not retained and is not used to support a substantive or absence conclusion.","LEVEL_3_DISCOVERY_ONLY","NOT_RETRIEVED","","","NONE","","audit/phase2a1_raw_search_results/DEF/PHASE2A1-SEARCH-0037_dufour_backward_openalex.json","Discovery-only; not used in synthesis or an absence conclusion."
"A1DEF-0304","D-F","PHASE2A1-SEARCH-0037","2026-07-31","OpenAlex","A sequential approximation to a permutation test","Robin H. Lock","1991","10.1080/03610919108812956","https://openalex.org/W1969255591","A1-DUP-0610","A1DEF-0304","UNIQUE_OCCURRENCE","DEF","A1DEF-DUP-0271","FALSE_POSITIVE","FALSE_POSITIVE","Resolved at title/abstract/citation-context because the record was off-topic, application-specific, secondary, sequential-only, or methodologically redundant with a verified primary anchor; it was not retained and is not used to support a substantive or absence conclusion.","Resolved at title/abstract/citation-context because the record was off-topic, application-specific, secondary, sequential-only, or methodologically redundant with a verified primary anchor; it was not retained and is not used to support a substantive or absence conclusion.","LEVEL_3_DISCOVERY_ONLY","NOT_RETRIEVED","","","NONE","","audit/phase2a1_raw_search_results/DEF/PHASE2A1-SEARCH-0037_dufour_backward_openalex.json","Discovery-only; not used in synthesis or an absence conclusion."
"A1DEF-0305","D-F","PHASE2A1-SEARCH-0037","2026-07-31","OpenAlex","21 A perspective on application of bootstrap methods in econometrics","Jinook Jeong; G. S. Maddala","1993","10.1016/s0169-7161(05)80056-2","https://openalex.org/W1481459996","A1-DUP-0611","A1DEF-0305","UNIQUE_OCCURRENCE","DEF","A1DEF-DUP-0272","FALSE_POSITIVE","FALSE_POSITIVE","Resolved at title/abstract/citation-context because the record was off-topic, application-specific, secondary, sequential-only, or methodologically redundant with a verified primary anchor; it was not retained and is not used to support a substantive or absence conclusion.","Resolved at title/abstract/citation-context because the record was off-topic, application-specific, secondary, sequential-only, or methodologically redundant with a verified primary anchor; it was not retained and is not used to support a substantive or absence conclusion.","LEVEL_3_DISCOVERY_ONLY","NOT_RETRIEVED","","","NONE","","audit/phase2a1_raw_search_results/DEF/PHASE2A1-SEARCH-0037_dufour_backward_openalex.json","Discovery-only; not used in synthesis or an absence conclusion."
"A1DEF-0306","D-F","PHASE2A1-SEARCH-0037","2026-07-31","OpenAlex","23 Bootstrap methods: Applications in econometrics","Hrishikesh D. Vinod","1993","10.1016/s0169-7161(05)80058-6","https://openalex.org/W1495576629","A1-DUP-0612","A1DEF-0306","UNIQUE_OCCURRENCE","DEF","A1DEF-DUP-0273","FALSE_POSITIVE","FALSE_POSITIVE","Resolved at title/abstract/citation-context because the record was off-topic, application-specific, secondary, sequential-only, or methodologically redundant with a verified primary anchor; it was not retained and is not used to support a substantive or absence conclusion.","Resolved at title/abstract/citation-context because the record was off-topic, application-specific, secondary, sequential-only, or methodologically redundant with a verified primary anchor; it was not retained and is not used to support a substantive or absence conclusion.","LEVEL_3_DISCOVERY_ONLY","NOT_RETRIEVED","","","NONE","","audit/phase2a1_raw_search_results/DEF/PHASE2A1-SEARCH-0037_dufour_backward_openalex.json","Discovery-only; not used in synthesis or an absence conclusion."
"A1DEF-0307","D-F","PHASE2A1-SEARCH-0037","2026-07-31","OpenAlex","Exact tests in single equation autoregressive distributed lag models","Jan F. Kiviet; Jean‐Marie Dufour","1997","10.1016/s0304-4076(97)00048-1","https://openalex.org/W1965405678","A1-DUP-0613","A1DEF-0307","UNIQUE_OCCURRENCE","DEF","A1DEF-DUP-0274","FALSE_POSITIVE","FALSE_POSITIVE","Resolved at title/abstract/citation-context because the record was off-topic, application-specific, secondary, sequential-only, or methodologically redundant with a verified primary anchor; it was not retained and is not used to support a substantive or absence conclusion.","Resolved at title/abstract/citation-context because the record was off-topic, application-specific, secondary, sequential-only, or methodologically redundant with a verified primary anchor; it was not retained and is not used to support a substantive or absence conclusion.","LEVEL_3_DISCOVERY_ONLY","NOT_RETRIEVED","","","NONE","","audit/phase2a1_raw_search_results/DEF/PHASE2A1-SEARCH-0037_dufour_backward_openalex.json","Discovery-only; not used in synthesis or an absence conclusion."
"A1DEF-0308","D-F","PHASE2A1-SEARCH-0037","2026-07-31","OpenAlex","MMC techniques for limited dependent variables models: Implementation by the branch-and-bound algorithm","Frédéric Jouneau-Sion; Olivier Torrès","2005","10.1016/j.jeconom.2005.06.006","https://openalex.org/W1969376337","A1-DUP-0614","A1DEF-0308","UNIQUE_OCCURRENCE","DEF","A1DEF-DUP-0275","FALSE_POSITIVE","FALSE_POSITIVE","Resolved at title/abstract/citation-context because the record was off-topic, application-specific, secondary, sequential-only, or methodologically redundant with a verified primary anchor; it was not retained and is not used to support a substantive or absence conclusion.","Resolved at title/abstract/citation-context because the record was off-topic, application-specific, secondary, sequential-only, or methodologically redundant with a verified primary anchor; it was not retained and is not used to support a substantive or absence conclusion.","LEVEL_3_DISCOVERY_ONLY","NOT_RETRIEVED","","","NONE","","audit/phase2a1_raw_search_results/DEF/PHASE2A1-SEARCH-0037_dufour_backward_openalex.json","Discovery-only; not used in synthesis or an absence conclusion."
"A1DEF-0309","D-F","PHASE2A1-SEARCH-0037","2026-07-31","OpenAlex","Simulation-Based Finite-Sample Inference in Simultaneous Equations","Lynda Khalaf; Jean‐Marie Dufour","2004","https://openalex.org/W1516599059","https://openalex.org/W1516599059","A1-DUP-0615","A1DEF-0309","UNIQUE_OCCURRENCE","DEF","A1DEF-DUP-0276","FALSE_POSITIVE","FALSE_POSITIVE","Resolved at title/abstract/citation-context because the record was off-topic, application-specific, secondary, sequential-only, or methodologically redundant with a verified primary anchor; it was not retained and is not used to support a substantive or absence conclusion.","Resolved at title/abstract/citation-context because the record was off-topic, application-specific, secondary, sequential-only, or methodologically redundant with a verified primary anchor; it was not retained and is not used to support a substantive or absence conclusion.","LEVEL_3_DISCOVERY_ONLY","NOT_RETRIEVED","","","NONE","","audit/phase2a1_raw_search_results/DEF/PHASE2A1-SEARCH-0037_dufour_backward_openalex.json","Discovery-only; not used in synthesis or an absence conclusion."
"A1DEF-0310","D-F","PHASE2A1-SEARCH-0037","2026-07-31","OpenAlex","Computer-Aided Econometrics","","2003","10.1201/9780203911570","https://openalex.org/W614746911","A1-DUP-0616","A1DEF-0310","UNIQUE_OCCURRENCE","DEF","A1DEF-DUP-0277","FALSE_POSITIVE","FALSE_POSITIVE","Resolved at title/abstract/citation-context because the record was off-topic, application-specific, secondary, sequential-only, or methodologically redundant with a verified primary anchor; it was not retained and is not used to support a substantive or absence conclusion.","Resolved at title/abstract/citation-context because the record was off-topic, application-specific, secondary, sequential-only, or methodologically redundant with a verified primary anchor; it was not retained and is not used to support a substantive or absence conclusion.","LEVEL_3_DISCOVERY_ONLY","NOT_RETRIEVED","","","NONE","","audit/phase2a1_raw_search_results/DEF/PHASE2A1-SEARCH-0037_dufour_backward_openalex.json","Discovery-only; not used in synthesis or an absence conclusion."
"A1DEF-0311","D-F","PHASE2A1-SEARCH-0037","2026-07-31","OpenAlex","22 Stochastic simulations for inference in nonlinear errors-in-variables models","Roberto S. Mariano; Bryan W. Brown","1993","10.1016/s0169-7161(05)80057-4","https://openalex.org/W1547794046","A1-DUP-0617","A1DEF-0311","UNIQUE_OCCURRENCE","DEF","A1DEF-DUP-0278","FALSE_POSITIVE","FALSE_POSITIVE","Resolved at title/abstract/citation-context because the record was off-topic, application-specific, secondary, sequential-only, or methodologically redundant with a verified primary anchor; it was not retained and is not used to support a substantive or absence conclusion.","Resolved at title/abstract/citation-context because the record was off-topic, application-specific, secondary, sequential-only, or methodologically redundant with a verified primary anchor; it was not retained and is not used to support a substantive or absence conclusion.","LEVEL_3_DISCOVERY_ONLY","NOT_RETRIEVED","","","NONE","","audit/phase2a1_raw_search_results/DEF/PHASE2A1-SEARCH-0037_dufour_backward_openalex.json","Discovery-only; not used in synthesis or an absence conclusion."
"A1DEF-0312","D-F","PHASE2A1-SEARCH-0037","2026-07-31","OpenAlex","Estimation and Confidence Regions for Parameter Sets in Econometric Models","Victor Chernozhukov; Han Hong; Elie Tamer","2007","10.1111/j.1468-0262.2007.00794.x","https://openalex.org/W2131071299","A1-DUP-0618","A1DEF-0312","UNIQUE_OCCURRENCE","DEF","A1DEF-DUP-0279","FALSE_POSITIVE","FALSE_POSITIVE","Resolved at title/abstract/citation-context because the record was off-topic, application-specific, secondary, sequential-only, or methodologically redundant with a verified primary anchor; it was not retained and is not used to support a substantive or absence conclusion.","Resolved at title/abstract/citation-context because the record was off-topic, application-specific, secondary, sequential-only, or methodologically redundant with a verified primary anchor; it was not retained and is not used to support a substantive or absence conclusion.","LEVEL_3_DISCOVERY_ONLY","NOT_RETRIEVED","","","NONE","","audit/phase2a1_raw_search_results/DEF/PHASE2A1-SEARCH-0037_dufour_forward_openalex.json","Discovery-only; not used in synthesis or an absence conclusion."
"A1DEF-0313","D-F","PHASE2A1-SEARCH-0037","2026-07-31","OpenAlex","Modelling Nonlinear Economic Time Series","Timo Teräsvirta; Dag Tjøstheim; Clive W. J. Granger","2010","10.1093/acprof:oso/9780199587148.001.0001","https://openalex.org/W39739780","A1-DUP-0619","A1DEF-0313","UNIQUE_OCCURRENCE","DEF","A1DEF-DUP-0280","FALSE_POSITIVE","FALSE_POSITIVE","Resolved at title/abstract/citation-context because the record was off-topic, application-specific, secondary, sequential-only, or methodologically redundant with a verified primary anchor; it was not retained and is not used to support a substantive or absence conclusion.","Resolved at title/abstract/citation-context because the record was off-topic, application-specific, secondary, sequential-only, or methodologically redundant with a verified primary anchor; it was not retained and is not used to support a substantive or absence conclusion.","LEVEL_3_DISCOVERY_ONLY","NOT_RETRIEVED","","","NONE","","audit/phase2a1_raw_search_results/DEF/PHASE2A1-SEARCH-0037_dufour_forward_openalex.json","Discovery-only; not used in synthesis or an absence conclusion."
"A1DEF-0314","D-F","PHASE2A1-SEARCH-0037","2026-07-31","OpenAlex","Dependence structure and extreme comovements in international equity and bond markets","René García; Georges Tsafack","2011","10.1016/j.jbankfin.2011.01.003","https://openalex.org/W2728863691","A1-DUP-0620","A1DEF-0314","UNIQUE_OCCURRENCE","DEF","A1DEF-DUP-0281","FALSE_POSITIVE","FALSE_POSITIVE","Resolved at title/abstract/citation-context because the record was off-topic, application-specific, secondary, sequential-only, or methodologically redundant with a verified primary anchor; it was not retained and is not used to support a substantive or absence conclusion.","Resolved at title/abstract/citation-context because the record was off-topic, application-specific, secondary, sequential-only, or methodologically redundant with a verified primary anchor; it was not retained and is not used to support a substantive or absence conclusion.","LEVEL_3_DISCOVERY_ONLY","NOT_RETRIEVED","","","NONE","","audit/phase2a1_raw_search_results/DEF/PHASE2A1-SEARCH-0037_dufour_forward_openalex.json","Discovery-only; not used in synthesis or an absence conclusion."
"A1DEF-0315","D-F","PHASE2A1-SEARCH-0037","2026-07-31","OpenAlex","Global Envelope Tests for Spatial Processes","Mari Myllymäki; Tomáš Mrkvička; Pavel Grabarnik; Henri Seijo; Ute Hahn","2016","10.1111/rssb.12172","https://openalex.org/W1750856584","A1-DUP-0621","A1DEF-0315","UNIQUE_OCCURRENCE","DEF","A1DEF-DUP-0282","FALSE_POSITIVE","FALSE_POSITIVE","Resolved at title/abstract/citation-context because the record was off-topic, application-specific, secondary, sequential-only, or methodologically redundant with a verified primary anchor; it was not retained and is not used to support a substantive or absence conclusion.","Resolved at title/abstract/citation-context because the record was off-topic, application-specific, secondary, sequential-only, or methodologically redundant with a verified primary anchor; it was not retained and is not used to support a substantive or absence conclusion.","LEVEL_3_DISCOVERY_ONLY","NOT_RETRIEVED","","","NONE","","audit/phase2a1_raw_search_results/DEF/PHASE2A1-SEARCH-0037_dufour_forward_openalex.json","Discovery-only; not used in synthesis or an absence conclusion."
"A1DEF-0316","D-F","PHASE2A1-SEARCH-0037","2026-07-31","OpenAlex","Evaluating Value-at-Risk Models via Quantile Regression","Wagner Piazza Gaglianone; Luiz Renato Lima; Oliver Linton; Daniel R. Smith","2010","10.1198/jbes.2010.07318","https://openalex.org/W2164961494","A1-DUP-0622","A1DEF-0316","UNIQUE_OCCURRENCE","DEF","A1DEF-DUP-0283","FALSE_POSITIVE","FALSE_POSITIVE","Resolved at title/abstract/citation-context because the record was off-topic, application-specific, secondary, sequential-only, or methodologically redundant with a verified primary anchor; it was not retained and is not used to support a substantive or absence conclusion.","Resolved at title/abstract/citation-context because the record was off-topic, application-specific, secondary, sequential-only, or methodologically redundant with a verified primary anchor; it was not retained and is not used to support a substantive or absence conclusion.","LEVEL_3_DISCOVERY_ONLY","NOT_RETRIEVED","","","NONE","","audit/phase2a1_raw_search_results/DEF/PHASE2A1-SEARCH-0037_dufour_forward_openalex.json","Discovery-only; not used in synthesis or an absence conclusion."
"A1DEF-0317","D-F","PHASE2A1-SEARCH-0037","2026-07-31","OpenAlex","Frontiers in VaR forecasting and backtesting","María Rosa Nieto; Esther Ruiz","2016","10.1016/j.ijforecast.2015.08.003","https://openalex.org/W2267959203","A1-DUP-0623","A1DEF-0317","UNIQUE_OCCURRENCE","DEF","A1DEF-DUP-0284","FALSE_POSITIVE","FALSE_POSITIVE","Resolved at title/abstract/citation-context because the record was off-topic, application-specific, secondary, sequential-only, or methodologically redundant with a verified primary anchor; it was not retained and is not used to support a substantive or absence conclusion.","Resolved at title/abstract/citation-context because the record was off-topic, application-specific, secondary, sequential-only, or methodologically redundant with a verified primary anchor; it was not retained and is not used to support a substantive or absence conclusion.","LEVEL_3_DISCOVERY_ONLY","NOT_RETRIEVED","","","NONE","","audit/phase2a1_raw_search_results/DEF/PHASE2A1-SEARCH-0037_dufour_forward_openalex.json","Discovery-only; not used in synthesis or an absence conclusion."
"A1DEF-0318","D-F","PHASE2A1-SEARCH-0037","2026-07-31","OpenAlex","Backtesting Value-at-Risk: A GMM Duration-Based Test","Bertrand Candelon; Gilbert Colletaz; Christophe Hurlin; Sessi Tokpavi","2010","10.1093/jjfinec/nbq025","https://openalex.org/W2238384965","A1-DUP-0624","A1DEF-0318","UNIQUE_OCCURRENCE","DEF","A1DEF-DUP-0285","FALSE_POSITIVE","FALSE_POSITIVE","Resolved at title/abstract/citation-context because the record was off-topic, application-specific, secondary, sequential-only, or methodologically redundant with a verified primary anchor; it was not retained and is not used to support a substantive or absence conclusion.","Resolved at title/abstract/citation-context because the record was off-topic, application-specific, secondary, sequential-only, or methodologically redundant with a verified primary anchor; it was not retained and is not used to support a substantive or absence conclusion.","LEVEL_3_DISCOVERY_ONLY","NOT_RETRIEVED","","","NONE","","audit/phase2a1_raw_search_results/DEF/PHASE2A1-SEARCH-0037_dufour_forward_openalex.json","Discovery-only; not used in synthesis or an absence conclusion."
"A1DEF-0319","D-F","PHASE2A1-SEARCH-0037","2026-07-31","OpenAlex","Testing the Mantel statistic with a spatially‐constrained permutation procedure","Julie Crabot; Sylvie Clappe; Stéphane Dray; Thibault Datry","2018","10.1111/2041-210x.13141","https://openalex.org/W2905752552","A1-DUP-0625","A1DEF-0319","UNIQUE_OCCURRENCE","DEF","A1DEF-DUP-0286","FALSE_POSITIVE","FALSE_POSITIVE","Resolved at title/abstract/citation-context because the record was off-topic, application-specific, secondary, sequential-only, or methodologically redundant with a verified primary anchor; it was not retained and is not used to support a substantive or absence conclusion.","Resolved at title/abstract/citation-context because the record was off-topic, application-specific, secondary, sequential-only, or methodologically redundant with a verified primary anchor; it was not retained and is not used to support a substantive or absence conclusion.","LEVEL_3_DISCOVERY_ONLY","NOT_RETRIEVED","","","NONE","","audit/phase2a1_raw_search_results/DEF/PHASE2A1-SEARCH-0037_dufour_forward_openalex.json","Discovery-only; not used in synthesis or an absence conclusion."
"A1DEF-0320","D-F","PHASE2A1-SEARCH-0037","2026-07-31","OpenAlex","Range-based DCC models for covariance and value-at-risk forecasting","Piotr Fiszeder; Marcin Fałdziński; Péter Molnár","2019","10.1016/j.jempfin.2019.08.004","https://openalex.org/W2969443233","A1-DUP-0626","A1DEF-0320","UNIQUE_OCCURRENCE","DEF","A1DEF-DUP-0287","FALSE_POSITIVE","FALSE_POSITIVE","Resolved at title/abstract/citation-context because the record was off-topic, application-specific, secondary, sequential-only, or methodologically redundant with a verified primary anchor; it was not retained and is not used to support a substantive or absence conclusion.","Resolved at title/abstract/citation-context because the record was off-topic, application-specific, secondary, sequential-only, or methodologically redundant with a verified primary anchor; it was not retained and is not used to support a substantive or absence conclusion.","LEVEL_3_DISCOVERY_ONLY","NOT_RETRIEVED","","","NONE","","audit/phase2a1_raw_search_results/DEF/PHASE2A1-SEARCH-0037_dufour_forward_openalex.json","Discovery-only; not used in synthesis or an absence conclusion."
"A1DEF-0321","D-F","PHASE2A1-SEARCH-0037","2026-07-31","OpenAlex","Likelihood inference in some finite mixture models","Xiaohong Chen; Maria Ponomareva; Elie Tamer","2014","10.1016/j.jeconom.2014.04.010","https://openalex.org/W2268235924","A1-DUP-0627","A1DEF-0321","UNIQUE_OCCURRENCE","DEF","A1DEF-DUP-0288","FALSE_POSITIVE","FALSE_POSITIVE","Resolved at title/abstract/citation-context because the record was off-topic, application-specific, secondary, sequential-only, or methodologically redundant with a verified primary anchor; it was not retained and is not used to support a substantive or absence conclusion.","Resolved at title/abstract/citation-context because the record was off-topic, application-specific, secondary, sequential-only, or methodologically redundant with a verified primary anchor; it was not retained and is not used to support a substantive or absence conclusion.","LEVEL_3_DISCOVERY_ONLY","NOT_RETRIEVED","","","NONE","","audit/phase2a1_raw_search_results/DEF/PHASE2A1-SEARCH-0037_dufour_forward_openalex.json","Discovery-only; not used in synthesis or an absence conclusion."
"A1DEF-0322","D-F","PHASE2A1-SEARCH-0037","2026-07-31","OpenAlex","Statistical Methods for Distributional Analysis","Frank Cowell; Emmanuel Flachaire","2014","10.1016/b978-0-444-59428-0.00007-2","https://openalex.org/W2218984867","A1-DUP-0628","A1DEF-0322","UNIQUE_OCCURRENCE","DEF","A1DEF-DUP-0289","FALSE_POSITIVE","FALSE_POSITIVE","Resolved at title/abstract/citation-context because the record was off-topic, application-specific, secondary, sequential-only, or methodologically redundant with a verified primary anchor; it was not retained and is not used to support a substantive or absence conclusion.","Resolved at title/abstract/citation-context because the record was off-topic, application-specific, secondary, sequential-only, or methodologically redundant with a verified primary anchor; it was not retained and is not used to support a substantive or absence conclusion.","LEVEL_3_DISCOVERY_ONLY","NOT_RETRIEVED","","","NONE","","audit/phase2a1_raw_search_results/DEF/PHASE2A1-SEARCH-0037_dufour_forward_openalex.json","Discovery-only; not used in synthesis or an absence conclusion."
"A1DEF-0323","D-F","PHASE2A1-SEARCH-0037","2026-07-31","OpenAlex","Multivariate Tests of Mean–Variance Efficiency With Possibly Non-Gaussian Errors","Marie‐Claude Beaulieu; Jean‐Marie Dufour; Lynda Khalaf","2007","10.1198/073500106000000468","https://openalex.org/W1996821855","A1-DUP-0629","A1DEF-0323","UNIQUE_OCCURRENCE","DEF","A1DEF-DUP-0290","FALSE_POSITIVE","FALSE_POSITIVE","Resolved at title/abstract/citation-context because the record was off-topic, application-specific, secondary, sequential-only, or methodologically redundant with a verified primary anchor; it was not retained and is not used to support a substantive or absence conclusion.","Resolved at title/abstract/citation-context because the record was off-topic, application-specific, secondary, sequential-only, or methodologically redundant with a verified primary anchor; it was not retained and is not used to support a substantive or absence conclusion.","LEVEL_3_DISCOVERY_ONLY","NOT_RETRIEVED","","","NONE","","audit/phase2a1_raw_search_results/DEF/PHASE2A1-SEARCH-0037_dufour_forward_openalex.json","Discovery-only; not used in synthesis or an absence conclusion."
"A1DEF-0324","D-F","PHASE2A1-SEARCH-0037","2026-07-31","OpenAlex","Filtering Out Expected Dividends and Expected Returns","Oleg Rytchkov","2012","10.1142/s2010139212500127","https://openalex.org/W2098114674","A1-DUP-0630","A1DEF-0324","UNIQUE_OCCURRENCE","DEF","A1DEF-DUP-0291","FALSE_POSITIVE","FALSE_POSITIVE","Resolved at title/abstract/citation-context because the record was off-topic, application-specific, secondary, sequential-only, or methodologically redundant with a verified primary anchor; it was not retained and is not used to support a substantive or absence conclusion.","Resolved at title/abstract/citation-context because the record was off-topic, application-specific, secondary, sequential-only, or methodologically redundant with a verified primary anchor; it was not retained and is not used to support a substantive or absence conclusion.","LEVEL_3_DISCOVERY_ONLY","NOT_RETRIEVED","","","NONE","","audit/phase2a1_raw_search_results/DEF/PHASE2A1-SEARCH-0037_dufour_forward_openalex.json","Discovery-only; not used in synthesis or an absence conclusion."
"A1DEF-0325","D-F","PHASE2A1-SEARCH-0037","2026-07-31","OpenAlex","A new set of improved Value-at-Risk backtests","Daniel Ziggel; Tobias Berens; Gregor Weiß; Dominik Wied","2014","10.1016/j.jbankfin.2014.07.005","https://openalex.org/W3123136836","A1-DUP-0631","A1DEF-0325","UNIQUE_OCCURRENCE","DEF","A1DEF-DUP-0292","FALSE_POSITIVE","FALSE_POSITIVE","Resolved at title/abstract/citation-context because the record was off-topic, application-specific, secondary, sequential-only, or methodologically redundant with a verified primary anchor; it was not retained and is not used to support a substantive or absence conclusion.","Resolved at title/abstract/citation-context because the record was off-topic, application-specific, secondary, sequential-only, or methodologically redundant with a verified primary anchor; it was not retained and is not used to support a substantive or absence conclusion.","LEVEL_3_DISCOVERY_ONLY","NOT_RETRIEVED","","","NONE","","audit/phase2a1_raw_search_results/DEF/PHASE2A1-SEARCH-0037_dufour_forward_openalex.json","Discovery-only; not used in synthesis or an absence conclusion."
"A1DEF-0326","D-F","PHASE2A1-SEARCH-0037","2026-07-31","OpenAlex","Efficient tests of long‐run causation in trivariate VAR processes with a rolling window study of the money–income relationship","Jonathan B. Hill","2007","10.1002/jae.925","https://openalex.org/W2149114159","A1-DUP-0632","A1DEF-0326","UNIQUE_OCCURRENCE","DEF","A1DEF-DUP-0293","FALSE_POSITIVE","FALSE_POSITIVE","Resolved at title/abstract/citation-context because the record was off-topic, application-specific, secondary, sequential-only, or methodologically redundant with a verified primary anchor; it was not retained and is not used to support a substantive or absence conclusion.","Resolved at title/abstract/citation-context because the record was off-topic, application-specific, secondary, sequential-only, or methodologically redundant with a verified primary anchor; it was not retained and is not used to support a substantive or absence conclusion.","LEVEL_3_DISCOVERY_ONLY","NOT_RETRIEVED","","","NONE","","audit/phase2a1_raw_search_results/DEF/PHASE2A1-SEARCH-0037_dufour_forward_openalex.json","Discovery-only; not used in synthesis or an absence conclusion."
"A1DEF-0327","D-F","PHASE2A1-SEARCH-0037","2026-07-31","OpenAlex","Improved multivariate portmanteau test","Esam Mahdi; A. Ian McLeod","2011","10.1111/j.1467-9892.2011.00752.x","https://openalex.org/W1908079346","A1-DUP-0633","A1DEF-0327","UNIQUE_OCCURRENCE","DEF","A1DEF-DUP-0294","FALSE_POSITIVE","FALSE_POSITIVE","Resolved at title/abstract/citation-context because the record was off-topic, application-specific, secondary, sequential-only, or methodologically redundant with a verified primary anchor; it was not retained and is not used to support a substantive or absence conclusion.","Resolved at title/abstract/citation-context because the record was off-topic, application-specific, secondary, sequential-only, or methodologically redundant with a verified primary anchor; it was not retained and is not used to support a substantive or absence conclusion.","LEVEL_3_DISCOVERY_ONLY","NOT_RETRIEVED","","","NONE","","audit/phase2a1_raw_search_results/DEF/PHASE2A1-SEARCH-0037_dufour_forward_openalex.json","Discovery-only; not used in synthesis or an absence conclusion."
"A1DEF-0328","D-F","PHASE2A1-SEARCH-0037","2026-07-31","OpenAlex","Bonferroni-based size-correction for nonstandard testing problems","Adam McCloskey","2017","10.1016/j.jeconom.2017.05.001","https://openalex.org/W2145680131","A1-DUP-0634","A1DEF-0328","UNIQUE_OCCURRENCE","DEF","A1DEF-DUP-0295","FALSE_POSITIVE","FALSE_POSITIVE","Resolved at title/abstract/citation-context because the record was off-topic, application-specific, secondary, sequential-only, or methodologically redundant with a verified primary anchor; it was not retained and is not used to support a substantive or absence conclusion.","Resolved at title/abstract/citation-context because the record was off-topic, application-specific, secondary, sequential-only, or methodologically redundant with a verified primary anchor; it was not retained and is not used to support a substantive or absence conclusion.","LEVEL_3_DISCOVERY_ONLY","NOT_RETRIEVED","","","NONE","","audit/phase2a1_raw_search_results/DEF/PHASE2A1-SEARCH-0037_dufour_forward_openalex.json","Discovery-only; not used in synthesis or an absence conclusion."
"A1DEF-0329","D-F","PHASE2A1-SEARCH-0037","2026-07-31","OpenAlex","Testing for a unit root in a stationary ESTAR process","Rehim Kılıç","2011","10.1080/07474938.2011.553511","https://openalex.org/W2150258130","A1-DUP-0635","A1DEF-0329","UNIQUE_OCCURRENCE","DEF","A1DEF-DUP-0296","FALSE_POSITIVE","FALSE_POSITIVE","Resolved at title/abstract/citation-context because the record was off-topic, application-specific, secondary, sequential-only, or methodologically redundant with a verified primary anchor; it was not retained and is not used to support a substantive or absence conclusion.","Resolved at title/abstract/citation-context because the record was off-topic, application-specific, secondary, sequential-only, or methodologically redundant with a verified primary anchor; it was not retained and is not used to support a substantive or absence conclusion.","LEVEL_3_DISCOVERY_ONLY","NOT_RETRIEVED","","","NONE","","audit/phase2a1_raw_search_results/DEF/PHASE2A1-SEARCH-0037_dufour_forward_openalex.json","Discovery-only; not used in synthesis or an absence conclusion."
"A1DEF-0330","D-F","PHASE2A1-SEARCH-0037","2026-07-31","OpenAlex","Exact computation of max weighted score estimators","Kostas Florios; Spyros Skouras","2008","10.1016/j.jeconom.2008.05.018","https://openalex.org/W2072812988","A1-DUP-0636","A1DEF-0330","UNIQUE_OCCURRENCE","DEF","A1DEF-DUP-0297","FALSE_POSITIVE","FALSE_POSITIVE","Resolved at title/abstract/citation-context because the record was off-topic, application-specific, secondary, sequential-only, or methodologically redundant with a verified primary anchor; it was not retained and is not used to support a substantive or absence conclusion.","Resolved at title/abstract/citation-context because the record was off-topic, application-specific, secondary, sequential-only, or methodologically redundant with a verified primary anchor; it was not retained and is not used to support a substantive or absence conclusion.","LEVEL_3_DISCOVERY_ONLY","NOT_RETRIEVED","","","NONE","","audit/phase2a1_raw_search_results/DEF/PHASE2A1-SEARCH-0037_dufour_forward_openalex.json","Discovery-only; not used in synthesis or an absence conclusion."
"A1DEF-0331","D-F","PHASE2A1-SEARCH-0037","2026-07-31","OpenAlex","Backtesting value-at-risk accuracy: a simple new test","Christophe Hurlin; Sessi Tokpavi","2007","10.21314/jor.2007.148","https://openalex.org/W2307270787","A1-DUP-0637","A1DEF-0331","UNIQUE_OCCURRENCE","DEF","A1DEF-DUP-0298","FALSE_POSITIVE","FALSE_POSITIVE","Resolved at title/abstract/citation-context because the record was off-topic, application-specific, secondary, sequential-only, or methodologically redundant with a verified primary anchor; it was not retained and is not used to support a substantive or absence conclusion.","Resolved at title/abstract/citation-context because the record was off-topic, application-specific, secondary, sequential-only, or methodologically redundant with a verified primary anchor; it was not retained and is not used to support a substantive or absence conclusion.","LEVEL_3_DISCOVERY_ONLY","NOT_RETRIEVED","","","NONE","","audit/phase2a1_raw_search_results/DEF/PHASE2A1-SEARCH-0037_dufour_forward_openalex.json","Discovery-only; not used in synthesis or an absence conclusion."
"A1DEF-0332","D-F","PHASE2A1-SEARCH-0037","2026-07-31","OpenAlex","Backtesting Value-at-Risk: From Dynamic Quantile to Dynamic Binary Tests","Elena-Ivona Dumitrescu; Christophe Hurlin; Vinson Pham","2012","10.3917/fina.331.0079","https://openalex.org/W1897669597","A1-DUP-0638","A1DEF-0332","UNIQUE_OCCURRENCE","DEF","A1DEF-DUP-0299","FALSE_POSITIVE","FALSE_POSITIVE","Resolved at title/abstract/citation-context because the record was off-topic, application-specific, secondary, sequential-only, or methodologically redundant with a verified primary anchor; it was not retained and is not used to support a substantive or absence conclusion.","Resolved at title/abstract/citation-context because the record was off-topic, application-specific, secondary, sequential-only, or methodologically redundant with a verified primary anchor; it was not retained and is not used to support a substantive or absence conclusion.","LEVEL_3_DISCOVERY_ONLY","NOT_RETRIEVED","","","NONE","","audit/phase2a1_raw_search_results/DEF/PHASE2A1-SEARCH-0037_dufour_forward_openalex.json","Discovery-only; not used in synthesis or an absence conclusion."
"A1DEF-0333","D-F","PHASE2A1-SEARCH-0037","2026-07-31","OpenAlex","A unified approach to investigate pure and wake-up-call contagion: Evidence from the Eurozone's first financial crisis","Alexander Ludwig","2014","10.1016/j.jimonfin.2014.07.008","https://openalex.org/W2000700623","A1-DUP-0639","A1DEF-0333","UNIQUE_OCCURRENCE","DEF","A1DEF-DUP-0300","FALSE_POSITIVE","FALSE_POSITIVE","Resolved at title/abstract/citation-context because the record was off-topic, application-specific, secondary, sequential-only, or methodologically redundant with a verified primary anchor; it was not retained and is not used to support a substantive or absence conclusion.","Resolved at title/abstract/citation-context because the record was off-topic, application-specific, secondary, sequential-only, or methodologically redundant with a verified primary anchor; it was not retained and is not used to support a substantive or absence conclusion.","LEVEL_3_DISCOVERY_ONLY","NOT_RETRIEVED","","","NONE","","audit/phase2a1_raw_search_results/DEF/PHASE2A1-SEARCH-0037_dufour_forward_openalex.json","Discovery-only; not used in synthesis or an absence conclusion."
"A1DEF-0334","D-F","PHASE2A1-SEARCH-0037","2026-07-31","OpenAlex","Asymmetric multivariate normal mixture GARCH","Markus Haas; Stefan Mittnik; Marc S. Paolella","2008","10.1016/j.csda.2007.12.018","https://openalex.org/W2125420460","A1-DUP-0640","A1DEF-0334","UNIQUE_OCCURRENCE","DEF","A1DEF-DUP-0301","FALSE_POSITIVE","FALSE_POSITIVE","Resolved at title/abstract/citation-context because the record was off-topic, application-specific, secondary, sequential-only, or methodologically redundant with a verified primary anchor; it was not retained and is not used to support a substantive or absence conclusion.","Resolved at title/abstract/citation-context because the record was off-topic, application-specific, secondary, sequential-only, or methodologically redundant with a verified primary anchor; it was not retained and is not used to support a substantive or absence conclusion.","LEVEL_3_DISCOVERY_ONLY","NOT_RETRIEVED","","","NONE","","audit/phase2a1_raw_search_results/DEF/PHASE2A1-SEARCH-0037_dufour_forward_openalex.json","Discovery-only; not used in synthesis or an absence conclusion."
"A1DEF-0335","D-F","PHASE2A1-SEARCH-0037","2026-07-31","OpenAlex","Volatility and quantile forecasts by realized stochastic volatility models with generalized hyperbolic distribution","Makoto Takahashi; Toshiaki Watanabe; Yasuhiro Omori","2016","10.1016/j.ijforecast.2015.07.005","https://openalex.org/W1519158075","A1-DUP-0641","A1DEF-0335","UNIQUE_OCCURRENCE","DEF","A1DEF-DUP-0302","FALSE_POSITIVE","FALSE_POSITIVE","Resolved at title/abstract/citation-context because the record was off-topic, application-specific, secondary, sequential-only, or methodologically redundant with a verified primary anchor; it was not retained and is not used to support a substantive or absence conclusion.","Resolved at title/abstract/citation-context because the record was off-topic, application-specific, secondary, sequential-only, or methodologically redundant with a verified primary anchor; it was not retained and is not used to support a substantive or absence conclusion.","LEVEL_3_DISCOVERY_ONLY","NOT_RETRIEVED","","","NONE","","audit/phase2a1_raw_search_results/DEF/PHASE2A1-SEARCH-0037_dufour_forward_openalex.json","Discovery-only; not used in synthesis or an absence conclusion."
"A1DEF-0336","D-F","PHASE2A1-SEARCH-0037","2026-07-31","OpenAlex","Testing for Granger causality in distribution tails: An application to oil markets integration","Bertrand Candelon; Marc Joëts; Sessi Tokpavi","2012","10.1016/j.econmod.2012.11.049","https://openalex.org/W2120803614","A1-DUP-0642","A1DEF-0336","UNIQUE_OCCURRENCE","DEF","A1DEF-DUP-0303","FALSE_POSITIVE","FALSE_POSITIVE","Resolved at title/abstract/citation-context because the record was off-topic, application-specific, secondary, sequential-only, or methodologically redundant with a verified primary anchor; it was not retained and is not used to support a substantive or absence conclusion.","Resolved at title/abstract/citation-context because the record was off-topic, application-specific, secondary, sequential-only, or methodologically redundant with a verified primary anchor; it was not retained and is not used to support a substantive or absence conclusion.","LEVEL_3_DISCOVERY_ONLY","NOT_RETRIEVED","","","NONE","","audit/phase2a1_raw_search_results/DEF/PHASE2A1-SEARCH-0037_dufour_forward_openalex.json","Discovery-only; not used in synthesis or an absence conclusion."
"A1DEF-0337","D-F","PHASE2A1-SEARCH-0037","2026-07-31","Crossref","Robust Hypothesis Testing with &lt;inline-formula&gt; &lt;tex-math notation=""LaTeX""&gt;$\alpha $&lt;/tex-math&gt; &lt;/inline-formula&gt;-Divergence","Gokhan Gul; Abdelhak M. Zoubir","2016","10.1109/tsp.2016.2569405","https://doi.org/10.1109/tsp.2016.2569405","A1-DUP-0643","A1DEF-0337","UNIQUE_OCCURRENCE","DEF","A1DEF-DUP-0304","FULL_TEXT_INCLUDED","FULL_TEXT_INCLUDED","","","LEVEL_1_LOAD_BEARING","AUTHOR_MANUSCRIPT_FULL_TEXT_INSPECTED","Section II uncertainty sets and saddle problem; Theorem 1 (least-favourable densities and test); maximum-uncertainty/overlap calculation in the robustness-range section.","P0065","EXISTING_CORPUS_RECORD","NEW_CORPUS_CANDIDATE","audit/phase2a1_raw_search_results/DEF/PHASE2A1-SEARCH-0037_gul_zoubir_alpha_crossref.json","Exact one-observation minimax robust test for alpha-divergence neighborhoods; no established product-n or heterogeneous design guarantee."
"A1DEF-0338","D-F","PHASE2A1-SEARCH-0037","2026-07-31","Crossref","Minimax Robust Hypothesis Testing","Gokhan Gul; Abdelhak M. Zoubir","2017","10.1109/tit.2017.2693198","https://doi.org/10.1109/tit.2017.2693198","A1-DUP-0070","A1AC-0080","NORMALIZED_DOI","DEF","A1DEF-DUP-0305","FALSE_POSITIVE","DUPLICATE","Resolved at title/abstract/citation-context because the record was off-topic, application-specific, secondary, sequential-only, or methodologically redundant with a verified primary anchor; it was not retained and is not used to support a substantive or absence conclusion.","CROSS_WORKSTREAM_DUPLICATE_OF=A1AC-0080;MATCH_BASIS=NORMALIZED_DOI;SOURCE_DISPOSITION=FALSE_POSITIVE","LEVEL_3_DISCOVERY_ONLY","NOT_RETRIEVED","","","DUPLICATE_OF_EXISTING_CORPUS","","audit/phase2a1_raw_search_results/DEF/PHASE2A1-SEARCH-0037_gul_zoubir_minimax_crossref.json","Discovery-only; not used in synthesis or an absence conclusion."
"A1DEF-0339","D-F","PHASE2A1-SEARCH-0038","2026-07-31","OpenAlex","Non-asymptotic minimax rates of testing in signal detection","Yannick Baraud","2002","https://openalex.org/W1591122161","https://openalex.org/W1591122161","A1-DUP-0644","A1DEF-0339","SOURCE_LEDGER_GROUP","DEF","A1DEF-DUP-0306","FULL_TEXT_INCLUDED","FULL_TEXT_INCLUDED","","","LEVEL_1_LOAD_BEARING","OFFICIAL_REPOSITORY_FULL_TEXT_INSPECTED","Section 1 equations (1)-(2); Proposition 1 and Theorem 1 pp. 4-5 equations (5)-(7) lower bound; Proposition 2 pp. 5-6 equations (8)-(10) constructive chi-square test; Propositions 3-4 pp. 7-8.","P0066","EXISTING_CORPUS_RECORD","NEW_CORPUS_CANDIDATE","audit/phase2a1_raw_search_results/DEF/PHASE2A1-SEARCH-0038_baraud_anchor_exact_openalex.json","Nonasymptotic minimax upper and lower bounds for a simple Gaussian null versus geometric composite alternatives."
"A1DEF-0340","D-F","PHASE2A1-SEARCH-0038","2026-07-31","OpenAlex","Non-asymptotic minimax rates of testing in signal detection","Yannick Baraud","2002","https://openalex.org/W1591122161","https://openalex.org/W1591122161","A1-DUP-0644","A1DEF-0339","SOURCE_LEDGER_GROUP","DEF","A1DEF-DUP-0306","DUPLICATE","DUPLICATE","Duplicate occurrence of a record already dispositioned in this prospective ledger.","Duplicate occurrence of a record already dispositioned in this prospective ledger.","LEVEL_3_DISCOVERY_ONLY","NOT_APPLICABLE","","","NONE","","audit/phase2a1_raw_search_results/DEF/PHASE2A1-SEARCH-0038_baraud_anchor_openalex.json","Duplicate search occurrence; retained evidence is attached to the first occurrence."
"A1DEF-0341","D-F","PHASE2A1-SEARCH-0038","2026-07-31","OpenAlex","Optimal change-point detection and localization","Nicolas Verzélen; Magalie Fromont; Matthieu Lerasle; Patricia Reynaud-Bouret","2023","10.1214/23-aos2297","https://openalex.org/W3094239884","A1-DUP-0645","A1DEF-0341","SOURCE_LEDGER_GROUP","DEF","A1DEF-DUP-0307","FALSE_POSITIVE","FALSE_POSITIVE","Resolved at title/abstract/citation-context because the record was off-topic, application-specific, secondary, sequential-only, or methodologically redundant with a verified primary anchor; it was not retained and is not used to support a substantive or absence conclusion.","Resolved at title/abstract/citation-context because the record was off-topic, application-specific, secondary, sequential-only, or methodologically redundant with a verified primary anchor; it was not retained and is not used to support a substantive or absence conclusion.","LEVEL_3_DISCOVERY_ONLY","NOT_RETRIEVED","","","NONE","","audit/phase2a1_raw_search_results/DEF/PHASE2A1-SEARCH-0038_baraud_anchor_openalex.json","Discovery-only; not used in synthesis or an absence conclusion."
"A1DEF-0342","D-F","PHASE2A1-SEARCH-0038","2026-07-31","OpenAlex","Adaptive tests of linear hypotheses by model selection","Yannick Baraud; Sylvie Huet; Béatrice Laurent","2003","10.1214/aos/1046294463","https://openalex.org/W2116029813","A1-DUP-0646","A1DEF-0342","SOURCE_LEDGER_GROUP","DEF","A1DEF-DUP-0308","FULL_TEXT_INCLUDED","FULL_TEXT_INCLUDED","","","LEVEL_1_LOAD_BEARING","OFFICIAL_REPOSITORY_FULL_TEXT_INSPECTED","Section 2 equations (2)-(5) exact level; Theorem 1 pp.230-231 finite-n power set; Proposition 1 p.231; Corollaries 1-2 pp.233-236; explicit restriction to IID Gaussian errors p.227.","P0067","EXISTING_CORPUS_RECORD","NEW_CORPUS_CANDIDATE","audit/phase2a1_raw_search_results/DEF/PHASE2A1-SEARCH-0038_baraud_anchor_openalex.json","Constructive nonasymptotic test of a composite linear-subspace null with unknown common variance and explicit power conditions; model-specific, IID Gaussian."
"A1DEF-0343","D-F","PHASE2A1-SEARCH-0038","2026-07-31","OpenAlex","Minimax optimal conditional independence testing","Matey Neykov; Sivaraman Balakrishnan; Larry Wasserman","2021","10.1214/20-aos2030","https://openalex.org/W2999595535","A1-DUP-0647","A1DEF-0343","UNIQUE_OCCURRENCE","DEF","A1DEF-DUP-0309","FALSE_POSITIVE","FALSE_POSITIVE","Resolved at title/abstract/citation-context because the record was off-topic, application-specific, secondary, sequential-only, or methodologically redundant with a verified primary anchor; it was not retained and is not used to support a substantive or absence conclusion.","Resolved at title/abstract/citation-context because the record was off-topic, application-specific, secondary, sequential-only, or methodologically redundant with a verified primary anchor; it was not retained and is not used to support a substantive or absence conclusion.","LEVEL_3_DISCOVERY_ONLY","NOT_RETRIEVED","","","NONE","","audit/phase2a1_raw_search_results/DEF/PHASE2A1-SEARCH-0038_baraud_anchor_openalex.json","Discovery-only; not used in synthesis or an absence conclusion."
"A1DEF-0344","D-F","PHASE2A1-SEARCH-0038","2026-07-31","OpenAlex","Minimax risks for sparse regressions: Ultra-high dimensional phenomenons","Nicolas Verzélen","2012","10.1214/12-ejs666","https://openalex.org/W1992898147","A1-DUP-0156","A1AC-0180","SOURCE_LEDGER_GROUP;NORMALIZED_DOI","DEF","A1DEF-DUP-0111","DUPLICATE","DUPLICATE","Duplicate occurrence of a record already dispositioned in this prospective ledger.","Duplicate occurrence of a record already dispositioned in this prospective ledger.","LEVEL_3_DISCOVERY_ONLY","NOT_APPLICABLE","","","NONE","","audit/phase2a1_raw_search_results/DEF/PHASE2A1-SEARCH-0038_baraud_anchor_openalex.json","Duplicate search occurrence; retained evidence is attached to the first occurrence."
"A1DEF-0345","D-F","PHASE2A1-SEARCH-0038","2026-07-31","OpenAlex","Exchangeability and related topics","David Aldous","1985","10.1007/bfb0099421","https://openalex.org/W263845233","A1-DUP-0648","A1DEF-0345","UNIQUE_OCCURRENCE","DEF","A1DEF-DUP-0310","FALSE_POSITIVE","FALSE_POSITIVE","Resolved at title/abstract/citation-context because the record was off-topic, application-specific, secondary, sequential-only, or methodologically redundant with a verified primary anchor; it was not retained and is not used to support a substantive or absence conclusion.","Resolved at title/abstract/citation-context because the record was off-topic, application-specific, secondary, sequential-only, or methodologically redundant with a verified primary anchor; it was not retained and is not used to support a substantive or absence conclusion.","LEVEL_3_DISCOVERY_ONLY","NOT_RETRIEVED","","","NONE","","audit/phase2a1_raw_search_results/DEF/PHASE2A1-SEARCH-0038_baraud_backward_openalex.json","Discovery-only; not used in synthesis or an absence conclusion."
"A1DEF-0346","D-F","PHASE2A1-SEARCH-0038","2026-07-31","OpenAlex","Asymptotic Methods in Statistical Decision Theory","Lucien Le Cam","1986","10.1007/978-1-4612-4946-7","https://openalex.org/W1535258871","A1-DUP-0303","A1AC-0354","SOURCE_LEDGER_GROUP;NORMALIZED_DOI","DEF","A1DEF-DUP-0311","FALSE_POSITIVE","DUPLICATE","Resolved at title/abstract/citation-context because the record was off-topic, application-specific, secondary, sequential-only, or methodologically redundant with a verified primary anchor; it was not retained and is not used to support a substantive or absence conclusion.","CROSS_WORKSTREAM_DUPLICATE_OF=A1AC-0354;MATCH_BASIS=SOURCE_LEDGER_GROUP;NORMALIZED_DOI;SOURCE_DISPOSITION=FALSE_POSITIVE","LEVEL_3_DISCOVERY_ONLY","NOT_RETRIEVED","","","NONE","","audit/phase2a1_raw_search_results/DEF/PHASE2A1-SEARCH-0038_baraud_backward_openalex.json","Discovery-only; not used in synthesis or an absence conclusion."
"A1DEF-0347","D-F","PHASE2A1-SEARCH-0038","2026-07-31","OpenAlex","Adaptive estimation of a quadratic functional by model selection","Béatrice Laurent; Pascal Massart","2000","10.1214/aos/1015957395","https://openalex.org/W1560153690","A1-DUP-0649","A1DEF-0347","SOURCE_LEDGER_GROUP","DEF","A1DEF-DUP-0312","FALSE_POSITIVE","FALSE_POSITIVE","Resolved at title/abstract/citation-context because the record was off-topic, application-specific, secondary, sequential-only, or methodologically redundant with a verified primary anchor; it was not retained and is not used to support a substantive or absence conclusion.","Resolved at title/abstract/citation-context because the record was off-topic, application-specific, secondary, sequential-only, or methodologically redundant with a verified primary anchor; it was not retained and is not used to support a substantive or absence conclusion.","LEVEL_3_DISCOVERY_ONLY","NOT_RETRIEVED","","","NONE","","audit/phase2a1_raw_search_results/DEF/PHASE2A1-SEARCH-0038_baraud_backward_openalex.json","Discovery-only; not used in synthesis or an absence conclusion."
"A1DEF-0348","D-F","PHASE2A1-SEARCH-0038","2026-07-31","OpenAlex","Minimax estimation via wavelet shrinkage","David L. Donoho; Iain M. Johnstone","1998","10.1214/aos/1024691081","https://openalex.org/W2033484654","A1-DUP-0650","A1DEF-0348","UNIQUE_OCCURRENCE","DEF","A1DEF-DUP-0313","FALSE_POSITIVE","FALSE_POSITIVE","Resolved at title/abstract/citation-context because the record was off-topic, application-specific, secondary, sequential-only, or methodologically redundant with a verified primary anchor; it was not retained and is not used to support a substantive or absence conclusion.","Resolved at title/abstract/citation-context because the record was off-topic, application-specific, secondary, sequential-only, or methodologically redundant with a verified primary anchor; it was not retained and is not used to support a substantive or absence conclusion.","LEVEL_3_DISCOVERY_ONLY","NOT_RETRIEVED","","","NONE","","audit/phase2a1_raw_search_results/DEF/PHASE2A1-SEARCH-0038_baraud_backward_openalex.json","Discovery-only; not used in synthesis or an absence conclusion."
"A1DEF-0349","D-F","PHASE2A1-SEARCH-0038","2026-07-31","OpenAlex","Gaussian model selection","Lucien Birgé; Pascal Massart","2001","10.1007/s100970100031","https://openalex.org/W1995771589","A1-DUP-0651","A1DEF-0349","UNIQUE_OCCURRENCE","DEF","A1DEF-DUP-0314","FALSE_POSITIVE","FALSE_POSITIVE","Resolved at title/abstract/citation-context because the record was off-topic, application-specific, secondary, sequential-only, or methodologically redundant with a verified primary anchor; it was not retained and is not used to support a substantive or absence conclusion.","Resolved at title/abstract/citation-context because the record was off-topic, application-specific, secondary, sequential-only, or methodologically redundant with a verified primary anchor; it was not retained and is not used to support a substantive or absence conclusion.","LEVEL_3_DISCOVERY_ONLY","NOT_RETRIEVED","","","NONE","","audit/phase2a1_raw_search_results/DEF/PHASE2A1-SEARCH-0038_baraud_backward_openalex.json","Discovery-only; not used in synthesis or an absence conclusion."
"A1DEF-0350","D-F","PHASE2A1-SEARCH-0038","2026-07-31","OpenAlex","Adaptive hypothesis testing using wavelets","Vladimir Spokoiny","1996","10.1214/aos/1032181163","https://openalex.org/W1973598141","A1-DUP-0652","A1DEF-0350","SOURCE_LEDGER_GROUP","DEF","A1DEF-DUP-0315","FALSE_POSITIVE","FALSE_POSITIVE","Resolved at title/abstract/citation-context because the record was off-topic, application-specific, secondary, sequential-only, or methodologically redundant with a verified primary anchor; it was not retained and is not used to support a substantive or absence conclusion.","Resolved at title/abstract/citation-context because the record was off-topic, application-specific, secondary, sequential-only, or methodologically redundant with a verified primary anchor; it was not retained and is not used to support a substantive or absence conclusion.","LEVEL_3_DISCOVERY_ONLY","NOT_RETRIEVED","","","NONE","","audit/phase2a1_raw_search_results/DEF/PHASE2A1-SEARCH-0038_baraud_backward_openalex.json","Discovery-only; not used in synthesis or an absence conclusion."
"A1DEF-0351","D-F","PHASE2A1-SEARCH-0038","2026-07-31","OpenAlex","An alternative point of view on Lepski's method","Lucien Birgé","2001","10.1214/lnms/1215090065","https://openalex.org/W2111992537","A1-DUP-0653","A1DEF-0351","UNIQUE_OCCURRENCE","DEF","A1DEF-DUP-0316","FALSE_POSITIVE","FALSE_POSITIVE","Resolved at title/abstract/citation-context because the record was off-topic, application-specific, secondary, sequential-only, or methodologically redundant with a verified primary anchor; it was not retained and is not used to support a substantive or absence conclusion.","Resolved at title/abstract/citation-context because the record was off-topic, application-specific, secondary, sequential-only, or methodologically redundant with a verified primary anchor; it was not retained and is not used to support a substantive or absence conclusion.","LEVEL_3_DISCOVERY_ONLY","NOT_RETRIEVED","","","NONE","","audit/phase2a1_raw_search_results/DEF/PHASE2A1-SEARCH-0038_baraud_backward_openalex.json","Discovery-only; not used in synthesis or an absence conclusion."
"A1DEF-0352","D-F","PHASE2A1-SEARCH-0038","2026-07-31","OpenAlex","Adaptive tests of linear hypotheses by model selection","Yannick Baraud; Sylvie Huet; Béatrice Laurent","2003","10.1214/aos/1046294463","https://openalex.org/W2116029813","A1-DUP-0646","A1DEF-0342","SOURCE_LEDGER_GROUP","DEF","A1DEF-DUP-0308","DUPLICATE","DUPLICATE","Duplicate occurrence of a record already dispositioned in this prospective ledger.","Duplicate occurrence of a record already dispositioned in this prospective ledger.","LEVEL_3_DISCOVERY_ONLY","NOT_APPLICABLE","","","DUPLICATE_OF_EXISTING_CORPUS","","audit/phase2a1_raw_search_results/DEF/PHASE2A1-SEARCH-0038_baraud_backward_openalex.json","Duplicate search occurrence; retained evidence is attached to the first occurrence."
"A1DEF-0353","D-F","PHASE2A1-SEARCH-0038","2026-07-31","OpenAlex","Minimax Detection of a Signal In a Gaussian White Noise","Mikhail Ermakov","1991","10.1137/1135098","https://openalex.org/W2052013665","A1-DUP-0654","A1DEF-0353","SOURCE_LEDGER_GROUP","DEF","A1DEF-DUP-0317","FALSE_POSITIVE","FALSE_POSITIVE","Resolved at title/abstract/citation-context because the record was off-topic, application-specific, secondary, sequential-only, or methodologically redundant with a verified primary anchor; it was not retained and is not used to support a substantive or absence conclusion.","Resolved at title/abstract/citation-context because the record was off-topic, application-specific, secondary, sequential-only, or methodologically redundant with a verified primary anchor; it was not retained and is not used to support a substantive or absence conclusion.","LEVEL_3_DISCOVERY_ONLY","NOT_RETRIEVED","","","NONE","","audit/phase2a1_raw_search_results/DEF/PHASE2A1-SEARCH-0038_baraud_backward_openalex.json","Discovery-only; not used in synthesis or an absence conclusion."
"A1DEF-0354","D-F","PHASE2A1-SEARCH-0038","2026-07-31","OpenAlex","Minimax Nonparametric Hypothesis Testing: The Case of an Inhomogeneous Alternative","Oleg Lepski; Vladimir Spokoiny","1999","10.2307/3318439","https://openalex.org/W1997875843","A1-DUP-0448","A1DEF-0091","SOURCE_LEDGER_GROUP","DEF","A1DEF-DUP-0087","DUPLICATE","DUPLICATE","Duplicate occurrence of a record already dispositioned in this prospective ledger.","Duplicate occurrence of a record already dispositioned in this prospective ledger.","LEVEL_3_DISCOVERY_ONLY","NOT_APPLICABLE","","","NONE","","audit/phase2a1_raw_search_results/DEF/PHASE2A1-SEARCH-0038_baraud_backward_openalex.json","Duplicate search occurrence; retained evidence is attached to the first occurrence."
"A1DEF-0355","D-F","PHASE2A1-SEARCH-0038","2026-07-31","OpenAlex","A New Test of Linear Hypothesis in Regression","Yannick Baraud; Sylvie Huet; Béatrice Laurent","2002","10.1007/978-1-4612-0103-8_15","https://openalex.org/W165709456","A1-DUP-0655","A1DEF-0355","UNIQUE_OCCURRENCE","DEF","A1DEF-DUP-0318","FALSE_POSITIVE","FALSE_POSITIVE","Resolved at title/abstract/citation-context because the record was off-topic, application-specific, secondary, sequential-only, or methodologically redundant with a verified primary anchor; it was not retained and is not used to support a substantive or absence conclusion.","Resolved at title/abstract/citation-context because the record was off-topic, application-specific, secondary, sequential-only, or methodologically redundant with a verified primary anchor; it was not retained and is not used to support a substantive or absence conclusion.","LEVEL_3_DISCOVERY_ONLY","NOT_RETRIEVED","","","NONE","","audit/phase2a1_raw_search_results/DEF/PHASE2A1-SEARCH-0038_baraud_backward_openalex.json","Discovery-only; not used in synthesis or an absence conclusion."
"A1DEF-0356","D-F","PHASE2A1-SEARCH-0038","2026-07-31","OpenAlex","Testing Statistical Hypotheses","Magdalena Niewiadomska-Bugaj; Robert Bartoszynski","2021","10.1002/9781119243830.ch12","https://openalex.org/W2045638068","A1-DUP-0298","A1AC-0347","NORMALIZED_DOI","DEF","A1DEF-DUP-0319","FALSE_POSITIVE","DUPLICATE","Resolved at title/abstract/citation-context because the record was off-topic, application-specific, secondary, sequential-only, or methodologically redundant with a verified primary anchor; it was not retained and is not used to support a substantive or absence conclusion.","CROSS_WORKSTREAM_DUPLICATE_OF=A1AC-0347;MATCH_BASIS=NORMALIZED_DOI;SOURCE_DISPOSITION=FALSE_POSITIVE","LEVEL_3_DISCOVERY_ONLY","NOT_RETRIEVED","","","NONE","","audit/phase2a1_raw_search_results/DEF/PHASE2A1-SEARCH-0038_baraud_backward_openalex.json","Discovery-only; not used in synthesis or an absence conclusion."
"A1DEF-0357","D-F","PHASE2A1-SEARCH-0038","2026-07-31","OpenAlex","Mathematical Foundations of Infinite-Dimensional Statistical Models","Evarist Giné; Richard Nickl","2015","10.1017/cbo9781107337862","https://openalex.org/W2344998188","A1-DUP-0656","A1DEF-0357","SOURCE_LEDGER_GROUP","DEF","A1DEF-DUP-0320","FALSE_POSITIVE","FALSE_POSITIVE","Resolved at title/abstract/citation-context because the record was off-topic, application-specific, secondary, sequential-only, or methodologically redundant with a verified primary anchor; it was not retained and is not used to support a substantive or absence conclusion.","Resolved at title/abstract/citation-context because the record was off-topic, application-specific, secondary, sequential-only, or methodologically redundant with a verified primary anchor; it was not retained and is not used to support a substantive or absence conclusion.","LEVEL_3_DISCOVERY_ONLY","NOT_RETRIEVED","","","NONE","","audit/phase2a1_raw_search_results/DEF/PHASE2A1-SEARCH-0038_baraud_forward_openalex.json","Discovery-only; not used in synthesis or an absence conclusion."
"A1DEF-0358","D-F","PHASE2A1-SEARCH-0038","2026-07-31","OpenAlex","Optimal detection of sparse principal components in high dimension","Quentin Berthet; Philippe Rigollet","2013","10.1214/13-aos1127","https://openalex.org/W2006452405","A1-DUP-0657","A1DEF-0358","UNIQUE_OCCURRENCE","DEF","A1DEF-DUP-0321","FALSE_POSITIVE","FALSE_POSITIVE","Resolved at title/abstract/citation-context because the record was off-topic, application-specific, secondary, sequential-only, or methodologically redundant with a verified primary anchor; it was not retained and is not used to support a substantive or absence conclusion.","Resolved at title/abstract/citation-context because the record was off-topic, application-specific, secondary, sequential-only, or methodologically redundant with a verified primary anchor; it was not retained and is not used to support a substantive or absence conclusion.","LEVEL_3_DISCOVERY_ONLY","NOT_RETRIEVED","","","NONE","","audit/phase2a1_raw_search_results/DEF/PHASE2A1-SEARCH-0038_baraud_forward_openalex.json","Discovery-only; not used in synthesis or an absence conclusion."
"A1DEF-0359","D-F","PHASE2A1-SEARCH-0038","2026-07-31","OpenAlex","Two-Sample Covariance Matrix Testing and Support Recovery in High-Dimensional and Sparse Settings","Tommaso Cai; Weidong Liu; Xia Yin","2013","10.1080/01621459.2012.758041","https://openalex.org/W1992362262","A1-DUP-0658","A1DEF-0359","UNIQUE_OCCURRENCE","DEF","A1DEF-DUP-0322","FALSE_POSITIVE","FALSE_POSITIVE","Resolved at title/abstract/citation-context because the record was off-topic, application-specific, secondary, sequential-only, or methodologically redundant with a verified primary anchor; it was not retained and is not used to support a substantive or absence conclusion.","Resolved at title/abstract/citation-context because the record was off-topic, application-specific, secondary, sequential-only, or methodologically redundant with a verified primary anchor; it was not retained and is not used to support a substantive or absence conclusion.","LEVEL_3_DISCOVERY_ONLY","NOT_RETRIEVED","","","NONE","","audit/phase2a1_raw_search_results/DEF/PHASE2A1-SEARCH-0038_baraud_forward_openalex.json","Discovery-only; not used in synthesis or an absence conclusion."
"A1DEF-0360","D-F","PHASE2A1-SEARCH-0038","2026-07-31","OpenAlex","Confidence intervals for high-dimensional linear regression: Minimax rates and adaptivity","Tommaso Cai; Zijian Guo","2017","10.1214/16-aos1461","https://openalex.org/W1666335228","A1-DUP-0659","A1DEF-0360","UNIQUE_OCCURRENCE","DEF","A1DEF-DUP-0323","FALSE_POSITIVE","FALSE_POSITIVE","Resolved at title/abstract/citation-context because the record was off-topic, application-specific, secondary, sequential-only, or methodologically redundant with a verified primary anchor; it was not retained and is not used to support a substantive or absence conclusion.","Resolved at title/abstract/citation-context because the record was off-topic, application-specific, secondary, sequential-only, or methodologically redundant with a verified primary anchor; it was not retained and is not used to support a substantive or absence conclusion.","LEVEL_3_DISCOVERY_ONLY","NOT_RETRIEVED","","","NONE","","audit/phase2a1_raw_search_results/DEF/PHASE2A1-SEARCH-0038_baraud_forward_openalex.json","Discovery-only; not used in synthesis or an absence conclusion."
"A1DEF-0361","D-F","PHASE2A1-SEARCH-0038","2026-07-31","OpenAlex","Testing differential networks with applications to the detection of gene-gene interactions","Xia Yin; Tianxi Cai; Tommaso Cai","2015","10.1093/biomet/asu074","https://openalex.org/W2063751559","A1-DUP-0660","A1DEF-0361","UNIQUE_OCCURRENCE","DEF","A1DEF-DUP-0324","FALSE_POSITIVE","FALSE_POSITIVE","Resolved at title/abstract/citation-context because the record was off-topic, application-specific, secondary, sequential-only, or methodologically redundant with a verified primary anchor; it was not retained and is not used to support a substantive or absence conclusion.","Resolved at title/abstract/citation-context because the record was off-topic, application-specific, secondary, sequential-only, or methodologically redundant with a verified primary anchor; it was not retained and is not used to support a substantive or absence conclusion.","LEVEL_3_DISCOVERY_ONLY","NOT_RETRIEVED","","","NONE","","audit/phase2a1_raw_search_results/DEF/PHASE2A1-SEARCH-0038_baraud_forward_openalex.json","Discovery-only; not used in synthesis or an absence conclusion."
"A1DEF-0362","D-F","PHASE2A1-SEARCH-0038","2026-07-31","OpenAlex","On combinatorial testing problems","Louigi Addario‐Berry; Nicolas Broutin; Luc Devroye; Gábor Lugosi","2010","10.1214/10-aos817","https://openalex.org/W2166043450","A1-DUP-0038","A1AC-0039","SOURCE_LEDGER_GROUP;NORMALIZED_DOI","DEF","A1DEF-DUP-0107","DUPLICATE","DUPLICATE","Duplicate occurrence of a record already dispositioned in this prospective ledger.","Duplicate occurrence of a record already dispositioned in this prospective ledger.","LEVEL_3_DISCOVERY_ONLY","NOT_APPLICABLE","","","DUPLICATE_OF_EXISTING_CORPUS","","audit/phase2a1_raw_search_results/DEF/PHASE2A1-SEARCH-0038_baraud_forward_openalex.json","Duplicate search occurrence; retained evidence is attached to the first occurrence."
"A1DEF-0363","D-F","PHASE2A1-SEARCH-0038","2026-07-31","OpenAlex","High-dimensional change-point detection under sparse alternatives","Farida Enikeeva; Zaïd Harchaoui","2019","10.1214/18-aos1740","https://openalex.org/W2963416868","A1-DUP-0011","A1AC-0011","SOURCE_LEDGER_GROUP;NORMALIZED_DOI","DEF","A1DEF-DUP-0110","DUPLICATE","DUPLICATE","Duplicate occurrence of a record already dispositioned in this prospective ledger.","Duplicate occurrence of a record already dispositioned in this prospective ledger.","LEVEL_3_DISCOVERY_ONLY","NOT_APPLICABLE","","","NONE","","audit/phase2a1_raw_search_results/DEF/PHASE2A1-SEARCH-0038_baraud_forward_openalex.json","Duplicate search occurrence; retained evidence is attached to the first occurrence."
"A1DEF-0364","D-F","PHASE2A1-SEARCH-0038","2026-07-31","OpenAlex","Distribution-free tests of independence in high dimensions","Fang Han; Shizhe Chen; Han Liu","2017","10.1093/biomet/asx050","https://openalex.org/W2964281409","A1-DUP-0661","A1DEF-0364","UNIQUE_OCCURRENCE","DEF","A1DEF-DUP-0325","FALSE_POSITIVE","FALSE_POSITIVE","Resolved at title/abstract/citation-context because the record was off-topic, application-specific, secondary, sequential-only, or methodologically redundant with a verified primary anchor; it was not retained and is not used to support a substantive or absence conclusion.","Resolved at title/abstract/citation-context because the record was off-topic, application-specific, secondary, sequential-only, or methodologically redundant with a verified primary anchor; it was not retained and is not used to support a substantive or absence conclusion.","LEVEL_3_DISCOVERY_ONLY","NOT_RETRIEVED","","","NONE","","audit/phase2a1_raw_search_results/DEF/PHASE2A1-SEARCH-0038_baraud_forward_openalex.json","Discovery-only; not used in synthesis or an absence conclusion."
"A1DEF-0365","D-F","PHASE2A1-SEARCH-0038","2026-07-31","OpenAlex","Global and Simultaneous Hypothesis Testing for High-Dimensional Logistic Regression Models","Rong Ma; Tommaso Cai; Hongzhe Li","2020","10.1080/01621459.2019.1699421","https://openalex.org/W2803956787","A1-DUP-0662","A1DEF-0365","UNIQUE_OCCURRENCE","DEF","A1DEF-DUP-0326","FALSE_POSITIVE","FALSE_POSITIVE","Resolved at title/abstract/citation-context because the record was off-topic, application-specific, secondary, sequential-only, or methodologically redundant with a verified primary anchor; it was not retained and is not used to support a substantive or absence conclusion.","Resolved at title/abstract/citation-context because the record was off-topic, application-specific, secondary, sequential-only, or methodologically redundant with a verified primary anchor; it was not retained and is not used to support a substantive or absence conclusion.","LEVEL_3_DISCOVERY_ONLY","NOT_RETRIEVED","","","NONE","","audit/phase2a1_raw_search_results/DEF/PHASE2A1-SEARCH-0038_baraud_forward_openalex.json","Discovery-only; not used in synthesis or an absence conclusion."
"A1DEF-0366","D-F","PHASE2A1-SEARCH-0038","2026-07-31","OpenAlex","Estimation and inference in functional mixed-effects models","Anestis Antoniadis; Theofanis Sapatinas","2006","10.1016/j.csda.2006.09.038","https://openalex.org/W2157220229","A1-DUP-0663","A1DEF-0366","UNIQUE_OCCURRENCE","DEF","A1DEF-DUP-0327","FALSE_POSITIVE","FALSE_POSITIVE","Resolved at title/abstract/citation-context because the record was off-topic, application-specific, secondary, sequential-only, or methodologically redundant with a verified primary anchor; it was not retained and is not used to support a substantive or absence conclusion.","Resolved at title/abstract/citation-context because the record was off-topic, application-specific, secondary, sequential-only, or methodologically redundant with a verified primary anchor; it was not retained and is not used to support a substantive or absence conclusion.","LEVEL_3_DISCOVERY_ONLY","NOT_RETRIEVED","","","NONE","","audit/phase2a1_raw_search_results/DEF/PHASE2A1-SEARCH-0038_baraud_forward_openalex.json","Discovery-only; not used in synthesis or an absence conclusion."
"A1DEF-0367","D-F","PHASE2A1-SEARCH-0038","2026-07-31","OpenAlex","An adaptation theory for nonparametric confidence intervals","T. Tony Cai; Mark G. Low","2004","10.1214/009053604000000049","https://openalex.org/W2095067256","A1-DUP-0664","A1DEF-0367","UNIQUE_OCCURRENCE","DEF","A1DEF-DUP-0328","FALSE_POSITIVE","FALSE_POSITIVE","Resolved at title/abstract/citation-context because the record was off-topic, application-specific, secondary, sequential-only, or methodologically redundant with a verified primary anchor; it was not retained and is not used to support a substantive or absence conclusion.","Resolved at title/abstract/citation-context because the record was off-topic, application-specific, secondary, sequential-only, or methodologically redundant with a verified primary anchor; it was not retained and is not used to support a substantive or absence conclusion.","LEVEL_3_DISCOVERY_ONLY","NOT_RETRIEVED","","","NONE","","audit/phase2a1_raw_search_results/DEF/PHASE2A1-SEARCH-0038_baraud_forward_openalex.json","Discovery-only; not used in synthesis or an absence conclusion."
"A1DEF-0368","D-F","PHASE2A1-SEARCH-0038","2026-07-31","OpenAlex","Nonquadratic estimators of a quadratic functional","Tommaso Cai; Mark G. Low","2005","10.1214/009053605000000147","https://openalex.org/W2025612377","A1-DUP-0665","A1DEF-0368","UNIQUE_OCCURRENCE","DEF","A1DEF-DUP-0329","FALSE_POSITIVE","FALSE_POSITIVE","Resolved at title/abstract/citation-context because the record was off-topic, application-specific, secondary, sequential-only, or methodologically redundant with a verified primary anchor; it was not retained and is not used to support a substantive or absence conclusion.","Resolved at title/abstract/citation-context because the record was off-topic, application-specific, secondary, sequential-only, or methodologically redundant with a verified primary anchor; it was not retained and is not used to support a substantive or absence conclusion.","LEVEL_3_DISCOVERY_ONLY","NOT_RETRIEVED","","","NONE","","audit/phase2a1_raw_search_results/DEF/PHASE2A1-SEARCH-0038_baraud_forward_openalex.json","Discovery-only; not used in synthesis or an absence conclusion."
"A1DEF-0369","D-F","PHASE2A1-SEARCH-0038","2026-07-31","OpenAlex","Adaptive tests of linear hypotheses by model selection","Yannick Baraud; Sylvie Huet; Béatrice Laurent","2003","10.1214/aos/1046294463","https://openalex.org/W2116029813","A1-DUP-0646","A1DEF-0342","SOURCE_LEDGER_GROUP","DEF","A1DEF-DUP-0308","DUPLICATE","DUPLICATE","Duplicate occurrence of a record already dispositioned in this prospective ledger.","Duplicate occurrence of a record already dispositioned in this prospective ledger.","LEVEL_3_DISCOVERY_ONLY","NOT_APPLICABLE","","","DUPLICATE_OF_EXISTING_CORPUS","","audit/phase2a1_raw_search_results/DEF/PHASE2A1-SEARCH-0038_baraud_forward_openalex.json","Duplicate search occurrence; retained evidence is attached to the first occurrence."
"A1DEF-0370","D-F","PHASE2A1-SEARCH-0038","2026-07-31","OpenAlex","OPTIMAL ADAPTIVE ESTIMATION OF A QUADRATIC FUNCTIONAL","Tommaso Cai; Mark G. Low","2006","https://openalex.org/W3103631397","https://openalex.org/W3103631397","A1-DUP-0666","A1DEF-0370","UNIQUE_OCCURRENCE","DEF","A1DEF-DUP-0330","FALSE_POSITIVE","FALSE_POSITIVE","Resolved at title/abstract/citation-context because the record was off-topic, application-specific, secondary, sequential-only, or methodologically redundant with a verified primary anchor; it was not retained and is not used to support a substantive or absence conclusion.","Resolved at title/abstract/citation-context because the record was off-topic, application-specific, secondary, sequential-only, or methodologically redundant with a verified primary anchor; it was not retained and is not used to support a substantive or absence conclusion.","LEVEL_3_DISCOVERY_ONLY","NOT_RETRIEVED","","","NONE","","audit/phase2a1_raw_search_results/DEF/PHASE2A1-SEARCH-0038_baraud_forward_openalex.json","Discovery-only; not used in synthesis or an absence conclusion."
"A1DEF-0371","D-F","PHASE2A1-SEARCH-0038","2026-07-31","OpenAlex","Two-sample tests for high-dimension, strongly spiked eigenvalue models","Makoto Aoshima; Kazuyoshi Yata","2017","10.5705/ss.202016.0063","https://openalex.org/W2588527329","A1-DUP-0667","A1DEF-0371","UNIQUE_OCCURRENCE","DEF","A1DEF-DUP-0331","FALSE_POSITIVE","FALSE_POSITIVE","Resolved at title/abstract/citation-context because the record was off-topic, application-specific, secondary, sequential-only, or methodologically redundant with a verified primary anchor; it was not retained and is not used to support a substantive or absence conclusion.","Resolved at title/abstract/citation-context because the record was off-topic, application-specific, secondary, sequential-only, or methodologically redundant with a verified primary anchor; it was not retained and is not used to support a substantive or absence conclusion.","LEVEL_3_DISCOVERY_ONLY","NOT_RETRIEVED","","","NONE","","audit/phase2a1_raw_search_results/DEF/PHASE2A1-SEARCH-0038_baraud_forward_openalex.json","Discovery-only; not used in synthesis or an absence conclusion."
"A1DEF-0372","D-F","PHASE2A1-SEARCH-0038","2026-07-31","OpenAlex","DETECTION OF CORRELATIONS","Ery Arias-Castro; Sébastien Bubeck; Gábor Lugosi","2012","https://openalex.org/W3104928457","https://openalex.org/W3104928457","A1-DUP-0668","A1DEF-0372","UNIQUE_OCCURRENCE","DEF","A1DEF-DUP-0332","FALSE_POSITIVE","FALSE_POSITIVE","Resolved at title/abstract/citation-context because the record was off-topic, application-specific, secondary, sequential-only, or methodologically redundant with a verified primary anchor; it was not retained and is not used to support a substantive or absence conclusion.","Resolved at title/abstract/citation-context because the record was off-topic, application-specific, secondary, sequential-only, or methodologically redundant with a verified primary anchor; it was not retained and is not used to support a substantive or absence conclusion.","LEVEL_3_DISCOVERY_ONLY","NOT_RETRIEVED","","","NONE","","audit/phase2a1_raw_search_results/DEF/PHASE2A1-SEARCH-0038_baraud_forward_openalex.json","Discovery-only; not used in synthesis or an absence conclusion."
"A1DEF-0373","D-F","PHASE2A1-SEARCH-0038","2026-07-31","OpenAlex","Minimax adaptive tests for the functional linear model","Nadine Hilgert; André Mas; Nicolas Verzélen","2013","10.1214/13-aos1093","https://openalex.org/W2121922297","A1-DUP-0669","A1DEF-0373","UNIQUE_OCCURRENCE","DEF","A1DEF-DUP-0333","FALSE_POSITIVE","FALSE_POSITIVE","Resolved at title/abstract/citation-context because the record was off-topic, application-specific, secondary, sequential-only, or methodologically redundant with a verified primary anchor; it was not retained and is not used to support a substantive or absence conclusion.","Resolved at title/abstract/citation-context because the record was off-topic, application-specific, secondary, sequential-only, or methodologically redundant with a verified primary anchor; it was not retained and is not used to support a substantive or absence conclusion.","LEVEL_3_DISCOVERY_ONLY","NOT_RETRIEVED","","","NONE","","audit/phase2a1_raw_search_results/DEF/PHASE2A1-SEARCH-0038_baraud_forward_openalex.json","Discovery-only; not used in synthesis or an absence conclusion."
"A1DEF-0374","D-F","PHASE2A1-SEARCH-0038","2026-07-31","OpenAlex","AN ADAPTATION THEORY FOR NONPARAMETRIC CONFIDENCE INTERVALS1","T. Tony; Cai; Mark G. Low","2004","https://openalex.org/W3098956361","https://openalex.org/W3098956361","A1-DUP-0670","A1DEF-0374","UNIQUE_OCCURRENCE","DEF","A1DEF-DUP-0334","FALSE_POSITIVE","FALSE_POSITIVE","Resolved at title/abstract/citation-context because the record was off-topic, application-specific, secondary, sequential-only, or methodologically redundant with a verified primary anchor; it was not retained and is not used to support a substantive or absence conclusion.","Resolved at title/abstract/citation-context because the record was off-topic, application-specific, secondary, sequential-only, or methodologically redundant with a verified primary anchor; it was not retained and is not used to support a substantive or absence conclusion.","LEVEL_3_DISCOVERY_ONLY","NOT_RETRIEVED","","","NONE","","audit/phase2a1_raw_search_results/DEF/PHASE2A1-SEARCH-0038_baraud_forward_openalex.json","Discovery-only; not used in synthesis or an absence conclusion."
"A1DEF-0375","D-F","PHASE2A1-SEARCH-0038","2026-07-31","OpenAlex","Optimal change-point detection and localization","Nicolas Verzélen; Magalie Fromont; Matthieu Lerasle; Patricia Reynaud-Bouret","2023","10.1214/23-aos2297","https://openalex.org/W3094239884","A1-DUP-0645","A1DEF-0341","SOURCE_LEDGER_GROUP","DEF","A1DEF-DUP-0307","DUPLICATE","DUPLICATE","Duplicate occurrence of a record already dispositioned in this prospective ledger.","Duplicate occurrence of a record already dispositioned in this prospective ledger.","LEVEL_3_DISCOVERY_ONLY","NOT_APPLICABLE","","","NONE","","audit/phase2a1_raw_search_results/DEF/PHASE2A1-SEARCH-0038_baraud_forward_openalex.json","Duplicate search occurrence; retained evidence is attached to the first occurrence."
"A1DEF-0376","D-F","PHASE2A1-SEARCH-0038","2026-07-31","OpenAlex","Hypothesis testing for high-dimensional sparse binary regression","Rajarshi Mukherjee; Natesh S. Pillai; Xihong Lin","2015","10.1214/14-aos1279","https://openalex.org/W2014100575","A1-DUP-0671","A1DEF-0376","UNIQUE_OCCURRENCE","DEF","A1DEF-DUP-0335","FALSE_POSITIVE","FALSE_POSITIVE","Resolved at title/abstract/citation-context because the record was off-topic, application-specific, secondary, sequential-only, or methodologically redundant with a verified primary anchor; it was not retained and is not used to support a substantive or absence conclusion.","Resolved at title/abstract/citation-context because the record was off-topic, application-specific, secondary, sequential-only, or methodologically redundant with a verified primary anchor; it was not retained and is not used to support a substantive or absence conclusion.","LEVEL_3_DISCOVERY_ONLY","NOT_RETRIEVED","","","NONE","","audit/phase2a1_raw_search_results/DEF/PHASE2A1-SEARCH-0038_baraud_forward_openalex.json","Discovery-only; not used in synthesis or an absence conclusion."
"A1DEF-0377","D-F","PHASE2A1-SEARCH-0038","2026-07-31","OpenAlex","Adaptive test of independence based on HSIC measures","Mélisande Albert; Béatrice Laurent; Amandine Marrel; Anouar Meynaoui","2022","10.1214/21-aos2129","https://openalex.org/W2970964708","A1-DUP-0672","A1DEF-0377","SOURCE_LEDGER_GROUP","DEF","A1DEF-DUP-0336","FALSE_POSITIVE","FALSE_POSITIVE","Resolved at title/abstract/citation-context because the record was off-topic, application-specific, secondary, sequential-only, or methodologically redundant with a verified primary anchor; it was not retained and is not used to support a substantive or absence conclusion.","Resolved at title/abstract/citation-context because the record was off-topic, application-specific, secondary, sequential-only, or methodologically redundant with a verified primary anchor; it was not retained and is not used to support a substantive or absence conclusion.","LEVEL_3_DISCOVERY_ONLY","NOT_RETRIEVED","","","NONE","","audit/phase2a1_raw_search_results/DEF/PHASE2A1-SEARCH-0038_baraud_forward_openalex.json","Discovery-only; not used in synthesis or an absence conclusion."
"A1DEF-0378","D-F","PHASE2A1-SEARCH-0038","2026-07-31","OpenAlex","2 Detecting Positive Correlations in a Multivariate Sample","Ery Arias-Castro","2012","https://openalex.org/W3103097280","https://openalex.org/W3103097280","A1-DUP-0673","A1DEF-0378","UNIQUE_OCCURRENCE","DEF","A1DEF-DUP-0337","FALSE_POSITIVE","FALSE_POSITIVE","Resolved at title/abstract/citation-context because the record was off-topic, application-specific, secondary, sequential-only, or methodologically redundant with a verified primary anchor; it was not retained and is not used to support a substantive or absence conclusion.","Resolved at title/abstract/citation-context because the record was off-topic, application-specific, secondary, sequential-only, or methodologically redundant with a verified primary anchor; it was not retained and is not used to support a substantive or absence conclusion.","LEVEL_3_DISCOVERY_ONLY","NOT_RETRIEVED","","","NONE","","audit/phase2a1_raw_search_results/DEF/PHASE2A1-SEARCH-0038_baraud_forward_openalex.json","Discovery-only; not used in synthesis or an absence conclusion."
"A1DEF-0379","D-F","PHASE2A1-SEARCH-0038","2026-07-31","OpenAlex","Testing inverse problems: A direct or an indirect problem?","Béatrice Laurent; Jean–Michel Loubes; Clément Marteau","2010","10.1016/j.jspi.2010.11.035","https://openalex.org/W1986264423","A1-DUP-0674","A1DEF-0379","SOURCE_LEDGER_GROUP","DEF","A1DEF-DUP-0338","FALSE_POSITIVE","FALSE_POSITIVE","Resolved at title/abstract/citation-context because the record was off-topic, application-specific, secondary, sequential-only, or methodologically redundant with a verified primary anchor; it was not retained and is not used to support a substantive or absence conclusion.","Resolved at title/abstract/citation-context because the record was off-topic, application-specific, secondary, sequential-only, or methodologically redundant with a verified primary anchor; it was not retained and is not used to support a substantive or absence conclusion.","LEVEL_3_DISCOVERY_ONLY","NOT_RETRIEVED","","","NONE","","audit/phase2a1_raw_search_results/DEF/PHASE2A1-SEARCH-0038_baraud_forward_openalex.json","Discovery-only; not used in synthesis or an absence conclusion."
"A1DEF-0380","D-F","PHASE2A1-SEARCH-0038","2026-07-31","OpenAlex","Two-sample hypothesis testing for inhomogeneous random graphs","Debarghya Ghoshdastidar; Maurilio Gutzeit; Alexandra Carpentier; Ulrike von Luxburg","2020","10.1214/19-aos1884","https://openalex.org/W2748846107","A1-DUP-0461","A1DEF-0108","SOURCE_LEDGER_GROUP","DEF","A1DEF-DUP-0104","DUPLICATE","DUPLICATE","Duplicate occurrence of a record already dispositioned in this prospective ledger.","Duplicate occurrence of a record already dispositioned in this prospective ledger.","LEVEL_3_DISCOVERY_ONLY","NOT_APPLICABLE","","","NONE","","audit/phase2a1_raw_search_results/DEF/PHASE2A1-SEARCH-0038_baraud_forward_openalex.json","Duplicate search occurrence; retained evidence is attached to the first occurrence."
"A1DEF-0381","D-F","PHASE2A1-SEARCH-0038","2026-07-31","OpenAlex","Minimax optimality of permutation tests","Ilmun Kim; Sivaraman Balakrishnan; Larry Wasserman","2022","10.1214/21-aos2103","https://openalex.org/W4212851319","A1-DUP-0675","A1DEF-0381","UNIQUE_OCCURRENCE","DEF","A1DEF-DUP-0339","FALSE_POSITIVE","FALSE_POSITIVE","Resolved at title/abstract/citation-context because the record was off-topic, application-specific, secondary, sequential-only, or methodologically redundant with a verified primary anchor; it was not retained and is not used to support a substantive or absence conclusion.","Resolved at title/abstract/citation-context because the record was off-topic, application-specific, secondary, sequential-only, or methodologically redundant with a verified primary anchor; it was not retained and is not used to support a substantive or absence conclusion.","LEVEL_3_DISCOVERY_ONLY","NOT_RETRIEVED","","","NONE","","audit/phase2a1_raw_search_results/DEF/PHASE2A1-SEARCH-0038_baraud_forward_openalex.json","Discovery-only; not used in synthesis or an absence conclusion."
"A1DEF-0382","D-F","PHASE2A1-SEARCH-0038","2026-07-31","Crossref","Minimax testing of a composite null hypothesis defined via a quadratic functional in the model of regression","Laëtitia Comminges; Arnak S. Dalalyan","2013","10.1214/13-ejs766","https://doi.org/10.1214/13-ejs766","A1-DUP-0001","A1AC-0001","SOURCE_LEDGER_GROUP;NORMALIZED_DOI","DEF","A1DEF-DUP-0103","DUPLICATE","DUPLICATE","Duplicate occurrence of a record already dispositioned in this prospective ledger.","Duplicate occurrence of a record already dispositioned in this prospective ledger.","LEVEL_3_DISCOVERY_ONLY","NOT_APPLICABLE","","","DUPLICATE_OF_EXISTING_CORPUS","","audit/phase2a1_raw_search_results/DEF/PHASE2A1-SEARCH-0038_comminges_dalalyan_crossref.json","Duplicate search occurrence; retained evidence is attached to the first occurrence."
"A1DEF-0383","D-F","PHASE2A1-SEARCH-0038","2026-07-31","OpenAlex","Non asymptotic minimax rates of testing in signal detection with heterogeneous variances","Béatrice Laurent; Jean–Michel Loubes; Clément Marteau","2012","10.1214/12-ejs667","https://openalex.org/W2060233947","A1-DUP-0676","A1DEF-0383","UNIQUE_OCCURRENCE","DEF","A1DEF-DUP-0340","FULL_TEXT_INCLUDED","FULL_TEXT_INCLUDED","","","LEVEL_1_LOAD_BEARING","PUBLISHER_FULL_TEXT_INSPECTED","Section 2 Proposition 1 and Theorem 1 (lower bounds); Section 3 Proposition 2 and Theorem 2 (constructive upper bounds); Section 4 Proposition 3 and Theorem 3; Section 5.1 Lemma 1 and Section 5.2 equation (5.19).","P0068","EXISTING_CORPUS_RECORD","NEW_CORPUS_CANDIDATE","audit/phase2a1_raw_search_results/DEF/PHASE2A1-SEARCH-0038_laurent_anchor_openalex.json","Finite-sample uniform Type-I/II upper bounds and minimax lower bounds with independent heterogeneous Gaussian coordinates of known variance."
"A1DEF-0384","D-F","PHASE2A1-SEARCH-0038","2026-07-31","OpenAlex","Adaptive estimation of a quadratic functional by model selection","Béatrice Laurent; Pascal Massart","2000","10.1214/aos/1015957395","https://openalex.org/W1560153690","A1-DUP-0649","A1DEF-0347","SOURCE_LEDGER_GROUP","DEF","A1DEF-DUP-0312","DUPLICATE","DUPLICATE","Duplicate occurrence of a record already dispositioned in this prospective ledger.","Duplicate occurrence of a record already dispositioned in this prospective ledger.","LEVEL_3_DISCOVERY_ONLY","NOT_APPLICABLE","","","NONE","","audit/phase2a1_raw_search_results/DEF/PHASE2A1-SEARCH-0038_laurent_backward_openalex.json","Duplicate search occurrence; retained evidence is attached to the first occurrence."
"A1DEF-0385","D-F","PHASE2A1-SEARCH-0038","2026-07-31","OpenAlex","A Statistical Perspective on Ill-Posed Inverse Problems","Finbarr O’Sullivan","1986","10.1214/ss/1177013525","https://openalex.org/W2140054106","A1-DUP-0677","A1DEF-0385","UNIQUE_OCCURRENCE","DEF","A1DEF-DUP-0341","FALSE_POSITIVE","FALSE_POSITIVE","Resolved at title/abstract/citation-context because the record was off-topic, application-specific, secondary, sequential-only, or methodologically redundant with a verified primary anchor; it was not retained and is not used to support a substantive or absence conclusion.","Resolved at title/abstract/citation-context because the record was off-topic, application-specific, secondary, sequential-only, or methodologically redundant with a verified primary anchor; it was not retained and is not used to support a substantive or absence conclusion.","LEVEL_3_DISCOVERY_ONLY","NOT_RETRIEVED","","","NONE","","audit/phase2a1_raw_search_results/DEF/PHASE2A1-SEARCH-0038_laurent_backward_openalex.json","Discovery-only; not used in synthesis or an absence conclusion."
"A1DEF-0386","D-F","PHASE2A1-SEARCH-0038","2026-07-31","OpenAlex","Nonlinear Solution of Linear Inverse Problems by Wavelet–Vaguelette Decomposition","David L. Donoho","1995","10.1006/acha.1995.1008","https://openalex.org/W2092543127","A1-DUP-0678","A1DEF-0386","UNIQUE_OCCURRENCE","DEF","A1DEF-DUP-0342","FALSE_POSITIVE","FALSE_POSITIVE","Resolved at title/abstract/citation-context because the record was off-topic, application-specific, secondary, sequential-only, or methodologically redundant with a verified primary anchor; it was not retained and is not used to support a substantive or absence conclusion.","Resolved at title/abstract/citation-context because the record was off-topic, application-specific, secondary, sequential-only, or methodologically redundant with a verified primary anchor; it was not retained and is not used to support a substantive or absence conclusion.","LEVEL_3_DISCOVERY_ONLY","NOT_RETRIEVED","","","NONE","","audit/phase2a1_raw_search_results/DEF/PHASE2A1-SEARCH-0038_laurent_backward_openalex.json","Discovery-only; not used in synthesis or an absence conclusion."
"A1DEF-0387","D-F","PHASE2A1-SEARCH-0038","2026-07-31","OpenAlex","Nonparametric Goodness-of-Fit Testing Under Gaussian Models","Yu. I. Ingster; Irina A. Suslina","2003","10.1007/978-0-387-21580-8","https://openalex.org/W1502103205","A1-DUP-0302","A1AC-0353","NORMALIZED_DOI","DEF","A1DEF-DUP-0343","FALSE_POSITIVE","DUPLICATE","Resolved at title/abstract/citation-context because the record was off-topic, application-specific, secondary, sequential-only, or methodologically redundant with a verified primary anchor; it was not retained and is not used to support a substantive or absence conclusion.","CROSS_WORKSTREAM_DUPLICATE_OF=A1AC-0353;MATCH_BASIS=NORMALIZED_DOI;SOURCE_DISPOSITION=FALSE_POSITIVE","LEVEL_3_DISCOVERY_ONLY","NOT_RETRIEVED","","","NONE","","audit/phase2a1_raw_search_results/DEF/PHASE2A1-SEARCH-0038_laurent_backward_openalex.json","Discovery-only; not used in synthesis or an absence conclusion."
"A1DEF-0388","D-F","PHASE2A1-SEARCH-0038","2026-07-31","OpenAlex","Adaptive hypothesis testing using wavelets","Vladimir Spokoiny","1996","10.1214/aos/1032181163","https://openalex.org/W1973598141","A1-DUP-0652","A1DEF-0350","SOURCE_LEDGER_GROUP","DEF","A1DEF-DUP-0315","DUPLICATE","DUPLICATE","Duplicate occurrence of a record already dispositioned in this prospective ledger.","Duplicate occurrence of a record already dispositioned in this prospective ledger.","LEVEL_3_DISCOVERY_ONLY","NOT_APPLICABLE","","","NONE","","audit/phase2a1_raw_search_results/DEF/PHASE2A1-SEARCH-0038_laurent_backward_openalex.json","Duplicate search occurrence; retained evidence is attached to the first occurrence."
"A1DEF-0389","D-F","PHASE2A1-SEARCH-0038","2026-07-31","OpenAlex","Nonparametric statistical inverse problems","Laurent Cavalier","2008","10.1088/0266-5611/24/3/034004","https://openalex.org/W2165715950","A1-DUP-0679","A1DEF-0389","UNIQUE_OCCURRENCE","DEF","A1DEF-DUP-0344","FALSE_POSITIVE","FALSE_POSITIVE","Resolved at title/abstract/citation-context because the record was off-topic, application-specific, secondary, sequential-only, or methodologically redundant with a verified primary anchor; it was not retained and is not used to support a substantive or absence conclusion.","Resolved at title/abstract/citation-context because the record was off-topic, application-specific, secondary, sequential-only, or methodologically redundant with a verified primary anchor; it was not retained and is not used to support a substantive or absence conclusion.","LEVEL_3_DISCOVERY_ONLY","NOT_RETRIEVED","","","NONE","","audit/phase2a1_raw_search_results/DEF/PHASE2A1-SEARCH-0038_laurent_backward_openalex.json","Discovery-only; not used in synthesis or an absence conclusion."
"A1DEF-0390","D-F","PHASE2A1-SEARCH-0038","2026-07-31","OpenAlex","Non-asymptotic minimax rates of testing in signal detection","Yannick Baraud","2002","https://openalex.org/W1591122161","https://openalex.org/W1591122161","A1-DUP-0644","A1DEF-0339","SOURCE_LEDGER_GROUP","DEF","A1DEF-DUP-0306","DUPLICATE","DUPLICATE","Duplicate occurrence of a record already dispositioned in this prospective ledger.","Duplicate occurrence of a record already dispositioned in this prospective ledger.","LEVEL_3_DISCOVERY_ONLY","NOT_APPLICABLE","","","NONE","","audit/phase2a1_raw_search_results/DEF/PHASE2A1-SEARCH-0038_laurent_backward_openalex.json","Duplicate search occurrence; retained evidence is attached to the first occurrence."
"A1DEF-0391","D-F","PHASE2A1-SEARCH-0038","2026-07-31","OpenAlex","Adaptive tests of linear hypotheses by model selection","Yannick Baraud; Sylvie Huet; Béatrice Laurent","2003","10.1214/aos/1046294463","https://openalex.org/W2116029813","A1-DUP-0646","A1DEF-0342","SOURCE_LEDGER_GROUP","DEF","A1DEF-DUP-0308","DUPLICATE","DUPLICATE","Duplicate occurrence of a record already dispositioned in this prospective ledger.","Duplicate occurrence of a record already dispositioned in this prospective ledger.","LEVEL_3_DISCOVERY_ONLY","NOT_APPLICABLE","","","DUPLICATE_OF_EXISTING_CORPUS","","audit/phase2a1_raw_search_results/DEF/PHASE2A1-SEARCH-0038_laurent_backward_openalex.json","Duplicate search occurrence; retained evidence is attached to the first occurrence."
"A1DEF-0392","D-F","PHASE2A1-SEARCH-0038","2026-07-31","OpenAlex","Goodness-of-fit testing and quadratic functional estimation from indirect observations","Cristina Butucea","2007","10.1214/009053607000000118","https://openalex.org/W2093750492","A1-DUP-0680","A1DEF-0392","UNIQUE_OCCURRENCE","DEF","A1DEF-DUP-0345","FALSE_POSITIVE","FALSE_POSITIVE","Resolved at title/abstract/citation-context because the record was off-topic, application-specific, secondary, sequential-only, or methodologically redundant with a verified primary anchor; it was not retained and is not used to support a substantive or absence conclusion.","Resolved at title/abstract/citation-context because the record was off-topic, application-specific, secondary, sequential-only, or methodologically redundant with a verified primary anchor; it was not retained and is not used to support a substantive or absence conclusion.","LEVEL_3_DISCOVERY_ONLY","NOT_RETRIEVED","","","NONE","","audit/phase2a1_raw_search_results/DEF/PHASE2A1-SEARCH-0038_laurent_backward_openalex.json","Discovery-only; not used in synthesis or an absence conclusion."
"A1DEF-0393","D-F","PHASE2A1-SEARCH-0038","2026-07-31","OpenAlex","Testing inverse problems: A direct or an indirect problem?","Béatrice Laurent; Jean–Michel Loubes; Clément Marteau","2010","10.1016/j.jspi.2010.11.035","https://openalex.org/W1986264423","A1-DUP-0674","A1DEF-0379","SOURCE_LEDGER_GROUP","DEF","A1DEF-DUP-0338","DUPLICATE","DUPLICATE","Duplicate occurrence of a record already dispositioned in this prospective ledger.","Duplicate occurrence of a record already dispositioned in this prospective ledger.","LEVEL_3_DISCOVERY_ONLY","NOT_APPLICABLE","","","NONE","","audit/phase2a1_raw_search_results/DEF/PHASE2A1-SEARCH-0038_laurent_backward_openalex.json","Duplicate search occurrence; retained evidence is attached to the first occurrence."
"A1DEF-0394","D-F","PHASE2A1-SEARCH-0038","2026-07-31","OpenAlex","Minimax Detection of a Signal In a Gaussian White Noise","Mikhail Ermakov","1991","10.1137/1135098","https://openalex.org/W2052013665","A1-DUP-0654","A1DEF-0353","SOURCE_LEDGER_GROUP","DEF","A1DEF-DUP-0317","DUPLICATE","DUPLICATE","Duplicate occurrence of a record already dispositioned in this prospective ledger.","Duplicate occurrence of a record already dispositioned in this prospective ledger.","LEVEL_3_DISCOVERY_ONLY","NOT_APPLICABLE","","","NONE","","audit/phase2a1_raw_search_results/DEF/PHASE2A1-SEARCH-0038_laurent_backward_openalex.json","Duplicate search occurrence; retained evidence is attached to the first occurrence."
"A1DEF-0395","D-F","PHASE2A1-SEARCH-0038","2026-07-31","OpenAlex","Minimax signal detection in ill-posed inverse problems","Yuri I. Ingster; Theofanis Sapatinas; Irina A. Suslina","2012","10.1214/12-aos1011","https://openalex.org/W2143491806","A1-DUP-0681","A1DEF-0395","SOURCE_LEDGER_GROUP","DEF","A1DEF-DUP-0346","FALSE_POSITIVE","FALSE_POSITIVE","Resolved at title/abstract/citation-context because the record was off-topic, application-specific, secondary, sequential-only, or methodologically redundant with a verified primary anchor; it was not retained and is not used to support a substantive or absence conclusion.","Resolved at title/abstract/citation-context because the record was off-topic, application-specific, secondary, sequential-only, or methodologically redundant with a verified primary anchor; it was not retained and is not used to support a substantive or absence conclusion.","LEVEL_3_DISCOVERY_ONLY","NOT_RETRIEVED","","","NONE","","audit/phase2a1_raw_search_results/DEF/PHASE2A1-SEARCH-0038_laurent_backward_openalex.json","Discovery-only; not used in synthesis or an absence conclusion."
"A1DEF-0396","D-F","PHASE2A1-SEARCH-0038","2026-07-31","OpenAlex","Penalized estimators for non linear inverse problems","Jean–Michel Loubes; Carenne Ludeña","2008","10.1051/ps:2008024","https://openalex.org/W2076208450","A1-DUP-0682","A1DEF-0396","UNIQUE_OCCURRENCE","DEF","A1DEF-DUP-0347","FALSE_POSITIVE","FALSE_POSITIVE","Resolved at title/abstract/citation-context because the record was off-topic, application-specific, secondary, sequential-only, or methodologically redundant with a verified primary anchor; it was not retained and is not used to support a substantive or absence conclusion.","Resolved at title/abstract/citation-context because the record was off-topic, application-specific, secondary, sequential-only, or methodologically redundant with a verified primary anchor; it was not retained and is not used to support a substantive or absence conclusion.","LEVEL_3_DISCOVERY_ONLY","NOT_RETRIEVED","","","NONE","","audit/phase2a1_raw_search_results/DEF/PHASE2A1-SEARCH-0038_laurent_backward_openalex.json","Discovery-only; not used in synthesis or an absence conclusion."
"A1DEF-0397","D-F","PHASE2A1-SEARCH-0038","2026-07-31","OpenAlex","Testing for Lack of Fit in Inverse Regression—with Applications to Biophotonic Imaging","Nicolai Bissantz; Gerda Claeskens; Hajo Holzmann; Axel Munk","2008","10.1111/j.1467-9868.2008.00670.x","https://openalex.org/W2018808115","A1-DUP-0683","A1DEF-0397","UNIQUE_OCCURRENCE","DEF","A1DEF-DUP-0348","FALSE_POSITIVE","FALSE_POSITIVE","Resolved at title/abstract/citation-context because the record was off-topic, application-specific, secondary, sequential-only, or methodologically redundant with a verified primary anchor; it was not retained and is not used to support a substantive or absence conclusion.","Resolved at title/abstract/citation-context because the record was off-topic, application-specific, secondary, sequential-only, or methodologically redundant with a verified primary anchor; it was not retained and is not used to support a substantive or absence conclusion.","LEVEL_3_DISCOVERY_ONLY","NOT_RETRIEVED","","","NONE","","audit/phase2a1_raw_search_results/DEF/PHASE2A1-SEARCH-0038_laurent_backward_openalex.json","Discovery-only; not used in synthesis or an absence conclusion."
"A1DEF-0398","D-F","PHASE2A1-SEARCH-0038","2026-07-31","OpenAlex","Adaptive complexity regularization for linear inverse problems","Jean-Michel Loubes; Carenne Ludeña","2008","10.1214/07-ejs115","https://openalex.org/W2075471692","A1-DUP-0684","A1DEF-0398","UNIQUE_OCCURRENCE","DEF","A1DEF-DUP-0349","FALSE_POSITIVE","FALSE_POSITIVE","Resolved at title/abstract/citation-context because the record was off-topic, application-specific, secondary, sequential-only, or methodologically redundant with a verified primary anchor; it was not retained and is not used to support a substantive or absence conclusion.","Resolved at title/abstract/citation-context because the record was off-topic, application-specific, secondary, sequential-only, or methodologically redundant with a verified primary anchor; it was not retained and is not used to support a substantive or absence conclusion.","LEVEL_3_DISCOVERY_ONLY","NOT_RETRIEVED","","","NONE","","audit/phase2a1_raw_search_results/DEF/PHASE2A1-SEARCH-0038_laurent_backward_openalex.json","Discovery-only; not used in synthesis or an absence conclusion."
"A1DEF-0399","D-F","PHASE2A1-SEARCH-0038","2026-07-31","OpenAlex","Minimax detection of a signal in the heteroscedastic Gaussian white noise","Mikhail Ermakov","2006","10.1007/s10958-006-0244-1","https://openalex.org/W2031659336","A1-DUP-0685","A1DEF-0399","UNIQUE_OCCURRENCE","DEF","A1DEF-DUP-0350","FALSE_POSITIVE","FALSE_POSITIVE","Resolved at title/abstract/citation-context because the record was off-topic, application-specific, secondary, sequential-only, or methodologically redundant with a verified primary anchor; it was not retained and is not used to support a substantive or absence conclusion.","Resolved at title/abstract/citation-context because the record was off-topic, application-specific, secondary, sequential-only, or methodologically redundant with a verified primary anchor; it was not retained and is not used to support a substantive or absence conclusion.","LEVEL_3_DISCOVERY_ONLY","NOT_RETRIEVED","","","NONE","","audit/phase2a1_raw_search_results/DEF/PHASE2A1-SEARCH-0038_laurent_backward_openalex.json","Discovery-only; not used in synthesis or an absence conclusion."
"A1DEF-0400","D-F","PHASE2A1-SEARCH-0038","2026-07-31","OpenAlex","Minimax Nonparametric Hypothesis Testing: The Case of an Inhomogeneous Alternative","Oleg Lepski; Vladimir Spokoiny","1999","10.2307/3318439","https://openalex.org/W1997875843","A1-DUP-0448","A1DEF-0091","SOURCE_LEDGER_GROUP","DEF","A1DEF-DUP-0087","DUPLICATE","DUPLICATE","Duplicate occurrence of a record already dispositioned in this prospective ledger.","Duplicate occurrence of a record already dispositioned in this prospective ledger.","LEVEL_3_DISCOVERY_ONLY","NOT_APPLICABLE","","","NONE","","audit/phase2a1_raw_search_results/DEF/PHASE2A1-SEARCH-0038_laurent_backward_openalex.json","Duplicate search occurrence; retained evidence is attached to the first occurrence."
"A1DEF-0401","D-F","PHASE2A1-SEARCH-0038","2026-07-31","OpenAlex","Adaptive complexity regularization for linear inverse problems","Jean–Michel Loubes","2016","https://openalex.org/W3099624496","https://openalex.org/W3099624496","A1-DUP-0686","A1DEF-0401","UNIQUE_OCCURRENCE","DEF","A1DEF-DUP-0351","FALSE_POSITIVE","FALSE_POSITIVE","Resolved at title/abstract/citation-context because the record was off-topic, application-specific, secondary, sequential-only, or methodologically redundant with a verified primary anchor; it was not retained and is not used to support a substantive or absence conclusion.","Resolved at title/abstract/citation-context because the record was off-topic, application-specific, secondary, sequential-only, or methodologically redundant with a verified primary anchor; it was not retained and is not used to support a substantive or absence conclusion.","LEVEL_3_DISCOVERY_ONLY","NOT_RETRIEVED","","","NONE","","audit/phase2a1_raw_search_results/DEF/PHASE2A1-SEARCH-0038_laurent_backward_openalex.json","Discovery-only; not used in synthesis or an absence conclusion."
"A1DEF-0402","D-F","PHASE2A1-SEARCH-0038","2026-07-31","OpenAlex","Multiscale methods for shape constraints in deconvolution: Confidence statements for qualitative features","Johannes Schmidt-Hieber; Axel Munk; Lutz Dümbgen","2013","10.1214/13-aos1089","https://openalex.org/W2003043897","A1-DUP-0687","A1DEF-0402","UNIQUE_OCCURRENCE","DEF","A1DEF-DUP-0352","FALSE_POSITIVE","FALSE_POSITIVE","Resolved at title/abstract/citation-context because the record was off-topic, application-specific, secondary, sequential-only, or methodologically redundant with a verified primary anchor; it was not retained and is not used to support a substantive or absence conclusion.","Resolved at title/abstract/citation-context because the record was off-topic, application-specific, secondary, sequential-only, or methodologically redundant with a verified primary anchor; it was not retained and is not used to support a substantive or absence conclusion.","LEVEL_3_DISCOVERY_ONLY","NOT_RETRIEVED","","","NONE","","audit/phase2a1_raw_search_results/DEF/PHASE2A1-SEARCH-0038_laurent_forward_openalex.json","Discovery-only; not used in synthesis or an absence conclusion."
"A1DEF-0403","D-F","PHASE2A1-SEARCH-0038","2026-07-31","OpenAlex","Adaptive test of independence based on HSIC measures","Mélisande Albert; Béatrice Laurent; Amandine Marrel; Anouar Meynaoui","2022","10.1214/21-aos2129","https://openalex.org/W2970964708","A1-DUP-0672","A1DEF-0377","SOURCE_LEDGER_GROUP","DEF","A1DEF-DUP-0336","DUPLICATE","DUPLICATE","Duplicate occurrence of a record already dispositioned in this prospective ledger.","Duplicate occurrence of a record already dispositioned in this prospective ledger.","LEVEL_3_DISCOVERY_ONLY","NOT_APPLICABLE","","","NONE","","audit/phase2a1_raw_search_results/DEF/PHASE2A1-SEARCH-0038_laurent_forward_openalex.json","Duplicate search occurrence; retained evidence is attached to the first occurrence."
"A1DEF-0404","D-F","PHASE2A1-SEARCH-0038","2026-07-31","OpenAlex","Testing inverse problems: A direct or an indirect problem?","Béatrice Laurent; Jean–Michel Loubes; Clément Marteau","2010","10.1016/j.jspi.2010.11.035","https://openalex.org/W1986264423","A1-DUP-0674","A1DEF-0379","SOURCE_LEDGER_GROUP","DEF","A1DEF-DUP-0338","DUPLICATE","DUPLICATE","Duplicate occurrence of a record already dispositioned in this prospective ledger.","Duplicate occurrence of a record already dispositioned in this prospective ledger.","LEVEL_3_DISCOVERY_ONLY","NOT_APPLICABLE","","","NONE","","audit/phase2a1_raw_search_results/DEF/PHASE2A1-SEARCH-0038_laurent_forward_openalex.json","Duplicate search occurrence; retained evidence is attached to the first occurrence."
"A1DEF-0405","D-F","PHASE2A1-SEARCH-0038","2026-07-31","OpenAlex","Minimax signal detection in ill-posed inverse problems","Yuri I. Ingster; Theofanis Sapatinas; Irina A. Suslina","2012","10.1214/12-aos1011","https://openalex.org/W2143491806","A1-DUP-0681","A1DEF-0395","SOURCE_LEDGER_GROUP","DEF","A1DEF-DUP-0346","DUPLICATE","DUPLICATE","Duplicate occurrence of a record already dispositioned in this prospective ledger.","Duplicate occurrence of a record already dispositioned in this prospective ledger.","LEVEL_3_DISCOVERY_ONLY","NOT_APPLICABLE","","","NONE","","audit/phase2a1_raw_search_results/DEF/PHASE2A1-SEARCH-0038_laurent_forward_openalex.json","Duplicate search occurrence; retained evidence is attached to the first occurrence."
"A1DEF-0406","D-F","PHASE2A1-SEARCH-0038","2026-07-31","OpenAlex","Minimax testing of a composite null hypothesis defined via a quadratic functional in the model of regression","Laëtitia Comminges; Arnak S. Dalalyan","2013","10.1214/13-ejs766","https://openalex.org/W2063519358","A1-DUP-0001","A1AC-0001","SOURCE_LEDGER_GROUP;NORMALIZED_DOI","DEF","A1DEF-DUP-0103","DUPLICATE","DUPLICATE","Duplicate occurrence of a record already dispositioned in this prospective ledger.","Duplicate occurrence of a record already dispositioned in this prospective ledger.","LEVEL_3_DISCOVERY_ONLY","NOT_APPLICABLE","","","DUPLICATE_OF_EXISTING_CORPUS","","audit/phase2a1_raw_search_results/DEF/PHASE2A1-SEARCH-0038_laurent_forward_openalex.json","Duplicate search occurrence; retained evidence is attached to the first occurrence."
"A1DEF-0407","D-F","PHASE2A1-SEARCH-0038","2026-07-31","OpenAlex","Dimension Reduction for Hypothesis Testing in Worst-Case Scenarios","Raja Fazliza Raja Suleiman; David Mary; André Ferrari","2014","10.1109/tsp.2014.2359641","https://openalex.org/W2006256533","A1-DUP-0688","A1DEF-0407","UNIQUE_OCCURRENCE","DEF","A1DEF-DUP-0353","FALSE_POSITIVE","FALSE_POSITIVE","Resolved at title/abstract/citation-context because the record was off-topic, application-specific, secondary, sequential-only, or methodologically redundant with a verified primary anchor; it was not retained and is not used to support a substantive or absence conclusion.","Resolved at title/abstract/citation-context because the record was off-topic, application-specific, secondary, sequential-only, or methodologically redundant with a verified primary anchor; it was not retained and is not used to support a substantive or absence conclusion.","LEVEL_3_DISCOVERY_ONLY","NOT_RETRIEVED","","","NONE","","audit/phase2a1_raw_search_results/DEF/PHASE2A1-SEARCH-0038_laurent_forward_openalex.json","Discovery-only; not used in synthesis or an absence conclusion."
"A1DEF-0408","D-F","PHASE2A1-SEARCH-0038","2026-07-31","OpenAlex","Minimax Rates for Statistical Inverse Problems Under General Source Conditions","LiTao Ding; Peter Mathé","2017","10.1515/cmam-2017-0055","https://openalex.org/W2962857170","A1-DUP-0689","A1DEF-0408","UNIQUE_OCCURRENCE","DEF","A1DEF-DUP-0354","FALSE_POSITIVE","FALSE_POSITIVE","Resolved at title/abstract/citation-context because the record was off-topic, application-specific, secondary, sequential-only, or methodologically redundant with a verified primary anchor; it was not retained and is not used to support a substantive or absence conclusion.","Resolved at title/abstract/citation-context because the record was off-topic, application-specific, secondary, sequential-only, or methodologically redundant with a verified primary anchor; it was not retained and is not used to support a substantive or absence conclusion.","LEVEL_3_DISCOVERY_ONLY","NOT_RETRIEVED","","","NONE","","audit/phase2a1_raw_search_results/DEF/PHASE2A1-SEARCH-0038_laurent_forward_openalex.json","Discovery-only; not used in synthesis or an absence conclusion."
"A1DEF-0409","D-F","PHASE2A1-SEARCH-0038","2026-07-31","OpenAlex","Sparse signal detection in heteroscedastic Gaussian sequence models: Sharp minimax rates","Julien Chhor; Rajarshi Mukherjee; Subhabrata Sen","2024","10.3150/23-bej1667","https://openalex.org/W4396934653","A1-DUP-0690","A1DEF-0409","UNIQUE_OCCURRENCE","DEF","A1DEF-DUP-0355","FALSE_POSITIVE","FALSE_POSITIVE","Resolved at title/abstract/citation-context because the record was off-topic, application-specific, secondary, sequential-only, or methodologically redundant with a verified primary anchor; it was not retained and is not used to support a substantive or absence conclusion.","Resolved at title/abstract/citation-context because the record was off-topic, application-specific, secondary, sequential-only, or methodologically redundant with a verified primary anchor; it was not retained and is not used to support a substantive or absence conclusion.","LEVEL_3_DISCOVERY_ONLY","NOT_RETRIEVED","","","NONE","","audit/phase2a1_raw_search_results/DEF/PHASE2A1-SEARCH-0038_laurent_forward_openalex.json","Discovery-only; not used in synthesis or an absence conclusion."
"A1DEF-0410","D-F","PHASE2A1-SEARCH-0038","2026-07-31","OpenAlex","Optimal heteroskedasticity testing in nonparametric regression","Subhodh Kotekal; Soumyabrata Kundu","2025","10.1214/24-aos2467","https://openalex.org/W4407557573","A1-DUP-0691","A1DEF-0410","UNIQUE_OCCURRENCE","DEF","A1DEF-DUP-0356","FALSE_POSITIVE","FALSE_POSITIVE","Resolved at title/abstract/citation-context because the record was off-topic, application-specific, secondary, sequential-only, or methodologically redundant with a verified primary anchor; it was not retained and is not used to support a substantive or absence conclusion.","Resolved at title/abstract/citation-context because the record was off-topic, application-specific, secondary, sequential-only, or methodologically redundant with a verified primary anchor; it was not retained and is not used to support a substantive or absence conclusion.","LEVEL_3_DISCOVERY_ONLY","NOT_RETRIEVED","","","NONE","","audit/phase2a1_raw_search_results/DEF/PHASE2A1-SEARCH-0038_laurent_forward_openalex.json","Discovery-only; not used in synthesis or an absence conclusion."
"A1DEF-0411","D-F","PHASE2A1-SEARCH-0038","2026-07-31","OpenAlex","Maximum a posteriori testing in statistical inverse problems","Remo Kretschmann; Frank Werner","2025","10.3934/ipi.2025015","https://openalex.org/W4409319667","A1-DUP-0692","A1DEF-0411","UNIQUE_OCCURRENCE","DEF","A1DEF-DUP-0357","FALSE_POSITIVE","FALSE_POSITIVE","Resolved at title/abstract/citation-context because the record was off-topic, application-specific, secondary, sequential-only, or methodologically redundant with a verified primary anchor; it was not retained and is not used to support a substantive or absence conclusion.","Resolved at title/abstract/citation-context because the record was off-topic, application-specific, secondary, sequential-only, or methodologically redundant with a verified primary anchor; it was not retained and is not used to support a substantive or absence conclusion.","LEVEL_3_DISCOVERY_ONLY","NOT_RETRIEVED","","","NONE","","audit/phase2a1_raw_search_results/DEF/PHASE2A1-SEARCH-0038_laurent_forward_openalex.json","Discovery-only; not used in synthesis or an absence conclusion."
"A1DEF-0412","D-F","PHASE2A1-SEARCH-0038","2026-07-31","OpenAlex","Signal detection for inverse problems in a multidimensional framework","Yu. I. Ingster; Béatrice Laurent; Clément Marteau","2014","10.3103/s1066530714040036","https://openalex.org/W1988015934","A1-DUP-0693","A1DEF-0412","UNIQUE_OCCURRENCE","DEF","A1DEF-DUP-0358","FALSE_POSITIVE","FALSE_POSITIVE","Resolved at title/abstract/citation-context because the record was off-topic, application-specific, secondary, sequential-only, or methodologically redundant with a verified primary anchor; it was not retained and is not used to support a substantive or absence conclusion.","Resolved at title/abstract/citation-context because the record was off-topic, application-specific, secondary, sequential-only, or methodologically redundant with a verified primary anchor; it was not retained and is not used to support a substantive or absence conclusion.","LEVEL_3_DISCOVERY_ONLY","NOT_RETRIEVED","","","NONE","","audit/phase2a1_raw_search_results/DEF/PHASE2A1-SEARCH-0038_laurent_forward_openalex.json","Discovery-only; not used in synthesis or an absence conclusion."
"A1DEF-0413","D-F","PHASE2A1-SEARCH-0038","2026-07-31","OpenAlex","General regularization schemes for signal detection in inverse problems","Clément Marteau; Peter Mathé","2014","10.3103/s1066530714030028","https://openalex.org/W2091059250","A1-DUP-0694","A1DEF-0413","UNIQUE_OCCURRENCE","DEF","A1DEF-DUP-0359","FALSE_POSITIVE","FALSE_POSITIVE","Resolved at title/abstract/citation-context because the record was off-topic, application-specific, secondary, sequential-only, or methodologically redundant with a verified primary anchor; it was not retained and is not used to support a substantive or absence conclusion.","Resolved at title/abstract/citation-context because the record was off-topic, application-specific, secondary, sequential-only, or methodologically redundant with a verified primary anchor; it was not retained and is not used to support a substantive or absence conclusion.","LEVEL_3_DISCOVERY_ONLY","NOT_RETRIEVED","","","NONE","","audit/phase2a1_raw_search_results/DEF/PHASE2A1-SEARCH-0038_laurent_forward_openalex.json","Discovery-only; not used in synthesis or an absence conclusion."
"A1DEF-0414","D-F","PHASE2A1-SEARCH-0038","2026-07-31","OpenAlex","A unified treatment for non-asymptotic and asymptotic approaches to minimax signal detection","Clément Marteau; Theofanis Sapatinas","2015","10.1214/15-ss112","https://openalex.org/W2286033046","A1-DUP-0695","A1DEF-0414","UNIQUE_OCCURRENCE","DEF","A1DEF-DUP-0360","FALSE_POSITIVE","FALSE_POSITIVE","Resolved at title/abstract/citation-context because the record was off-topic, application-specific, secondary, sequential-only, or methodologically redundant with a verified primary anchor; it was not retained and is not used to support a substantive or absence conclusion.","Resolved at title/abstract/citation-context because the record was off-topic, application-specific, secondary, sequential-only, or methodologically redundant with a verified primary anchor; it was not retained and is not used to support a substantive or absence conclusion.","LEVEL_3_DISCOVERY_ONLY","NOT_RETRIEVED","","","NONE","","audit/phase2a1_raw_search_results/DEF/PHASE2A1-SEARCH-0038_laurent_forward_openalex.json","Discovery-only; not used in synthesis or an absence conclusion."
"A1DEF-0415","D-F","PHASE2A1-SEARCH-0038","2026-07-31","OpenAlex","Minimax rates for sparse signal detection under correlation","Subhodh Kotekal; Chao Gao","2023","10.1093/imaiai/iaad044","https://openalex.org/W4388875619","A1-DUP-0696","A1DEF-0415","UNIQUE_OCCURRENCE","DEF","A1DEF-DUP-0361","FALSE_POSITIVE","FALSE_POSITIVE","Resolved at title/abstract/citation-context because the record was off-topic, application-specific, secondary, sequential-only, or methodologically redundant with a verified primary anchor; it was not retained and is not used to support a substantive or absence conclusion.","Resolved at title/abstract/citation-context because the record was off-topic, application-specific, secondary, sequential-only, or methodologically redundant with a verified primary anchor; it was not retained and is not used to support a substantive or absence conclusion.","LEVEL_3_DISCOVERY_ONLY","NOT_RETRIEVED","","","NONE","","audit/phase2a1_raw_search_results/DEF/PHASE2A1-SEARCH-0038_laurent_forward_openalex.json","Discovery-only; not used in synthesis or an absence conclusion."
"A1DEF-0416","D-F","PHASE2A1-SEARCH-0038","2026-07-31","OpenAlex","Sharp detection of smooth signals in a high-dimensional sparse matrix with indirect observations","Cristina Butucea; Ghislaine Gayraud","2016","10.1214/15-aihp689","https://openalex.org/W1714071681","A1-DUP-0697","A1DEF-0416","UNIQUE_OCCURRENCE","DEF","A1DEF-DUP-0362","FALSE_POSITIVE","FALSE_POSITIVE","Resolved at title/abstract/citation-context because the record was off-topic, application-specific, secondary, sequential-only, or methodologically redundant with a verified primary anchor; it was not retained and is not used to support a substantive or absence conclusion.","Resolved at title/abstract/citation-context because the record was off-topic, application-specific, secondary, sequential-only, or methodologically redundant with a verified primary anchor; it was not retained and is not used to support a substantive or absence conclusion.","LEVEL_3_DISCOVERY_ONLY","NOT_RETRIEVED","","","NONE","","audit/phase2a1_raw_search_results/DEF/PHASE2A1-SEARCH-0038_laurent_forward_openalex.json","Discovery-only; not used in synthesis or an absence conclusion."
"A1DEF-0417","D-F","PHASE2A1-SEARCH-0038","2026-07-31","OpenAlex","Sparse anomaly detection across referentials: A rank-based higher criticism approach","Ivo V. Stoepker; Rui M. Castro; Ery Arias-Castro","2025","10.1214/24-aos2477","https://openalex.org/W4409975317","A1-DUP-0698","A1DEF-0417","UNIQUE_OCCURRENCE","DEF","A1DEF-DUP-0363","FALSE_POSITIVE","FALSE_POSITIVE","Resolved at title/abstract/citation-context because the record was off-topic, application-specific, secondary, sequential-only, or methodologically redundant with a verified primary anchor; it was not retained and is not used to support a substantive or absence conclusion.","Resolved at title/abstract/citation-context because the record was off-topic, application-specific, secondary, sequential-only, or methodologically redundant with a verified primary anchor; it was not retained and is not used to support a substantive or absence conclusion.","LEVEL_3_DISCOVERY_ONLY","NOT_RETRIEVED","","","NONE","","audit/phase2a1_raw_search_results/DEF/PHASE2A1-SEARCH-0038_laurent_forward_openalex.json","Discovery-only; not used in synthesis or an absence conclusion."
"A1DEF-0418","D-F","PHASE2A1-SEARCH-0038","2026-07-31","OpenAlex","Family-Wise Separation Rates for multiple testing","Magalie Fromont; Matthieu Lerasle; Patricia Reynaud-Bouret","2016","10.1214/15-aos1418","https://openalex.org/W2552042701","A1-DUP-0699","A1DEF-0418","UNIQUE_OCCURRENCE","DEF","A1DEF-DUP-0364","FALSE_POSITIVE","FALSE_POSITIVE","Resolved at title/abstract/citation-context because the record was off-topic, application-specific, secondary, sequential-only, or methodologically redundant with a verified primary anchor; it was not retained and is not used to support a substantive or absence conclusion.","Resolved at title/abstract/citation-context because the record was off-topic, application-specific, secondary, sequential-only, or methodologically redundant with a verified primary anchor; it was not retained and is not used to support a substantive or absence conclusion.","LEVEL_3_DISCOVERY_ONLY","NOT_RETRIEVED","","","NONE","","audit/phase2a1_raw_search_results/DEF/PHASE2A1-SEARCH-0038_laurent_forward_openalex.json","Discovery-only; not used in synthesis or an absence conclusion."
"A1DEF-0419","D-F","PHASE2A1-SEARCH-0038","2026-07-31","OpenAlex","Bump detection in heterogeneous Gaussian regression","Farida Enikeeva; Axel Munk; Frank Werner","2017","10.3150/16-bej899","https://openalex.org/W2201169240","A1-DUP-0214","A1AC-0251","NORMALIZED_DOI","DEF","A1DEF-DUP-0365","FALSE_POSITIVE","DUPLICATE","Resolved at title/abstract/citation-context because the record was off-topic, application-specific, secondary, sequential-only, or methodologically redundant with a verified primary anchor; it was not retained and is not used to support a substantive or absence conclusion.","CROSS_WORKSTREAM_DUPLICATE_OF=A1AC-0251;MATCH_BASIS=NORMALIZED_DOI;SOURCE_DISPOSITION=FALSE_POSITIVE","LEVEL_3_DISCOVERY_ONLY","NOT_RETRIEVED","","","NONE","","audit/phase2a1_raw_search_results/DEF/PHASE2A1-SEARCH-0038_laurent_forward_openalex.json","Discovery-only; not used in synthesis or an absence conclusion."
"A1DEF-0420","D-F","PHASE2A1-SEARCH-0038","2026-07-31","OpenAlex","Goodness-of-fit testing strategies from indirect observations","Jean–Michel Loubes; Clément Marteau","2013","10.1080/10485252.2013.827680","https://openalex.org/W1967398801","A1-DUP-0700","A1DEF-0420","UNIQUE_OCCURRENCE","DEF","A1DEF-DUP-0366","FALSE_POSITIVE","FALSE_POSITIVE","Resolved at title/abstract/citation-context because the record was off-topic, application-specific, secondary, sequential-only, or methodologically redundant with a verified primary anchor; it was not retained and is not used to support a substantive or absence conclusion.","Resolved at title/abstract/citation-context because the record was off-topic, application-specific, secondary, sequential-only, or methodologically redundant with a verified primary anchor; it was not retained and is not used to support a substantive or absence conclusion.","LEVEL_3_DISCOVERY_ONLY","NOT_RETRIEVED","","","NONE","","audit/phase2a1_raw_search_results/DEF/PHASE2A1-SEARCH-0038_laurent_forward_openalex.json","Discovery-only; not used in synthesis or an absence conclusion."
"A1DEF-0421","D-F","PHASE2A1-SEARCH-0038","2026-07-31","OpenAlex","Multidimensional two-component Gaussian mixtures detection","Béatrice Laurent; Clément Marteau; Cathy Maugis-Rabusseau","2018","10.1214/17-aihp823","https://openalex.org/W2237470580","A1-DUP-0701","A1DEF-0421","UNIQUE_OCCURRENCE","DEF","A1DEF-DUP-0367","FALSE_POSITIVE","FALSE_POSITIVE","Resolved at title/abstract/citation-context because the record was off-topic, application-specific, secondary, sequential-only, or methodologically redundant with a verified primary anchor; it was not retained and is not used to support a substantive or absence conclusion.","Resolved at title/abstract/citation-context because the record was off-topic, application-specific, secondary, sequential-only, or methodologically redundant with a verified primary anchor; it was not retained and is not used to support a substantive or absence conclusion.","LEVEL_3_DISCOVERY_ONLY","NOT_RETRIEVED","","","NONE","","audit/phase2a1_raw_search_results/DEF/PHASE2A1-SEARCH-0038_laurent_forward_openalex.json","Discovery-only; not used in synthesis or an absence conclusion."
"A1DEF-0422","D-F","PHASE2A1-SEARCH-0038","2026-07-31","OpenAlex","Maxiset Point of View for Signal Detection in Inverse Problems","Florent Autin; Marianne Clausel; Jean‐Marc Freyermuth; Clément Marteau","2019","10.3103/s1066530719030037","https://openalex.org/W2792075029","A1-DUP-0702","A1DEF-0422","UNIQUE_OCCURRENCE","DEF","A1DEF-DUP-0368","FALSE_POSITIVE","FALSE_POSITIVE","Resolved at title/abstract/citation-context because the record was off-topic, application-specific, secondary, sequential-only, or methodologically redundant with a verified primary anchor; it was not retained and is not used to support a substantive or absence conclusion.","Resolved at title/abstract/citation-context because the record was off-topic, application-specific, secondary, sequential-only, or methodologically redundant with a verified primary anchor; it was not retained and is not used to support a substantive or absence conclusion.","LEVEL_3_DISCOVERY_ONLY","NOT_RETRIEVED","","","NONE","","audit/phase2a1_raw_search_results/DEF/PHASE2A1-SEARCH-0038_laurent_forward_openalex.json","Discovery-only; not used in synthesis or an absence conclusion."
"A1DEF-0423","D-F","PHASE2A1-SEARCH-0038","2026-07-31","OpenAlex","Adaptive Bayesian Estimation in Indirect Gaussian Sequence Space Models","Johannes; Anna Simoni; Schenk","2020","10.15609/annaeconstat2009.137.0083","https://openalex.org/W3011129963","A1-DUP-0703","A1DEF-0423","UNIQUE_OCCURRENCE","DEF","A1DEF-DUP-0369","FALSE_POSITIVE","FALSE_POSITIVE","Resolved at title/abstract/citation-context because the record was off-topic, application-specific, secondary, sequential-only, or methodologically redundant with a verified primary anchor; it was not retained and is not used to support a substantive or absence conclusion.","Resolved at title/abstract/citation-context because the record was off-topic, application-specific, secondary, sequential-only, or methodologically redundant with a verified primary anchor; it was not retained and is not used to support a substantive or absence conclusion.","LEVEL_3_DISCOVERY_ONLY","NOT_RETRIEVED","","","NONE","","audit/phase2a1_raw_search_results/DEF/PHASE2A1-SEARCH-0038_laurent_forward_openalex.json","Discovery-only; not used in synthesis or an absence conclusion."
"A1DEF-0424","D-F","PHASE2A1-SEARCH-0038","2026-07-31","OpenAlex","Minimax detection of localized signals in statistical inverse problems","Markus Pohlmann; Frank Werner; Axel Munk","2023","10.1093/imaiai/iaad026","https://openalex.org/W4384660896","A1-DUP-0704","A1DEF-0424","UNIQUE_OCCURRENCE","DEF","A1DEF-DUP-0370","FALSE_POSITIVE","FALSE_POSITIVE","Resolved at title/abstract/citation-context because the record was off-topic, application-specific, secondary, sequential-only, or methodologically redundant with a verified primary anchor; it was not retained and is not used to support a substantive or absence conclusion.","Resolved at title/abstract/citation-context because the record was off-topic, application-specific, secondary, sequential-only, or methodologically redundant with a verified primary anchor; it was not retained and is not used to support a substantive or absence conclusion.","LEVEL_3_DISCOVERY_ONLY","NOT_RETRIEVED","","","NONE","","audit/phase2a1_raw_search_results/DEF/PHASE2A1-SEARCH-0038_laurent_forward_openalex.json","Discovery-only; not used in synthesis or an absence conclusion."
"A1DEF-0425","D-F","PHASE2A1-SEARCH-0038","2026-07-31","OpenAlex","Multiscale scanning in inverse problems","Katharina Proksch; Frank Werner; Axel Munk","2018","10.1214/17-aos1669","https://openalex.org/W2549475995","A1-DUP-0705","A1DEF-0425","UNIQUE_OCCURRENCE","DEF","A1DEF-DUP-0371","FALSE_POSITIVE","FALSE_POSITIVE","Resolved at title/abstract/citation-context because the record was off-topic, application-specific, secondary, sequential-only, or methodologically redundant with a verified primary anchor; it was not retained and is not used to support a substantive or absence conclusion.","Resolved at title/abstract/citation-context because the record was off-topic, application-specific, secondary, sequential-only, or methodologically redundant with a verified primary anchor; it was not retained and is not used to support a substantive or absence conclusion.","LEVEL_3_DISCOVERY_ONLY","NOT_RETRIEVED","","","NONE","","audit/phase2a1_raw_search_results/DEF/PHASE2A1-SEARCH-0038_laurent_forward_openalex.json","Discovery-only; not used in synthesis or an absence conclusion."
"A1DEF-0426","D-F","PHASE2A1-SEARCH-0038","2026-07-31","OpenAlex","Adaptive Minimax Testing for Circular Convolution","Sandra Schluttenhofer; Jan Johannes","2020","10.3103/s1066530720020039","https://openalex.org/W3040714936","A1-DUP-0706","A1DEF-0426","UNIQUE_OCCURRENCE","DEF","A1DEF-DUP-0372","FALSE_POSITIVE","FALSE_POSITIVE","Resolved at title/abstract/citation-context because the record was off-topic, application-specific, secondary, sequential-only, or methodologically redundant with a verified primary anchor; it was not retained and is not used to support a substantive or absence conclusion.","Resolved at title/abstract/citation-context because the record was off-topic, application-specific, secondary, sequential-only, or methodologically redundant with a verified primary anchor; it was not retained and is not used to support a substantive or absence conclusion.","LEVEL_3_DISCOVERY_ONLY","NOT_RETRIEVED","","","NONE","","audit/phase2a1_raw_search_results/DEF/PHASE2A1-SEARCH-0038_laurent_forward_openalex.json","Discovery-only; not used in synthesis or an absence conclusion."
"A1DEF-0427","D-F","PHASE2A1-SEARCH-0039","2026-07-31","OpenAlex","Channel Coding Rate in the Finite Blocklength Regime","Yury Polyanskiy; H. Vincent Poor; Sergio Verdú","2010","10.1109/tit.2010.2043769","https://openalex.org/W2106864314","A1-DUP-0707","A1DEF-0427","SOURCE_LEDGER_GROUP","DEF","A1DEF-DUP-0373","FULL_TEXT_INCLUDED","FULL_TEXT_INCLUDED","","","LEVEL_1_LOAD_BEARING","AUTHOR_MANUSCRIPT_FULL_TEXT_INSPECTED","Section III-E equations (100)-(105) beta_alpha formulation; Theorem 26 pp.25-27; Theorem 27 equation (134); Theorems 30-31 equations (148) and (153).","P0069","EXISTING_CORPUS_RECORD","NEW_CORPUS_CANDIDATE","audit/phase2a1_raw_search_results/DEF/PHASE2A1-SEARCH-0039_polyanskiy_anchor_openalex.json","Exact nonasymptotic fixed-block converses for finite-message channel coding; transferable as lower-bound machinery after a finite packing, not a constructive composite test."
"A1DEF-0428","D-F","PHASE2A1-SEARCH-0039","2026-07-31","OpenAlex","A Mathematical Theory of Communication","Claude E. Shannon","1948","10.1002/j.1538-7305.1948.tb01338.x","https://openalex.org/W1995875735","A1-DUP-0708","A1DEF-0428","UNIQUE_OCCURRENCE","DEF","A1DEF-DUP-0374","FALSE_POSITIVE","FALSE_POSITIVE","Resolved at title/abstract/citation-context because the record was off-topic, application-specific, secondary, sequential-only, or methodologically redundant with a verified primary anchor; it was not retained and is not used to support a substantive or absence conclusion.","Resolved at title/abstract/citation-context because the record was off-topic, application-specific, secondary, sequential-only, or methodologically redundant with a verified primary anchor; it was not retained and is not used to support a substantive or absence conclusion.","LEVEL_3_DISCOVERY_ONLY","NOT_RETRIEVED","","","NONE","","audit/phase2a1_raw_search_results/DEF/PHASE2A1-SEARCH-0039_polyanskiy_backward_openalex.json","Discovery-only; not used in synthesis or an absence conclusion."
"A1DEF-0429","D-F","PHASE2A1-SEARCH-0039","2026-07-31","OpenAlex","Handbook of Mathematical Functions with Formulas","D. B. Owen","1965","10.1080/00401706.1965.10490234","https://openalex.org/W1996160600","A1-DUP-0709","A1DEF-0429","UNIQUE_OCCURRENCE","DEF","A1DEF-DUP-0375","FALSE_POSITIVE","FALSE_POSITIVE","Resolved at title/abstract/citation-context because the record was off-topic, application-specific, secondary, sequential-only, or methodologically redundant with a verified primary anchor; it was not retained and is not used to support a substantive or absence conclusion.","Resolved at title/abstract/citation-context because the record was off-topic, application-specific, secondary, sequential-only, or methodologically redundant with a verified primary anchor; it was not retained and is not used to support a substantive or absence conclusion.","LEVEL_3_DISCOVERY_ONLY","NOT_RETRIEVED","","","NONE","","audit/phase2a1_raw_search_results/DEF/PHASE2A1-SEARCH-0039_polyanskiy_backward_openalex.json","Discovery-only; not used in synthesis or an absence conclusion."
"A1DEF-0430","D-F","PHASE2A1-SEARCH-0039","2026-07-31","OpenAlex","Information Theory and Reliable Communication","David A. Bell","1969","10.1049/ep.1969.0319","https://openalex.org/W1989008275","A1-DUP-0710","A1DEF-0430","UNIQUE_OCCURRENCE","DEF","A1DEF-DUP-0376","FALSE_POSITIVE","FALSE_POSITIVE","Resolved at title/abstract/citation-context because the record was off-topic, application-specific, secondary, sequential-only, or methodologically redundant with a verified primary anchor; it was not retained and is not used to support a substantive or absence conclusion.","Resolved at title/abstract/citation-context because the record was off-topic, application-specific, secondary, sequential-only, or methodologically redundant with a verified primary anchor; it was not retained and is not used to support a substantive or absence conclusion.","LEVEL_3_DISCOVERY_ONLY","NOT_RETRIEVED","","","NONE","","audit/phase2a1_raw_search_results/DEF/PHASE2A1-SEARCH-0039_polyanskiy_backward_openalex.json","Discovery-only; not used in synthesis or an absence conclusion."
"A1DEF-0431","D-F","PHASE2A1-SEARCH-0039","2026-07-31","OpenAlex","A personal communication","Micheál Jacob","1989","10.1177/001789698904800401","https://openalex.org/W2034441788","A1-DUP-0711","A1DEF-0431","UNIQUE_OCCURRENCE","DEF","A1DEF-DUP-0377","FALSE_POSITIVE","FALSE_POSITIVE","Resolved at title/abstract/citation-context because the record was off-topic, application-specific, secondary, sequential-only, or methodologically redundant with a verified primary anchor; it was not retained and is not used to support a substantive or absence conclusion.","Resolved at title/abstract/citation-context because the record was off-topic, application-specific, secondary, sequential-only, or methodologically redundant with a verified primary anchor; it was not retained and is not used to support a substantive or absence conclusion.","LEVEL_3_DISCOVERY_ONLY","NOT_RETRIEVED","","","NONE","","audit/phase2a1_raw_search_results/DEF/PHASE2A1-SEARCH-0039_polyanskiy_backward_openalex.json","Discovery-only; not used in synthesis or an absence conclusion."
"A1DEF-0432","D-F","PHASE2A1-SEARCH-0039","2026-07-31","OpenAlex","An introduction to signal detection and estimation (2nd ed.)","H. Vincent Poor","1994","https://openalex.org/W1590772317","https://openalex.org/W1590772317","A1-DUP-0712","A1DEF-0432","UNIQUE_OCCURRENCE","DEF","A1DEF-DUP-0378","FALSE_POSITIVE","FALSE_POSITIVE","Resolved at title/abstract/citation-context because the record was off-topic, application-specific, secondary, sequential-only, or methodologically redundant with a verified primary anchor; it was not retained and is not used to support a substantive or absence conclusion.","Resolved at title/abstract/citation-context because the record was off-topic, application-specific, secondary, sequential-only, or methodologically redundant with a verified primary anchor; it was not retained and is not used to support a substantive or absence conclusion.","LEVEL_3_DISCOVERY_ONLY","NOT_RETRIEVED","","","NONE","","audit/phase2a1_raw_search_results/DEF/PHASE2A1-SEARCH-0039_polyanskiy_backward_openalex.json","Discovery-only; not used in synthesis or an absence conclusion."
"A1DEF-0433","D-F","PHASE2A1-SEARCH-0039","2026-07-31","OpenAlex","Finite-length analysis of low-density parity-check codes on the binary erasure channel","Changyan Di; D. Proietti; I.E. Telatar; Thomas J. Richardson; Rüdiger Urbanke","2002","10.1109/tit.2002.1003839","https://openalex.org/W2095882513","A1-DUP-0713","A1DEF-0433","UNIQUE_OCCURRENCE","DEF","A1DEF-DUP-0379","FALSE_POSITIVE","FALSE_POSITIVE","Resolved at title/abstract/citation-context because the record was off-topic, application-specific, secondary, sequential-only, or methodologically redundant with a verified primary anchor; it was not retained and is not used to support a substantive or absence conclusion.","Resolved at title/abstract/citation-context because the record was off-topic, application-specific, secondary, sequential-only, or methodologically redundant with a verified primary anchor; it was not retained and is not used to support a substantive or absence conclusion.","LEVEL_3_DISCOVERY_ONLY","NOT_RETRIEVED","","","NONE","","audit/phase2a1_raw_search_results/DEF/PHASE2A1-SEARCH-0039_polyanskiy_backward_openalex.json","Discovery-only; not used in synthesis or an absence conclusion."
"A1DEF-0434","D-F","PHASE2A1-SEARCH-0039","2026-07-31","OpenAlex","Probability of Error for Optimal Codes in a Gaussian Channel","Claude E. Shannon","1959","10.1002/j.1538-7305.1959.tb03905.x","https://openalex.org/W2044180609","A1-DUP-0714","A1DEF-0434","UNIQUE_OCCURRENCE","DEF","A1DEF-DUP-0380","FALSE_POSITIVE","FALSE_POSITIVE","Resolved at title/abstract/citation-context because the record was off-topic, application-specific, secondary, sequential-only, or methodologically redundant with a verified primary anchor; it was not retained and is not used to support a substantive or absence conclusion.","Resolved at title/abstract/citation-context because the record was off-topic, application-specific, secondary, sequential-only, or methodologically redundant with a verified primary anchor; it was not retained and is not used to support a substantive or absence conclusion.","LEVEL_3_DISCOVERY_ONLY","NOT_RETRIEVED","","","NONE","","audit/phase2a1_raw_search_results/DEF/PHASE2A1-SEARCH-0039_polyanskiy_backward_openalex.json","Discovery-only; not used in synthesis or an absence conclusion."
"A1DEF-0435","D-F","PHASE2A1-SEARCH-0039","2026-07-31","OpenAlex","A general formula for channel capacity","Sergio Verdú; Te Sun Han","1994","10.1109/18.335960","https://openalex.org/W2020347709","A1-DUP-0715","A1DEF-0435","UNIQUE_OCCURRENCE","DEF","A1DEF-DUP-0381","FALSE_POSITIVE","FALSE_POSITIVE","Resolved at title/abstract/citation-context because the record was off-topic, application-specific, secondary, sequential-only, or methodologically redundant with a verified primary anchor; it was not retained and is not used to support a substantive or absence conclusion.","Resolved at title/abstract/citation-context because the record was off-topic, application-specific, secondary, sequential-only, or methodologically redundant with a verified primary anchor; it was not retained and is not used to support a substantive or absence conclusion.","LEVEL_3_DISCOVERY_ONLY","NOT_RETRIEVED","","","NONE","","audit/phase2a1_raw_search_results/DEF/PHASE2A1-SEARCH-0039_polyanskiy_backward_openalex.json","Discovery-only; not used in synthesis or an absence conclusion."
"A1DEF-0436","D-F","PHASE2A1-SEARCH-0039","2026-07-31","OpenAlex","A simple derivation of the coding theorem and some applications","Robert G. Gallager","1965","10.1109/tit.1965.1053730","https://openalex.org/W1993944611","A1-DUP-0716","A1DEF-0436","UNIQUE_OCCURRENCE","DEF","A1DEF-DUP-0382","FALSE_POSITIVE","FALSE_POSITIVE","Resolved at title/abstract/citation-context because the record was off-topic, application-specific, secondary, sequential-only, or methodologically redundant with a verified primary anchor; it was not retained and is not used to support a substantive or absence conclusion.","Resolved at title/abstract/citation-context because the record was off-topic, application-specific, secondary, sequential-only, or methodologically redundant with a verified primary anchor; it was not retained and is not used to support a substantive or absence conclusion.","LEVEL_3_DISCOVERY_ONLY","NOT_RETRIEVED","","","NONE","","audit/phase2a1_raw_search_results/DEF/PHASE2A1-SEARCH-0039_polyanskiy_backward_openalex.json","Discovery-only; not used in synthesis or an absence conclusion."
"A1DEF-0437","D-F","PHASE2A1-SEARCH-0039","2026-07-31","OpenAlex","Lower bounds to error probability for coding on discrete memoryless channels. II","Claude E. Shannon; Robert G. Gallager; Elwyn R. Berlekamp","1967","10.1016/s0019-9958(67)91200-4","https://openalex.org/W2005530146","A1-DUP-0717","A1DEF-0437","UNIQUE_OCCURRENCE","DEF","A1DEF-DUP-0383","FALSE_POSITIVE","FALSE_POSITIVE","Resolved at title/abstract/citation-context because the record was off-topic, application-specific, secondary, sequential-only, or methodologically redundant with a verified primary anchor; it was not retained and is not used to support a substantive or absence conclusion.","Resolved at title/abstract/citation-context because the record was off-topic, application-specific, secondary, sequential-only, or methodologically redundant with a verified primary anchor; it was not retained and is not used to support a substantive or absence conclusion.","LEVEL_3_DISCOVERY_ONLY","NOT_RETRIEVED","","","NONE","","audit/phase2a1_raw_search_results/DEF/PHASE2A1-SEARCH-0039_polyanskiy_backward_openalex.json","Discovery-only; not used in synthesis or an absence conclusion."
"A1DEF-0438","D-F","PHASE2A1-SEARCH-0039","2026-07-31","OpenAlex","Coding Theorems of Information Theory","J. Wolfowitz","1978","10.1007/978-3-642-66822-7","https://openalex.org/W1978910765","A1-DUP-0718","A1DEF-0438","UNIQUE_OCCURRENCE","DEF","A1DEF-DUP-0384","FALSE_POSITIVE","FALSE_POSITIVE","Resolved at title/abstract/citation-context because the record was off-topic, application-specific, secondary, sequential-only, or methodologically redundant with a verified primary anchor; it was not retained and is not used to support a substantive or absence conclusion.","Resolved at title/abstract/citation-context because the record was off-topic, application-specific, secondary, sequential-only, or methodologically redundant with a verified primary anchor; it was not retained and is not used to support a substantive or absence conclusion.","LEVEL_3_DISCOVERY_ONLY","NOT_RETRIEVED","","","NONE","","audit/phase2a1_raw_search_results/DEF/PHASE2A1-SEARCH-0039_polyanskiy_backward_openalex.json","Discovery-only; not used in synthesis or an absence conclusion."
"A1DEF-0439","D-F","PHASE2A1-SEARCH-0039","2026-07-31","OpenAlex","Hypothesis testing and information theory","Richard E. Blahut","1974","10.1109/tit.1974.1055254","https://openalex.org/W2034597819","A1-DUP-0719","A1DEF-0439","UNIQUE_OCCURRENCE","DEF","A1DEF-DUP-0385","FALSE_POSITIVE","FALSE_POSITIVE","Resolved at title/abstract/citation-context because the record was off-topic, application-specific, secondary, sequential-only, or methodologically redundant with a verified primary anchor; it was not retained and is not used to support a substantive or absence conclusion.","Resolved at title/abstract/citation-context because the record was off-topic, application-specific, secondary, sequential-only, or methodologically redundant with a verified primary anchor; it was not retained and is not used to support a substantive or absence conclusion.","LEVEL_3_DISCOVERY_ONLY","NOT_RETRIEVED","","","NONE","","audit/phase2a1_raw_search_results/DEF/PHASE2A1-SEARCH-0039_polyanskiy_backward_openalex.json","Discovery-only; not used in synthesis or an absence conclusion."
"A1DEF-0440","D-F","PHASE2A1-SEARCH-0039","2026-07-31","OpenAlex","On the concentration function of a sum of independent random variables","Carl-Gustav Esseen","1968","10.1007/bf00531753","https://openalex.org/W2042699980","A1-DUP-0720","A1DEF-0440","UNIQUE_OCCURRENCE","DEF","A1DEF-DUP-0386","FALSE_POSITIVE","FALSE_POSITIVE","Resolved at title/abstract/citation-context because the record was off-topic, application-specific, secondary, sequential-only, or methodologically redundant with a verified primary anchor; it was not retained and is not used to support a substantive or absence conclusion.","Resolved at title/abstract/citation-context because the record was off-topic, application-specific, secondary, sequential-only, or methodologically redundant with a verified primary anchor; it was not retained and is not used to support a substantive or absence conclusion.","LEVEL_3_DISCOVERY_ONLY","NOT_RETRIEVED","","","NONE","","audit/phase2a1_raw_search_results/DEF/PHASE2A1-SEARCH-0039_polyanskiy_backward_openalex.json","Discovery-only; not used in synthesis or an absence conclusion."
"A1DEF-0441","D-F","PHASE2A1-SEARCH-0039","2026-07-31","OpenAlex","The coding of messages subject to chance errors","J. Wolfowitz","1957","10.1215/ijm/1255380682","https://openalex.org/W1588709600","A1-DUP-0721","A1DEF-0441","UNIQUE_OCCURRENCE","DEF","A1DEF-DUP-0387","FALSE_POSITIVE","FALSE_POSITIVE","Resolved at title/abstract/citation-context because the record was off-topic, application-specific, secondary, sequential-only, or methodologically redundant with a verified primary anchor; it was not retained and is not used to support a substantive or absence conclusion.","Resolved at title/abstract/citation-context because the record was off-topic, application-specific, secondary, sequential-only, or methodologically redundant with a verified primary anchor; it was not retained and is not used to support a substantive or absence conclusion.","LEVEL_3_DISCOVERY_ONLY","NOT_RETRIEVED","","","NONE","","audit/phase2a1_raw_search_results/DEF/PHASE2A1-SEARCH-0039_polyanskiy_backward_openalex.json","Discovery-only; not used in synthesis or an absence conclusion."
"A1DEF-0442","D-F","PHASE2A1-SEARCH-0039","2026-07-31","OpenAlex","An application of Fourier methods to the problem of sharpening the Berry-Esseen inequality","Paul Beek","1972","10.1007/bf00536558","https://openalex.org/W2018287613","A1-DUP-0722","A1DEF-0442","UNIQUE_OCCURRENCE","DEF","A1DEF-DUP-0388","FALSE_POSITIVE","FALSE_POSITIVE","Resolved at title/abstract/citation-context because the record was off-topic, application-specific, secondary, sequential-only, or methodologically redundant with a verified primary anchor; it was not retained and is not used to support a substantive or absence conclusion.","Resolved at title/abstract/citation-context because the record was off-topic, application-specific, secondary, sequential-only, or methodologically redundant with a verified primary anchor; it was not retained and is not used to support a substantive or absence conclusion.","LEVEL_3_DISCOVERY_ONLY","NOT_RETRIEVED","","","NONE","","audit/phase2a1_raw_search_results/DEF/PHASE2A1-SEARCH-0039_polyanskiy_backward_openalex.json","Discovery-only; not used in synthesis or an absence conclusion."
"A1DEF-0443","D-F","PHASE2A1-SEARCH-0039","2026-07-31","OpenAlex","Certain results in coding theory for noisy channels","Claude E. Shannon","1957","10.1016/s0019-9958(57)90039-6","https://openalex.org/W2008825922","A1-DUP-0723","A1DEF-0443","UNIQUE_OCCURRENCE","DEF","A1DEF-DUP-0389","FALSE_POSITIVE","FALSE_POSITIVE","Resolved at title/abstract/citation-context because the record was off-topic, application-specific, secondary, sequential-only, or methodologically redundant with a verified primary anchor; it was not retained and is not used to support a substantive or absence conclusion.","Resolved at title/abstract/citation-context because the record was off-topic, application-specific, secondary, sequential-only, or methodologically redundant with a verified primary anchor; it was not retained and is not used to support a substantive or absence conclusion.","LEVEL_3_DISCOVERY_ONLY","NOT_RETRIEVED","","","NONE","","audit/phase2a1_raw_search_results/DEF/PHASE2A1-SEARCH-0039_polyanskiy_backward_openalex.json","Discovery-only; not used in synthesis or an absence conclusion."
"A1DEF-0444","D-F","PHASE2A1-SEARCH-0039","2026-07-31","OpenAlex","Code Performance as a Function of Block Size","S. Dolinar; D. Divsalar; F. Pollara","1998","https://openalex.org/W1619724041","https://openalex.org/W1619724041","A1-DUP-0724","A1DEF-0444","UNIQUE_OCCURRENCE","DEF","A1DEF-DUP-0390","FALSE_POSITIVE","FALSE_POSITIVE","Resolved at title/abstract/citation-context because the record was off-topic, application-specific, secondary, sequential-only, or methodologically redundant with a verified primary anchor; it was not retained and is not used to support a substantive or absence conclusion.","Resolved at title/abstract/citation-context because the record was off-topic, application-specific, secondary, sequential-only, or methodologically redundant with a verified primary anchor; it was not retained and is not used to support a substantive or absence conclusion.","LEVEL_3_DISCOVERY_ONLY","NOT_RETRIEVED","","","NONE","","audit/phase2a1_raw_search_results/DEF/PHASE2A1-SEARCH-0039_polyanskiy_backward_openalex.json","Discovery-only; not used in synthesis or an absence conclusion."
"A1DEF-0445","D-F","PHASE2A1-SEARCH-0039","2026-07-31","OpenAlex","Notes on a general strong converse","J. Wolfowitz","1968","10.1016/s0019-9958(68)90112-5","https://openalex.org/W2094027184","A1-DUP-0725","A1DEF-0445","UNIQUE_OCCURRENCE","DEF","A1DEF-DUP-0391","FALSE_POSITIVE","FALSE_POSITIVE","Resolved at title/abstract/citation-context because the record was off-topic, application-specific, secondary, sequential-only, or methodologically redundant with a verified primary anchor; it was not retained and is not used to support a substantive or absence conclusion.","Resolved at title/abstract/citation-context because the record was off-topic, application-specific, secondary, sequential-only, or methodologically redundant with a verified primary anchor; it was not retained and is not used to support a substantive or absence conclusion.","LEVEL_3_DISCOVERY_ONLY","NOT_RETRIEVED","","","NONE","","audit/phase2a1_raw_search_results/DEF/PHASE2A1-SEARCH-0039_polyanskiy_backward_openalex.json","Discovery-only; not used in synthesis or an absence conclusion."
"A1DEF-0446","D-F","PHASE2A1-SEARCH-0039","2026-07-31","OpenAlex","Bounds on Communication","D. Slepian","1963","10.1002/j.1538-7305.1963.tb04013.x","https://openalex.org/W2017309302","A1-DUP-0726","A1DEF-0446","UNIQUE_OCCURRENCE","DEF","A1DEF-DUP-0392","FALSE_POSITIVE","FALSE_POSITIVE","Resolved at title/abstract/citation-context because the record was off-topic, application-specific, secondary, sequential-only, or methodologically redundant with a verified primary anchor; it was not retained and is not used to support a substantive or absence conclusion.","Resolved at title/abstract/citation-context because the record was off-topic, application-specific, secondary, sequential-only, or methodologically redundant with a verified primary anchor; it was not retained and is not used to support a substantive or absence conclusion.","LEVEL_3_DISCOVERY_ONLY","NOT_RETRIEVED","","","NONE","","audit/phase2a1_raw_search_results/DEF/PHASE2A1-SEARCH-0039_polyanskiy_backward_openalex.json","Discovery-only; not used in synthesis or an absence conclusion."
"A1DEF-0447","D-F","PHASE2A1-SEARCH-0039","2026-07-31","OpenAlex","Mathematical Problems in the Shannon Theory of Optimal Coding of Information","R. L. Dobrushin","1961","https://openalex.org/W1597135703","https://openalex.org/W1597135703","A1-DUP-0727","A1DEF-0447","UNIQUE_OCCURRENCE","DEF","A1DEF-DUP-0393","FALSE_POSITIVE","FALSE_POSITIVE","Resolved at title/abstract/citation-context because the record was off-topic, application-specific, secondary, sequential-only, or methodologically redundant with a verified primary anchor; it was not retained and is not used to support a substantive or absence conclusion.","Resolved at title/abstract/citation-context because the record was off-topic, application-specific, secondary, sequential-only, or methodologically redundant with a verified primary anchor; it was not retained and is not used to support a substantive or absence conclusion.","LEVEL_3_DISCOVERY_ONLY","NOT_RETRIEVED","","","NONE","","audit/phase2a1_raw_search_results/DEF/PHASE2A1-SEARCH-0039_polyanskiy_backward_openalex.json","Discovery-only; not used in synthesis or an absence conclusion."
"A1DEF-0448","D-F","PHASE2A1-SEARCH-0039","2026-07-31","OpenAlex","The information-outage probability of finite-length codes over AWGN channels","David Buckingham; Matthew C. Valenti","2008","10.1109/ciss.2008.4558558","https://openalex.org/W2055620998","A1-DUP-0728","A1DEF-0448","UNIQUE_OCCURRENCE","DEF","A1DEF-DUP-0394","FALSE_POSITIVE","FALSE_POSITIVE","Resolved at title/abstract/citation-context because the record was off-topic, application-specific, secondary, sequential-only, or methodologically redundant with a verified primary anchor; it was not retained and is not used to support a substantive or absence conclusion.","Resolved at title/abstract/citation-context because the record was off-topic, application-specific, secondary, sequential-only, or methodologically redundant with a verified primary anchor; it was not retained and is not used to support a substantive or absence conclusion.","LEVEL_3_DISCOVERY_ONLY","NOT_RETRIEVED","","","NONE","","audit/phase2a1_raw_search_results/DEF/PHASE2A1-SEARCH-0039_polyanskiy_backward_openalex.json","Discovery-only; not used in synthesis or an absence conclusion."
"A1DEF-0449","D-F","PHASE2A1-SEARCH-0039","2026-07-31","OpenAlex","A ubiquitous, personalized computing environment for all: Teleporting in an X Window System Environment","T. Richardson; F. Bennett; Glenford Mapp; A. Hopper","1994","10.1109/mpc.1994.311827","https://openalex.org/W2090841176","A1-DUP-0729","A1DEF-0449","UNIQUE_OCCURRENCE","DEF","A1DEF-DUP-0395","FALSE_POSITIVE","FALSE_POSITIVE","Resolved at title/abstract/citation-context because the record was off-topic, application-specific, secondary, sequential-only, or methodologically redundant with a verified primary anchor; it was not retained and is not used to support a substantive or absence conclusion.","Resolved at title/abstract/citation-context because the record was off-topic, application-specific, secondary, sequential-only, or methodologically redundant with a verified primary anchor; it was not retained and is not used to support a substantive or absence conclusion.","LEVEL_3_DISCOVERY_ONLY","NOT_RETRIEVED","","","NONE","","audit/phase2a1_raw_search_results/DEF/PHASE2A1-SEARCH-0039_polyanskiy_backward_openalex.json","Discovery-only; not used in synthesis or an absence conclusion."
"A1DEF-0450","D-F","PHASE2A1-SEARCH-0039","2026-07-31","OpenAlex","Microwave Radio Links: From Theory to Design","Carlos Salema","2002","https://openalex.org/W593251972","https://openalex.org/W593251972","A1-DUP-0730","A1DEF-0450","UNIQUE_OCCURRENCE","DEF","A1DEF-DUP-0396","FALSE_POSITIVE","FALSE_POSITIVE","Resolved at title/abstract/citation-context because the record was off-topic, application-specific, secondary, sequential-only, or methodologically redundant with a verified primary anchor; it was not retained and is not used to support a substantive or absence conclusion.","Resolved at title/abstract/citation-context because the record was off-topic, application-specific, secondary, sequential-only, or methodologically redundant with a verified primary anchor; it was not retained and is not used to support a substantive or absence conclusion.","LEVEL_3_DISCOVERY_ONLY","NOT_RETRIEVED","","","NONE","","audit/phase2a1_raw_search_results/DEF/PHASE2A1-SEARCH-0039_polyanskiy_backward_openalex.json","Discovery-only; not used in synthesis or an absence conclusion."
"A1DEF-0451","D-F","PHASE2A1-SEARCH-0039","2026-07-31","OpenAlex","Coding theorems of information theory","Amiel Feinstein","1963","10.1016/s0019-9958(63)90434-0","https://openalex.org/W1990209594","A1-DUP-0731","A1DEF-0451","UNIQUE_OCCURRENCE","DEF","A1DEF-DUP-0397","FALSE_POSITIVE","FALSE_POSITIVE","Resolved at title/abstract/citation-context because the record was off-topic, application-specific, secondary, sequential-only, or methodologically redundant with a verified primary anchor; it was not retained and is not used to support a substantive or absence conclusion.","Resolved at title/abstract/citation-context because the record was off-topic, application-specific, secondary, sequential-only, or methodologically redundant with a verified primary anchor; it was not retained and is not used to support a substantive or absence conclusion.","LEVEL_3_DISCOVERY_ONLY","NOT_RETRIEVED","","","NONE","","audit/phase2a1_raw_search_results/DEF/PHASE2A1-SEARCH-0039_polyanskiy_backward_openalex.json","Discovery-only; not used in synthesis or an absence conclusion."
"A1DEF-0452","D-F","PHASE2A1-SEARCH-0039","2026-07-31","OpenAlex","Inequalities for Bessel Functions of a Purely Imaginary Argument","A. V. Prokhorov","1968","10.1137/1113063","https://openalex.org/W2070496065","A1-DUP-0732","A1DEF-0452","UNIQUE_OCCURRENCE","DEF","A1DEF-DUP-0398","FALSE_POSITIVE","FALSE_POSITIVE","Resolved at title/abstract/citation-context because the record was off-topic, application-specific, secondary, sequential-only, or methodologically redundant with a verified primary anchor; it was not retained and is not used to support a substantive or absence conclusion.","Resolved at title/abstract/citation-context because the record was off-topic, application-specific, secondary, sequential-only, or methodologically redundant with a verified primary anchor; it was not retained and is not used to support a substantive or absence conclusion.","LEVEL_3_DISCOVERY_ONLY","NOT_RETRIEVED","","","NONE","","audit/phase2a1_raw_search_results/DEF/PHASE2A1-SEARCH-0039_polyanskiy_backward_openalex.json","Discovery-only; not used in synthesis or an absence conclusion."
"A1DEF-0453","D-F","PHASE2A1-SEARCH-0039","2026-07-31","OpenAlex","In-Band Full-Duplex Wireless: Challenges and Opportunities","Ashutosh Sabharwal; Philip Schniter; Dongning Guo; Daniel W. Bliss; Sampath Rangarajan; Risto Wichman","2014","10.1109/jsac.2014.2330193","https://openalex.org/W2049516452","A1-DUP-0733","A1DEF-0453","UNIQUE_OCCURRENCE","DEF","A1DEF-DUP-0399","FALSE_POSITIVE","FALSE_POSITIVE","Resolved at title/abstract/citation-context because the record was off-topic, application-specific, secondary, sequential-only, or methodologically redundant with a verified primary anchor; it was not retained and is not used to support a substantive or absence conclusion.","Resolved at title/abstract/citation-context because the record was off-topic, application-specific, secondary, sequential-only, or methodologically redundant with a verified primary anchor; it was not retained and is not used to support a substantive or absence conclusion.","LEVEL_3_DISCOVERY_ONLY","NOT_RETRIEVED","","","NONE","","audit/phase2a1_raw_search_results/DEF/PHASE2A1-SEARCH-0039_polyanskiy_forward_openalex.json","Discovery-only; not used in synthesis or an absence conclusion."
"A1DEF-0454","D-F","PHASE2A1-SEARCH-0039","2026-07-31","OpenAlex","Massive MIMO Networks: Spectral, Energy, and Hardware Efficiency","Emil Björnson; Jakob Hoydis; Luca Sanguinetti","2017","10.1561/2000000093","https://openalex.org/W2770606349","A1-DUP-0734","A1DEF-0454","UNIQUE_OCCURRENCE","DEF","A1DEF-DUP-0400","FALSE_POSITIVE","FALSE_POSITIVE","Resolved at title/abstract/citation-context because the record was off-topic, application-specific, secondary, sequential-only, or methodologically redundant with a verified primary anchor; it was not retained and is not used to support a substantive or absence conclusion.","Resolved at title/abstract/citation-context because the record was off-topic, application-specific, secondary, sequential-only, or methodologically redundant with a verified primary anchor; it was not retained and is not used to support a substantive or absence conclusion.","LEVEL_3_DISCOVERY_ONLY","NOT_RETRIEVED","","","NONE","","audit/phase2a1_raw_search_results/DEF/PHASE2A1-SEARCH-0039_polyanskiy_forward_openalex.json","Discovery-only; not used in synthesis or an absence conclusion."
"A1DEF-0455","D-F","PHASE2A1-SEARCH-0039","2026-07-31","OpenAlex","Towards 6G wireless communication networks: vision, enabling technologies, and new paradigm shifts","Xiaohu You; Cheng‐Xiang Wang; Jie Huang; Xiqi Gao; Zaichen Zhang; Mao Wang; Yongming Huang; Chuan Zhang; Yanxiang Jiang; Jiaheng Wang; Min Zhu; Bin Sheng; Dongming Wang; Zhiwen Pan; Pengcheng Zhu; Yang Yang; Zening Liu; Ping Zhang; Xiaofeng Tao; Shaoqian Li; Zhi Chen; Xinying Ma; I Chih‐Lin; Shuangfeng Han; Ke Li; Chengkang Pan; Zhimin Zheng; Lajos Hanzo; Xuemin Shen; Yingjie Jay Guo; Zhiguo Ding; Harald Haas; Wen Tong; Peiying Zhu; Ganghua Yang; Jun Wang; Erik G. Larsson; Hien Quoc Ngo; Wei Hong; Haiming Wang; Debin Hou; Jixin Chen; Zhe Chen; Zhang‐Cheng Hao; Geoffrey Ye Li; Rahim Tafazolli; Yue Gao; H. Vincent Poor; Gerhard Fettweis; Ying‐Chang Liang","2020","10.1007/s11432-020-2955-6","https://openalex.org/W3110989801","A1-DUP-0735","A1DEF-0455","UNIQUE_OCCURRENCE","DEF","A1DEF-DUP-0401","FALSE_POSITIVE","FALSE_POSITIVE","Resolved at title/abstract/citation-context because the record was off-topic, application-specific, secondary, sequential-only, or methodologically redundant with a verified primary anchor; it was not retained and is not used to support a substantive or absence conclusion.","Resolved at title/abstract/citation-context because the record was off-topic, application-specific, secondary, sequential-only, or methodologically redundant with a verified primary anchor; it was not retained and is not used to support a substantive or absence conclusion.","LEVEL_3_DISCOVERY_ONLY","NOT_RETRIEVED","","","NONE","","audit/phase2a1_raw_search_results/DEF/PHASE2A1-SEARCH-0039_polyanskiy_forward_openalex.json","Discovery-only; not used in synthesis or an absence conclusion."
"A1DEF-0456","D-F","PHASE2A1-SEARCH-0039","2026-07-31","OpenAlex","List Decoding of Polar Codes","Ido Tal; Alexander Vardy","2015","10.1109/tit.2015.2410251","https://openalex.org/W2106045225","A1-DUP-0736","A1DEF-0456","UNIQUE_OCCURRENCE","DEF","A1DEF-DUP-0402","FALSE_POSITIVE","FALSE_POSITIVE","Resolved at title/abstract/citation-context because the record was off-topic, application-specific, secondary, sequential-only, or methodologically redundant with a verified primary anchor; it was not retained and is not used to support a substantive or absence conclusion.","Resolved at title/abstract/citation-context because the record was off-topic, application-specific, secondary, sequential-only, or methodologically redundant with a verified primary anchor; it was not retained and is not used to support a substantive or absence conclusion.","LEVEL_3_DISCOVERY_ONLY","NOT_RETRIEVED","","","NONE","","audit/phase2a1_raw_search_results/DEF/PHASE2A1-SEARCH-0039_polyanskiy_forward_openalex.json","Discovery-only; not used in synthesis or an absence conclusion."
"A1DEF-0457","D-F","PHASE2A1-SEARCH-0039","2026-07-31","OpenAlex","Deep Joint Source-Channel Coding for Wireless Image Transmission","Eirina Bourtsoulatze; David Burth Kurka; Denız Gündüz","2019","10.1109/tccn.2019.2919300","https://openalex.org/W2946889564","A1-DUP-0737","A1DEF-0457","UNIQUE_OCCURRENCE","DEF","A1DEF-DUP-0403","FALSE_POSITIVE","FALSE_POSITIVE","Resolved at title/abstract/citation-context because the record was off-topic, application-specific, secondary, sequential-only, or methodologically redundant with a verified primary anchor; it was not retained and is not used to support a substantive or absence conclusion.","Resolved at title/abstract/citation-context because the record was off-topic, application-specific, secondary, sequential-only, or methodologically redundant with a verified primary anchor; it was not retained and is not used to support a substantive or absence conclusion.","LEVEL_3_DISCOVERY_ONLY","NOT_RETRIEVED","","","NONE","","audit/phase2a1_raw_search_results/DEF/PHASE2A1-SEARCH-0039_polyanskiy_forward_openalex.json","Discovery-only; not used in synthesis or an absence conclusion."
"A1DEF-0458","D-F","PHASE2A1-SEARCH-0039","2026-07-31","OpenAlex","Toward Massive, Ultrareliable, and Low-Latency Wireless Communication With Short Packets","Giuseppe Durisi; Tobias Koch; Petar Popovski","2016","10.1109/jproc.2016.2537298","https://openalex.org/W2262889796","A1-DUP-0738","A1DEF-0458","UNIQUE_OCCURRENCE","DEF","A1DEF-DUP-0404","FALSE_POSITIVE","FALSE_POSITIVE","Resolved at title/abstract/citation-context because the record was off-topic, application-specific, secondary, sequential-only, or methodologically redundant with a verified primary anchor; it was not retained and is not used to support a substantive or absence conclusion.","Resolved at title/abstract/citation-context because the record was off-topic, application-specific, secondary, sequential-only, or methodologically redundant with a verified primary anchor; it was not retained and is not used to support a substantive or absence conclusion.","LEVEL_3_DISCOVERY_ONLY","NOT_RETRIEVED","","","NONE","","audit/phase2a1_raw_search_results/DEF/PHASE2A1-SEARCH-0039_polyanskiy_forward_openalex.json","Discovery-only; not used in synthesis or an absence conclusion."
"A1DEF-0459","D-F","PHASE2A1-SEARCH-0039","2026-07-31","OpenAlex","Edge Artificial Intelligence for 6G: Vision, Enabling Technologies, and Applications","Khaled B. Letaief; Yuanming Shi; Jianmin Lu; Jianhua Lu","2021","10.1109/jsac.2021.3126076","https://openalex.org/W3212941463","A1-DUP-0739","A1DEF-0459","UNIQUE_OCCURRENCE","DEF","A1DEF-DUP-0405","FALSE_POSITIVE","FALSE_POSITIVE","Resolved at title/abstract/citation-context because the record was off-topic, application-specific, secondary, sequential-only, or methodologically redundant with a verified primary anchor; it was not retained and is not used to support a substantive or absence conclusion.","Resolved at title/abstract/citation-context because the record was off-topic, application-specific, secondary, sequential-only, or methodologically redundant with a verified primary anchor; it was not retained and is not used to support a substantive or absence conclusion.","LEVEL_3_DISCOVERY_ONLY","NOT_RETRIEVED","","","NONE","","audit/phase2a1_raw_search_results/DEF/PHASE2A1-SEARCH-0039_polyanskiy_forward_openalex.json","Discovery-only; not used in synthesis or an absence conclusion."
"A1DEF-0460","D-F","PHASE2A1-SEARCH-0039","2026-07-31","OpenAlex","Classifications and Applications of Physical Layer Security Techniques for Confidentiality: A Comprehensive Survey","Jehad M. Hamamreh; Haji M. Furqan; Hüseyin Arslan","2018","10.1109/comst.2018.2878035","https://openalex.org/W2898104747","A1-DUP-0740","A1DEF-0460","UNIQUE_OCCURRENCE","DEF","A1DEF-DUP-0406","FALSE_POSITIVE","FALSE_POSITIVE","Resolved at title/abstract/citation-context because the record was off-topic, application-specific, secondary, sequential-only, or methodologically redundant with a verified primary anchor; it was not retained and is not used to support a substantive or absence conclusion.","Resolved at title/abstract/citation-context because the record was off-topic, application-specific, secondary, sequential-only, or methodologically redundant with a verified primary anchor; it was not retained and is not used to support a substantive or absence conclusion.","LEVEL_3_DISCOVERY_ONLY","NOT_RETRIEVED","","","NONE","","audit/phase2a1_raw_search_results/DEF/PHASE2A1-SEARCH-0039_polyanskiy_forward_openalex.json","Discovery-only; not used in synthesis or an absence conclusion."
"A1DEF-0461","D-F","PHASE2A1-SEARCH-0039","2026-07-31","OpenAlex","Energy-efficient wireless communications: tutorial, survey, and open issues","Geoffrey Li; Zhikun Xu; Cong Xiong; Chenyang Yang; Shunqing Zhang; Yan Chen; Shugong Xu","2011","10.1109/mwc.2011.6108331","https://openalex.org/W2154319347","A1-DUP-0741","A1DEF-0461","UNIQUE_OCCURRENCE","DEF","A1DEF-DUP-0407","FALSE_POSITIVE","FALSE_POSITIVE","Resolved at title/abstract/citation-context because the record was off-topic, application-specific, secondary, sequential-only, or methodologically redundant with a verified primary anchor; it was not retained and is not used to support a substantive or absence conclusion.","Resolved at title/abstract/citation-context because the record was off-topic, application-specific, secondary, sequential-only, or methodologically redundant with a verified primary anchor; it was not retained and is not used to support a substantive or absence conclusion.","LEVEL_3_DISCOVERY_ONLY","NOT_RETRIEVED","","","NONE","","audit/phase2a1_raw_search_results/DEF/PHASE2A1-SEARCH-0039_polyanskiy_forward_openalex.json","Discovery-only; not used in synthesis or an absence conclusion."
"A1DEF-0462","D-F","PHASE2A1-SEARCH-0039","2026-07-31","OpenAlex","Massive Access for 5G and Beyond","Xiaoming Chen; Derrick Wing Kwan Ng; Wei Yu; Erik G. Larsson; Naofal Al‐Dhahir; Robert Schober","2020","10.1109/jsac.2020.3019724","https://openalex.org/W3089248281","A1-DUP-0742","A1DEF-0462","UNIQUE_OCCURRENCE","DEF","A1DEF-DUP-0408","FALSE_POSITIVE","FALSE_POSITIVE","Resolved at title/abstract/citation-context because the record was off-topic, application-specific, secondary, sequential-only, or methodologically redundant with a verified primary anchor; it was not retained and is not used to support a substantive or absence conclusion.","Resolved at title/abstract/citation-context because the record was off-topic, application-specific, secondary, sequential-only, or methodologically redundant with a verified primary anchor; it was not retained and is not used to support a substantive or absence conclusion.","LEVEL_3_DISCOVERY_ONLY","NOT_RETRIEVED","","","NONE","","audit/phase2a1_raw_search_results/DEF/PHASE2A1-SEARCH-0039_polyanskiy_forward_openalex.json","Discovery-only; not used in synthesis or an absence conclusion."
"A1DEF-0463","D-F","PHASE2A1-SEARCH-0039","2026-07-31","OpenAlex","Federated learning over wireless fading channels","Mohammad Mohammadi Amiri; Denız Gündüz","2020","10.1109/twc.2020.2974748","https://openalex.org/W3006919779","A1-DUP-0743","A1DEF-0463","UNIQUE_OCCURRENCE","DEF","A1DEF-DUP-0409","FALSE_POSITIVE","FALSE_POSITIVE","Resolved at title/abstract/citation-context because the record was off-topic, application-specific, secondary, sequential-only, or methodologically redundant with a verified primary anchor; it was not retained and is not used to support a substantive or absence conclusion.","Resolved at title/abstract/citation-context because the record was off-topic, application-specific, secondary, sequential-only, or methodologically redundant with a verified primary anchor; it was not retained and is not used to support a substantive or absence conclusion.","LEVEL_3_DISCOVERY_ONLY","NOT_RETRIEVED","","","NONE","","audit/phase2a1_raw_search_results/DEF/PHASE2A1-SEARCH-0039_polyanskiy_forward_openalex.json","Discovery-only; not used in synthesis or an absence conclusion."
"A1DEF-0464","D-F","PHASE2A1-SEARCH-0039","2026-07-31","OpenAlex","Quasi-Static Multiple-Antenna Fading Channels at Finite Blocklength","Wei Yang; Giuseppe Durisi; Tobias Koch; Yury Polyanskiy","2014","10.1109/tit.2014.2318726","https://openalex.org/W2036533317","A1-DUP-0744","A1DEF-0464","UNIQUE_OCCURRENCE","DEF","A1DEF-DUP-0410","FALSE_POSITIVE","FALSE_POSITIVE","Resolved at title/abstract/citation-context because the record was off-topic, application-specific, secondary, sequential-only, or methodologically redundant with a verified primary anchor; it was not retained and is not used to support a substantive or absence conclusion.","Resolved at title/abstract/citation-context because the record was off-topic, application-specific, secondary, sequential-only, or methodologically redundant with a verified primary anchor; it was not retained and is not used to support a substantive or absence conclusion.","LEVEL_3_DISCOVERY_ONLY","NOT_RETRIEVED","","","NONE","","audit/phase2a1_raw_search_results/DEF/PHASE2A1-SEARCH-0039_polyanskiy_forward_openalex.json","Discovery-only; not used in synthesis or an absence conclusion."
"A1DEF-0465","D-F","PHASE2A1-SEARCH-0039","2026-07-31","OpenAlex","Cellular, Wide-Area, and Non-Terrestrial IoT: A Survey on 5G Advances and the Road Toward 6G","Mojtaba Vaezi; Amin Azari; Saeed R. Khosravirad; Mahyar Shirvanimoghaddam; Mohammad Mahdi Azari; Danai Chasaki; Petar Popovski","2022","10.1109/comst.2022.3151028","https://openalex.org/W3180641418","A1-DUP-0745","A1DEF-0465","UNIQUE_OCCURRENCE","DEF","A1DEF-DUP-0411","FALSE_POSITIVE","FALSE_POSITIVE","Resolved at title/abstract/citation-context because the record was off-topic, application-specific, secondary, sequential-only, or methodologically redundant with a verified primary anchor; it was not retained and is not used to support a substantive or absence conclusion.","Resolved at title/abstract/citation-context because the record was off-topic, application-specific, secondary, sequential-only, or methodologically redundant with a verified primary anchor; it was not retained and is not used to support a substantive or absence conclusion.","LEVEL_3_DISCOVERY_ONLY","NOT_RETRIEVED","","","NONE","","audit/phase2a1_raw_search_results/DEF/PHASE2A1-SEARCH-0039_polyanskiy_forward_openalex.json","Discovery-only; not used in synthesis or an absence conclusion."
"A1DEF-0466","D-F","PHASE2A1-SEARCH-0039","2026-07-31","OpenAlex","Evolution of NOMA Toward Next Generation Multiple Access (NGMA) for 6G","Yuanwei Liu; Shuowen Zhang; Xidong Mu; Zhiguo Ding; Robert Schober; Naofal Al‐Dhahir; Ekram Hossain; Xuemin Shen","2022","10.1109/jsac.2022.3145234","https://openalex.org/W4210439023","A1-DUP-0746","A1DEF-0466","UNIQUE_OCCURRENCE","DEF","A1DEF-DUP-0412","FALSE_POSITIVE","FALSE_POSITIVE","Resolved at title/abstract/citation-context because the record was off-topic, application-specific, secondary, sequential-only, or methodologically redundant with a verified primary anchor; it was not retained and is not used to support a substantive or absence conclusion.","Resolved at title/abstract/citation-context because the record was off-topic, application-specific, secondary, sequential-only, or methodologically redundant with a verified primary anchor; it was not retained and is not used to support a substantive or absence conclusion.","LEVEL_3_DISCOVERY_ONLY","NOT_RETRIEVED","","","NONE","","audit/phase2a1_raw_search_results/DEF/PHASE2A1-SEARCH-0039_polyanskiy_forward_openalex.json","Discovery-only; not used in synthesis or an absence conclusion."
"A1DEF-0467","D-F","PHASE2A1-SEARCH-0039","2026-07-31","OpenAlex","List decoding of polar codes","Ido Tal; Alexander Vardy","2011","10.1109/isit.2011.6033904","https://openalex.org/W2134750166","A1-DUP-0747","A1DEF-0467","UNIQUE_OCCURRENCE","DEF","A1DEF-DUP-0413","FALSE_POSITIVE","FALSE_POSITIVE","Resolved at title/abstract/citation-context because the record was off-topic, application-specific, secondary, sequential-only, or methodologically redundant with a verified primary anchor; it was not retained and is not used to support a substantive or absence conclusion.","Resolved at title/abstract/citation-context because the record was off-topic, application-specific, secondary, sequential-only, or methodologically redundant with a verified primary anchor; it was not retained and is not used to support a substantive or absence conclusion.","LEVEL_3_DISCOVERY_ONLY","NOT_RETRIEVED","","","NONE","","audit/phase2a1_raw_search_results/DEF/PHASE2A1-SEARCH-0039_polyanskiy_forward_openalex.json","Discovery-only; not used in synthesis or an absence conclusion."
"A1DEF-0468","D-F","PHASE2A1-SEARCH-0039","2026-07-31","OpenAlex","A Comprehensive Overview on 5G-and-Beyond Networks With UAVs: From Communications to Sensing and Intelligence","Qingqing Wu; Jie Xu; Yong Zeng; Derrick Wing Kwan Ng; Naofal Al‐Dhahir; Robert Schober; A. Lee Swindlehurst","2021","10.1109/jsac.2021.3088681","https://openalex.org/W3167450743","A1-DUP-0748","A1DEF-0468","UNIQUE_OCCURRENCE","DEF","A1DEF-DUP-0414","FALSE_POSITIVE","FALSE_POSITIVE","Resolved at title/abstract/citation-context because the record was off-topic, application-specific, secondary, sequential-only, or methodologically redundant with a verified primary anchor; it was not retained and is not used to support a substantive or absence conclusion.","Resolved at title/abstract/citation-context because the record was off-topic, application-specific, secondary, sequential-only, or methodologically redundant with a verified primary anchor; it was not retained and is not used to support a substantive or absence conclusion.","LEVEL_3_DISCOVERY_ONLY","NOT_RETRIEVED","","","NONE","","audit/phase2a1_raw_search_results/DEF/PHASE2A1-SEARCH-0039_polyanskiy_forward_openalex.json","Discovery-only; not used in synthesis or an absence conclusion."
"A1DEF-0469","D-F","PHASE2A1-SEARCH-0039","2026-07-31","OpenAlex","A perspective on massive random-access","Yury Polyanskiy","2017","10.1109/isit.2017.8006984","https://openalex.org/W2742359230","A1-DUP-0749","A1DEF-0469","UNIQUE_OCCURRENCE","DEF","A1DEF-DUP-0415","FALSE_POSITIVE","FALSE_POSITIVE","Resolved at title/abstract/citation-context because the record was off-topic, application-specific, secondary, sequential-only, or methodologically redundant with a verified primary anchor; it was not retained and is not used to support a substantive or absence conclusion.","Resolved at title/abstract/citation-context because the record was off-topic, application-specific, secondary, sequential-only, or methodologically redundant with a verified primary anchor; it was not retained and is not used to support a substantive or absence conclusion.","LEVEL_3_DISCOVERY_ONLY","NOT_RETRIEVED","","","NONE","","audit/phase2a1_raw_search_results/DEF/PHASE2A1-SEARCH-0039_polyanskiy_forward_openalex.json","Discovery-only; not used in synthesis or an absence conclusion."
"A1DEF-0470","D-F","PHASE2A1-SEARCH-0039","2026-07-31","OpenAlex","Ultra-Reliable and Low-Latency Communications in 5G Downlink: Physical Layer Aspects","Hyoungju Ji; Sunho Park; Jeongho Yeo; Younsun Kim; Juho Lee; Byonghyo Shim","2018","10.1109/mwc.2018.1700294","https://openalex.org/W2796181329","A1-DUP-0750","A1DEF-0470","UNIQUE_OCCURRENCE","DEF","A1DEF-DUP-0416","FALSE_POSITIVE","FALSE_POSITIVE","Resolved at title/abstract/citation-context because the record was off-topic, application-specific, secondary, sequential-only, or methodologically redundant with a verified primary anchor; it was not retained and is not used to support a substantive or absence conclusion.","Resolved at title/abstract/citation-context because the record was off-topic, application-specific, secondary, sequential-only, or methodologically redundant with a verified primary anchor; it was not retained and is not used to support a substantive or absence conclusion.","LEVEL_3_DISCOVERY_ONLY","NOT_RETRIEVED","","","NONE","","audit/phase2a1_raw_search_results/DEF/PHASE2A1-SEARCH-0039_polyanskiy_forward_openalex.json","Discovery-only; not used in synthesis or an absence conclusion."
"A1DEF-0471","D-F","PHASE2A1-SEARCH-0039","2026-07-31","OpenAlex","Covert Communication Over Noisy Channels: A Resolvability Perspective","Matthieu R. Bloch","2016","10.1109/tit.2016.2530089","https://openalex.org/W1897081267","A1-DUP-0751","A1DEF-0471","UNIQUE_OCCURRENCE","DEF","A1DEF-DUP-0417","FALSE_POSITIVE","FALSE_POSITIVE","Resolved at title/abstract/citation-context because the record was off-topic, application-specific, secondary, sequential-only, or methodologically redundant with a verified primary anchor; it was not retained and is not used to support a substantive or absence conclusion.","Resolved at title/abstract/citation-context because the record was off-topic, application-specific, secondary, sequential-only, or methodologically redundant with a verified primary anchor; it was not retained and is not used to support a substantive or absence conclusion.","LEVEL_3_DISCOVERY_ONLY","NOT_RETRIEVED","","","NONE","","audit/phase2a1_raw_search_results/DEF/PHASE2A1-SEARCH-0039_polyanskiy_forward_openalex.json","Discovery-only; not used in synthesis or an absence conclusion."
"A1DEF-0472","D-F","PHASE2A1-SEARCH-0039","2026-07-31","OpenAlex","Wireless Access for Ultra-Reliable Low-Latency Communication: Principles and Building Blocks","Petar Popovski; Jimmy Jessen Nielsen; Čedomir Stefanović; Elisabeth de Carvalho; Erik G. Ström; Kasper Fløe Trillingsgaard; Alexandru-Sabin Bana; Dong Min Kim; Radosław Kotaba; Jihong Park; René Sørensen","2018","10.1109/mnet.2018.1700258","https://openalex.org/W2776794349","A1-DUP-0752","A1DEF-0472","UNIQUE_OCCURRENCE","DEF","A1DEF-DUP-0418","FALSE_POSITIVE","FALSE_POSITIVE","Resolved at title/abstract/citation-context because the record was off-topic, application-specific, secondary, sequential-only, or methodologically redundant with a verified primary anchor; it was not retained and is not used to support a substantive or absence conclusion.","Resolved at title/abstract/citation-context because the record was off-topic, application-specific, secondary, sequential-only, or methodologically redundant with a verified primary anchor; it was not retained and is not used to support a substantive or absence conclusion.","LEVEL_3_DISCOVERY_ONLY","NOT_RETRIEVED","","","NONE","","audit/phase2a1_raw_search_results/DEF/PHASE2A1-SEARCH-0039_polyanskiy_forward_openalex.json","Discovery-only; not used in synthesis or an absence conclusion."
"A1DEF-0473","D-F","PHASE2A1-SEARCH-0039","2026-07-31","OpenAlex","An Adaptive Successive Cancellation List Decoder for Polar Codes with Cyclic Redundancy Check","Bin Li; Hui Shen; David Tse","2012","10.1109/lcomm.2012.111612.121898","https://openalex.org/W1972808865","A1-DUP-0753","A1DEF-0473","UNIQUE_OCCURRENCE","DEF","A1DEF-DUP-0419","FALSE_POSITIVE","FALSE_POSITIVE","Resolved at title/abstract/citation-context because the record was off-topic, application-specific, secondary, sequential-only, or methodologically redundant with a verified primary anchor; it was not retained and is not used to support a substantive or absence conclusion.","Resolved at title/abstract/citation-context because the record was off-topic, application-specific, secondary, sequential-only, or methodologically redundant with a verified primary anchor; it was not retained and is not used to support a substantive or absence conclusion.","LEVEL_3_DISCOVERY_ONLY","NOT_RETRIEVED","","","NONE","","audit/phase2a1_raw_search_results/DEF/PHASE2A1-SEARCH-0039_polyanskiy_forward_openalex.json","Discovery-only; not used in synthesis or an absence conclusion."
"A1DEF-0474","D-F","PHASE2A1-SEARCH-0039","2026-07-31","OpenAlex","A Tutorial on Ultrareliable and Low-Latency Communications in 6G: Integrating Domain Knowledge Into Deep Learning","Changyang She; Chengjian Sun; Zhouyou Gu; Yonghui Li; Chenyang Yang; H. Vincent Poor; Branka Vucetic","2021","10.1109/jproc.2021.3053601","https://openalex.org/W3135089279","A1-DUP-0754","A1DEF-0474","UNIQUE_OCCURRENCE","DEF","A1DEF-DUP-0420","FALSE_POSITIVE","FALSE_POSITIVE","Resolved at title/abstract/citation-context because the record was off-topic, application-specific, secondary, sequential-only, or methodologically redundant with a verified primary anchor; it was not retained and is not used to support a substantive or absence conclusion.","Resolved at title/abstract/citation-context because the record was off-topic, application-specific, secondary, sequential-only, or methodologically redundant with a verified primary anchor; it was not retained and is not used to support a substantive or absence conclusion.","LEVEL_3_DISCOVERY_ONLY","NOT_RETRIEVED","","","NONE","","audit/phase2a1_raw_search_results/DEF/PHASE2A1-SEARCH-0039_polyanskiy_forward_openalex.json","Discovery-only; not used in synthesis or an absence conclusion."
"A1DEF-0475","D-F","PHASE2A1-SEARCH-0039","2026-07-31","OpenAlex","Fundamental Limits of Communication With Low Probability of Detection","Ligong Wang; Gregory W. Wornell; Lizhong Zheng","2016","10.1109/tit.2016.2548471","https://openalex.org/W3104101844","A1-DUP-0755","A1DEF-0475","UNIQUE_OCCURRENCE","DEF","A1DEF-DUP-0421","FALSE_POSITIVE","FALSE_POSITIVE","Resolved at title/abstract/citation-context because the record was off-topic, application-specific, secondary, sequential-only, or methodologically redundant with a verified primary anchor; it was not retained and is not used to support a substantive or absence conclusion.","Resolved at title/abstract/citation-context because the record was off-topic, application-specific, secondary, sequential-only, or methodologically redundant with a verified primary anchor; it was not retained and is not used to support a substantive or absence conclusion.","LEVEL_3_DISCOVERY_ONLY","NOT_RETRIEVED","","","NONE","","audit/phase2a1_raw_search_results/DEF/PHASE2A1-SEARCH-0039_polyanskiy_forward_openalex.json","Discovery-only; not used in synthesis or an absence conclusion."
"A1DEF-0476","D-F","PHASE2A1-SEARCH-0039","2026-07-31","OpenAlex","Achieving the Secrecy Capacity of Wiretap Channels Using Polar Codes","Hessam Mahdavifar; Alexander Vardy","2011","10.1109/tit.2011.2162275","https://openalex.org/W2211831180","A1-DUP-0756","A1DEF-0476","UNIQUE_OCCURRENCE","DEF","A1DEF-DUP-0422","FALSE_POSITIVE","FALSE_POSITIVE","Resolved at title/abstract/citation-context because the record was off-topic, application-specific, secondary, sequential-only, or methodologically redundant with a verified primary anchor; it was not retained and is not used to support a substantive or absence conclusion.","Resolved at title/abstract/citation-context because the record was off-topic, application-specific, secondary, sequential-only, or methodologically redundant with a verified primary anchor; it was not retained and is not used to support a substantive or absence conclusion.","LEVEL_3_DISCOVERY_ONLY","NOT_RETRIEVED","","","NONE","","audit/phase2a1_raw_search_results/DEF/PHASE2A1-SEARCH-0039_polyanskiy_forward_openalex.json","Discovery-only; not used in synthesis or an absence conclusion."
"A1DEF-0477","D-F","PHASE2A1-SEARCH-0039","2026-07-31","OpenAlex","Ultra-Reliable Low Latency Cellular Networks: Use Cases, Challenges and Approaches","He Chen; Rana Abbas; Peng Cheng; Mahyar Shirvanimoghaddam; Wibowo Hardjawana; Wei Bao; Yonghui Li; Branka Vucetic","2018","10.1109/mcom.2018.1701178","https://openalex.org/W2963494103","A1-DUP-0757","A1DEF-0477","UNIQUE_OCCURRENCE","DEF","A1DEF-DUP-0423","FALSE_POSITIVE","FALSE_POSITIVE","Resolved at title/abstract/citation-context because the record was off-topic, application-specific, secondary, sequential-only, or methodologically redundant with a verified primary anchor; it was not retained and is not used to support a substantive or absence conclusion.","Resolved at title/abstract/citation-context because the record was off-topic, application-specific, secondary, sequential-only, or methodologically redundant with a verified primary anchor; it was not retained and is not used to support a substantive or absence conclusion.","LEVEL_3_DISCOVERY_ONLY","NOT_RETRIEVED","","","NONE","","audit/phase2a1_raw_search_results/DEF/PHASE2A1-SEARCH-0039_polyanskiy_forward_openalex.json","Discovery-only; not used in synthesis or an absence conclusion."
"A1DEF-0478","D-F","PHASE2A1-SEARCH-0039","2026-07-31","OpenAlex","A strong converse bound for multiple hypothesis testing, with applications to high-dimensional estimation","Ramji Venkataramanan; Oliver Johnson","2018","10.1214/18-ejs1419","https://openalex.org/W2790620458","A1-DUP-0127","A1AC-0147","SOURCE_LEDGER_GROUP;NORMALIZED_DOI","DEF","A1DEF-DUP-0123","DUPLICATE","DUPLICATE","Duplicate occurrence of a record already dispositioned in this prospective ledger.","Duplicate occurrence of a record already dispositioned in this prospective ledger.","LEVEL_3_DISCOVERY_ONLY","NOT_APPLICABLE","","","DUPLICATE_OF_EXISTING_CORPUS","","audit/phase2a1_raw_search_results/DEF/PHASE2A1-SEARCH-0039_venkataramanan_anchor_openalex.json","Duplicate search occurrence; retained evidence is attached to the first occurrence."
"A1DEF-0479","D-F","PHASE2A1-SEARCH-0039","2026-07-31","OpenAlex","Elements of Information Theory","Thomas M. Cover; Joy A. Thomas","2001","10.1002/0471200611","https://openalex.org/W2099111195","A1-DUP-0357","A1AC-0419","NORMALIZED_DOI","DEF","A1DEF-DUP-0424","FALSE_POSITIVE","DUPLICATE","Resolved at title/abstract/citation-context because the record was off-topic, application-specific, secondary, sequential-only, or methodologically redundant with a verified primary anchor; it was not retained and is not used to support a substantive or absence conclusion.","CROSS_WORKSTREAM_DUPLICATE_OF=A1AC-0419;MATCH_BASIS=NORMALIZED_DOI;SOURCE_DISPOSITION=FALSE_POSITIVE","LEVEL_3_DISCOVERY_ONLY","NOT_RETRIEVED","","","NONE","","audit/phase2a1_raw_search_results/DEF/PHASE2A1-SEARCH-0039_venkataramanan_backward_openalex.json","Discovery-only; not used in synthesis or an absence conclusion."
"A1DEF-0480","D-F","PHASE2A1-SEARCH-0039","2026-07-31","OpenAlex","Compressed sensing","David L. Donoho","2004","https://openalex.org/W2296616510","https://openalex.org/W2296616510","A1-DUP-0758","A1DEF-0480","UNIQUE_OCCURRENCE","DEF","A1DEF-DUP-0425","FALSE_POSITIVE","FALSE_POSITIVE","Resolved at title/abstract/citation-context because the record was off-topic, application-specific, secondary, sequential-only, or methodologically redundant with a verified primary anchor; it was not retained and is not used to support a substantive or absence conclusion.","Resolved at title/abstract/citation-context because the record was off-topic, application-specific, secondary, sequential-only, or methodologically redundant with a verified primary anchor; it was not retained and is not used to support a substantive or absence conclusion.","LEVEL_3_DISCOVERY_ONLY","NOT_RETRIEVED","","","NONE","","audit/phase2a1_raw_search_results/DEF/PHASE2A1-SEARCH-0039_venkataramanan_backward_openalex.json","Discovery-only; not used in synthesis or an absence conclusion."
"A1DEF-0481","D-F","PHASE2A1-SEARCH-0039","2026-07-31","OpenAlex","Robust uncertainty principles: exact signal reconstruction from highly incomplete frequency information","Emmanuel J. Candès; Justin Romberg; Terence Tao","2006","10.1109/tit.2005.862083","https://openalex.org/W2145096794","A1-DUP-0759","A1DEF-0481","UNIQUE_OCCURRENCE","DEF","A1DEF-DUP-0426","FALSE_POSITIVE","FALSE_POSITIVE","Resolved at title/abstract/citation-context because the record was off-topic, application-specific, secondary, sequential-only, or methodologically redundant with a verified primary anchor; it was not retained and is not used to support a substantive or absence conclusion.","Resolved at title/abstract/citation-context because the record was off-topic, application-specific, secondary, sequential-only, or methodologically redundant with a verified primary anchor; it was not retained and is not used to support a substantive or absence conclusion.","LEVEL_3_DISCOVERY_ONLY","NOT_RETRIEVED","","","NONE","","audit/phase2a1_raw_search_results/DEF/PHASE2A1-SEARCH-0039_venkataramanan_backward_openalex.json","Discovery-only; not used in synthesis or an absence conclusion."
"A1DEF-0482","D-F","PHASE2A1-SEARCH-0039","2026-07-31","OpenAlex","Decoding by Linear Programming","Emmanuel J. Candès; Terence Tao","2005","10.1109/tit.2005.858979","https://openalex.org/W2129131372","A1-DUP-0760","A1DEF-0482","UNIQUE_OCCURRENCE","DEF","A1DEF-DUP-0427","FALSE_POSITIVE","FALSE_POSITIVE","Resolved at title/abstract/citation-context because the record was off-topic, application-specific, secondary, sequential-only, or methodologically redundant with a verified primary anchor; it was not retained and is not used to support a substantive or absence conclusion.","Resolved at title/abstract/citation-context because the record was off-topic, application-specific, secondary, sequential-only, or methodologically redundant with a verified primary anchor; it was not retained and is not used to support a substantive or absence conclusion.","LEVEL_3_DISCOVERY_ONLY","NOT_RETRIEVED","","","NONE","","audit/phase2a1_raw_search_results/DEF/PHASE2A1-SEARCH-0039_venkataramanan_backward_openalex.json","Discovery-only; not used in synthesis or an absence conclusion."
"A1DEF-0483","D-F","PHASE2A1-SEARCH-0039","2026-07-31","OpenAlex","Channel Coding Rate in the Finite Blocklength Regime","Yury Polyanskiy; H. Vincent Poor; Sergio Verdú","2010","10.1109/tit.2010.2043769","https://openalex.org/W2106864314","A1-DUP-0707","A1DEF-0427","SOURCE_LEDGER_GROUP","DEF","A1DEF-DUP-0373","DUPLICATE","DUPLICATE","Duplicate occurrence of a record already dispositioned in this prospective ledger.","Duplicate occurrence of a record already dispositioned in this prospective ledger.","LEVEL_3_DISCOVERY_ONLY","NOT_APPLICABLE","","","DUPLICATE_OF_EXISTING_CORPUS","","audit/phase2a1_raw_search_results/DEF/PHASE2A1-SEARCH-0039_venkataramanan_backward_openalex.json","Duplicate search occurrence; retained evidence is attached to the first occurrence."
"A1DEF-0484","D-F","PHASE2A1-SEARCH-0039","2026-07-31","OpenAlex","The restricted isometry property and its implications for compressed sensing","Emmanuel J. Candès","2008","10.1016/j.crma.2008.03.014","https://openalex.org/W2015418199","A1-DUP-0761","A1DEF-0484","UNIQUE_OCCURRENCE","DEF","A1DEF-DUP-0428","FALSE_POSITIVE","FALSE_POSITIVE","Resolved at title/abstract/citation-context because the record was off-topic, application-specific, secondary, sequential-only, or methodologically redundant with a verified primary anchor; it was not retained and is not used to support a substantive or absence conclusion.","Resolved at title/abstract/citation-context because the record was off-topic, application-specific, secondary, sequential-only, or methodologically redundant with a verified primary anchor; it was not retained and is not used to support a substantive or absence conclusion.","LEVEL_3_DISCOVERY_ONLY","NOT_RETRIEVED","","","NONE","","audit/phase2a1_raw_search_results/DEF/PHASE2A1-SEARCH-0039_venkataramanan_backward_openalex.json","Discovery-only; not used in synthesis or an absence conclusion."
"A1DEF-0485","D-F","PHASE2A1-SEARCH-0039","2026-07-31","OpenAlex","Introduction to Nonparametric Estimation","Alexandre B. Tsybakov","2008","10.1007/b13794","https://openalex.org/W1511694993","A1-DUP-0348","A1AC-0406","NORMALIZED_DOI","DEF","A1DEF-DUP-0429","FALSE_POSITIVE","DUPLICATE","Resolved at title/abstract/citation-context because the record was off-topic, application-specific, secondary, sequential-only, or methodologically redundant with a verified primary anchor; it was not retained and is not used to support a substantive or absence conclusion.","CROSS_WORKSTREAM_DUPLICATE_OF=A1AC-0406;MATCH_BASIS=NORMALIZED_DOI;SOURCE_DISPOSITION=FALSE_POSITIVE","LEVEL_3_DISCOVERY_ONLY","NOT_RETRIEVED","","","NONE","","audit/phase2a1_raw_search_results/DEF/PHASE2A1-SEARCH-0039_venkataramanan_backward_openalex.json","Discovery-only; not used in synthesis or an absence conclusion."
"A1DEF-0486","D-F","PHASE2A1-SEARCH-0039","2026-07-31","OpenAlex","Simultaneous analysis of Lasso and Dantzig selector","Peter J. Bickel; Ya’acov Ritov; Alexandre B. Tsybakov","2009","10.1214/08-aos620","https://openalex.org/W2116581043","A1-DUP-0762","A1DEF-0486","UNIQUE_OCCURRENCE","DEF","A1DEF-DUP-0430","FALSE_POSITIVE","FALSE_POSITIVE","Resolved at title/abstract/citation-context because the record was off-topic, application-specific, secondary, sequential-only, or methodologically redundant with a verified primary anchor; it was not retained and is not used to support a substantive or absence conclusion.","Resolved at title/abstract/citation-context because the record was off-topic, application-specific, secondary, sequential-only, or methodologically redundant with a verified primary anchor; it was not retained and is not used to support a substantive or absence conclusion.","LEVEL_3_DISCOVERY_ONLY","NOT_RETRIEVED","","","NONE","","audit/phase2a1_raw_search_results/DEF/PHASE2A1-SEARCH-0039_venkataramanan_backward_openalex.json","Discovery-only; not used in synthesis or an absence conclusion."
"A1DEF-0487","D-F","PHASE2A1-SEARCH-0039","2026-07-31","OpenAlex","Concentration Inequalities and Model Selection","Massart, Pascal; Jean Picard","2007","10.1007/978-3-540-48503-2","https://openalex.org/W156419107","A1-DUP-0347","A1AC-0405","NORMALIZED_DOI","DEF","A1DEF-DUP-0431","FALSE_POSITIVE","DUPLICATE","Resolved at title/abstract/citation-context because the record was off-topic, application-specific, secondary, sequential-only, or methodologically redundant with a verified primary anchor; it was not retained and is not used to support a substantive or absence conclusion.","CROSS_WORKSTREAM_DUPLICATE_OF=A1AC-0405;MATCH_BASIS=NORMALIZED_DOI;SOURCE_DISPOSITION=FALSE_POSITIVE","LEVEL_3_DISCOVERY_ONLY","NOT_RETRIEVED","","","NONE","","audit/phase2a1_raw_search_results/DEF/PHASE2A1-SEARCH-0039_venkataramanan_backward_openalex.json","Discovery-only; not used in synthesis or an absence conclusion."
"A1DEF-0488","D-F","PHASE2A1-SEARCH-0039","2026-07-31","OpenAlex","Optimal aggregation of classifiers in statistical learning","A. B. Tsybakov","2004","10.1214/aos/1079120131","https://openalex.org/W2043919728","A1-DUP-0763","A1DEF-0488","UNIQUE_OCCURRENCE","DEF","A1DEF-DUP-0432","FALSE_POSITIVE","FALSE_POSITIVE","Resolved at title/abstract/citation-context because the record was off-topic, application-specific, secondary, sequential-only, or methodologically redundant with a verified primary anchor; it was not retained and is not used to support a substantive or absence conclusion.","Resolved at title/abstract/citation-context because the record was off-topic, application-specific, secondary, sequential-only, or methodologically redundant with a verified primary anchor; it was not retained and is not used to support a substantive or absence conclusion.","LEVEL_3_DISCOVERY_ONLY","NOT_RETRIEVED","","","NONE","","audit/phase2a1_raw_search_results/DEF/PHASE2A1-SEARCH-0039_venkataramanan_backward_openalex.json","Discovery-only; not used in synthesis or an absence conclusion."
"A1DEF-0489","D-F","PHASE2A1-SEARCH-0039","2026-07-31","OpenAlex","Information-theoretic determination of minimax rates of convergence","Yuhong Yang; Andrew R. Barron","1999","10.1214/aos/1017939142","https://openalex.org/W1524622012","A1-DUP-0349","A1AC-0407","NORMALIZED_DOI","DEF","A1DEF-DUP-0433","FALSE_POSITIVE","DUPLICATE","Resolved at title/abstract/citation-context because the record was off-topic, application-specific, secondary, sequential-only, or methodologically redundant with a verified primary anchor; it was not retained and is not used to support a substantive or absence conclusion.","CROSS_WORKSTREAM_DUPLICATE_OF=A1AC-0407;MATCH_BASIS=NORMALIZED_DOI;SOURCE_DISPOSITION=FALSE_POSITIVE","LEVEL_3_DISCOVERY_ONLY","NOT_RETRIEVED","","","NONE","","audit/phase2a1_raw_search_results/DEF/PHASE2A1-SEARCH-0039_venkataramanan_backward_openalex.json","Discovery-only; not used in synthesis or an absence conclusion."
"A1DEF-0490","D-F","PHASE2A1-SEARCH-0039","2026-07-31","OpenAlex","Minimax Rates of Estimation for High-Dimensional Linear Regression Over $\ell_q$-Balls","Garvesh Raskutti; Martin J. Wainwright; Bin Yu","2011","10.1109/tit.2011.2165799","https://openalex.org/W2159700154","A1-DUP-0764","A1DEF-0490","UNIQUE_OCCURRENCE","DEF","A1DEF-DUP-0434","FALSE_POSITIVE","FALSE_POSITIVE","Resolved at title/abstract/citation-context because the record was off-topic, application-specific, secondary, sequential-only, or methodologically redundant with a verified primary anchor; it was not retained and is not used to support a substantive or absence conclusion.","Resolved at title/abstract/citation-context because the record was off-topic, application-specific, secondary, sequential-only, or methodologically redundant with a verified primary anchor; it was not retained and is not used to support a substantive or absence conclusion.","LEVEL_3_DISCOVERY_ONLY","NOT_RETRIEVED","","","NONE","","audit/phase2a1_raw_search_results/DEF/PHASE2A1-SEARCH-0039_venkataramanan_backward_openalex.json","Discovery-only; not used in synthesis or an absence conclusion."
"A1DEF-0491","D-F","PHASE2A1-SEARCH-0039","2026-07-31","OpenAlex","Mathematical Foundations of Infinite-Dimensional Statistical Models","Evarist Giné; Richard Nickl","2015","10.1017/cbo9781107337862","https://openalex.org/W2344998188","A1-DUP-0656","A1DEF-0357","SOURCE_LEDGER_GROUP","DEF","A1DEF-DUP-0320","DUPLICATE","DUPLICATE","Duplicate occurrence of a record already dispositioned in this prospective ledger.","Duplicate occurrence of a record already dispositioned in this prospective ledger.","LEVEL_3_DISCOVERY_ONLY","NOT_APPLICABLE","","","NONE","","audit/phase2a1_raw_search_results/DEF/PHASE2A1-SEARCH-0039_venkataramanan_backward_openalex.json","Duplicate search occurrence; retained evidence is attached to the first occurrence."
"A1DEF-0492","D-F","PHASE2A1-SEARCH-0039","2026-07-31","OpenAlex","General formulas for capacity of classical-quantum channels","Masahito Hayashi; Hiroshi Nagaoka","2003","10.1109/tit.2003.813556","https://openalex.org/W2167830490","A1-DUP-0765","A1DEF-0492","UNIQUE_OCCURRENCE","DEF","A1DEF-DUP-0435","FALSE_POSITIVE","FALSE_POSITIVE","Resolved at title/abstract/citation-context because the record was off-topic, application-specific, secondary, sequential-only, or methodologically redundant with a verified primary anchor; it was not retained and is not used to support a substantive or absence conclusion.","Resolved at title/abstract/citation-context because the record was off-topic, application-specific, secondary, sequential-only, or methodologically redundant with a verified primary anchor; it was not retained and is not used to support a substantive or absence conclusion.","LEVEL_3_DISCOVERY_ONLY","NOT_RETRIEVED","","","NONE","","audit/phase2a1_raw_search_results/DEF/PHASE2A1-SEARCH-0039_venkataramanan_backward_openalex.json","Discovery-only; not used in synthesis or an absence conclusion."
"A1DEF-0493","D-F","PHASE2A1-SEARCH-0039","2026-07-31","OpenAlex","Assouad, Fano, and Le Cam","Bin Yu","1997","10.1007/978-1-4612-1880-7_29","https://openalex.org/W1538452572","A1-DUP-0161","A1AC-0185","SOURCE_LEDGER_GROUP;NORMALIZED_DOI","DEF","A1DEF-DUP-0436","FALSE_POSITIVE","DUPLICATE","Resolved at title/abstract/citation-context because the record was off-topic, application-specific, secondary, sequential-only, or methodologically redundant with a verified primary anchor; it was not retained and is not used to support a substantive or absence conclusion.","CROSS_WORKSTREAM_DUPLICATE_OF=A1AC-0185;MATCH_BASIS=SOURCE_LEDGER_GROUP;NORMALIZED_DOI;SOURCE_DISPOSITION=FALSE_POSITIVE","LEVEL_3_DISCOVERY_ONLY","NOT_RETRIEVED","","","NONE","","audit/phase2a1_raw_search_results/DEF/PHASE2A1-SEARCH-0039_venkataramanan_backward_openalex.json","Discovery-only; not used in synthesis or an absence conclusion."
"A1DEF-0494","D-F","PHASE2A1-SEARCH-0039","2026-07-31","OpenAlex","Error exponent in asymmetric quantum hypothesis testing and its application to classical-quantum channel coding","Masahito Hayashi","2007","10.1103/physreva.76.062301","https://openalex.org/W2035972614","A1-DUP-0766","A1DEF-0494","UNIQUE_OCCURRENCE","DEF","A1DEF-DUP-0437","FALSE_POSITIVE","FALSE_POSITIVE","Resolved at title/abstract/citation-context because the record was off-topic, application-specific, secondary, sequential-only, or methodologically redundant with a verified primary anchor; it was not retained and is not used to support a substantive or absence conclusion.","Resolved at title/abstract/citation-context because the record was off-topic, application-specific, secondary, sequential-only, or methodologically redundant with a verified primary anchor; it was not retained and is not used to support a substantive or absence conclusion.","LEVEL_3_DISCOVERY_ONLY","NOT_RETRIEVED","","","NONE","","audit/phase2a1_raw_search_results/DEF/PHASE2A1-SEARCH-0039_venkataramanan_backward_openalex.json","Discovery-only; not used in synthesis or an absence conclusion."
"A1DEF-0495","D-F","PHASE2A1-SEARCH-0039","2026-07-31","OpenAlex","Rate Minimaxity of the Lasso and Dantzig Selector for the l q Loss in l r Balls","Fei Ye; Cun‐Hui Zhang","2010","https://openalex.org/W2295765951","https://openalex.org/W2295765951","A1-DUP-0767","A1DEF-0495","UNIQUE_OCCURRENCE","DEF","A1DEF-DUP-0438","FALSE_POSITIVE","FALSE_POSITIVE","Resolved at title/abstract/citation-context because the record was off-topic, application-specific, secondary, sequential-only, or methodologically redundant with a verified primary anchor; it was not retained and is not used to support a substantive or absence conclusion.","Resolved at title/abstract/citation-context because the record was off-topic, application-specific, secondary, sequential-only, or methodologically redundant with a verified primary anchor; it was not retained and is not used to support a substantive or absence conclusion.","LEVEL_3_DISCOVERY_ONLY","NOT_RETRIEVED","","","NONE","","audit/phase2a1_raw_search_results/DEF/PHASE2A1-SEARCH-0039_venkataramanan_backward_openalex.json","Discovery-only; not used in synthesis or an absence conclusion."
"A1DEF-0496","D-F","PHASE2A1-SEARCH-0039","2026-07-31","OpenAlex","Minimax Bounds for Active Learning","Rui Castro; Robert D. Nowak","2008","10.1109/tit.2008.920189","https://openalex.org/W2106447856","A1-DUP-0768","A1DEF-0496","UNIQUE_OCCURRENCE","DEF","A1DEF-DUP-0439","FALSE_POSITIVE","FALSE_POSITIVE","Resolved at title/abstract/citation-context because the record was off-topic, application-specific, secondary, sequential-only, or methodologically redundant with a verified primary anchor; it was not retained and is not used to support a substantive or absence conclusion.","Resolved at title/abstract/citation-context because the record was off-topic, application-specific, secondary, sequential-only, or methodologically redundant with a verified primary anchor; it was not retained and is not used to support a substantive or absence conclusion.","LEVEL_3_DISCOVERY_ONLY","NOT_RETRIEVED","","","NONE","","audit/phase2a1_raw_search_results/DEF/PHASE2A1-SEARCH-0039_venkataramanan_backward_openalex.json","Discovery-only; not used in synthesis or an absence conclusion."
"A1DEF-0497","D-F","PHASE2A1-SEARCH-0039","2026-07-31","OpenAlex","Information Theoretic Bounds for Compressed Sensing","Shuchin Aeron; Venkatesh Saligrama; Manqi Zhao","2010","10.1109/tit.2010.2059891","https://openalex.org/W2109379066","A1-DUP-0769","A1DEF-0497","UNIQUE_OCCURRENCE","DEF","A1DEF-DUP-0440","FALSE_POSITIVE","FALSE_POSITIVE","Resolved at title/abstract/citation-context because the record was off-topic, application-specific, secondary, sequential-only, or methodologically redundant with a verified primary anchor; it was not retained and is not used to support a substantive or absence conclusion.","Resolved at title/abstract/citation-context because the record was off-topic, application-specific, secondary, sequential-only, or methodologically redundant with a verified primary anchor; it was not retained and is not used to support a substantive or absence conclusion.","LEVEL_3_DISCOVERY_ONLY","NOT_RETRIEVED","","","NONE","","audit/phase2a1_raw_search_results/DEF/PHASE2A1-SEARCH-0039_venkataramanan_backward_openalex.json","Discovery-only; not used in synthesis or an absence conclusion."
"A1DEF-0498","D-F","PHASE2A1-SEARCH-0039","2026-07-31","OpenAlex","Dissipation of Information in Channels With Input Constraints","Yury Polyanskiy; Yihong Wu","2015","10.1109/tit.2015.2482978","https://openalex.org/W2129774678","A1-DUP-0770","A1DEF-0498","UNIQUE_OCCURRENCE","DEF","A1DEF-DUP-0441","FALSE_POSITIVE","FALSE_POSITIVE","Resolved at title/abstract/citation-context because the record was off-topic, application-specific, secondary, sequential-only, or methodologically redundant with a verified primary anchor; it was not retained and is not used to support a substantive or absence conclusion.","Resolved at title/abstract/citation-context because the record was off-topic, application-specific, secondary, sequential-only, or methodologically redundant with a verified primary anchor; it was not retained and is not used to support a substantive or absence conclusion.","LEVEL_3_DISCOVERY_ONLY","NOT_RETRIEVED","","","NONE","","audit/phase2a1_raw_search_results/DEF/PHASE2A1-SEARCH-0039_venkataramanan_backward_openalex.json","Discovery-only; not used in synthesis or an absence conclusion."
"A1DEF-0499","D-F","PHASE2A1-SEARCH-0039","2026-07-31","OpenAlex","Lower Bounds for the Minimax Risk Using $f$-Divergences, and Applications","Adityanand Guntuboyina","2011","10.1109/tit.2011.2110791","https://openalex.org/W2101210333","A1-DUP-0379","A1AC-0443","NORMALIZED_DOI","DEF","A1DEF-DUP-0442","FALSE_POSITIVE","DUPLICATE","Resolved at title/abstract/citation-context because the record was off-topic, application-specific, secondary, sequential-only, or methodologically redundant with a verified primary anchor; it was not retained and is not used to support a substantive or absence conclusion.","CROSS_WORKSTREAM_DUPLICATE_OF=A1AC-0443;MATCH_BASIS=NORMALIZED_DOI;SOURCE_DISPOSITION=FALSE_POSITIVE","LEVEL_3_DISCOVERY_ONLY","NOT_RETRIEVED","","","DUPLICATE_OF_EXISTING_CORPUS","","audit/phase2a1_raw_search_results/DEF/PHASE2A1-SEARCH-0039_venkataramanan_backward_openalex.json","Discovery-only; not used in synthesis or an absence conclusion."
"A1DEF-0500","D-F","PHASE2A1-SEARCH-0039","2026-07-31","OpenAlex","A New Lower Bound for Multiple Hypothesis Testing","Lucien Birgé","2005","10.1109/tit.2005.844101","https://openalex.org/W2101412426","A1-DUP-0165","A1AC-0191","SOURCE_LEDGER_GROUP;NORMALIZED_DOI","DEF","A1DEF-DUP-0443","FALSE_POSITIVE","DUPLICATE","Resolved at title/abstract/citation-context because the record was off-topic, application-specific, secondary, sequential-only, or methodologically redundant with a verified primary anchor; it was not retained and is not used to support a substantive or absence conclusion.","CROSS_WORKSTREAM_DUPLICATE_OF=A1AC-0191;MATCH_BASIS=SOURCE_LEDGER_GROUP;NORMALIZED_DOI;SOURCE_DISPOSITION=FALSE_POSITIVE","LEVEL_3_DISCOVERY_ONLY","NOT_RETRIEVED","","","NONE","","audit/phase2a1_raw_search_results/DEF/PHASE2A1-SEARCH-0039_venkataramanan_backward_openalex.json","Discovery-only; not used in synthesis or an absence conclusion."
"A1DEF-0501","D-F","PHASE2A1-SEARCH-0039","2026-07-31","OpenAlex","On estimating a density using Hellinger distance and some other strange facts","Lucien Birgé","1986","10.1007/bf00332312","https://openalex.org/W2116278188","A1-DUP-0358","A1AC-0421","NORMALIZED_DOI","DEF","A1DEF-DUP-0444","FALSE_POSITIVE","DUPLICATE","Resolved at title/abstract/citation-context because the record was off-topic, application-specific, secondary, sequential-only, or methodologically redundant with a verified primary anchor; it was not retained and is not used to support a substantive or absence conclusion.","CROSS_WORKSTREAM_DUPLICATE_OF=A1AC-0421;MATCH_BASIS=NORMALIZED_DOI;SOURCE_DISPOSITION=FALSE_POSITIVE","LEVEL_3_DISCOVERY_ONLY","NOT_RETRIEVED","","","NONE","","audit/phase2a1_raw_search_results/DEF/PHASE2A1-SEARCH-0039_venkataramanan_backward_openalex.json","Discovery-only; not used in synthesis or an absence conclusion."
"A1DEF-0502","D-F","PHASE2A1-SEARCH-0039","2026-07-31","OpenAlex","Bayesian &lt;inline-formula&gt; &lt;tex-math notation=""LaTeX""&gt;$M$ &lt;/tex-math&gt; &lt;/inline-formula&gt;-Ary Hypothesis Testing: The Meta-Converse and Verdú-Han Bounds Are Tight","Gonzalo Vazquez-Vilar; Adrià Tauste Campo; Albert Guillén i Fàbregas; Alfonso García Martínez","2016","10.1109/tit.2016.2542080","https://openalex.org/W2236569555","A1-DUP-0771","A1DEF-0502","UNIQUE_OCCURRENCE","DEF","A1DEF-DUP-0445","FALSE_POSITIVE","FALSE_POSITIVE","Resolved at title/abstract/citation-context because the record was off-topic, application-specific, secondary, sequential-only, or methodologically redundant with a verified primary anchor; it was not retained and is not used to support a substantive or absence conclusion.","Resolved at title/abstract/citation-context because the record was off-topic, application-specific, secondary, sequential-only, or methodologically redundant with a verified primary anchor; it was not retained and is not used to support a substantive or absence conclusion.","LEVEL_3_DISCOVERY_ONLY","NOT_RETRIEVED","","","NONE","","audit/phase2a1_raw_search_results/DEF/PHASE2A1-SEARCH-0039_venkataramanan_backward_openalex.json","Discovery-only; not used in synthesis or an absence conclusion."
"A1DEF-0503","D-F","PHASE2A1-SEARCH-0039","2026-07-31","OpenAlex","Strong converses for group testing from finite blocklength results","Oliver Johnson","2017","10.1109/tit.2017.2697358","https://openalex.org/W1932586092","A1-DUP-0510","A1DEF-0188","SOURCE_LEDGER_GROUP","DEF","A1DEF-DUP-0168","DUPLICATE","DUPLICATE","Duplicate occurrence of a record already dispositioned in this prospective ledger.","Duplicate occurrence of a record already dispositioned in this prospective ledger.","LEVEL_3_DISCOVERY_ONLY","NOT_APPLICABLE","","","NONE","","audit/phase2a1_raw_search_results/DEF/PHASE2A1-SEARCH-0039_venkataramanan_backward_openalex.json","Duplicate search occurrence; retained evidence is attached to the first occurrence."
"A1DEF-0504","D-F","PHASE2A1-SEARCH-0039","2026-07-31","OpenAlex","Fundamental Limits of Weak Recovery with Applications to Phase Retrieval","Marco Mondelli; Andrea Montanari","2018","10.1007/s10208-018-9395-y","https://openalex.org/W2750338112","A1-DUP-0772","A1DEF-0504","UNIQUE_OCCURRENCE","DEF","A1DEF-DUP-0446","FALSE_POSITIVE","FALSE_POSITIVE","Resolved at title/abstract/citation-context because the record was off-topic, application-specific, secondary, sequential-only, or methodologically redundant with a verified primary anchor; it was not retained and is not used to support a substantive or absence conclusion.","Resolved at title/abstract/citation-context because the record was off-topic, application-specific, secondary, sequential-only, or methodologically redundant with a verified primary anchor; it was not retained and is not used to support a substantive or absence conclusion.","LEVEL_3_DISCOVERY_ONLY","NOT_RETRIEVED","","","NONE","","audit/phase2a1_raw_search_results/DEF/PHASE2A1-SEARCH-0039_venkataramanan_forward_openalex.json","Discovery-only; not used in synthesis or an absence conclusion."
"A1DEF-0505","D-F","PHASE2A1-SEARCH-0039","2026-07-31","OpenAlex","An Introductory Guide to Fano’s Inequality with Applications in Statistical Estimation","Jonathan Scarlett; Volkan Cevher","2021","10.1017/9781108616799.017","https://openalex.org/W2906918961","A1-DUP-0773","A1DEF-0505","UNIQUE_OCCURRENCE","DEF","A1DEF-DUP-0447","FALSE_POSITIVE","FALSE_POSITIVE","Resolved at title/abstract/citation-context because the record was off-topic, application-specific, secondary, sequential-only, or methodologically redundant with a verified primary anchor; it was not retained and is not used to support a substantive or absence conclusion.","Resolved at title/abstract/citation-context because the record was off-topic, application-specific, secondary, sequential-only, or methodologically redundant with a verified primary anchor; it was not retained and is not used to support a substantive or absence conclusion.","LEVEL_3_DISCOVERY_ONLY","NOT_RETRIEVED","","","NONE","","audit/phase2a1_raw_search_results/DEF/PHASE2A1-SEARCH-0039_venkataramanan_forward_openalex.json","Discovery-only; not used in synthesis or an absence conclusion."
"A1DEF-0506","D-F","PHASE2A1-SEARCH-0039","2026-07-31","OpenAlex","Neyman-Pearson Causal Inference","Joni Shaska; Urbashi Mitra","2024","10.1109/isit57864.2024.10619696","https://openalex.org/W4401692352","A1-DUP-0774","A1DEF-0506","UNIQUE_OCCURRENCE","DEF","A1DEF-DUP-0448","FALSE_POSITIVE","FALSE_POSITIVE","Resolved at title/abstract/citation-context because the record was off-topic, application-specific, secondary, sequential-only, or methodologically redundant with a verified primary anchor; it was not retained and is not used to support a substantive or absence conclusion.","Resolved at title/abstract/citation-context because the record was off-topic, application-specific, secondary, sequential-only, or methodologically redundant with a verified primary anchor; it was not retained and is not used to support a substantive or absence conclusion.","LEVEL_3_DISCOVERY_ONLY","NOT_RETRIEVED","","","NONE","","audit/phase2a1_raw_search_results/DEF/PHASE2A1-SEARCH-0039_venkataramanan_forward_openalex.json","Discovery-only; not used in synthesis or an absence conclusion."
"A1DEF-0507","D-F","PHASE2A1-SEARCH-0039","2026-07-31","OpenAlex","Introduction to Information Theory and Data Science.","Miguel R. D. Rodrigues; Stark C. Draper; Waheed U. Bajwa; Yonina C. Eldar","2021","10.1017/9781108616799.002","https://openalex.org/W3137742455","A1-DUP-0775","A1DEF-0507","UNIQUE_OCCURRENCE","DEF","A1DEF-DUP-0449","FALSE_POSITIVE","FALSE_POSITIVE","Resolved at title/abstract/citation-context because the record was off-topic, application-specific, secondary, sequential-only, or methodologically redundant with a verified primary anchor; it was not retained and is not used to support a substantive or absence conclusion.","Resolved at title/abstract/citation-context because the record was off-topic, application-specific, secondary, sequential-only, or methodologically redundant with a verified primary anchor; it was not retained and is not used to support a substantive or absence conclusion.","LEVEL_3_DISCOVERY_ONLY","NOT_RETRIEVED","","","NONE","","audit/phase2a1_raw_search_results/DEF/PHASE2A1-SEARCH-0039_venkataramanan_forward_openalex.json","Discovery-only; not used in synthesis or an absence conclusion."
"A1DEF-0508","D-F","PHASE2A1-SEARCH-0039","2026-07-31","OpenAlex","About the lower bounds for the multiple testing problem","Yannick Baraud","2018","10.48550/arxiv.1807.05410","https://openalex.org/W2884514131","A1-DUP-0776","A1DEF-0508","UNIQUE_OCCURRENCE","DEF","A1DEF-DUP-0450","FALSE_POSITIVE","FALSE_POSITIVE","Resolved at title/abstract/citation-context because the record was off-topic, application-specific, secondary, sequential-only, or methodologically redundant with a verified primary anchor; it was not retained and is not used to support a substantive or absence conclusion.","Resolved at title/abstract/citation-context because the record was off-topic, application-specific, secondary, sequential-only, or methodologically redundant with a verified primary anchor; it was not retained and is not used to support a substantive or absence conclusion.","LEVEL_3_DISCOVERY_ONLY","NOT_RETRIEVED","","","NONE","","audit/phase2a1_raw_search_results/DEF/PHASE2A1-SEARCH-0039_venkataramanan_forward_openalex.json","Discovery-only; not used in synthesis or an absence conclusion."
"A1DEF-0509","D-F","PHASE2A1-SEARCH-0037","2026-07-31","Official author/repository access pass","Universal Inference","Larry Wasserman; Aaditya Ramdas; Sivaraman Balakrishnan","2020","10.1073/pnas.1922664117","arXiv:1912.11436","A1-DUP-0777","A1DEF-0509","UNIQUE_OCCURRENCE","DEF","A1DEF-DUP-0451","FULL_TEXT_INCLUDED","FULL_TEXT_INCLUDED","","","LEVEL_1_LOAD_BEARING","AUTHOR_MANUSCRIPT_FULL_TEXT_INSPECTED","Theorem 1 (finite-sample confidence set); Universal hypothesis test and Theorem 3 (split/cross-fit likelihood-ratio Type-I <= alpha); profile-likelihood nuisance discussion in Methods/SI.","P0070","EXISTING_CORPUS_RECORD","NEW_CORPUS_CANDIDATE","audit/phase2a1_raw_search_results/DEF/PHASE2A1-SEARCH-0037_universal_inference_fulltext.pdf","Finite-sample Type-I control for dominated IID composite nulls; power is conservative and no uniform Type-II/sample-size result is proved."
"A1DEF-0510","D-F","PHASE2A1-SEARCH-0037","2026-07-31","Official proceedings access pass","Robust hypothesis testing with squared Hellinger distance","Gökhan Gül; Abdelhak M. Zoubir","2014","10.5281/zenodo.54502","Zenodo:54502","A1-DUP-0778","A1DEF-0510","UNIQUE_OCCURRENCE","DEF","A1DEF-DUP-0452","FULL_TEXT_INCLUDED","FULL_TEXT_INCLUDED","","","LEVEL_1_LOAD_BEARING","OFFICIAL_PROCEEDINGS_FULL_TEXT_INSPECTED","Sections II-III define squared-Hellinger balls and minimax Bayes problem; least-favourable equations in Sections III-IV; maximum robustness/overlap discussion near pp.844-878 and conclusion.","P0071","EXISTING_CORPUS_RECORD","NEW_CORPUS_CANDIDATE","audit/phase2a1_raw_search_results/DEF/PHASE2A1-SEARCH-0037_gul_zoubir_hellinger_fulltext.pdf","Exact single-observation minimax robust test over Hellinger balls, not a general fixed-replicate EMU result."
"A1DEF-0511","D-F","PHASE2A1-SEARCH-0037","2026-07-31","Official PMLR access pass","Robust hypothesis testing and distribution estimation in Hellinger distance","Ananda Theertha Suresh","2021","pmlr:v130:theertha-suresh21a","pmlr:v130:theertha-suresh21a","A1-DUP-0779","A1DEF-0511","UNIQUE_OCCURRENCE","DEF","A1DEF-DUP-0453","FULL_TEXT_INCLUDED","FULL_TEXT_INCLUDED","","","LEVEL_1_LOAD_BEARING","OFFICIAL_PMLR_FULL_TEXT_INSPECTED","Problem definitions pp.1-2; HellingerTest construction; Theorem 1 fixed-sample upper/sample-complexity bound and Theorem 2 lower obstruction.","P0072","EXISTING_CORPUS_RECORD","NEW_CORPUS_CANDIDATE","audit/phase2a1_raw_search_results/DEF/PHASE2A1-SEARCH-0037_suresh_hellinger_fulltext.pdf","Constructive fixed-sample uniform test and matching order lower bound for Hellinger-margin robust neighborhoods around two known laws."
"A1DEF-0512","D-F","PHASE2A1-SEARCH-0037","2026-07-31","arXiv API/access pass","Finite-Sample Minimax Robustness in Hypothesis Testing","Gökhan Gül","2026","arxiv:2602.19803","arXiv:2602.19803","A1-DUP-0780","A1DEF-0512","UNIQUE_OCCURRENCE","DEF","A1DEF-DUP-0454","FULL_TEXT_INCLUDED","FULL_TEXT_INCLUDED","","","LEVEL_1_LOAD_BEARING","LEGITIMATE_PREPRINT_FULL_TEXT_INSPECTED","Definitions of single-model and finite-model robustness; equivalence theorem for f-divergence classes; finite-model-to-asymptotic implications; total-variation construction theorem.","P0073","EXISTING_CORPUS_RECORD","NEW_CORPUS_CANDIDATE","audit/phase2a1_raw_search_results/DEF/PHASE2A1-SEARCH-0037_gul_2026_finite_sample_fulltext.pdf","Current non-peer-reviewed preprint; finite-sample minimax robustness holds only under stated structural conditions and does not itself solve nonlinear EMU design."
"A1DEF-0513","D-F","PHASE2A1-SEARCH-0037","2026-07-31","Publisher/author access pass","Testing hypotheses on independent, not identically distributed models","Wolfgang Wefelmeyer","1987","10.1007/978-94-009-3963-9_20","https://doi.org/10.1007/978-94-009-3963-9_20","A1-DUP-0399","A1DEF-0032","SOURCE_LEDGER_GROUP","DEF","A1DEF-DUP-0032","DUPLICATE","DUPLICATE","Duplicate occurrence of a record already dispositioned in this prospective ledger.","Duplicate occurrence of a record already dispositioned in this prospective ledger.","LEVEL_3_DISCOVERY_ONLY","NOT_APPLICABLE","","","NONE","","audit/phase2a1_raw_search_results/DEF/PHASE2A1-SEARCH-0037_0038_arxiv_metadata.xml","Duplicate search occurrence; retained evidence is attached to the first occurrence."
"A1DEF-0514","D-F","PHASE2A1-SEARCH-0037","2026-07-31","Publisher/repository access pass","On Verifying Composite Hypotheses with Nuisance Parameters in the Multivariate Case","A. V. Bernshtein","1981","10.1137/1125037","https://doi.org/10.1137/1125037","A1-DUP-0781","A1DEF-0514","UNIQUE_OCCURRENCE","DEF","A1DEF-DUP-0455","FULL_TEXT_UNAVAILABLE","FULL_TEXT_UNAVAILABLE","SIAM publisher access was paywalled and no recognised repository or author manuscript was found in the bounded search; the multivariate composite-hypothesis result could not be verified.","SIAM publisher access was paywalled and no recognised repository or author manuscript was found in the bounded search; the multivariate composite-hypothesis result could not be verified.","LEVEL_1_LOAD_BEARING","FULL_TEXT_UNAVAILABLE","","","NONE","","audit/phase2a1_raw_search_results/DEF/PHASE2A1-SEARCH-0037_bernshtein_crossref.json","Not used for a substantive or absence conclusion."
"A1DEF-0515","D-F","PHASE2A1-SEARCH-0039","2026-07-31","Official institutional-repository access pass","Active Fixed-Sample-Size Hypothesis Testing via POMDP Value Function Lipschitz Bounds","Timothy L. Molloy; Girish N. Nair","2024","10.23919/acc60939.2024.10644574","https://doi.org/10.23919/ACC60939.2024.10644574","A1-DUP-0017","A1DEF-0006","SOURCE_LEDGER_GROUP;NORMALIZED_DOI","DEF","A1DEF-DUP-0006","DUPLICATE","DUPLICATE","Duplicate occurrence of a record already dispositioned in this prospective ledger.","Duplicate occurrence of a record already dispositioned in this prospective ledger.","LEVEL_3_DISCOVERY_ONLY","NOT_APPLICABLE","","","NONE","","audit/phase2a1_raw_search_results/DEF/PHASE2A1-SEARCH-0039_pomdp_crossref.json","Duplicate access-pass occurrence; retained unavailable disposition is attached to A1DEF-0006."
