"phase2a1_record_id","query_id","search_date","search_source","title","authors","year","doi_or_identifier","source_native_id","duplicate_group","screening_state","exclusion_reason","evidence_depth","full_text_access_status","evidence_location","proposed_corpus_record","raw_snapshot","notes"
"A1AC-0001","PHASE2A1-SEARCH-0001","2026-07-31","OpenAlex","Minimax testing of a composite null hypothesis defined via a quadratic functional in the model of regression","Laëtitia Comminges; Arnak S. Dalalyan","2013","10.1214/13-ejs766","https://openalex.org/W2063519358","A1AC-DUP-0001","FULL_TEXT_INCLUDED","","LEVEL_1_LOAD_BEARING","AUTHOR_MANUSCRIPT_FULL_TEXT_INSPECTED","arxiv_1208.1823_source/revision_EJS_2012.tex:181-262 (problem and asymptotic minimax framework), 571-674 (Theorems thm_1 and thm_2), 1392-1465 (proofs)","NEW_CORPUS_CANDIDATE","audit/phase2a1_raw_search_results/AC/PHASE2A1-SEARCH-0001_openalex.json","Constructive composite-vs-composite regression test and minimax lower bound are asymptotic separation-rate results, not an exact finite-sample guarantee."
"A1AC-0002","PHASE2A1-SEARCH-0001","2026-07-31","OpenAlex","Bayesian computation: a summary of the current state, and samples backwards and forwards","Peter J. Green; Krzysztof Łatuszyński; Marcelo Pereyra; Christian P. Robert","2015","10.1007/s11222-015-9574-5","https://openalex.org/W639587122","A1AC-DUP-0002","FALSE_POSITIVE","NO_DIRECT_FOUNDATIONAL_FIXED_SAMPLE_COMPOSITE_TEST_OR_MINIMAX_CONVERSE_RESULT_FOR_GAP_01_OR_GAP_03","LEVEL_3_DISCOVERY_ONLY","NOT_SOUGHT_AFTER_TITLE_METADATA_SCREEN","","","audit/phase2a1_raw_search_results/AC/PHASE2A1-SEARCH-0001_openalex.json","Final title/metadata-level false-positive disposition for this bounded A–C workstream; no substantive claim is drawn from the record."
"A1AC-0003","PHASE2A1-SEARCH-0001","2026-07-31","OpenAlex","Testing by Betting: A Strategy for Statistical and Scientific Communication","Glenn Shafer","2021","10.1111/rssa.12647","https://openalex.org/W3159808052","A1AC-DUP-0003","FALSE_POSITIVE","NO_DIRECT_FOUNDATIONAL_FIXED_SAMPLE_COMPOSITE_TEST_OR_MINIMAX_CONVERSE_RESULT_FOR_GAP_01_OR_GAP_03","LEVEL_3_DISCOVERY_ONLY","NOT_SOUGHT_AFTER_TITLE_METADATA_SCREEN","","","audit/phase2a1_raw_search_results/AC/PHASE2A1-SEARCH-0001_openalex.json","Final title/metadata-level false-positive disposition for this bounded A–C workstream; no substantive claim is drawn from the record."
"A1AC-0004","PHASE2A1-SEARCH-0001","2026-07-31","OpenAlex","Safe testing","Peter Grünwald; Rianne de Heide; Wouter M. Koolen","2024","10.1093/jrsssb/qkae011","https://openalex.org/W4392613287","A1AC-DUP-0004","DUPLICATE","DUPLICATE_OF_CORPUS_P0043","LEVEL_3_DISCOVERY_ONLY","NOT_APPLICABLE","","P0043","audit/phase2a1_raw_search_results/AC/PHASE2A1-SEARCH-0001_openalex.json","Already represented by a verified Phase 1/2 corpus record."
"A1AC-0005","PHASE2A1-SEARCH-0001","2026-07-31","OpenAlex","Noisy matrix decomposition via convex relaxation: Optimal rates in high dimensions","Alekh Agarwal; Sahand Negahban; Martin J. Wainwright","2012","10.1214/12-aos1000","https://openalex.org/W2154514661","A1AC-DUP-0005","FALSE_POSITIVE","NO_DIRECT_FOUNDATIONAL_FIXED_SAMPLE_COMPOSITE_TEST_OR_MINIMAX_CONVERSE_RESULT_FOR_GAP_01_OR_GAP_03","LEVEL_3_DISCOVERY_ONLY","NOT_SOUGHT_AFTER_TITLE_METADATA_SCREEN","","","audit/phase2a1_raw_search_results/AC/PHASE2A1-SEARCH-0001_openalex.json","Final title/metadata-level false-positive disposition for this bounded A–C workstream; no substantive claim is drawn from the record."
"A1AC-0006","PHASE2A1-SEARCH-0001","2026-07-31","OpenAlex","Restricted strong convexity and weighted matrix completion: Optimal bounds with noise","Sahand Negahban; Martin J. Wainwright","2010","10.48550/arxiv.1009.2118","https://openalex.org/W2111297856","A1AC-DUP-0006","FALSE_POSITIVE","NO_DIRECT_FOUNDATIONAL_FIXED_SAMPLE_COMPOSITE_TEST_OR_MINIMAX_CONVERSE_RESULT_FOR_GAP_01_OR_GAP_03","LEVEL_3_DISCOVERY_ONLY","NOT_SOUGHT_AFTER_TITLE_METADATA_SCREEN","","","audit/phase2a1_raw_search_results/AC/PHASE2A1-SEARCH-0001_openalex.json","Final title/metadata-level false-positive disposition for this bounded A–C workstream; no substantive claim is drawn from the record."
"A1AC-0007","PHASE2A1-SEARCH-0001","2026-07-31","OpenAlex","Testing goodness-of-fit and conditional independence with approximate co-sufficient sampling","Rina Foygel Barber; Lucas Janson","2022","10.1214/22-aos2187","https://openalex.org/W3043790179","A1AC-DUP-0007","FALSE_POSITIVE","NO_DIRECT_FOUNDATIONAL_FIXED_SAMPLE_COMPOSITE_TEST_OR_MINIMAX_CONVERSE_RESULT_FOR_GAP_01_OR_GAP_03","LEVEL_3_DISCOVERY_ONLY","NOT_SOUGHT_AFTER_TITLE_METADATA_SCREEN","","","audit/phase2a1_raw_search_results/AC/PHASE2A1-SEARCH-0001_openalex.json","Final title/metadata-level false-positive disposition for this bounded A–C workstream; no substantive claim is drawn from the record."
"A1AC-0008","PHASE2A1-SEARCH-0001","2026-07-31","OpenAlex","Confidence Regions for the Multinomial Parameter With Small Sample Size","Djalil Chafaï; Didier Concordet","2009","10.1198/jasa.2009.tm08152","https://openalex.org/W2122478484","A1AC-DUP-0008","FALSE_POSITIVE","NO_DIRECT_FOUNDATIONAL_FIXED_SAMPLE_COMPOSITE_TEST_OR_MINIMAX_CONVERSE_RESULT_FOR_GAP_01_OR_GAP_03","LEVEL_3_DISCOVERY_ONLY","NOT_SOUGHT_AFTER_TITLE_METADATA_SCREEN","","","audit/phase2a1_raw_search_results/AC/PHASE2A1-SEARCH-0001_openalex.json","Final title/metadata-level false-positive disposition for this bounded A–C workstream; no substantive claim is drawn from the record."
"A1AC-0009","PHASE2A1-SEARCH-0001","2026-07-31","OpenAlex","Game-Theoretic Statistics and Safe Anytime-Valid Inference","Aaditya Ramdas; Peter Grünwald; Vladimir Vovk; Glenn Shafer","2023","10.1214/23-sts894","https://openalex.org/W4388461534","A1AC-DUP-0009","FALSE_POSITIVE","NO_DIRECT_FOUNDATIONAL_FIXED_SAMPLE_COMPOSITE_TEST_OR_MINIMAX_CONVERSE_RESULT_FOR_GAP_01_OR_GAP_03","LEVEL_3_DISCOVERY_ONLY","NOT_SOUGHT_AFTER_TITLE_METADATA_SCREEN","","","audit/phase2a1_raw_search_results/AC/PHASE2A1-SEARCH-0001_openalex.json","Final title/metadata-level false-positive disposition for this bounded A–C workstream; no substantive claim is drawn from the record."
"A1AC-0010","PHASE2A1-SEARCH-0001","2026-07-31","OpenAlex","Testing exchangeability: Fork-convexity, supermartingales and e-processes","Aaditya Ramdas; Johannes Ruf; Martin Larsson; Wouter M. Koolen","2021","10.1016/j.ijar.2021.06.017","https://openalex.org/W3175186327","A1AC-DUP-0010","FALSE_POSITIVE","NO_DIRECT_FOUNDATIONAL_FIXED_SAMPLE_COMPOSITE_TEST_OR_MINIMAX_CONVERSE_RESULT_FOR_GAP_01_OR_GAP_03","LEVEL_3_DISCOVERY_ONLY","NOT_SOUGHT_AFTER_TITLE_METADATA_SCREEN","","","audit/phase2a1_raw_search_results/AC/PHASE2A1-SEARCH-0001_openalex.json","Final title/metadata-level false-positive disposition for this bounded A–C workstream; no substantive claim is drawn from the record."
"A1AC-0011","PHASE2A1-SEARCH-0001","2026-07-31","OpenAlex","High-dimensional change-point detection under sparse alternatives","Farida Enikeeva; Zaïd Harchaoui","2019","10.1214/18-aos1740","https://openalex.org/W2963416868","A1AC-DUP-0011","FALSE_POSITIVE","NO_DIRECT_FOUNDATIONAL_FIXED_SAMPLE_COMPOSITE_TEST_OR_MINIMAX_CONVERSE_RESULT_FOR_GAP_01_OR_GAP_03","LEVEL_3_DISCOVERY_ONLY","NOT_SOUGHT_AFTER_TITLE_METADATA_SCREEN","","","audit/phase2a1_raw_search_results/AC/PHASE2A1-SEARCH-0001_openalex.json","Final title/metadata-level false-positive disposition for this bounded A–C workstream; no substantive claim is drawn from the record."
"A1AC-0012","PHASE2A1-SEARCH-0001","2026-07-31","OpenAlex","Hypothesis testing with e-values","Aaditya Ramdas; Ruodu Wang","2024","10.48550/arxiv.2410.23614","https://openalex.org/W4404346919","A1AC-DUP-0012","FALSE_POSITIVE","NO_DIRECT_FOUNDATIONAL_FIXED_SAMPLE_COMPOSITE_TEST_OR_MINIMAX_CONVERSE_RESULT_FOR_GAP_01_OR_GAP_03","LEVEL_3_DISCOVERY_ONLY","NOT_SOUGHT_AFTER_TITLE_METADATA_SCREEN","","","audit/phase2a1_raw_search_results/AC/PHASE2A1-SEARCH-0001_openalex.json","Final title/metadata-level false-positive disposition for this bounded A–C workstream; no substantive claim is drawn from the record."
"A1AC-0013","PHASE2A1-SEARCH-0001","2026-07-31","OpenAlex","The landscape of empirical risk for nonconvex losses","Song Mei; Yu Bai; Andrea Montanari","2018","10.1214/17-aos1637","https://openalex.org/W2963122491","A1AC-DUP-0013","FALSE_POSITIVE","NO_DIRECT_FOUNDATIONAL_FIXED_SAMPLE_COMPOSITE_TEST_OR_MINIMAX_CONVERSE_RESULT_FOR_GAP_01_OR_GAP_03","LEVEL_3_DISCOVERY_ONLY","NOT_SOUGHT_AFTER_TITLE_METADATA_SCREEN","","","audit/phase2a1_raw_search_results/AC/PHASE2A1-SEARCH-0001_openalex.json","Final title/metadata-level false-positive disposition for this bounded A–C workstream; no substantive claim is drawn from the record."
"A1AC-0014","PHASE2A1-SEARCH-0001","2026-07-31","OpenAlex","Peeking with PEAK: Sequential, Nonparametric Composite Hypothesis Tests for Means of Multiple Data Streams","Brian Cho; Kyra Gan; Nathan Kallus","2024","10.48550/arxiv.2402.06122","https://openalex.org/W4391766500","A1AC-DUP-0014","FALSE_POSITIVE","NO_DIRECT_FOUNDATIONAL_FIXED_SAMPLE_COMPOSITE_TEST_OR_MINIMAX_CONVERSE_RESULT_FOR_GAP_01_OR_GAP_03","LEVEL_3_DISCOVERY_ONLY","NOT_SOUGHT_AFTER_TITLE_METADATA_SCREEN","","","audit/phase2a1_raw_search_results/AC/PHASE2A1-SEARCH-0001_openalex.json","Final title/metadata-level false-positive disposition for this bounded A–C workstream; no substantive claim is drawn from the record."
"A1AC-0015","PHASE2A1-SEARCH-0001","2026-07-31","OpenAlex","Generic E-variables for exact sequential <mml:math xmlns:mml=""http://www.w3.org/1998/Math/MathML"" altimg=""si736.svg"" display=""inline"" id=""d1e327""><mml:mi>k</mml:mi></mml:math>-sample tests that allow for optional stopping","Rosanne Turner; Alexander Ly; Peter Grünwald","2023","10.1016/j.jspi.2023.106116","https://openalex.org/W4388195981","A1AC-DUP-0015","FALSE_POSITIVE","NO_DIRECT_FOUNDATIONAL_FIXED_SAMPLE_COMPOSITE_TEST_OR_MINIMAX_CONVERSE_RESULT_FOR_GAP_01_OR_GAP_03","LEVEL_3_DISCOVERY_ONLY","NOT_SOUGHT_AFTER_TITLE_METADATA_SCREEN","","","audit/phase2a1_raw_search_results/AC/PHASE2A1-SEARCH-0001_openalex.json","Final title/metadata-level false-positive disposition for this bounded A–C workstream; no substantive claim is drawn from the record."
"A1AC-0016","PHASE2A1-SEARCH-0002","2026-07-31","Crossref","Graphing Sample Distributions for Hypothesis Testing","","2021","10.4135/9781529630213.n2","10.4135/9781529630213.n2","A1AC-DUP-0016","FALSE_POSITIVE","NO_DIRECT_FOUNDATIONAL_FIXED_SAMPLE_COMPOSITE_TEST_OR_MINIMAX_CONVERSE_RESULT_FOR_GAP_01_OR_GAP_03","LEVEL_3_DISCOVERY_ONLY","NOT_SOUGHT_AFTER_TITLE_METADATA_SCREEN","","","audit/phase2a1_raw_search_results/AC/PHASE2A1-SEARCH-0002_crossref.json","Final title/metadata-level false-positive disposition for this bounded A–C workstream; no substantive claim is drawn from the record."
"A1AC-0017","PHASE2A1-SEARCH-0002","2026-07-31","Crossref","Active Fixed-Sample-Size Hypothesis Testing via POMDP Value Function Lipschitz Bounds","Timothy L. Molloy; Girish N. Nair","2024","10.23919/acc60939.2024.10644574","10.23919/acc60939.2024.10644574","A1AC-DUP-0017","FALSE_POSITIVE","NO_DIRECT_FOUNDATIONAL_FIXED_SAMPLE_COMPOSITE_TEST_OR_MINIMAX_CONVERSE_RESULT_FOR_GAP_01_OR_GAP_03","LEVEL_3_DISCOVERY_ONLY","NOT_SOUGHT_AFTER_TITLE_METADATA_SCREEN","","","audit/phase2a1_raw_search_results/AC/PHASE2A1-SEARCH-0002_crossref.json","Final title/metadata-level false-positive disposition for this bounded A–C workstream; no substantive claim is drawn from the record."
"A1AC-0018","PHASE2A1-SEARCH-0002","2026-07-31","Crossref","Sample Size Determination for Bayesian Informative Hypothesis Testing","; Qianrao Fu","","10.33540/1221","10.33540/1221","A1AC-DUP-0018","FALSE_POSITIVE","NO_DIRECT_FOUNDATIONAL_FIXED_SAMPLE_COMPOSITE_TEST_OR_MINIMAX_CONVERSE_RESULT_FOR_GAP_01_OR_GAP_03","LEVEL_3_DISCOVERY_ONLY","NOT_SOUGHT_AFTER_TITLE_METADATA_SCREEN","","","audit/phase2a1_raw_search_results/AC/PHASE2A1-SEARCH-0002_crossref.json","Final title/metadata-level false-positive disposition for this bounded A–C workstream; no substantive claim is drawn from the record."
"A1AC-0019","PHASE2A1-SEARCH-0002","2026-07-31","Crossref","Hypothesis Testing with One Sample","","2014","10.4324/9781315797564-13","10.4324/9781315797564-13","A1AC-DUP-0019","FALSE_POSITIVE","NO_DIRECT_FOUNDATIONAL_FIXED_SAMPLE_COMPOSITE_TEST_OR_MINIMAX_CONVERSE_RESULT_FOR_GAP_01_OR_GAP_03","LEVEL_3_DISCOVERY_ONLY","NOT_SOUGHT_AFTER_TITLE_METADATA_SCREEN","","","audit/phase2a1_raw_search_results/AC/PHASE2A1-SEARCH-0002_crossref.json","Final title/metadata-level false-positive disposition for this bounded A–C workstream; no substantive claim is drawn from the record."
"A1AC-0020","PHASE2A1-SEARCH-0002","2026-07-31","Crossref","Hypothesis Testing and One-Sample t Tests","","2012","10.4135/9781071878989.n12","10.4135/9781071878989.n12","A1AC-DUP-0020","FALSE_POSITIVE","NO_DIRECT_FOUNDATIONAL_FIXED_SAMPLE_COMPOSITE_TEST_OR_MINIMAX_CONVERSE_RESULT_FOR_GAP_01_OR_GAP_03","LEVEL_3_DISCOVERY_ONLY","NOT_SOUGHT_AFTER_TITLE_METADATA_SCREEN","","","audit/phase2a1_raw_search_results/AC/PHASE2A1-SEARCH-0002_crossref.json","Final title/metadata-level false-positive disposition for this bounded A–C workstream; no substantive claim is drawn from the record."
"A1AC-0021","PHASE2A1-SEARCH-0002","2026-07-31","Crossref","Hypothesis Testing","","2009","10.1017/cbo9780511806957.004","10.1017/cbo9780511806957.004","A1AC-DUP-0021","FALSE_POSITIVE","NO_DIRECT_FOUNDATIONAL_FIXED_SAMPLE_COMPOSITE_TEST_OR_MINIMAX_CONVERSE_RESULT_FOR_GAP_01_OR_GAP_03","LEVEL_3_DISCOVERY_ONLY","NOT_SOUGHT_AFTER_TITLE_METADATA_SCREEN","","","audit/phase2a1_raw_search_results/AC/PHASE2A1-SEARCH-0002_crossref.json","Final title/metadata-level false-positive disposition for this bounded A–C workstream; no substantive claim is drawn from the record."
"A1AC-0022","PHASE2A1-SEARCH-0002","2026-07-31","Crossref","Sample Size and Hypothesis Testing","","2023","10.1002/9781119800002.ch14","10.1002/9781119800002.ch14","A1AC-DUP-0022","FALSE_POSITIVE","NO_DIRECT_FOUNDATIONAL_FIXED_SAMPLE_COMPOSITE_TEST_OR_MINIMAX_CONVERSE_RESULT_FOR_GAP_01_OR_GAP_03","LEVEL_3_DISCOVERY_ONLY","NOT_SOUGHT_AFTER_TITLE_METADATA_SCREEN","","","audit/phase2a1_raw_search_results/AC/PHASE2A1-SEARCH-0002_crossref.json","Final title/metadata-level false-positive disposition for this bounded A–C workstream; no substantive claim is drawn from the record."
"A1AC-0023","PHASE2A1-SEARCH-0002","2026-07-31","Crossref","Large Sample Hypothesis Testing","Anthony Almudevar","2021","10.1201/9781003049340-14","10.1201/9781003049340-14","A1AC-DUP-0023","FALSE_POSITIVE","NO_DIRECT_FOUNDATIONAL_FIXED_SAMPLE_COMPOSITE_TEST_OR_MINIMAX_CONVERSE_RESULT_FOR_GAP_01_OR_GAP_03","LEVEL_3_DISCOVERY_ONLY","NOT_SOUGHT_AFTER_TITLE_METADATA_SCREEN","","","audit/phase2a1_raw_search_results/AC/PHASE2A1-SEARCH-0002_crossref.json","Final title/metadata-level false-positive disposition for this bounded A–C workstream; no substantive claim is drawn from the record."
"A1AC-0024","PHASE2A1-SEARCH-0002","2026-07-31","Crossref","On a two-sample procedure for testing Student's hypothesis using mean range","Josef Machek","1959","10.21136/am.1959.102662","10.21136/am.1959.102662","A1AC-DUP-0024","FALSE_POSITIVE","NO_DIRECT_FOUNDATIONAL_FIXED_SAMPLE_COMPOSITE_TEST_OR_MINIMAX_CONVERSE_RESULT_FOR_GAP_01_OR_GAP_03","LEVEL_3_DISCOVERY_ONLY","NOT_SOUGHT_AFTER_TITLE_METADATA_SCREEN","","","audit/phase2a1_raw_search_results/AC/PHASE2A1-SEARCH-0002_crossref.json","Final title/metadata-level false-positive disposition for this bounded A–C workstream; no substantive claim is drawn from the record."
"A1AC-0025","PHASE2A1-SEARCH-0002","2026-07-31","Crossref","Hypothesis Testing: Two‐Sample Case","","2007","10.1002/9780470388303.ch9","10.1002/9780470388303.ch9","A1AC-DUP-0025","FALSE_POSITIVE","NO_DIRECT_FOUNDATIONAL_FIXED_SAMPLE_COMPOSITE_TEST_OR_MINIMAX_CONVERSE_RESULT_FOR_GAP_01_OR_GAP_03","LEVEL_3_DISCOVERY_ONLY","NOT_SOUGHT_AFTER_TITLE_METADATA_SCREEN","","","audit/phase2a1_raw_search_results/AC/PHASE2A1-SEARCH-0002_crossref.json","Final title/metadata-level false-positive disposition for this bounded A–C workstream; no substantive claim is drawn from the record."
"A1AC-0026","PHASE2A1-SEARCH-0002","2026-07-31","Crossref","Hypothesis Testing: One‐Sample Case","","2007","10.1002/9780470388303.ch8","10.1002/9780470388303.ch8","A1AC-DUP-0026","FALSE_POSITIVE","NO_DIRECT_FOUNDATIONAL_FIXED_SAMPLE_COMPOSITE_TEST_OR_MINIMAX_CONVERSE_RESULT_FOR_GAP_01_OR_GAP_03","LEVEL_3_DISCOVERY_ONLY","NOT_SOUGHT_AFTER_TITLE_METADATA_SCREEN","","","audit/phase2a1_raw_search_results/AC/PHASE2A1-SEARCH-0002_crossref.json","Final title/metadata-level false-positive disposition for this bounded A–C workstream; no substantive claim is drawn from the record."
"A1AC-0027","PHASE2A1-SEARCH-0002","2026-07-31","Crossref","Corrigendum: Small Sample Methods for Cluster-Robust Variance Estimation and Hypothesis Testing in Fixed Effects Models","","2023","10.1080/07350015.2023.2174123","10.1080/07350015.2023.2174123","A1AC-DUP-0027","FALSE_POSITIVE","NO_DIRECT_FOUNDATIONAL_FIXED_SAMPLE_COMPOSITE_TEST_OR_MINIMAX_CONVERSE_RESULT_FOR_GAP_01_OR_GAP_03","LEVEL_3_DISCOVERY_ONLY","NOT_SOUGHT_AFTER_TITLE_METADATA_SCREEN","","","audit/phase2a1_raw_search_results/AC/PHASE2A1-SEARCH-0002_crossref.json","Final title/metadata-level false-positive disposition for this bounded A–C workstream; no substantive claim is drawn from the record."
"A1AC-0028","PHASE2A1-SEARCH-0002","2026-07-31","Crossref","Testing a Sample Hypothesis","Luiz Moutinho","2011","10.4135/9781446251119.n98","10.4135/9781446251119.n98","A1AC-DUP-0028","FALSE_POSITIVE","NO_DIRECT_FOUNDATIONAL_FIXED_SAMPLE_COMPOSITE_TEST_OR_MINIMAX_CONVERSE_RESULT_FOR_GAP_01_OR_GAP_03","LEVEL_3_DISCOVERY_ONLY","NOT_SOUGHT_AFTER_TITLE_METADATA_SCREEN","","","audit/phase2a1_raw_search_results/AC/PHASE2A1-SEARCH-0002_crossref.json","Final title/metadata-level false-positive disposition for this bounded A–C workstream; no substantive claim is drawn from the record."
"A1AC-0029","PHASE2A1-SEARCH-0002","2026-07-31","Crossref","One-Sample Hypothesis Testing Including Power and Sample Size","Melody S. Goodman","2025","10.4324/9781003401612-13","10.4324/9781003401612-13","A1AC-DUP-0029","FALSE_POSITIVE","NO_DIRECT_FOUNDATIONAL_FIXED_SAMPLE_COMPOSITE_TEST_OR_MINIMAX_CONVERSE_RESULT_FOR_GAP_01_OR_GAP_03","LEVEL_3_DISCOVERY_ONLY","NOT_SOUGHT_AFTER_TITLE_METADATA_SCREEN","","","audit/phase2a1_raw_search_results/AC/PHASE2A1-SEARCH-0002_crossref.json","Final title/metadata-level false-positive disposition for this bounded A–C workstream; no substantive claim is drawn from the record."
"A1AC-0030","PHASE2A1-SEARCH-0002","2026-07-31","Crossref","Lab C: One-sample hypothesis testing, power, and sample size","Melody S. Goodman","2017","10.4324/9781315155661-11","10.4324/9781315155661-11","A1AC-DUP-0030","FALSE_POSITIVE","NO_DIRECT_FOUNDATIONAL_FIXED_SAMPLE_COMPOSITE_TEST_OR_MINIMAX_CONVERSE_RESULT_FOR_GAP_01_OR_GAP_03","LEVEL_3_DISCOVERY_ONLY","NOT_SOUGHT_AFTER_TITLE_METADATA_SCREEN","","","audit/phase2a1_raw_search_results/AC/PHASE2A1-SEARCH-0002_crossref.json","Final title/metadata-level false-positive disposition for this bounded A–C workstream; no substantive claim is drawn from the record."
"A1AC-0031","PHASE2A1-SEARCH-0003","2026-07-31","OpenAlex","Data-Driven Distributionally Robust Optimization Using the Wasserstein Metric: Performance Guarantees and Tractable Reformulations","Peyman Mohajerin Esfahani; Daniel Kühn","2017","10.1007/s10107-017-1172-1","https://openalex.org/W2963450292","A1AC-DUP-0031","FALSE_POSITIVE","NO_DIRECT_FOUNDATIONAL_FIXED_SAMPLE_COMPOSITE_TEST_OR_MINIMAX_CONVERSE_RESULT_FOR_GAP_01_OR_GAP_03","LEVEL_3_DISCOVERY_ONLY","NOT_SOUGHT_AFTER_TITLE_METADATA_SCREEN","","","audit/phase2a1_raw_search_results/AC/PHASE2A1-SEARCH-0003_openalex.json","Final title/metadata-level false-positive disposition for this bounded A–C workstream; no substantive claim is drawn from the record."
"A1AC-0032","PHASE2A1-SEARCH-0003","2026-07-31","OpenAlex","Noisy matrix decomposition via convex relaxation: Optimal rates in high dimensions","Alekh Agarwal; Sahand Negahban; Martin J. Wainwright","2012","10.1214/12-aos1000","https://openalex.org/W2154514661","A1AC-DUP-0005","DUPLICATE","DUPLICATE_OF_A1AC-0005","LEVEL_3_DISCOVERY_ONLY","NOT_APPLICABLE","","","audit/phase2a1_raw_search_results/AC/PHASE2A1-SEARCH-0003_openalex.json","Duplicate prospective occurrence; the first occurrence carries the evidence decision."
"A1AC-0033","PHASE2A1-SEARCH-0003","2026-07-31","OpenAlex","Guaranteed Matrix Completion via Non-Convex Factorization","Ruoyu Sun; Zhi‐Quan Luo","2016","10.1109/tit.2016.2598574","https://openalex.org/W2566608758","A1AC-DUP-0032","FALSE_POSITIVE","NO_DIRECT_FOUNDATIONAL_FIXED_SAMPLE_COMPOSITE_TEST_OR_MINIMAX_CONVERSE_RESULT_FOR_GAP_01_OR_GAP_03","LEVEL_3_DISCOVERY_ONLY","NOT_SOUGHT_AFTER_TITLE_METADATA_SCREEN","","","audit/phase2a1_raw_search_results/AC/PHASE2A1-SEARCH-0003_openalex.json","Final title/metadata-level false-positive disposition for this bounded A–C workstream; no substantive claim is drawn from the record."
"A1AC-0034","PHASE2A1-SEARCH-0003","2026-07-31","OpenAlex","Asymptotic minimax theorems for the sample distribution function","P. W. Millar","1979","10.1007/bf00537522","https://openalex.org/W2107782631","A1AC-DUP-0033","FALSE_POSITIVE","NO_DIRECT_FOUNDATIONAL_FIXED_SAMPLE_COMPOSITE_TEST_OR_MINIMAX_CONVERSE_RESULT_FOR_GAP_01_OR_GAP_03","LEVEL_3_DISCOVERY_ONLY","NOT_SOUGHT_AFTER_TITLE_METADATA_SCREEN","","","audit/phase2a1_raw_search_results/AC/PHASE2A1-SEARCH-0003_openalex.json","Final title/metadata-level false-positive disposition for this bounded A–C workstream; no substantive claim is drawn from the record."
"A1AC-0035","PHASE2A1-SEARCH-0003","2026-07-31","OpenAlex","Asymptotically exact nonparametric hypothesis testing in sup-norm and at a fixed point","Oleg Lepski; A. B. Tsybakov","2000","10.1007/s004400050265","https://openalex.org/W2058729597","A1AC-DUP-0034","FALSE_POSITIVE","ASYMPTOTIC_TESTING_RESULT_NOT_NONASYMPTOTIC_FIXED_SAMPLE","LEVEL_3_DISCOVERY_ONLY","NOT_SOUGHT_AFTER_TITLE_METADATA_SCREEN","","","audit/phase2a1_raw_search_results/AC/PHASE2A1-SEARCH-0003_openalex.json","Final title/metadata-level false-positive disposition for this bounded A–C workstream; no substantive claim is drawn from the record."
"A1AC-0036","PHASE2A1-SEARCH-0003","2026-07-31","OpenAlex","Noise Enhanced Hypothesis-Testing in the Restricted Bayesian Framework","Suat Bayram; Sinan Gezici; H. Vincent Poor","2010","10.1109/tsp.2010.2048107","https://openalex.org/W2097117108","A1AC-DUP-0035","FALSE_POSITIVE","NO_DIRECT_FOUNDATIONAL_FIXED_SAMPLE_COMPOSITE_TEST_OR_MINIMAX_CONVERSE_RESULT_FOR_GAP_01_OR_GAP_03","LEVEL_3_DISCOVERY_ONLY","NOT_SOUGHT_AFTER_TITLE_METADATA_SCREEN","","","audit/phase2a1_raw_search_results/AC/PHASE2A1-SEARCH-0003_openalex.json","Final title/metadata-level false-positive disposition for this bounded A–C workstream; no substantive claim is drawn from the record."
"A1AC-0037","PHASE2A1-SEARCH-0003","2026-07-31","OpenAlex","Hypothesis testing by convex optimization","Alexander Goldenshluger; Anatoli Juditsky; Arkadi Nemirovski","2015","10.1214/15-ejs1054","https://openalex.org/W1742114735","A1AC-DUP-0036","FULL_TEXT_INCLUDED","","LEVEL_1_LOAD_BEARING","AUTHOR_MANUSCRIPT_FULL_TEXT_INSPECTED","arxiv_1311.6765_source/hypotheses-arxiv-short_corrected.tex:269-376 (§2.1 and Theorem the1), 606-727 (§2.3 and Proposition propnonstI), 995-999 (Proposition theverylatestopt), 2933-3055 (proof and converse lemmas)","NEW_CORPUS_CANDIDATE","audit/phase2a1_raw_search_results/AC/PHASE2A1-SEARCH-0003_openalex.json","Constructive fixed-sample uniform tests for convex compact composite families in good observation schemes; §2.3 covers independent heterogeneous products and gives a risk lower comparison."
"A1AC-0038","PHASE2A1-SEARCH-0003","2026-07-31","OpenAlex","Distributed testing and estimation under sparse high dimensional models","Heather Battey; Jianqing Fan; Han Liu; Junwei Lu; Ziwei Zhu","2018","10.1214/17-aos1587","https://openalex.org/W2801571965","A1AC-DUP-0037","FALSE_POSITIVE","NO_DIRECT_FOUNDATIONAL_FIXED_SAMPLE_COMPOSITE_TEST_OR_MINIMAX_CONVERSE_RESULT_FOR_GAP_01_OR_GAP_03","LEVEL_3_DISCOVERY_ONLY","NOT_SOUGHT_AFTER_TITLE_METADATA_SCREEN","","","audit/phase2a1_raw_search_results/AC/PHASE2A1-SEARCH-0003_openalex.json","Final title/metadata-level false-positive disposition for this bounded A–C workstream; no substantive claim is drawn from the record."
"A1AC-0039","PHASE2A1-SEARCH-0003","2026-07-31","OpenAlex","On combinatorial testing problems","Louigi Addario‐Berry; Nicolas Broutin; Luc Devroye; Gábor Lugosi","2010","10.1214/10-aos817","https://openalex.org/W2166043450","A1AC-DUP-0038","FULL_TEXT_INCLUDED","","LEVEL_1_LOAD_BEARING","AUTHOR_MANUSCRIPT_FULL_TEXT_INSPECTED","arxiv_0908.3437_source/aos817.tex:151-416 (§1 model), 417-670 (§2 upper bounds, Propositions average and maxtest), 671-948 (§3 lower bounds, Propositions universal, pairs, symmetric and negass)","NEW_CORPUS_CANDIDATE","audit/phase2a1_raw_search_results/AC/PHASE2A1-SEARCH-0003_openalex.json","Fixed-sample constructive and converse results for specialized Gaussian combinatorial alternatives; risk averages over a finite alternative prior rather than uniformly controlling a continuous composite family."
"A1AC-0040","PHASE2A1-SEARCH-0003","2026-07-31","OpenAlex","Kernel Mean Embedding of Distributions: A Review and Beyond","Krikamol Muandet; Kenji Fukumizu; Bharath K. Sriperumbudur; Bernhard Schölkopf","2017","10.1561/2200000060","https://openalex.org/W2418306335","A1AC-DUP-0039","FALSE_POSITIVE","NO_DIRECT_FOUNDATIONAL_FIXED_SAMPLE_COMPOSITE_TEST_OR_MINIMAX_CONVERSE_RESULT_FOR_GAP_01_OR_GAP_03","LEVEL_3_DISCOVERY_ONLY","NOT_SOUGHT_AFTER_TITLE_METADATA_SCREEN","","","audit/phase2a1_raw_search_results/AC/PHASE2A1-SEARCH-0003_openalex.json","Final title/metadata-level false-positive disposition for this bounded A–C workstream; no substantive claim is drawn from the record."
"A1AC-0041","PHASE2A1-SEARCH-0003","2026-07-31","OpenAlex","Minimax nonparametric hypothesis testing for ellipsoids and Besov bodies","Yuri I. Ingster; Irina A. Suslina","2000","10.1051/ps:2000100","https://openalex.org/W2018629008","A1AC-DUP-0040","FALSE_POSITIVE","ASYMPTOTIC_MINIMAX_SEPARATION_RESULT_NOT_NONASYMPTOTIC_FIXED_SAMPLE","LEVEL_3_DISCOVERY_ONLY","NOT_SOUGHT_AFTER_TITLE_METADATA_SCREEN","","","audit/phase2a1_raw_search_results/AC/PHASE2A1-SEARCH-0003_openalex.json","Final title/metadata-level false-positive disposition for this bounded A–C workstream; no substantive claim is drawn from the record."
"A1AC-0042","PHASE2A1-SEARCH-0003","2026-07-31","OpenAlex","Adaptive minimax testing in the discrete regression scheme","Ghislaine Gayraud; Christophe Pouet","2005","10.1007/s00440-005-0445-4","https://openalex.org/W2007005543","A1AC-DUP-0041","FALSE_POSITIVE","ASYMPTOTIC_ADAPTIVE_MINIMAX_RATE_RESULT_NOT_NONASYMPTOTIC_FIXED_SAMPLE","LEVEL_3_DISCOVERY_ONLY","NOT_SOUGHT_AFTER_TITLE_METADATA_SCREEN","","","audit/phase2a1_raw_search_results/AC/PHASE2A1-SEARCH-0003_openalex.json","Final title/metadata-level false-positive disposition for this bounded A–C workstream; no substantive claim is drawn from the record."
"A1AC-0043","PHASE2A1-SEARCH-0003","2026-07-31","OpenAlex","The geometry of hypothesis testing over convex cones: Generalized likelihood ratio tests and minimax radii","Yuting Wei; Martin J. Wainwright; Adityanand Guntuboyina","2019","10.1214/18-aos1701","https://openalex.org/W2604164964","A1AC-DUP-0042","FULL_TEXT_INCLUDED","","LEVEL_1_LOAD_BEARING","AUTHOR_MANUSCRIPT_FULL_TEXT_INSPECTED","arxiv_1703.06810_source/Full_GLRT.tex:674-810 (fixed Gaussian model and uniform-error/minimax-radius definitions), 1079-1165 (Theorem ThmGLRT), 1668-1738 (Theorem ThmLBGen), 2268-2421 (lower-bound proof)","NEW_CORPUS_CANDIDATE","audit/phase2a1_raw_search_results/AC/PHASE2A1-SEARCH-0003_openalex.json","Nonasymptotic constructive GLRT and information-theoretic lower bound for nested closed convex cones under Gaussian sequence observations; not a general nonlinear nonconvex-family result."
"A1AC-0044","PHASE2A1-SEARCH-0003","2026-07-31","OpenAlex","The hardness of conditional independence testing and the generalised covariance measure","Rajen D. Shah; Jonas Peters","2020","10.1214/19-aos1857","https://openalex.org/W2797510035","A1AC-DUP-0043","FALSE_POSITIVE","NO_DIRECT_FOUNDATIONAL_FIXED_SAMPLE_COMPOSITE_TEST_OR_MINIMAX_CONVERSE_RESULT_FOR_GAP_01_OR_GAP_03","LEVEL_3_DISCOVERY_ONLY","NOT_SOUGHT_AFTER_TITLE_METADATA_SCREEN","","","audit/phase2a1_raw_search_results/AC/PHASE2A1-SEARCH-0003_openalex.json","Final title/metadata-level false-positive disposition for this bounded A–C workstream; no substantive claim is drawn from the record."
"A1AC-0045","PHASE2A1-SEARCH-0003","2026-07-31","OpenAlex","Using Stacking to Average Bayesian Predictive Distributions (with Discussion)","Yuling Yao; Aki Vehtari; Daniel Simpson; Andrew Gelman","2018","10.1214/17-ba1091","https://openalex.org/W2605947465","A1AC-DUP-0044","FALSE_POSITIVE","NO_DIRECT_FOUNDATIONAL_FIXED_SAMPLE_COMPOSITE_TEST_OR_MINIMAX_CONVERSE_RESULT_FOR_GAP_01_OR_GAP_03","LEVEL_3_DISCOVERY_ONLY","NOT_SOUGHT_AFTER_TITLE_METADATA_SCREEN","","","audit/phase2a1_raw_search_results/AC/PHASE2A1-SEARCH-0003_openalex.json","Final title/metadata-level false-positive disposition for this bounded A–C workstream; no substantive claim is drawn from the record."
"A1AC-0046","PHASE2A1-SEARCH-0004","2026-07-31","Crossref","Hypothesis testing of equality between exponential distributions with matched sets","Kung-Jong Lui","1997","10.1109/24.589952","10.1109/24.589952","A1AC-DUP-0045","FALSE_POSITIVE","NO_DIRECT_FOUNDATIONAL_FIXED_SAMPLE_COMPOSITE_TEST_OR_MINIMAX_CONVERSE_RESULT_FOR_GAP_01_OR_GAP_03","LEVEL_3_DISCOVERY_ONLY","NOT_SOUGHT_AFTER_TITLE_METADATA_SCREEN","","","audit/phase2a1_raw_search_results/AC/PHASE2A1-SEARCH-0004_crossref.json","Final title/metadata-level false-positive disposition for this bounded A–C workstream; no substantive claim is drawn from the record."
"A1AC-0047","PHASE2A1-SEARCH-0004","2026-07-31","Crossref","The geometry of hypothesis testing over convex cones: Generalized likelihood ratio tests and minimax radii","Yuting Wei; Martin J. Wainwright; Adityanand Guntuboyina","2019","10.1214/18-aos1701","10.1214/18-aos1701","A1AC-DUP-0042","DUPLICATE","DUPLICATE_OF_A1AC-0043","LEVEL_3_DISCOVERY_ONLY","NOT_APPLICABLE","","","audit/phase2a1_raw_search_results/AC/PHASE2A1-SEARCH-0004_crossref.json","Duplicate prospective occurrence; the first occurrence carries the evidence decision."
"A1AC-0048","PHASE2A1-SEARCH-0004","2026-07-31","Crossref","Non-Convex Robust Hypothesis Testing Using Sinkhorn Uncertainty Sets","Jie Wang; Rui Gao; Yao Xie","2024","10.1109/isit57864.2024.10619088","10.1109/isit57864.2024.10619088","A1AC-DUP-0046","FALSE_POSITIVE","NO_DIRECT_FOUNDATIONAL_FIXED_SAMPLE_COMPOSITE_TEST_OR_MINIMAX_CONVERSE_RESULT_FOR_GAP_01_OR_GAP_03","LEVEL_3_DISCOVERY_ONLY","NOT_SOUGHT_AFTER_TITLE_METADATA_SCREEN","","","audit/phase2a1_raw_search_results/AC/PHASE2A1-SEARCH-0004_crossref.json","Final title/metadata-level false-positive disposition for this bounded A–C workstream; no substantive claim is drawn from the record."
"A1AC-0049","PHASE2A1-SEARCH-0004","2026-07-31","Crossref","Graphing Sample Distributions for Hypothesis Testing","","2021","10.4135/9781529630213.n2","10.4135/9781529630213.n2","A1AC-DUP-0016","DUPLICATE","DUPLICATE_OF_A1AC-0016","LEVEL_3_DISCOVERY_ONLY","NOT_APPLICABLE","","","audit/phase2a1_raw_search_results/AC/PHASE2A1-SEARCH-0004_crossref.json","Duplicate prospective occurrence; the first occurrence carries the evidence decision."
"A1AC-0050","PHASE2A1-SEARCH-0004","2026-07-31","Crossref","Minimax Decentralized Hypothesis Testing","Gökhan Gül","2017","10.1007/978-3-319-49286-5_7","10.1007/978-3-319-49286-5_7","A1AC-DUP-0047","FULL_TEXT_UNAVAILABLE","NO_LEGALLY_ACCESSIBLE_INSPECTABLE_PRIMARY_FULL_TEXT_OBTAINED_IN_BOUNDED_RETRIEVAL","LEVEL_3_DISCOVERY_ONLY","FULL_TEXT_NOT_OBTAINED_OR_NOT_INSPECTABLE","","","audit/phase2a1_raw_search_results/AC/PHASE2A1-SEARCH-0004_crossref.json","Potentially relevant foundational source retained without guarantee coding; it cannot support a substantive synthesis conclusion."
"A1AC-0051","PHASE2A1-SEARCH-0004","2026-07-31","Crossref","Randomizations, Null Distributions, and Hypothesis Testing","Marc W. Cadotte; T. Jonathan Davies","2016","10.23943/princeton/9780691157689.003.0004","10.23943/princeton/9780691157689.003.0004","A1AC-DUP-0048","FALSE_POSITIVE","NO_DIRECT_FOUNDATIONAL_FIXED_SAMPLE_COMPOSITE_TEST_OR_MINIMAX_CONVERSE_RESULT_FOR_GAP_01_OR_GAP_03","LEVEL_3_DISCOVERY_ONLY","NOT_SOUGHT_AFTER_TITLE_METADATA_SCREEN","","","audit/phase2a1_raw_search_results/AC/PHASE2A1-SEARCH-0004_crossref.json","Final title/metadata-level false-positive disposition for this bounded A–C workstream; no substantive claim is drawn from the record."
"A1AC-0052","PHASE2A1-SEARCH-0004","2026-07-31","Crossref","Hypothesis Testing","","2020","10.2307/j.ctvqsdxqd.10","10.2307/j.ctvqsdxqd.10","A1AC-DUP-0049","FALSE_POSITIVE","NO_DIRECT_FOUNDATIONAL_FIXED_SAMPLE_COMPOSITE_TEST_OR_MINIMAX_CONVERSE_RESULT_FOR_GAP_01_OR_GAP_03","LEVEL_3_DISCOVERY_ONLY","NOT_SOUGHT_AFTER_TITLE_METADATA_SCREEN","","","audit/phase2a1_raw_search_results/AC/PHASE2A1-SEARCH-0004_crossref.json","Final title/metadata-level false-positive disposition for this bounded A–C workstream; no substantive claim is drawn from the record."
"A1AC-0053","PHASE2A1-SEARCH-0004","2026-07-31","Crossref","Transforming probability distributions into membership functions of fuzzy classes: A hypothesis test approach","Marco Pota; Massimo Esposito; Giuseppe De Pietro","2013","10.1016/j.fss.2013.03.013","10.1016/j.fss.2013.03.013","A1AC-DUP-0050","FALSE_POSITIVE","NO_DIRECT_FOUNDATIONAL_FIXED_SAMPLE_COMPOSITE_TEST_OR_MINIMAX_CONVERSE_RESULT_FOR_GAP_01_OR_GAP_03","LEVEL_3_DISCOVERY_ONLY","NOT_SOUGHT_AFTER_TITLE_METADATA_SCREEN","","","audit/phase2a1_raw_search_results/AC/PHASE2A1-SEARCH-0004_crossref.json","Final title/metadata-level false-positive disposition for this bounded A–C workstream; no substantive claim is drawn from the record."
"A1AC-0054","PHASE2A1-SEARCH-0004","2026-07-31","Crossref","Hypothesis Testing","John Stillwell","2019","10.23943/princeton/9780691197296.003.0002","10.23943/princeton/9780691197296.003.0002","A1AC-DUP-0051","FALSE_POSITIVE","NO_DIRECT_FOUNDATIONAL_FIXED_SAMPLE_COMPOSITE_TEST_OR_MINIMAX_CONVERSE_RESULT_FOR_GAP_01_OR_GAP_03","LEVEL_3_DISCOVERY_ONLY","NOT_SOUGHT_AFTER_TITLE_METADATA_SCREEN","","","audit/phase2a1_raw_search_results/AC/PHASE2A1-SEARCH-0004_crossref.json","Final title/metadata-level false-positive disposition for this bounded A–C workstream; no substantive claim is drawn from the record."
"A1AC-0055","PHASE2A1-SEARCH-0004","2026-07-31","Crossref","2. Hypothesis Testing","","2020","10.1515/9780691200316-008","10.1515/9780691200316-008","A1AC-DUP-0052","FALSE_POSITIVE","NO_DIRECT_FOUNDATIONAL_FIXED_SAMPLE_COMPOSITE_TEST_OR_MINIMAX_CONVERSE_RESULT_FOR_GAP_01_OR_GAP_03","LEVEL_3_DISCOVERY_ONLY","NOT_SOUGHT_AFTER_TITLE_METADATA_SCREEN","","","audit/phase2a1_raw_search_results/AC/PHASE2A1-SEARCH-0004_crossref.json","Final title/metadata-level false-positive disposition for this bounded A–C workstream; no substantive claim is drawn from the record."
"A1AC-0056","PHASE2A1-SEARCH-0004","2026-07-31","Crossref","Minimax Hypothesis Testing about the Density Support","Ghislaine Gayraud","2001","10.2307/3318499","10.2307/3318499","A1AC-DUP-0053","FULL_TEXT_UNAVAILABLE","NO_LEGALLY_ACCESSIBLE_INSPECTABLE_PRIMARY_FULL_TEXT_OBTAINED_IN_BOUNDED_RETRIEVAL","LEVEL_3_DISCOVERY_ONLY","FULL_TEXT_NOT_OBTAINED_OR_NOT_INSPECTABLE","","","audit/phase2a1_raw_search_results/AC/PHASE2A1-SEARCH-0004_crossref.json","Potentially relevant foundational source retained without guarantee coding; it cannot support a substantive synthesis conclusion."
"A1AC-0057","PHASE2A1-SEARCH-0004","2026-07-31","Crossref","Sets with convex sections and a minimax theorem","","1985","10.1017/cbo9780511625756.017","10.1017/cbo9780511625756.017","A1AC-DUP-0054","FALSE_POSITIVE","NO_DIRECT_FOUNDATIONAL_FIXED_SAMPLE_COMPOSITE_TEST_OR_MINIMAX_CONVERSE_RESULT_FOR_GAP_01_OR_GAP_03","LEVEL_3_DISCOVERY_ONLY","NOT_SOUGHT_AFTER_TITLE_METADATA_SCREEN","","","audit/phase2a1_raw_search_results/AC/PHASE2A1-SEARCH-0004_crossref.json","Final title/metadata-level false-positive disposition for this bounded A–C workstream; no substantive claim is drawn from the record."
"A1AC-0058","PHASE2A1-SEARCH-0004","2026-07-31","Crossref","A Minimax Model for Generalized Penetration Distance Between Convex Sets by Directed Hausdorff Distance","Yanfei Wen; Wenxing Zhang","2022","10.1109/lra.2022.3166111","10.1109/lra.2022.3166111","A1AC-DUP-0055","FALSE_POSITIVE","NO_DIRECT_FOUNDATIONAL_FIXED_SAMPLE_COMPOSITE_TEST_OR_MINIMAX_CONVERSE_RESULT_FOR_GAP_01_OR_GAP_03","LEVEL_3_DISCOVERY_ONLY","NOT_SOUGHT_AFTER_TITLE_METADATA_SCREEN","","","audit/phase2a1_raw_search_results/AC/PHASE2A1-SEARCH-0004_crossref.json","Final title/metadata-level false-positive disposition for this bounded A–C workstream; no substantive claim is drawn from the record."
"A1AC-0059","PHASE2A1-SEARCH-0004","2026-07-31","Crossref","On minimax principles and sets with convex sections","E. Tarafdar","2022","10.5486/pmd.1982.29.3-4.01","10.5486/pmd.1982.29.3-4.01","A1AC-DUP-0056","FALSE_POSITIVE","NO_DIRECT_FOUNDATIONAL_FIXED_SAMPLE_COMPOSITE_TEST_OR_MINIMAX_CONVERSE_RESULT_FOR_GAP_01_OR_GAP_03","LEVEL_3_DISCOVERY_ONLY","NOT_SOUGHT_AFTER_TITLE_METADATA_SCREEN","","","audit/phase2a1_raw_search_results/AC/PHASE2A1-SEARCH-0004_crossref.json","Final title/metadata-level false-positive disposition for this bounded A–C workstream; no substantive claim is drawn from the record."
"A1AC-0060","PHASE2A1-SEARCH-0004","2026-07-31","Crossref","Testing the hypothesis of a block compound symmetric covariance matrix for elliptically contoured distributions","Carlos A. Coelho; Anuradha Roy","2017","10.1007/s11749-016-0512-4","10.1007/s11749-016-0512-4","A1AC-DUP-0057","FALSE_POSITIVE","NO_DIRECT_FOUNDATIONAL_FIXED_SAMPLE_COMPOSITE_TEST_OR_MINIMAX_CONVERSE_RESULT_FOR_GAP_01_OR_GAP_03","LEVEL_3_DISCOVERY_ONLY","NOT_SOUGHT_AFTER_TITLE_METADATA_SCREEN","","","audit/phase2a1_raw_search_results/AC/PHASE2A1-SEARCH-0004_crossref.json","Final title/metadata-level false-positive disposition for this bounded A–C workstream; no substantive claim is drawn from the record."
"A1AC-0061","PHASE2A1-SEARCH-0005","2026-07-31","OpenAlex","Data-Driven Distributionally Robust Optimization Using the Wasserstein Metric: Performance Guarantees and Tractable Reformulations","Peyman Mohajerin Esfahani; Daniel Kühn","2017","10.1007/s10107-017-1172-1","https://openalex.org/W2963450292","A1AC-DUP-0031","DUPLICATE","DUPLICATE_OF_A1AC-0031","LEVEL_3_DISCOVERY_ONLY","NOT_APPLICABLE","","","audit/phase2a1_raw_search_results/AC/PHASE2A1-SEARCH-0005_openalex.json","Duplicate prospective occurrence; the first occurrence carries the evidence decision."
"A1AC-0062","PHASE2A1-SEARCH-0005","2026-07-31","OpenAlex","Bayesian model averaging: a tutorial (with comments by M. Clyde, David Draper and E. I. George, and a rejoinder by the authors","Jennifer A. Hoeting; David Madigan; Adrian E. Raftery; Chris Volinsky","1999","10.1214/ss/1009212519","https://openalex.org/W1603903339","A1AC-DUP-0058","FALSE_POSITIVE","NO_DIRECT_FOUNDATIONAL_FIXED_SAMPLE_COMPOSITE_TEST_OR_MINIMAX_CONVERSE_RESULT_FOR_GAP_01_OR_GAP_03","LEVEL_3_DISCOVERY_ONLY","NOT_SOUGHT_AFTER_TITLE_METADATA_SCREEN","","","audit/phase2a1_raw_search_results/AC/PHASE2A1-SEARCH-0005_openalex.json","Final title/metadata-level false-positive disposition for this bounded A–C workstream; no substantive claim is drawn from the record."
"A1AC-0063","PHASE2A1-SEARCH-0005","2026-07-31","OpenAlex","Robustness and generalization","Huan Xu; Shie Mannor","2011","10.1007/s10994-011-5268-1","https://openalex.org/W1892947258","A1AC-DUP-0059","FALSE_POSITIVE","NO_DIRECT_FOUNDATIONAL_FIXED_SAMPLE_COMPOSITE_TEST_OR_MINIMAX_CONVERSE_RESULT_FOR_GAP_01_OR_GAP_03","LEVEL_3_DISCOVERY_ONLY","NOT_SOUGHT_AFTER_TITLE_METADATA_SCREEN","","","audit/phase2a1_raw_search_results/AC/PHASE2A1-SEARCH-0005_openalex.json","Final title/metadata-level false-positive disposition for this bounded A–C workstream; no substantive claim is drawn from the record."
"A1AC-0064","PHASE2A1-SEARCH-0005","2026-07-31","OpenAlex","Frameworks and Results in Distributionally Robust Optimization","Hamed Rahimian; Sanjay Mehrotra","2022","10.5802/ojmo.15","https://openalex.org/W4288066793","A1AC-DUP-0060","FALSE_POSITIVE","NO_DIRECT_FOUNDATIONAL_FIXED_SAMPLE_COMPOSITE_TEST_OR_MINIMAX_CONVERSE_RESULT_FOR_GAP_01_OR_GAP_03","LEVEL_3_DISCOVERY_ONLY","NOT_SOUGHT_AFTER_TITLE_METADATA_SCREEN","","","audit/phase2a1_raw_search_results/AC/PHASE2A1-SEARCH-0005_openalex.json","Final title/metadata-level false-positive disposition for this bounded A–C workstream; no substantive claim is drawn from the record."
"A1AC-0065","PHASE2A1-SEARCH-0005","2026-07-31","OpenAlex","Data-driven distributionally robust optimization using the Wasserstein metric: performance guarantees and tractable reformulations","Peyman Mohajerin Esfahani; Daniel Kühn","2017","10.1007/s10107-017-1172-1","https://openalex.org/W1712265143","A1AC-DUP-0031","DUPLICATE","DUPLICATE_OF_A1AC-0031","LEVEL_3_DISCOVERY_ONLY","NOT_APPLICABLE","","","audit/phase2a1_raw_search_results/AC/PHASE2A1-SEARCH-0005_openalex.json","Duplicate prospective occurrence; the first occurrence carries the evidence decision."
"A1AC-0066","PHASE2A1-SEARCH-0005","2026-07-31","OpenAlex","The Synchrosqueezing algorithm for time-varying spectral analysis: Robustness properties and new paleoclimate applications","Gaurav Thakur; Eugene Brevdo; Neven S. Fučkar; Hau‐Tieng Wu","2012","10.1016/j.sigpro.2012.11.029","https://openalex.org/W2081986197","A1AC-DUP-0061","FALSE_POSITIVE","NO_DIRECT_FOUNDATIONAL_FIXED_SAMPLE_COMPOSITE_TEST_OR_MINIMAX_CONVERSE_RESULT_FOR_GAP_01_OR_GAP_03","LEVEL_3_DISCOVERY_ONLY","NOT_SOUGHT_AFTER_TITLE_METADATA_SCREEN","","","audit/phase2a1_raw_search_results/AC/PHASE2A1-SEARCH-0005_openalex.json","Final title/metadata-level false-positive disposition for this bounded A–C workstream; no substantive claim is drawn from the record."
"A1AC-0067","PHASE2A1-SEARCH-0005","2026-07-31","OpenAlex","Using Stacking to Average Bayesian Predictive Distributions (with Discussion)","Yuling Yao; Aki Vehtari; Daniel Simpson; Andrew Gelman","2018","10.1214/17-ba1091","https://openalex.org/W2605947465","A1AC-DUP-0044","DUPLICATE","DUPLICATE_OF_A1AC-0045","LEVEL_3_DISCOVERY_ONLY","NOT_APPLICABLE","","","audit/phase2a1_raw_search_results/AC/PHASE2A1-SEARCH-0005_openalex.json","Duplicate prospective occurrence; the first occurrence carries the evidence decision."
"A1AC-0068","PHASE2A1-SEARCH-0005","2026-07-31","OpenAlex","Distributionally robust optimization with decision dependent ambiguity sets","Fengqiao Luo; Sanjay Mehrotra","2020","10.1007/s11590-020-01574-3","https://openalex.org/W3015953475","A1AC-DUP-0062","FALSE_POSITIVE","NO_DIRECT_FOUNDATIONAL_FIXED_SAMPLE_COMPOSITE_TEST_OR_MINIMAX_CONVERSE_RESULT_FOR_GAP_01_OR_GAP_03","LEVEL_3_DISCOVERY_ONLY","NOT_SOUGHT_AFTER_TITLE_METADATA_SCREEN","","","audit/phase2a1_raw_search_results/AC/PHASE2A1-SEARCH-0005_openalex.json","Final title/metadata-level false-positive disposition for this bounded A–C workstream; no substantive claim is drawn from the record."
"A1AC-0069","PHASE2A1-SEARCH-0005","2026-07-31","OpenAlex","Kernel Mean Embedding of Distributions: A Review and Beyond","Krikamol Muandet; Kenji Fukumizu; Bharath K. Sriperumbudur; Bernhard Schölkopf","2017","10.1561/2200000060","https://openalex.org/W2418306335","A1AC-DUP-0039","DUPLICATE","DUPLICATE_OF_A1AC-0040","LEVEL_3_DISCOVERY_ONLY","NOT_APPLICABLE","","","audit/phase2a1_raw_search_results/AC/PHASE2A1-SEARCH-0005_openalex.json","Duplicate prospective occurrence; the first occurrence carries the evidence decision."
"A1AC-0070","PHASE2A1-SEARCH-0005","2026-07-31","OpenAlex","Learning models with uniform performance via distributionally robust optimization","John C. Duchi; Hongseok Namkoong","2021","10.1214/20-aos2004","https://openalex.org/W2896534181","A1AC-DUP-0063","FALSE_POSITIVE","NO_DIRECT_FOUNDATIONAL_FIXED_SAMPLE_COMPOSITE_TEST_OR_MINIMAX_CONVERSE_RESULT_FOR_GAP_01_OR_GAP_03","LEVEL_3_DISCOVERY_ONLY","NOT_SOUGHT_AFTER_TITLE_METADATA_SCREEN","","","audit/phase2a1_raw_search_results/AC/PHASE2A1-SEARCH-0005_openalex.json","Final title/metadata-level false-positive disposition for this bounded A–C workstream; no substantive claim is drawn from the record."
"A1AC-0071","PHASE2A1-SEARCH-0005","2026-07-31","OpenAlex","Distributionally robust optimization","Daniel Kühn; Soroosh Shafieezadeh-Abadeh; Wolfram Wiesemann","2025","10.1017/s0962492924000084","https://openalex.org/W4411917733","A1AC-DUP-0064","FALSE_POSITIVE","NO_DIRECT_FOUNDATIONAL_FIXED_SAMPLE_COMPOSITE_TEST_OR_MINIMAX_CONVERSE_RESULT_FOR_GAP_01_OR_GAP_03","LEVEL_3_DISCOVERY_ONLY","NOT_SOUGHT_AFTER_TITLE_METADATA_SCREEN","","","audit/phase2a1_raw_search_results/AC/PHASE2A1-SEARCH-0005_openalex.json","Final title/metadata-level false-positive disposition for this bounded A–C workstream; no substantive claim is drawn from the record."
"A1AC-0072","PHASE2A1-SEARCH-0005","2026-07-31","OpenAlex","Noise Enhanced Hypothesis-Testing in the Restricted Bayesian Framework","Suat Bayram; Sinan Gezici; H. Vincent Poor","2010","10.1109/tsp.2010.2048107","https://openalex.org/W2097117108","A1AC-DUP-0035","DUPLICATE","DUPLICATE_OF_A1AC-0036","LEVEL_3_DISCOVERY_ONLY","NOT_APPLICABLE","","","audit/phase2a1_raw_search_results/AC/PHASE2A1-SEARCH-0005_openalex.json","Duplicate prospective occurrence; the first occurrence carries the evidence decision."
"A1AC-0073","PHASE2A1-SEARCH-0005","2026-07-31","OpenAlex","Misspecified and Asymptotically Minimax Robust Quickest Change Detection","Timothy L. Molloy; Jason Ford","2017","10.1109/tsp.2017.2740202","https://openalex.org/W2746438449","A1AC-DUP-0065","FALSE_POSITIVE","SEQUENTIAL_QUICKEST_CHANGE_DETECTION_NOT_FIXED_SAMPLE","LEVEL_3_DISCOVERY_ONLY","NOT_SOUGHT_AFTER_TITLE_METADATA_SCREEN","","","audit/phase2a1_raw_search_results/AC/PHASE2A1-SEARCH-0005_openalex.json","Final title/metadata-level false-positive disposition for this bounded A–C workstream; no substantive claim is drawn from the record."
"A1AC-0074","PHASE2A1-SEARCH-0005","2026-07-31","OpenAlex","Advances and Open Problems in Federated Learning","Peter Kairouz; H. Brendan McMahan; Brendan Avent; Aurélien Bellet; Mehdi Bennis; Arjun Nitin Bhagoji; Kallista Bonawitz; Zachary Charles; Graham Cormode; Rachel Cummings; Rafael G. L. D’Oliveira; Hubert Eichner; Salim El Rouayheb; David Evans; Joshua Gardner; Zachary Garrett; Adrià Gascón; Badih Ghazi; Phillip B. Gibbons; Marco Gruteser; Zaïd Harchaoui; Chaoyang He; Lingxiao He; Zhouyuan Huo; Ben Hutchinson; Justin Hsu; Martin Jaggi; Tara Javidi; Gauri Joshi; Mikhail Khodak; Jakub Konečný; Aleksandra Korolova; Farinaz Koushanfar; Sanmi Koyejo; Tancrède Lepoint; Yang Liu; Prateek Mittal; Mehryar Mohri; Richard Nock; Ayfer Özgür; Rasmus Pagh; Hang Qi; Daniel Ramage; Ramesh Raskar; Mariana Raykova; Dawn Song; Weikang Song; Sebastian U. Stich; Ziteng Sun; Ananda Theertha Suresh; Florian Tramèr; Praneeth Vepakomma; Jianyu Wang; Li Xiong; Zheng Xu; Qiang Yang; Felix X. Yu; Han Yu; Sen Zhao","2020","10.1561/2200000083","https://openalex.org/W2995022099","A1AC-DUP-0066","FALSE_POSITIVE","NO_DIRECT_FOUNDATIONAL_FIXED_SAMPLE_COMPOSITE_TEST_OR_MINIMAX_CONVERSE_RESULT_FOR_GAP_01_OR_GAP_03","LEVEL_3_DISCOVERY_ONLY","NOT_SOUGHT_AFTER_TITLE_METADATA_SCREEN","","","audit/phase2a1_raw_search_results/AC/PHASE2A1-SEARCH-0005_openalex.json","Final title/metadata-level false-positive disposition for this bounded A–C workstream; no substantive claim is drawn from the record."
"A1AC-0075","PHASE2A1-SEARCH-0005","2026-07-31","OpenAlex","Steps Toward Robust Artificial Intelligence","Thomas G. Dietterich","2017","10.1609/aimag.v38i3.2756","https://openalex.org/W2763152536","A1AC-DUP-0067","FALSE_POSITIVE","NO_DIRECT_FOUNDATIONAL_FIXED_SAMPLE_COMPOSITE_TEST_OR_MINIMAX_CONVERSE_RESULT_FOR_GAP_01_OR_GAP_03","LEVEL_3_DISCOVERY_ONLY","NOT_SOUGHT_AFTER_TITLE_METADATA_SCREEN","","","audit/phase2a1_raw_search_results/AC/PHASE2A1-SEARCH-0005_openalex.json","Final title/metadata-level false-positive disposition for this bounded A–C workstream; no substantive claim is drawn from the record."
"A1AC-0076","PHASE2A1-SEARCH-0006","2026-07-31","Crossref","Minimax Decentralized Hypothesis Testing","Gökhan Gül","2017","10.1007/978-3-319-49286-5_7","10.1007/978-3-319-49286-5_7","A1AC-DUP-0047","DUPLICATE","DUPLICATE_OF_A1AC-0050","LEVEL_3_DISCOVERY_ONLY","NOT_APPLICABLE","","","audit/phase2a1_raw_search_results/AC/PHASE2A1-SEARCH-0006_crossref.json","Duplicate prospective occurrence; the first occurrence carries the evidence decision."
"A1AC-0077","PHASE2A1-SEARCH-0006","2026-07-31","Crossref","ε-Robust Safeguards: Minimax Hypothesis Testing for Neutron Multiplicity Counting under Physical-Layer Uncertainty","Taku Tanaka; Keiko Tanaka; Toshitaka Uneoka; Akemi Takahashi; Tomoaki Tanaka; Shingo Konishi; Reika Hosomi; Seito Tanaka","2026","10.36227/techrxiv.176945886.60563141/v1","10.36227/techrxiv.176945886.60563141/v1","A1AC-DUP-0068","FALSE_POSITIVE","NO_DIRECT_FOUNDATIONAL_FIXED_SAMPLE_COMPOSITE_TEST_OR_MINIMAX_CONVERSE_RESULT_FOR_GAP_01_OR_GAP_03","LEVEL_3_DISCOVERY_ONLY","NOT_SOUGHT_AFTER_TITLE_METADATA_SCREEN","","","audit/phase2a1_raw_search_results/AC/PHASE2A1-SEARCH-0006_crossref.json","Final title/metadata-level false-positive disposition for this bounded A–C workstream; no substantive claim is drawn from the record."
"A1AC-0078","PHASE2A1-SEARCH-0006","2026-07-31","Crossref","6. Finite Sample Minimax Theory","","1996","10.1137/1.9781611970036.ch6","10.1137/1.9781611970036.ch6","A1AC-DUP-0069","FALSE_POSITIVE","NO_DIRECT_FOUNDATIONAL_FIXED_SAMPLE_COMPOSITE_TEST_OR_MINIMAX_CONVERSE_RESULT_FOR_GAP_01_OR_GAP_03","LEVEL_3_DISCOVERY_ONLY","NOT_SOUGHT_AFTER_TITLE_METADATA_SCREEN","","","audit/phase2a1_raw_search_results/AC/PHASE2A1-SEARCH-0006_crossref.json","Final title/metadata-level false-positive disposition for this bounded A–C workstream; no substantive claim is drawn from the record."
"A1AC-0079","PHASE2A1-SEARCH-0006","2026-07-31","Crossref","Hypothesis Testing","","2009","10.1017/cbo9780511806957.004","10.1017/cbo9780511806957.004","A1AC-DUP-0021","DUPLICATE","DUPLICATE_OF_A1AC-0021","LEVEL_3_DISCOVERY_ONLY","NOT_APPLICABLE","","","audit/phase2a1_raw_search_results/AC/PHASE2A1-SEARCH-0006_crossref.json","Duplicate prospective occurrence; the first occurrence carries the evidence decision."
"A1AC-0080","PHASE2A1-SEARCH-0006","2026-07-31","Crossref","Minimax Robust Hypothesis Testing","Gokhan Gul; Abdelhak M. Zoubir","2017","10.1109/tit.2017.2693198","10.1109/tit.2017.2693198","A1AC-DUP-0070","DUPLICATE","DUPLICATE_OF_CORPUS_P0041","LEVEL_3_DISCOVERY_ONLY","NOT_APPLICABLE","","P0041","audit/phase2a1_raw_search_results/AC/PHASE2A1-SEARCH-0006_crossref.json","Already represented by a verified Phase 1/2 corpus record."
"A1AC-0081","PHASE2A1-SEARCH-0006","2026-07-31","Crossref","Minimax Robust Decentralized Hypothesis Testing for Parallel Sensor Networks","Gokhan Gul","2021","10.1109/tit.2020.3028451","10.1109/tit.2020.3028451","A1AC-DUP-0071","FALSE_POSITIVE","NO_DIRECT_FOUNDATIONAL_FIXED_SAMPLE_COMPOSITE_TEST_OR_MINIMAX_CONVERSE_RESULT_FOR_GAP_01_OR_GAP_03","LEVEL_3_DISCOVERY_ONLY","NOT_SOUGHT_AFTER_TITLE_METADATA_SCREEN","","","audit/phase2a1_raw_search_results/AC/PHASE2A1-SEARCH-0006_crossref.json","Final title/metadata-level false-positive disposition for this bounded A–C workstream; no substantive claim is drawn from the record."
"A1AC-0082","PHASE2A1-SEARCH-0006","2026-07-31","Crossref","Inferences in the One-Sample Case","Rand R. Wilcox","2022","10.1016/b978-0-12-820098-8.00010-5","10.1016/b978-0-12-820098-8.00010-5","A1AC-DUP-0072","FALSE_POSITIVE","NO_DIRECT_FOUNDATIONAL_FIXED_SAMPLE_COMPOSITE_TEST_OR_MINIMAX_CONVERSE_RESULT_FOR_GAP_01_OR_GAP_03","LEVEL_3_DISCOVERY_ONLY","NOT_SOUGHT_AFTER_TITLE_METADATA_SCREEN","","","audit/phase2a1_raw_search_results/AC/PHASE2A1-SEARCH-0006_crossref.json","Final title/metadata-level false-positive disposition for this bounded A–C workstream; no substantive claim is drawn from the record."
"A1AC-0083","PHASE2A1-SEARCH-0006","2026-07-31","Crossref","Confidence Intervals in the One-Sample Case","Rand Wilcox","2017","10.1016/b978-0-12-804733-0.00004-4","10.1016/b978-0-12-804733-0.00004-4","A1AC-DUP-0073","FALSE_POSITIVE","NO_DIRECT_FOUNDATIONAL_FIXED_SAMPLE_COMPOSITE_TEST_OR_MINIMAX_CONVERSE_RESULT_FOR_GAP_01_OR_GAP_03","LEVEL_3_DISCOVERY_ONLY","NOT_SOUGHT_AFTER_TITLE_METADATA_SCREEN","","","audit/phase2a1_raw_search_results/AC/PHASE2A1-SEARCH-0006_crossref.json","Final title/metadata-level false-positive disposition for this bounded A–C workstream; no substantive claim is drawn from the record."
"A1AC-0084","PHASE2A1-SEARCH-0006","2026-07-31","Crossref","Confidence Intervals in the One-Sample Case","Rand Wilcox","2012","10.1016/b978-0-12-386983-8.00004-4","10.1016/b978-0-12-386983-8.00004-4","A1AC-DUP-0074","FALSE_POSITIVE","NO_DIRECT_FOUNDATIONAL_FIXED_SAMPLE_COMPOSITE_TEST_OR_MINIMAX_CONVERSE_RESULT_FOR_GAP_01_OR_GAP_03","LEVEL_3_DISCOVERY_ONLY","NOT_SOUGHT_AFTER_TITLE_METADATA_SCREEN","","","audit/phase2a1_raw_search_results/AC/PHASE2A1-SEARCH-0006_crossref.json","Final title/metadata-level false-positive disposition for this bounded A–C workstream; no substantive claim is drawn from the record."
"A1AC-0085","PHASE2A1-SEARCH-0006","2026-07-31","Crossref","Robust Hypothesis Testing with Kernel Uncertainty Sets","Zhongchang Sun; Shaofeng Zou","2022","10.1109/isit50566.2022.9834349","10.1109/isit50566.2022.9834349","A1AC-DUP-0075","FALSE_POSITIVE","NO_DIRECT_FOUNDATIONAL_FIXED_SAMPLE_COMPOSITE_TEST_OR_MINIMAX_CONVERSE_RESULT_FOR_GAP_01_OR_GAP_03","LEVEL_3_DISCOVERY_ONLY","NOT_SOUGHT_AFTER_TITLE_METADATA_SCREEN","","","audit/phase2a1_raw_search_results/AC/PHASE2A1-SEARCH-0006_crossref.json","Final title/metadata-level false-positive disposition for this bounded A–C workstream; no substantive claim is drawn from the record."
"A1AC-0086","PHASE2A1-SEARCH-0006","2026-07-31","Crossref","Estimating Scale-Finite Sample Results","","2011","10.1002/9781118165485.ch2","10.1002/9781118165485.ch2","A1AC-DUP-0076","FALSE_POSITIVE","NO_DIRECT_FOUNDATIONAL_FIXED_SAMPLE_COMPOSITE_TEST_OR_MINIMAX_CONVERSE_RESULT_FOR_GAP_01_OR_GAP_03","LEVEL_3_DISCOVERY_ONLY","NOT_SOUGHT_AFTER_TITLE_METADATA_SCREEN","","","audit/phase2a1_raw_search_results/AC/PHASE2A1-SEARCH-0006_crossref.json","Final title/metadata-level false-positive disposition for this bounded A–C workstream; no substantive claim is drawn from the record."
"A1AC-0087","PHASE2A1-SEARCH-0006","2026-07-31","Crossref","Graphing Sample Distributions for Hypothesis Testing","","2021","10.4135/9781529630213.n2","10.4135/9781529630213.n2","A1AC-DUP-0016","DUPLICATE","DUPLICATE_OF_A1AC-0016","LEVEL_3_DISCOVERY_ONLY","NOT_APPLICABLE","","","audit/phase2a1_raw_search_results/AC/PHASE2A1-SEARCH-0006_crossref.json","Duplicate prospective occurrence; the first occurrence carries the evidence decision."
"A1AC-0088","PHASE2A1-SEARCH-0006","2026-07-31","Crossref","Bringing Game Theory to Hypothesis Testing: Establishing Finite Sample Bounds on Inference","Karl H. Schlag","2008","10.2139/ssrn.1266059","10.2139/ssrn.1266059","A1AC-DUP-0077","FALSE_POSITIVE","NO_DIRECT_FOUNDATIONAL_FIXED_SAMPLE_COMPOSITE_TEST_OR_MINIMAX_CONVERSE_RESULT_FOR_GAP_01_OR_GAP_03","LEVEL_3_DISCOVERY_ONLY","NOT_SOUGHT_AFTER_TITLE_METADATA_SCREEN","","","audit/phase2a1_raw_search_results/AC/PHASE2A1-SEARCH-0006_crossref.json","Final title/metadata-level false-positive disposition for this bounded A–C workstream; no substantive claim is drawn from the record."
"A1AC-0089","PHASE2A1-SEARCH-0006","2026-07-31","Crossref","Minimax Hypothesis Testing about the Density Support","Ghislaine Gayraud","2001","10.2307/3318499","10.2307/3318499","A1AC-DUP-0053","DUPLICATE","DUPLICATE_OF_A1AC-0056","LEVEL_3_DISCOVERY_ONLY","NOT_APPLICABLE","","","audit/phase2a1_raw_search_results/AC/PHASE2A1-SEARCH-0006_crossref.json","Duplicate prospective occurrence; the first occurrence carries the evidence decision."
"A1AC-0090","PHASE2A1-SEARCH-0006","2026-07-31","Crossref","Non-Convex Robust Hypothesis Testing Using Sinkhorn Uncertainty Sets","Jie Wang; Rui Gao; Yao Xie","2024","10.1109/isit57864.2024.10619088","10.1109/isit57864.2024.10619088","A1AC-DUP-0046","DUPLICATE","DUPLICATE_OF_A1AC-0048","LEVEL_3_DISCOVERY_ONLY","NOT_APPLICABLE","","","audit/phase2a1_raw_search_results/AC/PHASE2A1-SEARCH-0006_crossref.json","Duplicate prospective occurrence; the first occurrence carries the evidence decision."
"A1AC-0091","PHASE2A1-SEARCH-0007","2026-07-31","OpenAlex","Hypothesis testing by convex optimization","Alexander Goldenshluger; Anatoli Juditsky; Arkadi Nemirovski","2015","10.1214/15-ejs1054","https://openalex.org/W1742114735","A1AC-DUP-0036","DUPLICATE","DUPLICATE_OF_A1AC-0037","LEVEL_3_DISCOVERY_ONLY","NOT_APPLICABLE","","","audit/phase2a1_raw_search_results/AC/PHASE2A1-SEARCH-0007_openalex.json","Duplicate prospective occurrence; the first occurrence carries the evidence decision."
"A1AC-0092","PHASE2A1-SEARCH-0007","2026-07-31","OpenAlex","Statistical tests based on empirical processes and related questions","G. V. Martynov","1992","10.1007/bf01104102","https://openalex.org/W2061158272","A1AC-DUP-0078","FALSE_POSITIVE","NO_DIRECT_FOUNDATIONAL_FIXED_SAMPLE_COMPOSITE_TEST_OR_MINIMAX_CONVERSE_RESULT_FOR_GAP_01_OR_GAP_03","LEVEL_3_DISCOVERY_ONLY","NOT_SOUGHT_AFTER_TITLE_METADATA_SCREEN","","","audit/phase2a1_raw_search_results/AC/PHASE2A1-SEARCH-0007_openalex.json","Final title/metadata-level false-positive disposition for this bounded A–C workstream; no substantive claim is drawn from the record."
"A1AC-0093","PHASE2A1-SEARCH-0007","2026-07-31","OpenAlex","Lucien Le Cam 1924-2000","Grace L. Yang","2002","10.1214/aos/1028674835","https://openalex.org/W2084511570","A1AC-DUP-0079","FALSE_POSITIVE","NO_DIRECT_FOUNDATIONAL_FIXED_SAMPLE_COMPOSITE_TEST_OR_MINIMAX_CONVERSE_RESULT_FOR_GAP_01_OR_GAP_03","LEVEL_3_DISCOVERY_ONLY","NOT_SOUGHT_AFTER_TITLE_METADATA_SCREEN","","","audit/phase2a1_raw_search_results/AC/PHASE2A1-SEARCH-0007_openalex.json","Final title/metadata-level false-positive disposition for this bounded A–C workstream; no substantive claim is drawn from the record."
"A1AC-0094","PHASE2A1-SEARCH-0007","2026-07-31","OpenAlex","Information, Divergence and Risk for Binary Experiments","Mark D. Reid; Robert C. Williamson","2009","https://openalex.org/W2110758705","https://openalex.org/W2110758705","A1AC-DUP-0080","FALSE_POSITIVE","NO_DIRECT_FOUNDATIONAL_FIXED_SAMPLE_COMPOSITE_TEST_OR_MINIMAX_CONVERSE_RESULT_FOR_GAP_01_OR_GAP_03","LEVEL_3_DISCOVERY_ONLY","NOT_SOUGHT_AFTER_TITLE_METADATA_SCREEN","","","audit/phase2a1_raw_search_results/AC/PHASE2A1-SEARCH-0007_openalex.json","Final title/metadata-level false-positive disposition for this bounded A–C workstream; no substantive claim is drawn from the record."
"A1AC-0095","PHASE2A1-SEARCH-0007","2026-07-31","OpenAlex","","Clément L. Canonne","2020","10.4086/toc.gs.2020.009","https://openalex.org/W3080260502","A1AC-DUP-0081","FALSE_POSITIVE","NO_DIRECT_FOUNDATIONAL_FIXED_SAMPLE_COMPOSITE_TEST_OR_MINIMAX_CONVERSE_RESULT_FOR_GAP_01_OR_GAP_03","LEVEL_3_DISCOVERY_ONLY","NOT_SOUGHT_AFTER_TITLE_METADATA_SCREEN","","","audit/phase2a1_raw_search_results/AC/PHASE2A1-SEARCH-0007_openalex.json","Final title/metadata-level false-positive disposition for this bounded A–C workstream; no substantive claim is drawn from the record."
"A1AC-0096","PHASE2A1-SEARCH-0007","2026-07-31","OpenAlex","Critical dimension in profile semiparametric estimation","Andreas Andresen; Vladimir Spokoiny","2014","10.1214/14-ejs982","https://openalex.org/W2163585373","A1AC-DUP-0082","FALSE_POSITIVE","NO_DIRECT_FOUNDATIONAL_FIXED_SAMPLE_COMPOSITE_TEST_OR_MINIMAX_CONVERSE_RESULT_FOR_GAP_01_OR_GAP_03","LEVEL_3_DISCOVERY_ONLY","NOT_SOUGHT_AFTER_TITLE_METADATA_SCREEN","","","audit/phase2a1_raw_search_results/AC/PHASE2A1-SEARCH-0007_openalex.json","Final title/metadata-level false-positive disposition for this bounded A–C workstream; no substantive claim is drawn from the record."
"A1AC-0097","PHASE2A1-SEARCH-0007","2026-07-31","OpenAlex","Robust Online Classification: From Estimation to Denoising","Changlong Wu; Ananth Grama; Wojciech Szpankowski","2023","10.48550/arxiv.2309.01698","https://openalex.org/W4386528664","A1AC-DUP-0083","FALSE_POSITIVE","NO_DIRECT_FOUNDATIONAL_FIXED_SAMPLE_COMPOSITE_TEST_OR_MINIMAX_CONVERSE_RESULT_FOR_GAP_01_OR_GAP_03","LEVEL_3_DISCOVERY_ONLY","NOT_SOUGHT_AFTER_TITLE_METADATA_SCREEN","","","audit/phase2a1_raw_search_results/AC/PHASE2A1-SEARCH-0007_openalex.json","Final title/metadata-level false-positive disposition for this bounded A–C workstream; no substantive claim is drawn from the record."
"A1AC-0098","PHASE2A1-SEARCH-0007","2026-07-31","OpenAlex","On Robust Hypothesis Testing with respect to the Hellinger Distance","Eeshan Modak; Balakrishnan, Sivaraman; Suresh, Ananda Theertha","2025","10.48550/arxiv.2510.16750","https://openalex.org/W4415958558","A1AC-DUP-0084","FALSE_POSITIVE","NO_DIRECT_FOUNDATIONAL_FIXED_SAMPLE_COMPOSITE_TEST_OR_MINIMAX_CONVERSE_RESULT_FOR_GAP_01_OR_GAP_03","LEVEL_3_DISCOVERY_ONLY","NOT_SOUGHT_AFTER_TITLE_METADATA_SCREEN","","","audit/phase2a1_raw_search_results/AC/PHASE2A1-SEARCH-0007_openalex.json","Final title/metadata-level false-positive disposition for this bounded A–C workstream; no substantive claim is drawn from the record."
"A1AC-0099","PHASE2A1-SEARCH-0007","2026-07-31","OpenAlex","Tests for preference","J.J. Dik","1983","https://openalex.org/W2983757901","https://openalex.org/W2983757901","A1AC-DUP-0085","FALSE_POSITIVE","NO_DIRECT_FOUNDATIONAL_FIXED_SAMPLE_COMPOSITE_TEST_OR_MINIMAX_CONVERSE_RESULT_FOR_GAP_01_OR_GAP_03","LEVEL_3_DISCOVERY_ONLY","NOT_SOUGHT_AFTER_TITLE_METADATA_SCREEN","","","audit/phase2a1_raw_search_results/AC/PHASE2A1-SEARCH-0007_openalex.json","Final title/metadata-level false-positive disposition for this bounded A–C workstream; no substantive claim is drawn from the record."
"A1AC-0100","PHASE2A1-SEARCH-0007","2026-07-31","OpenAlex","Polynomial Methods in Statistical Inference: Theory and Practice","Yihong Wu; Pengkun Yang","2020","10.1561/0100000095","https://openalex.org/W3156750472","A1AC-DUP-0086","FALSE_POSITIVE","NO_DIRECT_FOUNDATIONAL_FIXED_SAMPLE_COMPOSITE_TEST_OR_MINIMAX_CONVERSE_RESULT_FOR_GAP_01_OR_GAP_03","LEVEL_3_DISCOVERY_ONLY","NOT_SOUGHT_AFTER_TITLE_METADATA_SCREEN","","","audit/phase2a1_raw_search_results/AC/PHASE2A1-SEARCH-0007_openalex.json","Final title/metadata-level false-positive disposition for this bounded A–C workstream; no substantive claim is drawn from the record."
"A1AC-0101","PHASE2A1-SEARCH-0007","2026-07-31","OpenAlex","The Fundamental Limits of Structure-Agnostic Functional Estimation","Sivaraman Balakrishnan; Edward H. Kennedy; Larry Wasserman","2023","10.48550/arxiv.2305.04116","https://openalex.org/W4375957906","A1AC-DUP-0087","FALSE_POSITIVE","NO_DIRECT_FOUNDATIONAL_FIXED_SAMPLE_COMPOSITE_TEST_OR_MINIMAX_CONVERSE_RESULT_FOR_GAP_01_OR_GAP_03","LEVEL_3_DISCOVERY_ONLY","NOT_SOUGHT_AFTER_TITLE_METADATA_SCREEN","","","audit/phase2a1_raw_search_results/AC/PHASE2A1-SEARCH-0007_openalex.json","Final title/metadata-level false-positive disposition for this bounded A–C workstream; no substantive claim is drawn from the record."
"A1AC-0102","PHASE2A1-SEARCH-0007","2026-07-31","OpenAlex","High-frequency statistics for Gaussian processes from a Le Cam perspective","Sebastian Holtz","2020","10.18452/21123","https://openalex.org/W3015803104","A1AC-DUP-0088","FALSE_POSITIVE","NO_DIRECT_FOUNDATIONAL_FIXED_SAMPLE_COMPOSITE_TEST_OR_MINIMAX_CONVERSE_RESULT_FOR_GAP_01_OR_GAP_03","LEVEL_3_DISCOVERY_ONLY","NOT_SOUGHT_AFTER_TITLE_METADATA_SCREEN","","","audit/phase2a1_raw_search_results/AC/PHASE2A1-SEARCH-0007_openalex.json","Final title/metadata-level false-positive disposition for this bounded A–C workstream; no substantive claim is drawn from the record."
"A1AC-0103","PHASE2A1-SEARCH-0007","2026-07-31","OpenAlex","Information Theory With Large Alphabets And Source Coding Error Exponents","Benjamin G. Kelly","2011","https://openalex.org/W989791606","https://openalex.org/W989791606","A1AC-DUP-0089","FALSE_POSITIVE","NO_DIRECT_FOUNDATIONAL_FIXED_SAMPLE_COMPOSITE_TEST_OR_MINIMAX_CONVERSE_RESULT_FOR_GAP_01_OR_GAP_03","LEVEL_3_DISCOVERY_ONLY","NOT_SOUGHT_AFTER_TITLE_METADATA_SCREEN","","","audit/phase2a1_raw_search_results/AC/PHASE2A1-SEARCH-0007_openalex.json","Final title/metadata-level false-positive disposition for this bounded A–C workstream; no substantive claim is drawn from the record."
"A1AC-0104","PHASE2A1-SEARCH-0007","2026-07-31","OpenAlex","Invariant Procedures for Model Checking, Checking for Prior-Data Conflict and Bayesian Inference","Gun Ho Jang","2010","https://openalex.org/W2725316391","https://openalex.org/W2725316391","A1AC-DUP-0090","FALSE_POSITIVE","NO_DIRECT_FOUNDATIONAL_FIXED_SAMPLE_COMPOSITE_TEST_OR_MINIMAX_CONVERSE_RESULT_FOR_GAP_01_OR_GAP_03","LEVEL_3_DISCOVERY_ONLY","NOT_SOUGHT_AFTER_TITLE_METADATA_SCREEN","","","audit/phase2a1_raw_search_results/AC/PHASE2A1-SEARCH-0007_openalex.json","Final title/metadata-level false-positive disposition for this bounded A–C workstream; no substantive claim is drawn from the record."
"A1AC-0105","PHASE2A1-SEARCH-0007","2026-07-31","OpenAlex","Transitions, Losses, and Re-parameterizations: Elements of Prediction Games","Parameswaran Kamalaruban","2017","10.25911/5d723bc67a01e","https://openalex.org/W2766938462","A1AC-DUP-0091","FALSE_POSITIVE","NO_DIRECT_FOUNDATIONAL_FIXED_SAMPLE_COMPOSITE_TEST_OR_MINIMAX_CONVERSE_RESULT_FOR_GAP_01_OR_GAP_03","LEVEL_3_DISCOVERY_ONLY","NOT_SOUGHT_AFTER_TITLE_METADATA_SCREEN","","","audit/phase2a1_raw_search_results/AC/PHASE2A1-SEARCH-0007_openalex.json","Final title/metadata-level false-positive disposition for this bounded A–C workstream; no substantive claim is drawn from the record."
"A1AC-0106","PHASE2A1-SEARCH-0008","2026-07-31","Crossref","Contiguity — Hellinger Transforms","Lucien Le Cam; Grace Lo Yang","2000","10.1007/978-1-4612-1166-2_3","10.1007/978-1-4612-1166-2_3","A1AC-DUP-0092","FALSE_POSITIVE","NO_DIRECT_FOUNDATIONAL_FIXED_SAMPLE_COMPOSITE_TEST_OR_MINIMAX_CONVERSE_RESULT_FOR_GAP_01_OR_GAP_03","LEVEL_3_DISCOVERY_ONLY","NOT_SOUGHT_AFTER_TITLE_METADATA_SCREEN","","","audit/phase2a1_raw_search_results/AC/PHASE2A1-SEARCH-0008_crossref.json","Final title/metadata-level false-positive disposition for this bounded A–C workstream; no substantive claim is drawn from the record."
"A1AC-0107","PHASE2A1-SEARCH-0008","2026-07-31","Crossref","Contiguity – Hellinger Transforms","Lucien Le Cam; Grace Lo Yang","1990","10.1007/978-1-4684-0377-0_3","10.1007/978-1-4684-0377-0_3","A1AC-DUP-0093","FALSE_POSITIVE","NO_DIRECT_FOUNDATIONAL_FIXED_SAMPLE_COMPOSITE_TEST_OR_MINIMAX_CONVERSE_RESULT_FOR_GAP_01_OR_GAP_03","LEVEL_3_DISCOVERY_ONLY","NOT_SOUGHT_AFTER_TITLE_METADATA_SCREEN","","","audit/phase2a1_raw_search_results/AC/PHASE2A1-SEARCH-0008_crossref.json","Final title/metadata-level false-positive disposition for this bounded A–C workstream; no substantive claim is drawn from the record."
"A1AC-0108","PHASE2A1-SEARCH-0008","2026-07-31","Crossref","Minimum Hellinger distance based inference for scalar skew-normal and skew-t distributions","Luca Greco","2011","10.1007/s11749-010-0191-5","10.1007/s11749-010-0191-5","A1AC-DUP-0094","FALSE_POSITIVE","NO_DIRECT_FOUNDATIONAL_FIXED_SAMPLE_COMPOSITE_TEST_OR_MINIMAX_CONVERSE_RESULT_FOR_GAP_01_OR_GAP_03","LEVEL_3_DISCOVERY_ONLY","NOT_SOUGHT_AFTER_TITLE_METADATA_SCREEN","","","audit/phase2a1_raw_search_results/AC/PHASE2A1-SEARCH-0008_crossref.json","Final title/metadata-level false-positive disposition for this bounded A–C workstream; no substantive claim is drawn from the record."
"A1AC-0109","PHASE2A1-SEARCH-0008","2026-07-31","Crossref","A Finite Sample Test for the Composite Hypothesis of Stable Law","Albert Paulson; Xing Zhong; Thomas R. Willemain","2016","10.2139/ssrn.2781635","10.2139/ssrn.2781635","A1AC-DUP-0095","FULL_TEXT_UNAVAILABLE","NO_LEGALLY_ACCESSIBLE_INSPECTABLE_PRIMARY_FULL_TEXT_OBTAINED_IN_BOUNDED_RETRIEVAL","LEVEL_3_DISCOVERY_ONLY","FULL_TEXT_NOT_OBTAINED_OR_NOT_INSPECTABLE","","","audit/phase2a1_raw_search_results/AC/PHASE2A1-SEARCH-0008_crossref.json","Potentially relevant foundational source retained without guarantee coding; it cannot support a substantive synthesis conclusion."
"A1AC-0110","PHASE2A1-SEARCH-0008","2026-07-31","Crossref","Tests of hypotheses in discrete models based on the penalized Hellinger distance","Ayanendranath Basu; Ian R. Harris; Srabashi Basu","1996","10.1016/0167-7152(95)00101-8","10.1016/0167-7152(95)00101-8","A1AC-DUP-0096","FULL_TEXT_UNAVAILABLE","NO_LEGALLY_ACCESSIBLE_INSPECTABLE_PRIMARY_FULL_TEXT_OBTAINED_IN_BOUNDED_RETRIEVAL","LEVEL_3_DISCOVERY_ONLY","FULL_TEXT_NOT_OBTAINED_OR_NOT_INSPECTABLE","","","audit/phase2a1_raw_search_results/AC/PHASE2A1-SEARCH-0008_crossref.json","Potentially relevant foundational source retained without guarantee coding; it cannot support a substantive synthesis conclusion."
"A1AC-0111","PHASE2A1-SEARCH-0008","2026-07-31","Crossref","Improvement in finite sample properties of the Hansen–Jagannathan distance test","Yu Ren; Katsumi Shimotsu","2009","10.1016/j.jempfin.2008.12.003","10.1016/j.jempfin.2008.12.003","A1AC-DUP-0097","FALSE_POSITIVE","NO_DIRECT_FOUNDATIONAL_FIXED_SAMPLE_COMPOSITE_TEST_OR_MINIMAX_CONVERSE_RESULT_FOR_GAP_01_OR_GAP_03","LEVEL_3_DISCOVERY_ONLY","NOT_SOUGHT_AFTER_TITLE_METADATA_SCREEN","","","audit/phase2a1_raw_search_results/AC/PHASE2A1-SEARCH-0008_crossref.json","Final title/metadata-level false-positive disposition for this bounded A–C workstream; no substantive claim is drawn from the record."
"A1AC-0112","PHASE2A1-SEARCH-0008","2026-07-31","Crossref","Hellinger Distance","","2014","10.1002/9781118445112.stat00583","10.1002/9781118445112.stat00583","A1AC-DUP-0098","FALSE_POSITIVE","NO_DIRECT_FOUNDATIONAL_FIXED_SAMPLE_COMPOSITE_TEST_OR_MINIMAX_CONVERSE_RESULT_FOR_GAP_01_OR_GAP_03","LEVEL_3_DISCOVERY_ONLY","NOT_SOUGHT_AFTER_TITLE_METADATA_SCREEN","","","audit/phase2a1_raw_search_results/AC/PHASE2A1-SEARCH-0008_crossref.json","Final title/metadata-level false-positive disposition for this bounded A–C workstream; no substantive claim is drawn from the record."
"A1AC-0113","PHASE2A1-SEARCH-0008","2026-07-31","Crossref","ON THE ASYMPTOTIC THEORY OF ESTIMATION AND TESTING HYPOTHESES","L. Le Cam","1956","10.1525/9780520313880-014","10.1525/9780520313880-014","A1AC-DUP-0099","FALSE_POSITIVE","NO_DIRECT_FOUNDATIONAL_FIXED_SAMPLE_COMPOSITE_TEST_OR_MINIMAX_CONVERSE_RESULT_FOR_GAP_01_OR_GAP_03","LEVEL_3_DISCOVERY_ONLY","NOT_SOUGHT_AFTER_TITLE_METADATA_SCREEN","","","audit/phase2a1_raw_search_results/AC/PHASE2A1-SEARCH-0008_crossref.json","Final title/metadata-level false-positive disposition for this bounded A–C workstream; no substantive claim is drawn from the record."
"A1AC-0114","PHASE2A1-SEARCH-0008","2026-07-31","Crossref","Hellinger Distance","","2005","10.1002/0471667196.ess0939.pub2","10.1002/0471667196.ess0939.pub2","A1AC-DUP-0100","FALSE_POSITIVE","NO_DIRECT_FOUNDATIONAL_FIXED_SAMPLE_COMPOSITE_TEST_OR_MINIMAX_CONVERSE_RESULT_FOR_GAP_01_OR_GAP_03","LEVEL_3_DISCOVERY_ONLY","NOT_SOUGHT_AFTER_TITLE_METADATA_SCREEN","","","audit/phase2a1_raw_search_results/AC/PHASE2A1-SEARCH-0008_crossref.json","Final title/metadata-level false-positive disposition for this bounded A–C workstream; no substantive claim is drawn from the record."
"A1AC-0115","PHASE2A1-SEARCH-0008","2026-07-31","Crossref","Minimum Profile Hellinger Distance Estimation for A Two-Sample Location-Shifted Model","Haocheng Li; Jingjing Wu; Jian Yang","2021","10.6339/jds.201807_16(3).0002","10.6339/jds.201807_16(3).0002","A1AC-DUP-0101","FALSE_POSITIVE","NO_DIRECT_FOUNDATIONAL_FIXED_SAMPLE_COMPOSITE_TEST_OR_MINIMAX_CONVERSE_RESULT_FOR_GAP_01_OR_GAP_03","LEVEL_3_DISCOVERY_ONLY","NOT_SOUGHT_AFTER_TITLE_METADATA_SCREEN","","","audit/phase2a1_raw_search_results/AC/PHASE2A1-SEARCH-0008_crossref.json","Final title/metadata-level false-positive disposition for this bounded A–C workstream; no substantive claim is drawn from the record."
"A1AC-0116","PHASE2A1-SEARCH-0008","2026-07-31","Crossref","Bayesian inference for the proportion of true null hypotheses using minimum Hellinger distance","Moonsu Kang; Jaewon Lee","2012","10.1016/j.jspi.2011.10.001","10.1016/j.jspi.2011.10.001","A1AC-DUP-0102","FALSE_POSITIVE","NO_DIRECT_FOUNDATIONAL_FIXED_SAMPLE_COMPOSITE_TEST_OR_MINIMAX_CONVERSE_RESULT_FOR_GAP_01_OR_GAP_03","LEVEL_3_DISCOVERY_ONLY","NOT_SOUGHT_AFTER_TITLE_METADATA_SCREEN","","","audit/phase2a1_raw_search_results/AC/PHASE2A1-SEARCH-0008_crossref.json","Final title/metadata-level false-positive disposition for this bounded A–C workstream; no substantive claim is drawn from the record."
"A1AC-0117","PHASE2A1-SEARCH-0008","2026-07-31","Crossref","Minimum Hellinger distance estimation in a two-sample semiparametric model","Jingjing Wu; Rohana Karunamuni; Biao Zhang","2010","10.1016/j.jmva.2010.01.006","10.1016/j.jmva.2010.01.006","A1AC-DUP-0103","FALSE_POSITIVE","NO_DIRECT_FOUNDATIONAL_FIXED_SAMPLE_COMPOSITE_TEST_OR_MINIMAX_CONVERSE_RESULT_FOR_GAP_01_OR_GAP_03","LEVEL_3_DISCOVERY_ONLY","NOT_SOUGHT_AFTER_TITLE_METADATA_SCREEN","","","audit/phase2a1_raw_search_results/AC/PHASE2A1-SEARCH-0008_crossref.json","Final title/metadata-level false-positive disposition for this bounded A–C workstream; no substantive claim is drawn from the record."
"A1AC-0118","PHASE2A1-SEARCH-0008","2026-07-31","Crossref","Rank Test of Independence Based on Adaptive Hellinger Distance","Wenwen Guo; Shilin Shang; Jiujing Wu","2025","10.1007/s11222-025-10757-w","10.1007/s11222-025-10757-w","A1AC-DUP-0104","FALSE_POSITIVE","NO_DIRECT_FOUNDATIONAL_FIXED_SAMPLE_COMPOSITE_TEST_OR_MINIMAX_CONVERSE_RESULT_FOR_GAP_01_OR_GAP_03","LEVEL_3_DISCOVERY_ONLY","NOT_SOUGHT_AFTER_TITLE_METADATA_SCREEN","","","audit/phase2a1_raw_search_results/AC/PHASE2A1-SEARCH-0008_crossref.json","Final title/metadata-level false-positive disposition for this bounded A–C workstream; no substantive claim is drawn from the record."
"A1AC-0119","PHASE2A1-SEARCH-0008","2026-07-31","Crossref","Testing composite hypotheses about discrete ergodic processes","Daniil Ryabko","2012","10.1007/s11749-011-0245-3","10.1007/s11749-011-0245-3","A1AC-DUP-0105","FULL_TEXT_UNAVAILABLE","NO_LEGALLY_ACCESSIBLE_INSPECTABLE_PRIMARY_FULL_TEXT_OBTAINED_IN_BOUNDED_RETRIEVAL","LEVEL_3_DISCOVERY_ONLY","FULL_TEXT_NOT_OBTAINED_OR_NOT_INSPECTABLE","","","audit/phase2a1_raw_search_results/AC/PHASE2A1-SEARCH-0008_crossref.json","Potentially relevant foundational source retained without guarantee coding; it cannot support a substantive synthesis conclusion."
"A1AC-0120","PHASE2A1-SEARCH-0008","2026-07-31","Crossref","An Alternative to Correspondence Analysis Using Hellinger Distance.","C. R. Rao","1997","10.21236/ada325255","10.21236/ada325255","A1AC-DUP-0106","FALSE_POSITIVE","NO_DIRECT_FOUNDATIONAL_FIXED_SAMPLE_COMPOSITE_TEST_OR_MINIMAX_CONVERSE_RESULT_FOR_GAP_01_OR_GAP_03","LEVEL_3_DISCOVERY_ONLY","NOT_SOUGHT_AFTER_TITLE_METADATA_SCREEN","","","audit/phase2a1_raw_search_results/AC/PHASE2A1-SEARCH-0008_crossref.json","Final title/metadata-level false-positive disposition for this bounded A–C workstream; no substantive claim is drawn from the record."
"A1AC-0121","PHASE2A1-SEARCH-0009","2026-07-31","OpenAlex","Distributionally robust optimization","Daniel Kühn; Soroosh Shafieezadeh-Abadeh; Wolfram Wiesemann","2025","10.1017/s0962492924000084","https://openalex.org/W4411917733","A1AC-DUP-0064","DUPLICATE","DUPLICATE_OF_A1AC-0071","LEVEL_3_DISCOVERY_ONLY","NOT_APPLICABLE","","","audit/phase2a1_raw_search_results/AC/PHASE2A1-SEARCH-0009_openalex.json","Duplicate prospective occurrence; the first occurrence carries the evidence decision."
"A1AC-0122","PHASE2A1-SEARCH-0009","2026-07-31","OpenAlex","Estimating a regression function","Sara A. van de Geer","1988","https://openalex.org/W2742264950","https://openalex.org/W2742264950","A1AC-DUP-0107","FALSE_POSITIVE","NO_DIRECT_FOUNDATIONAL_FIXED_SAMPLE_COMPOSITE_TEST_OR_MINIMAX_CONVERSE_RESULT_FOR_GAP_01_OR_GAP_03","LEVEL_3_DISCOVERY_ONLY","NOT_SOUGHT_AFTER_TITLE_METADATA_SCREEN","","","audit/phase2a1_raw_search_results/AC/PHASE2A1-SEARCH-0009_openalex.json","Final title/metadata-level false-positive disposition for this bounded A–C workstream; no substantive claim is drawn from the record."
"A1AC-0123","PHASE2A1-SEARCH-0009","2026-07-31","OpenAlex","Distributionally Robust Optimization","Daniel Kühn; Soroosh Shafieezadeh-Abadeh; Wolfram Wiesemann","2024","10.48550/arxiv.2411.02549","https://openalex.org/W4404356301","A1AC-DUP-0108","FALSE_POSITIVE","NO_DIRECT_FOUNDATIONAL_FIXED_SAMPLE_COMPOSITE_TEST_OR_MINIMAX_CONVERSE_RESULT_FOR_GAP_01_OR_GAP_03","LEVEL_3_DISCOVERY_ONLY","NOT_SOUGHT_AFTER_TITLE_METADATA_SCREEN","","","audit/phase2a1_raw_search_results/AC/PHASE2A1-SEARCH-0009_openalex.json","Final title/metadata-level false-positive disposition for this bounded A–C workstream; no substantive claim is drawn from the record."
"A1AC-0124","PHASE2A1-SEARCH-0009","2026-07-31","OpenAlex","Posterior Convergence Rates and Asymptotic Properties in Sequential Decision Making.","Zhen Li","2021","https://openalex.org/W3169741385","https://openalex.org/W3169741385","A1AC-DUP-0109","FALSE_POSITIVE","NO_DIRECT_FOUNDATIONAL_FIXED_SAMPLE_COMPOSITE_TEST_OR_MINIMAX_CONVERSE_RESULT_FOR_GAP_01_OR_GAP_03","LEVEL_3_DISCOVERY_ONLY","NOT_SOUGHT_AFTER_TITLE_METADATA_SCREEN","","","audit/phase2a1_raw_search_results/AC/PHASE2A1-SEARCH-0009_openalex.json","Final title/metadata-level false-positive disposition for this bounded A–C workstream; no substantive claim is drawn from the record."
"A1AC-0125","PHASE2A1-SEARCH-0010","2026-07-31","Crossref","A Robust Metric for Screening Outliers from Analogue Product Manufacturing Tests Responses","Shaji Krishnan; Hans G. Kerkhoff","2011","10.1109/ets.2011.31","10.1109/ets.2011.31","A1AC-DUP-0110","FALSE_POSITIVE","NO_DIRECT_FOUNDATIONAL_FIXED_SAMPLE_COMPOSITE_TEST_OR_MINIMAX_CONVERSE_RESULT_FOR_GAP_01_OR_GAP_03","LEVEL_3_DISCOVERY_ONLY","NOT_SOUGHT_AFTER_TITLE_METADATA_SCREEN","","","audit/phase2a1_raw_search_results/AC/PHASE2A1-SEARCH-0010_crossref.json","Final title/metadata-level false-positive disposition for this bounded A–C workstream; no substantive claim is drawn from the record."
"A1AC-0126","PHASE2A1-SEARCH-0010","2026-07-31","Crossref","Specification for test pieces and test methods for metallic materials. Tensile tests","","","10.3403/00106393","10.3403/00106393","A1AC-DUP-0111","FALSE_POSITIVE","NO_DIRECT_FOUNDATIONAL_FIXED_SAMPLE_COMPOSITE_TEST_OR_MINIMAX_CONVERSE_RESULT_FOR_GAP_01_OR_GAP_03","LEVEL_3_DISCOVERY_ONLY","NOT_SOUGHT_AFTER_TITLE_METADATA_SCREEN","","","audit/phase2a1_raw_search_results/AC/PHASE2A1-SEARCH-0010_crossref.json","Final title/metadata-level false-positive disposition for this bounded A–C workstream; no substantive claim is drawn from the record."
"A1AC-0127","PHASE2A1-SEARCH-0010","2026-07-31","Crossref","Specification for test pieces and test methods for metallic materials. Tensile tests","","","10.3403/00106393u","10.3403/00106393u","A1AC-DUP-0112","FALSE_POSITIVE","NO_DIRECT_FOUNDATIONAL_FIXED_SAMPLE_COMPOSITE_TEST_OR_MINIMAX_CONVERSE_RESULT_FOR_GAP_01_OR_GAP_03","LEVEL_3_DISCOVERY_ONLY","NOT_SOUGHT_AFTER_TITLE_METADATA_SCREEN","","","audit/phase2a1_raw_search_results/AC/PHASE2A1-SEARCH-0010_crossref.json","Final title/metadata-level false-positive disposition for this bounded A–C workstream; no substantive claim is drawn from the record."
"A1AC-0128","PHASE2A1-SEARCH-0010","2026-07-31","Crossref","A robust metric for screening outliers from analogue product manufacturing tests responses","Shaji Krishnan; Hans G. Kerkhoff","2012","10.1109/ets.2012.6233055","10.1109/ets.2012.6233055","A1AC-DUP-0113","FALSE_POSITIVE","NO_DIRECT_FOUNDATIONAL_FIXED_SAMPLE_COMPOSITE_TEST_OR_MINIMAX_CONVERSE_RESULT_FOR_GAP_01_OR_GAP_03","LEVEL_3_DISCOVERY_ONLY","NOT_SOUGHT_AFTER_TITLE_METADATA_SCREEN","","","audit/phase2a1_raw_search_results/AC/PHASE2A1-SEARCH-0010_crossref.json","Final title/metadata-level false-positive disposition for this bounded A–C workstream; no substantive claim is drawn from the record."
"A1AC-0129","PHASE2A1-SEARCH-0010","2026-07-31","Crossref","Specification for test pieces and test methods for metallic materials. Tensile tests","","","10.3403/00104773u","10.3403/00104773u","A1AC-DUP-0114","FALSE_POSITIVE","NO_DIRECT_FOUNDATIONAL_FIXED_SAMPLE_COMPOSITE_TEST_OR_MINIMAX_CONVERSE_RESULT_FOR_GAP_01_OR_GAP_03","LEVEL_3_DISCOVERY_ONLY","NOT_SOUGHT_AFTER_TITLE_METADATA_SCREEN","","","audit/phase2a1_raw_search_results/AC/PHASE2A1-SEARCH-0010_crossref.json","Final title/metadata-level false-positive disposition for this bounded A–C workstream; no substantive claim is drawn from the record."
"A1AC-0130","PHASE2A1-SEARCH-0010","2026-07-31","Crossref","Specification for test pieces and test methods for metallic materials. Tensile tests","","","10.3403/00104773","10.3403/00104773","A1AC-DUP-0115","FALSE_POSITIVE","NO_DIRECT_FOUNDATIONAL_FIXED_SAMPLE_COMPOSITE_TEST_OR_MINIMAX_CONVERSE_RESULT_FOR_GAP_01_OR_GAP_03","LEVEL_3_DISCOVERY_ONLY","NOT_SOUGHT_AFTER_TITLE_METADATA_SCREEN","","","audit/phase2a1_raw_search_results/AC/PHASE2A1-SEARCH-0010_crossref.json","Final title/metadata-level false-positive disposition for this bounded A–C workstream; no substantive claim is drawn from the record."
"A1AC-0131","PHASE2A1-SEARCH-0010","2026-07-31","Crossref","A NONPARAMETRIC HELLINGER METRIC TEST FOR CONDITIONAL INDEPENDENCE","Liangjun Su; Halbert White","2008","10.1017/s0266466608080341","10.1017/s0266466608080341","A1AC-DUP-0116","FALSE_POSITIVE","NO_DIRECT_FOUNDATIONAL_FIXED_SAMPLE_COMPOSITE_TEST_OR_MINIMAX_CONVERSE_RESULT_FOR_GAP_01_OR_GAP_03","LEVEL_3_DISCOVERY_ONLY","NOT_SOUGHT_AFTER_TITLE_METADATA_SCREEN","","","audit/phase2a1_raw_search_results/AC/PHASE2A1-SEARCH-0010_crossref.json","Final title/metadata-level false-positive disposition for this bounded A–C workstream; no substantive claim is drawn from the record."
"A1AC-0132","PHASE2A1-SEARCH-0010","2026-07-31","Crossref","Balls","","","10.1007/978-1-84628-627-8_5","10.1007/978-1-84628-627-8_5","A1AC-DUP-0117","FALSE_POSITIVE","NO_DIRECT_FOUNDATIONAL_FIXED_SAMPLE_COMPOSITE_TEST_OR_MINIMAX_CONVERSE_RESULT_FOR_GAP_01_OR_GAP_03","LEVEL_3_DISCOVERY_ONLY","NOT_SOUGHT_AFTER_TITLE_METADATA_SCREEN","","","audit/phase2a1_raw_search_results/AC/PHASE2A1-SEARCH-0010_crossref.json","Final title/metadata-level false-positive disposition for this bounded A–C workstream; no substantive claim is drawn from the record."
"A1AC-0133","PHASE2A1-SEARCH-0010","2026-07-31","Crossref","Bootstrapping cointegration tests under structural co-breaks: A robust extended ECM test","Miguel A. Arranz; Alvaro Escribano","2006","10.1007/bf02595424","10.1007/bf02595424","A1AC-DUP-0118","FALSE_POSITIVE","NO_DIRECT_FOUNDATIONAL_FIXED_SAMPLE_COMPOSITE_TEST_OR_MINIMAX_CONVERSE_RESULT_FOR_GAP_01_OR_GAP_03","LEVEL_3_DISCOVERY_ONLY","NOT_SOUGHT_AFTER_TITLE_METADATA_SCREEN","","","audit/phase2a1_raw_search_results/AC/PHASE2A1-SEARCH-0010_crossref.json","Final title/metadata-level false-positive disposition for this bounded A–C workstream; no substantive claim is drawn from the record."
"A1AC-0134","PHASE2A1-SEARCH-0010","2026-07-31","Crossref","Radioactive marking of steel balls for grinding tests","G G Eichholz","1959","10.4095/299901","10.4095/299901","A1AC-DUP-0119","FALSE_POSITIVE","NO_DIRECT_FOUNDATIONAL_FIXED_SAMPLE_COMPOSITE_TEST_OR_MINIMAX_CONVERSE_RESULT_FOR_GAP_01_OR_GAP_03","LEVEL_3_DISCOVERY_ONLY","NOT_SOUGHT_AFTER_TITLE_METADATA_SCREEN","","","audit/phase2a1_raw_search_results/AC/PHASE2A1-SEARCH-0010_crossref.json","Final title/metadata-level false-positive disposition for this bounded A–C workstream; no substantive claim is drawn from the record."
"A1AC-0135","PHASE2A1-SEARCH-0010","2026-07-31","Crossref","Figure 4: Non-metric multidimensional scaling ordination (stress = 0.088) based on Hellinger transformed abundance of saproxylic Diptera species in decaying wood in southern Quebec.","","","10.7717/peerj.6027/fig-4","10.7717/peerj.6027/fig-4","A1AC-DUP-0120","FALSE_POSITIVE","NO_DIRECT_FOUNDATIONAL_FIXED_SAMPLE_COMPOSITE_TEST_OR_MINIMAX_CONVERSE_RESULT_FOR_GAP_01_OR_GAP_03","LEVEL_3_DISCOVERY_ONLY","NOT_SOUGHT_AFTER_TITLE_METADATA_SCREEN","","","audit/phase2a1_raw_search_results/AC/PHASE2A1-SEARCH-0010_crossref.json","Final title/metadata-level false-positive disposition for this bounded A–C workstream; no substantive claim is drawn from the record."
"A1AC-0136","PHASE2A1-SEARCH-0010","2026-07-31","Crossref","Robust tests for parity trees","S. Kundu; S.M. Reddy","","10.1109/test.1988.207852","10.1109/test.1988.207852","A1AC-DUP-0121","FALSE_POSITIVE","NO_DIRECT_FOUNDATIONAL_FIXED_SAMPLE_COMPOSITE_TEST_OR_MINIMAX_CONVERSE_RESULT_FOR_GAP_01_OR_GAP_03","LEVEL_3_DISCOVERY_ONLY","NOT_SOUGHT_AFTER_TITLE_METADATA_SCREEN","","","audit/phase2a1_raw_search_results/AC/PHASE2A1-SEARCH-0010_crossref.json","Final title/metadata-level false-positive disposition for this bounded A–C workstream; no substantive claim is drawn from the record."
"A1AC-0137","PHASE2A1-SEARCH-0010","2026-07-31","Crossref","More geometry of vector fields: metric balls and equivalent distances","","2022","10.1142/9789811261695_0009","10.1142/9789811261695_0009","A1AC-DUP-0122","FALSE_POSITIVE","NO_DIRECT_FOUNDATIONAL_FIXED_SAMPLE_COMPOSITE_TEST_OR_MINIMAX_CONVERSE_RESULT_FOR_GAP_01_OR_GAP_03","LEVEL_3_DISCOVERY_ONLY","NOT_SOUGHT_AFTER_TITLE_METADATA_SCREEN","","","audit/phase2a1_raw_search_results/AC/PHASE2A1-SEARCH-0010_crossref.json","Final title/metadata-level false-positive disposition for this bounded A–C workstream; no substantive claim is drawn from the record."
"A1AC-0138","PHASE2A1-SEARCH-0010","2026-07-31","Crossref","The Hellinger-Kakutani metric for pattern recognition","V.V. Anh; Q. Tieng; T.D. Bui; G. Chen","","10.1109/icip.1997.638800","10.1109/icip.1997.638800","A1AC-DUP-0123","FALSE_POSITIVE","NO_DIRECT_FOUNDATIONAL_FIXED_SAMPLE_COMPOSITE_TEST_OR_MINIMAX_CONVERSE_RESULT_FOR_GAP_01_OR_GAP_03","LEVEL_3_DISCOVERY_ONLY","NOT_SOUGHT_AFTER_TITLE_METADATA_SCREEN","","","audit/phase2a1_raw_search_results/AC/PHASE2A1-SEARCH-0010_crossref.json","Final title/metadata-level false-positive disposition for this bounded A–C workstream; no substantive claim is drawn from the record."
"A1AC-0139","PHASE2A1-SEARCH-0010","2026-07-31","Crossref","Asymptotic isoperimetry of balls in metric measured spaces","R. Tessera","2006","10.5565/publmat_50206_04","10.5565/publmat_50206_04","A1AC-DUP-0124","FALSE_POSITIVE","NO_DIRECT_FOUNDATIONAL_FIXED_SAMPLE_COMPOSITE_TEST_OR_MINIMAX_CONVERSE_RESULT_FOR_GAP_01_OR_GAP_03","LEVEL_3_DISCOVERY_ONLY","NOT_SOUGHT_AFTER_TITLE_METADATA_SCREEN","","","audit/phase2a1_raw_search_results/AC/PHASE2A1-SEARCH-0010_crossref.json","Final title/metadata-level false-positive disposition for this bounded A–C workstream; no substantive claim is drawn from the record."
"A1AC-0140","PHASE2A1-SEARCH-0011","2026-07-31","OpenAlex","Deep nonparametric regression on approximate manifolds: Nonasymptotic error bounds with polynomial prefactors","Yuling Jiao; Guohao Shen; Yuanyuan Lin; Jian Huang","2023","10.1214/23-aos2266","https://openalex.org/W4380490515","A1AC-DUP-0125","FALSE_POSITIVE","NO_DIRECT_FOUNDATIONAL_FIXED_SAMPLE_COMPOSITE_TEST_OR_MINIMAX_CONVERSE_RESULT_FOR_GAP_01_OR_GAP_03","LEVEL_3_DISCOVERY_ONLY","NOT_SOUGHT_AFTER_TITLE_METADATA_SCREEN","","","audit/phase2a1_raw_search_results/AC/PHASE2A1-SEARCH-0011_openalex.json","Final title/metadata-level false-positive disposition for this bounded A–C workstream; no substantive claim is drawn from the record."
"A1AC-0141","PHASE2A1-SEARCH-0011","2026-07-31","OpenAlex","On combinatorial testing problems","Louigi Addario‐Berry; Nicolas Broutin; Luc Devroye; Gábor Lugosi","2010","10.1214/10-aos817","https://openalex.org/W2166043450","A1AC-DUP-0038","DUPLICATE","DUPLICATE_OF_A1AC-0039","LEVEL_3_DISCOVERY_ONLY","NOT_APPLICABLE","","","audit/phase2a1_raw_search_results/AC/PHASE2A1-SEARCH-0011_openalex.json","Duplicate prospective occurrence; the first occurrence carries the evidence decision."
"A1AC-0142","PHASE2A1-SEARCH-0011","2026-07-31","OpenAlex","Least angle regression","Bradley Efron; Trevor Hastie; Iain M. Johnstone; Robert Tibshirani","2004","10.1214/009053604000000067","https://openalex.org/W2063978378","A1AC-DUP-0126","FALSE_POSITIVE","NO_DIRECT_FOUNDATIONAL_FIXED_SAMPLE_COMPOSITE_TEST_OR_MINIMAX_CONVERSE_RESULT_FOR_GAP_01_OR_GAP_03","LEVEL_3_DISCOVERY_ONLY","NOT_SOUGHT_AFTER_TITLE_METADATA_SCREEN","","","audit/phase2a1_raw_search_results/AC/PHASE2A1-SEARCH-0011_openalex.json","Final title/metadata-level false-positive disposition for this bounded A–C workstream; no substantive claim is drawn from the record."
"A1AC-0143","PHASE2A1-SEARCH-0011","2026-07-31","OpenAlex","Testing by Betting: A Strategy for Statistical and Scientific Communication","Glenn Shafer","2021","10.1111/rssa.12647","https://openalex.org/W3159808052","A1AC-DUP-0003","DUPLICATE","DUPLICATE_OF_A1AC-0003","LEVEL_3_DISCOVERY_ONLY","NOT_APPLICABLE","","","audit/phase2a1_raw_search_results/AC/PHASE2A1-SEARCH-0011_openalex.json","Duplicate prospective occurrence; the first occurrence carries the evidence decision."
"A1AC-0144","PHASE2A1-SEARCH-0011","2026-07-31","OpenAlex","Noisy matrix decomposition via convex relaxation: Optimal rates in high dimensions","Alekh Agarwal; Sahand Negahban; Martin J. Wainwright","2012","10.1214/12-aos1000","https://openalex.org/W2154514661","A1AC-DUP-0005","DUPLICATE","DUPLICATE_OF_A1AC-0005","LEVEL_3_DISCOVERY_ONLY","NOT_APPLICABLE","","","audit/phase2a1_raw_search_results/AC/PHASE2A1-SEARCH-0011_openalex.json","Duplicate prospective occurrence; the first occurrence carries the evidence decision."
"A1AC-0145","PHASE2A1-SEARCH-0011","2026-07-31","OpenAlex","Testing exchangeability: Fork-convexity, supermartingales and e-processes","Aaditya Ramdas; Johannes Ruf; Martin Larsson; Wouter M. Koolen","2021","10.1016/j.ijar.2021.06.017","https://openalex.org/W3175186327","A1AC-DUP-0010","DUPLICATE","DUPLICATE_OF_A1AC-0010","LEVEL_3_DISCOVERY_ONLY","NOT_APPLICABLE","","","audit/phase2a1_raw_search_results/AC/PHASE2A1-SEARCH-0011_openalex.json","Duplicate prospective occurrence; the first occurrence carries the evidence decision."
"A1AC-0146","PHASE2A1-SEARCH-0011","2026-07-31","OpenAlex","Hypothesis testing with e-values","Aaditya Ramdas; Ruodu Wang","2024","10.48550/arxiv.2410.23614","https://openalex.org/W4404346919","A1AC-DUP-0012","DUPLICATE","DUPLICATE_OF_A1AC-0012","LEVEL_3_DISCOVERY_ONLY","NOT_APPLICABLE","","","audit/phase2a1_raw_search_results/AC/PHASE2A1-SEARCH-0011_openalex.json","Duplicate prospective occurrence; the first occurrence carries the evidence decision."
"A1AC-0147","PHASE2A1-SEARCH-0011","2026-07-31","OpenAlex","A strong converse bound for multiple hypothesis testing, with applications to high-dimensional estimation","Ramji Venkataramanan; Oliver Johnson","2018","10.1214/18-ejs1419","https://openalex.org/W2790620458","A1AC-DUP-0127","FULL_TEXT_INCLUDED","","LEVEL_1_LOAD_BEARING","AUTHOR_MANUSCRIPT_FULL_TEXT_INSPECTED","arxiv_1706.04410_source/revised_v5_arxiv.tex:180-269 (§2, Theorem thm:main and Eq. eq:main), 270-291 (§2.1 comparison with Birgé/Fano/Assouad), 735-799 (Fano recovery)","NEW_CORPUS_CANDIDATE","audit/phase2a1_raw_search_results/AC/PHASE2A1-SEARCH-0011_openalex.json","Finite-sample Rényi-divergence lower bound on average error for finite M-ary hypotheses; supplies a converse after choosing a finite packing, not a constructive composite-vs-composite test."
"A1AC-0148","PHASE2A1-SEARCH-0011","2026-07-31","OpenAlex","Testing Identity of Structured Distributions","Ilias Diakonikolas; Daniel M. Kane; Vladimir Nikishkin","2014","10.1137/1.9781611973730.123","https://openalex.org/W1904943963","A1AC-DUP-0128","FALSE_POSITIVE","NO_DIRECT_FOUNDATIONAL_FIXED_SAMPLE_COMPOSITE_TEST_OR_MINIMAX_CONVERSE_RESULT_FOR_GAP_01_OR_GAP_03","LEVEL_3_DISCOVERY_ONLY","NOT_SOUGHT_AFTER_TITLE_METADATA_SCREEN","","","audit/phase2a1_raw_search_results/AC/PHASE2A1-SEARCH-0011_openalex.json","Final title/metadata-level false-positive disposition for this bounded A–C workstream; no substantive claim is drawn from the record."
"A1AC-0149","PHASE2A1-SEARCH-0011","2026-07-31","OpenAlex","Theoretical issues in deep networks","Tomaso Poggio; Andrzej Banburski; Qianli Liao","2020","10.1073/pnas.1907369117","https://openalex.org/W2995896684","A1AC-DUP-0129","FALSE_POSITIVE","NO_DIRECT_FOUNDATIONAL_FIXED_SAMPLE_COMPOSITE_TEST_OR_MINIMAX_CONVERSE_RESULT_FOR_GAP_01_OR_GAP_03","LEVEL_3_DISCOVERY_ONLY","NOT_SOUGHT_AFTER_TITLE_METADATA_SCREEN","","","audit/phase2a1_raw_search_results/AC/PHASE2A1-SEARCH-0011_openalex.json","Final title/metadata-level false-positive disposition for this bounded A–C workstream; no substantive claim is drawn from the record."
"A1AC-0150","PHASE2A1-SEARCH-0011","2026-07-31","OpenAlex","One-Shot Yield-Cost Relations in General Quantum Resource Theories","Ryuji Takagi; Bartosz Regula; Mark M. Wilde","2022","10.1103/prxquantum.3.010348","https://openalex.org/W3202503876","A1AC-DUP-0130","FALSE_POSITIVE","NO_DIRECT_FOUNDATIONAL_FIXED_SAMPLE_COMPOSITE_TEST_OR_MINIMAX_CONVERSE_RESULT_FOR_GAP_01_OR_GAP_03","LEVEL_3_DISCOVERY_ONLY","NOT_SOUGHT_AFTER_TITLE_METADATA_SCREEN","","","audit/phase2a1_raw_search_results/AC/PHASE2A1-SEARCH-0011_openalex.json","Final title/metadata-level false-positive disposition for this bounded A–C workstream; no substantive claim is drawn from the record."
"A1AC-0151","PHASE2A1-SEARCH-0011","2026-07-31","OpenAlex","Hypothesis Test and Confidence Analysis with Wasserstein Distance on General Dimension","Masaaki Imaizumi; Hirofumi Ota; Takuo Hamaguchi","2019","10.48550/arxiv.1910.07773","https://openalex.org/W4288091625","A1AC-DUP-0131","FALSE_POSITIVE","NO_DIRECT_FOUNDATIONAL_FIXED_SAMPLE_COMPOSITE_TEST_OR_MINIMAX_CONVERSE_RESULT_FOR_GAP_01_OR_GAP_03","LEVEL_3_DISCOVERY_ONLY","NOT_SOUGHT_AFTER_TITLE_METADATA_SCREEN","","","audit/phase2a1_raw_search_results/AC/PHASE2A1-SEARCH-0011_openalex.json","Final title/metadata-level false-positive disposition for this bounded A–C workstream; no substantive claim is drawn from the record."
"A1AC-0152","PHASE2A1-SEARCH-0011","2026-07-31","OpenAlex","Information-Theoretic Generalization Bounds for Meta-Learning and Applications","Sharu Theresa Jose; Osvaldo Simeone","2021","10.3390/e23010126","https://openalex.org/W3023926204","A1AC-DUP-0132","FALSE_POSITIVE","NO_DIRECT_FOUNDATIONAL_FIXED_SAMPLE_COMPOSITE_TEST_OR_MINIMAX_CONVERSE_RESULT_FOR_GAP_01_OR_GAP_03","LEVEL_3_DISCOVERY_ONLY","NOT_SOUGHT_AFTER_TITLE_METADATA_SCREEN","","","audit/phase2a1_raw_search_results/AC/PHASE2A1-SEARCH-0011_openalex.json","Final title/metadata-level false-positive disposition for this bounded A–C workstream; no substantive claim is drawn from the record."
"A1AC-0153","PHASE2A1-SEARCH-0011","2026-07-31","OpenAlex","Discovering causal relations and equations from data","Gustau Camps‐Valls; Andreas Gerhardus; Urmi Ninad; Gherardo Varando; Georg Martius; Emili Balaguer‐Ballester; Ricardo Vinuesa; Emiliano Díaz; Laure Zanna; Jakob Runge","2023","10.1016/j.physrep.2023.10.005","https://openalex.org/W4388473546","A1AC-DUP-0133","FALSE_POSITIVE","NO_DIRECT_FOUNDATIONAL_FIXED_SAMPLE_COMPOSITE_TEST_OR_MINIMAX_CONVERSE_RESULT_FOR_GAP_01_OR_GAP_03","LEVEL_3_DISCOVERY_ONLY","NOT_SOUGHT_AFTER_TITLE_METADATA_SCREEN","","","audit/phase2a1_raw_search_results/AC/PHASE2A1-SEARCH-0011_openalex.json","Final title/metadata-level false-positive disposition for this bounded A–C workstream; no substantive claim is drawn from the record."
"A1AC-0154","PHASE2A1-SEARCH-0011","2026-07-31","OpenAlex","Effective Berry–Esseen and concentration bounds for Markov chains with a spectral gap","Benoît Kloeckner","2019","10.1214/18-aap1438","https://openalex.org/W2917290884","A1AC-DUP-0134","FALSE_POSITIVE","NO_DIRECT_FOUNDATIONAL_FIXED_SAMPLE_COMPOSITE_TEST_OR_MINIMAX_CONVERSE_RESULT_FOR_GAP_01_OR_GAP_03","LEVEL_3_DISCOVERY_ONLY","NOT_SOUGHT_AFTER_TITLE_METADATA_SCREEN","","","audit/phase2a1_raw_search_results/AC/PHASE2A1-SEARCH-0011_openalex.json","Final title/metadata-level false-positive disposition for this bounded A–C workstream; no substantive claim is drawn from the record."
"A1AC-0155","PHASE2A1-SEARCH-0012","2026-07-31","Crossref","Beyond Hypothesis Testing","Joseph Kadane","2016","10.3390/e18050199","10.3390/e18050199","A1AC-DUP-0135","FALSE_POSITIVE","NO_DIRECT_FOUNDATIONAL_FIXED_SAMPLE_COMPOSITE_TEST_OR_MINIMAX_CONVERSE_RESULT_FOR_GAP_01_OR_GAP_03","LEVEL_3_DISCOVERY_ONLY","NOT_SOUGHT_AFTER_TITLE_METADATA_SCREEN","","","audit/phase2a1_raw_search_results/AC/PHASE2A1-SEARCH-0012_crossref.json","Final title/metadata-level false-positive disposition for this bounded A–C workstream; no substantive claim is drawn from the record."
"A1AC-0156","PHASE2A1-SEARCH-0012","2026-07-31","Crossref","Privacy-Aware Distributed Hypothesis Testing","Sreejith Sreekumar; Asaf Cohen; Deniz Gündüz","2020","10.3390/e22060665","10.3390/e22060665","A1AC-DUP-0136","FALSE_POSITIVE","NO_DIRECT_FOUNDATIONAL_FIXED_SAMPLE_COMPOSITE_TEST_OR_MINIMAX_CONVERSE_RESULT_FOR_GAP_01_OR_GAP_03","LEVEL_3_DISCOVERY_ONLY","NOT_SOUGHT_AFTER_TITLE_METADATA_SCREEN","","","audit/phase2a1_raw_search_results/AC/PHASE2A1-SEARCH-0012_crossref.json","Final title/metadata-level false-positive disposition for this bounded A–C workstream; no substantive claim is drawn from the record."
"A1AC-0157","PHASE2A1-SEARCH-0012","2026-07-31","Crossref","Transfer Learning in Multiple Hypothesis Testing","Stefano Cabras; María Eugenia Castellanos Nueda","2024","10.3390/e26010049","10.3390/e26010049","A1AC-DUP-0137","FALSE_POSITIVE","NO_DIRECT_FOUNDATIONAL_FIXED_SAMPLE_COMPOSITE_TEST_OR_MINIMAX_CONVERSE_RESULT_FOR_GAP_01_OR_GAP_03","LEVEL_3_DISCOVERY_ONLY","NOT_SOUGHT_AFTER_TITLE_METADATA_SCREEN","","","audit/phase2a1_raw_search_results/AC/PHASE2A1-SEARCH-0012_crossref.json","Final title/metadata-level false-positive disposition for this bounded A–C workstream; no substantive claim is drawn from the record."
"A1AC-0158","PHASE2A1-SEARCH-0012","2026-07-31","Crossref","Universal Donsker Classes and Metric Entropy","R. M. Dudley","2010","10.1007/978-1-4419-5821-1_19","10.1007/978-1-4419-5821-1_19","A1AC-DUP-0138","FALSE_POSITIVE","NO_DIRECT_FOUNDATIONAL_FIXED_SAMPLE_COMPOSITE_TEST_OR_MINIMAX_CONVERSE_RESULT_FOR_GAP_01_OR_GAP_03","LEVEL_3_DISCOVERY_ONLY","NOT_SOUGHT_AFTER_TITLE_METADATA_SCREEN","","","audit/phase2a1_raw_search_results/AC/PHASE2A1-SEARCH-0012_crossref.json","Final title/metadata-level false-positive disposition for this bounded A–C workstream; no substantive claim is drawn from the record."
"A1AC-0159","PHASE2A1-SEARCH-0012","2026-07-31","Crossref","Universal Donsker Classes and Metric Entropy","R. M. Dudley","1987","10.1214/aop/1176991978","10.1214/aop/1176991978","A1AC-DUP-0139","FALSE_POSITIVE","NO_DIRECT_FOUNDATIONAL_FIXED_SAMPLE_COMPOSITE_TEST_OR_MINIMAX_CONVERSE_RESULT_FOR_GAP_01_OR_GAP_03","LEVEL_3_DISCOVERY_ONLY","NOT_SOUGHT_AFTER_TITLE_METADATA_SCREEN","","","audit/phase2a1_raw_search_results/AC/PHASE2A1-SEARCH-0012_crossref.json","Final title/metadata-level false-positive disposition for this bounded A–C workstream; no substantive claim is drawn from the record."
"A1AC-0160","PHASE2A1-SEARCH-0012","2026-07-31","Crossref","Testing the Isotropic Cauchy Hypothesis","Jihad Fahs; Ibrahim Abou-Faycal; Ibrahim Issa","2024","10.3390/e26121084","10.3390/e26121084","A1AC-DUP-0140","FALSE_POSITIVE","NO_DIRECT_FOUNDATIONAL_FIXED_SAMPLE_COMPOSITE_TEST_OR_MINIMAX_CONVERSE_RESULT_FOR_GAP_01_OR_GAP_03","LEVEL_3_DISCOVERY_ONLY","NOT_SOUGHT_AFTER_TITLE_METADATA_SCREEN","","","audit/phase2a1_raw_search_results/AC/PHASE2A1-SEARCH-0012_crossref.json","Final title/metadata-level false-positive disposition for this bounded A–C workstream; no substantive claim is drawn from the record."
"A1AC-0161","PHASE2A1-SEARCH-0012","2026-07-31","Crossref","Nonasymptotic Upper Bounds on Binary Single Deletion Codes via Mixed Integer Linear Programming","Albert No","2019","10.3390/e21121202","10.3390/e21121202","A1AC-DUP-0141","FALSE_POSITIVE","NO_DIRECT_FOUNDATIONAL_FIXED_SAMPLE_COMPOSITE_TEST_OR_MINIMAX_CONVERSE_RESULT_FOR_GAP_01_OR_GAP_03","LEVEL_3_DISCOVERY_ONLY","NOT_SOUGHT_AFTER_TITLE_METADATA_SCREEN","","","audit/phase2a1_raw_search_results/AC/PHASE2A1-SEARCH-0012_crossref.json","Final title/metadata-level false-positive disposition for this bounded A–C workstream; no substantive claim is drawn from the record."
"A1AC-0162","PHASE2A1-SEARCH-0012","2026-07-31","Crossref","Metric Entropy Conditions for Kernels, Schatten Classes and Eigenvalue Problems","Bernd Carl","2000","10.1007/978-1-4757-6048-4_37","10.1007/978-1-4757-6048-4_37","A1AC-DUP-0142","FALSE_POSITIVE","NO_DIRECT_FOUNDATIONAL_FIXED_SAMPLE_COMPOSITE_TEST_OR_MINIMAX_CONVERSE_RESULT_FOR_GAP_01_OR_GAP_03","LEVEL_3_DISCOVERY_ONLY","NOT_SOUGHT_AFTER_TITLE_METADATA_SCREEN","","","audit/phase2a1_raw_search_results/AC/PHASE2A1-SEARCH-0012_crossref.json","Final title/metadata-level false-positive disposition for this bounded A–C workstream; no substantive claim is drawn from the record."
"A1AC-0163","PHASE2A1-SEARCH-0012","2026-07-31","Crossref","Distributed Hypothesis Testing over a Noisy Channel: Error-Exponents Trade-Off","Sreejith Sreekumar; Deniz Gündüz","2023","10.3390/e25020304","10.3390/e25020304","A1AC-DUP-0143","FALSE_POSITIVE","NO_DIRECT_FOUNDATIONAL_FIXED_SAMPLE_COMPOSITE_TEST_OR_MINIMAX_CONVERSE_RESULT_FOR_GAP_01_OR_GAP_03","LEVEL_3_DISCOVERY_ONLY","NOT_SOUGHT_AFTER_TITLE_METADATA_SCREEN","","","audit/phase2a1_raw_search_results/AC/PHASE2A1-SEARCH-0012_crossref.json","Final title/metadata-level false-positive disposition for this bounded A–C workstream; no substantive claim is drawn from the record."
"A1AC-0164","PHASE2A1-SEARCH-0012","2026-07-31","Crossref","First- and Second-Order Hypothesis Testing for Mixed Memoryless Sources","Te Sun Han; Ryo Nomura","2018","10.3390/e20030174","10.3390/e20030174","A1AC-DUP-0144","FALSE_POSITIVE","NO_DIRECT_FOUNDATIONAL_FIXED_SAMPLE_COMPOSITE_TEST_OR_MINIMAX_CONVERSE_RESULT_FOR_GAP_01_OR_GAP_03","LEVEL_3_DISCOVERY_ONLY","NOT_SOUGHT_AFTER_TITLE_METADATA_SCREEN","","","audit/phase2a1_raw_search_results/AC/PHASE2A1-SEARCH-0012_crossref.json","Final title/metadata-level false-positive disposition for this bounded A–C workstream; no substantive claim is drawn from the record."
"A1AC-0165","PHASE2A1-SEARCH-0012","2026-07-31","Crossref","Bayesian Testing of a Point Null Hypothesis Based on the Latent Information Prior","Fumiyasu Komaki","2013","10.3390/e15104416","10.3390/e15104416","A1AC-DUP-0145","FALSE_POSITIVE","NO_DIRECT_FOUNDATIONAL_FIXED_SAMPLE_COMPOSITE_TEST_OR_MINIMAX_CONVERSE_RESULT_FOR_GAP_01_OR_GAP_03","LEVEL_3_DISCOVERY_ONLY","NOT_SOUGHT_AFTER_TITLE_METADATA_SCREEN","","","audit/phase2a1_raw_search_results/AC/PHASE2A1-SEARCH-0012_crossref.json","Final title/metadata-level false-positive disposition for this bounded A–C workstream; no substantive claim is drawn from the record."
"A1AC-0166","PHASE2A1-SEARCH-0012","2026-07-31","Crossref","Metric Entropy of Some Classes of Sets with Differentiable Boundaries","R. M. Dudley","2010","10.1007/978-1-4419-5821-1_26","10.1007/978-1-4419-5821-1_26","A1AC-DUP-0146","FALSE_POSITIVE","NO_DIRECT_FOUNDATIONAL_FIXED_SAMPLE_COMPOSITE_TEST_OR_MINIMAX_CONVERSE_RESULT_FOR_GAP_01_OR_GAP_03","LEVEL_3_DISCOVERY_ONLY","NOT_SOUGHT_AFTER_TITLE_METADATA_SCREEN","","","audit/phase2a1_raw_search_results/AC/PHASE2A1-SEARCH-0012_crossref.json","Final title/metadata-level false-positive disposition for this bounded A–C workstream; no substantive claim is drawn from the record."
"A1AC-0167","PHASE2A1-SEARCH-0012","2026-07-31","Crossref","The Entropy Method","Stéphane Boucheron; Gábor Lugosi; Pascal Massart","2013","10.1093/acprof:oso/9780199535255.003.0006","10.1093/acprof:oso/9780199535255.003.0006","A1AC-DUP-0147","FALSE_POSITIVE","NO_DIRECT_FOUNDATIONAL_FIXED_SAMPLE_COMPOSITE_TEST_OR_MINIMAX_CONVERSE_RESULT_FOR_GAP_01_OR_GAP_03","LEVEL_3_DISCOVERY_ONLY","NOT_SOUGHT_AFTER_TITLE_METADATA_SCREEN","","","audit/phase2a1_raw_search_results/AC/PHASE2A1-SEARCH-0012_crossref.json","Final title/metadata-level false-positive disposition for this bounded A–C workstream; no substantive claim is drawn from the record."
"A1AC-0168","PHASE2A1-SEARCH-0012","2026-07-31","Crossref","Distributed Hypothesis Testing with Privacy Constraints","Atefeh Gilani; Selma Belhadj Amor; Sadaf Salehkalaibar; Vincent Y. F. Tan","2019","10.3390/e21050478","10.3390/e21050478","A1AC-DUP-0148","FALSE_POSITIVE","NO_DIRECT_FOUNDATIONAL_FIXED_SAMPLE_COMPOSITE_TEST_OR_MINIMAX_CONVERSE_RESULT_FOR_GAP_01_OR_GAP_03","LEVEL_3_DISCOVERY_ONLY","NOT_SOUGHT_AFTER_TITLE_METADATA_SCREEN","","","audit/phase2a1_raw_search_results/AC/PHASE2A1-SEARCH-0012_crossref.json","Final title/metadata-level false-positive disposition for this bounded A–C workstream; no substantive claim is drawn from the record."
"A1AC-0169","PHASE2A1-SEARCH-0012","2026-07-31","Crossref","Weighted Chernoff Information and Optimal Loss Exponent in Context-Sensitive Hypothesis Testing","Mark Kelbert; El’mira Yu. Kalimulina","2026","10.3390/e28050536","10.3390/e28050536","A1AC-DUP-0149","FALSE_POSITIVE","NO_DIRECT_FOUNDATIONAL_FIXED_SAMPLE_COMPOSITE_TEST_OR_MINIMAX_CONVERSE_RESULT_FOR_GAP_01_OR_GAP_03","LEVEL_3_DISCOVERY_ONLY","NOT_SOUGHT_AFTER_TITLE_METADATA_SCREEN","","","audit/phase2a1_raw_search_results/AC/PHASE2A1-SEARCH-0012_crossref.json","Final title/metadata-level false-positive disposition for this bounded A–C workstream; no substantive claim is drawn from the record."
"A1AC-0170","PHASE2A1-SEARCH-0013","2026-07-31","OpenAlex","Minimax Optimal Procedures for Locally Private Estimation","John C. Duchi; Michael I. Jordan; Martin J. Wainwright","2017","10.1080/01621459.2017.1389735","https://openalex.org/W2342135826","A1AC-DUP-0150","FALSE_POSITIVE","NO_DIRECT_FOUNDATIONAL_FIXED_SAMPLE_COMPOSITE_TEST_OR_MINIMAX_CONVERSE_RESULT_FOR_GAP_01_OR_GAP_03","LEVEL_3_DISCOVERY_ONLY","NOT_SOUGHT_AFTER_TITLE_METADATA_SCREEN","","","audit/phase2a1_raw_search_results/AC/PHASE2A1-SEARCH-0013_openalex.json","Final title/metadata-level false-positive disposition for this bounded A–C workstream; no substantive claim is drawn from the record."
"A1AC-0171","PHASE2A1-SEARCH-0013","2026-07-31","OpenAlex","Risk bounds for statistical learning","Pascal Massart; Élodie Nédélec","2006","10.1214/009053606000000786","https://openalex.org/W2076541756","A1AC-DUP-0151","FALSE_POSITIVE","NO_DIRECT_FOUNDATIONAL_FIXED_SAMPLE_COMPOSITE_TEST_OR_MINIMAX_CONVERSE_RESULT_FOR_GAP_01_OR_GAP_03","LEVEL_3_DISCOVERY_ONLY","NOT_SOUGHT_AFTER_TITLE_METADATA_SCREEN","","","audit/phase2a1_raw_search_results/AC/PHASE2A1-SEARCH-0013_openalex.json","Final title/metadata-level false-positive disposition for this bounded A–C workstream; no substantive claim is drawn from the record."
"A1AC-0172","PHASE2A1-SEARCH-0013","2026-07-31","OpenAlex","Restricted strong convexity and weighted matrix completion: Optimal bounds with noise","Sahand Negahban; Martin J. Wainwright","2010","10.48550/arxiv.1009.2118","https://openalex.org/W2111297856","A1AC-DUP-0006","DUPLICATE","DUPLICATE_OF_A1AC-0006","LEVEL_3_DISCOVERY_ONLY","NOT_APPLICABLE","","","audit/phase2a1_raw_search_results/AC/PHASE2A1-SEARCH-0013_openalex.json","Duplicate prospective occurrence; the first occurrence carries the evidence decision."
"A1AC-0173","PHASE2A1-SEARCH-0013","2026-07-31","OpenAlex","Noisy matrix decomposition via convex relaxation: Optimal rates in high dimensions","Alekh Agarwal; Sahand Negahban; Martin J. Wainwright","2012","10.1214/12-aos1000","https://openalex.org/W2154514661","A1AC-DUP-0005","DUPLICATE","DUPLICATE_OF_A1AC-0005","LEVEL_3_DISCOVERY_ONLY","NOT_APPLICABLE","","","audit/phase2a1_raw_search_results/AC/PHASE2A1-SEARCH-0013_openalex.json","Duplicate prospective occurrence; the first occurrence carries the evidence decision."
"A1AC-0174","PHASE2A1-SEARCH-0013","2026-07-31","OpenAlex","Fundamental limits on the accuracy of demographic inference based on the sample frequency spectrum","Jonathan Terhorst; Yun S. Song","2015","10.1073/pnas.1503717112","https://openalex.org/W2139492261","A1AC-DUP-0152","FALSE_POSITIVE","NO_DIRECT_FOUNDATIONAL_FIXED_SAMPLE_COMPOSITE_TEST_OR_MINIMAX_CONVERSE_RESULT_FOR_GAP_01_OR_GAP_03","LEVEL_3_DISCOVERY_ONLY","NOT_SOUGHT_AFTER_TITLE_METADATA_SCREEN","","","audit/phase2a1_raw_search_results/AC/PHASE2A1-SEARCH-0013_openalex.json","Final title/metadata-level false-positive disposition for this bounded A–C workstream; no substantive claim is drawn from the record."
"A1AC-0175","PHASE2A1-SEARCH-0013","2026-07-31","OpenAlex","A max-norm constrained minimization approach to 1-bit matrix completion","Tommaso Cai; Wenxin Zhou","2013","https://openalex.org/W2963381277","https://openalex.org/W2963381277","A1AC-DUP-0153","FALSE_POSITIVE","NO_DIRECT_FOUNDATIONAL_FIXED_SAMPLE_COMPOSITE_TEST_OR_MINIMAX_CONVERSE_RESULT_FOR_GAP_01_OR_GAP_03","LEVEL_3_DISCOVERY_ONLY","NOT_SOUGHT_AFTER_TITLE_METADATA_SCREEN","","","audit/phase2a1_raw_search_results/AC/PHASE2A1-SEARCH-0013_openalex.json","Final title/metadata-level false-positive disposition for this bounded A–C workstream; no substantive claim is drawn from the record."
"A1AC-0176","PHASE2A1-SEARCH-0013","2026-07-31","OpenAlex","Assouad, Fano, and Le Cam with Interaction: A Unifying Lower Bound Framework and Characterization for Bandit Learnability","Fan Chen; Dylan J. Foster; Yanjun Han; Jian Qian; Alexander Rakhlin; Yuqi Xu","2024","10.48550/arxiv.2410.05117","https://openalex.org/W4403964550","A1AC-DUP-0154","FALSE_POSITIVE","NO_DIRECT_FOUNDATIONAL_FIXED_SAMPLE_COMPOSITE_TEST_OR_MINIMAX_CONVERSE_RESULT_FOR_GAP_01_OR_GAP_03","LEVEL_3_DISCOVERY_ONLY","NOT_SOUGHT_AFTER_TITLE_METADATA_SCREEN","","","audit/phase2a1_raw_search_results/AC/PHASE2A1-SEARCH-0013_openalex.json","Final title/metadata-level false-positive disposition for this bounded A–C workstream; no substantive claim is drawn from the record."
"A1AC-0177","PHASE2A1-SEARCH-0013","2026-07-31","OpenAlex","A strong converse bound for multiple hypothesis testing, with applications to high-dimensional estimation","Ramji Venkataramanan; Oliver Johnson","2018","10.1214/18-ejs1419","https://openalex.org/W2790620458","A1AC-DUP-0127","DUPLICATE","DUPLICATE_OF_A1AC-0147","LEVEL_3_DISCOVERY_ONLY","NOT_APPLICABLE","","","audit/phase2a1_raw_search_results/AC/PHASE2A1-SEARCH-0013_openalex.json","Duplicate prospective occurrence; the first occurrence carries the evidence decision."
"A1AC-0178","PHASE2A1-SEARCH-0013","2026-07-31","OpenAlex","Learning models with uniform performance via distributionally robust optimization","John C. Duchi; Hongseok Namkoong","2021","10.1214/20-aos2004","https://openalex.org/W2896534181","A1AC-DUP-0063","DUPLICATE","DUPLICATE_OF_A1AC-0070","LEVEL_3_DISCOVERY_ONLY","NOT_APPLICABLE","","","audit/phase2a1_raw_search_results/AC/PHASE2A1-SEARCH-0013_openalex.json","Duplicate prospective occurrence; the first occurrence carries the evidence decision."
"A1AC-0179","PHASE2A1-SEARCH-0013","2026-07-31","OpenAlex","Fano’s Inequality for Random Variables","Sébastien Gerchinovitz; Pierre Ménard; Gilles Stoltz","2020","10.1214/19-sts716","https://openalex.org/W3000606876","A1AC-DUP-0155","FALSE_POSITIVE","NO_DIRECT_FOUNDATIONAL_FIXED_SAMPLE_COMPOSITE_TEST_OR_MINIMAX_CONVERSE_RESULT_FOR_GAP_01_OR_GAP_03","LEVEL_3_DISCOVERY_ONLY","NOT_SOUGHT_AFTER_TITLE_METADATA_SCREEN","","","audit/phase2a1_raw_search_results/AC/PHASE2A1-SEARCH-0013_openalex.json","Final title/metadata-level false-positive disposition for this bounded A–C workstream; no substantive claim is drawn from the record."
"A1AC-0180","PHASE2A1-SEARCH-0013","2026-07-31","OpenAlex","Minimax risks for sparse regressions: Ultra-high dimensional phenomenons","Nicolas Verzélen","2012","10.1214/12-ejs666","https://openalex.org/W1992898147","A1AC-DUP-0156","FALSE_POSITIVE","NO_DIRECT_FOUNDATIONAL_FIXED_SAMPLE_COMPOSITE_TEST_OR_MINIMAX_CONVERSE_RESULT_FOR_GAP_01_OR_GAP_03","LEVEL_3_DISCOVERY_ONLY","NOT_SOUGHT_AFTER_TITLE_METADATA_SCREEN","","","audit/phase2a1_raw_search_results/AC/PHASE2A1-SEARCH-0013_openalex.json","Final title/metadata-level false-positive disposition for this bounded A–C workstream; no substantive claim is drawn from the record."
"A1AC-0181","PHASE2A1-SEARCH-0013","2026-07-31","OpenAlex","Minimax Rates for Estimating the Dimension of a Manifold","Kim, Jisu; Rinaldo, Alessandro; Larry Wasserman","2016","10.20382/jocg.v10i1a3","https://openalex.org/W2347186258","A1AC-DUP-0157","FALSE_POSITIVE","NO_DIRECT_FOUNDATIONAL_FIXED_SAMPLE_COMPOSITE_TEST_OR_MINIMAX_CONVERSE_RESULT_FOR_GAP_01_OR_GAP_03","LEVEL_3_DISCOVERY_ONLY","NOT_SOUGHT_AFTER_TITLE_METADATA_SCREEN","","","audit/phase2a1_raw_search_results/AC/PHASE2A1-SEARCH-0013_openalex.json","Final title/metadata-level false-positive disposition for this bounded A–C workstream; no substantive claim is drawn from the record."
"A1AC-0182","PHASE2A1-SEARCH-0013","2026-07-31","OpenAlex","Volume Ratio, Sparsity, and Minimaxity under Unitarily Invariant Norms","Zongming Ma; Yihong Wu","2013","10.48550/arxiv.1306.3609","https://openalex.org/W2950251238","A1AC-DUP-0158","FALSE_POSITIVE","NO_DIRECT_FOUNDATIONAL_FIXED_SAMPLE_COMPOSITE_TEST_OR_MINIMAX_CONVERSE_RESULT_FOR_GAP_01_OR_GAP_03","LEVEL_3_DISCOVERY_ONLY","NOT_SOUGHT_AFTER_TITLE_METADATA_SCREEN","","","audit/phase2a1_raw_search_results/AC/PHASE2A1-SEARCH-0013_openalex.json","Final title/metadata-level false-positive disposition for this bounded A–C workstream; no substantive claim is drawn from the record."
"A1AC-0183","PHASE2A1-SEARCH-0013","2026-07-31","OpenAlex","Minimax optimal conditional density estimation under total variation smoothness","Mingrui Li; Matey Neykov; Sivaraman Balakrishnan","2022","10.1214/22-ejs2037","https://openalex.org/W3138935769","A1AC-DUP-0159","FALSE_POSITIVE","NO_DIRECT_FOUNDATIONAL_FIXED_SAMPLE_COMPOSITE_TEST_OR_MINIMAX_CONVERSE_RESULT_FOR_GAP_01_OR_GAP_03","LEVEL_3_DISCOVERY_ONLY","NOT_SOUGHT_AFTER_TITLE_METADATA_SCREEN","","","audit/phase2a1_raw_search_results/AC/PHASE2A1-SEARCH-0013_openalex.json","Final title/metadata-level false-positive disposition for this bounded A–C workstream; no substantive claim is drawn from the record."
"A1AC-0184","PHASE2A1-SEARCH-0013","2026-07-31","OpenAlex","Minimax rates of estimation for high-dimensional linear regression over $\ell_q$-balls","Garvesh Raskutti; Martin J. Wainwright; Bin Yu","2009","10.48550/arxiv.0910.2042","https://openalex.org/W2951767789","A1AC-DUP-0160","FALSE_POSITIVE","NO_DIRECT_FOUNDATIONAL_FIXED_SAMPLE_COMPOSITE_TEST_OR_MINIMAX_CONVERSE_RESULT_FOR_GAP_01_OR_GAP_03","LEVEL_3_DISCOVERY_ONLY","NOT_SOUGHT_AFTER_TITLE_METADATA_SCREEN","","","audit/phase2a1_raw_search_results/AC/PHASE2A1-SEARCH-0013_openalex.json","Final title/metadata-level false-positive disposition for this bounded A–C workstream; no substantive claim is drawn from the record."
"A1AC-0185","PHASE2A1-SEARCH-0014","2026-07-31","Crossref","Assouad, Fano, and Le Cam","Bin Yu","1997","10.1007/978-1-4612-1880-7_29","10.1007/978-1-4612-1880-7_29","A1AC-DUP-0161","FALSE_POSITIVE","NO_DIRECT_FOUNDATIONAL_FIXED_SAMPLE_COMPOSITE_TEST_OR_MINIMAX_CONVERSE_RESULT_FOR_GAP_01_OR_GAP_03","LEVEL_3_DISCOVERY_ONLY","NOT_SOUGHT_AFTER_TITLE_METADATA_SCREEN","","","audit/phase2a1_raw_search_results/AC/PHASE2A1-SEARCH-0014_crossref.json","Final title/metadata-level false-positive disposition for this bounded A–C workstream; no substantive claim is drawn from the record."
"A1AC-0186","PHASE2A1-SEARCH-0014","2026-07-31","Crossref","Assouad, Fano, and Le Cam with Interaction: A Unifying Lower Bound Framework and Characterization for Bandit Learnability","Fan Chen; Dylan Foster; Yanjun Han; Jian Qian; Alexander Rakhlin; Yunbei Xu","2024","10.52202/079017-2407","10.52202/079017-2407","A1AC-DUP-0162","FALSE_POSITIVE","NO_DIRECT_FOUNDATIONAL_FIXED_SAMPLE_COMPOSITE_TEST_OR_MINIMAX_CONVERSE_RESULT_FOR_GAP_01_OR_GAP_03","LEVEL_3_DISCOVERY_ONLY","NOT_SOUGHT_AFTER_TITLE_METADATA_SCREEN","","","audit/phase2a1_raw_search_results/AC/PHASE2A1-SEARCH-0014_crossref.json","Final title/metadata-level false-positive disposition for this bounded A–C workstream; no substantive claim is drawn from the record."
"A1AC-0187","PHASE2A1-SEARCH-0014","2026-07-31","Crossref","Minimax Decentralized Hypothesis Testing","Gökhan Gül","2017","10.1007/978-3-319-49286-5_7","10.1007/978-3-319-49286-5_7","A1AC-DUP-0047","DUPLICATE","DUPLICATE_OF_A1AC-0050","LEVEL_3_DISCOVERY_ONLY","NOT_APPLICABLE","","","audit/phase2a1_raw_search_results/AC/PHASE2A1-SEARCH-0014_crossref.json","Duplicate prospective occurrence; the first occurrence carries the evidence decision."
"A1AC-0188","PHASE2A1-SEARCH-0014","2026-07-31","Crossref","The Chernoff lower bound for symmetric quantum hypothesis testing","Michael Nussbaum; Arleta Szkoła","2009","10.1214/08-aos593","10.1214/08-aos593","A1AC-DUP-0163","FALSE_POSITIVE","NO_DIRECT_FOUNDATIONAL_FIXED_SAMPLE_COMPOSITE_TEST_OR_MINIMAX_CONVERSE_RESULT_FOR_GAP_01_OR_GAP_03","LEVEL_3_DISCOVERY_ONLY","NOT_SOUGHT_AFTER_TITLE_METADATA_SCREEN","","","audit/phase2a1_raw_search_results/AC/PHASE2A1-SEARCH-0014_crossref.json","Final title/metadata-level false-positive disposition for this bounded A–C workstream; no substantive claim is drawn from the record."
"A1AC-0189","PHASE2A1-SEARCH-0014","2026-07-31","Crossref","Novel Fano type lower bounds on the minimum error probability of list $M$-ary hypothesis testing","BERKAN DÜLEK","2023","10.55730/1300-0098.3386","10.55730/1300-0098.3386","A1AC-DUP-0164","FALSE_POSITIVE","NO_DIRECT_FOUNDATIONAL_FIXED_SAMPLE_COMPOSITE_TEST_OR_MINIMAX_CONVERSE_RESULT_FOR_GAP_01_OR_GAP_03","LEVEL_3_DISCOVERY_ONLY","NOT_SOUGHT_AFTER_TITLE_METADATA_SCREEN","","","audit/phase2a1_raw_search_results/AC/PHASE2A1-SEARCH-0014_crossref.json","Final title/metadata-level false-positive disposition for this bounded A–C workstream; no substantive claim is drawn from the record."
"A1AC-0190","PHASE2A1-SEARCH-0014","2026-07-31","Crossref","Minimax Hypothesis Testing about the Density Support","Ghislaine Gayraud","2001","10.2307/3318499","10.2307/3318499","A1AC-DUP-0053","DUPLICATE","DUPLICATE_OF_A1AC-0056","LEVEL_3_DISCOVERY_ONLY","NOT_APPLICABLE","","","audit/phase2a1_raw_search_results/AC/PHASE2A1-SEARCH-0014_crossref.json","Duplicate prospective occurrence; the first occurrence carries the evidence decision."
"A1AC-0191","PHASE2A1-SEARCH-0014","2026-07-31","Crossref","A New Lower Bound for Multiple Hypothesis Testing","L. Birge","2005","10.1109/tit.2005.844101","10.1109/tit.2005.844101","A1AC-DUP-0165","FULL_TEXT_UNAVAILABLE","NO_LEGALLY_ACCESSIBLE_INSPECTABLE_PRIMARY_FULL_TEXT_OBTAINED_IN_BOUNDED_RETRIEVAL","LEVEL_3_DISCOVERY_ONLY","FULL_TEXT_NOT_OBTAINED_OR_NOT_INSPECTABLE","","","audit/phase2a1_raw_search_results/AC/PHASE2A1-SEARCH-0014_crossref.json","Potentially relevant foundational source retained without guarantee coding; it cannot support a substantive synthesis conclusion."
"A1AC-0192","PHASE2A1-SEARCH-0014","2026-07-31","Crossref","Testing Piketty's Hypothesis on the Drivers of Income Inequality","Carlos Góes","","10.5089/9781475523249.001.a001","10.5089/9781475523249.001.a001","A1AC-DUP-0166","FALSE_POSITIVE","NO_DIRECT_FOUNDATIONAL_FIXED_SAMPLE_COMPOSITE_TEST_OR_MINIMAX_CONVERSE_RESULT_FOR_GAP_01_OR_GAP_03","LEVEL_3_DISCOVERY_ONLY","NOT_SOUGHT_AFTER_TITLE_METADATA_SCREEN","","","audit/phase2a1_raw_search_results/AC/PHASE2A1-SEARCH-0014_crossref.json","Final title/metadata-level false-positive disposition for this bounded A–C workstream; no substantive claim is drawn from the record."
"A1AC-0193","PHASE2A1-SEARCH-0014","2026-07-31","Crossref","Multilevel minimax hypothesis testing","Kush R. Varshney; Lav R. Varshney","2011","10.1109/ssp.2011.5967633","10.1109/ssp.2011.5967633","A1AC-DUP-0167","FALSE_POSITIVE","NO_DIRECT_FOUNDATIONAL_FIXED_SAMPLE_COMPOSITE_TEST_OR_MINIMAX_CONVERSE_RESULT_FOR_GAP_01_OR_GAP_03","LEVEL_3_DISCOVERY_ONLY","NOT_SOUGHT_AFTER_TITLE_METADATA_SCREEN","","","audit/phase2a1_raw_search_results/AC/PHASE2A1-SEARCH-0014_crossref.json","Final title/metadata-level false-positive disposition for this bounded A–C workstream; no substantive claim is drawn from the record."
"A1AC-0194","PHASE2A1-SEARCH-0014","2026-07-31","Crossref","Minimax hypothesis testing for curve registration","Olivier Collier","2012","10.1214/12-ejs706","10.1214/12-ejs706","A1AC-DUP-0168","FALSE_POSITIVE","SPECIALIZED_ASYMPTOTIC_CURVE_REGISTRATION_PROBLEM","LEVEL_3_DISCOVERY_ONLY","NOT_SOUGHT_AFTER_TITLE_METADATA_SCREEN","","","audit/phase2a1_raw_search_results/AC/PHASE2A1-SEARCH-0014_crossref.json","Final title/metadata-level false-positive disposition for this bounded A–C workstream; no substantive claim is drawn from the record."
"A1AC-0195","PHASE2A1-SEARCH-0014","2026-07-31","Crossref","hytest: Hypothesis Testing Based on Neyman-Pearson Lemma and Likelihood Ratio Test","Carlos Alberto Cardozo Delgado","2024","10.32614/cran.package.hytest","10.32614/cran.package.hytest","A1AC-DUP-0169","FALSE_POSITIVE","NO_DIRECT_FOUNDATIONAL_FIXED_SAMPLE_COMPOSITE_TEST_OR_MINIMAX_CONVERSE_RESULT_FOR_GAP_01_OR_GAP_03","LEVEL_3_DISCOVERY_ONLY","NOT_SOUGHT_AFTER_TITLE_METADATA_SCREEN","","","audit/phase2a1_raw_search_results/AC/PHASE2A1-SEARCH-0014_crossref.json","Final title/metadata-level false-positive disposition for this bounded A–C workstream; no substantive claim is drawn from the record."
"A1AC-0196","PHASE2A1-SEARCH-0014","2026-07-31","Crossref","<scp>N</scp>             eyman–             <scp>P</scp>             earson Lemma","L. M. Le Cam","2005","10.1002/0470011815.b2a15096","10.1002/0470011815.b2a15096","A1AC-DUP-0170","FALSE_POSITIVE","NO_DIRECT_FOUNDATIONAL_FIXED_SAMPLE_COMPOSITE_TEST_OR_MINIMAX_CONVERSE_RESULT_FOR_GAP_01_OR_GAP_03","LEVEL_3_DISCOVERY_ONLY","NOT_SOUGHT_AFTER_TITLE_METADATA_SCREEN","","","audit/phase2a1_raw_search_results/AC/PHASE2A1-SEARCH-0014_crossref.json","Final title/metadata-level false-positive disposition for this bounded A–C workstream; no substantive claim is drawn from the record."
"A1AC-0197","PHASE2A1-SEARCH-0014","2026-07-31","Crossref","Inference on the mode of weak directional signals: A Le Cam perspective on hypothesis testing near singularities","Davy Paindaveine; Thomas Verdebout","2017","10.1214/16-aos1468","10.1214/16-aos1468","A1AC-DUP-0171","FALSE_POSITIVE","NO_DIRECT_FOUNDATIONAL_FIXED_SAMPLE_COMPOSITE_TEST_OR_MINIMAX_CONVERSE_RESULT_FOR_GAP_01_OR_GAP_03","LEVEL_3_DISCOVERY_ONLY","NOT_SOUGHT_AFTER_TITLE_METADATA_SCREEN","","","audit/phase2a1_raw_search_results/AC/PHASE2A1-SEARCH-0014_crossref.json","Final title/metadata-level false-positive disposition for this bounded A–C workstream; no substantive claim is drawn from the record."
"A1AC-0198","PHASE2A1-SEARCH-0014","2026-07-31","Crossref","Economic Growth and Income Inequality: Testing Kuznets Income Inequality Hypothesis with Evidence from Indian Economy","Dr. Ekta Yadav","2026","10.2139/ssrn.6673618","10.2139/ssrn.6673618","A1AC-DUP-0172","FALSE_POSITIVE","NO_DIRECT_FOUNDATIONAL_FIXED_SAMPLE_COMPOSITE_TEST_OR_MINIMAX_CONVERSE_RESULT_FOR_GAP_01_OR_GAP_03","LEVEL_3_DISCOVERY_ONLY","NOT_SOUGHT_AFTER_TITLE_METADATA_SCREEN","","","audit/phase2a1_raw_search_results/AC/PHASE2A1-SEARCH-0014_crossref.json","Final title/metadata-level false-positive disposition for this bounded A–C workstream; no substantive claim is drawn from the record."
"A1AC-0199","PHASE2A1-SEARCH-0014","2026-07-31","Crossref","A tower lower bound for the degree relaxation of the Regularity Lemma","Frederik Garbe; Jan Hladký","2026","10.5070/c65465674","10.5070/c65465674","A1AC-DUP-0173","FALSE_POSITIVE","NO_DIRECT_FOUNDATIONAL_FIXED_SAMPLE_COMPOSITE_TEST_OR_MINIMAX_CONVERSE_RESULT_FOR_GAP_01_OR_GAP_03","LEVEL_3_DISCOVERY_ONLY","NOT_SOUGHT_AFTER_TITLE_METADATA_SCREEN","","","audit/phase2a1_raw_search_results/AC/PHASE2A1-SEARCH-0014_crossref.json","Final title/metadata-level false-positive disposition for this bounded A–C workstream; no substantive claim is drawn from the record."
"A1AC-0200","PHASE2A1-SEARCH-0015","2026-07-31","OpenAlex","Packing Problems: High <i>Z</i>′ Crystal Structures and Their Relationship to Cocrystals, Inclusion Compounds, and Polymorphism","Kirsty M. Steed; Jonathan W. Steed","2015","10.1021/cr500564z","https://openalex.org/W2026386051","A1AC-DUP-0174","FALSE_POSITIVE","NO_DIRECT_FOUNDATIONAL_FIXED_SAMPLE_COMPOSITE_TEST_OR_MINIMAX_CONVERSE_RESULT_FOR_GAP_01_OR_GAP_03","LEVEL_3_DISCOVERY_ONLY","NOT_SOUGHT_AFTER_TITLE_METADATA_SCREEN","","","audit/phase2a1_raw_search_results/AC/PHASE2A1-SEARCH-0015_openalex.json","Final title/metadata-level false-positive disposition for this bounded A–C workstream; no substantive claim is drawn from the record."
"A1AC-0201","PHASE2A1-SEARCH-0015","2026-07-31","OpenAlex","Adaptive Environmental Assessment and Management","C. S. Holling","1980","10.1093/forestscience/26.3.435","https://openalex.org/W1530529744","A1AC-DUP-0175","FALSE_POSITIVE","NO_DIRECT_FOUNDATIONAL_FIXED_SAMPLE_COMPOSITE_TEST_OR_MINIMAX_CONVERSE_RESULT_FOR_GAP_01_OR_GAP_03","LEVEL_3_DISCOVERY_ONLY","NOT_SOUGHT_AFTER_TITLE_METADATA_SCREEN","","","audit/phase2a1_raw_search_results/AC/PHASE2A1-SEARCH-0015_openalex.json","Final title/metadata-level false-positive disposition for this bounded A–C workstream; no substantive claim is drawn from the record."
"A1AC-0202","PHASE2A1-SEARCH-0015","2026-07-31","OpenAlex","Nonlinear Mechanical and Actuation Characterization of Piezoceramic Fiber Composites","Robert Brett Williams","1999","https://openalex.org/W145041419","https://openalex.org/W145041419","A1AC-DUP-0176","FALSE_POSITIVE","NO_DIRECT_FOUNDATIONAL_FIXED_SAMPLE_COMPOSITE_TEST_OR_MINIMAX_CONVERSE_RESULT_FOR_GAP_01_OR_GAP_03","LEVEL_3_DISCOVERY_ONLY","NOT_SOUGHT_AFTER_TITLE_METADATA_SCREEN","","","audit/phase2a1_raw_search_results/AC/PHASE2A1-SEARCH-0015_openalex.json","Final title/metadata-level false-positive disposition for this bounded A–C workstream; no substantive claim is drawn from the record."
"A1AC-0203","PHASE2A1-SEARCH-0015","2026-07-31","OpenAlex","Molecularly Mixed Composite Membranes: Challenges and Opportunities","Guanghui Zhu; Daniel O’Nolan; Ryan P. Lively","2019","10.1002/chem.201903519","https://openalex.org/W2974945232","A1AC-DUP-0177","FALSE_POSITIVE","NO_DIRECT_FOUNDATIONAL_FIXED_SAMPLE_COMPOSITE_TEST_OR_MINIMAX_CONVERSE_RESULT_FOR_GAP_01_OR_GAP_03","LEVEL_3_DISCOVERY_ONLY","NOT_SOUGHT_AFTER_TITLE_METADATA_SCREEN","","","audit/phase2a1_raw_search_results/AC/PHASE2A1-SEARCH-0015_openalex.json","Final title/metadata-level false-positive disposition for this bounded A–C workstream; no substantive claim is drawn from the record."
"A1AC-0204","PHASE2A1-SEARCH-0015","2026-07-31","OpenAlex","Advances in protein structure prediction and design","Brian Kuhlman; Philip Bradley","2019","10.1038/s41580-019-0163-x","https://openalex.org/W2968494487","A1AC-DUP-0178","FALSE_POSITIVE","NO_DIRECT_FOUNDATIONAL_FIXED_SAMPLE_COMPOSITE_TEST_OR_MINIMAX_CONVERSE_RESULT_FOR_GAP_01_OR_GAP_03","LEVEL_3_DISCOVERY_ONLY","NOT_SOUGHT_AFTER_TITLE_METADATA_SCREEN","","","audit/phase2a1_raw_search_results/AC/PHASE2A1-SEARCH-0015_openalex.json","Final title/metadata-level false-positive disposition for this bounded A–C workstream; no substantive claim is drawn from the record."
"A1AC-0205","PHASE2A1-SEARCH-0015","2026-07-31","OpenAlex","Open challenges in tensile testing of additively manufactured polymers: A literature survey and a case study in fused filament fabrication","Antonella Sola; Wei Juene Chong; Dejana Pejak Simunec; Yuncang Li; Adrian Trinchi; Ilias Louis Kyratzis; Cuié Wen","2022","10.1016/j.polymertesting.2022.107859","https://openalex.org/W4308166121","A1AC-DUP-0179","FALSE_POSITIVE","NO_DIRECT_FOUNDATIONAL_FIXED_SAMPLE_COMPOSITE_TEST_OR_MINIMAX_CONVERSE_RESULT_FOR_GAP_01_OR_GAP_03","LEVEL_3_DISCOVERY_ONLY","NOT_SOUGHT_AFTER_TITLE_METADATA_SCREEN","","","audit/phase2a1_raw_search_results/AC/PHASE2A1-SEARCH-0015_openalex.json","Final title/metadata-level false-positive disposition for this bounded A–C workstream; no substantive claim is drawn from the record."
"A1AC-0206","PHASE2A1-SEARCH-0015","2026-07-31","OpenAlex","Seeking a unified framework for cerebellar function and dysfunction: from circuit operations to cognition","Egidio D’Angelo; Stefano Casali","2013","10.3389/fncir.2012.00116","https://openalex.org/W2105584468","A1AC-DUP-0180","FALSE_POSITIVE","NO_DIRECT_FOUNDATIONAL_FIXED_SAMPLE_COMPOSITE_TEST_OR_MINIMAX_CONVERSE_RESULT_FOR_GAP_01_OR_GAP_03","LEVEL_3_DISCOVERY_ONLY","NOT_SOUGHT_AFTER_TITLE_METADATA_SCREEN","","","audit/phase2a1_raw_search_results/AC/PHASE2A1-SEARCH-0015_openalex.json","Final title/metadata-level false-positive disposition for this bounded A–C workstream; no substantive claim is drawn from the record."
"A1AC-0207","PHASE2A1-SEARCH-0015","2026-07-31","OpenAlex","Synergic interplay of the La motif, RRM1 and the interdomain linker of LARP6 in the recognition of collagen mRNA expands the RNA binding repertoire of the La module","Luigi Martino; Simon Pennell; Geoff Kelly; Baptiste Busi; Paul R. Brown; Roger Atkinson; Nicholas J. H. Salisbury; Zi-Hao Ooi; Kang-Wei See; Stephen J. Smerdon; Caterina Alfano; Tam T. T. Bui; Maria R. Conte","2014","10.1093/nar/gku1287","https://openalex.org/W2146961301","A1AC-DUP-0181","FALSE_POSITIVE","NO_DIRECT_FOUNDATIONAL_FIXED_SAMPLE_COMPOSITE_TEST_OR_MINIMAX_CONVERSE_RESULT_FOR_GAP_01_OR_GAP_03","LEVEL_3_DISCOVERY_ONLY","NOT_SOUGHT_AFTER_TITLE_METADATA_SCREEN","","","audit/phase2a1_raw_search_results/AC/PHASE2A1-SEARCH-0015_openalex.json","Final title/metadata-level false-positive disposition for this bounded A–C workstream; no substantive claim is drawn from the record."
"A1AC-0208","PHASE2A1-SEARCH-0015","2026-07-31","OpenAlex","Half a century of amyloids: past, present and future","Pu Chun Ke; Ruhong Zhou; Louise C. Serpell; Roland Riek; Tuomas P. J. Knowles; Hilal A. Lashuel; Ehud Gazit; Ian W. Hamley; Thomas P. Davis; Marcus Fändrich; Daniel E. Otzen; Matthew R. Chapman; Christopher M. Dobson; David Eisenberg; Raffaele Mezzenga","2020","10.1039/c9cs00199a","https://openalex.org/W3038168026","A1AC-DUP-0182","FALSE_POSITIVE","NO_DIRECT_FOUNDATIONAL_FIXED_SAMPLE_COMPOSITE_TEST_OR_MINIMAX_CONVERSE_RESULT_FOR_GAP_01_OR_GAP_03","LEVEL_3_DISCOVERY_ONLY","NOT_SOUGHT_AFTER_TITLE_METADATA_SCREEN","","","audit/phase2a1_raw_search_results/AC/PHASE2A1-SEARCH-0015_openalex.json","Final title/metadata-level false-positive disposition for this bounded A–C workstream; no substantive claim is drawn from the record."
"A1AC-0209","PHASE2A1-SEARCH-0015","2026-07-31","OpenAlex","Kinetic Rate Constant Prediction Supports the Conformational Selection Mechanism of Protein Binding","Iain H. Moal; Paul A. Bates","2012","10.1371/journal.pcbi.1002351","https://openalex.org/W2088892683","A1AC-DUP-0183","FALSE_POSITIVE","NO_DIRECT_FOUNDATIONAL_FIXED_SAMPLE_COMPOSITE_TEST_OR_MINIMAX_CONVERSE_RESULT_FOR_GAP_01_OR_GAP_03","LEVEL_3_DISCOVERY_ONLY","NOT_SOUGHT_AFTER_TITLE_METADATA_SCREEN","","","audit/phase2a1_raw_search_results/AC/PHASE2A1-SEARCH-0015_openalex.json","Final title/metadata-level false-positive disposition for this bounded A–C workstream; no substantive claim is drawn from the record."
"A1AC-0210","PHASE2A1-SEARCH-0015","2026-07-31","OpenAlex","Lung Structure and the Intrinsic Challenges of Gas Exchange","Connie C. W. Hsia; Dallas M. Hyde; Ewald R. Weibel","2016","10.1002/cphy.c150028","https://openalex.org/W2411711891","A1AC-DUP-0184","FALSE_POSITIVE","NO_DIRECT_FOUNDATIONAL_FIXED_SAMPLE_COMPOSITE_TEST_OR_MINIMAX_CONVERSE_RESULT_FOR_GAP_01_OR_GAP_03","LEVEL_3_DISCOVERY_ONLY","NOT_SOUGHT_AFTER_TITLE_METADATA_SCREEN","","","audit/phase2a1_raw_search_results/AC/PHASE2A1-SEARCH-0015_openalex.json","Final title/metadata-level false-positive disposition for this bounded A–C workstream; no substantive claim is drawn from the record."
"A1AC-0211","PHASE2A1-SEARCH-0015","2026-07-31","OpenAlex","Fresh and Hardened Properties of Extrusion-Based 3D-Printed Cementitious Materials: A Review","Zhanzhao Li; Maryam Hojati; Zhengyu Wu; Jonathon Piasente; Negar Ashrafi; José Duarte; Shadi Nazarian; Sven G. Bilén; Ali M. Memari; Aleksandra Radlińska","2020","10.3390/su12145628","https://openalex.org/W3042047916","A1AC-DUP-0185","FALSE_POSITIVE","NO_DIRECT_FOUNDATIONAL_FIXED_SAMPLE_COMPOSITE_TEST_OR_MINIMAX_CONVERSE_RESULT_FOR_GAP_01_OR_GAP_03","LEVEL_3_DISCOVERY_ONLY","NOT_SOUGHT_AFTER_TITLE_METADATA_SCREEN","","","audit/phase2a1_raw_search_results/AC/PHASE2A1-SEARCH-0015_openalex.json","Final title/metadata-level false-positive disposition for this bounded A–C workstream; no substantive claim is drawn from the record."
"A1AC-0212","PHASE2A1-SEARCH-0015","2026-07-31","OpenAlex","RecX Facilitates Homologous Recombination by Modulating RecA Activities","Paula P. Cárdenas; Begoña Carrasco; Clarisse Defeu Soufo; Carolina Elvira César; Katharina Herr; Miriam Kaufenstein; Peter L. Graumann; Juan C. Alonso","2012","10.1371/journal.pgen.1003126","https://openalex.org/W2084128457","A1AC-DUP-0186","FALSE_POSITIVE","NO_DIRECT_FOUNDATIONAL_FIXED_SAMPLE_COMPOSITE_TEST_OR_MINIMAX_CONVERSE_RESULT_FOR_GAP_01_OR_GAP_03","LEVEL_3_DISCOVERY_ONLY","NOT_SOUGHT_AFTER_TITLE_METADATA_SCREEN","","","audit/phase2a1_raw_search_results/AC/PHASE2A1-SEARCH-0015_openalex.json","Final title/metadata-level false-positive disposition for this bounded A–C workstream; no substantive claim is drawn from the record."
"A1AC-0213","PHASE2A1-SEARCH-0015","2026-07-31","OpenAlex","Effective food supply chains : generating, modelling and evaluating supply chain scenarios","J.G.A.J. van der Vorst","2000","10.18174/121244","https://openalex.org/W16041207","A1AC-DUP-0187","FALSE_POSITIVE","NO_DIRECT_FOUNDATIONAL_FIXED_SAMPLE_COMPOSITE_TEST_OR_MINIMAX_CONVERSE_RESULT_FOR_GAP_01_OR_GAP_03","LEVEL_3_DISCOVERY_ONLY","NOT_SOUGHT_AFTER_TITLE_METADATA_SCREEN","","","audit/phase2a1_raw_search_results/AC/PHASE2A1-SEARCH-0015_openalex.json","Final title/metadata-level false-positive disposition for this bounded A–C workstream; no substantive claim is drawn from the record."
"A1AC-0214","PHASE2A1-SEARCH-0015","2026-07-31","OpenAlex","Adaptive environmental assessment and management","","1980","10.1016/0143-1471(80)90183-x","https://openalex.org/W4302329250","A1AC-DUP-0188","FALSE_POSITIVE","NO_DIRECT_FOUNDATIONAL_FIXED_SAMPLE_COMPOSITE_TEST_OR_MINIMAX_CONVERSE_RESULT_FOR_GAP_01_OR_GAP_03","LEVEL_3_DISCOVERY_ONLY","NOT_SOUGHT_AFTER_TITLE_METADATA_SCREEN","","","audit/phase2a1_raw_search_results/AC/PHASE2A1-SEARCH-0015_openalex.json","Final title/metadata-level false-positive disposition for this bounded A–C workstream; no substantive claim is drawn from the record."
"A1AC-0215","PHASE2A1-SEARCH-0016","2026-07-31","Crossref","A strong converse bound for multiple hypothesis testing, with applications to high-dimensional estimation","Ramji Venkataramanan; Oliver Johnson","2018","10.1214/18-ejs1419","10.1214/18-ejs1419","A1AC-DUP-0127","DUPLICATE","DUPLICATE_OF_A1AC-0147","LEVEL_3_DISCOVERY_ONLY","NOT_APPLICABLE","","","audit/phase2a1_raw_search_results/AC/PHASE2A1-SEARCH-0016_crossref.json","Duplicate prospective occurrence; the first occurrence carries the evidence decision."
"A1AC-0216","PHASE2A1-SEARCH-0016","2026-07-31","Crossref","An Improved Sample Complexity Lower Bound for (Fidelity) Quantum State Tomography","Henry Yuen","2023","10.22331/q-2023-01-03-890","10.22331/q-2023-01-03-890","A1AC-DUP-0189","FALSE_POSITIVE","NO_DIRECT_FOUNDATIONAL_FIXED_SAMPLE_COMPOSITE_TEST_OR_MINIMAX_CONVERSE_RESULT_FOR_GAP_01_OR_GAP_03","LEVEL_3_DISCOVERY_ONLY","NOT_SOUGHT_AFTER_TITLE_METADATA_SCREEN","","","audit/phase2a1_raw_search_results/AC/PHASE2A1-SEARCH-0016_crossref.json","Final title/metadata-level false-positive disposition for this bounded A–C workstream; no substantive claim is drawn from the record."
"A1AC-0217","PHASE2A1-SEARCH-0016","2026-07-31","Crossref","A Lower Bound on the Complexity of Testing Grained Distributions","Oded Goldreich; Dana Ron","2023","10.1007/s00037-023-00245-w","10.1007/s00037-023-00245-w","A1AC-DUP-0190","FALSE_POSITIVE","NO_DIRECT_FOUNDATIONAL_FIXED_SAMPLE_COMPOSITE_TEST_OR_MINIMAX_CONVERSE_RESULT_FOR_GAP_01_OR_GAP_03","LEVEL_3_DISCOVERY_ONLY","NOT_SOUGHT_AFTER_TITLE_METADATA_SCREEN","","","audit/phase2a1_raw_search_results/AC/PHASE2A1-SEARCH-0016_crossref.json","Final title/metadata-level false-positive disposition for this bounded A–C workstream; no substantive claim is drawn from the record."
"A1AC-0218","PHASE2A1-SEARCH-0016","2026-07-31","Crossref","Graphing Sample Distributions for Hypothesis Testing","","2021","10.4135/9781529630213.n2","10.4135/9781529630213.n2","A1AC-DUP-0016","DUPLICATE","DUPLICATE_OF_A1AC-0016","LEVEL_3_DISCOVERY_ONLY","NOT_APPLICABLE","","","audit/phase2a1_raw_search_results/AC/PHASE2A1-SEARCH-0016_crossref.json","Duplicate prospective occurrence; the first occurrence carries the evidence decision."
"A1AC-0219","PHASE2A1-SEARCH-0016","2026-07-31","Crossref","The Chernoff lower bound for symmetric quantum hypothesis testing","Michael Nussbaum; Arleta Szkoła","2009","10.1214/08-aos593","10.1214/08-aos593","A1AC-DUP-0163","DUPLICATE","DUPLICATE_OF_A1AC-0188","LEVEL_3_DISCOVERY_ONLY","NOT_APPLICABLE","","","audit/phase2a1_raw_search_results/AC/PHASE2A1-SEARCH-0016_crossref.json","Duplicate prospective occurrence; the first occurrence carries the evidence decision."
"A1AC-0220","PHASE2A1-SEARCH-0016","2026-07-31","Crossref","Sample Complexity of Locally Differentially Private Quantum Hypothesis Testing","Hao–Chung Cheng; Christoph Hirche; Cambyse Rouzé","2024","10.1109/isit57864.2024.10619433","10.1109/isit57864.2024.10619433","A1AC-DUP-0191","FALSE_POSITIVE","NO_DIRECT_FOUNDATIONAL_FIXED_SAMPLE_COMPOSITE_TEST_OR_MINIMAX_CONVERSE_RESULT_FOR_GAP_01_OR_GAP_03","LEVEL_3_DISCOVERY_ONLY","NOT_SOUGHT_AFTER_TITLE_METADATA_SCREEN","","","audit/phase2a1_raw_search_results/AC/PHASE2A1-SEARCH-0016_crossref.json","Final title/metadata-level false-positive disposition for this bounded A–C workstream; no substantive claim is drawn from the record."
"A1AC-0221","PHASE2A1-SEARCH-0016","2026-07-31","Crossref","A New Lower Bound for Multiple Hypothesis Testing","L. Birge","2005","10.1109/tit.2005.844101","10.1109/tit.2005.844101","A1AC-DUP-0165","DUPLICATE","DUPLICATE_OF_A1AC-0191","LEVEL_3_DISCOVERY_ONLY","NOT_APPLICABLE","","","audit/phase2a1_raw_search_results/AC/PHASE2A1-SEARCH-0016_crossref.json","Duplicate prospective occurrence; the first occurrence carries the evidence decision."
"A1AC-0222","PHASE2A1-SEARCH-0016","2026-07-31","Crossref","Sample Size Determination for Bayesian Informative Hypothesis Testing","; Qianrao Fu","","10.33540/1221","10.33540/1221","A1AC-DUP-0018","DUPLICATE","DUPLICATE_OF_A1AC-0018","LEVEL_3_DISCOVERY_ONLY","NOT_APPLICABLE","","","audit/phase2a1_raw_search_results/AC/PHASE2A1-SEARCH-0016_crossref.json","Duplicate prospective occurrence; the first occurrence carries the evidence decision."
"A1AC-0223","PHASE2A1-SEARCH-0016","2026-07-31","Crossref","Hypothesis Testing with One Sample","","2014","10.4324/9781315797564-13","10.4324/9781315797564-13","A1AC-DUP-0019","DUPLICATE","DUPLICATE_OF_A1AC-0019","LEVEL_3_DISCOVERY_ONLY","NOT_APPLICABLE","","","audit/phase2a1_raw_search_results/AC/PHASE2A1-SEARCH-0016_crossref.json","Duplicate prospective occurrence; the first occurrence carries the evidence decision."
"A1AC-0224","PHASE2A1-SEARCH-0016","2026-07-31","Crossref","Communication Complexity and BDD Lower Bound Techniques","Ingo Wegener","2000","10.1007/978-1-4757-6048-4_49","10.1007/978-1-4757-6048-4_49","A1AC-DUP-0192","FALSE_POSITIVE","NO_DIRECT_FOUNDATIONAL_FIXED_SAMPLE_COMPOSITE_TEST_OR_MINIMAX_CONVERSE_RESULT_FOR_GAP_01_OR_GAP_03","LEVEL_3_DISCOVERY_ONLY","NOT_SOUGHT_AFTER_TITLE_METADATA_SCREEN","","","audit/phase2a1_raw_search_results/AC/PHASE2A1-SEARCH-0016_crossref.json","Final title/metadata-level false-positive disposition for this bounded A–C workstream; no substantive claim is drawn from the record."
"A1AC-0225","PHASE2A1-SEARCH-0016","2026-07-31","Crossref","Multiple quantum hypothesis testing expressions and classical-quantum channel converse bounds","Gonzalo Vazquez-Vilar","2016","10.1109/isit.2016.7541820","10.1109/isit.2016.7541820","A1AC-DUP-0193","FALSE_POSITIVE","NO_DIRECT_FOUNDATIONAL_FIXED_SAMPLE_COMPOSITE_TEST_OR_MINIMAX_CONVERSE_RESULT_FOR_GAP_01_OR_GAP_03","LEVEL_3_DISCOVERY_ONLY","NOT_SOUGHT_AFTER_TITLE_METADATA_SCREEN","","","audit/phase2a1_raw_search_results/AC/PHASE2A1-SEARCH-0016_crossref.json","Final title/metadata-level false-positive disposition for this bounded A–C workstream; no substantive claim is drawn from the record."
"A1AC-0226","PHASE2A1-SEARCH-0016","2026-07-31","Crossref","Hypothesis Testing and One-Sample t Tests","","2012","10.4135/9781071878989.n12","10.4135/9781071878989.n12","A1AC-DUP-0020","DUPLICATE","DUPLICATE_OF_A1AC-0020","LEVEL_3_DISCOVERY_ONLY","NOT_APPLICABLE","","","audit/phase2a1_raw_search_results/AC/PHASE2A1-SEARCH-0016_crossref.json","Duplicate prospective occurrence; the first occurrence carries the evidence decision."
"A1AC-0227","PHASE2A1-SEARCH-0016","2026-07-31","Crossref","Hypothesis Testing","","2009","10.1017/cbo9780511806957.004","10.1017/cbo9780511806957.004","A1AC-DUP-0021","DUPLICATE","DUPLICATE_OF_A1AC-0021","LEVEL_3_DISCOVERY_ONLY","NOT_APPLICABLE","","","audit/phase2a1_raw_search_results/AC/PHASE2A1-SEARCH-0016_crossref.json","Duplicate prospective occurrence; the first occurrence carries the evidence decision."
"A1AC-0228","PHASE2A1-SEARCH-0016","2026-07-31","Crossref","Sample Size and Hypothesis Testing","","2023","10.1002/9781119800002.ch14","10.1002/9781119800002.ch14","A1AC-DUP-0022","DUPLICATE","DUPLICATE_OF_A1AC-0022","LEVEL_3_DISCOVERY_ONLY","NOT_APPLICABLE","","","audit/phase2a1_raw_search_results/AC/PHASE2A1-SEARCH-0016_crossref.json","Duplicate prospective occurrence; the first occurrence carries the evidence decision."
"A1AC-0229","PHASE2A1-SEARCH-0016","2026-07-31","Crossref","An invitation to the sample complexity of quantum hypothesis testing","Hao-Chung Cheng; Nilanjana Datta; Nana Liu; Theshani Nuradha; Robert Salzmann; Mark M. Wilde","2025","10.1038/s41534-025-00980-8","10.1038/s41534-025-00980-8","A1AC-DUP-0194","FALSE_POSITIVE","NO_DIRECT_FOUNDATIONAL_FIXED_SAMPLE_COMPOSITE_TEST_OR_MINIMAX_CONVERSE_RESULT_FOR_GAP_01_OR_GAP_03","LEVEL_3_DISCOVERY_ONLY","NOT_SOUGHT_AFTER_TITLE_METADATA_SCREEN","","","audit/phase2a1_raw_search_results/AC/PHASE2A1-SEARCH-0016_crossref.json","Final title/metadata-level false-positive disposition for this bounded A–C workstream; no substantive claim is drawn from the record."
"A1AC-0230","PHASE2A1-SEARCH-0017","2026-07-31","OpenAlex","Hypothesis testing by convex optimization","Alexander Goldenshluger; Anatoli Juditsky; Arkadi Nemirovski","2015","10.1214/15-ejs1054","https://openalex.org/W1742114735","A1AC-DUP-0036","DUPLICATE","DUPLICATE_OF_A1AC-0037","LEVEL_3_DISCOVERY_ONLY","NOT_APPLICABLE","","","audit/phase2a1_raw_search_results/AC/PHASE2A1-SEARCH-0017_openalex_anchor.json","Duplicate prospective occurrence; the first occurrence carries the evidence decision."
"A1AC-0231","PHASE2A1-SEARCH-0017","2026-07-31","OpenAlex","Comment on “Hypothesis testing by convex optimization”","Philippe Rigollet","2015","10.1214/15-ejs998","https://openalex.org/W1914459152","A1AC-DUP-0195","FALSE_POSITIVE","NO_DIRECT_FOUNDATIONAL_FIXED_SAMPLE_COMPOSITE_TEST_OR_MINIMAX_CONVERSE_RESULT_FOR_GAP_01_OR_GAP_03","LEVEL_3_DISCOVERY_ONLY","NOT_SOUGHT_AFTER_TITLE_METADATA_SCREEN","","","audit/phase2a1_raw_search_results/AC/PHASE2A1-SEARCH-0017_openalex_anchor.json","Final title/metadata-level false-positive disposition for this bounded A–C workstream; no substantive claim is drawn from the record."
"A1AC-0232","PHASE2A1-SEARCH-0017","2026-07-31","OpenAlex","Hypothesis Testing via Euclidean Separation","Vincent Guigues; Anatoli Juditsky; Arkadi Nemirovski","2017","10.48550/arxiv.1705.07196","https://openalex.org/W4308324060","A1AC-DUP-0196","FULL_TEXT_INCLUDED","","LEVEL_1_LOAD_BEARING","AUTHOR_MANUSCRIPT_FULL_TEXT_INSPECTED","arxiv_1705.07196_source/student_revised_Nov7_2018.tex:192-240 (fixed stationary and semi-stationary problem/risk), 381-491 (Propositions prop1 and OptMajTest), 494-719 (potential tests and Proposition prop133), 1805-1857 (sample-size lower comparison proof)","NEW_CORPUS_CANDIDATE","audit/phase2a1_raw_search_results/AC/PHASE2A1-SEARCH-0017_openalex_anchor.json","Constructive fixed-sample uniform tests for two nonintersecting convex signal sets under sub-spherical noise, including heterogeneous semi-stationary blocks and near-optimal observation counts; assumptions do not cover arbitrary nonlinear induced law families."
"A1AC-0233","PHASE2A1-SEARCH-0017","2026-07-31","OpenAlex","On sequential hypotheses testing via convex optimization","Anatoli Juditsky; Arkadi Nemirovski","2015","10.1134/s0005117915050070","https://openalex.org/W1517588581","A1AC-DUP-0197","FALSE_POSITIVE","SEQUENTIAL_TESTING_NOT_FIXED_SAMPLE","LEVEL_3_DISCOVERY_ONLY","NOT_SOUGHT_AFTER_TITLE_METADATA_SCREEN","","","audit/phase2a1_raw_search_results/AC/PHASE2A1-SEARCH-0017_openalex_anchor.json","Final title/metadata-level false-positive disposition for this bounded A–C workstream; no substantive claim is drawn from the record."
"A1AC-0234","PHASE2A1-SEARCH-0017","2026-07-31","OpenAlex","Estimating linear and quadratic forms via indirect observations","Anatoli Juditsky; Arkadi Nemirovski","2020","10.3150/20-bej1200","https://openalex.org/W2560401352","A1AC-DUP-0198","FALSE_POSITIVE","NO_DIRECT_FOUNDATIONAL_FIXED_SAMPLE_COMPOSITE_TEST_OR_MINIMAX_CONVERSE_RESULT_FOR_GAP_01_OR_GAP_03","LEVEL_3_DISCOVERY_ONLY","NOT_SOUGHT_AFTER_TITLE_METADATA_SCREEN","","","audit/phase2a1_raw_search_results/AC/PHASE2A1-SEARCH-0017_openalex_anchor.json","Final title/metadata-level false-positive disposition for this bounded A–C workstream; no substantive claim is drawn from the record."
"A1AC-0235","PHASE2A1-SEARCH-0017","2026-07-31","OpenAlex","Hypothesis testing via Euclidean separation","Vincent Guigues; Anatoli Juditsky; Arkadi Nemirovski","2020","10.1214/19-aihp1022","https://openalex.org/W3037745720","A1AC-DUP-0196","DUPLICATE","DUPLICATE_OF_A1AC-0232","LEVEL_3_DISCOVERY_ONLY","NOT_APPLICABLE","","","audit/phase2a1_raw_search_results/AC/PHASE2A1-SEARCH-0017_openalex_anchor.json","Duplicate prospective occurrence; the first occurrence carries the evidence decision."
"A1AC-0236","PHASE2A1-SEARCH-0017","2026-07-31","OpenAlex","Near-optimal recovery of linear and N-convex functions on unions of convex sets","Anatoli Juditsky; Arkadi Nemirovski","2019","10.1093/imaiai/iaz011","https://openalex.org/W2795770388","A1AC-DUP-0199","FALSE_POSITIVE","NO_DIRECT_FOUNDATIONAL_FIXED_SAMPLE_COMPOSITE_TEST_OR_MINIMAX_CONVERSE_RESULT_FOR_GAP_01_OR_GAP_03","LEVEL_3_DISCOVERY_ONLY","NOT_SOUGHT_AFTER_TITLE_METADATA_SCREEN","","","audit/phase2a1_raw_search_results/AC/PHASE2A1-SEARCH-0017_openalex_anchor.json","Final title/metadata-level false-positive disposition for this bounded A–C workstream; no substantive claim is drawn from the record."
"A1AC-0237","PHASE2A1-SEARCH-0017","2026-07-31","OpenAlex","Aggregating estimates by convex optimization","Anatoli Juditsky; Arkadi Nemirovski","2022","10.4171/msl/30","https://openalex.org/W3185690680","A1AC-DUP-0200","FALSE_POSITIVE","NO_DIRECT_FOUNDATIONAL_FIXED_SAMPLE_COMPOSITE_TEST_OR_MINIMAX_CONVERSE_RESULT_FOR_GAP_01_OR_GAP_03","LEVEL_3_DISCOVERY_ONLY","NOT_SOUGHT_AFTER_TITLE_METADATA_SCREEN","","","audit/phase2a1_raw_search_results/AC/PHASE2A1-SEARCH-0017_openalex_anchor.json","Final title/metadata-level false-positive disposition for this bounded A–C workstream; no substantive claim is drawn from the record."
"A1AC-0238","PHASE2A1-SEARCH-0017","2026-07-31","OpenAlex","A Data-Driven Approach to Robust Hypothesis Testing Using Sinkhorn Uncertainty Sets","Jie Wang; Yao Xie","2022","10.48550/arxiv.2202.04258","https://openalex.org/W4307660236","A1AC-DUP-0201","FALSE_POSITIVE","NO_DIRECT_FOUNDATIONAL_FIXED_SAMPLE_COMPOSITE_TEST_OR_MINIMAX_CONVERSE_RESULT_FOR_GAP_01_OR_GAP_03","LEVEL_3_DISCOVERY_ONLY","NOT_SOUGHT_AFTER_TITLE_METADATA_SCREEN","","","audit/phase2a1_raw_search_results/AC/PHASE2A1-SEARCH-0017_openalex_anchor.json","Final title/metadata-level false-positive disposition for this bounded A–C workstream; no substantive claim is drawn from the record."
"A1AC-0239","PHASE2A1-SEARCH-0017","2026-07-31","OpenAlex","Bump detection in the presence of dependency: Does it ease or does it load?","Farida Enikeeva; Axel Munk; Markus Pohlmann; Frank Werner","2020","10.3150/20-bej1226","https://openalex.org/W2950844039","A1AC-DUP-0202","FALSE_POSITIVE","NO_DIRECT_FOUNDATIONAL_FIXED_SAMPLE_COMPOSITE_TEST_OR_MINIMAX_CONVERSE_RESULT_FOR_GAP_01_OR_GAP_03","LEVEL_3_DISCOVERY_ONLY","NOT_SOUGHT_AFTER_TITLE_METADATA_SCREEN","","","audit/phase2a1_raw_search_results/AC/PHASE2A1-SEARCH-0017_openalex_anchor.json","Final title/metadata-level false-positive disposition for this bounded A–C workstream; no substantive claim is drawn from the record."
"A1AC-0240","PHASE2A1-SEARCH-0017","2026-07-31","OpenAlex","On minimax detection of localized signals from indirect or correlated data","Markus Pöhlmann","2022","10.53846/goediss-9212","https://openalex.org/W4229007732","A1AC-DUP-0203","FALSE_POSITIVE","NO_DIRECT_FOUNDATIONAL_FIXED_SAMPLE_COMPOSITE_TEST_OR_MINIMAX_CONVERSE_RESULT_FOR_GAP_01_OR_GAP_03","LEVEL_3_DISCOVERY_ONLY","NOT_SOUGHT_AFTER_TITLE_METADATA_SCREEN","","","audit/phase2a1_raw_search_results/AC/PHASE2A1-SEARCH-0017_openalex_anchor.json","Final title/metadata-level false-positive disposition for this bounded A–C workstream; no substantive claim is drawn from the record."
"A1AC-0241","PHASE2A1-SEARCH-0018","2026-07-31","OpenAlex","Sequential Change-Point Detection via Online Convex Optimization","Yang Cao; Liyan Xie; Yao Xie; Huan Xu","2018","10.3390/e20020108","https://openalex.org/W2790191154","A1AC-DUP-0204","FALSE_POSITIVE","NO_DIRECT_FOUNDATIONAL_FIXED_SAMPLE_COMPOSITE_TEST_OR_MINIMAX_CONVERSE_RESULT_FOR_GAP_01_OR_GAP_03","LEVEL_3_DISCOVERY_ONLY","NOT_SOUGHT_AFTER_TITLE_METADATA_SCREEN","","","audit/phase2a1_raw_search_results/AC/PHASE2A1-SEARCH-0018_openalex_forward.json","Final title/metadata-level false-positive disposition for this bounded A–C workstream; no substantive claim is drawn from the record."
"A1AC-0242","PHASE2A1-SEARCH-0018","2026-07-31","OpenAlex","Minimax Robust Detection: Classic Results and Recent Advances","Michael Faus; Abdelhak M. Zoubir; H. Vincent Poor","2021","10.1109/tsp.2021.3061298","https://openalex.org/W3132712038","A1AC-DUP-0205","FALSE_POSITIVE","NO_DIRECT_FOUNDATIONAL_FIXED_SAMPLE_COMPOSITE_TEST_OR_MINIMAX_CONVERSE_RESULT_FOR_GAP_01_OR_GAP_03","LEVEL_3_DISCOVERY_ONLY","NOT_SOUGHT_AFTER_TITLE_METADATA_SCREEN","","","audit/phase2a1_raw_search_results/AC/PHASE2A1-SEARCH-0018_openalex_forward.json","Final title/metadata-level false-positive disposition for this bounded A–C workstream; no substantive claim is drawn from the record."
"A1AC-0243","PHASE2A1-SEARCH-0018","2026-07-31","OpenAlex","Robust Hypothesis Testing Using Wasserstein Uncertainty Sets","Rui Gao; Liyan Xie; Yao Xie; Huan Xu","2018","10.48550/arxiv.1805.10611","https://openalex.org/W2803740389","A1AC-DUP-0206","FALSE_POSITIVE","NO_DIRECT_FOUNDATIONAL_FIXED_SAMPLE_COMPOSITE_TEST_OR_MINIMAX_CONVERSE_RESULT_FOR_GAP_01_OR_GAP_03","LEVEL_3_DISCOVERY_ONLY","NOT_SOUGHT_AFTER_TITLE_METADATA_SCREEN","","","audit/phase2a1_raw_search_results/AC/PHASE2A1-SEARCH-0018_openalex_forward.json","Final title/metadata-level false-positive disposition for this bounded A–C workstream; no substantive claim is drawn from the record."
"A1AC-0244","PHASE2A1-SEARCH-0018","2026-07-31","OpenAlex","A Data-Driven Approach to Robust Hypothesis Testing Using Sinkhorn Uncertainty Sets","Jie Wang; Yao Xie","2022","10.1109/isit50566.2022.9834367","https://openalex.org/W4221138869","A1AC-DUP-0207","FALSE_POSITIVE","NO_DIRECT_FOUNDATIONAL_FIXED_SAMPLE_COMPOSITE_TEST_OR_MINIMAX_CONVERSE_RESULT_FOR_GAP_01_OR_GAP_03","LEVEL_3_DISCOVERY_ONLY","NOT_SOUGHT_AFTER_TITLE_METADATA_SCREEN","","","audit/phase2a1_raw_search_results/AC/PHASE2A1-SEARCH-0018_openalex_forward.json","Final title/metadata-level false-positive disposition for this bounded A–C workstream; no substantive claim is drawn from the record."
"A1AC-0245","PHASE2A1-SEARCH-0018","2026-07-31","OpenAlex","Theory of versatile fidelity estimation with confidence","Akshay Seshadri; Martin Ringbauer; Jacob Spainhour; Thomas Monz; Stephen Becker","2024","10.1103/physreva.110.012431","https://openalex.org/W4400494946","A1AC-DUP-0208","FALSE_POSITIVE","NO_DIRECT_FOUNDATIONAL_FIXED_SAMPLE_COMPOSITE_TEST_OR_MINIMAX_CONVERSE_RESULT_FOR_GAP_01_OR_GAP_03","LEVEL_3_DISCOVERY_ONLY","NOT_SOUGHT_AFTER_TITLE_METADATA_SCREEN","","","audit/phase2a1_raw_search_results/AC/PHASE2A1-SEARCH-0018_openalex_forward.json","Final title/metadata-level false-positive disposition for this bounded A–C workstream; no substantive claim is drawn from the record."
"A1AC-0246","PHASE2A1-SEARCH-0018","2026-07-31","OpenAlex","Constructive minimax classification of discrete observations with arbitrary loss function","Lionel Fillatre","2017","10.1016/j.sigpro.2017.06.020","https://openalex.org/W2646437084","A1AC-DUP-0209","FULL_TEXT_UNAVAILABLE","NO_LEGALLY_ACCESSIBLE_INSPECTABLE_PRIMARY_FULL_TEXT_OBTAINED_IN_BOUNDED_RETRIEVAL","LEVEL_3_DISCOVERY_ONLY","FULL_TEXT_NOT_OBTAINED_OR_NOT_INSPECTABLE","","","audit/phase2a1_raw_search_results/AC/PHASE2A1-SEARCH-0018_openalex_forward.json","Potentially relevant foundational source retained without guarantee coding; it cannot support a substantive synthesis conclusion."
"A1AC-0247","PHASE2A1-SEARCH-0018","2026-07-31","OpenAlex","Globally Convergent Gradient Projection Type Algorithms for a Class of Robust Hypothesis Testings","Ting Ma; Enbin Song; Qingjiang Shi","2021","10.1109/tsp.2021.3059097","https://openalex.org/W3132605199","A1AC-DUP-0210","FALSE_POSITIVE","NO_DIRECT_FOUNDATIONAL_FIXED_SAMPLE_COMPOSITE_TEST_OR_MINIMAX_CONVERSE_RESULT_FOR_GAP_01_OR_GAP_03","LEVEL_3_DISCOVERY_ONLY","NOT_SOUGHT_AFTER_TITLE_METADATA_SCREEN","","","audit/phase2a1_raw_search_results/AC/PHASE2A1-SEARCH-0018_openalex_forward.json","Final title/metadata-level false-positive disposition for this bounded A–C workstream; no substantive claim is drawn from the record."
"A1AC-0248","PHASE2A1-SEARCH-0018","2026-07-31","OpenAlex","Versatile Fidelity Estimation with Confidence","Akshay Seshadri; Martin Ringbauer; Jacob Spainhour; R. Blatt; Thomas Monz; Stephen Becker","2024","10.1103/physrevlett.133.020402","https://openalex.org/W4400491929","A1AC-DUP-0211","FALSE_POSITIVE","NO_DIRECT_FOUNDATIONAL_FIXED_SAMPLE_COMPOSITE_TEST_OR_MINIMAX_CONVERSE_RESULT_FOR_GAP_01_OR_GAP_03","LEVEL_3_DISCOVERY_ONLY","NOT_SOUGHT_AFTER_TITLE_METADATA_SCREEN","","","audit/phase2a1_raw_search_results/AC/PHASE2A1-SEARCH-0018_openalex_forward.json","Final title/metadata-level false-positive disposition for this bounded A–C workstream; no substantive claim is drawn from the record."
"A1AC-0249","PHASE2A1-SEARCH-0018","2026-07-31","OpenAlex","Change detection via affine and quadratic detectors","Yang Cao; Arkadi Nemirovski; Yao Xie; Vincent Guigues; Anatoli Juditsky","2018","10.1214/17-ejs1373","https://openalex.org/W2964053291","A1AC-DUP-0212","FALSE_POSITIVE","NO_DIRECT_FOUNDATIONAL_FIXED_SAMPLE_COMPOSITE_TEST_OR_MINIMAX_CONVERSE_RESULT_FOR_GAP_01_OR_GAP_03","LEVEL_3_DISCOVERY_ONLY","NOT_SOUGHT_AFTER_TITLE_METADATA_SCREEN","","","audit/phase2a1_raw_search_results/AC/PHASE2A1-SEARCH-0018_openalex_forward.json","Final title/metadata-level false-positive disposition for this bounded A–C workstream; no substantive claim is drawn from the record."
"A1AC-0250","PHASE2A1-SEARCH-0018","2026-07-31","OpenAlex","Near-Optimal Recovery of Linear and N-Convex Functions on Unions of\n Convex Sets","Anatoli Juditsky; Arkadi Nemirovski","2018","10.48550/arxiv.1804.00355","https://openalex.org/W2962710013","A1AC-DUP-0213","FALSE_POSITIVE","NO_DIRECT_FOUNDATIONAL_FIXED_SAMPLE_COMPOSITE_TEST_OR_MINIMAX_CONVERSE_RESULT_FOR_GAP_01_OR_GAP_03","LEVEL_3_DISCOVERY_ONLY","NOT_SOUGHT_AFTER_TITLE_METADATA_SCREEN","","","audit/phase2a1_raw_search_results/AC/PHASE2A1-SEARCH-0018_openalex_forward.json","Final title/metadata-level false-positive disposition for this bounded A–C workstream; no substantive claim is drawn from the record."
"A1AC-0251","PHASE2A1-SEARCH-0018","2026-07-31","OpenAlex","Bump detection in heterogeneous Gaussian regression","Farida Enikeeva; Axel Munk; Frank Werner","2017","10.3150/16-bej899","https://openalex.org/W2201169240","A1AC-DUP-0214","FALSE_POSITIVE","NO_DIRECT_FOUNDATIONAL_FIXED_SAMPLE_COMPOSITE_TEST_OR_MINIMAX_CONVERSE_RESULT_FOR_GAP_01_OR_GAP_03","LEVEL_3_DISCOVERY_ONLY","NOT_SOUGHT_AFTER_TITLE_METADATA_SCREEN","","","audit/phase2a1_raw_search_results/AC/PHASE2A1-SEARCH-0018_openalex_forward.json","Final title/metadata-level false-positive disposition for this bounded A–C workstream; no substantive claim is drawn from the record."
"A1AC-0252","PHASE2A1-SEARCH-0018","2026-07-31","OpenAlex","Hypothesis testing via affine detectors","Anatoli Juditsky; Arkadi Nemirovski","2016","10.1214/16-ejs1170","https://openalex.org/W2336375816","A1AC-DUP-0215","FULL_TEXT_INCLUDED","","LEVEL_1_LOAD_BEARING","AUTHOR_MANUSCRIPT_FULL_TEXT_INSPECTED","arxiv_1604.02576_source/main.tex:367-485 (§3 and Proposition prop1), 486-603 (Propositions prop2, propsubGauss and prop22), 604-714 (multiple hypotheses and Proposition prop3)","NEW_CORPUS_CANDIDATE","audit/phase2a1_raw_search_results/AC/PHASE2A1-SEARCH-0018_openalex_forward.json","Fixed-prescribed-K affine detectors give uniform exponential-risk bounds for repeated and conditionally heterogeneous observations in regular distribution families; global minimax optimality is not claimed for all families."
"A1AC-0253","PHASE2A1-SEARCH-0018","2026-07-31","OpenAlex","Robust sequential change-point detection by convex optimization","Yang Cao; Yao Xie","2017","10.1109/isit.2017.8006736","https://openalex.org/W2582129910","A1AC-DUP-0216","FALSE_POSITIVE","NO_DIRECT_FOUNDATIONAL_FIXED_SAMPLE_COMPOSITE_TEST_OR_MINIMAX_CONVERSE_RESULT_FOR_GAP_01_OR_GAP_03","LEVEL_3_DISCOVERY_ONLY","NOT_SOUGHT_AFTER_TITLE_METADATA_SCREEN","","","audit/phase2a1_raw_search_results/AC/PHASE2A1-SEARCH-0018_openalex_forward.json","Final title/metadata-level false-positive disposition for this bounded A–C workstream; no substantive claim is drawn from the record."
"A1AC-0254","PHASE2A1-SEARCH-0018","2026-07-31","OpenAlex","Change Detection via Affine and Quadratic Detectors","Yang Cao; Vincent Guigues; Anatoli Juditsky; Arkadi Nemirovski; Yao Xie","2016","10.48550/arxiv.1608.00524","https://openalex.org/W2504144188","A1AC-DUP-0217","FALSE_POSITIVE","NO_DIRECT_FOUNDATIONAL_FIXED_SAMPLE_COMPOSITE_TEST_OR_MINIMAX_CONVERSE_RESULT_FOR_GAP_01_OR_GAP_03","LEVEL_3_DISCOVERY_ONLY","NOT_SOUGHT_AFTER_TITLE_METADATA_SCREEN","","","audit/phase2a1_raw_search_results/AC/PHASE2A1-SEARCH-0018_openalex_forward.json","Final title/metadata-level false-positive disposition for this bounded A–C workstream; no substantive claim is drawn from the record."
"A1AC-0255","PHASE2A1-SEARCH-0018","2026-07-31","OpenAlex","Estimating linear and quadratic forms via indirect observations","Anatoli Juditsky; Arkadi Nemirovski","2020","10.3150/20-bej1200","https://openalex.org/W2560401352","A1AC-DUP-0198","DUPLICATE","DUPLICATE_OF_A1AC-0234","LEVEL_3_DISCOVERY_ONLY","NOT_APPLICABLE","","","audit/phase2a1_raw_search_results/AC/PHASE2A1-SEARCH-0018_openalex_forward.json","Duplicate prospective occurrence; the first occurrence carries the evidence decision."
"A1AC-0256","PHASE2A1-SEARCH-0018","2026-07-31","OpenAlex","Hypothesis testing via Euclidean separation","Vincent Guigues; Anatoli Juditsky; Arkadi Nemirovski","2020","10.1214/19-aihp1022","https://openalex.org/W3037745720","A1AC-DUP-0196","DUPLICATE","DUPLICATE_OF_A1AC-0232","LEVEL_3_DISCOVERY_ONLY","NOT_APPLICABLE","","","audit/phase2a1_raw_search_results/AC/PHASE2A1-SEARCH-0018_openalex_forward.json","Duplicate prospective occurrence; the first occurrence carries the evidence decision."
"A1AC-0257","PHASE2A1-SEARCH-0018","2026-07-31","OpenAlex","On polyhedral estimation of signals via indirect observations","Anatoli Juditsky; Arkadi Nemirovski","2020","10.1214/19-ejs1661","https://openalex.org/W2789722567","A1AC-DUP-0218","FALSE_POSITIVE","NO_DIRECT_FOUNDATIONAL_FIXED_SAMPLE_COMPOSITE_TEST_OR_MINIMAX_CONVERSE_RESULT_FOR_GAP_01_OR_GAP_03","LEVEL_3_DISCOVERY_ONLY","NOT_SOUGHT_AFTER_TITLE_METADATA_SCREEN","","","audit/phase2a1_raw_search_results/AC/PHASE2A1-SEARCH-0018_openalex_forward.json","Final title/metadata-level false-positive disposition for this bounded A–C workstream; no substantive claim is drawn from the record."
"A1AC-0258","PHASE2A1-SEARCH-0018","2026-07-31","OpenAlex","Hypothesis Testing via Euclidean Separation","Vincent Guigues; Anatoli Juditsky; Arkadi Nemirovski","2017","10.48550/arxiv.1705.07196","https://openalex.org/W2619234391","A1AC-DUP-0196","DUPLICATE","DUPLICATE_OF_A1AC-0232","LEVEL_3_DISCOVERY_ONLY","NOT_APPLICABLE","","","audit/phase2a1_raw_search_results/AC/PHASE2A1-SEARCH-0018_openalex_forward.json","Duplicate prospective occurrence; the first occurrence carries the evidence decision."
"A1AC-0259","PHASE2A1-SEARCH-0018","2026-07-31","OpenAlex","Aggregating estimates by convex optimization","Anatoli Juditsky; Arkadi Nemirovski","2022","10.4171/msl/30","https://openalex.org/W3185690680","A1AC-DUP-0200","DUPLICATE","DUPLICATE_OF_A1AC-0237","LEVEL_3_DISCOVERY_ONLY","NOT_APPLICABLE","","","audit/phase2a1_raw_search_results/AC/PHASE2A1-SEARCH-0018_openalex_forward.json","Duplicate prospective occurrence; the first occurrence carries the evidence decision."
"A1AC-0260","PHASE2A1-SEARCH-0018","2026-07-31","OpenAlex","Discussion of “Hypothesis testing by convex optimization”","Fabienne Comte; Céline Duval; Valentine Genon‐Catalot","2015","10.1214/15-ejs990","https://openalex.org/W1895165988","A1AC-DUP-0219","FALSE_POSITIVE","NO_DIRECT_FOUNDATIONAL_FIXED_SAMPLE_COMPOSITE_TEST_OR_MINIMAX_CONVERSE_RESULT_FOR_GAP_01_OR_GAP_03","LEVEL_3_DISCOVERY_ONLY","NOT_SOUGHT_AFTER_TITLE_METADATA_SCREEN","","","audit/phase2a1_raw_search_results/AC/PHASE2A1-SEARCH-0018_openalex_forward.json","Final title/metadata-level false-positive disposition for this bounded A–C workstream; no substantive claim is drawn from the record."
"A1AC-0261","PHASE2A1-SEARCH-0018","2026-07-31","OpenAlex","Near-optimal recovery of linear and N-convex functions on unions of convex sets","Anatoli Juditsky; Arkadi Nemirovski","2019","10.1093/imaiai/iaz011","https://openalex.org/W2795770388","A1AC-DUP-0199","DUPLICATE","DUPLICATE_OF_A1AC-0236","LEVEL_3_DISCOVERY_ONLY","NOT_APPLICABLE","","","audit/phase2a1_raw_search_results/AC/PHASE2A1-SEARCH-0018_openalex_forward.json","Duplicate prospective occurrence; the first occurrence carries the evidence decision."
"A1AC-0262","PHASE2A1-SEARCH-0018","2026-07-31","OpenAlex","Bump detection in the presence of dependency: Does it ease or does it load?","Farida Enikeeva; Axel Munk; Markus Pohlmann; Frank Werner","2020","10.3150/20-bej1226","https://openalex.org/W2950844039","A1AC-DUP-0202","DUPLICATE","DUPLICATE_OF_A1AC-0239","LEVEL_3_DISCOVERY_ONLY","NOT_APPLICABLE","","","audit/phase2a1_raw_search_results/AC/PHASE2A1-SEARCH-0018_openalex_forward.json","Duplicate prospective occurrence; the first occurrence carries the evidence decision."
"A1AC-0263","PHASE2A1-SEARCH-0018","2026-07-31","OpenAlex","On minimax detection of localized signals from indirect or correlated data","Markus Pöhlmann","2022","10.53846/goediss-9212","https://openalex.org/W4229007732","A1AC-DUP-0203","DUPLICATE","DUPLICATE_OF_A1AC-0240","LEVEL_3_DISCOVERY_ONLY","NOT_APPLICABLE","","","audit/phase2a1_raw_search_results/AC/PHASE2A1-SEARCH-0018_openalex_forward.json","Duplicate prospective occurrence; the first occurrence carries the evidence decision."
"A1AC-0264","PHASE2A1-SEARCH-0018","2026-07-31","OpenAlex","Versatile fidelity estimation with confidence","Akshay Seshadri; Martin Ringbauer; Spainhour, Jacob; Rainer Blatt; Thomas Monz; Stephen Becker","2021","10.48550/arxiv.2112.07925","https://openalex.org/W4226072952","A1AC-DUP-0220","FALSE_POSITIVE","NO_DIRECT_FOUNDATIONAL_FIXED_SAMPLE_COMPOSITE_TEST_OR_MINIMAX_CONVERSE_RESULT_FOR_GAP_01_OR_GAP_03","LEVEL_3_DISCOVERY_ONLY","NOT_SOUGHT_AFTER_TITLE_METADATA_SCREEN","","","audit/phase2a1_raw_search_results/AC/PHASE2A1-SEARCH-0018_openalex_forward.json","Final title/metadata-level false-positive disposition for this bounded A–C workstream; no substantive claim is drawn from the record."
"A1AC-0265","PHASE2A1-SEARCH-0064","2026-07-31","OpenAlex","High-Dimensional Statistics: A Non-Asymptotic Viewpoint","Martin J. Wainwright","2019","10.1017/9781108627771","https://openalex.org/W2912099989","A1AC-DUP-0221","FALSE_POSITIVE","NO_DIRECT_FOUNDATIONAL_FIXED_SAMPLE_COMPOSITE_TEST_OR_MINIMAX_CONVERSE_RESULT_FOR_GAP_01_OR_GAP_03","LEVEL_3_DISCOVERY_ONLY","NOT_SOUGHT_AFTER_TITLE_METADATA_SCREEN","","","audit/phase2a1_raw_search_results/AC/PHASE2A1-SEARCH-0064_guntuboyina_forward_openalex.json","Final title/metadata-level false-positive disposition for this bounded A–C workstream; no substantive claim is drawn from the record."
"A1AC-0266","PHASE2A1-SEARCH-0064","2026-07-31","OpenAlex","$f$ -Divergence Inequalities","Igal Sason; Sergio Verdú","2016","10.1109/tit.2016.2603151","https://openalex.org/W2518143623","A1AC-DUP-0222","FALSE_POSITIVE","NO_DIRECT_FOUNDATIONAL_FIXED_SAMPLE_COMPOSITE_TEST_OR_MINIMAX_CONVERSE_RESULT_FOR_GAP_01_OR_GAP_03","LEVEL_3_DISCOVERY_ONLY","NOT_SOUGHT_AFTER_TITLE_METADATA_SCREEN","","","audit/phase2a1_raw_search_results/AC/PHASE2A1-SEARCH-0064_guntuboyina_forward_openalex.json","Final title/metadata-level false-positive disposition for this bounded A–C workstream; no substantive claim is drawn from the record."
"A1AC-0267","PHASE2A1-SEARCH-0064","2026-07-31","OpenAlex","Divergence measures for statistical data processing—An annotated bibliography","Michèle Basseville","2012","10.1016/j.sigpro.2012.09.003","https://openalex.org/W2074959193","A1AC-DUP-0223","FALSE_POSITIVE","NO_DIRECT_FOUNDATIONAL_FIXED_SAMPLE_COMPOSITE_TEST_OR_MINIMAX_CONVERSE_RESULT_FOR_GAP_01_OR_GAP_03","LEVEL_3_DISCOVERY_ONLY","NOT_SOUGHT_AFTER_TITLE_METADATA_SCREEN","","","audit/phase2a1_raw_search_results/AC/PHASE2A1-SEARCH-0064_guntuboyina_forward_openalex.json","Final title/metadata-level false-positive disposition for this bounded A–C workstream; no substantive claim is drawn from the record."
"A1AC-0268","PHASE2A1-SEARCH-0064","2026-07-31","OpenAlex","Rate-optimal graphon estimation","Chao Gao; Yu Lu; Harrison H. Zhou","2015","10.1214/15-aos1354","https://openalex.org/W1883408324","A1AC-DUP-0224","FALSE_POSITIVE","NO_DIRECT_FOUNDATIONAL_FIXED_SAMPLE_COMPOSITE_TEST_OR_MINIMAX_CONVERSE_RESULT_FOR_GAP_01_OR_GAP_03","LEVEL_3_DISCOVERY_ONLY","NOT_SOUGHT_AFTER_TITLE_METADATA_SCREEN","","","audit/phase2a1_raw_search_results/AC/PHASE2A1-SEARCH-0064_guntuboyina_forward_openalex.json","Final title/metadata-level false-positive disposition for this bounded A–C workstream; no substantive claim is drawn from the record."
"A1AC-0269","PHASE2A1-SEARCH-0064","2026-07-31","OpenAlex","Low-Depth Gradient Measurements Can Improve Convergence in Variational Hybrid Quantum-Classical Algorithms","Aram W. Harrow; John Napp","2021","10.1103/physrevlett.126.140502","https://openalex.org/W3150000293","A1AC-DUP-0225","FALSE_POSITIVE","NO_DIRECT_FOUNDATIONAL_FIXED_SAMPLE_COMPOSITE_TEST_OR_MINIMAX_CONVERSE_RESULT_FOR_GAP_01_OR_GAP_03","LEVEL_3_DISCOVERY_ONLY","NOT_SOUGHT_AFTER_TITLE_METADATA_SCREEN","","","audit/phase2a1_raw_search_results/AC/PHASE2A1-SEARCH-0064_guntuboyina_forward_openalex.json","Final title/metadata-level false-positive disposition for this bounded A–C workstream; no substantive claim is drawn from the record."
"A1AC-0270","PHASE2A1-SEARCH-0064","2026-07-31","OpenAlex","On a Generalization of the Jensen–Shannon Divergence and the Jensen–Shannon Centroid","Frank Nielsen","2020","10.3390/e22020221","https://openalex.org/W2989824617","A1AC-DUP-0226","FALSE_POSITIVE","NO_DIRECT_FOUNDATIONAL_FIXED_SAMPLE_COMPOSITE_TEST_OR_MINIMAX_CONVERSE_RESULT_FOR_GAP_01_OR_GAP_03","LEVEL_3_DISCOVERY_ONLY","NOT_SOUGHT_AFTER_TITLE_METADATA_SCREEN","","","audit/phase2a1_raw_search_results/AC/PHASE2A1-SEARCH-0064_guntuboyina_forward_openalex.json","Final title/metadata-level false-positive disposition for this bounded A–C workstream; no substantive claim is drawn from the record."
"A1AC-0271","PHASE2A1-SEARCH-0064","2026-07-31","OpenAlex","Covering Numbers for Convex Functions","Adityanand Guntuboyina; Bodhisattva Sen","2012","10.1109/tit.2012.2235172","https://openalex.org/W2129623910","A1AC-DUP-0227","FALSE_POSITIVE","NO_DIRECT_FOUNDATIONAL_FIXED_SAMPLE_COMPOSITE_TEST_OR_MINIMAX_CONVERSE_RESULT_FOR_GAP_01_OR_GAP_03","LEVEL_3_DISCOVERY_ONLY","NOT_SOUGHT_AFTER_TITLE_METADATA_SCREEN","","","audit/phase2a1_raw_search_results/AC/PHASE2A1-SEARCH-0064_guntuboyina_forward_openalex.json","Final title/metadata-level false-positive disposition for this bounded A–C workstream; no substantive claim is drawn from the record."
"A1AC-0272","PHASE2A1-SEARCH-0064","2026-07-31","OpenAlex","High-Dimensional Statistics","Martin J. Wainwright","2019","10.1017/9781108627771","https://openalex.org/W3157752112","A1AC-DUP-0221","DUPLICATE","DUPLICATE_OF_A1AC-0265","LEVEL_3_DISCOVERY_ONLY","NOT_APPLICABLE","","","audit/phase2a1_raw_search_results/AC/PHASE2A1-SEARCH-0064_guntuboyina_forward_openalex.json","Duplicate prospective occurrence; the first occurrence carries the evidence decision."
"A1AC-0273","PHASE2A1-SEARCH-0064","2026-07-31","OpenAlex","Information-Based Complexity, Feedback and Dynamics in Convex Programming","Maxim Raginsky; Alexander Rakhlin","2011","10.1109/tit.2011.2154375","https://openalex.org/W2155192981","A1AC-DUP-0228","FALSE_POSITIVE","NO_DIRECT_FOUNDATIONAL_FIXED_SAMPLE_COMPOSITE_TEST_OR_MINIMAX_CONVERSE_RESULT_FOR_GAP_01_OR_GAP_03","LEVEL_3_DISCOVERY_ONLY","NOT_SOUGHT_AFTER_TITLE_METADATA_SCREEN","","","audit/phase2a1_raw_search_results/AC/PHASE2A1-SEARCH-0064_guntuboyina_forward_openalex.json","Final title/metadata-level false-positive disposition for this bounded A–C workstream; no substantive claim is drawn from the record."
"A1AC-0274","PHASE2A1-SEARCH-0064","2026-07-31","OpenAlex","Principal Inertia Components and Applications","Flávio P. Calmon; Ali Makhdoumi; Muriel Médard; Mayank Varia; Mark M. Christiansen; Ken R. Duffy","2017","10.1109/tit.2017.2700857","https://openalex.org/W2611269208","A1AC-DUP-0229","FALSE_POSITIVE","NO_DIRECT_FOUNDATIONAL_FIXED_SAMPLE_COMPOSITE_TEST_OR_MINIMAX_CONVERSE_RESULT_FOR_GAP_01_OR_GAP_03","LEVEL_3_DISCOVERY_ONLY","NOT_SOUGHT_AFTER_TITLE_METADATA_SCREEN","","","audit/phase2a1_raw_search_results/AC/PHASE2A1-SEARCH-0064_guntuboyina_forward_openalex.json","Final title/metadata-level false-positive disposition for this bounded A–C workstream; no substantive claim is drawn from the record."
"A1AC-0275","PHASE2A1-SEARCH-0064","2026-07-31","OpenAlex","Provable Meta-Learning of Linear Representations","Nilesh Tripuraneni; Chi Jin; Michael I. Jordan","2020","10.48550/arxiv.2002.11684","https://openalex.org/W3006977545","A1AC-DUP-0230","FALSE_POSITIVE","NO_DIRECT_FOUNDATIONAL_FIXED_SAMPLE_COMPOSITE_TEST_OR_MINIMAX_CONVERSE_RESULT_FOR_GAP_01_OR_GAP_03","LEVEL_3_DISCOVERY_ONLY","NOT_SOUGHT_AFTER_TITLE_METADATA_SCREEN","","","audit/phase2a1_raw_search_results/AC/PHASE2A1-SEARCH-0064_guntuboyina_forward_openalex.json","Final title/metadata-level false-positive disposition for this bounded A–C workstream; no substantive claim is drawn from the record."
"A1AC-0276","PHASE2A1-SEARCH-0064","2026-07-31","OpenAlex","Optimal estimation and completion of matrices with biclustering structures","Chao Gao; Yu Lu; Zongming Ma; Harrison H. Zhou","2016","https://openalex.org/W2963264888","https://openalex.org/W2963264888","A1AC-DUP-0231","FALSE_POSITIVE","NO_DIRECT_FOUNDATIONAL_FIXED_SAMPLE_COMPOSITE_TEST_OR_MINIMAX_CONVERSE_RESULT_FOR_GAP_01_OR_GAP_03","LEVEL_3_DISCOVERY_ONLY","NOT_SOUGHT_AFTER_TITLE_METADATA_SCREEN","","","audit/phase2a1_raw_search_results/AC/PHASE2A1-SEARCH-0064_guntuboyina_forward_openalex.json","Final title/metadata-level false-positive disposition for this bounded A–C workstream; no substantive claim is drawn from the record."
"A1AC-0277","PHASE2A1-SEARCH-0064","2026-07-31","OpenAlex","Distances Between Probability Distributions of Different Dimensions","Yuhang Cai; Lek‐Heng Lim","2022","10.1109/tit.2022.3148923","https://openalex.org/W3095730670","A1AC-DUP-0232","FALSE_POSITIVE","NO_DIRECT_FOUNDATIONAL_FIXED_SAMPLE_COMPOSITE_TEST_OR_MINIMAX_CONVERSE_RESULT_FOR_GAP_01_OR_GAP_03","LEVEL_3_DISCOVERY_ONLY","NOT_SOUGHT_AFTER_TITLE_METADATA_SCREEN","","","audit/phase2a1_raw_search_results/AC/PHASE2A1-SEARCH-0064_guntuboyina_forward_openalex.json","Final title/metadata-level false-positive disposition for this bounded A–C workstream; no substantive claim is drawn from the record."
"A1AC-0278","PHASE2A1-SEARCH-0064","2026-07-31","OpenAlex","Sharp Inequalities for f-divergences","Sujayam Saha; Geoffrey Schiebinger","2013","https://openalex.org/W2963971563","https://openalex.org/W2963971563","A1AC-DUP-0233","FALSE_POSITIVE","NO_DIRECT_FOUNDATIONAL_FIXED_SAMPLE_COMPOSITE_TEST_OR_MINIMAX_CONVERSE_RESULT_FOR_GAP_01_OR_GAP_03","LEVEL_3_DISCOVERY_ONLY","NOT_SOUGHT_AFTER_TITLE_METADATA_SCREEN","","","audit/phase2a1_raw_search_results/AC/PHASE2A1-SEARCH-0064_guntuboyina_forward_openalex.json","Final title/metadata-level false-positive disposition for this bounded A–C workstream; no substantive claim is drawn from the record."
"A1AC-0279","PHASE2A1-SEARCH-0064","2026-07-31","OpenAlex","Bounds on inference","Flávio P. Calmon; Mayank Varia; Muriel Médard; Mark M. Christiansen; Ken R. Duffy; Stefano Tessaro","2013","10.1109/allerton.2013.6736575","https://openalex.org/W2963966695","A1AC-DUP-0234","FALSE_POSITIVE","NO_DIRECT_FOUNDATIONAL_FIXED_SAMPLE_COMPOSITE_TEST_OR_MINIMAX_CONVERSE_RESULT_FOR_GAP_01_OR_GAP_03","LEVEL_3_DISCOVERY_ONLY","NOT_SOUGHT_AFTER_TITLE_METADATA_SCREEN","","","audit/phase2a1_raw_search_results/AC/PHASE2A1-SEARCH-0064_guntuboyina_forward_openalex.json","Final title/metadata-level false-positive disposition for this bounded A–C workstream; no substantive claim is drawn from the record."
"A1AC-0280","PHASE2A1-SEARCH-0064","2026-07-31","OpenAlex","Lower Bounds for Passive and Active Learning","Maxim Raginsky; Alexander Rakhlin","2011","https://openalex.org/W2100931509","https://openalex.org/W2100931509","A1AC-DUP-0235","FALSE_POSITIVE","NO_DIRECT_FOUNDATIONAL_FIXED_SAMPLE_COMPOSITE_TEST_OR_MINIMAX_CONVERSE_RESULT_FOR_GAP_01_OR_GAP_03","LEVEL_3_DISCOVERY_ONLY","NOT_SOUGHT_AFTER_TITLE_METADATA_SCREEN","","","audit/phase2a1_raw_search_results/AC/PHASE2A1-SEARCH-0064_guntuboyina_forward_openalex.json","Final title/metadata-level false-positive disposition for this bounded A–C workstream; no substantive claim is drawn from the record."
"A1AC-0281","PHASE2A1-SEARCH-0064","2026-07-31","OpenAlex","Optimal rates of convergence for convex set estimation from support functions","Adityanand Guntuboyina","2012","https://openalex.org/W3102610673","https://openalex.org/W3102610673","A1AC-DUP-0236","FALSE_POSITIVE","NO_DIRECT_FOUNDATIONAL_FIXED_SAMPLE_COMPOSITE_TEST_OR_MINIMAX_CONVERSE_RESULT_FOR_GAP_01_OR_GAP_03","LEVEL_3_DISCOVERY_ONLY","NOT_SOUGHT_AFTER_TITLE_METADATA_SCREEN","","","audit/phase2a1_raw_search_results/AC/PHASE2A1-SEARCH-0064_guntuboyina_forward_openalex.json","Final title/metadata-level false-positive disposition for this bounded A–C workstream; no substantive claim is drawn from the record."
"A1AC-0282","PHASE2A1-SEARCH-0064","2026-07-31","OpenAlex","Volume Ratio, Sparsity, and Minimaxity Under Unitarily Invariant Norms","Zongming Ma; Yihong Wu","2015","10.1109/tit.2015.2487541","https://openalex.org/W2134265283","A1AC-DUP-0237","FALSE_POSITIVE","NO_DIRECT_FOUNDATIONAL_FIXED_SAMPLE_COMPOSITE_TEST_OR_MINIMAX_CONVERSE_RESULT_FOR_GAP_01_OR_GAP_03","LEVEL_3_DISCOVERY_ONLY","NOT_SOUGHT_AFTER_TITLE_METADATA_SCREEN","","","audit/phase2a1_raw_search_results/AC/PHASE2A1-SEARCH-0064_guntuboyina_forward_openalex.json","Final title/metadata-level false-positive disposition for this bounded A–C workstream; no substantive claim is drawn from the record."
"A1AC-0283","PHASE2A1-SEARCH-0064","2026-07-31","OpenAlex","Optimal Estimation and Completion of Matrices with Biclustering Structures","Chao Gao; Yu Lu; Zongming Ma; Harrison H. Zhou","2015","10.48550/arxiv.1512.00150","https://openalex.org/W2266647018","A1AC-DUP-0238","FALSE_POSITIVE","NO_DIRECT_FOUNDATIONAL_FIXED_SAMPLE_COMPOSITE_TEST_OR_MINIMAX_CONVERSE_RESULT_FOR_GAP_01_OR_GAP_03","LEVEL_3_DISCOVERY_ONLY","NOT_SOUGHT_AFTER_TITLE_METADATA_SCREEN","","","audit/phase2a1_raw_search_results/AC/PHASE2A1-SEARCH-0064_guntuboyina_forward_openalex.json","Final title/metadata-level false-positive disposition for this bounded A–C workstream; no substantive claim is drawn from the record."
"A1AC-0284","PHASE2A1-SEARCH-0064","2026-07-31","OpenAlex","Divergence measures for statistical data processing","Michèle Basseville","2010","https://openalex.org/W2799698653","https://openalex.org/W2799698653","A1AC-DUP-0239","FALSE_POSITIVE","NO_DIRECT_FOUNDATIONAL_FIXED_SAMPLE_COMPOSITE_TEST_OR_MINIMAX_CONVERSE_RESULT_FOR_GAP_01_OR_GAP_03","LEVEL_3_DISCOVERY_ONLY","NOT_SOUGHT_AFTER_TITLE_METADATA_SCREEN","","","audit/phase2a1_raw_search_results/AC/PHASE2A1-SEARCH-0064_guntuboyina_forward_openalex.json","Final title/metadata-level false-positive disposition for this bounded A–C workstream; no substantive claim is drawn from the record."
"A1AC-0285","PHASE2A1-SEARCH-0064","2026-07-31","OpenAlex","Information Recovery From Pairwise Measurements","Yuxin Chen; Changho Suh; Andrea Goldsmith","2016","10.1109/tit.2016.2600566","https://openalex.org/W2963685135","A1AC-DUP-0240","FALSE_POSITIVE","NO_DIRECT_FOUNDATIONAL_FIXED_SAMPLE_COMPOSITE_TEST_OR_MINIMAX_CONVERSE_RESULT_FOR_GAP_01_OR_GAP_03","LEVEL_3_DISCOVERY_ONLY","NOT_SOUGHT_AFTER_TITLE_METADATA_SCREEN","","","audit/phase2a1_raw_search_results/AC/PHASE2A1-SEARCH-0064_guntuboyina_forward_openalex.json","Final title/metadata-level false-positive disposition for this bounded A–C workstream; no substantive claim is drawn from the record."
"A1AC-0286","PHASE2A1-SEARCH-0064","2026-07-31","OpenAlex","On Bayes risk lower bounds","Xi Chen; Adityanand Guntuboyina; Yuchen Zhang","2016","https://openalex.org/W2964171527","https://openalex.org/W2964171527","A1AC-DUP-0241","FALSE_POSITIVE","NO_DIRECT_FOUNDATIONAL_FIXED_SAMPLE_COMPOSITE_TEST_OR_MINIMAX_CONVERSE_RESULT_FOR_GAP_01_OR_GAP_03","LEVEL_3_DISCOVERY_ONLY","NOT_SOUGHT_AFTER_TITLE_METADATA_SCREEN","","","audit/phase2a1_raw_search_results/AC/PHASE2A1-SEARCH-0064_guntuboyina_forward_openalex.json","Final title/metadata-level false-positive disposition for this bounded A–C workstream; no substantive claim is drawn from the record."
"A1AC-0287","PHASE2A1-SEARCH-0064","2026-07-31","OpenAlex","Optimal rates of convergence for convex set estimation from support functions","Adityanand Guntuboyina","2012","10.1214/11-aos959","https://openalex.org/W2083565743","A1AC-DUP-0242","FALSE_POSITIVE","NO_DIRECT_FOUNDATIONAL_FIXED_SAMPLE_COMPOSITE_TEST_OR_MINIMAX_CONVERSE_RESULT_FOR_GAP_01_OR_GAP_03","LEVEL_3_DISCOVERY_ONLY","NOT_SOUGHT_AFTER_TITLE_METADATA_SCREEN","","","audit/phase2a1_raw_search_results/AC/PHASE2A1-SEARCH-0064_guntuboyina_forward_openalex.json","Final title/metadata-level false-positive disposition for this bounded A–C workstream; no substantive claim is drawn from the record."
"A1AC-0288","PHASE2A1-SEARCH-0064","2026-07-31","OpenAlex","Adaptive estimation of convex polytopes and convex sets from noisy data","Victor-Emmanuel Brunel","2013","10.1214/13-ejs804","https://openalex.org/W2083774319","A1AC-DUP-0243","FALSE_POSITIVE","NO_DIRECT_FOUNDATIONAL_FIXED_SAMPLE_COMPOSITE_TEST_OR_MINIMAX_CONVERSE_RESULT_FOR_GAP_01_OR_GAP_03","LEVEL_3_DISCOVERY_ONLY","NOT_SOUGHT_AFTER_TITLE_METADATA_SCREEN","","","audit/phase2a1_raw_search_results/AC/PHASE2A1-SEARCH-0064_guntuboyina_forward_openalex.json","Final title/metadata-level false-positive disposition for this bounded A–C workstream; no substantive claim is drawn from the record."
"A1AC-0289","PHASE2A1-SEARCH-0064","2026-07-31","OpenAlex","Basic tail and concentration bounds","Martin J. Wainwright","2019","10.1017/9781108627771.002","https://openalex.org/W2969671367","A1AC-DUP-0244","FALSE_POSITIVE","NO_DIRECT_FOUNDATIONAL_FIXED_SAMPLE_COMPOSITE_TEST_OR_MINIMAX_CONVERSE_RESULT_FOR_GAP_01_OR_GAP_03","LEVEL_3_DISCOVERY_ONLY","NOT_SOUGHT_AFTER_TITLE_METADATA_SCREEN","","","audit/phase2a1_raw_search_results/AC/PHASE2A1-SEARCH-0064_guntuboyina_forward_openalex.json","Final title/metadata-level false-positive disposition for this bounded A–C workstream; no substantive claim is drawn from the record."
"A1AC-0290","PHASE2A1-SEARCH-0069","2026-07-31","Crossref","Robust Testing for Independent Non Identically Distributed Variables and Markov Chains","Lucien Birgé","1983","10.1007/978-1-4612-5503-1_9","10.1007/978-1-4612-5503-1_9","A1AC-DUP-0245","FULL_TEXT_UNAVAILABLE","NO_LEGALLY_ACCESSIBLE_INSPECTABLE_PRIMARY_FULL_TEXT_OBTAINED_IN_BOUNDED_RETRIEVAL","LEVEL_3_DISCOVERY_ONLY","FULL_TEXT_NOT_OBTAINED_OR_NOT_INSPECTABLE","","","audit/phase2a1_raw_search_results/AC/PHASE2A1-SEARCH-0069_birge_anchor_crossref.json","Potentially relevant foundational source retained without guarantee coding; it cannot support a substantive synthesis conclusion."
"A1AC-0291","PHASE2A1-SEARCH-0069","2026-07-31","Crossref","Some remarks on the construction of independent identically distributed random variables, Markov chains and martingales","D. N. Shanbhag; M. B. Rao","1983","10.1007/bf02056919","10.1007/bf02056919","A1AC-DUP-0246","FALSE_POSITIVE","NO_DIRECT_FOUNDATIONAL_FIXED_SAMPLE_COMPOSITE_TEST_OR_MINIMAX_CONVERSE_RESULT_FOR_GAP_01_OR_GAP_03","LEVEL_3_DISCOVERY_ONLY","NOT_SOUGHT_AFTER_TITLE_METADATA_SCREEN","","","audit/phase2a1_raw_search_results/AC/PHASE2A1-SEARCH-0069_birge_anchor_crossref.json","Final title/metadata-level false-positive disposition for this bounded A–C workstream; no substantive claim is drawn from the record."
"A1AC-0292","PHASE2A1-SEARCH-0069","2026-07-31","Crossref","Some concept of Markov property of discrete order statistics arising from independent and non-identically distributed variables","Krzysztof Jasiński","2020","10.1016/j.spl.2020.108718","10.1016/j.spl.2020.108718","A1AC-DUP-0247","FALSE_POSITIVE","NO_DIRECT_FOUNDATIONAL_FIXED_SAMPLE_COMPOSITE_TEST_OR_MINIMAX_CONVERSE_RESULT_FOR_GAP_01_OR_GAP_03","LEVEL_3_DISCOVERY_ONLY","NOT_SOUGHT_AFTER_TITLE_METADATA_SCREEN","","","audit/phase2a1_raw_search_results/AC/PHASE2A1-SEARCH-0069_birge_anchor_crossref.json","Final title/metadata-level false-positive disposition for this bounded A–C workstream; no substantive claim is drawn from the record."
"A1AC-0293","PHASE2A1-SEARCH-0069","2026-07-31","Crossref","Robust Estimation in Models for Independent Non-Identically Distributed Data","Rudolf Beran","1982","10.1214/aos/1176345783","10.1214/aos/1176345783","A1AC-DUP-0248","FALSE_POSITIVE","NO_DIRECT_FOUNDATIONAL_FIXED_SAMPLE_COMPOSITE_TEST_OR_MINIMAX_CONVERSE_RESULT_FOR_GAP_01_OR_GAP_03","LEVEL_3_DISCOVERY_ONLY","NOT_SOUGHT_AFTER_TITLE_METADATA_SCREEN","","","audit/phase2a1_raw_search_results/AC/PHASE2A1-SEARCH-0069_birge_anchor_crossref.json","Final title/metadata-level false-positive disposition for this bounded A–C workstream; no substantive claim is drawn from the record."
"A1AC-0294","PHASE2A1-SEARCH-0069","2026-07-31","Crossref","On the uniform approximation of distribution functions of sums of independent non-identically distributed random variables","","1987","10.1515/9783112314227-095","10.1515/9783112314227-095","A1AC-DUP-0249","FALSE_POSITIVE","NO_DIRECT_FOUNDATIONAL_FIXED_SAMPLE_COMPOSITE_TEST_OR_MINIMAX_CONVERSE_RESULT_FOR_GAP_01_OR_GAP_03","LEVEL_3_DISCOVERY_ONLY","NOT_SOUGHT_AFTER_TITLE_METADATA_SCREEN","","","audit/phase2a1_raw_search_results/AC/PHASE2A1-SEARCH-0069_birge_anchor_crossref.json","Final title/metadata-level false-positive disposition for this bounded A–C workstream; no substantive claim is drawn from the record."
"A1AC-0295","PHASE2A1-SEARCH-0069","2026-07-31","Crossref","Independent Identically Distributed (IID) Random Variables","Konrad Jacobs","1992","10.1007/978-3-0348-8645-1_4","10.1007/978-3-0348-8645-1_4","A1AC-DUP-0250","FALSE_POSITIVE","NO_DIRECT_FOUNDATIONAL_FIXED_SAMPLE_COMPOSITE_TEST_OR_MINIMAX_CONVERSE_RESULT_FOR_GAP_01_OR_GAP_03","LEVEL_3_DISCOVERY_ONLY","NOT_SOUGHT_AFTER_TITLE_METADATA_SCREEN","","","audit/phase2a1_raw_search_results/AC/PHASE2A1-SEARCH-0069_birge_anchor_crossref.json","Final title/metadata-level false-positive disposition for this bounded A–C workstream; no substantive claim is drawn from the record."
"A1AC-0296","PHASE2A1-SEARCH-0069","2026-07-31","Crossref","Test Based on Independent, but Non‐identically Distributed Random Variables","Jürg Hüsler","1987","10.1002/bimj.4710290408","10.1002/bimj.4710290408","A1AC-DUP-0251","FALSE_POSITIVE","NO_DIRECT_FOUNDATIONAL_FIXED_SAMPLE_COMPOSITE_TEST_OR_MINIMAX_CONVERSE_RESULT_FOR_GAP_01_OR_GAP_03","LEVEL_3_DISCOVERY_ONLY","NOT_SOUGHT_AFTER_TITLE_METADATA_SCREEN","","","audit/phase2a1_raw_search_results/AC/PHASE2A1-SEARCH-0069_birge_anchor_crossref.json","Final title/metadata-level false-positive disposition for this bounded A–C workstream; no substantive claim is drawn from the record."
"A1AC-0297","PHASE2A1-SEARCH-0069","2026-07-31","Crossref","Large Deviations for the Supremum of Partial Sums of Non-Independent and Non-Identically Distributed Random Variables","Xia Wang; Xiaoya Liu","2026","10.3390/math14081322","10.3390/math14081322","A1AC-DUP-0252","FALSE_POSITIVE","NO_DIRECT_FOUNDATIONAL_FIXED_SAMPLE_COMPOSITE_TEST_OR_MINIMAX_CONVERSE_RESULT_FOR_GAP_01_OR_GAP_03","LEVEL_3_DISCOVERY_ONLY","NOT_SOUGHT_AFTER_TITLE_METADATA_SCREEN","","","audit/phase2a1_raw_search_results/AC/PHASE2A1-SEARCH-0069_birge_anchor_crossref.json","Final title/metadata-level false-positive disposition for this bounded A–C workstream; no substantive claim is drawn from the record."
"A1AC-0298","PHASE2A1-SEARCH-0069","2026-07-31","Crossref","Independent and Identically Distributed Random Variables","Janos Galambos","2023","10.1201/9781003418191-6","10.1201/9781003418191-6","A1AC-DUP-0253","FALSE_POSITIVE","NO_DIRECT_FOUNDATIONAL_FIXED_SAMPLE_COMPOSITE_TEST_OR_MINIMAX_CONVERSE_RESULT_FOR_GAP_01_OR_GAP_03","LEVEL_3_DISCOVERY_ONLY","NOT_SOUGHT_AFTER_TITLE_METADATA_SCREEN","","","audit/phase2a1_raw_search_results/AC/PHASE2A1-SEARCH-0069_birge_anchor_crossref.json","Final title/metadata-level false-positive disposition for this bounded A–C workstream; no substantive claim is drawn from the record."
"A1AC-0299","PHASE2A1-SEARCH-0069","2026-07-31","Crossref","Berry-esseen bounds for random sums of non-identically distributed random variables","; Mongkhon Tuntapthai","","10.58837/chula.the.2008.1111","10.58837/chula.the.2008.1111","A1AC-DUP-0254","FALSE_POSITIVE","NO_DIRECT_FOUNDATIONAL_FIXED_SAMPLE_COMPOSITE_TEST_OR_MINIMAX_CONVERSE_RESULT_FOR_GAP_01_OR_GAP_03","LEVEL_3_DISCOVERY_ONLY","NOT_SOUGHT_AFTER_TITLE_METADATA_SCREEN","","","audit/phase2a1_raw_search_results/AC/PHASE2A1-SEARCH-0069_birge_anchor_crossref.json","Final title/metadata-level false-positive disposition for this bounded A–C workstream; no substantive claim is drawn from the record."
"A1AC-0300","PHASE2A1-SEARCH-0069","2026-07-31","Crossref","A Hölderian FCLT for some multiparameter summation process of independent non-identically distributed random variables","Vaidotas Zemlys","2008","10.1214/ejp.v13-590","10.1214/ejp.v13-590","A1AC-DUP-0255","FALSE_POSITIVE","NO_DIRECT_FOUNDATIONAL_FIXED_SAMPLE_COMPOSITE_TEST_OR_MINIMAX_CONVERSE_RESULT_FOR_GAP_01_OR_GAP_03","LEVEL_3_DISCOVERY_ONLY","NOT_SOUGHT_AFTER_TITLE_METADATA_SCREEN","","","audit/phase2a1_raw_search_results/AC/PHASE2A1-SEARCH-0069_birge_anchor_crossref.json","Final title/metadata-level false-positive disposition for this bounded A–C workstream; no substantive claim is drawn from the record."
"A1AC-0301","PHASE2A1-SEARCH-0069","2026-07-31","Crossref","The Uniqueness of Moving Average Representations with Independent and Identically Distributed Random Variables for Non-Gaussian Stationary Time Series","David F. Findley","1986","10.2307/2336232","10.2307/2336232","A1AC-DUP-0256","FALSE_POSITIVE","NO_DIRECT_FOUNDATIONAL_FIXED_SAMPLE_COMPOSITE_TEST_OR_MINIMAX_CONVERSE_RESULT_FOR_GAP_01_OR_GAP_03","LEVEL_3_DISCOVERY_ONLY","NOT_SOUGHT_AFTER_TITLE_METADATA_SCREEN","","","audit/phase2a1_raw_search_results/AC/PHASE2A1-SEARCH-0069_birge_anchor_crossref.json","Final title/metadata-level false-positive disposition for this bounded A–C workstream; no substantive claim is drawn from the record."
"A1AC-0302","PHASE2A1-SEARCH-0069","2026-07-31","Crossref","Multivariate extremal processes generated by independent non-identically distributed random variables","Ishay Weissman","1975","10.1017/s0021900200048282","10.1017/s0021900200048282","A1AC-DUP-0257","FALSE_POSITIVE","NO_DIRECT_FOUNDATIONAL_FIXED_SAMPLE_COMPOSITE_TEST_OR_MINIMAX_CONVERSE_RESULT_FOR_GAP_01_OR_GAP_03","LEVEL_3_DISCOVERY_ONLY","NOT_SOUGHT_AFTER_TITLE_METADATA_SCREEN","","","audit/phase2a1_raw_search_results/AC/PHASE2A1-SEARCH-0069_birge_anchor_crossref.json","Final title/metadata-level false-positive disposition for this bounded A–C workstream; no substantive claim is drawn from the record."
"A1AC-0303","PHASE2A1-SEARCH-0069","2026-07-31","Crossref","Some estimates of the normal approximation for independent non-identically distributed random variables","Jonas Sunklodas","2011","10.1007/s10986-011-9108-6","10.1007/s10986-011-9108-6","A1AC-DUP-0258","FALSE_POSITIVE","NO_DIRECT_FOUNDATIONAL_FIXED_SAMPLE_COMPOSITE_TEST_OR_MINIMAX_CONVERSE_RESULT_FOR_GAP_01_OR_GAP_03","LEVEL_3_DISCOVERY_ONLY","NOT_SOUGHT_AFTER_TITLE_METADATA_SCREEN","","","audit/phase2a1_raw_search_results/AC/PHASE2A1-SEARCH-0069_birge_anchor_crossref.json","Final title/metadata-level false-positive disposition for this bounded A–C workstream; no substantive claim is drawn from the record."
"A1AC-0304","PHASE2A1-SEARCH-0069","2026-07-31","Crossref","Multivariate extremal processes generated by independent non-identically distributed random variables","Ishay Weissman","1975","10.2307/3212862","10.2307/3212862","A1AC-DUP-0259","FALSE_POSITIVE","NO_DIRECT_FOUNDATIONAL_FIXED_SAMPLE_COMPOSITE_TEST_OR_MINIMAX_CONVERSE_RESULT_FOR_GAP_01_OR_GAP_03","LEVEL_3_DISCOVERY_ONLY","NOT_SOUGHT_AFTER_TITLE_METADATA_SCREEN","","","audit/phase2a1_raw_search_results/AC/PHASE2A1-SEARCH-0069_birge_anchor_crossref.json","Final title/metadata-level false-positive disposition for this bounded A–C workstream; no substantive claim is drawn from the record."
"A1AC-0305","PHASE2A1-SEARCH-0069","2026-07-31","Crossref","Analyzing Order Statistics of Non-Identically Distributed Shifted Exponential Variables in Numerical Data","Zakeia A AlSaiary","2024","10.21275/sr241116231011","10.21275/sr241116231011","A1AC-DUP-0260","FALSE_POSITIVE","NO_DIRECT_FOUNDATIONAL_FIXED_SAMPLE_COMPOSITE_TEST_OR_MINIMAX_CONVERSE_RESULT_FOR_GAP_01_OR_GAP_03","LEVEL_3_DISCOVERY_ONLY","NOT_SOUGHT_AFTER_TITLE_METADATA_SCREEN","","","audit/phase2a1_raw_search_results/AC/PHASE2A1-SEARCH-0069_birge_anchor_crossref.json","Final title/metadata-level false-positive disposition for this bounded A–C workstream; no substantive claim is drawn from the record."
"A1AC-0306","PHASE2A1-SEARCH-0069","2026-07-31","Crossref","On Gaussian approximation in Hilbert space, non-identically distributed random variables case","","1987","10.1515/9783112313985-058","10.1515/9783112313985-058","A1AC-DUP-0261","FALSE_POSITIVE","NO_DIRECT_FOUNDATIONAL_FIXED_SAMPLE_COMPOSITE_TEST_OR_MINIMAX_CONVERSE_RESULT_FOR_GAP_01_OR_GAP_03","LEVEL_3_DISCOVERY_ONLY","NOT_SOUGHT_AFTER_TITLE_METADATA_SCREEN","","","audit/phase2a1_raw_search_results/AC/PHASE2A1-SEARCH-0069_birge_anchor_crossref.json","Final title/metadata-level false-positive disposition for this bounded A–C workstream; no substantive claim is drawn from the record."
"A1AC-0307","PHASE2A1-SEARCH-0069","2026-07-31","Crossref","25. Independent But Not Identically Distributed Random Variables","","2009","10.1137/1.9780898719017.ch25","10.1137/1.9780898719017.ch25","A1AC-DUP-0262","FALSE_POSITIVE","NO_DIRECT_FOUNDATIONAL_FIXED_SAMPLE_COMPOSITE_TEST_OR_MINIMAX_CONVERSE_RESULT_FOR_GAP_01_OR_GAP_03","LEVEL_3_DISCOVERY_ONLY","NOT_SOUGHT_AFTER_TITLE_METADATA_SCREEN","","","audit/phase2a1_raw_search_results/AC/PHASE2A1-SEARCH-0069_birge_anchor_crossref.json","Final title/metadata-level false-positive disposition for this bounded A–C workstream; no substantive claim is drawn from the record."
"A1AC-0308","PHASE2A1-SEARCH-0069","2026-07-31","Crossref","Local invariance principle for independent and identically distributed random variables","Jean-Christophe Breton; Jean-Christophe Breton; Юрий Александрович Давыдов; Yurii Aleksandrovich Davydov","2006","10.4213/tvp57","10.4213/tvp57","A1AC-DUP-0263","FALSE_POSITIVE","NO_DIRECT_FOUNDATIONAL_FIXED_SAMPLE_COMPOSITE_TEST_OR_MINIMAX_CONVERSE_RESULT_FOR_GAP_01_OR_GAP_03","LEVEL_3_DISCOVERY_ONLY","NOT_SOUGHT_AFTER_TITLE_METADATA_SCREEN","","","audit/phase2a1_raw_search_results/AC/PHASE2A1-SEARCH-0069_birge_anchor_crossref.json","Final title/metadata-level false-positive disposition for this bounded A–C workstream; no substantive claim is drawn from the record."
"A1AC-0309","PHASE2A1-SEARCH-0069","2026-07-31","Crossref","Weighted Sums of Independent Identically Distributed Random Variables","Ralf Ulbricht","1981","10.1214/aop/1176994377","10.1214/aop/1176994377","A1AC-DUP-0264","FALSE_POSITIVE","NO_DIRECT_FOUNDATIONAL_FIXED_SAMPLE_COMPOSITE_TEST_OR_MINIMAX_CONVERSE_RESULT_FOR_GAP_01_OR_GAP_03","LEVEL_3_DISCOVERY_ONLY","NOT_SOUGHT_AFTER_TITLE_METADATA_SCREEN","","","audit/phase2a1_raw_search_results/AC/PHASE2A1-SEARCH-0069_birge_anchor_crossref.json","Final title/metadata-level false-positive disposition for this bounded A–C workstream; no substantive claim is drawn from the record."
"A1AC-0310","PHASE2A1-SEARCH-0071","2026-07-31","OpenAlex","Convergence rates of posterior distributions for non-i.i.d. observations","Subhashis Ghosal; Aad van der Vaart","2007","https://openalex.org/W3104051756","https://openalex.org/W3104051756","A1AC-DUP-0265","FALSE_POSITIVE","NO_DIRECT_FOUNDATIONAL_FIXED_SAMPLE_COMPOSITE_TEST_OR_MINIMAX_CONVERSE_RESULT_FOR_GAP_01_OR_GAP_03","LEVEL_3_DISCOVERY_ONLY","NOT_SOUGHT_AFTER_TITLE_METADATA_SCREEN","","","audit/phase2a1_raw_search_results/AC/PHASE2A1-SEARCH-0071_birge_forward_openalex.json","Final title/metadata-level false-positive disposition for this bounded A–C workstream; no substantive claim is drawn from the record."
"A1AC-0311","PHASE2A1-SEARCH-0071","2026-07-31","OpenAlex","Approximation dans les espaces métriques et théorie de l’estimation","Lucien Birgé","1983","10.1007/bf00532480","https://openalex.org/W1854990296","A1AC-DUP-0266","FULL_TEXT_UNAVAILABLE","NO_LEGALLY_ACCESSIBLE_INSPECTABLE_PRIMARY_FULL_TEXT_OBTAINED_IN_BOUNDED_RETRIEVAL","LEVEL_3_DISCOVERY_ONLY","FULL_TEXT_NOT_OBTAINED_OR_NOT_INSPECTABLE","","","audit/phase2a1_raw_search_results/AC/PHASE2A1-SEARCH-0071_birge_forward_openalex.json","Potentially relevant foundational source retained without guarantee coding; it cannot support a substantive synthesis conclusion."
"A1AC-0312","PHASE2A1-SEARCH-0071","2026-07-31","OpenAlex","Convergence rates of posterior distributions for noniid observations","Subhashis Ghosal; Aad van der Vaart","2007","10.1214/009053606000001172","https://openalex.org/W2098302471","A1AC-DUP-0267","FALSE_POSITIVE","NO_DIRECT_FOUNDATIONAL_FIXED_SAMPLE_COMPOSITE_TEST_OR_MINIMAX_CONVERSE_RESULT_FOR_GAP_01_OR_GAP_03","LEVEL_3_DISCOVERY_ONLY","NOT_SOUGHT_AFTER_TITLE_METADATA_SCREEN","","","audit/phase2a1_raw_search_results/AC/PHASE2A1-SEARCH-0071_birge_forward_openalex.json","Final title/metadata-level false-positive disposition for this bounded A–C workstream; no substantive claim is drawn from the record."
"A1AC-0313","PHASE2A1-SEARCH-0071","2026-07-31","OpenAlex","Remarks on consistency of posterior distributions","Taeryon Choi; Ravi Ramamoorthi","2008","10.1214/074921708000000138","https://openalex.org/W1799424232","A1AC-DUP-0268","FALSE_POSITIVE","NO_DIRECT_FOUNDATIONAL_FIXED_SAMPLE_COMPOSITE_TEST_OR_MINIMAX_CONVERSE_RESULT_FOR_GAP_01_OR_GAP_03","LEVEL_3_DISCOVERY_ONLY","NOT_SOUGHT_AFTER_TITLE_METADATA_SCREEN","","","audit/phase2a1_raw_search_results/AC/PHASE2A1-SEARCH-0071_birge_forward_openalex.json","Final title/metadata-level false-positive disposition for this bounded A–C workstream; no substantive claim is drawn from the record."
"A1AC-0314","PHASE2A1-SEARCH-0071","2026-07-31","OpenAlex","Posterior consistency of Dirichlet mixtures for estimating a transition density","Yongqiang Tang; Subhashis Ghosal","2006","10.1016/j.jspi.2006.03.007","https://openalex.org/W2164162336","A1AC-DUP-0269","FALSE_POSITIVE","NO_DIRECT_FOUNDATIONAL_FIXED_SAMPLE_COMPOSITE_TEST_OR_MINIMAX_CONVERSE_RESULT_FOR_GAP_01_OR_GAP_03","LEVEL_3_DISCOVERY_ONLY","NOT_SOUGHT_AFTER_TITLE_METADATA_SCREEN","","","audit/phase2a1_raw_search_results/AC/PHASE2A1-SEARCH-0071_birge_forward_openalex.json","Final title/metadata-level false-positive disposition for this bounded A–C workstream; no substantive claim is drawn from the record."
"A1AC-0315","PHASE2A1-SEARCH-0071","2026-07-31","OpenAlex","Bayesian Methods for Function Estimation","Nidhan Choudhuri; Subhashis Ghosal; Anindya Roy","2005","10.1016/s0169-7161(05)25013-7","https://openalex.org/W2159605095","A1AC-DUP-0270","FALSE_POSITIVE","NO_DIRECT_FOUNDATIONAL_FIXED_SAMPLE_COMPOSITE_TEST_OR_MINIMAX_CONVERSE_RESULT_FOR_GAP_01_OR_GAP_03","LEVEL_3_DISCOVERY_ONLY","NOT_SOUGHT_AFTER_TITLE_METADATA_SCREEN","","","audit/phase2a1_raw_search_results/AC/PHASE2A1-SEARCH-0071_birge_forward_openalex.json","Final title/metadata-level false-positive disposition for this bounded A–C workstream; no substantive claim is drawn from the record."
"A1AC-0316","PHASE2A1-SEARCH-0071","2026-07-31","OpenAlex","Hypothesis testing by convex optimization","Alexander Goldenshluger; Anatoli Juditsky; Arkadi Nemirovski","2015","10.1214/15-ejs1054","https://openalex.org/W1742114735","A1AC-DUP-0036","DUPLICATE","DUPLICATE_OF_A1AC-0037","LEVEL_3_DISCOVERY_ONLY","NOT_APPLICABLE","","","audit/phase2a1_raw_search_results/AC/PHASE2A1-SEARCH-0071_birge_forward_openalex.json","Duplicate prospective occurrence; the first occurrence carries the evidence decision."
"A1AC-0317","PHASE2A1-SEARCH-0071","2026-07-31","OpenAlex","Posterior contraction in sparse generalized linear models","Seonghyun Jeong; Subhashis Ghosal","2020","10.1093/biomet/asaa074","https://openalex.org/W3086546527","A1AC-DUP-0271","FALSE_POSITIVE","NO_DIRECT_FOUNDATIONAL_FIXED_SAMPLE_COMPOSITE_TEST_OR_MINIMAX_CONVERSE_RESULT_FOR_GAP_01_OR_GAP_03","LEVEL_3_DISCOVERY_ONLY","NOT_SOUGHT_AFTER_TITLE_METADATA_SCREEN","","","audit/phase2a1_raw_search_results/AC/PHASE2A1-SEARCH-0071_birge_forward_openalex.json","Final title/metadata-level false-positive disposition for this bounded A–C workstream; no substantive claim is drawn from the record."
"A1AC-0318","PHASE2A1-SEARCH-0071","2026-07-31","OpenAlex","Nonparametric Bayesian drift estimation for multidimensional stochastic differential equations*","Shota Gugushvili; Peter Spreij","2014","10.1007/s10986-014-9232-1","https://openalex.org/W1586776066","A1AC-DUP-0272","FALSE_POSITIVE","NO_DIRECT_FOUNDATIONAL_FIXED_SAMPLE_COMPOSITE_TEST_OR_MINIMAX_CONVERSE_RESULT_FOR_GAP_01_OR_GAP_03","LEVEL_3_DISCOVERY_ONLY","NOT_SOUGHT_AFTER_TITLE_METADATA_SCREEN","","","audit/phase2a1_raw_search_results/AC/PHASE2A1-SEARCH-0071_birge_forward_openalex.json","Final title/metadata-level false-positive disposition for this bounded A–C workstream; no substantive claim is drawn from the record."
"A1AC-0319","PHASE2A1-SEARCH-0071","2026-07-31","OpenAlex","A note on Bayes factor consistency in partial linear models","Taeryon Choi; Judith Rousseau","2015","10.1016/j.jspi.2015.03.009","https://openalex.org/W2038356042","A1AC-DUP-0273","FALSE_POSITIVE","NO_DIRECT_FOUNDATIONAL_FIXED_SAMPLE_COMPOSITE_TEST_OR_MINIMAX_CONVERSE_RESULT_FOR_GAP_01_OR_GAP_03","LEVEL_3_DISCOVERY_ONLY","NOT_SOUGHT_AFTER_TITLE_METADATA_SCREEN","","","audit/phase2a1_raw_search_results/AC/PHASE2A1-SEARCH-0071_birge_forward_openalex.json","Final title/metadata-level false-positive disposition for this bounded A–C workstream; no substantive claim is drawn from the record."
"A1AC-0320","PHASE2A1-SEARCH-0071","2026-07-31","OpenAlex","On sequential hypotheses testing via convex optimization","Anatoli Juditsky; Arkadi Nemirovski","2015","10.1134/s0005117915050070","https://openalex.org/W1517588581","A1AC-DUP-0197","DUPLICATE","DUPLICATE_OF_A1AC-0233","LEVEL_3_DISCOVERY_ONLY","NOT_APPLICABLE","","","audit/phase2a1_raw_search_results/AC/PHASE2A1-SEARCH-0071_birge_forward_openalex.json","Duplicate prospective occurrence; the first occurrence carries the evidence decision."
"A1AC-0321","PHASE2A1-SEARCH-0071","2026-07-31","OpenAlex","Hypotheses testing and posterior concentration rates for semi-Markov processes","Irene Votsi; Ghislaine Gayraud; Vlad Ștefan Barbu; Nikolaos Limnios","2021","10.1007/s11203-021-09247-3","https://openalex.org/W3184208452","A1AC-DUP-0274","FALSE_POSITIVE","NO_DIRECT_FOUNDATIONAL_FIXED_SAMPLE_COMPOSITE_TEST_OR_MINIMAX_CONVERSE_RESULT_FOR_GAP_01_OR_GAP_03","LEVEL_3_DISCOVERY_ONLY","NOT_SOUGHT_AFTER_TITLE_METADATA_SCREEN","","","audit/phase2a1_raw_search_results/AC/PHASE2A1-SEARCH-0071_birge_forward_openalex.json","Final title/metadata-level false-positive disposition for this bounded A–C workstream; no substantive claim is drawn from the record."
"A1AC-0322","PHASE2A1-SEARCH-0071","2026-07-31","OpenAlex","Hypothesis testing by convex optimization","Alexander Goldenshluger; A. Juditski; Arkadi Nemirovski","2013","10.48550/arxiv.1311.6765","https://openalex.org/W2950930731","A1AC-DUP-0275","FALSE_POSITIVE","NO_DIRECT_FOUNDATIONAL_FIXED_SAMPLE_COMPOSITE_TEST_OR_MINIMAX_CONVERSE_RESULT_FOR_GAP_01_OR_GAP_03","LEVEL_3_DISCOVERY_ONLY","NOT_SOUGHT_AFTER_TITLE_METADATA_SCREEN","","","audit/phase2a1_raw_search_results/AC/PHASE2A1-SEARCH-0071_birge_forward_openalex.json","Final title/metadata-level false-positive disposition for this bounded A–C workstream; no substantive claim is drawn from the record."
"A1AC-0323","PHASE2A1-SEARCH-0071","2026-07-31","OpenAlex","PAC-Bayes Bounds on Variational Tempered Posteriors for Markov Models","Imon Banerjee","2021","10.3390/e23030313","https://openalex.org/W3134811640","A1AC-DUP-0276","FALSE_POSITIVE","NO_DIRECT_FOUNDATIONAL_FIXED_SAMPLE_COMPOSITE_TEST_OR_MINIMAX_CONVERSE_RESULT_FOR_GAP_01_OR_GAP_03","LEVEL_3_DISCOVERY_ONLY","NOT_SOUGHT_AFTER_TITLE_METADATA_SCREEN","","","audit/phase2a1_raw_search_results/AC/PHASE2A1-SEARCH-0071_birge_forward_openalex.json","Final title/metadata-level false-positive disposition for this bounded A–C workstream; no substantive claim is drawn from the record."
"A1AC-0324","PHASE2A1-SEARCH-0071","2026-07-31","OpenAlex","Bayes factor consistency in regression problems","Judith Rousseau; Choi Taeryon","2012","https://openalex.org/W1521716747","https://openalex.org/W1521716747","A1AC-DUP-0277","FALSE_POSITIVE","NO_DIRECT_FOUNDATIONAL_FIXED_SAMPLE_COMPOSITE_TEST_OR_MINIMAX_CONVERSE_RESULT_FOR_GAP_01_OR_GAP_03","LEVEL_3_DISCOVERY_ONLY","NOT_SOUGHT_AFTER_TITLE_METADATA_SCREEN","","","audit/phase2a1_raw_search_results/AC/PHASE2A1-SEARCH-0071_birge_forward_openalex.json","Final title/metadata-level false-positive disposition for this bounded A–C workstream; no substantive claim is drawn from the record."
"A1AC-0325","PHASE2A1-SEARCH-0071","2026-07-31","OpenAlex","Asymptotic frequentist coverage properties of Bayesian credible sets for sieve priors","Judith Rousseau; Botond Szabó","2020","10.1214/19-aos1881","https://openalex.org/W2784473404","A1AC-DUP-0278","FALSE_POSITIVE","NO_DIRECT_FOUNDATIONAL_FIXED_SAMPLE_COMPOSITE_TEST_OR_MINIMAX_CONVERSE_RESULT_FOR_GAP_01_OR_GAP_03","LEVEL_3_DISCOVERY_ONLY","NOT_SOUGHT_AFTER_TITLE_METADATA_SCREEN","","","audit/phase2a1_raw_search_results/AC/PHASE2A1-SEARCH-0071_birge_forward_openalex.json","Final title/metadata-level false-positive disposition for this bounded A–C workstream; no substantive claim is drawn from the record."
"A1AC-0326","PHASE2A1-SEARCH-0071","2026-07-31","OpenAlex","Asymptotic frequentist coverage properties of Bayesian credible sets for sieve priors in general settings","Judith Rousseau; Botond Szabó","2016","https://openalex.org/W2522972645","https://openalex.org/W2522972645","A1AC-DUP-0279","FALSE_POSITIVE","NO_DIRECT_FOUNDATIONAL_FIXED_SAMPLE_COMPOSITE_TEST_OR_MINIMAX_CONVERSE_RESULT_FOR_GAP_01_OR_GAP_03","LEVEL_3_DISCOVERY_ONLY","NOT_SOUGHT_AFTER_TITLE_METADATA_SCREEN","","","audit/phase2a1_raw_search_results/AC/PHASE2A1-SEARCH-0071_birge_forward_openalex.json","Final title/metadata-level false-positive disposition for this bounded A–C workstream; no substantive claim is drawn from the record."
"A1AC-0327","PHASE2A1-SEARCH-0071","2026-07-31","OpenAlex","PAC-Bayes Bounds on Variational Tempered Posteriors for Markov Models","Imon Banerjee; Vinayak Rao; Harsha Honnappa","2021","10.3390/e23030313","https://openalex.org/W3119810214","A1AC-DUP-0276","DUPLICATE","DUPLICATE_OF_A1AC-0323","LEVEL_3_DISCOVERY_ONLY","NOT_APPLICABLE","","","audit/phase2a1_raw_search_results/AC/PHASE2A1-SEARCH-0071_birge_forward_openalex.json","Duplicate prospective occurrence; the first occurrence carries the evidence decision."
"A1AC-0328","PHASE2A1-SEARCH-0071","2026-07-31","OpenAlex","Hypotheses testing and posterior concentration rates for semi-Markov processes","Vlad Ștefan Barbu; Ghislaine Gayraud; Limnios, N.; Irene Votsi","2019","10.48550/arxiv.1906.05566","https://openalex.org/W2950218890","A1AC-DUP-0280","FALSE_POSITIVE","NO_DIRECT_FOUNDATIONAL_FIXED_SAMPLE_COMPOSITE_TEST_OR_MINIMAX_CONVERSE_RESULT_FOR_GAP_01_OR_GAP_03","LEVEL_3_DISCOVERY_ONLY","NOT_SOUGHT_AFTER_TITLE_METADATA_SCREEN","","","audit/phase2a1_raw_search_results/AC/PHASE2A1-SEARCH-0071_birge_forward_openalex.json","Final title/metadata-level false-positive disposition for this bounded A–C workstream; no substantive claim is drawn from the record."
"A1AC-0329","PHASE2A1-SEARCH-0071","2026-07-31","OpenAlex","On sequential hypotheses testing via convex optimization","Anatoli Juditsky; Arkadi Nemirovski","2014","10.48550/arxiv.1412.1605","https://openalex.org/W2952046246","A1AC-DUP-0281","FALSE_POSITIVE","NO_DIRECT_FOUNDATIONAL_FIXED_SAMPLE_COMPOSITE_TEST_OR_MINIMAX_CONVERSE_RESULT_FOR_GAP_01_OR_GAP_03","LEVEL_3_DISCOVERY_ONLY","NOT_SOUGHT_AFTER_TITLE_METADATA_SCREEN","","","audit/phase2a1_raw_search_results/AC/PHASE2A1-SEARCH-0071_birge_forward_openalex.json","Final title/metadata-level false-positive disposition for this bounded A–C workstream; no substantive claim is drawn from the record."
"A1AC-0330","PHASE2A1-SEARCH-0071","2026-07-31","OpenAlex","<mml:math xmlns:mml=""http://www.w3.org/1998/Math/MathML"" altimg=""si3.svg"" display=""inline"" id=""d1e22""><mml:msub><mml:mrow><mml:mi>L</mml:mi></mml:mrow><mml:mrow><mml:mn>2</mml:mn></mml:mrow></mml:msub></mml:math>-norm posterior contraction in Gaussian models with unknown variance","Seonghyun Jeong","2025","10.1016/j.spl.2025.110495","https://openalex.org/W4412489916","A1AC-DUP-0282","FALSE_POSITIVE","NO_DIRECT_FOUNDATIONAL_FIXED_SAMPLE_COMPOSITE_TEST_OR_MINIMAX_CONVERSE_RESULT_FOR_GAP_01_OR_GAP_03","LEVEL_3_DISCOVERY_ONLY","NOT_SOUGHT_AFTER_TITLE_METADATA_SCREEN","","","audit/phase2a1_raw_search_results/AC/PHASE2A1-SEARCH-0071_birge_forward_openalex.json","Final title/metadata-level false-positive disposition for this bounded A–C workstream; no substantive claim is drawn from the record."
"A1AC-0331","PHASE2A1-SEARCH-0072","2026-07-31","OpenAlex","Lecture Notes in Mathematics","Stéphane Crépey; Olivier Guéant; David Hobson; Monique Jeanblanc; Jean‐Michel Lasry; Pierre Louis Lions","2011","https://openalex.org/W4291439952","https://openalex.org/W4291439952","A1AC-DUP-0283","FALSE_POSITIVE","NO_DIRECT_FOUNDATIONAL_FIXED_SAMPLE_COMPOSITE_TEST_OR_MINIMAX_CONVERSE_RESULT_FOR_GAP_01_OR_GAP_03","LEVEL_3_DISCOVERY_ONLY","NOT_SOUGHT_AFTER_TITLE_METADATA_SCREEN","","","audit/phase2a1_raw_search_results/AC/PHASE2A1-SEARCH-0072_birge_backward_openalex.json","Final title/metadata-level false-positive disposition for this bounded A–C workstream; no substantive claim is drawn from the record."
"A1AC-0332","PHASE2A1-SEARCH-0072","2026-07-31","OpenAlex","A Measure of Asymptotic Efficiency for Tests of a Hypothesis Based on the sum of Observations","Herman Chernoff","1952","10.1214/aoms/1177729330","https://openalex.org/W2042587503","A1AC-DUP-0284","FALSE_POSITIVE","ASYMPTOTIC_ERROR_EXPONENT_RESULT_NOT_FIXED_SAMPLE_FINITE_BOUND","LEVEL_3_DISCOVERY_ONLY","NOT_SOUGHT_AFTER_TITLE_METADATA_SCREEN","","","audit/phase2a1_raw_search_results/AC/PHASE2A1-SEARCH-0072_birge_backward_openalex.json","Final title/metadata-level false-positive disposition for this bounded A–C workstream; no substantive claim is drawn from the record."
"A1AC-0333","PHASE2A1-SEARCH-0072","2026-07-31","OpenAlex","Asymptotic evaluation of certain markov process expectations for large time, II","M. D. Donsker; S. R. S. Varadhan","1975","10.1002/cpa.3160280206","https://openalex.org/W2136144249","A1AC-DUP-0285","FALSE_POSITIVE","NO_DIRECT_FOUNDATIONAL_FIXED_SAMPLE_COMPOSITE_TEST_OR_MINIMAX_CONVERSE_RESULT_FOR_GAP_01_OR_GAP_03","LEVEL_3_DISCOVERY_ONLY","NOT_SOUGHT_AFTER_TITLE_METADATA_SCREEN","","","audit/phase2a1_raw_search_results/AC/PHASE2A1-SEARCH-0072_birge_backward_openalex.json","Final title/metadata-level false-positive disposition for this bounded A–C workstream; no substantive claim is drawn from the record."
"A1AC-0334","PHASE2A1-SEARCH-0072","2026-07-31","OpenAlex","Testing Statistical Hypotheses.","N. L. J.; E. H. Lehmann","1960","10.2307/2987419","https://openalex.org/W4300544062","A1AC-DUP-0286","FALSE_POSITIVE","NO_DIRECT_FOUNDATIONAL_FIXED_SAMPLE_COMPOSITE_TEST_OR_MINIMAX_CONVERSE_RESULT_FOR_GAP_01_OR_GAP_03","LEVEL_3_DISCOVERY_ONLY","NOT_SOUGHT_AFTER_TITLE_METADATA_SCREEN","","","audit/phase2a1_raw_search_results/AC/PHASE2A1-SEARCH-0072_birge_backward_openalex.json","Final title/metadata-level false-positive disposition for this bounded A–C workstream; no substantive claim is drawn from the record."
"A1AC-0335","PHASE2A1-SEARCH-0072","2026-07-31","OpenAlex","Asymptotic evaluation of certain markov process expectations for large time, I","M. D. Donsker; S. R. S. Varadhan","1975","10.1002/cpa.3160280102","https://openalex.org/W4243316134","A1AC-DUP-0287","FALSE_POSITIVE","NO_DIRECT_FOUNDATIONAL_FIXED_SAMPLE_COMPOSITE_TEST_OR_MINIMAX_CONVERSE_RESULT_FOR_GAP_01_OR_GAP_03","LEVEL_3_DISCOVERY_ONLY","NOT_SOUGHT_AFTER_TITLE_METADATA_SCREEN","","","audit/phase2a1_raw_search_results/AC/PHASE2A1-SEARCH-0072_birge_backward_openalex.json","Final title/metadata-level false-positive disposition for this bounded A–C workstream; no substantive claim is drawn from the record."
"A1AC-0336","PHASE2A1-SEARCH-0072","2026-07-31","OpenAlex","A Robust Version of the Probability Ratio Test","Peter J. Huber","1965","10.1214/aoms/1177699803","https://openalex.org/W2014002306","A1AC-DUP-0288","FULL_TEXT_UNAVAILABLE","NO_LEGALLY_ACCESSIBLE_INSPECTABLE_PRIMARY_FULL_TEXT_OBTAINED_IN_BOUNDED_RETRIEVAL","LEVEL_3_DISCOVERY_ONLY","FULL_TEXT_NOT_OBTAINED_OR_NOT_INSPECTABLE","","","audit/phase2a1_raw_search_results/AC/PHASE2A1-SEARCH-0072_birge_backward_openalex.json","Potentially relevant foundational source retained without guarantee coding; it cannot support a substantive synthesis conclusion."
"A1AC-0337","PHASE2A1-SEARCH-0072","2026-07-31","OpenAlex","Minimax Tests and the Neyman-Pearson Lemma for Capacities","Peter J. Huber; Volker Strassen","1973","10.1214/aos/1176342363","https://openalex.org/W2010161926","A1AC-DUP-0289","FULL_TEXT_UNAVAILABLE","NO_LEGALLY_ACCESSIBLE_INSPECTABLE_PRIMARY_FULL_TEXT_OBTAINED_IN_BOUNDED_RETRIEVAL","LEVEL_3_DISCOVERY_ONLY","FULL_TEXT_NOT_OBTAINED_OR_NOT_INSPECTABLE","","","audit/phase2a1_raw_search_results/AC/PHASE2A1-SEARCH-0072_birge_backward_openalex.json","Potentially relevant foundational source retained without guarantee coding; it cannot support a substantive synthesis conclusion."
"A1AC-0338","PHASE2A1-SEARCH-0072","2026-07-31","OpenAlex","Convergence of Estimates Under Dimensionality Restrictions","Lucien LeCam","1973","10.1214/aos/1193342380","https://openalex.org/W2004060143","A1AC-DUP-0290","FALSE_POSITIVE","NO_DIRECT_FOUNDATIONAL_FIXED_SAMPLE_COMPOSITE_TEST_OR_MINIMAX_CONVERSE_RESULT_FOR_GAP_01_OR_GAP_03","LEVEL_3_DISCOVERY_ONLY","NOT_SOUGHT_AFTER_TITLE_METADATA_SCREEN","","","audit/phase2a1_raw_search_results/AC/PHASE2A1-SEARCH-0072_birge_backward_openalex.json","Final title/metadata-level false-positive disposition for this bounded A–C workstream; no substantive claim is drawn from the record."
"A1AC-0339","PHASE2A1-SEARCH-0072","2026-07-31","OpenAlex","Approximation dans les espaces métriques et théorie de l’estimation","Lucien Birgé","1983","10.1007/bf00532480","https://openalex.org/W1854990296","A1AC-DUP-0266","DUPLICATE","DUPLICATE_OF_A1AC-0311","LEVEL_3_DISCOVERY_ONLY","NOT_APPLICABLE","","","audit/phase2a1_raw_search_results/AC/PHASE2A1-SEARCH-0072_birge_backward_openalex.json","Duplicate prospective occurrence; the first occurrence carries the evidence decision."
"A1AC-0340","PHASE2A1-SEARCH-0072","2026-07-31","OpenAlex","On the construction of least favourable pairs of distributions","F. Österreicher","1978","10.1007/bf00535275","https://openalex.org/W2147358193","A1AC-DUP-0291","FULL_TEXT_UNAVAILABLE","NO_LEGALLY_ACCESSIBLE_INSPECTABLE_PRIMARY_FULL_TEXT_OBTAINED_IN_BOUNDED_RETRIEVAL","LEVEL_3_DISCOVERY_ONLY","FULL_TEXT_NOT_OBTAINED_OR_NOT_INSPECTABLE","","","audit/phase2a1_raw_search_results/AC/PHASE2A1-SEARCH-0072_birge_backward_openalex.json","Potentially relevant foundational source retained without guarantee coding; it cannot support a substantive synthesis conclusion."
"A1AC-0341","PHASE2A1-SEARCH-0072","2026-07-31","OpenAlex","Asymptotic Methods in Statistical Decision Theory.","Lawrence D. Brown; Lucien LeCam","1988","10.2307/2288884","https://openalex.org/W4256155303","A1AC-DUP-0292","FALSE_POSITIVE","NO_DIRECT_FOUNDATIONAL_FIXED_SAMPLE_COMPOSITE_TEST_OR_MINIMAX_CONVERSE_RESULT_FOR_GAP_01_OR_GAP_03","LEVEL_3_DISCOVERY_ONLY","NOT_SOUGHT_AFTER_TITLE_METADATA_SCREEN","","","audit/phase2a1_raw_search_results/AC/PHASE2A1-SEARCH-0072_birge_backward_openalex.json","Final title/metadata-level false-positive disposition for this bounded A–C workstream; no substantive claim is drawn from the record."
"A1AC-0342","PHASE2A1-SEARCH-0072","2026-07-31","OpenAlex","Some conditions for consistency and uniform consistency of statistical procedures","Charles H. Kraft","1955","https://openalex.org/W651687795","https://openalex.org/W651687795","A1AC-DUP-0293","FULL_TEXT_UNAVAILABLE","NO_LEGALLY_ACCESSIBLE_INSPECTABLE_PRIMARY_FULL_TEXT_OBTAINED_IN_BOUNDED_RETRIEVAL","LEVEL_3_DISCOVERY_ONLY","FULL_TEXT_NOT_OBTAINED_OR_NOT_INSPECTABLE","","","audit/phase2a1_raw_search_results/AC/PHASE2A1-SEARCH-0072_birge_backward_openalex.json","Potentially relevant foundational source retained without guarantee coding; it cannot support a substantive synthesis conclusion."
"A1AC-0343","PHASE2A1-SEARCH-0072","2026-07-31","OpenAlex","Stochastic Processes and Related Topics.","Morris H. DeGroot; Madan L. Puri","1976","10.2307/2285797","https://openalex.org/W2026147187","A1AC-DUP-0294","FALSE_POSITIVE","NO_DIRECT_FOUNDATIONAL_FIXED_SAMPLE_COMPOSITE_TEST_OR_MINIMAX_CONVERSE_RESULT_FOR_GAP_01_OR_GAP_03","LEVEL_3_DISCOVERY_ONLY","NOT_SOUGHT_AFTER_TITLE_METADATA_SCREEN","","","audit/phase2a1_raw_search_results/AC/PHASE2A1-SEARCH-0072_birge_backward_openalex.json","Final title/metadata-level false-positive disposition for this bounded A–C workstream; no substantive claim is drawn from the record."
"A1AC-0344","PHASE2A1-SEARCH-0072","2026-07-31","OpenAlex","Least Favorable Pairs for Special Capacities","Helmut Rieder","1977","10.1214/aos/1176343947","https://openalex.org/W2089481664","A1AC-DUP-0295","FULL_TEXT_UNAVAILABLE","NO_LEGALLY_ACCESSIBLE_INSPECTABLE_PRIMARY_FULL_TEXT_OBTAINED_IN_BOUNDED_RETRIEVAL","LEVEL_3_DISCOVERY_ONLY","FULL_TEXT_NOT_OBTAINED_OR_NOT_INSPECTABLE","","","audit/phase2a1_raw_search_results/AC/PHASE2A1-SEARCH-0072_birge_backward_openalex.json","Potentially relevant foundational source retained without guarantee coding; it cannot support a substantive synthesis conclusion."
"A1AC-0345","PHASE2A1-SEARCH-0072","2026-07-31","OpenAlex","A Robust Asymptotic Testing Model","Helmut Rieder","1978","10.1214/aos/1176344312","https://openalex.org/W1979472169","A1AC-DUP-0296","FALSE_POSITIVE","NO_DIRECT_FOUNDATIONAL_FIXED_SAMPLE_COMPOSITE_TEST_OR_MINIMAX_CONVERSE_RESULT_FOR_GAP_01_OR_GAP_03","LEVEL_3_DISCOVERY_ONLY","NOT_SOUGHT_AFTER_TITLE_METADATA_SCREEN","","","audit/phase2a1_raw_search_results/AC/PHASE2A1-SEARCH-0072_birge_backward_openalex.json","Final title/metadata-level false-positive disposition for this bounded A–C workstream; no substantive claim is drawn from the record."
"A1AC-0346","PHASE2A1-SEARCH-0072","2026-07-31","OpenAlex","Théorie de l'inférence statistique robuste","Peter J. Huber","1969","https://openalex.org/W2095488112","https://openalex.org/W2095488112","A1AC-DUP-0297","FALSE_POSITIVE","NO_DIRECT_FOUNDATIONAL_FIXED_SAMPLE_COMPOSITE_TEST_OR_MINIMAX_CONVERSE_RESULT_FOR_GAP_01_OR_GAP_03","LEVEL_3_DISCOVERY_ONLY","NOT_SOUGHT_AFTER_TITLE_METADATA_SCREEN","","","audit/phase2a1_raw_search_results/AC/PHASE2A1-SEARCH-0072_birge_backward_openalex.json","Final title/metadata-level false-positive disposition for this bounded A–C workstream; no substantive claim is drawn from the record."
"A1AC-0347","PHASE2A1-SEARCH-0072","2026-07-31","OpenAlex","Testing Statistical Hypotheses","Magdalena Niewiadomska-Bugaj; Robert Bartoszynski","2021","10.1002/9781119243830.ch12","https://openalex.org/W2045638068","A1AC-DUP-0298","FALSE_POSITIVE","NO_DIRECT_FOUNDATIONAL_FIXED_SAMPLE_COMPOSITE_TEST_OR_MINIMAX_CONVERSE_RESULT_FOR_GAP_01_OR_GAP_03","LEVEL_3_DISCOVERY_ONLY","NOT_SOUGHT_AFTER_TITLE_METADATA_SCREEN","","","audit/phase2a1_raw_search_results/AC/PHASE2A1-SEARCH-0072_birge_backward_openalex.json","Final title/metadata-level false-positive disposition for this bounded A–C workstream; no substantive claim is drawn from the record."
"A1AC-0348","PHASE2A1-SEARCH-0072","2026-07-31","OpenAlex","On the construction of least favourable distributions","Ferdinand Österreicher","1978","10.1007/bfb0062672","https://openalex.org/W2274926543","A1AC-DUP-0299","FALSE_POSITIVE","NO_DIRECT_FOUNDATIONAL_FIXED_SAMPLE_COMPOSITE_TEST_OR_MINIMAX_CONVERSE_RESULT_FOR_GAP_01_OR_GAP_03","LEVEL_3_DISCOVERY_ONLY","NOT_SOUGHT_AFTER_TITLE_METADATA_SCREEN","","","audit/phase2a1_raw_search_results/AC/PHASE2A1-SEARCH-0072_birge_backward_openalex.json","Final title/metadata-level false-positive disposition for this bounded A–C workstream; no substantive claim is drawn from the record."
"A1AC-0349","PHASE2A1-SEARCH-0019","2026-07-31","OpenAlex backward citation","Robust Testing for Independent Non Identically Distributed Variables and Markov Chains","Lucien Birgé","1983","10.1007/978-1-4612-5503-1_9","https://openalex.org/W171842306","A1AC-DUP-0245","DUPLICATE","DUPLICATE_OF_A1AC-0290","LEVEL_3_DISCOVERY_ONLY","NOT_APPLICABLE","","","audit/phase2a1_raw_search_results/AC/PHASE2A1-SEARCH-0019_openalex_backward_metadata.json","Duplicate prospective occurrence; the first occurrence carries the evidence decision."
"A1AC-0350","PHASE2A1-SEARCH-0019","2026-07-31","OpenAlex backward citation","Deconvolution Problems in Nonparametric Statistics","Alexander Meister","2009","10.1007/978-3-540-87557-4","https://openalex.org/W366592016","A1AC-DUP-0300","FALSE_POSITIVE","NO_DIRECT_FOUNDATIONAL_FIXED_SAMPLE_COMPOSITE_TEST_OR_MINIMAX_CONVERSE_RESULT_FOR_GAP_01_OR_GAP_03","LEVEL_3_DISCOVERY_ONLY","NOT_SOUGHT_AFTER_TITLE_METADATA_SCREEN","","","audit/phase2a1_raw_search_results/AC/PHASE2A1-SEARCH-0019_openalex_backward_metadata.json","Final title/metadata-level false-positive disposition for this bounded A–C workstream; no substantive claim is drawn from the record."
"A1AC-0351","PHASE2A1-SEARCH-0019","2026-07-31","OpenAlex backward citation","Some conditions for consistency and uniform consistency of statistical procedures","Charles H. Kraft","1955","https://openalex.org/W651687795","https://openalex.org/W651687795","A1AC-DUP-0293","DUPLICATE","DUPLICATE_OF_A1AC-0342","LEVEL_3_DISCOVERY_ONLY","NOT_APPLICABLE","","","audit/phase2a1_raw_search_results/AC/PHASE2A1-SEARCH-0019_openalex_backward_metadata.json","Duplicate prospective occurrence; the first occurrence carries the evidence decision."
"A1AC-0352","PHASE2A1-SEARCH-0019","2026-07-31","OpenAlex backward citation","Discontinuous versus smooth regression","Hans‐Georg Müller; Ulrich Stadtmüller","1999","10.1214/aos/1018031113","https://openalex.org/W1495736253","A1AC-DUP-0301","FALSE_POSITIVE","NO_DIRECT_FOUNDATIONAL_FIXED_SAMPLE_COMPOSITE_TEST_OR_MINIMAX_CONVERSE_RESULT_FOR_GAP_01_OR_GAP_03","LEVEL_3_DISCOVERY_ONLY","NOT_SOUGHT_AFTER_TITLE_METADATA_SCREEN","","","audit/phase2a1_raw_search_results/AC/PHASE2A1-SEARCH-0019_openalex_backward_metadata.json","Final title/metadata-level false-positive disposition for this bounded A–C workstream; no substantive claim is drawn from the record."
"A1AC-0353","PHASE2A1-SEARCH-0019","2026-07-31","OpenAlex backward citation","Nonparametric Goodness-of-Fit Testing Under Gaussian Models","Yu. I. Ingster; Irina A. Suslina","2003","10.1007/978-0-387-21580-8","https://openalex.org/W1502103205","A1AC-DUP-0302","FALSE_POSITIVE","NO_DIRECT_FOUNDATIONAL_FIXED_SAMPLE_COMPOSITE_TEST_OR_MINIMAX_CONVERSE_RESULT_FOR_GAP_01_OR_GAP_03","LEVEL_3_DISCOVERY_ONLY","NOT_SOUGHT_AFTER_TITLE_METADATA_SCREEN","","","audit/phase2a1_raw_search_results/AC/PHASE2A1-SEARCH-0019_openalex_backward_metadata.json","Final title/metadata-level false-positive disposition for this bounded A–C workstream; no substantive claim is drawn from the record."
"A1AC-0354","PHASE2A1-SEARCH-0019","2026-07-31","OpenAlex backward citation","Asymptotic Methods in Statistical Decision Theory","Lucien Le Cam","1986","10.1007/978-1-4612-4946-7","https://openalex.org/W1535258871","A1AC-DUP-0303","FALSE_POSITIVE","NO_DIRECT_FOUNDATIONAL_FIXED_SAMPLE_COMPOSITE_TEST_OR_MINIMAX_CONVERSE_RESULT_FOR_GAP_01_OR_GAP_03","LEVEL_3_DISCOVERY_ONLY","NOT_SOUGHT_AFTER_TITLE_METADATA_SCREEN","","","audit/phase2a1_raw_search_results/AC/PHASE2A1-SEARCH-0019_openalex_backward_metadata.json","Final title/metadata-level false-positive disposition for this bounded A–C workstream; no substantive claim is drawn from the record."
"A1AC-0355","PHASE2A1-SEARCH-0019","2026-07-31","OpenAlex backward citation","Robust tests for model selection","Lucien Birgé","2013","10.1214/12-imscoll905","https://openalex.org/W1540379030","A1AC-DUP-0304","FULL_TEXT_UNAVAILABLE","NO_LEGALLY_ACCESSIBLE_INSPECTABLE_PRIMARY_FULL_TEXT_OBTAINED_IN_BOUNDED_RETRIEVAL","LEVEL_3_DISCOVERY_ONLY","FULL_TEXT_NOT_OBTAINED_OR_NOT_INSPECTABLE","","","audit/phase2a1_raw_search_results/AC/PHASE2A1-SEARCH-0019_openalex_backward_metadata.json","Potentially relevant foundational source retained without guarantee coding; it cannot support a substantive synthesis conclusion."
"A1AC-0356","PHASE2A1-SEARCH-0019","2026-07-31","OpenAlex backward citation","Lectures on modern convex optimization analysis, algorithms, and engineering applications. - Includes index","Aharon Ben‐Tal; Arkadi Nemirovski","2001","10.1137/1.9780898718829","https://openalex.org/W1568307856","A1AC-DUP-0305","FALSE_POSITIVE","NO_DIRECT_FOUNDATIONAL_FIXED_SAMPLE_COMPOSITE_TEST_OR_MINIMAX_CONVERSE_RESULT_FOR_GAP_01_OR_GAP_03","LEVEL_3_DISCOVERY_ONLY","NOT_SOUGHT_AFTER_TITLE_METADATA_SCREEN","","","audit/phase2a1_raw_search_results/AC/PHASE2A1-SEARCH-0019_openalex_backward_metadata.json","Final title/metadata-level false-positive disposition for this bounded A–C workstream; no substantive claim is drawn from the record."
"A1AC-0357","PHASE2A1-SEARCH-0019","2026-07-31","OpenAlex backward citation","Approximation dans les espaces métriques et théorie de l’estimation","Lucien Birgé","1983","10.1007/bf00532480","https://openalex.org/W1854990296","A1AC-DUP-0266","DUPLICATE","DUPLICATE_OF_A1AC-0311","LEVEL_3_DISCOVERY_ONLY","NOT_APPLICABLE","","","audit/phase2a1_raw_search_results/AC/PHASE2A1-SEARCH-0019_openalex_backward_metadata.json","Duplicate prospective occurrence; the first occurrence carries the evidence decision."
"A1AC-0358","PHASE2A1-SEARCH-0019","2026-07-31","OpenAlex backward citation","Optimale Tests und ungünstigste Verteilungen","Olaf Krafft; Hermann Witting","1967","10.1007/bf01844447","https://openalex.org/W1964975376","A1AC-DUP-0306","FULL_TEXT_UNAVAILABLE","NO_LEGALLY_ACCESSIBLE_INSPECTABLE_PRIMARY_FULL_TEXT_OBTAINED_IN_BOUNDED_RETRIEVAL","LEVEL_3_DISCOVERY_ONLY","FULL_TEXT_NOT_OBTAINED_OR_NOT_INSPECTABLE","","","audit/phase2a1_raw_search_results/AC/PHASE2A1-SEARCH-0019_openalex_backward_metadata.json","Potentially relevant foundational source retained without guarantee coding; it cannot support a substantive synthesis conclusion."
"A1AC-0359","PHASE2A1-SEARCH-0019","2026-07-31","OpenAlex backward citation","Nonparametric estimation by convex programming","Anatoli B. Juditsky; Arkadi S. Nemirovski","2009","10.1214/08-aos654","https://openalex.org/W1966390919","A1AC-DUP-0307","FALSE_POSITIVE","NO_DIRECT_FOUNDATIONAL_FIXED_SAMPLE_COMPOSITE_TEST_OR_MINIMAX_CONVERSE_RESULT_FOR_GAP_01_OR_GAP_03","LEVEL_3_DISCOVERY_ONLY","NOT_SOUGHT_AFTER_TITLE_METADATA_SCREEN","","","audit/phase2a1_raw_search_results/AC/PHASE2A1-SEARCH-0019_openalex_backward_metadata.json","Final title/metadata-level false-positive disposition for this bounded A–C workstream; no substantive claim is drawn from the record."
"A1AC-0360","PHASE2A1-SEARCH-0019","2026-07-31","OpenAlex backward citation","Observing Interaction: An Introduction to Sequential Analysis","Victor L. Willson; Roger Bakeman; John M. Gottman","1988","10.2307/1164658","https://openalex.org/W1972034440","A1AC-DUP-0308","FALSE_POSITIVE","NO_DIRECT_FOUNDATIONAL_FIXED_SAMPLE_COMPOSITE_TEST_OR_MINIMAX_CONVERSE_RESULT_FOR_GAP_01_OR_GAP_03","LEVEL_3_DISCOVERY_ONLY","NOT_SOUGHT_AFTER_TITLE_METADATA_SCREEN","","","audit/phase2a1_raw_search_results/AC/PHASE2A1-SEARCH-0019_openalex_backward_metadata.json","Final title/metadata-level false-positive disposition for this bounded A–C workstream; no substantive claim is drawn from the record."
"A1AC-0361","PHASE2A1-SEARCH-0019","2026-07-31","OpenAlex backward citation","Statistical Estimation and Optimal Recovery","David L. Donoho","1994","10.1214/aos/1176325367","https://openalex.org/W1974231626","A1AC-DUP-0309","FALSE_POSITIVE","NO_DIRECT_FOUNDATIONAL_FIXED_SAMPLE_COMPOSITE_TEST_OR_MINIMAX_CONVERSE_RESULT_FOR_GAP_01_OR_GAP_03","LEVEL_3_DISCOVERY_ONLY","NOT_SOUGHT_AFTER_TITLE_METADATA_SCREEN","","","audit/phase2a1_raw_search_results/AC/PHASE2A1-SEARCH-0019_openalex_backward_metadata.json","Final title/metadata-level false-positive disposition for this bounded A–C workstream; no substantive claim is drawn from the record."
"A1AC-0362","PHASE2A1-SEARCH-0019","2026-07-31","OpenAlex backward citation","On the Existence of Least Favorable Distributions","E. L. Lehmann","2011","10.1007/978-1-4614-1412-4_7","https://openalex.org/W1980856955","A1AC-DUP-0310","FALSE_POSITIVE","NO_DIRECT_FOUNDATIONAL_FIXED_SAMPLE_COMPOSITE_TEST_OR_MINIMAX_CONVERSE_RESULT_FOR_GAP_01_OR_GAP_03","LEVEL_3_DISCOVERY_ONLY","NOT_SOUGHT_AFTER_TITLE_METADATA_SCREEN","","","audit/phase2a1_raw_search_results/AC/PHASE2A1-SEARCH-0019_openalex_backward_metadata.json","Final title/metadata-level false-positive disposition for this bounded A–C workstream; no substantive claim is drawn from the record."
"A1AC-0363","PHASE2A1-SEARCH-0019","2026-07-31","OpenAlex backward citation","Detecting changes in signals and systems—A survey","Michèle Basseville","1988","10.1016/0005-1098(88)90073-8","https://openalex.org/W1985995825","A1AC-DUP-0311","FALSE_POSITIVE","NO_DIRECT_FOUNDATIONAL_FIXED_SAMPLE_COMPOSITE_TEST_OR_MINIMAX_CONVERSE_RESULT_FOR_GAP_01_OR_GAP_03","LEVEL_3_DISCOVERY_ONLY","NOT_SOUGHT_AFTER_TITLE_METADATA_SCREEN","","","audit/phase2a1_raw_search_results/AC/PHASE2A1-SEARCH-0019_openalex_backward_metadata.json","Final title/metadata-level false-positive disposition for this bounded A–C workstream; no substantive claim is drawn from the record."
"A1AC-0364","PHASE2A1-SEARCH-0019","2026-07-31","OpenAlex backward citation","Fourier Methods for Estimating Mixing Densities and Distributions","Cun‐Hui Zhang","1990","10.1214/aos/1176347627","https://openalex.org/W1995182310","A1AC-DUP-0312","FALSE_POSITIVE","NO_DIRECT_FOUNDATIONAL_FIXED_SAMPLE_COMPOSITE_TEST_OR_MINIMAX_CONVERSE_RESULT_FOR_GAP_01_OR_GAP_03","LEVEL_3_DISCOVERY_ONLY","NOT_SOUGHT_AFTER_TITLE_METADATA_SCREEN","","","audit/phase2a1_raw_search_results/AC/PHASE2A1-SEARCH-0019_openalex_backward_metadata.json","Final title/metadata-level false-positive disposition for this bounded A–C workstream; no substantive claim is drawn from the record."
"A1AC-0365","PHASE2A1-SEARCH-0019","2026-07-31","OpenAlex backward citation","On Nonparametric Estimation of the Value of a Linear Functional in Gaussian White Noise","И. А. Ибрагимов; R. Z. Khas’minskiĭ","1985","10.1137/1129002","https://openalex.org/W1995680507","A1AC-DUP-0313","FALSE_POSITIVE","NO_DIRECT_FOUNDATIONAL_FIXED_SAMPLE_COMPOSITE_TEST_OR_MINIMAX_CONVERSE_RESULT_FOR_GAP_01_OR_GAP_03","LEVEL_3_DISCOVERY_ONLY","NOT_SOUGHT_AFTER_TITLE_METADATA_SCREEN","","","audit/phase2a1_raw_search_results/AC/PHASE2A1-SEARCH-0019_openalex_backward_metadata.json","Final title/metadata-level false-positive disposition for this bounded A–C workstream; no substantive claim is drawn from the record."
"A1AC-0366","PHASE2A1-SEARCH-0019","2026-07-31","OpenAlex backward citation","Binary Experiments, Minimax Tests and 2-Alternating Capacities","Tadeusz Bednarski","1982","10.1214/aos/1176345705","https://openalex.org/W1998553180","A1AC-DUP-0314","FULL_TEXT_UNAVAILABLE","NO_LEGALLY_ACCESSIBLE_INSPECTABLE_PRIMARY_FULL_TEXT_OBTAINED_IN_BOUNDED_RETRIEVAL","LEVEL_3_DISCOVERY_ONLY","FULL_TEXT_NOT_OBTAINED_OR_NOT_INSPECTABLE","","","audit/phase2a1_raw_search_results/AC/PHASE2A1-SEARCH-0019_openalex_backward_metadata.json","Potentially relevant foundational source retained without guarantee coding; it cannot support a substantive synthesis conclusion."
"A1AC-0367","PHASE2A1-SEARCH-0019","2026-07-31","OpenAlex backward citation","Sequential Analysis and Optimal Design","Herman Chernoff","1972","10.1137/1.9781611970593","https://openalex.org/W2002844873","A1AC-DUP-0315","FALSE_POSITIVE","NO_DIRECT_FOUNDATIONAL_FIXED_SAMPLE_COMPOSITE_TEST_OR_MINIMAX_CONVERSE_RESULT_FOR_GAP_01_OR_GAP_03","LEVEL_3_DISCOVERY_ONLY","NOT_SOUGHT_AFTER_TITLE_METADATA_SCREEN","","","audit/phase2a1_raw_search_results/AC/PHASE2A1-SEARCH-0019_openalex_backward_metadata.json","Final title/metadata-level false-positive disposition for this bounded A–C workstream; no substantive claim is drawn from the record."
"A1AC-0368","PHASE2A1-SEARCH-0019","2026-07-31","OpenAlex backward citation","Convergence of Estimates Under Dimensionality Restrictions","Lucien LeCam","1973","10.1214/aos/1193342380","https://openalex.org/W2004060143","A1AC-DUP-0290","DUPLICATE","DUPLICATE_OF_A1AC-0338","LEVEL_3_DISCOVERY_ONLY","NOT_APPLICABLE","","","audit/phase2a1_raw_search_results/AC/PHASE2A1-SEARCH-0019_openalex_backward_metadata.json","Duplicate prospective occurrence; the first occurrence carries the evidence decision."
"A1AC-0369","PHASE2A1-SEARCH-0019","2026-07-31","OpenAlex backward citation","Note: Correction to Minimax Tests and the Neyman-Pearson Lemma for Capacities","Peter J. Huber; Volker Strassen","1974","10.1214/aos/1176342630","https://openalex.org/W2009052935","A1AC-DUP-0316","FALSE_POSITIVE","NO_DIRECT_FOUNDATIONAL_FIXED_SAMPLE_COMPOSITE_TEST_OR_MINIMAX_CONVERSE_RESULT_FOR_GAP_01_OR_GAP_03","LEVEL_3_DISCOVERY_ONLY","NOT_SOUGHT_AFTER_TITLE_METADATA_SCREEN","","","audit/phase2a1_raw_search_results/AC/PHASE2A1-SEARCH-0019_openalex_backward_metadata.json","Final title/metadata-level false-positive disposition for this bounded A–C workstream; no substantive claim is drawn from the record."
"A1AC-0370","PHASE2A1-SEARCH-0019","2026-07-31","OpenAlex backward citation","Minimax Tests and the Neyman-Pearson Lemma for Capacities","Peter J. Huber; Volker Strassen","1973","10.1214/aos/1176342363","https://openalex.org/W2010161926","A1AC-DUP-0289","DUPLICATE","DUPLICATE_OF_A1AC-0337","LEVEL_3_DISCOVERY_ONLY","NOT_APPLICABLE","","","audit/phase2a1_raw_search_results/AC/PHASE2A1-SEARCH-0019_openalex_backward_metadata.json","Duplicate prospective occurrence; the first occurrence carries the evidence decision."
"A1AC-0371","PHASE2A1-SEARCH-0019","2026-07-31","OpenAlex backward citation","Jump and sharp cusp detection by wavelets","Yazhen Wang","1995","10.1093/biomet/82.2.385","https://openalex.org/W2010337369","A1AC-DUP-0317","FALSE_POSITIVE","NO_DIRECT_FOUNDATIONAL_FIXED_SAMPLE_COMPOSITE_TEST_OR_MINIMAX_CONVERSE_RESULT_FOR_GAP_01_OR_GAP_03","LEVEL_3_DISCOVERY_ONLY","NOT_SOUGHT_AFTER_TITLE_METADATA_SCREEN","","","audit/phase2a1_raw_search_results/AC/PHASE2A1-SEARCH-0019_openalex_backward_metadata.json","Final title/metadata-level false-positive disposition for this bounded A–C workstream; no substantive claim is drawn from the record."
"A1AC-0372","PHASE2A1-SEARCH-0019","2026-07-31","OpenAlex backward citation","A Robust Version of the Probability Ratio Test","Peter J. Huber","1965","10.1214/aoms/1177699803","https://openalex.org/W2014002306","A1AC-DUP-0288","DUPLICATE","DUPLICATE_OF_A1AC-0336","LEVEL_3_DISCOVERY_ONLY","NOT_APPLICABLE","","","audit/phase2a1_raw_search_results/AC/PHASE2A1-SEARCH-0019_openalex_backward_metadata.json","Duplicate prospective occurrence; the first occurrence carries the evidence decision."
"A1AC-0373","PHASE2A1-SEARCH-0019","2026-07-31","OpenAlex backward citation","Detection of the number, locations and magnitudes of jumps","Yunjian Yin","1988","10.1080/15326348808807089","https://openalex.org/W2021493583","A1AC-DUP-0318","FALSE_POSITIVE","NO_DIRECT_FOUNDATIONAL_FIXED_SAMPLE_COMPOSITE_TEST_OR_MINIMAX_CONVERSE_RESULT_FOR_GAP_01_OR_GAP_03","LEVEL_3_DISCOVERY_ONLY","NOT_SOUGHT_AFTER_TITLE_METADATA_SCREEN","","","audit/phase2a1_raw_search_results/AC/PHASE2A1-SEARCH-0019_openalex_backward_metadata.json","Final title/metadata-level false-positive disposition for this bounded A–C workstream; no substantive claim is drawn from the record."
"A1AC-0374","PHASE2A1-SEARCH-0019","2026-07-31","OpenAlex backward citation","On the impact of robust statistics on imprecise probability models: A review","Thomas Augustin; Robert Hable","2010","10.1016/j.strusafe.2010.06.002","https://openalex.org/W2024990090","A1AC-DUP-0319","FALSE_POSITIVE","NO_DIRECT_FOUNDATIONAL_FIXED_SAMPLE_COMPOSITE_TEST_OR_MINIMAX_CONVERSE_RESULT_FOR_GAP_01_OR_GAP_03","LEVEL_3_DISCOVERY_ONLY","NOT_SOUGHT_AFTER_TITLE_METADATA_SCREEN","","","audit/phase2a1_raw_search_results/AC/PHASE2A1-SEARCH-0019_openalex_backward_metadata.json","Final title/metadata-level false-positive disposition for this bounded A–C workstream; no substantive claim is drawn from the record."
"A1AC-0375","PHASE2A1-SEARCH-0019","2026-07-31","OpenAlex backward citation","A Consistent Estimator of a Component of a Convolution","William R. Gaffey","1959","10.1214/aoms/1177706375","https://openalex.org/W2025277083","A1AC-DUP-0320","FALSE_POSITIVE","NO_DIRECT_FOUNDATIONAL_FIXED_SAMPLE_COMPOSITE_TEST_OR_MINIMAX_CONVERSE_RESULT_FOR_GAP_01_OR_GAP_03","LEVEL_3_DISCOVERY_ONLY","NOT_SOUGHT_AFTER_TITLE_METADATA_SCREEN","","","audit/phase2a1_raw_search_results/AC/PHASE2A1-SEARCH-0019_openalex_backward_metadata.json","Final title/metadata-level false-positive disposition for this bounded A–C workstream; no substantive claim is drawn from the record."
"A1AC-0376","PHASE2A1-SEARCH-0019","2026-07-31","OpenAlex backward citation","Asymptotically Optimal Quickest Change Detection in Distributed Sensor Systems","Alexander G. Tartakovsky; Venugopal V. Veeravalli","2008","10.1080/07474940802446236","https://openalex.org/W2027237053","A1AC-DUP-0321","FALSE_POSITIVE","NO_DIRECT_FOUNDATIONAL_FIXED_SAMPLE_COMPOSITE_TEST_OR_MINIMAX_CONVERSE_RESULT_FOR_GAP_01_OR_GAP_03","LEVEL_3_DISCOVERY_ONLY","NOT_SOUGHT_AFTER_TITLE_METADATA_SCREEN","","","audit/phase2a1_raw_search_results/AC/PHASE2A1-SEARCH-0019_openalex_backward_metadata.json","Final title/metadata-level false-positive disposition for this bounded A–C workstream; no substantive claim is drawn from the record."
"A1AC-0377","PHASE2A1-SEARCH-0019","2026-07-31","OpenAlex backward citation","On deconvolution of distribution functions","Itai Dattner; Alexander Goldenshluger; Anatoli Juditsky","2011","10.1214/11-aos907","https://openalex.org/W2030372153","A1AC-DUP-0322","FALSE_POSITIVE","NO_DIRECT_FOUNDATIONAL_FIXED_SAMPLE_COMPOSITE_TEST_OR_MINIMAX_CONVERSE_RESULT_FOR_GAP_01_OR_GAP_03","LEVEL_3_DISCOVERY_ONLY","NOT_SOUGHT_AFTER_TITLE_METADATA_SCREEN","","","audit/phase2a1_raw_search_results/AC/PHASE2A1-SEARCH-0019_openalex_backward_metadata.json","Final title/metadata-level false-positive disposition for this bounded A–C workstream; no substantive claim is drawn from the record."
"A1AC-0378","PHASE2A1-SEARCH-0019","2026-07-31","OpenAlex backward citation","A Measure of Asymptotic Efficiency for Tests of a Hypothesis Based on the sum of Observations","Herman Chernoff","1952","10.1214/aoms/1177729330","https://openalex.org/W2042587503","A1AC-DUP-0284","DUPLICATE","DUPLICATE_OF_A1AC-0332","LEVEL_3_DISCOVERY_ONLY","NOT_APPLICABLE","","","audit/phase2a1_raw_search_results/AC/PHASE2A1-SEARCH-0019_openalex_backward_metadata.json","Duplicate prospective occurrence; the first occurrence carries the evidence decision."
"A1AC-0379","PHASE2A1-SEARCH-0019","2026-07-31","OpenAlex backward citation","Detection of Abrupt Changes: Theory and Application","Kurt S. Riedel","1994","10.1080/00401706.1994.10485821","https://openalex.org/W2044535354","A1AC-DUP-0323","FALSE_POSITIVE","NO_DIRECT_FOUNDATIONAL_FIXED_SAMPLE_COMPOSITE_TEST_OR_MINIMAX_CONVERSE_RESULT_FOR_GAP_01_OR_GAP_03","LEVEL_3_DISCOVERY_ONLY","NOT_SOUGHT_AFTER_TITLE_METADATA_SCREEN","","","audit/phase2a1_raw_search_results/AC/PHASE2A1-SEARCH-0019_openalex_backward_metadata.json","Final title/metadata-level false-positive disposition for this bounded A–C workstream; no substantive claim is drawn from the record."
"A1AC-0380","PHASE2A1-SEARCH-0019","2026-07-31","OpenAlex backward citation","Estimation of Linear Functionals in Gaussian Noise","И. А. Ибрагимов; R. Z. Khas’minskiĭ","1988","10.1137/1132002","https://openalex.org/W2045253778","A1AC-DUP-0324","FALSE_POSITIVE","NO_DIRECT_FOUNDATIONAL_FIXED_SAMPLE_COMPOSITE_TEST_OR_MINIMAX_CONVERSE_RESULT_FOR_GAP_01_OR_GAP_03","LEVEL_3_DISCOVERY_ONLY","NOT_SOUGHT_AFTER_TITLE_METADATA_SCREEN","","","audit/phase2a1_raw_search_results/AC/PHASE2A1-SEARCH-0019_openalex_backward_metadata.json","Final title/metadata-level false-positive disposition for this bounded A–C workstream; no substantive claim is drawn from the record."
"A1AC-0381","PHASE2A1-SEARCH-0019","2026-07-31","OpenAlex backward citation","Model selection via testing: an alternative to (penalized) maximum likelihood estimators","Lucien Birgé","2005","10.1016/j.anihpb.2005.04.004","https://openalex.org/W2050159069","A1AC-DUP-0325","FULL_TEXT_UNAVAILABLE","NO_LEGALLY_ACCESSIBLE_INSPECTABLE_PRIMARY_FULL_TEXT_OBTAINED_IN_BOUNDED_RETRIEVAL","LEVEL_3_DISCOVERY_ONLY","FULL_TEXT_NOT_OBTAINED_OR_NOT_INSPECTABLE","","","audit/phase2a1_raw_search_results/AC/PHASE2A1-SEARCH-0019_openalex_backward_metadata.json","Potentially relevant foundational source retained without guarantee coding; it cannot support a substantive synthesis conclusion."
"A1AC-0382","PHASE2A1-SEARCH-0019","2026-07-31","OpenAlex backward citation","Discrimination of hypotheses for Gaussian measures, and a geometrical characterization of Gaussian distribution","M. V. Burnashev","1982","10.1007/bf01152385","https://openalex.org/W2051144220","A1AC-DUP-0326","FULL_TEXT_UNAVAILABLE","NO_LEGALLY_ACCESSIBLE_INSPECTABLE_PRIMARY_FULL_TEXT_OBTAINED_IN_BOUNDED_RETRIEVAL","LEVEL_3_DISCOVERY_ONLY","FULL_TEXT_NOT_OBTAINED_OR_NOT_INSPECTABLE","","","audit/phase2a1_raw_search_results/AC/PHASE2A1-SEARCH-0019_openalex_backward_metadata.json","Potentially relevant foundational source retained without guarantee coding; it cannot support a substantive synthesis conclusion."
"A1AC-0383","PHASE2A1-SEARCH-0019","2026-07-31","OpenAlex backward citation","On the Huber-Strassen theorem","Andreas Buja","1986","10.1007/bf01845998","https://openalex.org/W2053047168","A1AC-DUP-0327","FULL_TEXT_UNAVAILABLE","NO_LEGALLY_ACCESSIBLE_INSPECTABLE_PRIMARY_FULL_TEXT_OBTAINED_IN_BOUNDED_RETRIEVAL","LEVEL_3_DISCOVERY_ONLY","FULL_TEXT_NOT_OBTAINED_OR_NOT_INSPECTABLE","","","audit/phase2a1_raw_search_results/AC/PHASE2A1-SEARCH-0019_openalex_backward_metadata.json","Potentially relevant foundational source retained without guarantee coding; it cannot support a substantive synthesis conclusion."
"A1AC-0384","PHASE2A1-SEARCH-0019","2026-07-31","OpenAlex backward citation","On the Optimal Rates of Convergence for Nonparametric Deconvolution Problems","Jianqing Fan","1991","10.1214/aos/1176348248","https://openalex.org/W2067994512","A1AC-DUP-0328","FALSE_POSITIVE","NO_DIRECT_FOUNDATIONAL_FIXED_SAMPLE_COMPOSITE_TEST_OR_MINIMAX_CONVERSE_RESULT_FOR_GAP_01_OR_GAP_03","LEVEL_3_DISCOVERY_ONLY","NOT_SOUGHT_AFTER_TITLE_METADATA_SCREEN","","","audit/phase2a1_raw_search_results/AC/PHASE2A1-SEARCH-0019_openalex_backward_metadata.json","Final title/metadata-level false-positive disposition for this bounded A–C workstream; no substantive claim is drawn from the record."
"A1AC-0385","PHASE2A1-SEARCH-0019","2026-07-31","OpenAlex backward citation","Detecting Abrupt Changes by Wavelet Methods","Anestis Antoniadis; Irène Gijbels","2002","10.1080/10485250211396","https://openalex.org/W2069150330","A1AC-DUP-0329","FALSE_POSITIVE","NO_DIRECT_FOUNDATIONAL_FIXED_SAMPLE_COMPOSITE_TEST_OR_MINIMAX_CONVERSE_RESULT_FOR_GAP_01_OR_GAP_03","LEVEL_3_DISCOVERY_ONLY","NOT_SOUGHT_AFTER_TITLE_METADATA_SCREEN","","","audit/phase2a1_raw_search_results/AC/PHASE2A1-SEARCH-0019_openalex_backward_metadata.json","Final title/metadata-level false-positive disposition for this bounded A–C workstream; no substantive claim is drawn from the record."
"A1AC-0386","PHASE2A1-SEARCH-0019","2026-07-31","OpenAlex backward citation","Geometrizing Rates of Convergence, II","David L. Donoho; Richard C. Liu","1991","10.1214/aos/1176348114","https://openalex.org/W2070086983","A1AC-DUP-0330","FALSE_POSITIVE","NO_DIRECT_FOUNDATIONAL_FIXED_SAMPLE_COMPOSITE_TEST_OR_MINIMAX_CONVERSE_RESULT_FOR_GAP_01_OR_GAP_03","LEVEL_3_DISCOVERY_ONLY","NOT_SOUGHT_AFTER_TITLE_METADATA_SCREEN","","","audit/phase2a1_raw_search_results/AC/PHASE2A1-SEARCH-0019_openalex_backward_metadata.json","Final title/metadata-level false-positive disposition for this bounded A–C workstream; no substantive claim is drawn from the record."
"A1AC-0387","PHASE2A1-SEARCH-0019","2026-07-31","OpenAlex backward citation","On the Minimax Detection of an Inaccurately Known Signal in a White Gaussian Noise Background","M. V. Burnashev","1979","10.1137/1124008","https://openalex.org/W2074054353","A1AC-DUP-0331","FULL_TEXT_UNAVAILABLE","NO_LEGALLY_ACCESSIBLE_INSPECTABLE_PRIMARY_FULL_TEXT_OBTAINED_IN_BOUNDED_RETRIEVAL","LEVEL_3_DISCOVERY_ONLY","FULL_TEXT_NOT_OBTAINED_OR_NOT_INSPECTABLE","","","audit/phase2a1_raw_search_results/AC/PHASE2A1-SEARCH-0019_openalex_backward_metadata.json","Potentially relevant foundational source retained without guarantee coding; it cannot support a substantive synthesis conclusion."
"A1AC-0388","PHASE2A1-SEARCH-0019","2026-07-31","OpenAlex backward citation","On the Assumptions Used to Prove Asymptotic Normality of Maximum Likelihood Estimates","Lucien LeCam","1970","10.1214/aoms/1177696960","https://openalex.org/W2077229208","A1AC-DUP-0332","FALSE_POSITIVE","NO_DIRECT_FOUNDATIONAL_FIXED_SAMPLE_COMPOSITE_TEST_OR_MINIMAX_CONVERSE_RESULT_FOR_GAP_01_OR_GAP_03","LEVEL_3_DISCOVERY_ONLY","NOT_SOUGHT_AFTER_TITLE_METADATA_SCREEN","","","audit/phase2a1_raw_search_results/AC/PHASE2A1-SEARCH-0019_openalex_backward_metadata.json","Final title/metadata-level false-positive disposition for this bounded A–C workstream; no substantive claim is drawn from the record."
"A1AC-0389","PHASE2A1-SEARCH-0019","2026-07-31","OpenAlex backward citation","Change-point estimation from indirect observations. 1. Minimax complexity","Alexander Goldenshluger; Anatoli Juditsky; A. B. Tsybakov; Assaf Zeevi","2008","10.1214/07-aihp110","https://openalex.org/W2077993083","A1AC-DUP-0333","FALSE_POSITIVE","NO_DIRECT_FOUNDATIONAL_FIXED_SAMPLE_COMPOSITE_TEST_OR_MINIMAX_CONVERSE_RESULT_FOR_GAP_01_OR_GAP_03","LEVEL_3_DISCOVERY_ONLY","NOT_SOUGHT_AFTER_TITLE_METADATA_SCREEN","","","audit/phase2a1_raw_search_results/AC/PHASE2A1-SEARCH-0019_openalex_backward_metadata.json","Final title/metadata-level false-positive disposition for this bounded A–C workstream; no substantive claim is drawn from the record."
"A1AC-0390","PHASE2A1-SEARCH-0019","2026-07-31","OpenAlex backward citation","Change-point estimation from indirect observations. 2. Adaptation","A. Goldenshluger; Anatoli Juditsky; A. Tsybakov; Assaf Zeevi","2008","10.1214/07-aihp144","https://openalex.org/W2080948300","A1AC-DUP-0334","FALSE_POSITIVE","NO_DIRECT_FOUNDATIONAL_FIXED_SAMPLE_COMPOSITE_TEST_OR_MINIMAX_CONVERSE_RESULT_FOR_GAP_01_OR_GAP_03","LEVEL_3_DISCOVERY_ONLY","NOT_SOUGHT_AFTER_TITLE_METADATA_SCREEN","","","audit/phase2a1_raw_search_results/AC/PHASE2A1-SEARCH-0019_openalex_backward_metadata.json","Final title/metadata-level false-positive disposition for this bounded A–C workstream; no substantive claim is drawn from the record."
"A1AC-0391","PHASE2A1-SEARCH-0019","2026-07-31","OpenAlex backward citation","Least Favorable Pairs for Special Capacities","Helmut Rieder","1977","10.1214/aos/1176343947","https://openalex.org/W2089481664","A1AC-DUP-0295","DUPLICATE","DUPLICATE_OF_A1AC-0344","LEVEL_3_DISCOVERY_ONLY","NOT_APPLICABLE","","","audit/phase2a1_raw_search_results/AC/PHASE2A1-SEARCH-0019_openalex_backward_metadata.json","Duplicate prospective occurrence; the first occurrence carries the evidence decision."
"A1AC-0392","PHASE2A1-SEARCH-0019","2026-07-31","OpenAlex backward citation","Adaptive Filtering and Change Detection","Fredrik Gustafsson","2001","10.1002/0470841613","https://openalex.org/W2128519721","A1AC-DUP-0335","FALSE_POSITIVE","NO_DIRECT_FOUNDATIONAL_FIXED_SAMPLE_COMPOSITE_TEST_OR_MINIMAX_CONVERSE_RESULT_FOR_GAP_01_OR_GAP_03","LEVEL_3_DISCOVERY_ONLY","NOT_SOUGHT_AFTER_TITLE_METADATA_SCREEN","","","audit/phase2a1_raw_search_results/AC/PHASE2A1-SEARCH-0019_openalex_backward_metadata.json","Final title/metadata-level false-positive disposition for this bounded A–C workstream; no substantive claim is drawn from the record."
"A1AC-0393","PHASE2A1-SEARCH-0019","2026-07-31","OpenAlex backward citation","On the construction of least favourable pairs of distributions","F. Österreicher","1978","10.1007/bf00535275","https://openalex.org/W2147358193","A1AC-DUP-0291","DUPLICATE","DUPLICATE_OF_A1AC-0340","LEVEL_3_DISCOVERY_ONLY","NOT_APPLICABLE","","","audit/phase2a1_raw_search_results/AC/PHASE2A1-SEARCH-0019_openalex_backward_metadata.json","Duplicate prospective occurrence; the first occurrence carries the evidence decision."
"A1AC-0394","PHASE2A1-SEARCH-0019","2026-07-31","OpenAlex backward citation","Optimal Change‐point Estimation in Inverse Problems","Michael H. Neumann","1997","10.1111/1467-9469.00077","https://openalex.org/W2151603953","A1AC-DUP-0336","FALSE_POSITIVE","NO_DIRECT_FOUNDATIONAL_FIXED_SAMPLE_COMPOSITE_TEST_OR_MINIMAX_CONVERSE_RESULT_FOR_GAP_01_OR_GAP_03","LEVEL_3_DISCOVERY_ONLY","NOT_SOUGHT_AFTER_TITLE_METADATA_SCREEN","","","audit/phase2a1_raw_search_results/AC/PHASE2A1-SEARCH-0019_openalex_backward_metadata.json","Final title/metadata-level false-positive disposition for this bounded A–C workstream; no substantive claim is drawn from the record."
"A1AC-0395","PHASE2A1-SEARCH-0019","2026-07-31","OpenAlex backward citation","Vitesses maximales de décroissance des erreurs et tests optimaux associés","Lucien Birgé","1981","10.1007/bf00532119","https://openalex.org/W2169331525","A1AC-DUP-0337","FALSE_POSITIVE","NO_DIRECT_FOUNDATIONAL_FIXED_SAMPLE_COMPOSITE_TEST_OR_MINIMAX_CONVERSE_RESULT_FOR_GAP_01_OR_GAP_03","LEVEL_3_DISCOVERY_ONLY","NOT_SOUGHT_AFTER_TITLE_METADATA_SCREEN","","","audit/phase2a1_raw_search_results/AC/PHASE2A1-SEARCH-0019_openalex_backward_metadata.json","Final title/metadata-level false-positive disposition for this bounded A–C workstream; no substantive claim is drawn from the record."
"A1AC-0396","PHASE2A1-SEARCH-0019","2026-07-31","OpenAlex backward citation","The CVX Users' Guide","Michael C. Grant; Stephen Boyd","2015","https://openalex.org/W2183391274","https://openalex.org/W2183391274","A1AC-DUP-0338","FALSE_POSITIVE","NO_DIRECT_FOUNDATIONAL_FIXED_SAMPLE_COMPOSITE_TEST_OR_MINIMAX_CONVERSE_RESULT_FOR_GAP_01_OR_GAP_03","LEVEL_3_DISCOVERY_ONLY","NOT_SOUGHT_AFTER_TITLE_METADATA_SCREEN","","","audit/phase2a1_raw_search_results/AC/PHASE2A1-SEARCH-0019_openalex_backward_metadata.json","Final title/metadata-level false-positive disposition for this bounded A–C workstream; no substantive claim is drawn from the record."
"A1AC-0397","PHASE2A1-SEARCH-0019","2026-07-31","OpenAlex backward citation","","","","https://openalex.org/W2502276222","https://openalex.org/W2502276222","A1AC-DUP-0339","FULL_TEXT_UNAVAILABLE","OPENALEX_REFERENCED_WORK_ID_NOW_RETURNS_404; BIBLIOGRAPHIC_IDENTITY_UNRESOLVED","LEVEL_3_DISCOVERY_ONLY","FULL_TEXT_NOT_OBTAINED","","","audit/phase2a1_raw_search_results/AC/PHASE2A1-SEARCH-0019_openalex_backward_seed.json",""
"A1AC-0398","PHASE2A1-SEARCH-0019","2026-07-31","OpenAlex backward citation","Eine parameterfreie Theorie der ungünstigsten Verteilungen für das Testen von Hypothesen","Verena Baumann","1968","10.1007/bf00538385","https://openalex.org/W2913942227","A1AC-DUP-0340","FULL_TEXT_UNAVAILABLE","NO_LEGALLY_ACCESSIBLE_INSPECTABLE_PRIMARY_FULL_TEXT_OBTAINED_IN_BOUNDED_RETRIEVAL","LEVEL_3_DISCOVERY_ONLY","FULL_TEXT_NOT_OBTAINED_OR_NOT_INSPECTABLE","","","audit/phase2a1_raw_search_results/AC/PHASE2A1-SEARCH-0019_openalex_backward_metadata.json","Potentially relevant foundational source retained without guarantee coding; it cannot support a substantive synthesis conclusion."
"A1AC-0399","PHASE2A1-SEARCH-0019","2026-07-31","OpenAlex backward citation","","","","https://openalex.org/W3099285486","https://openalex.org/W3099285486","A1AC-DUP-0341","FULL_TEXT_UNAVAILABLE","OPENALEX_REFERENCED_WORK_ID_NOW_RETURNS_404; BIBLIOGRAPHIC_IDENTITY_UNRESOLVED","LEVEL_3_DISCOVERY_ONLY","FULL_TEXT_NOT_OBTAINED","","","audit/phase2a1_raw_search_results/AC/PHASE2A1-SEARCH-0019_openalex_backward_seed.json",""
"A1AC-0400","PHASE2A1-SEARCH-0019","2026-07-31","OpenAlex backward citation","NONPARAMETRIC ESTIMATION BY CONVEX PROGRAMMING","Anatoli Juditsky; Arkadi Nemirovski","2009","https://openalex.org/W3102622251","https://openalex.org/W3102622251","A1AC-DUP-0342","FALSE_POSITIVE","NO_DIRECT_FOUNDATIONAL_FIXED_SAMPLE_COMPOSITE_TEST_OR_MINIMAX_CONVERSE_RESULT_FOR_GAP_01_OR_GAP_03","LEVEL_3_DISCOVERY_ONLY","NOT_SOUGHT_AFTER_TITLE_METADATA_SCREEN","","","audit/phase2a1_raw_search_results/AC/PHASE2A1-SEARCH-0019_openalex_backward_metadata.json","Final title/metadata-level false-positive disposition for this bounded A–C workstream; no substantive claim is drawn from the record."
"A1AC-0401","PHASE2A1-SEARCH-0019","2026-07-31","OpenAlex backward citation","Change-Point Detection in Multichannel and Distributed Systems","Nitis Mukhopadhyay; Sujay Datta; Saibal Chattopadhyay","2004","10.1201/9781482276572-24","https://openalex.org/W4239709767","A1AC-DUP-0343","FALSE_POSITIVE","NO_DIRECT_FOUNDATIONAL_FIXED_SAMPLE_COMPOSITE_TEST_OR_MINIMAX_CONVERSE_RESULT_FOR_GAP_01_OR_GAP_03","LEVEL_3_DISCOVERY_ONLY","NOT_SOUGHT_AFTER_TITLE_METADATA_SCREEN","","","audit/phase2a1_raw_search_results/AC/PHASE2A1-SEARCH-0019_openalex_backward_metadata.json","Final title/metadata-level false-positive disposition for this bounded A–C workstream; no substantive claim is drawn from the record."
"A1AC-0402","PHASE2A1-SEARCH-0019","2026-07-31","OpenAlex backward citation","On the Existence of Least Favorable Distributions","E. L. Lehmann","1952","10.1214/aoms/1177729385","https://openalex.org/W4256287791","A1AC-DUP-0344","FULL_TEXT_UNAVAILABLE","NO_LEGALLY_ACCESSIBLE_INSPECTABLE_PRIMARY_FULL_TEXT_OBTAINED_IN_BOUNDED_RETRIEVAL","LEVEL_3_DISCOVERY_ONLY","FULL_TEXT_NOT_OBTAINED_OR_NOT_INSPECTABLE","","","audit/phase2a1_raw_search_results/AC/PHASE2A1-SEARCH-0019_openalex_backward_metadata.json","Potentially relevant foundational source retained without guarantee coding; it cannot support a substantive synthesis conclusion."
"A1AC-0403","PHASE2A1-SEARCH-0019","2026-07-31","OpenAlex backward citation","","","","https://openalex.org/W4297563847","https://openalex.org/W4297563847","A1AC-DUP-0345","FULL_TEXT_UNAVAILABLE","OPENALEX_REFERENCED_WORK_ID_NOW_RETURNS_404; BIBLIOGRAPHIC_IDENTITY_UNRESOLVED","LEVEL_3_DISCOVERY_ONLY","FULL_TEXT_NOT_OBTAINED","","","audit/phase2a1_raw_search_results/AC/PHASE2A1-SEARCH-0019_openalex_backward_seed.json",""
"A1AC-0404","PHASE2A1-SEARCH-0065","2026-07-31","OpenAlex backward citation","A General Class of Coefficients of Divergence of One Distribution from Another","Syed Mustafa Ali; S. D. Silvey","1966","10.1111/j.2517-6161.1966.tb00626.x","https://openalex.org/W152055444","A1AC-DUP-0346","FALSE_POSITIVE","NO_DIRECT_FOUNDATIONAL_FIXED_SAMPLE_COMPOSITE_TEST_OR_MINIMAX_CONVERSE_RESULT_FOR_GAP_01_OR_GAP_03","LEVEL_3_DISCOVERY_ONLY","NOT_SOUGHT_AFTER_TITLE_METADATA_SCREEN","","","audit/phase2a1_raw_search_results/AC/PHASE2A1-SEARCH-0065_guntuboyina_backward_metadata.json","Final title/metadata-level false-positive disposition for this bounded A–C workstream; no substantive claim is drawn from the record."
"A1AC-0405","PHASE2A1-SEARCH-0065","2026-07-31","OpenAlex backward citation","Concentration Inequalities and Model Selection","Massart, Pascal; Jean Picard","2007","10.1007/978-3-540-48503-2","https://openalex.org/W156419107","A1AC-DUP-0347","FALSE_POSITIVE","NO_DIRECT_FOUNDATIONAL_FIXED_SAMPLE_COMPOSITE_TEST_OR_MINIMAX_CONVERSE_RESULT_FOR_GAP_01_OR_GAP_03","LEVEL_3_DISCOVERY_ONLY","NOT_SOUGHT_AFTER_TITLE_METADATA_SCREEN","","","audit/phase2a1_raw_search_results/AC/PHASE2A1-SEARCH-0065_guntuboyina_backward_metadata.json","Final title/metadata-level false-positive disposition for this bounded A–C workstream; no substantive claim is drawn from the record."
"A1AC-0406","PHASE2A1-SEARCH-0065","2026-07-31","OpenAlex backward citation","Introduction to Nonparametric Estimation","Alexandre B. Tsybakov","2008","10.1007/b13794","https://openalex.org/W1511694993","A1AC-DUP-0348","FALSE_POSITIVE","NO_DIRECT_FOUNDATIONAL_FIXED_SAMPLE_COMPOSITE_TEST_OR_MINIMAX_CONVERSE_RESULT_FOR_GAP_01_OR_GAP_03","LEVEL_3_DISCOVERY_ONLY","NOT_SOUGHT_AFTER_TITLE_METADATA_SCREEN","","","audit/phase2a1_raw_search_results/AC/PHASE2A1-SEARCH-0065_guntuboyina_backward_metadata.json","Final title/metadata-level false-positive disposition for this bounded A–C workstream; no substantive claim is drawn from the record."
"A1AC-0407","PHASE2A1-SEARCH-0065","2026-07-31","OpenAlex backward citation","Information-theoretic determination of minimax rates of convergence","Yuhong Yang; Andrew R. Barron","1999","10.1214/aos/1017939142","https://openalex.org/W1524622012","A1AC-DUP-0349","FALSE_POSITIVE","NO_DIRECT_FOUNDATIONAL_FIXED_SAMPLE_COMPOSITE_TEST_OR_MINIMAX_CONVERSE_RESULT_FOR_GAP_01_OR_GAP_03","LEVEL_3_DISCOVERY_ONLY","NOT_SOUGHT_AFTER_TITLE_METADATA_SCREEN","","","audit/phase2a1_raw_search_results/AC/PHASE2A1-SEARCH-0065_guntuboyina_backward_metadata.json","Final title/metadata-level false-positive disposition for this bounded A–C workstream; no substantive claim is drawn from the record."
"A1AC-0408","PHASE2A1-SEARCH-0065","2026-07-31","OpenAlex backward citation","Asymptotic Methods in Statistical Decision Theory","Lucien Le Cam","1986","10.1007/978-1-4612-4946-7","https://openalex.org/W1535258871","A1AC-DUP-0303","DUPLICATE","DUPLICATE_OF_A1AC-0354","LEVEL_3_DISCOVERY_ONLY","NOT_APPLICABLE","","","audit/phase2a1_raw_search_results/AC/PHASE2A1-SEARCH-0065_guntuboyina_backward_metadata.json","Duplicate prospective occurrence; the first occurrence carries the evidence decision."
"A1AC-0409","PHASE2A1-SEARCH-0065","2026-07-31","OpenAlex backward citation","Assouad, Fano, and Le Cam","Bin Yu","1997","10.1007/978-1-4612-1880-7_29","https://openalex.org/W1538452572","A1AC-DUP-0161","DUPLICATE","DUPLICATE_OF_A1AC-0185","LEVEL_3_DISCOVERY_ONLY","NOT_APPLICABLE","","","audit/phase2a1_raw_search_results/AC/PHASE2A1-SEARCH-0065_guntuboyina_backward_metadata.json","Duplicate prospective occurrence; the first occurrence carries the evidence decision."
"A1AC-0410","PHASE2A1-SEARCH-0065","2026-07-31","OpenAlex backward citation","Statistical Estimation: Asymptotic Theory","","2014","10.1201/b16414-10","https://openalex.org/W1555033159","A1AC-DUP-0350","FALSE_POSITIVE","NO_DIRECT_FOUNDATIONAL_FIXED_SAMPLE_COMPOSITE_TEST_OR_MINIMAX_CONVERSE_RESULT_FOR_GAP_01_OR_GAP_03","LEVEL_3_DISCOVERY_ONLY","NOT_SOUGHT_AFTER_TITLE_METADATA_SCREEN","","","audit/phase2a1_raw_search_results/AC/PHASE2A1-SEARCH-0065_guntuboyina_backward_metadata.json","Final title/metadata-level false-positive disposition for this bounded A–C workstream; no substantive claim is drawn from the record."
"A1AC-0411","PHASE2A1-SEARCH-0065","2026-07-31","OpenAlex backward citation","Convex Bodies: The Brunn–Minkowski Theory","Rolf Schneider","1993","10.1017/cbo9780511526282","https://openalex.org/W1571966798","A1AC-DUP-0351","FALSE_POSITIVE","NO_DIRECT_FOUNDATIONAL_FIXED_SAMPLE_COMPOSITE_TEST_OR_MINIMAX_CONVERSE_RESULT_FOR_GAP_01_OR_GAP_03","LEVEL_3_DISCOVERY_ONLY","NOT_SOUGHT_AFTER_TITLE_METADATA_SCREEN","","","audit/phase2a1_raw_search_results/AC/PHASE2A1-SEARCH-0065_guntuboyina_backward_metadata.json","Final title/metadata-level false-positive disposition for this bounded A–C workstream; no substantive claim is drawn from the record."
"A1AC-0412","PHASE2A1-SEARCH-0065","2026-07-31","OpenAlex backward citation","Approximation dans les espaces métriques et théorie de l’estimation","Lucien Birgé","1983","10.1007/bf00532480","https://openalex.org/W1854990296","A1AC-DUP-0266","DUPLICATE","DUPLICATE_OF_A1AC-0311","LEVEL_3_DISCOVERY_ONLY","NOT_APPLICABLE","","","audit/phase2a1_raw_search_results/AC/PHASE2A1-SEARCH-0065_guntuboyina_backward_metadata.json","Duplicate prospective occurrence; the first occurrence carries the evidence decision."
"A1AC-0413","PHASE2A1-SEARCH-0065","2026-07-31","OpenAlex backward citation","ε-Entropy of convex sets and functions","E. M. Bronshteîn","1976","10.1007/bf00967858","https://openalex.org/W1998643067","A1AC-DUP-0352","FALSE_POSITIVE","NO_DIRECT_FOUNDATIONAL_FIXED_SAMPLE_COMPOSITE_TEST_OR_MINIMAX_CONVERSE_RESULT_FOR_GAP_01_OR_GAP_03","LEVEL_3_DISCOVERY_ONLY","NOT_SOUGHT_AFTER_TITLE_METADATA_SCREEN","","","audit/phase2a1_raw_search_results/AC/PHASE2A1-SEARCH-0065_guntuboyina_backward_metadata.json","Final title/metadata-level false-positive disposition for this bounded A–C workstream; no substantive claim is drawn from the record."
"A1AC-0414","PHASE2A1-SEARCH-0065","2026-07-31","OpenAlex backward citation","Convergence of Estimates Under Dimensionality Restrictions","Lucien LeCam","1973","10.1214/aos/1193342380","https://openalex.org/W2004060143","A1AC-DUP-0290","DUPLICATE","DUPLICATE_OF_A1AC-0338","LEVEL_3_DISCOVERY_ONLY","NOT_APPLICABLE","","","audit/phase2a1_raw_search_results/AC/PHASE2A1-SEARCH-0065_guntuboyina_backward_metadata.json","Duplicate prospective occurrence; the first occurrence carries the evidence decision."
"A1AC-0415","PHASE2A1-SEARCH-0065","2026-07-31","OpenAlex backward citation","On adaptive estimation of probability density functions","И. А. Ибрагимов","2010","10.1007/s10958-010-9938-5","https://openalex.org/W2022576228","A1AC-DUP-0353","FALSE_POSITIVE","NO_DIRECT_FOUNDATIONAL_FIXED_SAMPLE_COMPOSITE_TEST_OR_MINIMAX_CONVERSE_RESULT_FOR_GAP_01_OR_GAP_03","LEVEL_3_DISCOVERY_ONLY","NOT_SOUGHT_AFTER_TITLE_METADATA_SCREEN","","","audit/phase2a1_raw_search_results/AC/PHASE2A1-SEARCH-0065_guntuboyina_backward_metadata.json","Final title/metadata-level false-positive disposition for this bounded A–C workstream; no substantive claim is drawn from the record."
"A1AC-0416","PHASE2A1-SEARCH-0065","2026-07-31","OpenAlex backward citation","A Lower Bound on the Risks of Non-Parametric Estimates of Densities in the Uniform Metric","R. Z. Khas’minskiĭ","1979","10.1137/1123095","https://openalex.org/W2025183578","A1AC-DUP-0354","FALSE_POSITIVE","NO_DIRECT_FOUNDATIONAL_FIXED_SAMPLE_COMPOSITE_TEST_OR_MINIMAX_CONVERSE_RESULT_FOR_GAP_01_OR_GAP_03","LEVEL_3_DISCOVERY_ONLY","NOT_SOUGHT_AFTER_TITLE_METADATA_SCREEN","","","audit/phase2a1_raw_search_results/AC/PHASE2A1-SEARCH-0065_guntuboyina_backward_metadata.json","Final title/metadata-level false-positive disposition for this bounded A–C workstream; no substantive claim is drawn from the record."
"A1AC-0417","PHASE2A1-SEARCH-0065","2026-07-31","OpenAlex backward citation","Optimal rates of convergence for covariance matrix estimation","T. Tony Cai; Cun-Hui Zhang; Harrison H. Zhou","2010","10.1214/09-aos752","https://openalex.org/W2072207996","A1AC-DUP-0355","FALSE_POSITIVE","NO_DIRECT_FOUNDATIONAL_FIXED_SAMPLE_COMPOSITE_TEST_OR_MINIMAX_CONVERSE_RESULT_FOR_GAP_01_OR_GAP_03","LEVEL_3_DISCOVERY_ONLY","NOT_SOUGHT_AFTER_TITLE_METADATA_SCREEN","","","audit/phase2a1_raw_search_results/AC/PHASE2A1-SEARCH-0065_guntuboyina_backward_metadata.json","Final title/metadata-level false-positive disposition for this bounded A–C workstream; no substantive claim is drawn from the record."
"A1AC-0418","PHASE2A1-SEARCH-0065","2026-07-31","OpenAlex backward citation","Convergence of algorithms for reconstructing convex bodies and directional measures","Richard J. Gardner; Markus Kiderlen; Peyman Milanfar","2006","10.1214/009053606000000335","https://openalex.org/W2086117410","A1AC-DUP-0356","FALSE_POSITIVE","NO_DIRECT_FOUNDATIONAL_FIXED_SAMPLE_COMPOSITE_TEST_OR_MINIMAX_CONVERSE_RESULT_FOR_GAP_01_OR_GAP_03","LEVEL_3_DISCOVERY_ONLY","NOT_SOUGHT_AFTER_TITLE_METADATA_SCREEN","","","audit/phase2a1_raw_search_results/AC/PHASE2A1-SEARCH-0065_guntuboyina_backward_metadata.json","Final title/metadata-level false-positive disposition for this bounded A–C workstream; no substantive claim is drawn from the record."
"A1AC-0419","PHASE2A1-SEARCH-0065","2026-07-31","OpenAlex backward citation","Elements of Information Theory","Thomas M. Cover; Joy A. Thomas","2001","10.1002/0471200611","https://openalex.org/W2099111195","A1AC-DUP-0357","FALSE_POSITIVE","NO_DIRECT_FOUNDATIONAL_FIXED_SAMPLE_COMPOSITE_TEST_OR_MINIMAX_CONVERSE_RESULT_FOR_GAP_01_OR_GAP_03","LEVEL_3_DISCOVERY_ONLY","NOT_SOUGHT_AFTER_TITLE_METADATA_SCREEN","","","audit/phase2a1_raw_search_results/AC/PHASE2A1-SEARCH-0065_guntuboyina_backward_metadata.json","Final title/metadata-level false-positive disposition for this bounded A–C workstream; no substantive claim is drawn from the record."
"A1AC-0420","PHASE2A1-SEARCH-0065","2026-07-31","OpenAlex backward citation","A New Lower Bound for Multiple Hypothesis Testing","Lucien Birgé","2005","10.1109/tit.2005.844101","https://openalex.org/W2101412426","A1AC-DUP-0165","DUPLICATE","DUPLICATE_OF_A1AC-0191","LEVEL_3_DISCOVERY_ONLY","NOT_APPLICABLE","","","audit/phase2a1_raw_search_results/AC/PHASE2A1-SEARCH-0065_guntuboyina_backward_metadata.json","Duplicate prospective occurrence; the first occurrence carries the evidence decision."
"A1AC-0421","PHASE2A1-SEARCH-0065","2026-07-31","OpenAlex backward citation","On estimating a density using Hellinger distance and some other strange facts","Lucien Birgé","1986","10.1007/bf00332312","https://openalex.org/W2116278188","A1AC-DUP-0358","FALSE_POSITIVE","NO_DIRECT_FOUNDATIONAL_FIXED_SAMPLE_COMPOSITE_TEST_OR_MINIMAX_CONVERSE_RESULT_FOR_GAP_01_OR_GAP_03","LEVEL_3_DISCOVERY_ONLY","NOT_SOUGHT_AFTER_TITLE_METADATA_SCREEN","","","audit/phase2a1_raw_search_results/AC/PHASE2A1-SEARCH-0065_guntuboyina_backward_metadata.json","Final title/metadata-level false-positive disposition for this bounded A–C workstream; no substantive claim is drawn from the record."
"A1AC-0422","PHASE2A1-SEARCH-0065","2026-07-31","OpenAlex backward citation","Generalizing the Fano inequality","Te Sun Han; Sergio Verdú","1994","10.1109/18.335943","https://openalex.org/W2144792840","A1AC-DUP-0359","FALSE_POSITIVE","NO_DIRECT_FOUNDATIONAL_FIXED_SAMPLE_COMPOSITE_TEST_OR_MINIMAX_CONVERSE_RESULT_FOR_GAP_01_OR_GAP_03","LEVEL_3_DISCOVERY_ONLY","NOT_SOUGHT_AFTER_TITLE_METADATA_SCREEN","","","audit/phase2a1_raw_search_results/AC/PHASE2A1-SEARCH-0065_guntuboyina_backward_metadata.json","Final title/metadata-level false-positive disposition for this bounded A–C workstream; no substantive claim is drawn from the record."
"A1AC-0423","PHASE2A1-SEARCH-0065","2026-07-31","OpenAlex backward citation","Some inequalities for information divergence and related measures of discrimination","Flemming Topsøe","2000","10.1109/18.850703","https://openalex.org/W2159902206","A1AC-DUP-0360","FALSE_POSITIVE","NO_DIRECT_FOUNDATIONAL_FIXED_SAMPLE_COMPOSITE_TEST_OR_MINIMAX_CONVERSE_RESULT_FOR_GAP_01_OR_GAP_03","LEVEL_3_DISCOVERY_ONLY","NOT_SOUGHT_AFTER_TITLE_METADATA_SCREEN","","","audit/phase2a1_raw_search_results/AC/PHASE2A1-SEARCH-0065_guntuboyina_backward_metadata.json","Final title/metadata-level false-positive disposition for this bounded A–C workstream; no substantive claim is drawn from the record."
"A1AC-0424","PHASE2A1-SEARCH-0065","2026-07-31","OpenAlex backward citation","Elements of Information Theory","Thomas M. Cover; Joy A. Thomas","2005","10.1002/047174882x","https://openalex.org/W2478708596","A1AC-DUP-0361","FALSE_POSITIVE","NO_DIRECT_FOUNDATIONAL_FIXED_SAMPLE_COMPOSITE_TEST_OR_MINIMAX_CONVERSE_RESULT_FOR_GAP_01_OR_GAP_03","LEVEL_3_DISCOVERY_ONLY","NOT_SOUGHT_AFTER_TITLE_METADATA_SCREEN","","","audit/phase2a1_raw_search_results/AC/PHASE2A1-SEARCH-0065_guntuboyina_backward_metadata.json","Final title/metadata-level false-positive disposition for this bounded A–C workstream; no substantive claim is drawn from the record."
"A1AC-0425","PHASE2A1-SEARCH-0065","2026-07-31","OpenAlex backward citation","On Fano's lemma and similar inequalities for the minimax risk","A. A. Gushchin","2003","https://openalex.org/W2797079684","https://openalex.org/W2797079684","A1AC-DUP-0362","FALSE_POSITIVE","NO_DIRECT_FOUNDATIONAL_FIXED_SAMPLE_COMPOSITE_TEST_OR_MINIMAX_CONVERSE_RESULT_FOR_GAP_01_OR_GAP_03","LEVEL_3_DISCOVERY_ONLY","NOT_SOUGHT_AFTER_TITLE_METADATA_SCREEN","","","audit/phase2a1_raw_search_results/AC/PHASE2A1-SEARCH-0065_guntuboyina_backward_metadata.json","Final title/metadata-level false-positive disposition for this bounded A–C workstream; no substantive claim is drawn from the record."
"A1AC-0426","PHASE2A1-SEARCH-0065","2026-07-31","OpenAlex backward citation","Optimal Rates of Convergence for Covariance Matrix Estimation","Tommaso Cai; Cun-Hui Zhang; Harrison H. Zhou; H. Zhou","2008","https://openalex.org/W3098365576","https://openalex.org/W3098365576","A1AC-DUP-0363","FALSE_POSITIVE","NO_DIRECT_FOUNDATIONAL_FIXED_SAMPLE_COMPOSITE_TEST_OR_MINIMAX_CONVERSE_RESULT_FOR_GAP_01_OR_GAP_03","LEVEL_3_DISCOVERY_ONLY","NOT_SOUGHT_AFTER_TITLE_METADATA_SCREEN","","","audit/phase2a1_raw_search_results/AC/PHASE2A1-SEARCH-0065_guntuboyina_backward_metadata.json","Final title/metadata-level false-positive disposition for this bounded A–C workstream; no substantive claim is drawn from the record."
"A1AC-0427","PHASE2A1-SEARCH-0065","2026-07-31","OpenAlex backward citation","Convergence of algorithms for reconstructing convex bodies and directional measures","Richard J. Gardner; Markus Kiderlen; Peyman Milanfar","2006","https://openalex.org/W3105936967","https://openalex.org/W3105936967","A1AC-DUP-0364","FALSE_POSITIVE","NO_DIRECT_FOUNDATIONAL_FIXED_SAMPLE_COMPOSITE_TEST_OR_MINIMAX_CONVERSE_RESULT_FOR_GAP_01_OR_GAP_03","LEVEL_3_DISCOVERY_ONLY","NOT_SOUGHT_AFTER_TITLE_METADATA_SCREEN","","","audit/phase2a1_raw_search_results/AC/PHASE2A1-SEARCH-0065_guntuboyina_backward_metadata.json","Final title/metadata-level false-positive disposition for this bounded A–C workstream; no substantive claim is drawn from the record."
"A1AC-0428","PHASE2A1-SEARCH-0065","2026-07-31","OpenAlex backward citation","Information-type measures of difference of probability distributions and indirect observation","Imre Csiszár","1967","https://openalex.org/W3127518054","https://openalex.org/W3127518054","A1AC-DUP-0365","FALSE_POSITIVE","NO_DIRECT_FOUNDATIONAL_FIXED_SAMPLE_COMPOSITE_TEST_OR_MINIMAX_CONVERSE_RESULT_FOR_GAP_01_OR_GAP_03","LEVEL_3_DISCOVERY_ONLY","NOT_SOUGHT_AFTER_TITLE_METADATA_SCREEN","","","audit/phase2a1_raw_search_results/AC/PHASE2A1-SEARCH-0065_guntuboyina_backward_metadata.json","Final title/metadata-level false-positive disposition for this bounded A–C workstream; no substantive claim is drawn from the record."
"A1AC-0429","PHASE2A1-SEARCH-0065","2026-07-31","OpenAlex backward citation","Statistical Estimation","И. А. Ибрагимов; R. Z. Has’minskiĭ","1981","10.1007/978-1-4899-0027-2","https://openalex.org/W4235461144","A1AC-DUP-0366","FALSE_POSITIVE","NO_DIRECT_FOUNDATIONAL_FIXED_SAMPLE_COMPOSITE_TEST_OR_MINIMAX_CONVERSE_RESULT_FOR_GAP_01_OR_GAP_03","LEVEL_3_DISCOVERY_ONLY","NOT_SOUGHT_AFTER_TITLE_METADATA_SCREEN","","","audit/phase2a1_raw_search_results/AC/PHASE2A1-SEARCH-0065_guntuboyina_backward_metadata.json","Final title/metadata-level false-positive disposition for this bounded A–C workstream; no substantive claim is drawn from the record."
"A1AC-0430","PHASE2A1-SEARCH-0065","2026-07-31","OpenAlex backward citation","Convex Analysis","R. T. Rockafellar","1970","10.1515/9781400873173","https://openalex.org/W4249667877","A1AC-DUP-0367","FALSE_POSITIVE","NO_DIRECT_FOUNDATIONAL_FIXED_SAMPLE_COMPOSITE_TEST_OR_MINIMAX_CONVERSE_RESULT_FOR_GAP_01_OR_GAP_03","LEVEL_3_DISCOVERY_ONLY","NOT_SOUGHT_AFTER_TITLE_METADATA_SCREEN","","","audit/phase2a1_raw_search_results/AC/PHASE2A1-SEARCH-0065_guntuboyina_backward_metadata.json","Final title/metadata-level false-positive disposition for this bounded A–C workstream; no substantive claim is drawn from the record."
"A1AC-0431","PHASE2A1-SEARCH-0065","2026-07-31","OpenAlex backward citation","","","","https://openalex.org/W6750260431","https://openalex.org/W6750260431","A1AC-DUP-0368","FULL_TEXT_UNAVAILABLE","OPENALEX_REFERENCED_WORK_ID_NOW_RETURNS_NO_METADATA; BIBLIOGRAPHIC_IDENTITY_UNRESOLVED","LEVEL_3_DISCOVERY_ONLY","FULL_TEXT_NOT_OBTAINED","","","audit/phase2a1_raw_search_results/AC/PHASE2A1-SEARCH-0065_guntuboyina_backward_seed.json",""
"A1AC-0432","PHASE2A1-SEARCH-0067","2026-07-31","Semantic Scholar","Bootstrap et bornes uniformes pour des chaînes de Markov Harris récurrentes","Gabriela Ciolek","2018","65932359461eab0f81fa09d6da38ff496e6fd70c","65932359461eab0f81fa09d6da38ff496e6fd70c","A1AC-DUP-0369","FALSE_POSITIVE","NO_DIRECT_FOUNDATIONAL_FIXED_SAMPLE_COMPOSITE_TEST_OR_MINIMAX_CONVERSE_RESULT_FOR_GAP_01_OR_GAP_03","LEVEL_3_DISCOVERY_ONLY","NOT_SOUGHT_AFTER_TITLE_METADATA_SCREEN","","","audit/phase2a1_raw_search_results/AC/PHASE2A1-SEARCH-0067_birge_anchor_semanticscholar.json","Final title/metadata-level false-positive disposition for this bounded A–C workstream; no substantive claim is drawn from the record."
"A1AC-0433","PHASE2A1-SEARCH-0067","2026-07-31","Semantic Scholar","Chaînes de Markov triplets et segmentation non supervisée d'images. (Triplet Markov chains and unsupervised image segmentation)","C. Fernandes","2022","10.70675/2472c0ccza76az4a52z9fe0z8ce0512f3394","4a2b0ea3ff4089ad1d8ebbba5951b2e0878a0701","A1AC-DUP-0370","FALSE_POSITIVE","NO_DIRECT_FOUNDATIONAL_FIXED_SAMPLE_COMPOSITE_TEST_OR_MINIMAX_CONVERSE_RESULT_FOR_GAP_01_OR_GAP_03","LEVEL_3_DISCOVERY_ONLY","NOT_SOUGHT_AFTER_TITLE_METADATA_SCREEN","","","audit/phase2a1_raw_search_results/AC/PHASE2A1-SEARCH-0067_birge_anchor_semanticscholar.json","Final title/metadata-level false-positive disposition for this bounded A–C workstream; no substantive claim is drawn from the record."
"A1AC-0434","PHASE2A1-SEARCH-0067","2026-07-31","Semantic Scholar","Majorations de Chernoff pour des chaînes de Markov contrÔlées","N. Maigret","1980","10.1007/bf00536185","ee3a7f98716033560948e673a92f601bd3ee2a52","A1AC-DUP-0371","FALSE_POSITIVE","NO_DIRECT_FOUNDATIONAL_FIXED_SAMPLE_COMPOSITE_TEST_OR_MINIMAX_CONVERSE_RESULT_FOR_GAP_01_OR_GAP_03","LEVEL_3_DISCOVERY_ONLY","NOT_SOUGHT_AFTER_TITLE_METADATA_SCREEN","","","audit/phase2a1_raw_search_results/AC/PHASE2A1-SEARCH-0067_birge_anchor_semanticscholar.json","Final title/metadata-level false-positive disposition for this bounded A–C workstream; no substantive claim is drawn from the record."
"A1AC-0435","PHASE2A1-SEARCH-0067","2026-07-31","Semantic Scholar","Chaînes de Markov cachées à bruit généralisé","Hugo Gangloff; Katherine Morales; Yohan Petetin; Chaînes de Markov","2022","34b7a17c4e63600db0fc16e2f702073bf01adaa1","34b7a17c4e63600db0fc16e2f702073bf01adaa1","A1AC-DUP-0372","FALSE_POSITIVE","NO_DIRECT_FOUNDATIONAL_FIXED_SAMPLE_COMPOSITE_TEST_OR_MINIMAX_CONVERSE_RESULT_FOR_GAP_01_OR_GAP_03","LEVEL_3_DISCOVERY_ONLY","NOT_SOUGHT_AFTER_TITLE_METADATA_SCREEN","","","audit/phase2a1_raw_search_results/AC/PHASE2A1-SEARCH-0067_birge_anchor_semanticscholar.json","Final title/metadata-level false-positive disposition for this bounded A–C workstream; no substantive claim is drawn from the record."
"A1AC-0436","PHASE2A1-SEARCH-0067","2026-07-31","Semantic Scholar","Principe d'invariance local pour les chaînes de Markov","Caroline Noquet","1997","3fd5222a14bb75681e375e4fdca50a50241ecf09","3fd5222a14bb75681e375e4fdca50a50241ecf09","A1AC-DUP-0373","FALSE_POSITIVE","NO_DIRECT_FOUNDATIONAL_FIXED_SAMPLE_COMPOSITE_TEST_OR_MINIMAX_CONVERSE_RESULT_FOR_GAP_01_OR_GAP_03","LEVEL_3_DISCOVERY_ONLY","NOT_SOUGHT_AFTER_TITLE_METADATA_SCREEN","","","audit/phase2a1_raw_search_results/AC/PHASE2A1-SEARCH-0067_birge_anchor_semanticscholar.json","Final title/metadata-level false-positive disposition for this bounded A–C workstream; no substantive claim is drawn from the record."
"A1AC-0437","PHASE2A1-SEARCH-0067","2026-07-31","Semantic Scholar","On the Estimation of Entropy for Markov Chains Sur l ’ estimation de l ’ entropie des châınes de Markov","Valérie Girardin; Régnault","2011","9e48e2758b9a517bf4e262c75f1286c8918a5115","9e48e2758b9a517bf4e262c75f1286c8918a5115","A1AC-DUP-0374","FALSE_POSITIVE","NO_DIRECT_FOUNDATIONAL_FIXED_SAMPLE_COMPOSITE_TEST_OR_MINIMAX_CONVERSE_RESULT_FOR_GAP_01_OR_GAP_03","LEVEL_3_DISCOVERY_ONLY","NOT_SOUGHT_AFTER_TITLE_METADATA_SCREEN","","","audit/phase2a1_raw_search_results/AC/PHASE2A1-SEARCH-0067_birge_anchor_semanticscholar.json","Final title/metadata-level false-positive disposition for this bounded A–C workstream; no substantive claim is drawn from the record."
"A1AC-0438","PHASE2A1-SEARCH-0067","2026-07-31","Semantic Scholar","Inegalites de concentration de la mesure pour des chaines de markov et des processus -melangeants","Paul-Marie Samson","1998","46657cd0f3653899ad17c7fdc50015d30596dc69","46657cd0f3653899ad17c7fdc50015d30596dc69","A1AC-DUP-0375","FALSE_POSITIVE","NO_DIRECT_FOUNDATIONAL_FIXED_SAMPLE_COMPOSITE_TEST_OR_MINIMAX_CONVERSE_RESULT_FOR_GAP_01_OR_GAP_03","LEVEL_3_DISCOVERY_ONLY","NOT_SOUGHT_AFTER_TITLE_METADATA_SCREEN","","","audit/phase2a1_raw_search_results/AC/PHASE2A1-SEARCH-0067_birge_anchor_semanticscholar.json","Final title/metadata-level false-positive disposition for this bounded A–C workstream; no substantive claim is drawn from the record."
"A1AC-0439","PHASE2A1-SEARCH-0067","2026-07-31","Semantic Scholar","Chaînes de Markov Triplet","","","0f8a8ff80c9f5e2dbdeb5ffcd37e2d91d7ab7871","0f8a8ff80c9f5e2dbdeb5ffcd37e2d91d7ab7871","A1AC-DUP-0376","FALSE_POSITIVE","NO_DIRECT_FOUNDATIONAL_FIXED_SAMPLE_COMPOSITE_TEST_OR_MINIMAX_CONVERSE_RESULT_FOR_GAP_01_OR_GAP_03","LEVEL_3_DISCOVERY_ONLY","NOT_SOUGHT_AFTER_TITLE_METADATA_SCREEN","","","audit/phase2a1_raw_search_results/AC/PHASE2A1-SEARCH-0067_birge_anchor_semanticscholar.json","Final title/metadata-level false-positive disposition for this bounded A–C workstream; no substantive claim is drawn from the record."
"A1AC-0440","PHASE2A1-SEARCH-0067","2026-07-31","Semantic Scholar","Chapitre 8 Châınes de Markov 8 . 1 La matrice de transition","","","66045d045695a2cfce92776c80034eca623cc384","66045d045695a2cfce92776c80034eca623cc384","A1AC-DUP-0377","FALSE_POSITIVE","NO_DIRECT_FOUNDATIONAL_FIXED_SAMPLE_COMPOSITE_TEST_OR_MINIMAX_CONVERSE_RESULT_FOR_GAP_01_OR_GAP_03","LEVEL_3_DISCOVERY_ONLY","NOT_SOUGHT_AFTER_TITLE_METADATA_SCREEN","","","audit/phase2a1_raw_search_results/AC/PHASE2A1-SEARCH-0067_birge_anchor_semanticscholar.json","Final title/metadata-level false-positive disposition for this bounded A–C workstream; no substantive claim is drawn from the record."
"A1AC-0441","PHASE2A1-SEARCH-0067","2026-07-31","Semantic Scholar","Méthodes de Monte Carlo stratifiées pour la simulation des chaines de Markov","Joseph El maalouf","2016","10.70675/912cf4cez7d1cz4fd0zbbb0z19c0855251fc","4a040a03e70d89c7bc91fbb4f7be8bb4ae7f9c51","A1AC-DUP-0378","FALSE_POSITIVE","NO_DIRECT_FOUNDATIONAL_FIXED_SAMPLE_COMPOSITE_TEST_OR_MINIMAX_CONVERSE_RESULT_FOR_GAP_01_OR_GAP_03","LEVEL_3_DISCOVERY_ONLY","NOT_SOUGHT_AFTER_TITLE_METADATA_SCREEN","","","audit/phase2a1_raw_search_results/AC/PHASE2A1-SEARCH-0067_birge_anchor_semanticscholar.json","Final title/metadata-level false-positive disposition for this bounded A–C workstream; no substantive claim is drawn from the record."
"A1AC-0442","PHASE2A1-SEARCH-0070","2026-07-31","OpenAlex DOI lookup","Robust Testing for Independent Non Identically Distributed Variables and Markov Chains","Lucien Birgé","1983","10.1007/978-1-4612-5503-1_9","https://openalex.org/W171842306","A1AC-DUP-0245","DUPLICATE","DUPLICATE_OF_A1AC-0290","LEVEL_3_DISCOVERY_ONLY","NOT_APPLICABLE","","","audit/phase2a1_raw_search_results/AC/PHASE2A1-SEARCH-0070_birge_english_openalex_lookup.json","Duplicate prospective occurrence; the first occurrence carries the evidence decision."
"A1AC-0443","PHASE2A1-SEARCH-0013","2026-07-31","OpenAlex primary-source verification","Lower Bounds for the Minimax Risk Using $f$-Divergences, and Applications","Adityanand Guntuboyina","2011","10.1109/tit.2011.2110791","https://openalex.org/W2101210333","A1AC-DUP-0379","FULL_TEXT_INCLUDED","","LEVEL_1_LOAD_BEARING","AUTHOR_MANUSCRIPT_FULL_TEXT_INSPECTED","arxiv_1002.0042_source/ARXIVminfdiv.tex:727-800 (Theorem maha and Eq. maha.eq), 1159-1325 (Theorem ybgen), 1326-1430 (global-entropy Theorem myb.thm), 2112-2274 (packing-number lower bound)","NEW_CORPUS_CANDIDATE","audit/phase2a1_raw_search_results/AC/PHASE2A1-SEARCH-0013_primary_verification_guntuboyina.json","Finite-sample f-divergence and packing/entropy lower bounds for finite multiple-hypothesis reductions; constructive upper tests and metabolic design optimization are outside scope."
"A1AC-0444","PHASE2A1-SEARCH-0073","2026-07-31","Numdam primary-version verification","Tests robustes pour des variables indépendantes et des chaînes de Markov","Lucien Birgé","1982","NUMDAM:ASCFM_1982__71_20_70_0","NUMDAM:ASCFM_1982__71_20_70_0","A1AC-DUP-0380","FULL_TEXT_INCLUDED","","LEVEL_1_LOAD_BEARING","OFFICIAL_REPOSITORY_FULL_TEXT_INSPECTED","pp. 70-71 Introduction (least-favourable/minimax context and convexity failure); pp. 72-73 §II theorem/corollary for separated Hellinger balls; pp. 74-75 §III theorem/corollary for independent non-identically distributed product laws; pp. 76-77 §IV theorem for Markov chains and §V conclusion","NEW_CORPUS_CANDIDATE","audit/phase2a1_raw_search_results/AC/birge_1982_numdam_primary.pdf","Legally accessible French primary article linked to the otherwise unavailable 1983 English chapter C0402; gives constructive fixed-sample exponential error bounds under stated separation/mixing assumptions, not a universal minimax result for arbitrary nonconvex families."
