"discovery_id","search_id","source","search_date","title","authors","year","doi_or_identifier","source_native_id","duplicate_group","screening_state","exclusion_reason","evidence_level","final_corpus_id","notes"
"ROOT-D0001","PHASE2-SEARCH-0011","PubMed","2026-07-31","Model validation and selection in metabolic flux analysis and flux balance analysis.","Kaste JAM; Shachar-Hill Y","2024","10.1002/btpr.3413","PMID:37997613","ROOT-10.1002/btpr.3413","TITLE_ABSTRACT_INCLUDED","NA","LEVEL_3_DISCOVERY_ONLY","","Prospective root workstream screening."
"ROOT-D0002","PHASE2-SEARCH-0011","PubMed","2026-07-31","Model Validation and Selection in Metabolic Flux Analysis and Flux Balance Analysis.","Kaste JAM; Shachar-Hill Y","2023","PMID:36994165","PMID:36994165","ROOT-pmid:36994165","TITLE_ABSTRACT_INCLUDED","NA","LEVEL_3_DISCOVERY_ONLY","","Prospective root workstream screening."
"ROOT-D0003","PHASE2-SEARCH-0011","PubMed","2026-07-31","Validation-based model selection for 13C metabolic flux analysis with uncertain measurement errors.","Sundqvist N; Grankvist N; Watrous J; Mohit J; Nilsson R; Cedersund G","2022","10.1371/journal.pcbi.1009999","PMID:35404953","ROOT-10.1371/journal.pcbi.1009999","FULL_TEXT_INCLUDED","NA","LEVEL_1_LOAD_BEARING","P0030","Prospective root workstream screening."
"ROOT-D0004","PHASE2-SEARCH-0011","PubMed","2026-07-31","Parallel labeling experiments with [U-13C]glucose validate E. coli metabolic network model for 13C metabolic flux analysis.","Leighty RW; Antoniewicz MR","2012","10.1016/j.ymben.2012.06.003","PMID:22771935","ROOT-10.1016/j.ymben.2012.06.003","TITLE_ABSTRACT_INCLUDED","NA","LEVEL_2_SUPPORTING","P0033","Prospective root workstream screening."
"ROOT-D0005","PHASE2-SEARCH-0013","OpenAlex","2026-07-31","Flux balance analysis of biological systems: applications and challenges","Karthik Raman; Nagasuma Chandra","2009","10.1093/bib/bbp011","https://openalex.org/W2078775934","ROOT-10.1093/bib/bbp011","TITLE_ABSTRACT_EXCLUDED","OUTSIDE_METABOLIC_MODEL_DISCRIMINATION_SCOPE","LEVEL_3_DISCOVERY_ONLY","","Prospective root workstream screening; only the preserved result page was screened."
"ROOT-D0006","PHASE2-SEARCH-0013","OpenAlex","2026-07-31","Machine and deep learning meet genome-scale metabolic modeling","Guido Zampieri; Supreeta Vijayakumar; Elisabeth Yaneske; Claudio Angione","2019","10.1371/journal.pcbi.1007084","https://openalex.org/W2948600471","ROOT-10.1371/journal.pcbi.1007084","TITLE_ABSTRACT_EXCLUDED","OUTSIDE_METABOLIC_MODEL_DISCRIMINATION_SCOPE","LEVEL_3_DISCOVERY_ONLY","","Prospective root workstream screening; only the preserved result page was screened."
"ROOT-D0007","PHASE2-SEARCH-0013","OpenAlex","2026-07-31","The Protein Cost of Metabolic Fluxes: Prediction from Enzymatic Rate Laws and Cost Minimization","Εlad Noor; Avi I. Flamholz; Arren Bar‐Even; Dan Davidi; Ron Milo; Wolfram Liebermeister","2016","10.1371/journal.pcbi.1005167","https://openalex.org/W2312280072","ROOT-10.1371/journal.pcbi.1005167","TITLE_ABSTRACT_EXCLUDED","OUTSIDE_METABOLIC_MODEL_DISCRIMINATION_SCOPE","LEVEL_3_DISCOVERY_ONLY","","Prospective root workstream screening; only the preserved result page was screened."
"ROOT-D0008","PHASE2-SEARCH-0013","OpenAlex","2026-07-31","Recent advances in metabolic engineering of Saccharomyces cerevisiae: New tools and their applications","Jiazhang Lian; Shekhar Mishra; Huimin Zhao","2018","10.1016/j.ymben.2018.04.011","https://openalex.org/W2801954748","ROOT-10.1016/j.ymben.2018.04.011","TITLE_ABSTRACT_EXCLUDED","OUTSIDE_METABOLIC_MODEL_DISCRIMINATION_SCOPE","LEVEL_3_DISCOVERY_ONLY","","Prospective root workstream screening; only the preserved result page was screened."
"ROOT-D0009","PHASE2-SEARCH-0013","OpenAlex","2026-07-31","Metabolic Modelling as a Framework for Metabolomics Data Integration and Analysis","Svetlana Volkova; Marta R. A. Matos; Matthias Mattanovich; Igor Marín de Mas","2020","10.3390/metabo10080303","https://openalex.org/W3044317230","ROOT-10.3390/metabo10080303","TITLE_ABSTRACT_EXCLUDED","OUTSIDE_METABOLIC_MODEL_DISCRIMINATION_SCOPE","LEVEL_3_DISCOVERY_ONLY","","Prospective root workstream screening; only the preserved result page was screened."
"ROOT-D0010","PHASE2-SEARCH-0013","OpenAlex","2026-07-31","Model validation and selection in metabolic flux analysis and flux balance analysis","Joshua A. M. Kaste; Yair Shachar‐Hill","2023","10.1002/btpr.3413","https://openalex.org/W4361304224","ROOT-10.1002/btpr.3413","DUPLICATE","DUPLICATE_OF_EARLIER_PHASE2_OCCURRENCE","LEVEL_3_DISCOVERY_ONLY","","Prospective root workstream screening; only the preserved result page was screened."
"ROOT-D0011","PHASE2-SEARCH-0013","OpenAlex","2026-07-31","Genome-Scale Metabolic Modeling Enables In-Depth Understanding of Big Data","Anurag Passi; Juan D. Tibocha‐Bonilla; Manish Kumar; Diego Tec-Campos; Karsten Zengler; Cristal Zúñiga","2021","10.3390/metabo12010014","https://openalex.org/W4200380646","ROOT-10.3390/metabo12010014","TITLE_ABSTRACT_EXCLUDED","OUTSIDE_METABOLIC_MODEL_DISCRIMINATION_SCOPE","LEVEL_3_DISCOVERY_ONLY","","Prospective root workstream screening; only the preserved result page was screened."
"ROOT-D0012","PHASE2-SEARCH-0013","OpenAlex","2026-07-31","Comprehensive assessment of measurement uncertainty in 13C-based metabolic flux experiments","Teresa Mairinger; Wolfhard Wegscheider; David A. Peña; Matthias G. Steiger; Gunda Koellensperger; Jürgen Zanghellini; Stephan Hann","2018","10.1007/s00216-018-1017-7","https://openalex.org/W2797301123","ROOT-10.1007/s00216-018-1017-7","TITLE_ABSTRACT_INCLUDED","NA","LEVEL_3_DISCOVERY_ONLY","","Prospective root workstream screening; only the preserved result page was screened."
"ROOT-D0013","PHASE2-SEARCH-0013","OpenAlex","2026-07-31","OpenFLUX2: 13C-MFA modeling software package adjusted for the comprehensive analysis of single and parallel labeling experiments","М.С. Шуплецов; L. I. Golubeva; Svetlana S Rubina; Dmitry A Podvyaznikov; Shintaro Iwatani; Sergey V. Mashko","2014","10.1186/s12934-014-0152-x","https://openalex.org/W2127636197","ROOT-10.1186/s12934-014-0152-x","TITLE_ABSTRACT_INCLUDED","NA","LEVEL_3_DISCOVERY_ONLY","","Prospective root workstream screening; only the preserved result page was screened."
"ROOT-D0014","PHASE2-SEARCH-0013","OpenAlex","2026-07-31","Systematic Construction of Kinetic Models from Genome-Scale Metabolic Networks","Natalie Stanford; Timo Lubitz; Kieran Smallbone; Edda Klipp; Pedro Mendes; Wolfram Liebermeister","2013","10.1371/journal.pone.0079195","https://openalex.org/W2000150815","ROOT-10.1371/journal.pone.0079195","TITLE_ABSTRACT_EXCLUDED","OUTSIDE_METABOLIC_MODEL_DISCRIMINATION_SCOPE","LEVEL_3_DISCOVERY_ONLY","","Prospective root workstream screening; only the preserved result page was screened."
"ROOT-D0015","PHASE2-SEARCH-0013","OpenAlex","2026-07-31","One‐shot 13C15N‐metabolic flux analysis for simultaneous quantification of carbon and nitrogen flux","Khushboo Borah; Martin Beyß; Ye Xu; Jim Barber; Catia Costa; Jane Newcombe; Axel Theorell; Melanie J. Bailey; Dany J. V. Beste; Johnjoe McFadden; Katharina Nöh","2023","10.15252/msb.202211099","https://openalex.org/W4318219817","ROOT-10.15252/msb.202211099","TITLE_ABSTRACT_EXCLUDED","OUTSIDE_METABOLIC_MODEL_DISCRIMINATION_SCOPE","LEVEL_3_DISCOVERY_ONLY","","Prospective root workstream screening; only the preserved result page was screened."
"ROOT-D0016","PHASE2-SEARCH-0013","OpenAlex","2026-07-31","The return of metabolism: biochemistry and physiology of the pentose phosphate pathway","Anna Stincone; Alessandro Prigione; Thorsten Cramer; Mirjam M. C. Wamelink; Kate Campbell; Eric C. Cheung; Viridiana Olín‐Sandoval; Nana‐Maria Grüning; Antje Krüger; Mohammad Tauqeer Alam; Markus A. Keller; Michael Breitenbach; Kevin M. Brindle; Joshua D. Rabinowitz; Markus Ralser","2014","10.1111/brv.12140","https://openalex.org/W1673751863","ROOT-10.1111/brv.12140","TITLE_ABSTRACT_EXCLUDED","OUTSIDE_METABOLIC_MODEL_DISCRIMINATION_SCOPE","LEVEL_3_DISCOVERY_ONLY","","Prospective root workstream screening; only the preserved result page was screened."
"ROOT-D0017","PHASE2-SEARCH-0013","OpenAlex","2026-07-31","Visual workflows for 13 C-metabolic flux analysis","Katharina Nöh; Peter Droste; Wolfgang Wiechert","2014","10.1093/bioinformatics/btu585","https://openalex.org/W2150071383","ROOT-10.1093/bioinformatics/btu585","TITLE_ABSTRACT_EXCLUDED","OUTSIDE_METABOLIC_MODEL_DISCRIMINATION_SCOPE","LEVEL_3_DISCOVERY_ONLY","","Prospective root workstream screening; only the preserved result page was screened."
"ROOT-D0018","PHASE2-SEARCH-0013","OpenAlex","2026-07-31","A genome-scale metabolic flux model of Escherichia coli K–12 derived from the EcoCyc database","Daniel Weaver; Ingrid M. Keseler; Amanda Mackie; Ian T. Paulsen; Peter D. Karp","2014","10.1186/1752-0509-8-79","https://openalex.org/W2162115836","ROOT-10.1186/1752-0509-8-79","TITLE_ABSTRACT_INCLUDED","NA","LEVEL_3_DISCOVERY_ONLY","","Prospective root workstream screening; only the preserved result page was screened."
"ROOT-D0019","PHASE2-SEARCH-0013","OpenAlex","2026-07-31","Yeast metabolic innovations emerged via expanded metabolic network and gene positive selection","Hongzhong Lu; Feiran Li; Le Yuan; Iván Domenzain; Rosemary Yu; Hao Wang; Gang Li; Yu Chen; Boyang Ji; Eduard J. Kerkhoven; Jens Nielsen","2021","10.15252/msb.202110427","https://openalex.org/W3206238391","ROOT-10.15252/msb.202110427","TITLE_ABSTRACT_EXCLUDED","OUTSIDE_METABOLIC_MODEL_DISCRIMINATION_SCOPE","LEVEL_3_DISCOVERY_ONLY","","Prospective root workstream screening; only the preserved result page was screened."
"ROOT-D0020","PHASE2-SEARCH-0013","OpenAlex","2026-07-31","From correlation to causation: analysis of metabolomics data using systems biology approaches","Antonio Rosato; Leonardo Tenori; Marta Cascante; Pedro de Atauri; Vítor A. P. Martins dos Santos; Edoardo Saccenti","2018","10.1007/s11306-018-1335-y","https://openalex.org/W2794105678","ROOT-10.1007/s11306-018-1335-y","TITLE_ABSTRACT_EXCLUDED","OUTSIDE_METABOLIC_MODEL_DISCRIMINATION_SCOPE","LEVEL_3_DISCOVERY_ONLY","","Prospective root workstream screening; only the preserved result page was screened."
"ROOT-D0021","PHASE2-SEARCH-0013","OpenAlex","2026-07-31","Ecosystem fluxes during drought and recovery in an experimental forest","Christiane Werner; Laura Meredith; S. Nemiah Ladd; Johannes Ingrisch; Angelika Kübert; Joost van Haren; Michael Bahn; Kinzie Bailey; Ines Bamberger; Matthias Beyer; Daniel Blomdahl; Joseph Byron; L. Erik Daber; Jason Deleeuw; Michaela A. Dippold; Jane Fudyma; Juliana Gil-Loaiza; Linnea K. Honeker; Jia Hu; Jianbei Huang; T. Klüpfel; Jordan Krechmer; Jürgen Kreuzwieser; Kathrin Kühnhammer; Marco M. Lehmann; Kathiravan Meeran; Pawel K. Misztal; Wei-Ren Ng; Eva Y. Pfannerstill; Giovanni Pugliese; Gemma Purser; Joseph Roscioli; Lingling Shi; Malak Tfaily; Jonathan Williams","2021","10.1126/science.abj6789","https://openalex.org/W4200211463","ROOT-10.1126/science.abj6789","TITLE_ABSTRACT_EXCLUDED","OUTSIDE_METABOLIC_MODEL_DISCRIMINATION_SCOPE","LEVEL_3_DISCOVERY_ONLY","","Prospective root workstream screening; only the preserved result page was screened."
"ROOT-D0022","PHASE2-SEARCH-0013","OpenAlex","2026-07-31","Life and death in the soil microbiome: how ecological processes influence biogeochemistry","Noah W. Sokol; Eric Slessarev; Gianna L. Marschmann; Alexa M. Nicolas; Steven J. Blazewicz; Eoin Brodie; Mary K. Firestone; Megan Foley; Rachel Hestrin; Bruce A. Hungate; Benjamin J. Koch; Bram WG Stone; Matthew B. Sullivan; Olivier Zablocki; Gareth Trubl; Karis J. McFarlane; Rhona Stuart; Erin Nuccio; Peter Weber; Yongqin Jiao; Mavrik Zavarin; Jeffrey A. Kimbrel; Keith D. Morrison; Dinesh Adhikari; Amrita Bhattacharaya; Peter Nico; Jinyun Tang; Nicole DiDonato; Ljiljana Paša‐Tolić; Alex Greenlon; Ella T. Sieradzki; Paul Dijkstra; Egbert Schwartz; Rohan Sachdeva; Jillian F. Banfield; Jennifer Pett‐Ridge","2022","10.1038/s41579-022-00695-z","https://openalex.org/W4214637392","ROOT-10.1038/s41579-022-00695-z","TITLE_ABSTRACT_EXCLUDED","OUTSIDE_METABOLIC_MODEL_DISCRIMINATION_SCOPE","LEVEL_3_DISCOVERY_ONLY","","Prospective root workstream screening; only the preserved result page was screened."
"ROOT-D0023","PHASE2-SEARCH-0013","OpenAlex","2026-07-31","A critical view of metabolic network adaptations","Balázs Papp; Bas Teusink; Richard A. Notebaart","2008","10.2976/1.3020599","https://openalex.org/W2112364806","ROOT-10.2976/1.3020599","TITLE_ABSTRACT_EXCLUDED","OUTSIDE_METABOLIC_MODEL_DISCRIMINATION_SCOPE","LEVEL_3_DISCOVERY_ONLY","","Prospective root workstream screening; only the preserved result page was screened."
"ROOT-D0024","PHASE2-SEARCH-0013","OpenAlex","2026-07-31","Metabolomics and modelling approaches for systems metabolic engineering","Jasmeet Kaur Khanijou; Hanna Kulyk; Cécilia Bergès; Leng Wei Khoo; Pnelope Ng; Hock Chuan Yeo; Mohamed Helmy; Floriant Bellvert; Wee Chew; Kumar Selvarajoo","2022","10.1016/j.mec.2022.e00209","https://openalex.org/W4306254899","ROOT-10.1016/j.mec.2022.e00209","TITLE_ABSTRACT_EXCLUDED","OUTSIDE_METABOLIC_MODEL_DISCRIMINATION_SCOPE","LEVEL_3_DISCOVERY_ONLY","","Prospective root workstream screening; only the preserved result page was screened."
"ROOT-D0025","PHASE2-SEARCH-0013","OpenAlex","2026-07-31","Estimating Relative Changes of Metabolic Fluxes","Lei Huang; Dong-Sung Kim; Xiaojing Liu; Christopher R. Myers; Jason W. Locasale","2014","10.1371/journal.pcbi.1003958","https://openalex.org/W1981505595","ROOT-10.1371/journal.pcbi.1003958","TITLE_ABSTRACT_EXCLUDED","OUTSIDE_METABOLIC_MODEL_DISCRIMINATION_SCOPE","LEVEL_3_DISCOVERY_ONLY","","Prospective root workstream screening; only the preserved result page was screened."
"ROOT-D0026","PHASE2-SEARCH-0013","OpenAlex","2026-07-31","Achieving Metabolic Flux Analysis for S. cerevisiae at a Genome-Scale: Challenges, Requirements, and Considerations","Saratram Gopalakrishnan; Costas D. Maranas","2015","10.3390/metabo5030521","https://openalex.org/W1959572216","ROOT-10.3390/metabo5030521","TITLE_ABSTRACT_EXCLUDED","OUTSIDE_METABOLIC_MODEL_DISCRIMINATION_SCOPE","LEVEL_3_DISCOVERY_ONLY","","Prospective root workstream screening; only the preserved result page was screened."
"ROOT-D0027","PHASE2-SEARCH-0013","OpenAlex","2026-07-31","BayFlux: A Bayesian method to quantify metabolic Fluxes and their uncertainty at the genome scale","Tyler W. H. Backman; Christina Schenk; Tijana Radivojević; David Ando; Jahnavi Singh; Jeffrey J. Czajka; Zak Costello; Jay D. Keasling; Yinjie Tang; Elena Akhmatskaya; Héctor García Martín","2023","10.1371/journal.pcbi.1011111","https://openalex.org/W4388562984","ROOT-10.1371/journal.pcbi.1011111","TITLE_ABSTRACT_INCLUDED","NA","LEVEL_3_DISCOVERY_ONLY","","Prospective root workstream screening; only the preserved result page was screened."
"ROOT-D0028","PHASE2-SEARCH-0013","OpenAlex","2026-07-31","From integrative structural biology to cell biology","Andrej Šali","2021","10.1016/j.jbc.2021.100743","https://openalex.org/W3157910233","ROOT-10.1016/j.jbc.2021.100743","TITLE_ABSTRACT_EXCLUDED","OUTSIDE_METABOLIC_MODEL_DISCRIMINATION_SCOPE","LEVEL_3_DISCOVERY_ONLY","","Prospective root workstream screening; only the preserved result page was screened."
"ROOT-D0029","PHASE2-SEARCH-0013","OpenAlex","2026-07-31","The Jena Diversity-Dynamic Global Vegetation Model (JeDi-DGVM): a diverse approach to representing terrestrial biogeography and biogeochemistry based on plant functional trade-offs","Ryan Pavlick; D. Drewry; K. Bohn; B. Reu; Axel Kleidon","2013","10.5194/bg-10-4137-2013","https://openalex.org/W2105808960","ROOT-10.5194/bg-10-4137-2013","TITLE_ABSTRACT_EXCLUDED","OUTSIDE_METABOLIC_MODEL_DISCRIMINATION_SCOPE","LEVEL_3_DISCOVERY_ONLY","","Prospective root workstream screening; only the preserved result page was screened."
"ROOT-D0030","PHASE2-SEARCH-0013","OpenAlex","2026-07-31","Local flux coordination and global gene expression regulation in metabolic modeling","Gaoyang Li; Li Liu; Wei Du; Huansheng Cao","2023","10.1038/s41467-023-41392-6","https://openalex.org/W4386739120","ROOT-10.1038/s41467-023-41392-6","TITLE_ABSTRACT_EXCLUDED","OUTSIDE_METABOLIC_MODEL_DISCRIMINATION_SCOPE","LEVEL_3_DISCOVERY_ONLY","","Prospective root workstream screening; only the preserved result page was screened."
"ROOT-D0031","PHASE2-SEARCH-0013","OpenAlex","2026-07-31","Partitioning of ocean and land uptake of CO<sub>2</sub> as inferred by δ<sup>13</sup>C measurements from the NOAA Climate Monitoring and Diagnostics Laboratory Global Air Sampling Network","Philippe Ciais; Pieter P. Tans; James W. C. White; M. Trolier; R. J. Francey; Joe A. Berry; David R. Randall; P. J. Sellers; James G. Collatz; David Schimel","1995","10.1029/94jd02847","https://openalex.org/W2130023012","ROOT-10.1029/94jd02847","TITLE_ABSTRACT_EXCLUDED","OUTSIDE_METABOLIC_MODEL_DISCRIMINATION_SCOPE","LEVEL_3_DISCOVERY_ONLY","","Prospective root workstream screening; only the preserved result page was screened."
"ROOT-D0032","PHASE2-SEARCH-0013","OpenAlex","2026-07-31","Construction of feasible and accurate kinetic models of metabolism: A Bayesian approach","Pedro A. Saa; Lars K. Nielsen","2016","10.1038/srep29635","https://openalex.org/W2461742269","ROOT-10.1038/srep29635","TITLE_ABSTRACT_EXCLUDED","OUTSIDE_METABOLIC_MODEL_DISCRIMINATION_SCOPE","LEVEL_3_DISCOVERY_ONLY","","Prospective root workstream screening; only the preserved result page was screened."
"ROOT-D0033","PHASE2-SEARCH-0013","OpenAlex","2026-07-31","Nutritional Systems Biology Modeling: From Molecular Mechanisms to Physiology","Albert A. de Graaf; Andreas P. Freidig; Baukje de Roos; Neema Jamshidi; Matthias Heinemann; J.A.C. Rullmann; Kevin D. Hall; Martin Adiels; Ben van Ommen","2009","10.1371/journal.pcbi.1000554","https://openalex.org/W2107941528","ROOT-10.1371/journal.pcbi.1000554","TITLE_ABSTRACT_EXCLUDED","OUTSIDE_METABOLIC_MODEL_DISCRIMINATION_SCOPE","LEVEL_3_DISCOVERY_ONLY","","Prospective root workstream screening; only the preserved result page was screened."
"ROOT-D0034","PHASE2-SEARCH-0013","OpenAlex","2026-07-31","A system of metrics for the assessment and improvement of aquatic ecosystem models","Matthew R. Hipsey; Gideon Gal; George B. Arhonditsis; Cayelan C. Carey; J. Alex Elliott; Marieke A. Frassl; Jan H. Janse; L. de Mora; Barbara Robson","2020","10.1016/j.envsoft.2020.104697","https://openalex.org/W3011281671","ROOT-10.1016/j.envsoft.2020.104697","TITLE_ABSTRACT_EXCLUDED","OUTSIDE_METABOLIC_MODEL_DISCRIMINATION_SCOPE","LEVEL_3_DISCOVERY_ONLY","","Prospective root workstream screening; only the preserved result page was screened."
"ROOT-D0035","PHASE2-SEARCH-0013","OpenAlex","2026-07-31","Murine Electrophysiological Models of Cardiac Arrhythmogenesis","Christopher Huang","2016","10.1152/physrev.00007.2016","https://openalex.org/W2565778938","ROOT-10.1152/physrev.00007.2016","TITLE_ABSTRACT_EXCLUDED","OUTSIDE_METABOLIC_MODEL_DISCRIMINATION_SCOPE","LEVEL_3_DISCOVERY_ONLY","","Prospective root workstream screening; only the preserved result page was screened."
"ROOT-D0036","PHASE2-SEARCH-0013","OpenAlex","2026-07-31","A pathogen-specific isotope tracing approach reveals metabolic activities and fluxes of intracellular Salmonella","Karin Mitosch; Martin Beyß; Prasad Phapale; Bernhard Drotleff; Katharina Nöh; Theodore Alexandrov; Kiran Raosaheb Patil; Athanasios Typas","2023","10.1371/journal.pbio.3002198","https://openalex.org/W4385971524","ROOT-10.1371/journal.pbio.3002198","TITLE_ABSTRACT_EXCLUDED","OUTSIDE_METABOLIC_MODEL_DISCRIMINATION_SCOPE","LEVEL_3_DISCOVERY_ONLY","","Prospective root workstream screening; only the preserved result page was screened."
"ROOT-D0037","PHASE2-SEARCH-0013","OpenAlex","2026-07-31","Impact of Stoichiometry Representation on Simulation of Genotype-Phenotype Relationships in Metabolic Networks","Ana Rita Brochado; Sergej Andrejev; Costas D. Maranas; Kiran Raosaheb Patil","2012","10.1371/journal.pcbi.1002758","https://openalex.org/W2050073769","ROOT-10.1371/journal.pcbi.1002758","TITLE_ABSTRACT_EXCLUDED","OUTSIDE_METABOLIC_MODEL_DISCRIMINATION_SCOPE","LEVEL_3_DISCOVERY_ONLY","","Prospective root workstream screening; only the preserved result page was screened."
"ROOT-D0038","PHASE2-SEARCH-0013","OpenAlex","2026-07-31","An objective function exploiting suboptimal solutions in metabolic networks","Edwin H. Wintermute; Tami D. Lieberman; Pamela A. Silver","2013","10.1186/1752-0509-7-98","https://openalex.org/W1964754685","ROOT-10.1186/1752-0509-7-98","TITLE_ABSTRACT_EXCLUDED","OUTSIDE_METABOLIC_MODEL_DISCRIMINATION_SCOPE","LEVEL_3_DISCOVERY_ONLY","","Prospective root workstream screening; only the preserved result page was screened."
"ROOT-D0039","PHASE2-SEARCH-0013","OpenAlex","2026-07-31","Real-time carbon allocation into biogenic volatile organic compounds (BVOCs) and respiratory carbon dioxide (CO2) traced by PTR-TOF-MS, 13CO2 laser spectroscopy and 13C-pyruvate labelling","Lukas Fasbender; Ana María Yáñez‐Serrano; Jürgen Kreuzwieser; David Dubbert; Christiane Werner","2018","10.1371/journal.pone.0204398","https://openalex.org/W2893045577","ROOT-10.1371/journal.pone.0204398","TITLE_ABSTRACT_EXCLUDED","OUTSIDE_METABOLIC_MODEL_DISCRIMINATION_SCOPE","LEVEL_3_DISCOVERY_ONLY","","Prospective root workstream screening; only the preserved result page was screened."
"ROOT-D0040","PHASE2-SEARCH-0013","OpenAlex","2026-07-31","Forest carbon allocation modelling under climate change","Katarína Merganičová; Ján Merganič; Aleksi Lehtonen; Giorgio Vacchiano; Maša Zorana Ostrogović Sever; Andrey Lessa Derci Augustynczik; Rüdiger Grote; Ina Kyselová; Annikki Mäkelä; Rasoul Yousefpour; Jan Krejza; Alessio Collalti; Christopher Reyer","2019","10.1093/treephys/tpz105","https://openalex.org/W2990434306","ROOT-10.1093/treephys/tpz105","TITLE_ABSTRACT_EXCLUDED","OUTSIDE_METABOLIC_MODEL_DISCRIMINATION_SCOPE","LEVEL_3_DISCOVERY_ONLY","","Prospective root workstream screening; only the preserved result page was screened."
"ROOT-D0041","PHASE2-SEARCH-0013","OpenAlex","2026-07-31","HILIC-Enabled 13C Metabolomics Strategies: Comparing Quantitative Precision and Spectral Accuracy of QTOF High- and QQQ Low-Resolution Mass Spectrometry","André Feith; Attila Teleki; Michaela Graf; Lorenzo Favilli; Ralf Takors","2019","10.3390/metabo9040063","https://openalex.org/W2926544719","ROOT-10.3390/metabo9040063","TITLE_ABSTRACT_EXCLUDED","OUTSIDE_METABOLIC_MODEL_DISCRIMINATION_SCOPE","LEVEL_3_DISCOVERY_ONLY","","Prospective root workstream screening; only the preserved result page was screened."
"ROOT-D0042","PHASE2-SEARCH-0013","OpenAlex","2026-07-31","Recent advances in constraint and machine learning-based metabolic modeling by leveraging stoichiometric balances, thermodynamic feasibility and kinetic law formalisms","Patrick F. Suthers; Charles Foster; Debolina Sarkar; Lin Wang; Costas D. Maranas","2020","10.1016/j.ymben.2020.11.013","https://openalex.org/W3110784682","ROOT-10.1016/j.ymben.2020.11.013","TITLE_ABSTRACT_EXCLUDED","OUTSIDE_METABOLIC_MODEL_DISCRIMINATION_SCOPE","LEVEL_3_DISCOVERY_ONLY","","Prospective root workstream screening; only the preserved result page was screened."
"ROOT-D0043","PHASE2-SEARCH-0013","OpenAlex","2026-07-31","How reliable are Chinese hamster ovary (CHO) cell genome‐scale metabolic models?","Benjamin Strain; James Morrissey; Athanasios Antonakoudis; Cleo Kontoravdi","2023","10.1002/bit.28366","https://openalex.org/W4323036391","ROOT-10.1002/bit.28366","TITLE_ABSTRACT_EXCLUDED","OUTSIDE_METABOLIC_MODEL_DISCRIMINATION_SCOPE","LEVEL_3_DISCOVERY_ONLY","","Prospective root workstream screening; only the preserved result page was screened."
"ROOT-D0044","PHASE2-SEARCH-0013","OpenAlex","2026-07-31","CHOmpact: A reduced metabolic model of Chinese hamster ovary cells with enhanced interpretability","Ioscani Jiménez del Val; Sarantos Kyriakopoulos; Simone Albrecht; Henning Stöckmann; Pauline M. Rudd; Karen M. Polizzi; Cleo Kontoravdi","2023","10.1002/bit.28459","https://openalex.org/W4379377227","ROOT-10.1002/bit.28459","TITLE_ABSTRACT_EXCLUDED","OUTSIDE_METABOLIC_MODEL_DISCRIMINATION_SCOPE","LEVEL_3_DISCOVERY_ONLY","","Prospective root workstream screening; only the preserved result page was screened."
"ROOT-D0045","PHASE2-SEARCH-0013","OpenAlex","2026-07-31","Synthetic and systems biology for microbial production of commodity chemicals","Victor Chubukov; Aindrila Mukhopadhyay; Christopher J. Petzold; Jay D. Keasling; Héctor García Martín","2016","10.1038/npjsba.2016.9","https://openalex.org/W2328214874","ROOT-10.1038/npjsba.2016.9","TITLE_ABSTRACT_EXCLUDED","OUTSIDE_METABOLIC_MODEL_DISCRIMINATION_SCOPE","LEVEL_3_DISCOVERY_ONLY","","Prospective root workstream screening; only the preserved result page was screened."
"ROOT-D0046","PHASE2-SEARCH-0013","OpenAlex","2026-07-31","Metabolomics: A Global Biochemical Approach to the Study of Central Nervous System Diseases","Rima Kaddurah‐Daouk; Kousik Krishnan","2008","10.1038/npp.2008.174","https://openalex.org/W2163545549","ROOT-10.1038/npp.2008.174","TITLE_ABSTRACT_EXCLUDED","OUTSIDE_METABOLIC_MODEL_DISCRIMINATION_SCOPE","LEVEL_3_DISCOVERY_ONLY","","Prospective root workstream screening; only the preserved result page was screened."
"ROOT-D0047","PHASE2-SEARCH-0013","OpenAlex","2026-07-31","Priming mechanisms providing plants and microbes access to mineral-associated organic matter","Andrea Jilling; Marco Keiluweit; Jessica Gutknecht; A. Stuart Grandy","2021","10.1016/j.soilbio.2021.108265","https://openalex.org/W3154798818","ROOT-10.1016/j.soilbio.2021.108265","TITLE_ABSTRACT_EXCLUDED","OUTSIDE_METABOLIC_MODEL_DISCRIMINATION_SCOPE","LEVEL_3_DISCOVERY_ONLY","","Prospective root workstream screening; only the preserved result page was screened."
"ROOT-D0048","PHASE2-SEARCH-0013","OpenAlex","2026-07-31","Fermentation Process and Metabolic Flux of Ethanol Production from the Detoxified Hydrolyzate of Cassava Residue","Xingjiang Li; Yongdong Deng; Ying Yang; Zhao‐Jun Wei; Jieshun Cheng; Lili Cao; Dongdong Mu; Shuizhong Luo; Zhi Zheng; Shaotong Jiang; Xuefeng Wu","2017","10.3389/fmicb.2017.01603","https://openalex.org/W2749549403","ROOT-10.3389/fmicb.2017.01603","TITLE_ABSTRACT_EXCLUDED","OUTSIDE_METABOLIC_MODEL_DISCRIMINATION_SCOPE","LEVEL_3_DISCOVERY_ONLY","","Prospective root workstream screening; only the preserved result page was screened."
"ROOT-D0049","PHASE2-SEARCH-0013","OpenAlex","2026-07-31","Recent development and biomedical applications of probabilistic Boolean networks","Panuwat Trairatphisan; Andrzej Mizera; Jun Pang; Alexandru Tantar; Jochen G. Schneider; Thomas Sauter","2013","10.1186/1478-811x-11-46","https://openalex.org/W2155898089","ROOT-10.1186/1478-811x-11-46","TITLE_ABSTRACT_EXCLUDED","OUTSIDE_METABOLIC_MODEL_DISCRIMINATION_SCOPE","LEVEL_3_DISCOVERY_ONLY","","Prospective root workstream screening; only the preserved result page was screened."
"ROOT-D0050","PHASE2-SEARCH-0013","OpenAlex","2026-07-31","Assessing fungal contributions to cellulose degradation in soil by using high-throughput stable isotope probing","Chantal Koechli; Ashley Campbell; Charles Pepe‐Ranney; Daniel H. Buckley","2018","10.1016/j.soilbio.2018.12.013","https://openalex.org/W2905494423","ROOT-10.1016/j.soilbio.2018.12.013","TITLE_ABSTRACT_EXCLUDED","OUTSIDE_METABOLIC_MODEL_DISCRIMINATION_SCOPE","LEVEL_3_DISCOVERY_ONLY","","Prospective root workstream screening; only the preserved result page was screened."
"ROOT-D0051","PHASE2-SEARCH-0013","OpenAlex","2026-07-31","Site-selective 13C labeling of proteins using erythrose","Ulrich Weininger","2017","10.1007/s10858-017-0096-7","https://openalex.org/W2592736255","ROOT-10.1007/s10858-017-0096-7","TITLE_ABSTRACT_EXCLUDED","OUTSIDE_METABOLIC_MODEL_DISCRIMINATION_SCOPE","LEVEL_3_DISCOVERY_ONLY","","Prospective root workstream screening; only the preserved result page was screened."
"ROOT-D0052","PHASE2-SEARCH-0013","OpenAlex","2026-07-31","Current status and future perspectives of kinetic modeling for the cell metabolism with incorporation of the metabolic regulation mechanism","Yu Matsuoka; Kazuyuki Shimizu","2015","10.1186/s40643-014-0031-7","https://openalex.org/W2165703209","ROOT-10.1186/s40643-014-0031-7","TITLE_ABSTRACT_EXCLUDED","OUTSIDE_METABOLIC_MODEL_DISCRIMINATION_SCOPE","LEVEL_3_DISCOVERY_ONLY","","Prospective root workstream screening; only the preserved result page was screened."
"ROOT-D0053","PHASE2-SEARCH-0013","OpenAlex","2026-07-31","Predicting biological system objectives de novo from internal state measurements","Erwin P. Gianchandani; Matthew Oberhardt; Anthony P. Burgard; Costas D. Maranas; Jason A. Papin","2008","10.1186/1471-2105-9-43","https://openalex.org/W2085236271","ROOT-10.1186/1471-2105-9-43","TITLE_ABSTRACT_EXCLUDED","OUTSIDE_METABOLIC_MODEL_DISCRIMINATION_SCOPE","LEVEL_3_DISCOVERY_ONLY","","Prospective root workstream screening; only the preserved result page was screened."
"ROOT-D0054","PHASE2-SEARCH-0013","OpenAlex","2026-07-31","Brain glucose metabolism during hypoglycemia in type 1 diabetes: insights from functional and metabolic neuroimaging studies","Hanne M. M. Rooijackers; Evita Wiegers; Cees J. Tack; Marinette van der Graaf; Bastiaan E. de Galan","2015","10.1007/s00018-015-2079-8","https://openalex.org/W1929988892","ROOT-10.1007/s00018-015-2079-8","TITLE_ABSTRACT_EXCLUDED","OUTSIDE_METABOLIC_MODEL_DISCRIMINATION_SCOPE","LEVEL_3_DISCOVERY_ONLY","","Prospective root workstream screening; only the preserved result page was screened."
"ROOT-D0055","PHASE2-SEARCH-0013","OpenAlex","2026-07-31","Balancing the risks of hydraulic failure and carbon starvation: a twig scale analysis in declining <scp>S</scp>cots pine","Yann Salmon; José Manuel Torres Ruiz; Rafael Poyatos; Jordi Martínez‐Vilalta; Patrick Meir; Hervé Cochard; Maurizio Mencuccini","2015","10.1111/pce.12572","https://openalex.org/W2163269272","ROOT-10.1111/pce.12572","TITLE_ABSTRACT_EXCLUDED","OUTSIDE_METABOLIC_MODEL_DISCRIMINATION_SCOPE","LEVEL_3_DISCOVERY_ONLY","","Prospective root workstream screening; only the preserved result page was screened."
"ROOT-D0056","PHASE2-SEARCH-0013","OpenAlex","2026-07-31","Microbial production of advanced biofuels","Jay D. Keasling; Héctor García Martín; Taek Soon Lee; Aindrila Mukhopadhyay; Steven W. Singer; Eric Sundström","2021","10.1038/s41579-021-00577-w","https://openalex.org/W3177041780","ROOT-10.1038/s41579-021-00577-w","TITLE_ABSTRACT_EXCLUDED","OUTSIDE_METABOLIC_MODEL_DISCRIMINATION_SCOPE","LEVEL_3_DISCOVERY_ONLY","","Prospective root workstream screening; only the preserved result page was screened."
"ROOT-D0057","PHASE2-SEARCH-0013","OpenAlex","2026-07-31","Physicochemical and metabolic constraints for thermodynamics-based stoichiometric modelling under mesophilic growth conditions","Claudio Tomi-Andrino; Rupert Norman; Thomas Millat; Philippe Soucaille; Klaus Winzer; David A. Barrett; John R. King; Dong‐Hyun Kim","2021","10.1371/journal.pcbi.1007694","https://openalex.org/W3125963348","ROOT-10.1371/journal.pcbi.1007694","TITLE_ABSTRACT_EXCLUDED","OUTSIDE_METABOLIC_MODEL_DISCRIMINATION_SCOPE","LEVEL_3_DISCOVERY_ONLY","","Prospective root workstream screening; only the preserved result page was screened."
"ROOT-D0058","PHASE2-SEARCH-0013","OpenAlex","2026-07-31","Metabolic control analysis of L-tryptophan producing Escherichia coli applying targeted perturbation with shikimate","Kristin Schoppel; Natalia Trachtmann; Fabian Mittermeier; Georg A. Sprenger; Dirk Weuster‐Botz","2021","10.1007/s00449-021-02630-7","https://openalex.org/W3199044376","ROOT-10.1007/s00449-021-02630-7","TITLE_ABSTRACT_EXCLUDED","OUTSIDE_METABOLIC_MODEL_DISCRIMINATION_SCOPE","LEVEL_3_DISCOVERY_ONLY","","Prospective root workstream screening; only the preserved result page was screened."
"ROOT-D0059","PHASE2-SEARCH-0013","OpenAlex","2026-07-31","Functional comparison of metabolic networks across species","Charlotte Ramon; Jörg Stelling","2023","10.1038/s41467-023-37429-5","https://openalex.org/W4360992607","ROOT-10.1038/s41467-023-37429-5","TITLE_ABSTRACT_EXCLUDED","OUTSIDE_METABOLIC_MODEL_DISCRIMINATION_SCOPE","LEVEL_3_DISCOVERY_ONLY","","Prospective root workstream screening; only the preserved result page was screened."
"ROOT-D0060","PHASE2-SEARCH-0013","OpenAlex","2026-07-31","Metabolic modelling and 13C flux analysis application to biotechnologically important yeasts and a fungus","Paula Jouhten","2009","https://openalex.org/W2560656643","https://openalex.org/W2560656643","ROOT-https://openalex.org/w2560656643","TITLE_ABSTRACT_INCLUDED","NA","LEVEL_3_DISCOVERY_ONLY","","Prospective root workstream screening; only the preserved result page was screened."
"ROOT-D0061","PHASE2-SEARCH-0013","OpenAlex","2026-07-31","Modeling vegetation and carbon dynamics of managed grasslands at the global scale with LPJmL 3.6","Susanne Rolinski; Christoph Müller; Jens Heinke; Isabelle Weindl; Anne Biewald; Benjamin Leon Bodirsky; Alberte Bondeau; Eltje R. Boons-Prins; Lex Bouwman; P.A. Leffelaar; J.A. te Roller; Sibyll Schaphoff; Kirsten Thonicke","2018","10.5194/gmd-11-429-2018","https://openalex.org/W2591096881","ROOT-10.5194/gmd-11-429-2018","TITLE_ABSTRACT_EXCLUDED","OUTSIDE_METABOLIC_MODEL_DISCRIMINATION_SCOPE","LEVEL_3_DISCOVERY_ONLY","","Prospective root workstream screening; only the preserved result page was screened."
"ROOT-D0062","PHASE2-SEARCH-0013","OpenAlex","2026-07-31","<b> Dynamic genome-based metabolic modeling of the predominant cellulolytic rumen bacterium <i>Fibrobacter succinogenes</i> S85 </b>","Ibrahim Fakih; Jeanne Got; Carlos Eduardo Robles-Rodríguez; Anne Siegel; Évelyne Forano; Rafael Muñoz‐Tamayo","2023","10.1128/msystems.01027-22","https://openalex.org/W4379769057","ROOT-10.1128/msystems.01027-22","TITLE_ABSTRACT_EXCLUDED","OUTSIDE_METABOLIC_MODEL_DISCRIMINATION_SCOPE","LEVEL_3_DISCOVERY_ONLY","","Prospective root workstream screening; only the preserved result page was screened."
"ROOT-D0063","PHASE2-SEARCH-0013","OpenAlex","2026-07-31","Assessing the sensitivity of bivalve populations to global warming using an individual‐based modelling approach","Yoann Thomas; Cédric Bacher","2018","10.1111/gcb.14402","https://openalex.org/W2883521758","ROOT-10.1111/gcb.14402","TITLE_ABSTRACT_EXCLUDED","OUTSIDE_METABOLIC_MODEL_DISCRIMINATION_SCOPE","LEVEL_3_DISCOVERY_ONLY","","Prospective root workstream screening; only the preserved result page was screened."
"ROOT-D0064","PHASE2-SEARCH-0013","OpenAlex","2026-07-31","Geometric Algorithms for Sampling the Flux Space of Metabolic Networks","Apostolos Chalkis; Emiris, Ioannis; Vissarion Fisikopoulos; Elias Tsigaridas; Haris Zafeiropoulos","2020","10.20382/jocg.v14i1a8","https://openalex.org/W3110720237","ROOT-10.20382/jocg.v14i1a8","TITLE_ABSTRACT_EXCLUDED","OUTSIDE_METABOLIC_MODEL_DISCRIMINATION_SCOPE","LEVEL_3_DISCOVERY_ONLY","","Prospective root workstream screening; only the preserved result page was screened."
"ROOT-D0065","PHASE2-SEARCH-0013","OpenAlex","2026-07-31","New Insights Into Energy Substrate Utilization and Metabolic Remodeling in Cardiac Physiological Adaption","Xiaomeng Shi; Hongyu Qiu","2022","10.3389/fphys.2022.831829","https://openalex.org/W4214567862","ROOT-10.3389/fphys.2022.831829","TITLE_ABSTRACT_EXCLUDED","OUTSIDE_METABOLIC_MODEL_DISCRIMINATION_SCOPE","LEVEL_3_DISCOVERY_ONLY","","Prospective root workstream screening; only the preserved result page was screened."
"ROOT-D0066","PHASE2-SEARCH-0013","OpenAlex","2026-07-31","Common principles and best practices for engineering microbiomes","Christopher E. Lawson; William R. Harcombe; Roland Hatzenpichler; Stephen R. Lindemann; Frank E. Löffler; Michelle O’Malley; Héctor García Martín; Brian F. Pfleger; Lutgarde Raskin; Ophelia S. Venturelli; David G. Weissbrodt; Daniel R. Noguera; Katherine D. McMahon","2019","10.1038/s41579-019-0255-9","https://openalex.org/W2974481407","ROOT-10.1038/s41579-019-0255-9","TITLE_ABSTRACT_EXCLUDED","OUTSIDE_METABOLIC_MODEL_DISCRIMINATION_SCOPE","LEVEL_3_DISCOVERY_ONLY","","Prospective root workstream screening; only the preserved result page was screened."
"ROOT-D0067","PHASE2-SEARCH-0013","OpenAlex","2026-07-31","Deletion of transketolase triggers a stringent metabolic response in promastigotes and loss of virulence in amastigotes of Leishmania mexicana","Julie Kovářová; Andrew W. Pountain; David Wildridge; Stefan Weidt; Frédéric Bringaud; Richard Burchmore; Fiona Achcar; Michael P. Barrett","2018","10.1371/journal.ppat.1006953","https://openalex.org/W2793556692","ROOT-10.1371/journal.ppat.1006953","TITLE_ABSTRACT_EXCLUDED","OUTSIDE_METABOLIC_MODEL_DISCRIMINATION_SCOPE","LEVEL_3_DISCOVERY_ONLY","","Prospective root workstream screening; only the preserved result page was screened."
"ROOT-D0068","PHASE2-SEARCH-0013","OpenAlex","2026-07-31","Steady-State Metabolite Concentrations Reflect a Balance between Maximizing Enzyme Efficiency and Minimizing Total Metabolite Load","Naama Tepper; Εlad Noor; Daniel Amador‐Noguez; Hulda S. Haraldsdóttir; Ron Milo; Joshua D. Rabinowitz; Wolfram Liebermeister; Tomer Shlomi","2013","10.1371/journal.pone.0075370","https://openalex.org/W1967500610","ROOT-10.1371/journal.pone.0075370","TITLE_ABSTRACT_EXCLUDED","OUTSIDE_METABOLIC_MODEL_DISCRIMINATION_SCOPE","LEVEL_3_DISCOVERY_ONLY","","Prospective root workstream screening; only the preserved result page was screened."
"ROOT-D0069","PHASE2-SEARCH-0013","OpenAlex","2026-07-31","Groundwater–surface water mixing shifts ecological assembly processes and stimulates organic carbon turnover","James Stegen; James K. Fredrickson; Michael J. Wilkins; Allan Konopka; William Nelson; Evan Arntzen; William Chrisler; Rosalie Chu; Robert Danczak; Sarah Fansler; David W. Kennedy; Charles T. Resch; Malak Tfaily","2016","10.1038/ncomms11237","https://openalex.org/W2331644702","ROOT-10.1038/ncomms11237","TITLE_ABSTRACT_EXCLUDED","OUTSIDE_METABOLIC_MODEL_DISCRIMINATION_SCOPE","LEVEL_3_DISCOVERY_ONLY","","Prospective root workstream screening; only the preserved result page was screened."
"ROOT-D0070","PHASE2-SEARCH-0013","OpenAlex","2026-07-31","Synthetic biology of cyanobacteria: unique challenges and opportunities","Bertram M. Berla; Rajib Saha; Cheryl M. Immethun; Costas D. Maranas; Tae Seok Moon; Himadri B. Pakrasi","2013","10.3389/fmicb.2013.00246","https://openalex.org/W2151104145","ROOT-10.3389/fmicb.2013.00246","TITLE_ABSTRACT_EXCLUDED","OUTSIDE_METABOLIC_MODEL_DISCRIMINATION_SCOPE","LEVEL_3_DISCOVERY_ONLY","","Prospective root workstream screening; only the preserved result page was screened."
"ROOT-D0071","PHASE2-SEARCH-0013","OpenAlex","2026-07-31","Modelling northern peatland area and carbon dynamics since the Holocene with the ORCHIDEE-PEAT land surface model (SVN r5488)","Chunjing Qiu; Dan Zhu; Philippe Ciais; Bertrand Guenet; Shushi Peng; Gerhard Krinner; Ardalan Tootchi; Agnès Ducharne; Adam Hastie","2019","10.5194/gmd-12-2961-2019","https://openalex.org/W2903251709","ROOT-10.5194/gmd-12-2961-2019","TITLE_ABSTRACT_EXCLUDED","OUTSIDE_METABOLIC_MODEL_DISCRIMINATION_SCOPE","LEVEL_3_DISCOVERY_ONLY","","Prospective root workstream screening; only the preserved result page was screened."
"ROOT-D0072","PHASE2-SEARCH-0013","OpenAlex","2026-07-31","The Parenchyma of Secondary Xylem and Its Critical Role in Tree Defense against Fungal Decay in Relation to the CODIT Model","Hugh Morris; Craig R. Brodersen; Francis W. M. R. Schwarze; Steven Jansen","2016","10.3389/fpls.2016.01665","https://openalex.org/W2552192387","ROOT-10.3389/fpls.2016.01665","TITLE_ABSTRACT_EXCLUDED","OUTSIDE_METABOLIC_MODEL_DISCRIMINATION_SCOPE","LEVEL_3_DISCOVERY_ONLY","","Prospective root workstream screening; only the preserved result page was screened."
"ROOT-D0073","PHASE2-SEARCH-0013","OpenAlex","2026-07-31","Differential Metabolism of Medium-Chain Fatty Acids in Differentiated Human-Induced Pluripotent Stem Cell-Derived Astrocytes","Sarah Sonnay; Anirikh Chakrabarti; Jonathan Thévenet; Andreas Wiederkehr; Nicolas Christinat; Mojgan Masoodi","2019","10.3389/fphys.2019.00657","https://openalex.org/W2948995731","ROOT-10.3389/fphys.2019.00657","TITLE_ABSTRACT_EXCLUDED","OUTSIDE_METABOLIC_MODEL_DISCRIMINATION_SCOPE","LEVEL_3_DISCOVERY_ONLY","","Prospective root workstream screening; only the preserved result page was screened."
"ROOT-D0074","PHASE2-SEARCH-0013","OpenAlex","2026-07-31","Terrestrial cycling of <sup>13</sup> CO <sub>2</sub> by photosynthesis, respiration, and biomass burning in SiBCASA","Ivar R. van der Velde; J. B. Miller; Kevin Schaefer; Guido R. van der Werf; Maarten Krol; Wouter Peters","2014","10.5194/bg-11-6553-2014","https://openalex.org/W2150549080","ROOT-10.5194/bg-11-6553-2014","TITLE_ABSTRACT_EXCLUDED","OUTSIDE_METABOLIC_MODEL_DISCRIMINATION_SCOPE","LEVEL_3_DISCOVERY_ONLY","","Prospective root workstream screening; only the preserved result page was screened."
"ROOT-D0075","PHASE2-SEARCH-0013","OpenAlex","2026-07-31","Advances in structure elucidation of small molecules using mass spectrometry","Tobias Kind; Oliver Fiehn","2010","10.1007/s12566-010-0015-9","https://openalex.org/W2101257438","ROOT-10.1007/s12566-010-0015-9","TITLE_ABSTRACT_EXCLUDED","OUTSIDE_METABOLIC_MODEL_DISCRIMINATION_SCOPE","LEVEL_3_DISCOVERY_ONLY","","Prospective root workstream screening; only the preserved result page was screened."
"ROOT-D0076","PHASE2-SEARCH-0013","OpenAlex","2026-07-31","BayFlux: A <i>Bay</i> esian method to quantify metabolic <i>Flux</i> es and their uncertainty at the genome scale","Tyler W. H. Backman; Christina Schenk; Tijana Radivojević; David Ando; Janavi Singh; Jeffrey J. Czajka; Zak Costello; Jay D. Keasling; Yinjie Tang; Elena Akhmatskaya; Héctor García Martín","2023","10.1101/2023.04.19.537435","https://openalex.org/W4366548510","ROOT-10.1101/2023.04.19.537435","TITLE_ABSTRACT_EXCLUDED","OUTSIDE_METABOLIC_MODEL_DISCRIMINATION_SCOPE","LEVEL_3_DISCOVERY_ONLY","","Prospective root workstream screening; only the preserved result page was screened."
"ROOT-D0077","PHASE2-SEARCH-0013","OpenAlex","2026-07-31","Quantitative modeling of pentose phosphate pathway response to oxidative stress reveals a cooperative regulatory strategy","Julien Hurbain; Quentin Thommen; François Anquez; Benjamin Pfeuty","2022","10.1016/j.isci.2022.104681","https://openalex.org/W4283700072","ROOT-10.1016/j.isci.2022.104681","TITLE_ABSTRACT_EXCLUDED","OUTSIDE_METABOLIC_MODEL_DISCRIMINATION_SCOPE","LEVEL_3_DISCOVERY_ONLY","","Prospective root workstream screening; only the preserved result page was screened."
"ROOT-D0078","PHASE2-SEARCH-0013","OpenAlex","2026-07-31","Biomass production of site selective 13C/15N nucleotides using wild type and a transketolase E. coli mutant for labeling RNA for high resolution NMR","Chandar S. Thakur; Yiling Luo; Bin Chen; Nadukkudy V. Eldho; T. Kwaku Dayie","2011","10.1007/s10858-011-9586-1","https://openalex.org/W1990417286","ROOT-10.1007/s10858-011-9586-1","TITLE_ABSTRACT_EXCLUDED","OUTSIDE_METABOLIC_MODEL_DISCRIMINATION_SCOPE","LEVEL_3_DISCOVERY_ONLY","","Prospective root workstream screening; only the preserved result page was screened."
"ROOT-D0079","PHASE2-SEARCH-0013","OpenAlex","2026-07-31","Comparing plant litter molecular diversity assessed from proximate analysis and 13C NMR spectroscopy","Arjun Chakrawal; Björn D. Lindahl; Odeta Qafoku; Stefano Manzoni","2024","10.1016/j.soilbio.2024.109517","https://openalex.org/W4400412879","ROOT-10.1016/j.soilbio.2024.109517","TITLE_ABSTRACT_EXCLUDED","OUTSIDE_METABOLIC_MODEL_DISCRIMINATION_SCOPE","LEVEL_3_DISCOVERY_ONLY","","Prospective root workstream screening; only the preserved result page was screened."
"ROOT-D0080","PHASE2-SEARCH-0013","OpenAlex","2026-07-31","OpenFLUX2: 13 C-MFA modeling software package adjusted for the comprehensive analysis of single and parallel labeling experiments","М.С. Шуплецов; L. I. Golubeva; Svetlana S Rubina; Dmitry A Podvyaznikov; Shintaro Iwatani; Sergey V. Mashko","2014","10.1186/preaccept-1256381938128538","https://openalex.org/W4245467297","ROOT-10.1186/preaccept-1256381938128538","TITLE_ABSTRACT_INCLUDED","NA","LEVEL_3_DISCOVERY_ONLY","","Prospective root workstream screening; only the preserved result page was screened."
"ROOT-D0081","PHASE2-SEARCH-0013","OpenAlex","2026-07-31","Widespread occurrence of dissolved oxygen anomalies, aerobic microbes, and oxygen-producing metabolic pathways in apparently anoxic environments","S. Emil Ruff; Laura Schwab; Emeline Vidal; Jordon Hemingway; Beate Kraft; Ranjani Murali","2024","10.1093/femsec/fiae132","https://openalex.org/W4402857717","ROOT-10.1093/femsec/fiae132","TITLE_ABSTRACT_EXCLUDED","OUTSIDE_METABOLIC_MODEL_DISCRIMINATION_SCOPE","LEVEL_3_DISCOVERY_ONLY","","Prospective root workstream screening; only the preserved result page was screened."
"ROOT-D0082","PHASE2-SEARCH-0013","OpenAlex","2026-07-31","Inside‐out: Synergising leaf biochemical traits with stomatal‐regulated water fluxes to enhance transpiration modelling during abiotic stress","Robert S. Caine; Muhammad Sarfraz Khan; Robert A. Brench; Heather Walker; Holly Croft","2024","10.1111/pce.14892","https://openalex.org/W4393227079","ROOT-10.1111/pce.14892","TITLE_ABSTRACT_EXCLUDED","OUTSIDE_METABOLIC_MODEL_DISCRIMINATION_SCOPE","LEVEL_3_DISCOVERY_ONLY","","Prospective root workstream screening; only the preserved result page was screened."
"ROOT-D0083","PHASE2-SEARCH-0013","OpenAlex","2026-07-31","Evaluating proteome allocation of Saccharomyces cerevisiae phenotypes with resource balance analysis","Hoang V. Dinh; Costas D. Maranas","2023","10.1016/j.ymben.2023.04.009","https://openalex.org/W4366245488","ROOT-10.1016/j.ymben.2023.04.009","TITLE_ABSTRACT_EXCLUDED","OUTSIDE_METABOLIC_MODEL_DISCRIMINATION_SCOPE","LEVEL_3_DISCOVERY_ONLY","","Prospective root workstream screening; only the preserved result page was screened."
"ROOT-D0084","PHASE2-SEARCH-0013","OpenAlex","2026-07-31","Simultaneous Parameters Identifiability and Estimation of an<i>E. coli</i>Metabolic Network Model","Kese Pontes Freitas Alberton; André L. Alberton; Jimena Andréa Di Maggio; Vanina Estrada; M. Soledad Díaz; Argimiro R. Secchi","2015","10.1155/2015/454765","https://openalex.org/W2071667651","ROOT-10.1155/2015/454765","TITLE_ABSTRACT_EXCLUDED","OUTSIDE_METABOLIC_MODEL_DISCRIMINATION_SCOPE","LEVEL_3_DISCOVERY_ONLY","","Prospective root workstream screening; only the preserved result page was screened."
"ROOT-D0085","PHASE2-SEARCH-0013","OpenAlex","2026-07-31","Borealization of the Arctic Ocean in Response to Anomalous Advection From Sub-Arctic Seas","Igor V. Polyakov; Matthew B. Alkire; Bodil A. Bluhm; Kristina A. Brown; Eddy C. Carmack; Melissa Chierici; Seth L. Danielson; Ingrid Ellingsen; E. A. Ershova; Katarina Gårdfeldt; Randi B. Ingvaldsen; Andrey V. Pnyushkov; Dag Slagstad; Paul Wassmann","2020","10.3389/fmars.2020.00491","https://openalex.org/W3040558633","ROOT-10.3389/fmars.2020.00491","TITLE_ABSTRACT_EXCLUDED","OUTSIDE_METABOLIC_MODEL_DISCRIMINATION_SCOPE","LEVEL_3_DISCOVERY_ONLY","","Prospective root workstream screening; only the preserved result page was screened."
"ROOT-D0086","PHASE2-SEARCH-0013","OpenAlex","2026-07-31","Applications of stable isotope‐based metabolomics and fluxomics toward synthetic biology of cyanobacteria","Piyoosh Kumar Babele; Jamey D. Young","2019","10.1002/wsbm.1472","https://openalex.org/W2995019602","ROOT-10.1002/wsbm.1472","TITLE_ABSTRACT_EXCLUDED","OUTSIDE_METABOLIC_MODEL_DISCRIMINATION_SCOPE","LEVEL_3_DISCOVERY_ONLY","","Prospective root workstream screening; only the preserved result page was screened."
"ROOT-D0087","PHASE2-SEARCH-0013","OpenAlex","2026-07-31","Bayesian multi-model-based <sup>13</sup> C <sup>15</sup> N-metabolic flux analysis quantifies carbon-nitrogen metabolism in mycobacteria","Khushboo Borah; Martin Beyß; Ye Xu; Jim Barber; Catia Costa; Jane Newcombe; Axel Theorell; Melanie J. Bailey; Dany J. V. Beste; Johnjoe McFadden; Katharina Nöh","2022","10.1101/2022.03.08.483448","https://openalex.org/W4220948432","ROOT-10.1101/2022.03.08.483448","TITLE_ABSTRACT_INCLUDED","NA","LEVEL_3_DISCOVERY_ONLY","","Prospective root workstream screening; only the preserved result page was screened."
"ROOT-D0088","PHASE2-SEARCH-0013","OpenAlex","2026-07-31","Functional descriptions of feeding and energetics of the Pacific oyster Crassostrea gigas in New Zealand","Jeffrey S. Ren; AH Ross; DR Schiel","2000","10.3354/meps208119","https://openalex.org/W2120062447","ROOT-10.3354/meps208119","TITLE_ABSTRACT_EXCLUDED","OUTSIDE_METABOLIC_MODEL_DISCRIMINATION_SCOPE","LEVEL_3_DISCOVERY_ONLY","","Prospective root workstream screening; only the preserved result page was screened."
"ROOT-D0089","PHASE2-SEARCH-0013","OpenAlex","2026-07-31","Artificial intelligence in metabolomics: a current review","Jinhua Chi; Jingmin Shu; Ming Li; Rekha Mudappathi; Yan Jin; Freeman Lewis; Alexandria Boon; Xiao‐Yan Qin; Li Liu; Haiwei Gu","2024","10.1016/j.trac.2024.117852","https://openalex.org/W4400269321","ROOT-10.1016/j.trac.2024.117852","TITLE_ABSTRACT_EXCLUDED","OUTSIDE_METABOLIC_MODEL_DISCRIMINATION_SCOPE","LEVEL_3_DISCOVERY_ONLY","","Prospective root workstream screening; only the preserved result page was screened."
"ROOT-D0090","PHASE2-SEARCH-0013","OpenAlex","2026-07-31","Impaired branched-chain amino acid (BCAA) catabolism during adipocyte differentiation decreases glycolytic flux","Courtney R. Green; Lynn M. Alaeddine; Karl A. Wessendorf-Rodriguez; Rory Turner; Merve Elmastas; Justin D. Hover; Anne N. Murphy; Mikael Rydén; Niklas Mejhert; Christian M. Metallo; Martina Wallace","2024","10.1016/j.jbc.2024.108004","https://openalex.org/W4404408499","ROOT-10.1016/j.jbc.2024.108004","TITLE_ABSTRACT_EXCLUDED","OUTSIDE_METABOLIC_MODEL_DISCRIMINATION_SCOPE","LEVEL_3_DISCOVERY_ONLY","","Prospective root workstream screening; only the preserved result page was screened."
"ROOT-D0091","PHASE2-SEARCH-0013","OpenAlex","2026-07-31","Partial asynchrony of coniferous forest carbon sources and sinks at the intra-annual time scale","Roberto Silvestro; Maurizio Mencuccini; Raúl García‐Valdés; Serena Antonucci; Alberto Arzac; Franco Biondi; Valentinà Buttò; J. Julio Camarero; Filipe Campelo; Hervé Cochard; Katarina Čufar; Henri E. Cuny; Martín de Luis; Annie Deslauriers; Guillaume Drolet; Marina V. Fonti; Patrick Fonti; Alessio Giovannelli; Jožica Gričar; Andreas Gruber; Vladimír Gryc; Rossella Guerrieri; Aylin Güney; Xiali Guo; Jian‐Guo Huang; Tuula Jyske; Jakub Kašpar; Alexander V. Kirdyanov; Tamir Klein; Audrey Lemay; Xiaoxia Li; Eryuan Liang; Anna Lintunen; Feng Liu; Fabio Lombardi; Qianqian Ma; Harri Mäkinen; Rayees A. Malik; Edurne Martínez del Castillo; Jordi Martínez‐Vilalta; Stefan Mayr; Hubert Morin; Cristina Nabais; Pekka Nöjd; Walter Oberhuber; José Miguel Olano; Andrew P. Ouimette; Teemu Paljakka; Mikko Peltoniemi; Richard L. Peters; Ping Ren; Peter Prislan; Cyrille Rathgeber; Anna Sala; Antonio Saracino; Luigi Saulino; Piia Schiestl-Aalto; Vladimir V. Shishov; Alexia Stokes; Raman Sukumar; Jean‐Daniel Sylvain; Roberto Tognetti; Václav Treml; Josef Urban; Hanuš Vavrčík; Joana Vieira; Georg von Arx; Yan Wang; Bao Yang; Qiao Zeng; Shaokang Zhang; Emanuele Ziaco; Sergio Rossi","2024","10.1038/s41467-024-49494-5","https://openalex.org/W4401339688","ROOT-10.1038/s41467-024-49494-5","TITLE_ABSTRACT_EXCLUDED","OUTSIDE_METABOLIC_MODEL_DISCRIMINATION_SCOPE","LEVEL_3_DISCOVERY_ONLY","","Prospective root workstream screening; only the preserved result page was screened."
"ROOT-D0092","PHASE2-SEARCH-0013","OpenAlex","2026-07-31","Using stable isotope analysis to answer fundamental questions in invasion ecology: Progress and prospects","Marshall D. McCue; Marion Javal; Susana Clusella‐Trullas; Johannes J. Le Roux; Michelle C. Jackson; Allan G. Ellis; David M. Richardson; Alex J. Valentine; John S. Terblanche","2019","10.1111/2041-210x.13327","https://openalex.org/W2984524472","ROOT-10.1111/2041-210x.13327","TITLE_ABSTRACT_EXCLUDED","OUTSIDE_METABOLIC_MODEL_DISCRIMINATION_SCOPE","LEVEL_3_DISCOVERY_ONLY","","Prospective root workstream screening; only the preserved result page was screened."
"ROOT-D0093","PHASE2-SEARCH-0013","OpenAlex","2026-07-31","Advances on plant–pathogen interactions from molecular toward systems biology perspectives","Rémi Peyraud; Ullrich Dubiella; Adelin Barbacci; Stéphane Genin; Sylvain Raffaele; Dominique Roby","2016","10.1111/tpj.13429","https://openalex.org/W2553667667","ROOT-10.1111/tpj.13429","TITLE_ABSTRACT_EXCLUDED","OUTSIDE_METABOLIC_MODEL_DISCRIMINATION_SCOPE","LEVEL_3_DISCOVERY_ONLY","","Prospective root workstream screening; only the preserved result page was screened."
"ROOT-D0094","PHASE2-SEARCH-0013","OpenAlex","2026-07-31","Sustainable Food Waste Management in Anaerobic Digesters: Prediction of the Organic Load Impact by Metagenome-Scale Metabolic Modeling","Esteban Orellana; Guido Zampieri; Nicola Bernardini; Leandro D. Guerrero; Leonardo Erijman; Stefano Campanaro; Laura Treu","2025","10.1021/acs.est.4c11180","https://openalex.org/W4408785999","ROOT-10.1021/acs.est.4c11180","TITLE_ABSTRACT_EXCLUDED","OUTSIDE_METABOLIC_MODEL_DISCRIMINATION_SCOPE","LEVEL_3_DISCOVERY_ONLY","","Prospective root workstream screening; only the preserved result page was screened."
"ROOT-D0095","PHASE2-SEARCH-0013","OpenAlex","2026-07-31","Bayesian modeling reveals metabolite‐dependent ultrasensitivity in the cyanobacterial circadian clock","Lu Hong; Danylo Lavrentovich; Archana G. Chavan; Eugene Leypunskiy; Eileen Li; Charles H. Matthews; Andy LiWang; Michael J. Rust; Aaron R. Dinner","2020","10.15252/msb.20199355","https://openalex.org/W3032215097","ROOT-10.15252/msb.20199355","TITLE_ABSTRACT_EXCLUDED","OUTSIDE_METABOLIC_MODEL_DISCRIMINATION_SCOPE","LEVEL_3_DISCOVERY_ONLY","","Prospective root workstream screening; only the preserved result page was screened."
"ROOT-D0096","PHASE2-SEARCH-0013","OpenAlex","2026-07-31","A review on computational systems biology of pathogen–host interactions","Saliha Durmuş; Tunahan Çakır; Arzucan Özgür; Reinhard Guthke","2015","10.3389/fmicb.2015.00235","https://openalex.org/W2035252561","ROOT-10.3389/fmicb.2015.00235","TITLE_ABSTRACT_EXCLUDED","OUTSIDE_METABOLIC_MODEL_DISCRIMINATION_SCOPE","LEVEL_3_DISCOVERY_ONLY","","Prospective root workstream screening; only the preserved result page was screened."
"ROOT-D0097","PHASE2-SEARCH-0013","OpenAlex","2026-07-31","PROTEOMICS","Carmen L. de Hoog; Matthias Mann","2004","10.1146/annurev.genom.4.070802.110305","https://openalex.org/W4252140292","ROOT-10.1146/annurev.genom.4.070802.110305","TITLE_ABSTRACT_EXCLUDED","OUTSIDE_METABOLIC_MODEL_DISCRIMINATION_SCOPE","LEVEL_3_DISCOVERY_ONLY","","Prospective root workstream screening; only the preserved result page was screened."
"ROOT-D0098","PHASE2-SEARCH-0013","OpenAlex","2026-07-31","Large regional-scale variation in C3/C4 distribution pattern of Inner Mongolia steppe is revealed by grazer wool carbon isotope composition","K. Auerswald; M. Wittmer; T. T. Männel; Yongfei Bai; Rudi Schäufele; H. Schnyder","2009","10.5194/bg-6-795-2009","https://openalex.org/W2164256204","ROOT-10.5194/bg-6-795-2009","TITLE_ABSTRACT_EXCLUDED","OUTSIDE_METABOLIC_MODEL_DISCRIMINATION_SCOPE","LEVEL_3_DISCOVERY_ONLY","","Prospective root workstream screening; only the preserved result page was screened."
"ROOT-D0099","PHASE2-SEARCH-0013","OpenAlex","2026-07-31","Development and application of 13C-labeling techniques: Analyzing the pentose phosphate pathway of Penicillium chrysogenum","Roelco J. Kleijn","2007","https://openalex.org/W2112652891","https://openalex.org/W2112652891","ROOT-https://openalex.org/w2112652891","TITLE_ABSTRACT_EXCLUDED","OUTSIDE_METABOLIC_MODEL_DISCRIMINATION_SCOPE","LEVEL_3_DISCOVERY_ONLY","","Prospective root workstream screening; only the preserved result page was screened."
"ROOT-D0100","PHASE2-SEARCH-0013","OpenAlex","2026-07-31","Mechanistic model-driven exometabolomic characterisation of human dopaminergic neuronal metabolism","German Preciat; Agnieszka B. Wegrzyn; Edinson Lucumi Moreno; Cornelius C.W. Willacey; Jennifer Modamio; Fátima Liliana Monteiro; Diana C. El Assal; Alissa Schurink; Miguel A. P. Oliveira; Zhi Zhang; Ben Cousins; Hulda S. Haraldsdóttir; Siham Hachi; Susanne Zach; Germán Leparc; Yin Tat Lee; Bastian Hengerer; Santosh Vempala; Michael A. Saunders; Amy C. Harms; Enrico Glaab; Jens C. Schwamborn; Ines Thiele; Thomas Hankemeier; Ronan M. T. Fleming","2021","10.1101/2021.06.30.450562","https://openalex.org/W3175116923","ROOT-10.1101/2021.06.30.450562","TITLE_ABSTRACT_EXCLUDED","OUTSIDE_METABOLIC_MODEL_DISCRIMINATION_SCOPE","LEVEL_3_DISCOVERY_ONLY","","Prospective root workstream screening; only the preserved result page was screened."
"ROOT-D0101","PHASE2-SEARCH-0013","OpenAlex","2026-07-31","Control principles of complex systems","Yang‐Yu Liu; Albert-Ĺaszló Barabási","2016","10.1103/revmodphys.88.035006","https://openalex.org/W1877916171","ROOT-10.1103/revmodphys.88.035006","TITLE_ABSTRACT_EXCLUDED","OUTSIDE_METABOLIC_MODEL_DISCRIMINATION_SCOPE","LEVEL_3_DISCOVERY_ONLY","","Prospective root workstream screening; only the preserved result page was screened."
"ROOT-D0102","PHASE2-SEARCH-0013","OpenAlex","2026-07-31","There's no harm in having too much: A comprehensive toolbox of methods in trophic ecology","Nabil Majdi; Nicolas Hette‐Tronquart; Etienne Auclair; Alexandre Bec; Tiphaine Chouvelon; Bruno Cognie; Michael Danger; Priscilla Decottignies; Aurélie Dessier; Christian Desvilettes; Sophie Dubois; Christine Dupuy; Clémentine Fritsch; Cédric Gaucherel; Mickaël Hedde; Franck Jabot; Sébastien Lefebvre; Martin P. Marzloff; Benjamin Pey; Nathalie Peyrard; Thibaut Powolny; Régis Sabbadin; Élisa Thébault; Marie‐Elodie Perga","2018","10.1016/j.fooweb.2018.e00100","https://openalex.org/W2889967960","ROOT-10.1016/j.fooweb.2018.e00100","TITLE_ABSTRACT_EXCLUDED","OUTSIDE_METABOLIC_MODEL_DISCRIMINATION_SCOPE","LEVEL_3_DISCOVERY_ONLY","","Prospective root workstream screening; only the preserved result page was screened."
"ROOT-D0103","PHASE2-SEARCH-0013","OpenAlex","2026-07-31","Contrasting trait syndromes in angiosperms and conifers are associated with different responses of tree growth to temperature on a large scale","Jofre Carnicer; Adrià Barbeta; Dominik Sperlich; Marta Coll; Josep Peñuelas","2013","10.3389/fpls.2013.00409","https://openalex.org/W2039309954","ROOT-10.3389/fpls.2013.00409","TITLE_ABSTRACT_EXCLUDED","OUTSIDE_METABOLIC_MODEL_DISCRIMINATION_SCOPE","LEVEL_3_DISCOVERY_ONLY","","Prospective root workstream screening; only the preserved result page was screened."
"ROOT-D0104","PHASE2-SEARCH-0013","OpenAlex","2026-07-31","Reading the biomineralized book of life: expanding otolith biogeochemical research and applications for fisheries and ecosystem-based management","Patrick Reis‐Santos; Bronwyn M. Gillanders; Anna M. Sturrock; Christopher Izzo; Dion S. Oxman; Jessica A. Lueders‐Dumont; Karin Hüssy; Susanne E. Tanner; Troy A. Rogers; Zoë A. Doubleday; Allen H. Andrews; Clive N. Trueman; Deirdre Brophy; Jason D. Thiem; Lee J. Baumgartner; Malte Willmes; Ming‐Tsung Chung; Patrick Charapata; Rachel C. Johnson; Stephen J. Trumble; Yvette Heimbrand; Karin E. Limburg; Benjamin D. Walther","2022","10.1007/s11160-022-09720-z","https://openalex.org/W4290266775","ROOT-10.1007/s11160-022-09720-z","TITLE_ABSTRACT_EXCLUDED","OUTSIDE_METABOLIC_MODEL_DISCRIMINATION_SCOPE","LEVEL_3_DISCOVERY_ONLY","","Prospective root workstream screening; only the preserved result page was screened."
"ROOT-D0105","PHASE2-SEARCH-0014","OpenAlex","2026-07-31","Flux balance analysis of biological systems: applications and challenges","Karthik Raman; Nagasuma Chandra","2009","10.1093/bib/bbp011","https://openalex.org/W2078775934","ROOT-10.1093/bib/bbp011","DUPLICATE","DUPLICATE_OF_EARLIER_PHASE2_OCCURRENCE","LEVEL_3_DISCOVERY_ONLY","","Prospective root workstream screening; only the preserved result page was screened."
"ROOT-D0106","PHASE2-SEARCH-0014","OpenAlex","2026-07-31","Reversible jump MCMC for multi-model inference in Metabolic Flux Analysis","Axel Theorell; Katharina Nöh","2019","10.1093/bioinformatics/btz500","https://openalex.org/W2958256899","ROOT-10.1093/bioinformatics/btz500","FULL_TEXT_INCLUDED","NA","LEVEL_1_LOAD_BEARING","P0031","Prospective root workstream screening; only the preserved result page was screened."
"ROOT-D0107","PHASE2-SEARCH-0014","OpenAlex","2026-07-31","A Method to Constrain Genome-Scale Models with 13C Labeling Data","Héctor García Martín; Vinay Kumar; Daniel Weaver; Amit Ghosh; Victor Chubukov; Aindrila Mukhopadhyay; Adam P. Arkin; Jay D. Keasling","2015","10.1371/journal.pcbi.1004363","https://openalex.org/W1911715606","ROOT-10.1371/journal.pcbi.1004363","TITLE_ABSTRACT_INCLUDED","NA","LEVEL_3_DISCOVERY_ONLY","","Prospective root workstream screening; only the preserved result page was screened."
"ROOT-D0108","PHASE2-SEARCH-0014","OpenAlex","2026-07-31","Rethinking 13C-metabolic flux analysis – The Bayesian way of flux inference","Axel Theorell; Johann F. Jadebeck; Wolfgang Wiechert; Johnjoe McFadden; Katharina Nöh","2024","10.1016/j.ymben.2024.03.005","https://openalex.org/W4393942099","ROOT-10.1016/j.ymben.2024.03.005","TITLE_ABSTRACT_INCLUDED","NA","LEVEL_3_DISCOVERY_ONLY","","Prospective root workstream screening; only the preserved result page was screened."
"ROOT-D0109","PHASE2-SEARCH-0014","OpenAlex","2026-07-31","Slow TCA flux and ATP production in primary solid tumours but not metastases","Caroline Bartman; Daniel Weilandt; Yihui Shen; Won Dong Lee; Yujiao Han; Tara TeSlaa; Connor S.R. Jankowski; Laith Z. Samarah; Noel R. Park; Victoria da Silva-Diz; Maya Aleksandrova; Yetiş Gültekin; A. Marishta; Lin Wang; Lifeng Yang; Asael Roichman; Vrushank Bhatt; Taijin Lan; Zhixian Hu; Xi Xing; Wenyun Lu; Shawn M. Davidson; Martin Wühr; Matthew G. Vander Heiden; Daniel Herranz; Jessie Yanxiang Guo; Yibin Kang; Joshua D. Rabinowitz","2023","10.1038/s41586-022-05661-6","https://openalex.org/W4318771331","ROOT-10.1038/s41586-022-05661-6","TITLE_ABSTRACT_EXCLUDED","OUTSIDE_METABOLIC_MODEL_DISCRIMINATION_SCOPE","LEVEL_3_DISCOVERY_ONLY","","Prospective root workstream screening; only the preserved result page was screened."
"ROOT-D0110","PHASE2-SEARCH-0014","OpenAlex","2026-07-31","Construction of feasible and accurate kinetic models of metabolism: A Bayesian approach","Pedro A. Saa; Lars K. Nielsen","2016","10.1038/srep29635","https://openalex.org/W2461742269","ROOT-10.1038/srep29635","DUPLICATE","DUPLICATE_OF_EARLIER_PHASE2_OCCURRENCE","LEVEL_3_DISCOVERY_ONLY","","Prospective root workstream screening; only the preserved result page was screened."
"ROOT-D0111","PHASE2-SEARCH-0014","OpenAlex","2026-07-31","optGpSampler: An Improved Tool for Uniformly Sampling the Solution-Space of Genome-Scale Metabolic Networks","Wout Megchelenbrink; Martijn A. Huynen; Elena Marchiori","2014","10.1371/journal.pone.0086587","https://openalex.org/W2011514820","ROOT-10.1371/journal.pone.0086587","TITLE_ABSTRACT_EXCLUDED","OUTSIDE_METABOLIC_MODEL_DISCRIMINATION_SCOPE","LEVEL_3_DISCOVERY_ONLY","","Prospective root workstream screening; only the preserved result page was screened."
"ROOT-D0112","PHASE2-SEARCH-0014","OpenAlex","2026-07-31","One‐shot 13C15N‐metabolic flux analysis for simultaneous quantification of carbon and nitrogen flux","Khushboo Borah; Martin Beyß; Ye Xu; Jim Barber; Catia Costa; Jane Newcombe; Axel Theorell; Melanie J. Bailey; Dany J. V. Beste; Johnjoe McFadden; Katharina Nöh","2023","10.15252/msb.202211099","https://openalex.org/W4318219817","ROOT-10.15252/msb.202211099","DUPLICATE","DUPLICATE_OF_EARLIER_PHASE2_OCCURRENCE","LEVEL_3_DISCOVERY_ONLY","","Prospective root workstream screening; only the preserved result page was screened."
"ROOT-D0113","PHASE2-SEARCH-0014","OpenAlex","2026-07-31","Systematic Construction of Kinetic Models from Genome-Scale Metabolic Networks","Natalie Stanford; Timo Lubitz; Kieran Smallbone; Edda Klipp; Pedro Mendes; Wolfram Liebermeister","2013","10.1371/journal.pone.0079195","https://openalex.org/W2000150815","ROOT-10.1371/journal.pone.0079195","DUPLICATE","DUPLICATE_OF_EARLIER_PHASE2_OCCURRENCE","LEVEL_3_DISCOVERY_ONLY","","Prospective root workstream screening; only the preserved result page was screened."
"ROOT-D0114","PHASE2-SEARCH-0014","OpenAlex","2026-07-31","Modeling formalisms in Systems Biology","Daniel Machado; Rafael S. Costa; Miguel Rocha; Eugénio C. Ferreira; Bruce Tidor; Isabel Rocha","2011","10.1186/2191-0855-1-45","https://openalex.org/W2154601808","ROOT-10.1186/2191-0855-1-45","TITLE_ABSTRACT_EXCLUDED","OUTSIDE_METABOLIC_MODEL_DISCRIMINATION_SCOPE","LEVEL_3_DISCOVERY_ONLY","","Prospective root workstream screening; only the preserved result page was screened."
"ROOT-D0115","PHASE2-SEARCH-0014","OpenAlex","2026-07-31","Comprehensive assessment of measurement uncertainty in 13C-based metabolic flux experiments","Teresa Mairinger; Wolfhard Wegscheider; David A. Peña; Matthias G. Steiger; Gunda Koellensperger; Jürgen Zanghellini; Stephan Hann","2018","10.1007/s00216-018-1017-7","https://openalex.org/W2797301123","ROOT-10.1007/s00216-018-1017-7","DUPLICATE","DUPLICATE_OF_EARLIER_PHASE2_OCCURRENCE","LEVEL_3_DISCOVERY_ONLY","","Prospective root workstream screening; only the preserved result page was screened."
"ROOT-D0116","PHASE2-SEARCH-0014","OpenAlex","2026-07-31","From Escherichia coli mutant 13C labeling data to a core kinetic model: A kinetic model parameterization pipeline","Charles Foster; Saratram Gopalakrishnan; Maciek R. Antoniewicz; Costas D. Maranas","2019","10.1371/journal.pcbi.1007319","https://openalex.org/W2973177496","ROOT-10.1371/journal.pcbi.1007319","TITLE_ABSTRACT_INCLUDED","NA","LEVEL_3_DISCOVERY_ONLY","","Prospective root workstream screening; only the preserved result page was screened."
"ROOT-D0117","PHASE2-SEARCH-0014","OpenAlex","2026-07-31","Studying metabolic flux adaptations in cancer through integrated experimental-computational approaches","Shoval Lagziel; Won Dong Lee; Tomer Shlomi","2019","10.1186/s12915-019-0669-x","https://openalex.org/W2953548866","ROOT-10.1186/s12915-019-0669-x","TITLE_ABSTRACT_EXCLUDED","OUTSIDE_METABOLIC_MODEL_DISCRIMINATION_SCOPE","LEVEL_3_DISCOVERY_ONLY","","Prospective root workstream screening; only the preserved result page was screened."
"ROOT-D0118","PHASE2-SEARCH-0014","OpenAlex","2026-07-31","Global 13C tracing and metabolic flux analysis of intact human liver tissue ex vivo","Nina Grankvist; Cecilia Jönsson; Karin Hedin; Nicolas Sundqvist; Per Sandström; Bergþór Björnsson; Arjana Begzati; Evgeniya Mickols; Per Artursson; Mohit Jain; Gunnar Cedersund; Roland Nilsson","2024","10.1038/s42255-024-01119-3","https://openalex.org/W4402005243","ROOT-10.1038/s42255-024-01119-3","TITLE_ABSTRACT_EXCLUDED","OUTSIDE_METABOLIC_MODEL_DISCRIMINATION_SCOPE","LEVEL_3_DISCOVERY_ONLY","","Prospective root workstream screening; only the preserved result page was screened."
"ROOT-D0119","PHASE2-SEARCH-0014","OpenAlex","2026-07-31","Glucose production, gluconeogenesis, and hepatic tricarboxylic acid cycle fluxes measured by nuclear magnetic resonance analysis of a single glucose derivative","Eunsook S. Jin; John G. Jones; Matthew E. Merritt; Shawn C. Burgess; Craig R. Malloy; A. Dean Sherry","2004","10.1016/j.ab.2003.12.036","https://openalex.org/W2005500623","ROOT-10.1016/j.ab.2003.12.036","TITLE_ABSTRACT_EXCLUDED","OUTSIDE_METABOLIC_MODEL_DISCRIMINATION_SCOPE","LEVEL_3_DISCOVERY_ONLY","","Prospective root workstream screening; only the preserved result page was screened."
"ROOT-D0120","PHASE2-SEARCH-0014","OpenAlex","2026-07-31","Framework for network modularization and Bayesian network analysis to investigate the perturbed metabolic network","Hyun Uk Kim; Tae Yong Kim; Sang Yup Lee","2011","10.1186/1752-0509-5-s2-s14","https://openalex.org/W2133150343","ROOT-10.1186/1752-0509-5-s2-s14","TITLE_ABSTRACT_EXCLUDED","OUTSIDE_METABOLIC_MODEL_DISCRIMINATION_SCOPE","LEVEL_3_DISCOVERY_ONLY","","Prospective root workstream screening; only the preserved result page was screened."
"ROOT-D0121","PHASE2-SEARCH-0014","OpenAlex","2026-07-31","From correlation to causation: analysis of metabolomics data using systems biology approaches","Antonio Rosato; Leonardo Tenori; Marta Cascante; Pedro de Atauri; Vítor A. P. Martins dos Santos; Edoardo Saccenti","2018","10.1007/s11306-018-1335-y","https://openalex.org/W2794105678","ROOT-10.1007/s11306-018-1335-y","DUPLICATE","DUPLICATE_OF_EARLIER_PHASE2_OCCURRENCE","LEVEL_3_DISCOVERY_ONLY","","Prospective root workstream screening; only the preserved result page was screened."
"ROOT-D0122","PHASE2-SEARCH-0014","OpenAlex","2026-07-31","Distinct choline metabolic profiles are associated with differences in gene expression for basal-like and luminal-like breast cancer xenograft models","Siver Andreas Moestue; Eldrid Borgan; Else Marie Huuse; Evita M. Lindholm; Beathe Sitter; Anne‐Lise Børresen‐Dale; Olav Engebraaten; Gunhild M. Mælandsmo; Ingrid S. Gribbestad","2010","10.1186/1471-2407-10-433","https://openalex.org/W2108560895","ROOT-10.1186/1471-2407-10-433","TITLE_ABSTRACT_EXCLUDED","OUTSIDE_METABOLIC_MODEL_DISCRIMINATION_SCOPE","LEVEL_3_DISCOVERY_ONLY","","Prospective root workstream screening; only the preserved result page was screened."
"ROOT-D0123","PHASE2-SEARCH-0014","OpenAlex","2026-07-31","Genome-scale modeling enables metabolic engineering of <i>Saccharomyces cerevisiae</i> for succinic acid production","Rasmus Ågren; José M. Otero; Jens Nielsen","2013","10.1007/s10295-013-1269-3","https://openalex.org/W2034788651","ROOT-10.1007/s10295-013-1269-3","TITLE_ABSTRACT_EXCLUDED","OUTSIDE_METABOLIC_MODEL_DISCRIMINATION_SCOPE","LEVEL_3_DISCOVERY_ONLY","","Prospective root workstream screening; only the preserved result page was screened."
"ROOT-D0124","PHASE2-SEARCH-0014","OpenAlex","2026-07-31","Probabilistic thermodynamic analysis of metabolic networks","Mattia G. Gollub; Hans‐Michael Kaltenbach; Jörg Stelling","2021","10.1093/bioinformatics/btab194","https://openalex.org/W3138245369","ROOT-10.1093/bioinformatics/btab194","TITLE_ABSTRACT_EXCLUDED","OUTSIDE_METABOLIC_MODEL_DISCRIMINATION_SCOPE","LEVEL_3_DISCOVERY_ONLY","","Prospective root workstream screening; only the preserved result page was screened."
"ROOT-D0125","PHASE2-SEARCH-0014","OpenAlex","2026-07-31","BayFlux: A Bayesian method to quantify metabolic Fluxes and their uncertainty at the genome scale","Tyler W. H. Backman; Christina Schenk; Tijana Radivojević; David Ando; Jahnavi Singh; Jeffrey J. Czajka; Zak Costello; Jay D. Keasling; Yinjie Tang; Elena Akhmatskaya; Héctor García Martín","2023","10.1371/journal.pcbi.1011111","https://openalex.org/W4388562984","ROOT-10.1371/journal.pcbi.1011111","DUPLICATE","DUPLICATE_OF_EARLIER_PHASE2_OCCURRENCE","LEVEL_3_DISCOVERY_ONLY","","Prospective root workstream screening; only the preserved result page was screened."
"ROOT-D0126","PHASE2-SEARCH-0014","OpenAlex","2026-07-31","Estimating Relative Changes of Metabolic Fluxes","Lei Huang; Dong-Sung Kim; Xiaojing Liu; Christopher R. Myers; Jason W. Locasale","2014","10.1371/journal.pcbi.1003958","https://openalex.org/W1981505595","ROOT-10.1371/journal.pcbi.1003958","DUPLICATE","DUPLICATE_OF_EARLIER_PHASE2_OCCURRENCE","LEVEL_3_DISCOVERY_ONLY","","Prospective root workstream screening; only the preserved result page was screened."
"ROOT-D0127","PHASE2-SEARCH-0014","OpenAlex","2026-07-31","Integrating molecular markers into metabolic models improves genomic selection for Arabidopsis growth","Hao Tong; Anika Küken; Zoran Nikoloski","2020","10.1038/s41467-020-16279-5","https://openalex.org/W3025929261","ROOT-10.1038/s41467-020-16279-5","TITLE_ABSTRACT_EXCLUDED","OUTSIDE_METABOLIC_MODEL_DISCRIMINATION_SCOPE","LEVEL_3_DISCOVERY_ONLY","","Prospective root workstream screening; only the preserved result page was screened."
"ROOT-D0128","PHASE2-SEARCH-0014","OpenAlex","2026-07-31","Yeast metabolic innovations emerged via expanded metabolic network and gene positive selection","Hongzhong Lu; Feiran Li; Le Yuan; Iván Domenzain; Rosemary Yu; Hao Wang; Gang Li; Yu Chen; Boyang Ji; Eduard J. Kerkhoven; Jens Nielsen","2021","10.15252/msb.202110427","https://openalex.org/W3206238391","ROOT-10.15252/msb.202110427","DUPLICATE","DUPLICATE_OF_EARLIER_PHASE2_OCCURRENCE","LEVEL_3_DISCOVERY_ONLY","","Prospective root workstream screening; only the preserved result page was screened."
"ROOT-D0129","PHASE2-SEARCH-0014","OpenAlex","2026-07-31","Reviews and syntheses: Four decades of modeling methane cycling in terrestrial ecosystems","Xiaofeng Xu; Fengming Yuan; Paul J. Hanson; Stan D. Wullschleger; Peter Thornton; W. J. Riley; Song Xia; David E. Graham; Changchun Song; Hanqin Tian","2016","10.5194/bg-13-3735-2016","https://openalex.org/W2258200532","ROOT-10.5194/bg-13-3735-2016","TITLE_ABSTRACT_EXCLUDED","OUTSIDE_METABOLIC_MODEL_DISCRIMINATION_SCOPE","LEVEL_3_DISCOVERY_ONLY","","Prospective root workstream screening; only the preserved result page was screened."
"ROOT-D0130","PHASE2-SEARCH-0014","OpenAlex","2026-07-31","A system of metrics for the assessment and improvement of aquatic ecosystem models","Matthew R. Hipsey; Gideon Gal; George B. Arhonditsis; Cayelan C. Carey; J. Alex Elliott; Marieke A. Frassl; Jan H. Janse; L. de Mora; Barbara Robson","2020","10.1016/j.envsoft.2020.104697","https://openalex.org/W3011281671","ROOT-10.1016/j.envsoft.2020.104697","DUPLICATE","DUPLICATE_OF_EARLIER_PHASE2_OCCURRENCE","LEVEL_3_DISCOVERY_ONLY","","Prospective root workstream screening; only the preserved result page was screened."
"ROOT-D0131","PHASE2-SEARCH-0014","OpenAlex","2026-07-31","Metabolic changes associated with methionine stress sensitivity in MDA-MB-468 breast cancer cells","Stacey L. Borrego; Johannes F. Fahrmann; Rupsa Datta; Chiara Stringari; Dmitry Grapov; Michael Zeller; Yumay Chen; Ping Wang; Pierre Baldi; Enrico Gratton; Oliver Fiehn; Peter Kaiser","2016","10.1186/s40170-016-0148-6","https://openalex.org/W2338199987","ROOT-10.1186/s40170-016-0148-6","TITLE_ABSTRACT_EXCLUDED","OUTSIDE_METABOLIC_MODEL_DISCRIMINATION_SCOPE","LEVEL_3_DISCOVERY_ONLY","","Prospective root workstream screening; only the preserved result page was screened."
"ROOT-D0132","PHASE2-SEARCH-0014","OpenAlex","2026-07-31","An analytic approximation of the feasible space of metabolic networks","Alfredo Braunstein; Anna Paola Muntoni; Andrea Pagnani","2017","10.1038/ncomms14915","https://openalex.org/W2589558544","ROOT-10.1038/ncomms14915","TITLE_ABSTRACT_EXCLUDED","OUTSIDE_METABOLIC_MODEL_DISCRIMINATION_SCOPE","LEVEL_3_DISCOVERY_ONLY","","Prospective root workstream screening; only the preserved result page was screened."
"ROOT-D0133","PHASE2-SEARCH-0014","OpenAlex","2026-07-31","Model-driven analysis of experimentally determined growth phenotypes for 465 yeast gene deletion mutants under 16 different conditions","Evan S. Snitkin; Aimée M. Dudley; Daniel M. Janse; K.K. Wong; George M. Church; Daniel Segrè","2008","10.1186/gb-2008-9-9-r140","https://openalex.org/W2106104636","ROOT-10.1186/gb-2008-9-9-r140","TITLE_ABSTRACT_EXCLUDED","OUTSIDE_METABOLIC_MODEL_DISCRIMINATION_SCOPE","LEVEL_3_DISCOVERY_ONLY","","Prospective root workstream screening; only the preserved result page was screened."
"ROOT-D0134","PHASE2-SEARCH-0014","OpenAlex","2026-07-31","Metabolic and Transcriptional Analysis of Acid Stress in Lactococcus lactis, with a Focus on the Kinetics of Lactic Acid Pools","Ana L. Carvalho; David L. Turner; Luís L. Fonseca; Ana Solopova; Teresa Catarino; Oscar P. Kuipers; Eberhard O. Voit; Ana Rute Neves; Helena Santos","2013","10.1371/journal.pone.0068470","https://openalex.org/W2007531819","ROOT-10.1371/journal.pone.0068470","TITLE_ABSTRACT_EXCLUDED","OUTSIDE_METABOLIC_MODEL_DISCRIMINATION_SCOPE","LEVEL_3_DISCOVERY_ONLY","","Prospective root workstream screening; only the preserved result page was screened."
"ROOT-D0135","PHASE2-SEARCH-0014","OpenAlex","2026-07-31","A pathogen-specific isotope tracing approach reveals metabolic activities and fluxes of intracellular Salmonella","Karin Mitosch; Martin Beyß; Prasad Phapale; Bernhard Drotleff; Katharina Nöh; Theodore Alexandrov; Kiran Raosaheb Patil; Athanasios Typas","2023","10.1371/journal.pbio.3002198","https://openalex.org/W4385971524","ROOT-10.1371/journal.pbio.3002198","DUPLICATE","DUPLICATE_OF_EARLIER_PHASE2_OCCURRENCE","LEVEL_3_DISCOVERY_ONLY","","Prospective root workstream screening; only the preserved result page was screened."
"ROOT-D0136","PHASE2-SEARCH-0014","OpenAlex","2026-07-31","Bayesian 13C-Metabolic Flux Analysis of Parallel Tracer Experiments in Granulocytes: A Directional Shift within the Non-Oxidative Pentose Phosphate Pathway Supports Phagocytosis","Melanie Hogg; Eva-Maria Wolfschmitt; Ulrich Wachter; Fabian Zink; Peter Radermacher; J. Vogt","2023","10.3390/metabo14010024","https://openalex.org/W4390404716","ROOT-10.3390/metabo14010024","TITLE_ABSTRACT_INCLUDED","NA","LEVEL_3_DISCOVERY_ONLY","","Prospective root workstream screening; only the preserved result page was screened."
"ROOT-D0137","PHASE2-SEARCH-0014","OpenAlex","2026-07-31","Bayesian modeling reveals metabolite‐dependent ultrasensitivity in the cyanobacterial circadian clock","Lu Hong; Danylo Lavrentovich; Archana G. Chavan; Eugene Leypunskiy; Eileen Li; Charles H. Matthews; Andy LiWang; Michael J. Rust; Aaron R. Dinner","2020","10.15252/msb.20199355","https://openalex.org/W3032215097","ROOT-10.15252/msb.20199355","DUPLICATE","DUPLICATE_OF_EARLIER_PHASE2_OCCURRENCE","LEVEL_3_DISCOVERY_ONLY","","Prospective root workstream screening; only the preserved result page was screened."
"ROOT-D0138","PHASE2-SEARCH-0014","OpenAlex","2026-07-31","Metabolic network discovery through reverse engineering of metabolome data","Tunahan Çakır; Margriet M. W. B. Hendriks; Johan A. Westerhuis; Age K. Smilde","2009","10.1007/s11306-009-0156-4","https://openalex.org/W2104828064","ROOT-10.1007/s11306-009-0156-4","TITLE_ABSTRACT_EXCLUDED","OUTSIDE_METABOLIC_MODEL_DISCRIMINATION_SCOPE","LEVEL_3_DISCOVERY_ONLY","","Prospective root workstream screening; only the preserved result page was screened."
"ROOT-D0139","PHASE2-SEARCH-0014","OpenAlex","2026-07-31","An objective function exploiting suboptimal solutions in metabolic networks","Edwin H. Wintermute; Tami D. Lieberman; Pamela A. Silver","2013","10.1186/1752-0509-7-98","https://openalex.org/W1964754685","ROOT-10.1186/1752-0509-7-98","DUPLICATE","DUPLICATE_OF_EARLIER_PHASE2_OCCURRENCE","LEVEL_3_DISCOVERY_ONLY","","Prospective root workstream screening; only the preserved result page was screened."
"ROOT-D0140","PHASE2-SEARCH-0014","OpenAlex","2026-07-31","Bayesian metabolic flux analysis reveals intracellular flux couplings","Markus Heinonen; Maria Osmala; Henrik Mannerström; Janne Wallenius; Samuel Kaski; Juho Rousu; Harri Lähdesmäki","2019","10.1093/bioinformatics/btz315","https://openalex.org/W2796870706","ROOT-10.1093/bioinformatics/btz315","TITLE_ABSTRACT_INCLUDED","NA","LEVEL_3_DISCOVERY_ONLY","","Prospective root workstream screening; only the preserved result page was screened."
"ROOT-D0141","PHASE2-SEARCH-0014","OpenAlex","2026-07-31","An unconventional uptake rate objective function approach enhances applicability of genome-scale models for mammalian cells","Yiqun Chen; Brian O. McConnell; Venkata Gayatri Dhara; Harnish Mukesh Naik; Chien‐Ting Li; Maciek R. Antoniewicz; Michael J. Betenbaugh","2019","10.1038/s41540-019-0103-6","https://openalex.org/W2962914483","ROOT-10.1038/s41540-019-0103-6","TITLE_ABSTRACT_EXCLUDED","OUTSIDE_METABOLIC_MODEL_DISCRIMINATION_SCOPE","LEVEL_3_DISCOVERY_ONLY","","Prospective root workstream screening; only the preserved result page was screened."
"ROOT-D0142","PHASE2-SEARCH-0014","OpenAlex","2026-07-31","Forest carbon allocation modelling under climate change","Katarína Merganičová; Ján Merganič; Aleksi Lehtonen; Giorgio Vacchiano; Maša Zorana Ostrogović Sever; Andrey Lessa Derci Augustynczik; Rüdiger Grote; Ina Kyselová; Annikki Mäkelä; Rasoul Yousefpour; Jan Krejza; Alessio Collalti; Christopher Reyer","2019","10.1093/treephys/tpz105","https://openalex.org/W2990434306","ROOT-10.1093/treephys/tpz105","DUPLICATE","DUPLICATE_OF_EARLIER_PHASE2_OCCURRENCE","LEVEL_3_DISCOVERY_ONLY","","Prospective root workstream screening; only the preserved result page was screened."
"ROOT-D0143","PHASE2-SEARCH-0014","OpenAlex","2026-07-31","Predictive Potential of Flux Balance Analysis of Saccharomyces cerevisiae Using as Optimization Function Combinations of Cell Compartmental Objectives","Carlos Eduardo García Sánchez; Cesar A. Vargas-García; Rodrigo Torres","2012","10.1371/journal.pone.0043006","https://openalex.org/W2109240447","ROOT-10.1371/journal.pone.0043006","TITLE_ABSTRACT_EXCLUDED","OUTSIDE_METABOLIC_MODEL_DISCRIMINATION_SCOPE","LEVEL_3_DISCOVERY_ONLY","","Prospective root workstream screening; only the preserved result page was screened."
"ROOT-D0144","PHASE2-SEARCH-0014","OpenAlex","2026-07-31","Clinical research framework proposal for ketogenic metabolic therapy in glioblastoma","Tomás Duraj; Miriam Kalamian; Giulio Zuccoli; Joseph C. Maroon; Dominic P. D’Agostino; Adrienne C. Scheck; Angela M. Poff; Sebastian Winter; Jethro Hu; Rainer J. Klement; Alicia Hickson; Derek C. Lee; Isabella D. Cooper; Barbara Kofler; Kenneth A. Schwartz; Matthew Phillips; Colin E. Champ; Beth Zupec‐Kania; Jocelyn Tan-Shalaby; Fabiano Marcel Serfaty; Egiroh Omene; Gabriel Arismendi-Morillo; Michael A. Kiebish; Richard K. Cheng; Ahmed M. Elsakka; Axel Pflueger; E.H. Mathews; Donese Worden; Hanping Shi; Raffaele Ivan Cincione; Jean Pierre Spinosa; Abdul Kadir Slocum; Mehmet Salih Iyikesici; Atsuo Yanagisawa; Geoffrey J. Pilkington; Anthony Chaffee; Wafaa Abdel-Hadi; Amr K. Elsamman; Pavel Klein; Keisuke Hagihara; Zsófia Clemens; George W. Yu; Athanasios Evangeliou; Janak Nathan; Kris A. Smith; David Fortin; Jörg Dietrich; Purna Mukherjee; Thomas N. Seyfried","2024","10.1186/s12916-024-03775-4","https://openalex.org/W4405072044","ROOT-10.1186/s12916-024-03775-4","TITLE_ABSTRACT_EXCLUDED","OUTSIDE_METABOLIC_MODEL_DISCRIMINATION_SCOPE","LEVEL_3_DISCOVERY_ONLY","","Prospective root workstream screening; only the preserved result page was screened."
"ROOT-D0145","PHASE2-SEARCH-0014","OpenAlex","2026-07-31","Noninvasive In Vivo Assessment of Cardiac Metabolism in the Healthy and Diabetic Human Heart Using Hyperpolarized <sup>13</sup> C MRI","Oliver J. Rider; Andrew Apps; Jack J. Miller; Justin Y. C. Lau; Andrew Lewis; Mark A. Peterzan; Michael S. Dodd; Angus Lau; Claire Trumper; Ferdia A. Gallagher; James T. Grist; Kevin M. Brindle; Stefan Neubauer; Damian J. Tyler","2020","10.1161/circresaha.119.316260","https://openalex.org/W3005035028","ROOT-10.1161/circresaha.119.316260","TITLE_ABSTRACT_EXCLUDED","OUTSIDE_METABOLIC_MODEL_DISCRIMINATION_SCOPE","LEVEL_3_DISCOVERY_ONLY","","Prospective root workstream screening; only the preserved result page was screened."
"ROOT-D0146","PHASE2-SEARCH-0014","OpenAlex","2026-07-31","Predictive analytics of environmental adaptability in multi-omic network models","Claudio Angione; Píetro Lió","2015","10.1038/srep15147","https://openalex.org/W2285763735","ROOT-10.1038/srep15147","TITLE_ABSTRACT_EXCLUDED","OUTSIDE_METABOLIC_MODEL_DISCRIMINATION_SCOPE","LEVEL_3_DISCOVERY_ONLY","","Prospective root workstream screening; only the preserved result page was screened."
"ROOT-D0147","PHASE2-SEARCH-0014","OpenAlex","2026-07-31","Computational Model Predicts the Effects of Targeting Cellular Metabolism in Pancreatic Cancer","Mahua Roy; Stacey D. Finley","2017","10.3389/fphys.2017.00217","https://openalex.org/W2601780395","ROOT-10.3389/fphys.2017.00217","TITLE_ABSTRACT_EXCLUDED","OUTSIDE_METABOLIC_MODEL_DISCRIMINATION_SCOPE","LEVEL_3_DISCOVERY_ONLY","","Prospective root workstream screening; only the preserved result page was screened."
"ROOT-D0148","PHASE2-SEARCH-0014","OpenAlex","2026-07-31","HEPATOKIN1 is a biochemistry-based model of liver metabolism for applications in medicine and pharmacology","Nikolaus Berndt; Sascha Bulik; Iwona Wallach; T Wünsch; Matthias König; Martin Stockmann; David Meierhofer; Hermann−Georg Holzhütter","2018","10.1038/s41467-018-04720-9","https://openalex.org/W2808180679","ROOT-10.1038/s41467-018-04720-9","TITLE_ABSTRACT_EXCLUDED","OUTSIDE_METABOLIC_MODEL_DISCRIMINATION_SCOPE","LEVEL_3_DISCOVERY_ONLY","","Prospective root workstream screening; only the preserved result page was screened."
"ROOT-D0149","PHASE2-SEARCH-0014","OpenAlex","2026-07-31","Predicting biological system objectives de novo from internal state measurements","Erwin P. Gianchandani; Matthew Oberhardt; Anthony P. Burgard; Costas D. Maranas; Jason A. Papin","2008","10.1186/1471-2105-9-43","https://openalex.org/W2085236271","ROOT-10.1186/1471-2105-9-43","DUPLICATE","DUPLICATE_OF_EARLIER_PHASE2_OCCURRENCE","LEVEL_3_DISCOVERY_ONLY","","Prospective root workstream screening; only the preserved result page was screened."
"ROOT-D0150","PHASE2-SEARCH-0014","OpenAlex","2026-07-31","Protein constraints in genome‐scale metabolic models: Data integration, parameter estimation, and prediction of metabolic phenotypes","Maurício Alexander de Moura Ferreira; Wendel Batista da Silveira; Zoran Nikoloski","2024","10.1002/bit.28650","https://openalex.org/W4390612173","ROOT-10.1002/bit.28650","TITLE_ABSTRACT_EXCLUDED","OUTSIDE_METABOLIC_MODEL_DISCRIMINATION_SCOPE","LEVEL_3_DISCOVERY_ONLY","","Prospective root workstream screening; only the preserved result page was screened."
"ROOT-D0151","PHASE2-SEARCH-0014","OpenAlex","2026-07-31","Impact of fire on active layer and permafrost microbial communities and metagenomes in an upland Alaskan boreal forest","Neslihan Taş; Emmanuel Prestat; Jack W. McFarland; Kimberly P. Wickland; Rob Knight; Asmeret Asefaw Berhe; T. Jorgenson; Mark P. Waldrop; Janet Jansson","2014","10.1038/ismej.2014.36","https://openalex.org/W2167447593","ROOT-10.1038/ismej.2014.36","TITLE_ABSTRACT_EXCLUDED","OUTSIDE_METABOLIC_MODEL_DISCRIMINATION_SCOPE","LEVEL_3_DISCOVERY_ONLY","","Prospective root workstream screening; only the preserved result page was screened."
"ROOT-D0152","PHASE2-SEARCH-0014","OpenAlex","2026-07-31","Pharmacogenomic and clinical data link non-pharmacokinetic metabolic dysregulation to drug side effect pathogenesis","Daniel C. Zielinski; Fabian V. Filipp; Aarash Bordbar; Kasper Jensen; Jeffrey W. Smith; Markus J. Herrgård; Monica L. Mo; Bernhard Ø. Palsson","2015","10.1038/ncomms8101","https://openalex.org/W2264568396","ROOT-10.1038/ncomms8101","TITLE_ABSTRACT_EXCLUDED","OUTSIDE_METABOLIC_MODEL_DISCRIMINATION_SCOPE","LEVEL_3_DISCOVERY_ONLY","","Prospective root workstream screening; only the preserved result page was screened."
"ROOT-D0153","PHASE2-SEARCH-0014","OpenAlex","2026-07-31","Quo Vadis Hyperpolarized 13C MRI?","Pascal Wodtke; Martin Grashei; Franz Schilling","2023","10.1016/j.zemedi.2023.10.004","https://openalex.org/W4390393437","ROOT-10.1016/j.zemedi.2023.10.004","TITLE_ABSTRACT_EXCLUDED","OUTSIDE_METABOLIC_MODEL_DISCRIMINATION_SCOPE","LEVEL_3_DISCOVERY_ONLY","","Prospective root workstream screening; only the preserved result page was screened."
"ROOT-D0154","PHASE2-SEARCH-0014","OpenAlex","2026-07-31","Unbiased metabolic flux inference through combined thermodynamic and <sup>13</sup> C flux analysis","Joana Saldida; Anna Paola Muntoni; Daniele De Martino; Georg Hubmann; Bastian Niebel; Anna Mareike Schmidt; Alfredo Braunstein; Andreas Milias‐Argeitis; Matthias Heinemann","2020","10.1101/2020.06.29.177063","https://openalex.org/W3037347004","ROOT-10.1101/2020.06.29.177063","TITLE_ABSTRACT_EXCLUDED","OUTSIDE_METABOLIC_MODEL_DISCRIMINATION_SCOPE","LEVEL_3_DISCOVERY_ONLY","","Prospective root workstream screening; only the preserved result page was screened."
"ROOT-D0155","PHASE2-SEARCH-0014","OpenAlex","2026-07-31","Glutamine to proline conversion is associated with response to glutaminase inhibition in breast cancer","Maria Tunset Grinde; Bylgja Hilmarsdóttir; Hanna Maja Tunset; Ida Marie Henriksen; Jana Kim; Mads H. Haugen; Morten Beck Rye; Gunhild M. Mælandsmo; Siver Andreas Moestue","2019","10.1186/s13058-019-1141-0","https://openalex.org/W2947079695","ROOT-10.1186/s13058-019-1141-0","TITLE_ABSTRACT_EXCLUDED","OUTSIDE_METABOLIC_MODEL_DISCRIMINATION_SCOPE","LEVEL_3_DISCOVERY_ONLY","","Prospective root workstream screening; only the preserved result page was screened."
"ROOT-D0156","PHASE2-SEARCH-0014","OpenAlex","2026-07-31","Inosine is an alternative carbon source for CD8+-T-cell function under glucose restriction","Tingting Wang; JN Rashida Gnanaprakasam; Xuyong Chen; Siwen Kang; Xuequn Xu; Hua Sun; Lingling Liu; Hayley Rodgers; Ethan Miller; Teresa Cassel; Qiushi Sun; Sara Vicente-Muñoz; Marc O. Warmoes; Penghui Lin; Zayda L. Piedra-Quintero; Mireia Guerau‐de‐Arellano; Kevin A. Cassady; Song Guo Zheng; Jun J. Yang; Andrew N. Lane; Xiao‐Tong Song; Teresa W.‐M. Fan; Ruoning Wang","2020","10.1038/s42255-020-0219-4","https://openalex.org/W3034524707","ROOT-10.1038/s42255-020-0219-4","TITLE_ABSTRACT_EXCLUDED","OUTSIDE_METABOLIC_MODEL_DISCRIMINATION_SCOPE","LEVEL_3_DISCOVERY_ONLY","","Prospective root workstream screening; only the preserved result page was screened."
"ROOT-D0157","PHASE2-SEARCH-0014","OpenAlex","2026-07-31","Meta‐analysis and critical review of trophic discrimination factors (<scp>Δ<sup>13</sup>C</scp> and <scp>Δ<sup>15</sup>N</scp>): Importance of tissue, trophic level and diet source","Ryan B. Stephens; Oliver N. Shipley; Remington J. Moll","2023","10.1111/1365-2435.14403","https://openalex.org/W4384822579","ROOT-10.1111/1365-2435.14403","TITLE_ABSTRACT_EXCLUDED","OUTSIDE_METABOLIC_MODEL_DISCRIMINATION_SCOPE","LEVEL_3_DISCOVERY_ONLY","","Prospective root workstream screening; only the preserved result page was screened."
"ROOT-D0158","PHASE2-SEARCH-0014","OpenAlex","2026-07-31","Generative machine learning produces kinetic models that accurately characterize intracellular metabolic states","Subham Choudhury; Bharath Narayanan; Michaël Moret; Vassily Hatzimanikatis; Ljubiša Mišković","2023","10.1101/2023.02.21.529387","https://openalex.org/W4321502438","ROOT-10.1101/2023.02.21.529387","TITLE_ABSTRACT_EXCLUDED","OUTSIDE_METABOLIC_MODEL_DISCRIMINATION_SCOPE","LEVEL_3_DISCOVERY_ONLY","","Prospective root workstream screening; only the preserved result page was screened."
"ROOT-D0159","PHASE2-SEARCH-0014","OpenAlex","2026-07-31","Geometric Algorithms for Sampling the Flux Space of Metabolic Networks","Apostolos Chalkis; Emiris, Ioannis; Vissarion Fisikopoulos; Elias Tsigaridas; Haris Zafeiropoulos","2020","10.20382/jocg.v14i1a8","https://openalex.org/W3110720237","ROOT-10.20382/jocg.v14i1a8","DUPLICATE","DUPLICATE_OF_EARLIER_PHASE2_OCCURRENCE","LEVEL_3_DISCOVERY_ONLY","","Prospective root workstream screening; only the preserved result page was screened."
"ROOT-D0160","PHASE2-SEARCH-0014","OpenAlex","2026-07-31","The growing tree of Archaea: new perspectives on their diversity, evolution and ecology","Panagiotis S. Adam; Guillaume Borrel; Céline Brochier‐Armanet; Simonetta Gribaldo","2017","10.1038/ismej.2017.122","https://openalex.org/W2743255823","ROOT-10.1038/ismej.2017.122","TITLE_ABSTRACT_EXCLUDED","OUTSIDE_METABOLIC_MODEL_DISCRIMINATION_SCOPE","LEVEL_3_DISCOVERY_ONLY","","Prospective root workstream screening; only the preserved result page was screened."
"ROOT-D0161","PHASE2-SEARCH-0014","OpenAlex","2026-07-31","Elucidating yeast glycolytic dynamics at steady state growth and glucose pulses through kinetic metabolic modeling","David Lao‐Martil; Joep Schmitz; Bas Teusink; N.A.W. van Riel","2023","10.1016/j.ymben.2023.03.005","https://openalex.org/W4353051713","ROOT-10.1016/j.ymben.2023.03.005","TITLE_ABSTRACT_EXCLUDED","OUTSIDE_METABOLIC_MODEL_DISCRIMINATION_SCOPE","LEVEL_3_DISCOVERY_ONLY","","Prospective root workstream screening; only the preserved result page was screened."
"ROOT-D0162","PHASE2-SEARCH-0014","OpenAlex","2026-07-31","Bayesian multi-model-based <sup>13</sup> C <sup>15</sup> N-metabolic flux analysis quantifies carbon-nitrogen metabolism in mycobacteria","Khushboo Borah; Martin Beyß; Ye Xu; Jim Barber; Catia Costa; Jane Newcombe; Axel Theorell; Melanie J. Bailey; Dany J. V. Beste; Johnjoe McFadden; Katharina Nöh","2022","10.1101/2022.03.08.483448","https://openalex.org/W4220948432","ROOT-10.1101/2022.03.08.483448","DUPLICATE","DUPLICATE_OF_EARLIER_PHASE2_OCCURRENCE","LEVEL_3_DISCOVERY_ONLY","","Prospective root workstream screening; only the preserved result page was screened."
"ROOT-D0163","PHASE2-SEARCH-0014","OpenAlex","2026-07-31","NMR Spectroscopy for Metabolomics Research","Abdul‐Hamid Emwas; Raja Roy; Ryan T. McKay; Leonardo Tenori; Edoardo Saccenti; G. A. Nagana Gowda; Daniel Raftery; Fatimah Alahmari; Łukasz Jaremko; Mariusz Jaremko; David S. Wishart","2019","10.3390/metabo9070123","https://openalex.org/W2955080078","ROOT-10.3390/metabo9070123","TITLE_ABSTRACT_EXCLUDED","OUTSIDE_METABOLIC_MODEL_DISCRIMINATION_SCOPE","LEVEL_3_DISCOVERY_ONLY","","Prospective root workstream screening; only the preserved result page was screened."
"ROOT-D0164","PHASE2-SEARCH-0014","OpenAlex","2026-07-31","High-resolution dietary reconstruction of victims of the 79 CE Vesuvius eruption at Herculaneum by compound-specific isotope analysis","Silvia Soncin; Helen M. Talbot; Ricardo Fernandes; Alison Harris; Matthew von Tersch; Harry K. Robson; Jan K Bakker; Kristine Korzow Richter; Michelle Alexander; Steven Ellis; Gill Thompson; Valeria Amoretti; Massimo Osanna; Marina Caso; Francesco Sirano; Luciano Fattore; André Carlo Colonese; Peter Garnsey; Luca Bondioli; Oliver E. Craig","2021","10.1126/sciadv.abg5791","https://openalex.org/W3194505204","ROOT-10.1126/sciadv.abg5791","TITLE_ABSTRACT_EXCLUDED","OUTSIDE_METABOLIC_MODEL_DISCRIMINATION_SCOPE","LEVEL_3_DISCOVERY_ONLY","","Prospective root workstream screening; only the preserved result page was screened."
"ROOT-D0165","PHASE2-SEARCH-0014","OpenAlex","2026-07-31","Predicting the accumulation of storage compounds by Rhodococcus jostii RHA1 in the feast-famine growth cycles using genome-scale flux balance analysis","Mohammad Tajparast; Dominic Frigon","2018","10.1371/journal.pone.0191835","https://openalex.org/W2790893122","ROOT-10.1371/journal.pone.0191835","TITLE_ABSTRACT_EXCLUDED","OUTSIDE_METABOLIC_MODEL_DISCRIMINATION_SCOPE","LEVEL_3_DISCOVERY_ONLY","","Prospective root workstream screening; only the preserved result page was screened."
"ROOT-D0166","PHASE2-SEARCH-0014","OpenAlex","2026-07-31","Bayesian kinetic modeling for tracer-based metabolomic data","Xu Zhang; Ya Su; Andrew N. Lane; Arnold J. Stromberg; Teresa W.‐M. Fan; Chi Wang","2023","10.1186/s12859-023-05211-5","https://openalex.org/W4353061640","ROOT-10.1186/s12859-023-05211-5","TITLE_ABSTRACT_EXCLUDED","OUTSIDE_METABOLIC_MODEL_DISCRIMINATION_SCOPE","LEVEL_3_DISCOVERY_ONLY","","Prospective root workstream screening; only the preserved result page was screened."
"ROOT-D0167","PHASE2-SEARCH-0014","OpenAlex","2026-07-31","Microbial diversity in European alpine permafrost and active layers","Beat Frey; Thomas Rime; Marcia Phillips; Beat Stierli; Irka Hajdas; Franco Widmer; Martin Hartmann","2016","10.1093/femsec/fiw018","https://openalex.org/W2286545704","ROOT-10.1093/femsec/fiw018","TITLE_ABSTRACT_EXCLUDED","OUTSIDE_METABOLIC_MODEL_DISCRIMINATION_SCOPE","LEVEL_3_DISCOVERY_ONLY","","Prospective root workstream screening; only the preserved result page was screened."
"ROOT-D0168","PHASE2-SEARCH-0014","OpenAlex","2026-07-31","Energy metabolism and glutamate-glutamine cycle in the brain: a stoichiometric modeling perspective","Francesco Alessandro Massucci; Mauro DiNuzzo; Federico Giove; B. Maraviglia; Isaac Pérez Castillo; Enzo Marinari; Andrea De Martino","2013","10.1186/1752-0509-7-103","https://openalex.org/W2092021912","ROOT-10.1186/1752-0509-7-103","TITLE_ABSTRACT_EXCLUDED","OUTSIDE_METABOLIC_MODEL_DISCRIMINATION_SCOPE","LEVEL_3_DISCOVERY_ONLY","","Prospective root workstream screening; only the preserved result page was screened."
"ROOT-D0169","PHASE2-SEARCH-0014","OpenAlex","2026-07-31","Advances in Astrocyte Computational Models: From Metabolic Reconstructions to Multi-omic Approaches","Janneth González; Andrés Pinzón; Andrea Angarita-Rodríguez; Andrés Felipe Aristizábal-Pachón; George E. Barreto; Cynthia Martín-Jiménez","2020","10.3389/fninf.2020.00035","https://openalex.org/W3048133657","ROOT-10.3389/fninf.2020.00035","TITLE_ABSTRACT_EXCLUDED","OUTSIDE_METABOLIC_MODEL_DISCRIMINATION_SCOPE","LEVEL_3_DISCOVERY_ONLY","","Prospective root workstream screening; only the preserved result page was screened."
"ROOT-D0170","PHASE2-SEARCH-0014","OpenAlex","2026-07-31","Priming and substrate quality interactions in soil organic matter models","Thomas Wutzler; Markus Reichstein","2013","10.5194/bg-10-2089-2013","https://openalex.org/W2037018963","ROOT-10.5194/bg-10-2089-2013","TITLE_ABSTRACT_EXCLUDED","OUTSIDE_METABOLIC_MODEL_DISCRIMINATION_SCOPE","LEVEL_3_DISCOVERY_ONLY","","Prospective root workstream screening; only the preserved result page was screened."
"ROOT-D0171","PHASE2-SEARCH-0014","OpenAlex","2026-07-31","Quantitative in silico Analysis of Neurotransmitter Pathways Under Steady State Conditions","Daniela Calvetti; Erkki Somersalo","2013","10.3389/fendo.2013.00137","https://openalex.org/W2138266626","ROOT-10.3389/fendo.2013.00137","TITLE_ABSTRACT_EXCLUDED","OUTSIDE_METABOLIC_MODEL_DISCRIMINATION_SCOPE","LEVEL_3_DISCOVERY_ONLY","","Prospective root workstream screening; only the preserved result page was screened."
"ROOT-D0172","PHASE2-SEARCH-0014","OpenAlex","2026-07-31","3D <sup>31</sup>P MRSI of the human brain at 9.4 Tesla: Optimization and quantitative analysis of metabolic images","Loreen Ruhm; Johanna Dorst; Nikolai Avdievitch; Andrew Martin Wright; A Henning","2021","10.1002/mrm.28891","https://openalex.org/W3181621145","ROOT-10.1002/mrm.28891","TITLE_ABSTRACT_EXCLUDED","OUTSIDE_METABOLIC_MODEL_DISCRIMINATION_SCOPE","LEVEL_3_DISCOVERY_ONLY","","Prospective root workstream screening; only the preserved result page was screened."
"ROOT-D0173","PHASE2-SEARCH-0014","OpenAlex","2026-07-31","A systematic meta-analysis of oxygen-to-glucose and oxygen-to-carbohydrate ratios in the resting human brain","Tyler Blazey; Abraham Z. Snyder; Manu S. Goyal; Andrei G. Vlassenko; Marcus E. Raichle","2018","10.1371/journal.pone.0204242","https://openalex.org/W2890579470","ROOT-10.1371/journal.pone.0204242","TITLE_ABSTRACT_EXCLUDED","OUTSIDE_METABOLIC_MODEL_DISCRIMINATION_SCOPE","LEVEL_3_DISCOVERY_ONLY","","Prospective root workstream screening; only the preserved result page was screened."
"ROOT-D0174","PHASE2-SEARCH-0014","OpenAlex","2026-07-31","Distinguishing zooplankton fecal pellets as a component of the biological pump using compound‐specific isotope analysis of amino acids","Shannon C. Doherty; Amy E. Maas; Deborah K. Steinberg; Brian N. Popp; Hilary G. Close","2021","10.1002/lno.11793","https://openalex.org/W3162754702","ROOT-10.1002/lno.11793","TITLE_ABSTRACT_EXCLUDED","OUTSIDE_METABOLIC_MODEL_DISCRIMINATION_SCOPE","LEVEL_3_DISCOVERY_ONLY","","Prospective root workstream screening; only the preserved result page was screened."
"ROOT-D0175","PHASE2-SEARCH-0014","OpenAlex","2026-07-31","The path from root input to mineral-associated soil carbon is dictated by habitat-specific microbial traits and soil moisture","Noah W. Sokol; Megan Foley; Steven J. Blazewicz; Amrita Bhattacharyya; Nicole DiDonato; Katerina Estera‐Molina; Mary K. Firestone; Alex Greenlon; Bruce A. Hungate; Jeffrey A. Kimbrel; José E. Liquet y González; Marissa Lafler; Maxwell A. T. Marple; Peter Nico; Ljiljana Paša‐Tolić; Eric Slessarev; Jennifer Pett‐Ridge","2024","10.1016/j.soilbio.2024.109367","https://openalex.org/W4391956270","ROOT-10.1016/j.soilbio.2024.109367","TITLE_ABSTRACT_EXCLUDED","OUTSIDE_METABOLIC_MODEL_DISCRIMINATION_SCOPE","LEVEL_3_DISCOVERY_ONLY","","Prospective root workstream screening; only the preserved result page was screened."
"ROOT-D0176","PHASE2-SEARCH-0014","OpenAlex","2026-07-31","Probabilistic Thermodynamic Analysis of Metabolic Networks","Mattia G. Gollub; Hans‐Michael Kaltenbach; Jörg Stelling","2020","10.1101/2020.08.14.250845","https://openalex.org/W3049656521","ROOT-10.1101/2020.08.14.250845","TITLE_ABSTRACT_EXCLUDED","OUTSIDE_METABOLIC_MODEL_DISCRIMINATION_SCOPE","LEVEL_3_DISCOVERY_ONLY","","Prospective root workstream screening; only the preserved result page was screened."
"ROOT-D0177","PHASE2-SEARCH-0014","OpenAlex","2026-07-31","Long-term forest soil warming alters microbial communities in temperate forest soils","Kristen M. DeAngelis; Grace Pold; Begüm D. Topçuoğlu; Linda T. A. van Diepen; Rebecca Varney; Jeffrey L. Blanchard; Jerry M. Melillo; Serita D. Frey","2015","10.3389/fmicb.2015.00104","https://openalex.org/W1998651531","ROOT-10.3389/fmicb.2015.00104","TITLE_ABSTRACT_EXCLUDED","OUTSIDE_METABOLIC_MODEL_DISCRIMINATION_SCOPE","LEVEL_3_DISCOVERY_ONLY","","Prospective root workstream screening; only the preserved result page was screened."
"ROOT-D0178","PHASE2-SEARCH-0014","OpenAlex","2026-07-31","Complex regulation in a Comamonas platform for diverse aromatic carbon metabolism","Rebecca A. Wilkes; Jacob Waldbauer; Austin Carroll; Manuel Nieto‐Domínguez; Darren J. Parker; Lichun Zhang; Adam M. Guss; Ludmilla Aristilde","2023","10.1038/s41589-022-01237-7","https://openalex.org/W4319311544","ROOT-10.1038/s41589-022-01237-7","TITLE_ABSTRACT_EXCLUDED","OUTSIDE_METABOLIC_MODEL_DISCRIMINATION_SCOPE","LEVEL_3_DISCOVERY_ONLY","","Prospective root workstream screening; only the preserved result page was screened."
"ROOT-D0179","PHASE2-SEARCH-0014","OpenAlex","2026-07-31","From integrative structural biology to cell biology","Andrej Šali","2021","10.1016/j.jbc.2021.100743","https://openalex.org/W3157910233","ROOT-10.1016/j.jbc.2021.100743","DUPLICATE","DUPLICATE_OF_EARLIER_PHASE2_OCCURRENCE","LEVEL_3_DISCOVERY_ONLY","","Prospective root workstream screening; only the preserved result page was screened."
"ROOT-D0180","PHASE2-SEARCH-0014","OpenAlex","2026-07-31","Systems biology of host–microbe metabolomics","Almut Heinken; Ines Thiele","2015","10.1002/wsbm.1301","https://openalex.org/W1906231076","ROOT-10.1002/wsbm.1301","TITLE_ABSTRACT_EXCLUDED","OUTSIDE_METABOLIC_MODEL_DISCRIMINATION_SCOPE","LEVEL_3_DISCOVERY_ONLY","","Prospective root workstream screening; only the preserved result page was screened."
"ROOT-D0181","PHASE2-SEARCH-0014","OpenAlex","2026-07-31","Bayesian <sup>13</sup> C-metabolic flux analysis of parallel tracer experiments in granulocytes: A directional shift within the non-oxidative pentose phosphate pathway supports phagocytosis","Melanie Hogg; Eva-Maria Wolfschmitt; Ulrich Wachter; Fabian Zink; Peter Radermacher; J. Vogt","2023","10.1101/2023.11.01.565126","https://openalex.org/W4388336876","ROOT-10.1101/2023.11.01.565126","TITLE_ABSTRACT_INCLUDED","NA","LEVEL_3_DISCOVERY_ONLY","","Prospective root workstream screening; only the preserved result page was screened."
"ROOT-D0182","PHASE2-SEARCH-0014","OpenAlex","2026-07-31","Molecular Microbial Community Analysis as an Analysis Tool for Optimal Biogas Production","Seyedbehnam Hashemi; Sayed Ebrahim Hashemi; Kristian M. Lien; Jacob J. Lamb","2021","10.3390/microorganisms9061162","https://openalex.org/W3164011855","ROOT-10.3390/microorganisms9061162","TITLE_ABSTRACT_EXCLUDED","OUTSIDE_METABOLIC_MODEL_DISCRIMINATION_SCOPE","LEVEL_3_DISCOVERY_ONLY","","Prospective root workstream screening; only the preserved result page was screened."
"ROOT-D0183","PHASE2-SEARCH-0014","OpenAlex","2026-07-31","BayFlux: A <i>Bay</i> esian method to quantify metabolic <i>Flux</i> es and their uncertainty at the genome scale","Tyler W. H. Backman; Christina Schenk; Tijana Radivojević; David Ando; Janavi Singh; Jeffrey J. Czajka; Zak Costello; Jay D. Keasling; Yinjie Tang; Elena Akhmatskaya; Héctor García Martín","2023","10.1101/2023.04.19.537435","https://openalex.org/W4366548510","ROOT-10.1101/2023.04.19.537435","DUPLICATE","DUPLICATE_OF_EARLIER_PHASE2_OCCURRENCE","LEVEL_3_DISCOVERY_ONLY","","Prospective root workstream screening; only the preserved result page was screened."
"ROOT-D0184","PHASE2-SEARCH-0014","OpenAlex","2026-07-31","Stable Isotope Analysis of Dermis and the Foraging Behavior of Whale Sharks at Ningaloo Reef, Western Australia","Lara Marcús; Patti Virtue; Peter D. Nichols; Luciana C. Ferreira; Heidi Pethybridge; Mark G. Meekan","2019","10.3389/fmars.2019.00546","https://openalex.org/W2969978369","ROOT-10.3389/fmars.2019.00546","TITLE_ABSTRACT_EXCLUDED","OUTSIDE_METABOLIC_MODEL_DISCRIMINATION_SCOPE","LEVEL_3_DISCOVERY_ONLY","","Prospective root workstream screening; only the preserved result page was screened."
"ROOT-D0185","PHASE2-SEARCH-0014","OpenAlex","2026-07-31","Conventional methanotrophs are responsible for atmospheric methane oxidation in paddy soils","Yuanfeng Cai; Yan Zheng; Paul L. E. Bodelier; Ralf Conrad; Zhongjun Jia","2016","10.1038/ncomms11728","https://openalex.org/W2412102115","ROOT-10.1038/ncomms11728","TITLE_ABSTRACT_EXCLUDED","OUTSIDE_METABOLIC_MODEL_DISCRIMINATION_SCOPE","LEVEL_3_DISCOVERY_ONLY","","Prospective root workstream screening; only the preserved result page was screened."
"ROOT-D0186","PHASE2-SEARCH-0014","OpenAlex","2026-07-31","Hot isopropanol quenching procedure for automated microtiter plate scale 13C-labeling experiments","Jochen Nießer; Moritz‐Fabian Müller; Jannick Kappelmann; Wolfgang Wiechert; Stephan Noack","2022","10.1186/s12934-022-01806-4","https://openalex.org/W4229377822","ROOT-10.1186/s12934-022-01806-4","TITLE_ABSTRACT_EXCLUDED","OUTSIDE_METABOLIC_MODEL_DISCRIMINATION_SCOPE","LEVEL_3_DISCOVERY_ONLY","","Prospective root workstream screening; only the preserved result page was screened."
"ROOT-D0187","PHASE2-SEARCH-0014","OpenAlex","2026-07-31","Model estimates of climate controls on pan-Arctic wetland methane emissions","Xiaodong Chen; T. J. Bohn; Dennis P. Lettenmaier","2015","10.5194/bg-12-6259-2015","https://openalex.org/W2097020119","ROOT-10.5194/bg-12-6259-2015","TITLE_ABSTRACT_EXCLUDED","OUTSIDE_METABOLIC_MODEL_DISCRIMINATION_SCOPE","LEVEL_3_DISCOVERY_ONLY","","Prospective root workstream screening; only the preserved result page was screened."
"ROOT-D0188","PHASE2-SEARCH-0014","OpenAlex","2026-07-31","Systematic evaluation of parameters for genome-scale metabolic models of cultured mammalian cells","Song‐Min Schinn; Carly Morrison; Wei Wei; Lin Zhang; Nathan E. Lewis","2020","10.1101/2020.06.24.169938","https://openalex.org/W3037433514","ROOT-10.1101/2020.06.24.169938","TITLE_ABSTRACT_EXCLUDED","OUTSIDE_METABOLIC_MODEL_DISCRIMINATION_SCOPE","LEVEL_3_DISCOVERY_ONLY","","Prospective root workstream screening; only the preserved result page was screened."
"ROOT-D0189","PHASE2-SEARCH-0014","OpenAlex","2026-07-31","Pathological glutamatergic neurotransmission in Gilles de la Tourette syndrome","Ahmad S. Kanaan; Sarah Gerasch; Isabel García‐García; Leonie Lampe; André Pampel; Alfred Anwander; Jamie Near; Harald E. Möller; Kirsten Müller‐Vahl","2016","10.1093/brain/aww285","https://openalex.org/W2563266693","ROOT-10.1093/brain/aww285","TITLE_ABSTRACT_EXCLUDED","OUTSIDE_METABOLIC_MODEL_DISCRIMINATION_SCOPE","LEVEL_3_DISCOVERY_ONLY","","Prospective root workstream screening; only the preserved result page was screened."
"ROOT-D0190","PHASE2-SEARCH-0014","OpenAlex","2026-07-31","KETCHUP: Parameterizing of large-scale kinetic models using multiple datasets with different reference states","Mengqi Hu; Patrick F. Suthers; Costas D. Maranas","2024","10.1016/j.ymben.2024.02.002","https://openalex.org/W4391605381","ROOT-10.1016/j.ymben.2024.02.002","TITLE_ABSTRACT_EXCLUDED","OUTSIDE_METABOLIC_MODEL_DISCRIMINATION_SCOPE","LEVEL_3_DISCOVERY_ONLY","","Prospective root workstream screening; only the preserved result page was screened."
"ROOT-D0191","PHASE2-SEARCH-0014","OpenAlex","2026-07-31","Oxidized phospholipids regulate amino acid metabolism through MTHFD2 to facilitate nucleotide release in endothelial cells","Juliane Hitzel; Eunjee Lee; Yi Zhang; Sofia Iris Bibli; Xiaogang Li; Sven Zukunft; Beatrice Pflüger; Jiong Hu; Christoph Schürmann; Andrea E Vasconez; James A. Oo; Adelheid Kratzer; Sandeep Kumar; Flávia Rezende; Ivana Josipovic; Dominique Thomas; Héctor Giral; Yannick Schreiber; Gerd Geißlinger; Christian Fork; Xia Yang; Fragiska Sigala; Casey E. Romanoski; Jens Krøll; Hanjoong Jo; Ulf Landmesser; Aldons J. Lusis; Dmitry Namgaladze; Ingrid Fleming; Matthias S. Leisegang; Jun Zhu; Ralf P. Brandes","2018","10.1038/s41467-018-04602-0","https://openalex.org/W2807552508","ROOT-10.1038/s41467-018-04602-0","TITLE_ABSTRACT_EXCLUDED","OUTSIDE_METABOLIC_MODEL_DISCRIMINATION_SCOPE","LEVEL_3_DISCOVERY_ONLY","","Prospective root workstream screening; only the preserved result page was screened."
"ROOT-D0192","PHASE2-SEARCH-0014","OpenAlex","2026-07-31","Snowball Earth climate dynamics and Cryogenian geology-geobiology","Paul F. Hoffman; Dorian S. Abbot; Yosef Ashkenazy; Douglas I. Benn; Jochen J. Brocks; Phoebe Cohen; Grant M. Cox; Jessica R. Creveling; Yannick Donnadieu; Douglas H. Erwin; Ian J. Fairchild; David Ferreira; Jason Goodman; Galen P. Halverson; Malte Jansen; Guillaume Le Hir; Gordon D. Love; Francis A. Macdonald; Adam C. Maloof; Camille A. Partin; Gilles Ramstein; Brian E. J. Rose; Catherine Rose; Peter M. Sadler; Eli Tziperman; Aiko Voigt; Stephen G. Warren","2017","10.1126/sciadv.1600983","https://openalex.org/W2752695001","ROOT-10.1126/sciadv.1600983","TITLE_ABSTRACT_EXCLUDED","OUTSIDE_METABOLIC_MODEL_DISCRIMINATION_SCOPE","LEVEL_3_DISCOVERY_ONLY","","Prospective root workstream screening; only the preserved result page was screened."
"ROOT-D0193","PHASE2-SEARCH-0014","OpenAlex","2026-07-31","A hybrid inorganic–biological artificial photosynthesis system for energy-efficient food production","Elizabeth Hann; Sean Overa; Marcus Harland‐Dunaway; Andrés F. Narvaez; Dang N. Le; Martha L. Orozco-Cárdenas; Feng Jiao; Robert E. Jinkerson","2022","10.1038/s43016-022-00530-x","https://openalex.org/W4283332473","ROOT-10.1038/s43016-022-00530-x","TITLE_ABSTRACT_EXCLUDED","OUTSIDE_METABOLIC_MODEL_DISCRIMINATION_SCOPE","LEVEL_3_DISCOVERY_ONLY","","Prospective root workstream screening; only the preserved result page was screened."
"ROOT-D0194","PHASE2-SEARCH-0014","OpenAlex","2026-07-31","Alteration of Neuronal Excitability and Short-Term Synaptic Plasticity in the Prefrontal Cortex of a Mouse Model of Mental Illness","Gregg W. Crabtree; Ziyi Sun; Mirna Kvajo; Jantine A.C. Broek; Karine Fénelon; Heather McKellar; Lan Xiao; Bin Xu; Sabine Bahn; James M. O’Donnell; Joseph A. Gogos","2017","10.1523/jneurosci.4345-15.2017","https://openalex.org/W2591737845","ROOT-10.1523/jneurosci.4345-15.2017","TITLE_ABSTRACT_EXCLUDED","OUTSIDE_METABOLIC_MODEL_DISCRIMINATION_SCOPE","LEVEL_3_DISCOVERY_ONLY","","Prospective root workstream screening; only the preserved result page was screened."
"ROOT-D0195","PHASE2-SEARCH-0014","OpenAlex","2026-07-31","Stable isotope evidence for dietary diversification in the pre-Columbian Amazon","André Carlo Colonese; Rachel Winter; Rafael Brandi; Thiago Fossile; Ricardo Fernandes; Silvia Soncin; Krista McGrath; Matthew von Tersch; Arkley Marques Bandeira","2020","10.1038/s41598-020-73540-z","https://openalex.org/W3092288783","ROOT-10.1038/s41598-020-73540-z","TITLE_ABSTRACT_EXCLUDED","OUTSIDE_METABOLIC_MODEL_DISCRIMINATION_SCOPE","LEVEL_3_DISCOVERY_ONLY","","Prospective root workstream screening; only the preserved result page was screened."
"ROOT-D0196","PHASE2-SEARCH-0014","OpenAlex","2026-07-31","Robust Moiety Model Selection Using Mass Spectrometry Measured Isotopologues","Huan Jin; Hunter Moseley","2020","10.3390/metabo10030118","https://openalex.org/W3011550171","ROOT-10.3390/metabo10030118","TITLE_ABSTRACT_EXCLUDED","OUTSIDE_METABOLIC_MODEL_DISCRIMINATION_SCOPE","LEVEL_3_DISCOVERY_ONLY","","Prospective root workstream screening; only the preserved result page was screened."
"ROOT-D0197","PHASE2-SEARCH-0014","OpenAlex","2026-07-31","Mitochondrial complex I promotes kidney cancer metastasis","Divya Bezwada; Luigi Perelli; Nicholas P. Lesner; Ling Cai; Bailey Brooks; Zheng Wu; Hieu Vu; Varun Sondhi; Daniel L. Cassidy; Stacy Y. Kasitinon; Sherwin Kelekar; Feng Cai; Arin B. Aurora; McKenzie Patrick; Ashley Leach; Rashed Ghandour; Yuanyuan Zhang; Duyen Do; Phyllis McDaniel; Jessica Sudderth; Dennis Dumesnil; Sara House; Tracy I. Rosales; Alan M. Poole; Yair Lotan; Solomon L. Woldu; Aditya Bagrodia; Xiaosong Meng; Jeffrey A. Cadeddu; Prashant Mishra; Javier García‐Bermúdez; Iván Pedrosa; Payal Kapur; Kevin D. Courtney; Craig R. Malloy; Giannicola Genovese; Vitaly Margulis; Ralph J. DeBerardinis","2024","10.1038/s41586-024-07812-3","https://openalex.org/W4401574108","ROOT-10.1038/s41586-024-07812-3","TITLE_ABSTRACT_EXCLUDED","OUTSIDE_METABOLIC_MODEL_DISCRIMINATION_SCOPE","LEVEL_3_DISCOVERY_ONLY","","Prospective root workstream screening; only the preserved result page was screened."
"ROOT-D0198","PHASE2-SEARCH-0014","OpenAlex","2026-07-31","A seascape dichotomy in the role of small consumers for coral reef energy fluxes","Simon J. Brandl; Helen F. Yan; Jordan M. Casey; Nina M. D. Schiettekatte; Julianna J. Renzi; Alexandre Mercière; Fabien Morat; Isabelle M. Côté; Valériano Parravicini","2025","10.1002/ecy.70065","https://openalex.org/W4408786371","ROOT-10.1002/ecy.70065","TITLE_ABSTRACT_EXCLUDED","OUTSIDE_METABOLIC_MODEL_DISCRIMINATION_SCOPE","LEVEL_3_DISCOVERY_ONLY","","Prospective root workstream screening; only the preserved result page was screened."
"ROOT-D0199","PHASE2-SEARCH-0014","OpenAlex","2026-07-31","Progress and challenges in using stable isotopes to trace plant carbon and water relations across scales","Christiane Werner; H. Schnyder; Matthias Cuntz; Claudia Keitel; Matthias Zeeman; Todd E. Dawson; Franz‐W. Badeck; Enrico Brugnoli; Jaleh Ghashghaie; Thorsten E. E. Grams; Zachary Kayler; Michael Lakatos; Xuhui Lee; Cristina Máguas; Jérôme Ogée; K. G. Rascher; Rolf Siegwolf; Stephan Unger; J. M. Welker; Lisa Wingate; Arthur Geßler","2012","10.5194/bg-9-3083-2012","https://openalex.org/W2134113342","ROOT-10.5194/bg-9-3083-2012","TITLE_ABSTRACT_EXCLUDED","OUTSIDE_METABOLIC_MODEL_DISCRIMINATION_SCOPE","LEVEL_3_DISCOVERY_ONLY","","Prospective root workstream screening; only the preserved result page was screened."
"ROOT-D0200","PHASE2-SEARCH-0014","OpenAlex","2026-07-31","Moiety modeling framework for deriving moiety abundances from mass spectrometry measured isotopologues","Huan Jin; Hunter Moseley","2019","10.1186/s12859-019-3096-7","https://openalex.org/W2981769115","ROOT-10.1186/s12859-019-3096-7","TITLE_ABSTRACT_EXCLUDED","OUTSIDE_METABOLIC_MODEL_DISCRIMINATION_SCOPE","LEVEL_3_DISCOVERY_ONLY","","Prospective root workstream screening; only the preserved result page was screened."
"ROOT-D0201","PHASE2-SEARCH-0014","OpenAlex","2026-07-31","Lower brain glutamate is associated with cognitive deficits in HIV patients: A new mechanism for HIV‐associated neurocognitive disorder","Thomas Ernst; Caroline S. Jiang; Helenna Nakama; Steven D. Buchthal; Linda Chang","2010","10.1002/jmri.22366","https://openalex.org/W1971243166","ROOT-10.1002/jmri.22366","TITLE_ABSTRACT_EXCLUDED","OUTSIDE_METABOLIC_MODEL_DISCRIMINATION_SCOPE","LEVEL_3_DISCOVERY_ONLY","","Prospective root workstream screening; only the preserved result page was screened."
"ROOT-D0202","PHASE2-SEARCH-0014","OpenAlex","2026-07-31","Artificial intelligence in metabolomics: a current review","Jinhua Chi; Jingmin Shu; Ming Li; Rekha Mudappathi; Yan Jin; Freeman Lewis; Alexandria Boon; Xiao‐Yan Qin; Li Liu; Haiwei Gu","2024","10.1016/j.trac.2024.117852","https://openalex.org/W4400269321","ROOT-10.1016/j.trac.2024.117852","DUPLICATE","DUPLICATE_OF_EARLIER_PHASE2_OCCURRENCE","LEVEL_3_DISCOVERY_ONLY","","Prospective root workstream screening; only the preserved result page was screened."
"ROOT-D0203","PHASE2-SEARCH-0014","OpenAlex","2026-07-31","Computational estimation of tricarboxylic acid cycle fluxes using noisy NMR data from cardiac biopsies","Hannes Hettling; David J. C. Alders; Jaap Heringa; Thomas W. Binsl; A. B. J. Groeneveld; Hans van Beek","2013","10.1186/1752-0509-7-82","https://openalex.org/W2015083989","ROOT-10.1186/1752-0509-7-82","TITLE_ABSTRACT_EXCLUDED","OUTSIDE_METABOLIC_MODEL_DISCRIMINATION_SCOPE","LEVEL_3_DISCOVERY_ONLY","","Prospective root workstream screening; only the preserved result page was screened."
"ROOT-D0204","PHASE2-SEARCH-0014","OpenAlex","2026-07-31","Nonalcoholic Fatty Liver Disease: Pathogenesis and Therapeutics from a Mitochondria-Centric Perspective","Aaron M. Gusdon; Kexiu Song; Shen Qu","2014","10.1155/2014/637027","https://openalex.org/W1993016112","ROOT-10.1155/2014/637027","TITLE_ABSTRACT_EXCLUDED","OUTSIDE_METABOLIC_MODEL_DISCRIMINATION_SCOPE","LEVEL_3_DISCOVERY_ONLY","","Prospective root workstream screening; only the preserved result page was screened."
"ROOT-D0205","PHASE2-SEARCH-0038","OpenAlex","2026-07-31","Sample-efficient reinforcement learning and its applications","Hua Zheng","2024","10.17760/d20659779","https://openalex.org/W4396884888","ROOT-10.17760/d20659779","TITLE_ABSTRACT_EXCLUDED","OUTSIDE_METABOLIC_MODEL_DISCRIMINATION_SCOPE","LEVEL_3_DISCOVERY_ONLY","","Prospective root workstream screening; only the preserved result page was screened."
"ROOT-D0206","PHASE2-SEARCH-0015","Publisher/DOI routing","2026-07-31","Reversible jump MCMC for multi-model inference in Metabolic Flux Analysis","Theorell A; Nöh K","2020","10.1093/bioinformatics/btz500","10.1093/bioinformatics/btz500","ROOT-10.1093/bioinformatics/btz500","DUPLICATE","DUPLICATE_OF_EARLIER_PHASE2_OCCURRENCE","LEVEL_3_DISCOVERY_ONLY","P0031","Prospective supplementary discovery routed to complete primary text."
"ROOT-D0207","PHASE2-SEARCH-0016","arXiv","2026-07-31","Trans-dimensional Bayesian model averaging for 13C-based metabolic flux analysis: Evidence-based flux inference under structural model uncertainty","Jadebeck JF; Stratmann A; Beyß M; Nöh K","2026","arXiv:2605.25079","arXiv:2605.25079","ROOT-arxiv:2605.25079","FULL_TEXT_INCLUDED","NA","LEVEL_1_LOAD_BEARING","P0032","Prospective supplementary discovery routed to complete primary text."
"ROOT-D0208","PHASE2-SEARCH-0037","PubMed","2026-07-31","Parallel labeling experiments with [U-13C]glucose validate E. coli metabolic network model for 13C metabolic flux analysis","Leighty RW; Antoniewicz MR","2012","10.1016/j.ymben.2012.06.003","10.1016/j.ymben.2012.06.003","ROOT-10.1016/j.ymben.2012.06.003","DUPLICATE","DUPLICATE_OF_EARLIER_PHASE2_OCCURRENCE","LEVEL_3_DISCOVERY_ONLY","P0033","Prospective supplementary discovery routed to complete primary text."
"ROOT-D0209","PHASE2-SEARCH-0040","PMC","2026-07-31","MetAMDB: Metabolic Atom Mapping Database","Starke C; Wegner A","2022","10.3390/metabo12020122","10.3390/metabo12020122","ROOT-10.3390/metabo12020122","FULL_TEXT_INCLUDED","NA","LEVEL_1_LOAD_BEARING","P0034","Prospective supplementary discovery routed to complete primary text."
"ROOT-D0210","PHASE2-SEARCH-0039","PMC","2026-07-31","Assessing and Resolving Model Misspecifications in Metabolic Flux Analysis","Gunawan R; Hutter S; Feng X","2017","10.3390/bioengineering4020048","10.3390/bioengineering4020048","ROOT-10.3390/bioengineering4020048","FULL_TEXT_INCLUDED","NA","LEVEL_1_LOAD_BEARING","P0035","Prospective supplementary discovery routed to complete primary text."
