"workstream_record_id","query_id","search_source","search_date","title","authors","year","doi_or_identifier","source_native_id","duplicate_group","screening_state","exclusion_reason","evidence_level","final_corpus_id","raw_result_file","notes"
"C0001","PHASE2-SEARCH-0021","OpenAlex","2026-07-31","Modeling T Cell Antigen Discrimination Based on Feedback Control of Digital ERK Responses","Grégoire Altan‐Bonnet; Ronald N. Germain","2005","10.1371/journal.pbio.0030356","https://openalex.org/W2063116057","C-DUP-0001","TITLE_ABSTRACT_EXCLUDED","Not directly relevant to adjacent model-discrimination or decision-theory transfer after title/metadata screening.","LEVEL_3_DISCOVERY_ONLY","","audit/phase2_raw_search_results/C/PHASE2-SEARCH-0021_openalex.json","Prospective Workstream C occurrence; raw snapshot: audit/phase2_raw_search_results/C/PHASE2-SEARCH-0021_openalex.json"
"C0002","PHASE2-SEARCH-0021","OpenAlex","2026-07-31","A Review of Modern Computational Algorithms for Bayesian Optimal Design","Elizabeth Ryan; Christopher Drovandi; James McGree; A. N. Pettitt","2015","10.1111/insr.12107","https://openalex.org/W2101484286","C-DUP-0002","TITLE_ABSTRACT_EXCLUDED","Not directly relevant to adjacent model-discrimination or decision-theory transfer after title/metadata screening.","LEVEL_3_DISCOVERY_ONLY","","audit/phase2_raw_search_results/C/PHASE2-SEARCH-0021_openalex.json","Prospective Workstream C occurrence; raw snapshot: audit/phase2_raw_search_results/C/PHASE2-SEARCH-0021_openalex.json"
"C0003","PHASE2-SEARCH-0021","OpenAlex","2026-07-31","<i>In silico</i> ADME/T modelling for rational drug design","Yulan Wang; Jing Xing; Yuan Xu; Nannan Zhou; Jianlong Peng; Zhaoping Xiong; Xian Liu; Xiaomin Luo; Cheng Luo; Kaixian Chen; Mingyue Zheng; Hualiang Jiang","2015","10.1017/s0033583515000190","https://openalex.org/W2402258526","C-DUP-0003","TITLE_ABSTRACT_EXCLUDED","Not directly relevant to adjacent model-discrimination or decision-theory transfer after title/metadata screening.","LEVEL_3_DISCOVERY_ONLY","","audit/phase2_raw_search_results/C/PHASE2-SEARCH-0021_openalex.json","Prospective Workstream C occurrence; raw snapshot: audit/phase2_raw_search_results/C/PHASE2-SEARCH-0021_openalex.json"
"C0004","PHASE2-SEARCH-0021","OpenAlex","2026-07-31","The model for end-stage liver disease (MELD)","Patrick S. Kamath; Ray W. Kim","2007","10.1002/hep.21563","https://openalex.org/W2017557941","C-DUP-0004","TITLE_ABSTRACT_EXCLUDED","Not directly relevant to adjacent model-discrimination or decision-theory transfer after title/metadata screening.","LEVEL_3_DISCOVERY_ONLY","","audit/phase2_raw_search_results/C/PHASE2-SEARCH-0021_openalex.json","Prospective Workstream C occurrence; raw snapshot: audit/phase2_raw_search_results/C/PHASE2-SEARCH-0021_openalex.json"
"C0005","PHASE2-SEARCH-0021","OpenAlex","2026-07-31","Optimal experimental design and some related control problems","Luc Pronzato","2007","10.1016/j.automatica.2007.05.016","https://openalex.org/W2124293649","C-DUP-0005","TITLE_ABSTRACT_EXCLUDED","Not directly relevant to adjacent model-discrimination or decision-theory transfer after title/metadata screening.","LEVEL_3_DISCOVERY_ONLY","","audit/phase2_raw_search_results/C/PHASE2-SEARCH-0021_openalex.json","Prospective Workstream C occurrence; raw snapshot: audit/phase2_raw_search_results/C/PHASE2-SEARCH-0021_openalex.json"
"C0006","PHASE2-SEARCH-0021","OpenAlex","2026-07-31","Optimal discrimination designs","Holger Dette; Stefanie Titoff","2009","10.1214/08-aos635","https://openalex.org/W2115070480","C-DUP-0006","FULL_TEXT_INCLUDED","","LEVEL_1_LOAD_BEARING","P0038","audit/phase2_raw_search_results/C/PHASE2-SEARCH-0021_openalex.json","Prospective Workstream C occurrence; raw snapshot: audit/phase2_raw_search_results/C/PHASE2-SEARCH-0021_openalex.json"
"C0007","PHASE2-SEARCH-0021","OpenAlex","2026-07-31","Explainable Artificial Intelligence (XAI): Concepts, taxonomies, opportunities and challenges toward responsible AI","Alejandro Barredo Arrieta; Natalia Díaz-Rodríguez; Javier Del Ser; Adrien Bennetot; Siham Tabik; Alberto Barbado; Salvador García; Sergio Gil-López; Daniel Molina; Richard Benjamins; Raja Chatila; Francisco Herrera","2019","10.1016/j.inffus.2019.12.012","https://openalex.org/W2981731882","C-DUP-0007","TITLE_ABSTRACT_EXCLUDED","Not directly relevant to adjacent model-discrimination or decision-theory transfer after title/metadata screening.","LEVEL_3_DISCOVERY_ONLY","","audit/phase2_raw_search_results/C/PHASE2-SEARCH-0021_openalex.json","Prospective Workstream C occurrence; raw snapshot: audit/phase2_raw_search_results/C/PHASE2-SEARCH-0021_openalex.json"
"C0008","PHASE2-SEARCH-0021","OpenAlex","2026-07-31","Discriminating between rival biochemical network models: three approaches to optimal experiment design","Bence Mélykúti; Elias August; Antonis Papachristodoulou; Hana El‐Samad","2010","10.1186/1752-0509-4-38","https://openalex.org/W2139417466","C-DUP-0008","FULL_TEXT_INCLUDED","","LEVEL_1_LOAD_BEARING","P0039","audit/phase2_raw_search_results/C/PHASE2-SEARCH-0021_openalex.json","Prospective Workstream C occurrence; raw snapshot: audit/phase2_raw_search_results/C/PHASE2-SEARCH-0021_openalex.json"
"C0009","PHASE2-SEARCH-0021","OpenAlex","2026-07-31","Deep learning in color: towards automated quark/gluon jet discrimination","Patrick T. Komiske; Eric M. Metodiev; Matthew D. Schwartz","2017","10.1007/jhep01(2017)110","https://openalex.org/W2563484019","C-DUP-0009","TITLE_ABSTRACT_EXCLUDED","Not directly relevant to adjacent model-discrimination or decision-theory transfer after title/metadata screening.","LEVEL_3_DISCOVERY_ONLY","","audit/phase2_raw_search_results/C/PHASE2-SEARCH-0021_openalex.json","Prospective Workstream C occurrence; raw snapshot: audit/phase2_raw_search_results/C/PHASE2-SEARCH-0021_openalex.json"
"C0010","PHASE2-SEARCH-0021","OpenAlex","2026-07-31","Discrimination of Breast Cancer with Microcalcifications on Mammography by Deep Learning","Jinhua Wang; Xi Yang; Hongmin Cai; Wanchang Tan; Cangzheng Jin; Li Li","2016","10.1038/srep27327","https://openalex.org/W2409650203","C-DUP-0010","TITLE_ABSTRACT_EXCLUDED","Not directly relevant to adjacent model-discrimination or decision-theory transfer after title/metadata screening.","LEVEL_3_DISCOVERY_ONLY","","audit/phase2_raw_search_results/C/PHASE2-SEARCH-0021_openalex.json","Prospective Workstream C occurrence; raw snapshot: audit/phase2_raw_search_results/C/PHASE2-SEARCH-0021_openalex.json"
"C0011","PHASE2-SEARCH-0021","OpenAlex","2026-07-31","Optimal Deployment of Attentional Gain during Fine Discriminations","Miranda Scolari; Anna Byers; John T. Serences","2012","10.1523/jneurosci.5558-11.2012","https://openalex.org/W2012572768","C-DUP-0011","TITLE_ABSTRACT_EXCLUDED","Not directly relevant to adjacent model-discrimination or decision-theory transfer after title/metadata screening.","LEVEL_3_DISCOVERY_ONLY","","audit/phase2_raw_search_results/C/PHASE2-SEARCH-0021_openalex.json","Prospective Workstream C occurrence; raw snapshot: audit/phase2_raw_search_results/C/PHASE2-SEARCH-0021_openalex.json"
"C0012","PHASE2-SEARCH-0021","OpenAlex","2026-07-31","Robustness of asymmetry and coherence of quantum states","Marco Piani; Marco Cianciaruso; Thomas R. Bromley; Carmine Napoli; Nathaniel Johnston; Gerardo Adesso","2016","10.1103/physreva.93.042107","https://openalex.org/W2342127886","C-DUP-0012","TITLE_ABSTRACT_EXCLUDED","Not directly relevant to adjacent model-discrimination or decision-theory transfer after title/metadata screening.","LEVEL_3_DISCOVERY_ONLY","","audit/phase2_raw_search_results/C/PHASE2-SEARCH-0021_openalex.json","Prospective Workstream C occurrence; raw snapshot: audit/phase2_raw_search_results/C/PHASE2-SEARCH-0021_openalex.json"
"C0013","PHASE2-SEARCH-0021","OpenAlex","2026-07-31","Simple allele-discriminating PCR for cost-effective and rapid genotyping and mapping","Minh Bui; Zhongchi Liu","2009","10.1186/1746-4811-5-1","https://openalex.org/W2110564679","C-DUP-0013","TITLE_ABSTRACT_EXCLUDED","Not directly relevant to adjacent model-discrimination or decision-theory transfer after title/metadata screening.","LEVEL_3_DISCOVERY_ONLY","","audit/phase2_raw_search_results/C/PHASE2-SEARCH-0021_openalex.json","Prospective Workstream C occurrence; raw snapshot: audit/phase2_raw_search_results/C/PHASE2-SEARCH-0021_openalex.json"
"C0014","PHASE2-SEARCH-0021","OpenAlex","2026-07-31","Optimal crowdfunding design","Matthew Ellman; Sjaak Hurkens","2019","10.1016/j.jet.2019.104939","https://openalex.org/W3122438686","C-DUP-0014","TITLE_ABSTRACT_EXCLUDED","Not directly relevant to adjacent model-discrimination or decision-theory transfer after title/metadata screening.","LEVEL_3_DISCOVERY_ONLY","","audit/phase2_raw_search_results/C/PHASE2-SEARCH-0021_openalex.json","Prospective Workstream C occurrence; raw snapshot: audit/phase2_raw_search_results/C/PHASE2-SEARCH-0021_openalex.json"
"C0015","PHASE2-SEARCH-0021","OpenAlex","2026-07-31","Robust Tactile Descriptors for Discriminating Objects From Textural Properties via Artificial Robotic Skin","Mohsen Kaboli; Gordon Cheng","2018","10.1109/tro.2018.2830364","https://openalex.org/W2812031262","C-DUP-0015","TITLE_ABSTRACT_EXCLUDED","Not directly relevant to adjacent model-discrimination or decision-theory transfer after title/metadata screening.","LEVEL_3_DISCOVERY_ONLY","","audit/phase2_raw_search_results/C/PHASE2-SEARCH-0021_openalex.json","Prospective Workstream C occurrence; raw snapshot: audit/phase2_raw_search_results/C/PHASE2-SEARCH-0021_openalex.json"
"C0016","PHASE2-SEARCH-0021","OpenAlex","2026-07-31","Current challenges in monitoring, discrimination, and management of induced seismicity related to underground industrial activities: A European perspective","Francesco Grigoli; Simone Cesca; Enrico Priolo; Antonio Pio Rinaldi; John Clinton; Tony Alfredo Stabile; Bernard Dost; Mariano García‐Fernández; Stefan Wiemer; Torsten Dahm","2017","10.1002/2016rg000542","https://openalex.org/W2597160917","C-DUP-0016","TITLE_ABSTRACT_EXCLUDED","Not directly relevant to adjacent model-discrimination or decision-theory transfer after title/metadata screening.","LEVEL_3_DISCOVERY_ONLY","","audit/phase2_raw_search_results/C/PHASE2-SEARCH-0021_openalex.json","Prospective Workstream C occurrence; raw snapshot: audit/phase2_raw_search_results/C/PHASE2-SEARCH-0021_openalex.json"
"C0017","PHASE2-SEARCH-0021","OpenAlex","2026-07-31","The Sparseness of Mixed Selectivity Neurons Controls the Generalization–Discrimination Trade-Off","Omri Barak; Mattia Rigotti; Stefano Fusi","2013","10.1523/jneurosci.2753-12.2013","https://openalex.org/W2093356195","C-DUP-0017","TITLE_ABSTRACT_EXCLUDED","Not directly relevant to adjacent model-discrimination or decision-theory transfer after title/metadata screening.","LEVEL_3_DISCOVERY_ONLY","","audit/phase2_raw_search_results/C/PHASE2-SEARCH-0021_openalex.json","Prospective Workstream C occurrence; raw snapshot: audit/phase2_raw_search_results/C/PHASE2-SEARCH-0021_openalex.json"
"C0018","PHASE2-SEARCH-0021","OpenAlex","2026-07-31","System design of stochastic models using robustness of temporal properties","Ezio Bartocci; Luca Bortolussi; Laura Nenzi; Guido Sanguinetti","2015","10.1016/j.tcs.2015.02.046","https://openalex.org/W1972402079","C-DUP-0018","TITLE_ABSTRACT_EXCLUDED","Not directly relevant to adjacent model-discrimination or decision-theory transfer after title/metadata screening.","LEVEL_3_DISCOVERY_ONLY","","audit/phase2_raw_search_results/C/PHASE2-SEARCH-0021_openalex.json","Prospective Workstream C occurrence; raw snapshot: audit/phase2_raw_search_results/C/PHASE2-SEARCH-0021_openalex.json"
"C0019","PHASE2-SEARCH-0021","OpenAlex","2026-07-31","Machine Learning Seismic Wave Discrimination: Application to Earthquake Early Warning","Zefeng Li; Men‐Andrin Meier; Egill Hauksson; Zhongwen Zhan; Jennifer Andrews","2018","10.1029/2018gl077870","https://openalex.org/W2799565130","C-DUP-0019","TITLE_ABSTRACT_EXCLUDED","Not directly relevant to adjacent model-discrimination or decision-theory transfer after title/metadata screening.","LEVEL_3_DISCOVERY_ONLY","","audit/phase2_raw_search_results/C/PHASE2-SEARCH-0021_openalex.json","Prospective Workstream C occurrence; raw snapshot: audit/phase2_raw_search_results/C/PHASE2-SEARCH-0021_openalex.json"
"C0020","PHASE2-SEARCH-0021","OpenAlex","2026-07-31","Optimal marker gene selection for cell type discrimination in single cell analyses","Bianca Dumitrascu; Soledad Villar; Dustin G. Mixon; Barbara E. Engelhardt","2021","10.1038/s41467-021-21453-4","https://openalex.org/W3131383906","C-DUP-0020","TITLE_ABSTRACT_EXCLUDED","Not directly relevant to adjacent model-discrimination or decision-theory transfer after title/metadata screening.","LEVEL_3_DISCOVERY_ONLY","","audit/phase2_raw_search_results/C/PHASE2-SEARCH-0021_openalex.json","Prospective Workstream C occurrence; raw snapshot: audit/phase2_raw_search_results/C/PHASE2-SEARCH-0021_openalex.json"
"C0021","PHASE2-SEARCH-0021","OpenAlex","2026-07-31","Models of incremental concept formation","John H. Gennari; Pat Langley; Doug Fisher","1989","10.1016/0004-3702(89)90046-5","https://openalex.org/W2050206309","C-DUP-0021","TITLE_ABSTRACT_EXCLUDED","Not directly relevant to adjacent model-discrimination or decision-theory transfer after title/metadata screening.","LEVEL_3_DISCOVERY_ONLY","","audit/phase2_raw_search_results/C/PHASE2-SEARCH-0021_openalex.json","Prospective Workstream C occurrence; raw snapshot: audit/phase2_raw_search_results/C/PHASE2-SEARCH-0021_openalex.json"
"C0022","PHASE2-SEARCH-0021","OpenAlex","2026-07-31","Multidimensional Adaptive Testing with Optimal Design Criteria for Item Selection","Joris Mulder; Wim J. van der Linden","2008","10.1007/s11336-008-9097-5","https://openalex.org/W1991203624","C-DUP-0022","TITLE_ABSTRACT_EXCLUDED","Not directly relevant to adjacent model-discrimination or decision-theory transfer after title/metadata screening.","LEVEL_3_DISCOVERY_ONLY","","audit/phase2_raw_search_results/C/PHASE2-SEARCH-0021_openalex.json","Prospective Workstream C occurrence; raw snapshot: audit/phase2_raw_search_results/C/PHASE2-SEARCH-0021_openalex.json"
"C0023","PHASE2-SEARCH-0021","OpenAlex","2026-07-31","VBA: A Probabilistic Treatment of Nonlinear Models for Neurobiological and Behavioural Data","Jean Daunizeau; Vincent Adam; Lionel Rigoux","2014","10.1371/journal.pcbi.1003441","https://openalex.org/W2049657715","C-DUP-0023","TITLE_ABSTRACT_EXCLUDED","Not directly relevant to adjacent model-discrimination or decision-theory transfer after title/metadata screening.","LEVEL_3_DISCOVERY_ONLY","","audit/phase2_raw_search_results/C/PHASE2-SEARCH-0021_openalex.json","Prospective Workstream C occurrence; raw snapshot: audit/phase2_raw_search_results/C/PHASE2-SEARCH-0021_openalex.json"
"C0024","PHASE2-SEARCH-0021","OpenAlex","2026-07-31","Use of the zero norm with linear models and kernel methods","Jason Weston; André Elisseeff; Bernhard Schölkopf; Mike Tipping","2003","https://openalex.org/W2124225314","https://openalex.org/W2124225314","C-DUP-0024","TITLE_ABSTRACT_EXCLUDED","Not directly relevant to adjacent model-discrimination or decision-theory transfer after title/metadata screening.","LEVEL_3_DISCOVERY_ONLY","","audit/phase2_raw_search_results/C/PHASE2-SEARCH-0021_openalex.json","Prospective Workstream C occurrence; raw snapshot: audit/phase2_raw_search_results/C/PHASE2-SEARCH-0021_openalex.json"
"C0025","PHASE2-SEARCH-0021","OpenAlex","2026-07-31","Brain Mechanisms Supporting Discrimination of Sensory Features of Pain: A New Model","Yoshitetsu Oshiro; Alexandre Silva de Quevedo; John G. McHaffie; Robert Kraft; Robert C. Coghill","2009","10.1523/jneurosci.5538-08.2009","https://openalex.org/W2100951461","C-DUP-0025","TITLE_ABSTRACT_EXCLUDED","Not directly relevant to adjacent model-discrimination or decision-theory transfer after title/metadata screening.","LEVEL_3_DISCOVERY_ONLY","","audit/phase2_raw_search_results/C/PHASE2-SEARCH-0021_openalex.json","Prospective Workstream C occurrence; raw snapshot: audit/phase2_raw_search_results/C/PHASE2-SEARCH-0021_openalex.json"
"C0026","PHASE2-SEARCH-0022","Crossref","2026-07-31","Optimal Experimental Design for Model Discrimination","Jay I. Myung; Mark A. Pitt","2008","10.1037/e527312012-124","10.1037/e527312012-124","C-DUP-0026","TITLE_ABSTRACT_INCLUDED","","LEVEL_3_DISCOVERY_ONLY","","audit/phase2_raw_search_results/C/PHASE2-SEARCH-0022_crossref.json","Prospective Workstream C occurrence; raw snapshot: audit/phase2_raw_search_results/C/PHASE2-SEARCH-0022_crossref.json"
"C0027","PHASE2-SEARCH-0022","Crossref","2026-07-31","Optimal Experimental Design, Model Discrimination","Brecht M. R. Donckels","2013","10.1007/978-1-4419-9863-7_1228","10.1007/978-1-4419-9863-7_1228","C-DUP-0027","TITLE_ABSTRACT_INCLUDED","","LEVEL_3_DISCOVERY_ONLY","","audit/phase2_raw_search_results/C/PHASE2-SEARCH-0022_crossref.json","Prospective Workstream C occurrence; raw snapshot: audit/phase2_raw_search_results/C/PHASE2-SEARCH-0022_crossref.json"
"C0028","PHASE2-SEARCH-0022","Crossref","2026-07-31","Adaptive optimal experimental design for model discrimination","Jay I. Myung; Daniel R. Cavagnaro; Mark A. Pitt","2010","10.1037/e520592012-108","10.1037/e520592012-108","C-DUP-0028","TITLE_ABSTRACT_INCLUDED","","LEVEL_3_DISCOVERY_ONLY","","audit/phase2_raw_search_results/C/PHASE2-SEARCH-0022_crossref.json","Prospective Workstream C occurrence; raw snapshot: audit/phase2_raw_search_results/C/PHASE2-SEARCH-0022_crossref.json"
"C0029","PHASE2-SEARCH-0022","Crossref","2026-07-31","An optimal experimental design approach to model discrimination in dynamic biochemical systems","Dominik Skanda; Dirk Lebiedz","2010","10.1093/bioinformatics/btq074","10.1093/bioinformatics/btq074","C-DUP-0029","TITLE_ABSTRACT_INCLUDED","","LEVEL_3_DISCOVERY_ONLY","","audit/phase2_raw_search_results/C/PHASE2-SEARCH-0022_crossref.json","Prospective Workstream C occurrence; raw snapshot: audit/phase2_raw_search_results/C/PHASE2-SEARCH-0022_crossref.json"
"C0030","PHASE2-SEARCH-0022","Crossref","2026-07-31","Entropy-Based Experimental Design for Optimal Model Discrimination in the Geosciences","Wolfgang Nowak; Anneli Guthke","2016","10.3390/e18110409","10.3390/e18110409","C-DUP-0030","TITLE_ABSTRACT_INCLUDED","","LEVEL_3_DISCOVERY_ONLY","","audit/phase2_raw_search_results/C/PHASE2-SEARCH-0022_crossref.json","Prospective Workstream C occurrence; raw snapshot: audit/phase2_raw_search_results/C/PHASE2-SEARCH-0022_crossref.json"
"C0031","PHASE2-SEARCH-0022","Crossref","2026-07-31","Optimal experimental design for model discrimination.","Jay I. Myung; Mark A. Pitt","2009","10.1037/a0016104","10.1037/a0016104","C-DUP-0031","TITLE_ABSTRACT_INCLUDED","","LEVEL_3_DISCOVERY_ONLY","","audit/phase2_raw_search_results/C/PHASE2-SEARCH-0022_crossref.json","Prospective Workstream C occurrence; raw snapshot: audit/phase2_raw_search_results/C/PHASE2-SEARCH-0022_crossref.json"
"C0032","PHASE2-SEARCH-0022","Crossref","2026-07-31","rodd: Optimal Discriminating Designs","Roman Guchenko","2014","10.32614/cran.package.rodd","10.32614/cran.package.rodd","C-DUP-0032","TITLE_ABSTRACT_INCLUDED","","LEVEL_3_DISCOVERY_ONLY","","audit/phase2_raw_search_results/C/PHASE2-SEARCH-0022_crossref.json","Prospective Workstream C occurrence; raw snapshot: audit/phase2_raw_search_results/C/PHASE2-SEARCH-0022_crossref.json"
"C0033","PHASE2-SEARCH-0022","Crossref","2026-07-31","Optimal Experiment Design for Practical Parameter Identifiability and Model Discrimination","Yue Liu; Philip K. Maini; Ruth E. Baker","2025","10.2139/ssrn.5377217","10.2139/ssrn.5377217","C-DUP-0033","TITLE_ABSTRACT_INCLUDED","","LEVEL_3_DISCOVERY_ONLY","","audit/phase2_raw_search_results/C/PHASE2-SEARCH-0022_crossref.json","Prospective Workstream C occurrence; raw snapshot: audit/phase2_raw_search_results/C/PHASE2-SEARCH-0022_crossref.json"
"C0034","PHASE2-SEARCH-0022","Crossref","2026-07-31","Optimal Experimental Design for Probabilistic Model Discrimination Using Polynomial Chaos","Stefan Streif; Felix Petzke; Ali Mesbah; Rolf Findeisen; Richard D. Braatz","2014","10.3182/20140824-6-za-1003.01562","10.3182/20140824-6-za-1003.01562","C-DUP-0034","TITLE_ABSTRACT_INCLUDED","","LEVEL_3_DISCOVERY_ONLY","","audit/phase2_raw_search_results/C/PHASE2-SEARCH-0022_crossref.json","Prospective Workstream C occurrence; raw snapshot: audit/phase2_raw_search_results/C/PHASE2-SEARCH-0022_crossref.json"
"C0035","PHASE2-SEARCH-0022","Crossref","2026-07-31","Development of a holistic Python package for optimal selection of experimental design criteria in kinetic model discrimination","Maerthe Theresa Tillmann; Federico Galvanin","2023","10.1016/b978-0-443-15274-0.50100-1","10.1016/b978-0-443-15274-0.50100-1","C-DUP-0035","TITLE_ABSTRACT_INCLUDED","","LEVEL_3_DISCOVERY_ONLY","","audit/phase2_raw_search_results/C/PHASE2-SEARCH-0022_crossref.json","Prospective Workstream C occurrence; raw snapshot: audit/phase2_raw_search_results/C/PHASE2-SEARCH-0022_crossref.json"
"C0036","PHASE2-SEARCH-0022","Crossref","2026-07-31","Finite Horizon Control Design for Optimal Model Discrimination","L. Blackmore; B. Williams","","10.1109/cdc.2005.1582753","10.1109/cdc.2005.1582753","C-DUP-0036","TITLE_ABSTRACT_INCLUDED","","LEVEL_3_DISCOVERY_ONLY","","audit/phase2_raw_search_results/C/PHASE2-SEARCH-0022_crossref.json","Prospective Workstream C occurrence; raw snapshot: audit/phase2_raw_search_results/C/PHASE2-SEARCH-0022_crossref.json"
"C0037","PHASE2-SEARCH-0022","Crossref","2026-07-31","Optimal Input Design for Autoregressive Model Discrimination with Constrained Output Variance","Katsuji Uosaki; Ippel Tanaka; Hiroshi Sugiyama","1983","10.23919/acc.1983.4788316","10.23919/acc.1983.4788316","C-DUP-0037","TITLE_ABSTRACT_INCLUDED","","LEVEL_3_DISCOVERY_ONLY","","audit/phase2_raw_search_results/C/PHASE2-SEARCH-0022_crossref.json","Prospective Workstream C occurrence; raw snapshot: audit/phase2_raw_search_results/C/PHASE2-SEARCH-0022_crossref.json"
"C0038","PHASE2-SEARCH-0022","Crossref","2026-07-31","Optimal Input Design for Autoregressive Model Discrimination Based on the Kullback-Leibler Discrimination Information","K. Uosaki; T. Hatanaka","1987","10.1016/s1474-6670(17)55529-9","10.1016/s1474-6670(17)55529-9","C-DUP-0038","TITLE_ABSTRACT_INCLUDED","","LEVEL_3_DISCOVERY_ONLY","","audit/phase2_raw_search_results/C/PHASE2-SEARCH-0022_crossref.json","Prospective Workstream C occurrence; raw snapshot: audit/phase2_raw_search_results/C/PHASE2-SEARCH-0022_crossref.json"
"C0039","PHASE2-SEARCH-0022","Crossref","2026-07-31","Optimal Input Design for Model Discrimination Based on the Kullback Discrimination Information: Frequency Domain Approach","K. Uosaki; T. Hatanaka","1990","10.1016/s1474-6670(17)52006-6","10.1016/s1474-6670(17)52006-6","C-DUP-0039","TITLE_ABSTRACT_INCLUDED","","LEVEL_3_DISCOVERY_ONLY","","audit/phase2_raw_search_results/C/PHASE2-SEARCH-0022_crossref.json","Prospective Workstream C occurrence; raw snapshot: audit/phase2_raw_search_results/C/PHASE2-SEARCH-0022_crossref.json"
"C0040","PHASE2-SEARCH-0022","Crossref","2026-07-31","Exact Optimal Designs and Sample Sizes in Model I of Regression Analysis","","2011","10.1201/b10934-15","10.1201/b10934-15","C-DUP-0040","TITLE_ABSTRACT_EXCLUDED","Not directly relevant to adjacent model-discrimination or decision-theory transfer after title/metadata screening.","LEVEL_3_DISCOVERY_ONLY","","audit/phase2_raw_search_results/C/PHASE2-SEARCH-0022_crossref.json","Prospective Workstream C occurrence; raw snapshot: audit/phase2_raw_search_results/C/PHASE2-SEARCH-0022_crossref.json"
"C0041","PHASE2-SEARCH-0022","Crossref","2026-07-31","Optimal Design for Model Discrimination: Choosing the Best Spacing and Density of Design Points","W. G. Bardsley; E. M. Melikhova","1993","10.1007/978-1-4615-2962-0_72","10.1007/978-1-4615-2962-0_72","C-DUP-0041","TITLE_ABSTRACT_INCLUDED","","LEVEL_3_DISCOVERY_ONLY","","audit/phase2_raw_search_results/C/PHASE2-SEARCH-0022_crossref.json","Prospective Workstream C occurrence; raw snapshot: audit/phase2_raw_search_results/C/PHASE2-SEARCH-0022_crossref.json"
"C0042","PHASE2-SEARCH-0022","Crossref","2026-07-31","Optimal input design for model discrimination using Pontryagin’s maximum principle: Application to kinetic model structures","Karel J. Keesman; Eric Walter","2014","10.1016/j.automatica.2014.03.022","10.1016/j.automatica.2014.03.022","C-DUP-0042","TITLE_ABSTRACT_INCLUDED","","LEVEL_3_DISCOVERY_ONLY","","audit/phase2_raw_search_results/C/PHASE2-SEARCH-0022_crossref.json","Prospective Workstream C occurrence; raw snapshot: audit/phase2_raw_search_results/C/PHASE2-SEARCH-0022_crossref.json"
"C0043","PHASE2-SEARCH-0022","Crossref","2026-07-31","Optimal input design for model discrimination","Karel J. Keesman; Eric Walter","2012","10.3182/20120711-3-be-2027.00126","10.3182/20120711-3-be-2027.00126","C-DUP-0043","TITLE_ABSTRACT_INCLUDED","","LEVEL_3_DISCOVERY_ONLY","","audit/phase2_raw_search_results/C/PHASE2-SEARCH-0022_crossref.json","Prospective Workstream C occurrence; raw snapshot: audit/phase2_raw_search_results/C/PHASE2-SEARCH-0022_crossref.json"
"C0044","PHASE2-SEARCH-0022","Crossref","2026-07-31","The Monod Model","","","10.1007/0-387-31610-8_9","10.1007/0-387-31610-8_9","C-DUP-0044","TITLE_ABSTRACT_EXCLUDED","Not directly relevant to adjacent model-discrimination or decision-theory transfer after title/metadata screening.","LEVEL_3_DISCOVERY_ONLY","","audit/phase2_raw_search_results/C/PHASE2-SEARCH-0022_crossref.json","Prospective Workstream C occurrence; raw snapshot: audit/phase2_raw_search_results/C/PHASE2-SEARCH-0022_crossref.json"
"C0045","PHASE2-SEARCH-0022","Crossref","2026-07-31","An anticipatory approach to optimal experimental design for model discrimination","Brecht M.R. Donckels; Dirk J.W. De Pauw; Bernard De Baets; Jo Maertens; Peter A. Vanrolleghem","2009","10.1016/j.chemolab.2008.08.002","10.1016/j.chemolab.2008.08.002","C-DUP-0045","TITLE_ABSTRACT_INCLUDED","","LEVEL_3_DISCOVERY_ONLY","","audit/phase2_raw_search_results/C/PHASE2-SEARCH-0022_crossref.json","Prospective Workstream C occurrence; raw snapshot: audit/phase2_raw_search_results/C/PHASE2-SEARCH-0022_crossref.json"
"C0046","PHASE2-SEARCH-0022","Crossref","2026-07-31","Model-Based Optimal Experimental Design for Complex Physical Systems","Youssef M. Marzouk; Chi Feng; Xun Huan","2015","10.21236/ada627240","10.21236/ada627240","C-DUP-0046","TITLE_ABSTRACT_EXCLUDED","Not directly relevant to adjacent model-discrimination or decision-theory transfer after title/metadata screening.","LEVEL_3_DISCOVERY_ONLY","","audit/phase2_raw_search_results/C/PHASE2-SEARCH-0022_crossref.json","Prospective Workstream C occurrence; raw snapshot: audit/phase2_raw_search_results/C/PHASE2-SEARCH-0022_crossref.json"
"C0047","PHASE2-SEARCH-0022","Crossref","2026-07-31","Performance assessment of the anticipatory approach to optimal experimental design for model discrimination","Brecht M.R. Donckels; Dirk J.W. De Pauw; Peter A. Vanrolleghem; Bernard De Baets","2012","10.1016/j.chemolab.2011.06.008","10.1016/j.chemolab.2011.06.008","C-DUP-0047","TITLE_ABSTRACT_INCLUDED","","LEVEL_3_DISCOVERY_ONLY","","audit/phase2_raw_search_results/C/PHASE2-SEARCH-0022_crossref.json","Prospective Workstream C occurrence; raw snapshot: audit/phase2_raw_search_results/C/PHASE2-SEARCH-0022_crossref.json"
"C0048","PHASE2-SEARCH-0022","Crossref","2026-07-31","Model-Based Catalyst Screening and Optimal Experimental Design for the Oxidative Coupling of Methane","Anjana Puliyanda","2023","10.20944/preprints202312.0761.v1","10.20944/preprints202312.0761.v1","C-DUP-0048","TITLE_ABSTRACT_EXCLUDED","Not directly relevant to adjacent model-discrimination or decision-theory transfer after title/metadata screening.","LEVEL_3_DISCOVERY_ONLY","","audit/phase2_raw_search_results/C/PHASE2-SEARCH-0022_crossref.json","Prospective Workstream C occurrence; raw snapshot: audit/phase2_raw_search_results/C/PHASE2-SEARCH-0022_crossref.json"
"C0049","PHASE2-SEARCH-0022","Crossref","2026-07-31","Sample Size Determination in Model II of Regression Analysis","","2011","10.1201/b10934-10","10.1201/b10934-10","C-DUP-0049","TITLE_ABSTRACT_EXCLUDED","Not directly relevant to adjacent model-discrimination or decision-theory transfer after title/metadata screening.","LEVEL_3_DISCOVERY_ONLY","","audit/phase2_raw_search_results/C/PHASE2-SEARCH-0022_crossref.json","Prospective Workstream C occurrence; raw snapshot: audit/phase2_raw_search_results/C/PHASE2-SEARCH-0022_crossref.json"
"C0050","PHASE2-SEARCH-0022","Crossref","2026-07-31","Optimal design for model discrimination using the F-test with non-linear biochemical models. Criteria for choosing the number and spacing of experimental points","W.G. Bardsley; P.B. McGinlay; M.G. Roig","1989","10.1016/s0022-5193(89)80059-1","10.1016/s0022-5193(89)80059-1","C-DUP-0050","TITLE_ABSTRACT_INCLUDED","","LEVEL_3_DISCOVERY_ONLY","","audit/phase2_raw_search_results/C/PHASE2-SEARCH-0022_crossref.json","Prospective Workstream C occurrence; raw snapshot: audit/phase2_raw_search_results/C/PHASE2-SEARCH-0022_crossref.json"
"C0051","PHASE2-SEARCH-0023","OpenAlex","2026-07-31","The Pluralism of Fairness Ideals: An Experimental Approach","Alexander W. Cappelen; Astri Drange Hole; Erik Ø. Sørensen; Bertil Tungodden","2007","10.1257/aer.97.3.818","https://openalex.org/W2021931747","C-DUP-0051","TITLE_ABSTRACT_EXCLUDED","Not directly relevant to adjacent model-discrimination or decision-theory transfer after title/metadata screening.","LEVEL_3_DISCOVERY_ONLY","","audit/phase2_raw_search_results/C/PHASE2-SEARCH-0023_openalex.json","Prospective Workstream C occurrence; raw snapshot: audit/phase2_raw_search_results/C/PHASE2-SEARCH-0023_openalex.json"
"C0052","PHASE2-SEARCH-0023","OpenAlex","2026-07-31","Optimal experimental design and some related control problems","Luc Pronzato","2007","10.1016/j.automatica.2007.05.016","https://openalex.org/W2124293649","C-DUP-0005","DUPLICATE","Duplicate DOI or normalized title of an earlier Phase 2 record.","LEVEL_3_DISCOVERY_ONLY","","audit/phase2_raw_search_results/C/PHASE2-SEARCH-0023_openalex.json","Prospective Workstream C occurrence; raw snapshot: audit/phase2_raw_search_results/C/PHASE2-SEARCH-0023_openalex.json"
"C0053","PHASE2-SEARCH-0023","OpenAlex","2026-07-31","Robustness in deep learning models for medical diagnostics: security and adversarial challenges towards robust AI applications","Haseeb Javed; Shaker El–Sappagh; Tamer Abuhmed","2024","10.1007/s10462-024-11005-9","https://openalex.org/W4404127725","C-DUP-0052","TITLE_ABSTRACT_EXCLUDED","Not directly relevant to adjacent model-discrimination or decision-theory transfer after title/metadata screening.","LEVEL_3_DISCOVERY_ONLY","","audit/phase2_raw_search_results/C/PHASE2-SEARCH-0023_openalex.json","Prospective Workstream C occurrence; raw snapshot: audit/phase2_raw_search_results/C/PHASE2-SEARCH-0023_openalex.json"
"C0054","PHASE2-SEARCH-0023","OpenAlex","2026-07-31","Optimal discrimination designs","Holger Dette; Stefanie Titoff","2009","10.1214/08-aos635","https://openalex.org/W2115070480","C-DUP-0006","DUPLICATE","Duplicate DOI or normalized title of an earlier Phase 2 record.","LEVEL_3_DISCOVERY_ONLY","P0038","audit/phase2_raw_search_results/C/PHASE2-SEARCH-0023_openalex.json","Prospective Workstream C occurrence; raw snapshot: audit/phase2_raw_search_results/C/PHASE2-SEARCH-0023_openalex.json"
"C0055","PHASE2-SEARCH-0023","OpenAlex","2026-07-31","Optimal experimental design: Formulations and computations","Xun Huan; Jayanth Jagalur; Youssef Marzouk","2024","10.1017/s0962492924000023","https://openalex.org/W4402229381","C-DUP-0053","TITLE_ABSTRACT_EXCLUDED","Not directly relevant to adjacent model-discrimination or decision-theory transfer after title/metadata screening.","LEVEL_3_DISCOVERY_ONLY","","audit/phase2_raw_search_results/C/PHASE2-SEARCH-0023_openalex.json","Prospective Workstream C occurrence; raw snapshot: audit/phase2_raw_search_results/C/PHASE2-SEARCH-0023_openalex.json"
"C0056","PHASE2-SEARCH-0023","OpenAlex","2026-07-31","Efficient nearly orthogonal and space-filling experimental designs for high-dimensional complex models","Thomas M. Cioppa","2002","https://openalex.org/W1540757676","https://openalex.org/W1540757676","C-DUP-0054","TITLE_ABSTRACT_EXCLUDED","Not directly relevant to adjacent model-discrimination or decision-theory transfer after title/metadata screening.","LEVEL_3_DISCOVERY_ONLY","","audit/phase2_raw_search_results/C/PHASE2-SEARCH-0023_openalex.json","Prospective Workstream C occurrence; raw snapshot: audit/phase2_raw_search_results/C/PHASE2-SEARCH-0023_openalex.json"
"C0057","PHASE2-SEARCH-0023","OpenAlex","2026-07-31","Robust designs for polynomial regression by maximizing a minimum of D- and D1-efficiencies","Holger Dette; Tobias Franke","2001","10.1214/aos/1013699990","https://openalex.org/W2069869765","C-DUP-0055","TITLE_ABSTRACT_EXCLUDED","Not directly relevant to adjacent model-discrimination or decision-theory transfer after title/metadata screening.","LEVEL_3_DISCOVERY_ONLY","","audit/phase2_raw_search_results/C/PHASE2-SEARCH-0023_openalex.json","Prospective Workstream C occurrence; raw snapshot: audit/phase2_raw_search_results/C/PHASE2-SEARCH-0023_openalex.json"
"C0058","PHASE2-SEARCH-0023","OpenAlex","2026-07-31","Robustness of Design in Dose–Response Studies","Pengfei Li; Douglas P. Wiens","2011","10.1111/j.1467-9868.2010.00763.x","https://openalex.org/W2111060966","C-DUP-0056","TITLE_ABSTRACT_EXCLUDED","Not directly relevant to adjacent model-discrimination or decision-theory transfer after title/metadata screening.","LEVEL_3_DISCOVERY_ONLY","","audit/phase2_raw_search_results/C/PHASE2-SEARCH-0023_openalex.json","Prospective Workstream C occurrence; raw snapshot: audit/phase2_raw_search_results/C/PHASE2-SEARCH-0023_openalex.json"
"C0059","PHASE2-SEARCH-0023","OpenAlex","2026-07-31","Monte Carlo Simulations for the Analysis of Non-linear Parameter Confidence Intervals in Optimal Experimental Design","Niels Krausch; Tilman Barz; Annina Sawatzki; Mathis Gruber; Sarah Kamel; Peter Neubauer; Mariano Nicolás Cruz Bournazou","2019","10.3389/fbioe.2019.00122","https://openalex.org/W2945257678","C-DUP-0057","TITLE_ABSTRACT_EXCLUDED","Not directly relevant to adjacent model-discrimination or decision-theory transfer after title/metadata screening.","LEVEL_3_DISCOVERY_ONLY","","audit/phase2_raw_search_results/C/PHASE2-SEARCH-0023_openalex.json","Prospective Workstream C occurrence; raw snapshot: audit/phase2_raw_search_results/C/PHASE2-SEARCH-0023_openalex.json"
"C0060","PHASE2-SEARCH-0023","OpenAlex","2026-07-31","Robust Designs for Model Discrimination and Prediction of a Threshold Probability","Rui Hu","2016","10.7939/r34b2xg2q","https://openalex.org/W2903148652","C-DUP-0058","TITLE_ABSTRACT_INCLUDED","","LEVEL_3_DISCOVERY_ONLY","","audit/phase2_raw_search_results/C/PHASE2-SEARCH-0023_openalex.json","Prospective Workstream C occurrence; raw snapshot: audit/phase2_raw_search_results/C/PHASE2-SEARCH-0023_openalex.json"
"C0061","PHASE2-SEARCH-0023","OpenAlex","2026-07-31","<scp>Pyomo.DOE</scp>: An open‐source package for model‐based design of experiments in Python","Jialu Wang; Alexander W. Dowling","2022","10.1002/aic.17813","https://openalex.org/W4283169144","C-DUP-0059","TITLE_ABSTRACT_EXCLUDED","Not directly relevant to adjacent model-discrimination or decision-theory transfer after title/metadata screening.","LEVEL_3_DISCOVERY_ONLY","","audit/phase2_raw_search_results/C/PHASE2-SEARCH-0023_openalex.json","Prospective Workstream C occurrence; raw snapshot: audit/phase2_raw_search_results/C/PHASE2-SEARCH-0023_openalex.json"
"C0062","PHASE2-SEARCH-0023","OpenAlex","2026-07-31","Optimal experimental design for predator–prey functional response experiments","Jeff F. Zhang; Nikos E. Papanikolaou; Theodore Kypraios; Christopher Drovandi","2018","10.1098/rsif.2018.0186","https://openalex.org/W2884491515","C-DUP-0060","TITLE_ABSTRACT_EXCLUDED","Not directly relevant to adjacent model-discrimination or decision-theory transfer after title/metadata screening.","LEVEL_3_DISCOVERY_ONLY","","audit/phase2_raw_search_results/C/PHASE2-SEARCH-0023_openalex.json","Prospective Workstream C occurrence; raw snapshot: audit/phase2_raw_search_results/C/PHASE2-SEARCH-0023_openalex.json"
"C0063","PHASE2-SEARCH-0023","OpenAlex","2026-07-31","How Social Preferences Shape Incentives in (Experimental) Markets for Credence Goods","Rudolf Kerschbamer; Matthias Sutter; Uwe Dulleck","2015","10.1111/ecoj.12284","https://openalex.org/W1865535002","C-DUP-0061","TITLE_ABSTRACT_EXCLUDED","Not directly relevant to adjacent model-discrimination or decision-theory transfer after title/metadata screening.","LEVEL_3_DISCOVERY_ONLY","","audit/phase2_raw_search_results/C/PHASE2-SEARCH-0023_openalex.json","Prospective Workstream C occurrence; raw snapshot: audit/phase2_raw_search_results/C/PHASE2-SEARCH-0023_openalex.json"
"C0064","PHASE2-SEARCH-0023","OpenAlex","2026-07-31","A Practical, Robust Methodology for Acquiring New Observation Data Using Computationally Expensive Groundwater Models","Adam J. Siade; Joel Hall; Robert N. Karelse","2017","10.1002/2017wr020814","https://openalex.org/W2769060130","C-DUP-0062","TITLE_ABSTRACT_EXCLUDED","Not directly relevant to adjacent model-discrimination or decision-theory transfer after title/metadata screening.","LEVEL_3_DISCOVERY_ONLY","","audit/phase2_raw_search_results/C/PHASE2-SEARCH-0023_openalex.json","Prospective Workstream C occurrence; raw snapshot: audit/phase2_raw_search_results/C/PHASE2-SEARCH-0023_openalex.json"
"C0065","PHASE2-SEARCH-0023","OpenAlex","2026-07-31","Optimal design for correlated processes with input-dependent noise","Alexis Boukouvalas; Dan Cornford; Milan Stehlík","2013","10.1016/j.csda.2013.09.024","https://openalex.org/W1970157543","C-DUP-0063","TITLE_ABSTRACT_EXCLUDED","Not directly relevant to adjacent model-discrimination or decision-theory transfer after title/metadata screening.","LEVEL_3_DISCOVERY_ONLY","","audit/phase2_raw_search_results/C/PHASE2-SEARCH-0023_openalex.json","Prospective Workstream C occurrence; raw snapshot: audit/phase2_raw_search_results/C/PHASE2-SEARCH-0023_openalex.json"
"C0066","PHASE2-SEARCH-0023","OpenAlex","2026-07-31","Bayesian design of experiments for generalized linear models and dimensional analysis with industrial and scientific application","David C. Woods; Antony M. Overstall; Maria Adamou; Timothy W. Waite","2016","10.1080/08982112.2016.1246045","https://openalex.org/W2469848167","C-DUP-0064","TITLE_ABSTRACT_EXCLUDED","Not directly relevant to adjacent model-discrimination or decision-theory transfer after title/metadata screening.","LEVEL_3_DISCOVERY_ONLY","","audit/phase2_raw_search_results/C/PHASE2-SEARCH-0023_openalex.json","Prospective Workstream C occurrence; raw snapshot: audit/phase2_raw_search_results/C/PHASE2-SEARCH-0023_openalex.json"
"C0067","PHASE2-SEARCH-0023","OpenAlex","2026-07-31","Gender discrimination and social identity: experimental evidence from urban Pakistan","Adeline Delavande; Basit Zafar","2013","https://openalex.org/W3121380010","https://openalex.org/W3121380010","C-DUP-0065","TITLE_ABSTRACT_EXCLUDED","Not directly relevant to adjacent model-discrimination or decision-theory transfer after title/metadata screening.","LEVEL_3_DISCOVERY_ONLY","","audit/phase2_raw_search_results/C/PHASE2-SEARCH-0023_openalex.json","Prospective Workstream C occurrence; raw snapshot: audit/phase2_raw_search_results/C/PHASE2-SEARCH-0023_openalex.json"
"C0068","PHASE2-SEARCH-0023","OpenAlex","2026-07-31","On The Economics and Biology of Trust","Ernst Fehr","2009","10.1162/jeea.2009.7.2-3.235","https://openalex.org/W3125705609","C-DUP-0066","TITLE_ABSTRACT_EXCLUDED","Not directly relevant to adjacent model-discrimination or decision-theory transfer after title/metadata screening.","LEVEL_3_DISCOVERY_ONLY","","audit/phase2_raw_search_results/C/PHASE2-SEARCH-0023_openalex.json","Prospective Workstream C occurrence; raw snapshot: audit/phase2_raw_search_results/C/PHASE2-SEARCH-0023_openalex.json"
"C0069","PHASE2-SEARCH-0023","OpenAlex","2026-07-31","Promoting justice by treating people unequally: an experimental study","Alice Becker; Luis Miller","2009","10.1007/s10683-009-9222-z","https://openalex.org/W2159411867","C-DUP-0067","TITLE_ABSTRACT_EXCLUDED","Not directly relevant to adjacent model-discrimination or decision-theory transfer after title/metadata screening.","LEVEL_3_DISCOVERY_ONLY","","audit/phase2_raw_search_results/C/PHASE2-SEARCH-0023_openalex.json","Prospective Workstream C occurrence; raw snapshot: audit/phase2_raw_search_results/C/PHASE2-SEARCH-0023_openalex.json"
"C0070","PHASE2-SEARCH-0023","OpenAlex","2026-07-31","A Survey on the Fairness of Recommender Systems","Yifan Wang; Weizhi Ma; Min Zhang; Yiqun Liu; Shaoping Ma","2022","10.1145/3547333","https://openalex.org/W4282027681","C-DUP-0068","TITLE_ABSTRACT_EXCLUDED","Not directly relevant to adjacent model-discrimination or decision-theory transfer after title/metadata screening.","LEVEL_3_DISCOVERY_ONLY","","audit/phase2_raw_search_results/C/PHASE2-SEARCH-0023_openalex.json","Prospective Workstream C occurrence; raw snapshot: audit/phase2_raw_search_results/C/PHASE2-SEARCH-0023_openalex.json"
"C0071","PHASE2-SEARCH-0023","OpenAlex","2026-07-31","Language-based game theory in the age of artificial intelligence","Valerio Capraro; Roberto Di Paolo; Matjaž Perc; Veronica Pizziol","2024","10.1098/rsif.2023.0720","https://openalex.org/W4392768505","C-DUP-0069","TITLE_ABSTRACT_EXCLUDED","Not directly relevant to adjacent model-discrimination or decision-theory transfer after title/metadata screening.","LEVEL_3_DISCOVERY_ONLY","","audit/phase2_raw_search_results/C/PHASE2-SEARCH-0023_openalex.json","Prospective Workstream C occurrence; raw snapshot: audit/phase2_raw_search_results/C/PHASE2-SEARCH-0023_openalex.json"
"C0072","PHASE2-SEARCH-0023","OpenAlex","2026-07-31","Mode-I Fracture Behavior of CFRPs: Numerical Model of the Experimental Results","Claudia Barile; Caterina Casavola; Benedetto Gambino; Alessandro Mellone; Marco Spagnolo","2019","10.3390/ma12030513","https://openalex.org/W2911466017","C-DUP-0070","TITLE_ABSTRACT_EXCLUDED","Not directly relevant to adjacent model-discrimination or decision-theory transfer after title/metadata screening.","LEVEL_3_DISCOVERY_ONLY","","audit/phase2_raw_search_results/C/PHASE2-SEARCH-0023_openalex.json","Prospective Workstream C occurrence; raw snapshot: audit/phase2_raw_search_results/C/PHASE2-SEARCH-0023_openalex.json"
"C0073","PHASE2-SEARCH-0023","OpenAlex","2026-07-31","A Probabilistic Hierarchical Model for Multi-View and Multi-Feature Classification","Jinxing Li; Hongwei Yong; Bob Zhang; Mu Li; Lei Zhang; David Zhang","2018","10.1609/aaai.v32i1.11611","https://openalex.org/W2788791977","C-DUP-0071","TITLE_ABSTRACT_EXCLUDED","Not directly relevant to adjacent model-discrimination or decision-theory transfer after title/metadata screening.","LEVEL_3_DISCOVERY_ONLY","","audit/phase2_raw_search_results/C/PHASE2-SEARCH-0023_openalex.json","Prospective Workstream C occurrence; raw snapshot: audit/phase2_raw_search_results/C/PHASE2-SEARCH-0023_openalex.json"
"C0074","PHASE2-SEARCH-0023","OpenAlex","2026-07-31","Optimal Design of Experiments for Hybrid Nonlinear Models, with Applications to Extended Michaelis–Menten Kinetics","Yuanzhi Huang; Steven G. Gilmour; Kalliopi Mylona; Peter Goos","2020","10.1007/s13253-020-00405-3","https://openalex.org/W3042421559","C-DUP-0072","TITLE_ABSTRACT_EXCLUDED","Not directly relevant to adjacent model-discrimination or decision-theory transfer after title/metadata screening.","LEVEL_3_DISCOVERY_ONLY","","audit/phase2_raw_search_results/C/PHASE2-SEARCH-0023_openalex.json","Prospective Workstream C occurrence; raw snapshot: audit/phase2_raw_search_results/C/PHASE2-SEARCH-0023_openalex.json"
"C0075","PHASE2-SEARCH-0023","OpenAlex","2026-07-31","An optimization-free Fisher information driven approach for online design of experiments","Andrea Friso; Federico Galvanin","2024","10.1016/j.compchemeng.2024.108724","https://openalex.org/W4396902099","C-DUP-0073","TITLE_ABSTRACT_EXCLUDED","Not directly relevant to adjacent model-discrimination or decision-theory transfer after title/metadata screening.","LEVEL_3_DISCOVERY_ONLY","","audit/phase2_raw_search_results/C/PHASE2-SEARCH-0023_openalex.json","Prospective Workstream C occurrence; raw snapshot: audit/phase2_raw_search_results/C/PHASE2-SEARCH-0023_openalex.json"
"C0076","PHASE2-SEARCH-0024","Crossref","2026-07-31","Bayesian Input Design for Linear Dynamical Model Discrimination","Piotr Bania","2019","10.3390/e21040351","10.3390/e21040351","C-DUP-0074","TITLE_ABSTRACT_INCLUDED","","LEVEL_3_DISCOVERY_ONLY","","audit/phase2_raw_search_results/C/PHASE2-SEARCH-0024_crossref.json","Prospective Workstream C occurrence; raw snapshot: audit/phase2_raw_search_results/C/PHASE2-SEARCH-0024_crossref.json"
"C0077","PHASE2-SEARCH-0024","Crossref","2026-07-31","Optimal Bayesian design for discrimination among rival models","K. Felsenstein","1992","10.1016/0167-9473(92)90058-n","10.1016/0167-9473(92)90058-n","C-DUP-0075","TITLE_ABSTRACT_EXCLUDED","Not directly relevant to adjacent model-discrimination or decision-theory transfer after title/metadata screening.","LEVEL_3_DISCOVERY_ONLY","","audit/phase2_raw_search_results/C/PHASE2-SEARCH-0024_crossref.json","Prospective Workstream C occurrence; raw snapshot: audit/phase2_raw_search_results/C/PHASE2-SEARCH-0024_crossref.json"
"C0078","PHASE2-SEARCH-0024","Crossref","2026-07-31","Optimal Experimental Design, Model Discrimination","Brecht M. R. Donckels","2013","10.1007/978-1-4419-9863-7_1228","10.1007/978-1-4419-9863-7_1228","C-DUP-0027","DUPLICATE","Duplicate DOI or normalized title of an earlier Phase 2 record.","LEVEL_3_DISCOVERY_ONLY","","audit/phase2_raw_search_results/C/PHASE2-SEARCH-0024_crossref.json","Prospective Workstream C occurrence; raw snapshot: audit/phase2_raw_search_results/C/PHASE2-SEARCH-0024_crossref.json"
"C0079","PHASE2-SEARCH-0024","Crossref","2026-07-31","Optimal Experimental Design for Model Discrimination","Jay I. Myung; Mark A. Pitt","2008","10.1037/e527312012-124","10.1037/e527312012-124","C-DUP-0026","DUPLICATE","Duplicate DOI or normalized title of an earlier Phase 2 record.","LEVEL_3_DISCOVERY_ONLY","","audit/phase2_raw_search_results/C/PHASE2-SEARCH-0024_crossref.json","Prospective Workstream C occurrence; raw snapshot: audit/phase2_raw_search_results/C/PHASE2-SEARCH-0024_crossref.json"
"C0080","PHASE2-SEARCH-0024","Crossref","2026-07-31","Bayesian fMRI data analysis and Bayesian optimal design","Nilotpal Sanyal","","10.32469/10355/36693","10.32469/10355/36693","C-DUP-0076","TITLE_ABSTRACT_EXCLUDED","Not directly relevant to adjacent model-discrimination or decision-theory transfer after title/metadata screening.","LEVEL_3_DISCOVERY_ONLY","","audit/phase2_raw_search_results/C/PHASE2-SEARCH-0024_crossref.json","Prospective Workstream C occurrence; raw snapshot: audit/phase2_raw_search_results/C/PHASE2-SEARCH-0024_crossref.json"
"C0081","PHASE2-SEARCH-0024","Crossref","2026-07-31","Optimal Experiment Design for Practical Parameter Identifiability and Model Discrimination","Yue Liu; Philip K. Maini; Ruth E. Baker","2025","10.2139/ssrn.5377217","10.2139/ssrn.5377217","C-DUP-0033","DUPLICATE","Duplicate DOI or normalized title of an earlier Phase 2 record.","LEVEL_3_DISCOVERY_ONLY","","audit/phase2_raw_search_results/C/PHASE2-SEARCH-0024_crossref.json","Prospective Workstream C occurrence; raw snapshot: audit/phase2_raw_search_results/C/PHASE2-SEARCH-0024_crossref.json"
"C0082","PHASE2-SEARCH-0024","Crossref","2026-07-31","Optimal Bayesian Design for a Logistic Regression Model: Geometric and Algebraic Approaches","","1999","10.1201/9781482289824-28","10.1201/9781482289824-28","C-DUP-0077","TITLE_ABSTRACT_EXCLUDED","Not directly relevant to adjacent model-discrimination or decision-theory transfer after title/metadata screening.","LEVEL_3_DISCOVERY_ONLY","","audit/phase2_raw_search_results/C/PHASE2-SEARCH-0024_crossref.json","Prospective Workstream C occurrence; raw snapshot: audit/phase2_raw_search_results/C/PHASE2-SEARCH-0024_crossref.json"
"C0083","PHASE2-SEARCH-0024","Crossref","2026-07-31","Bayesian optimal experimental design tools","Τουλάι Ερτζάν","","10.12681/eadd/51842","10.12681/eadd/51842","C-DUP-0078","TITLE_ABSTRACT_EXCLUDED","Not directly relevant to adjacent model-discrimination or decision-theory transfer after title/metadata screening.","LEVEL_3_DISCOVERY_ONLY","","audit/phase2_raw_search_results/C/PHASE2-SEARCH-0024_crossref.json","Prospective Workstream C occurrence; raw snapshot: audit/phase2_raw_search_results/C/PHASE2-SEARCH-0024_crossref.json"
"C0084","PHASE2-SEARCH-0024","Crossref","2026-07-31","Model Discrimination","","2009","10.1201/9781439811887-13","10.1201/9781439811887-13","C-DUP-0079","TITLE_ABSTRACT_INCLUDED","","LEVEL_3_DISCOVERY_ONLY","","audit/phase2_raw_search_results/C/PHASE2-SEARCH-0024_crossref.json","Prospective Workstream C occurrence; raw snapshot: audit/phase2_raw_search_results/C/PHASE2-SEARCH-0024_crossref.json"
"C0085","PHASE2-SEARCH-0024","Crossref","2026-07-31","Adaptive optimal experimental design for model discrimination","Jay I. Myung; Daniel R. Cavagnaro; Mark A. Pitt","2010","10.1037/e520592012-108","10.1037/e520592012-108","C-DUP-0028","DUPLICATE","Duplicate DOI or normalized title of an earlier Phase 2 record.","LEVEL_3_DISCOVERY_ONLY","","audit/phase2_raw_search_results/C/PHASE2-SEARCH-0024_crossref.json","Prospective Workstream C occurrence; raw snapshot: audit/phase2_raw_search_results/C/PHASE2-SEARCH-0024_crossref.json"
"C0086","PHASE2-SEARCH-0024","Crossref","2026-07-31","Optimal Bayesian design for model discrimination via classification","Markus Hainy; David J. Price; Olivier Restif; Christopher Drovandi","2022","10.1007/s11222-022-10078-2","10.1007/s11222-022-10078-2","C-DUP-0080","TITLE_ABSTRACT_INCLUDED","","LEVEL_3_DISCOVERY_ONLY","","audit/phase2_raw_search_results/C/PHASE2-SEARCH-0024_crossref.json","Prospective Workstream C occurrence; raw snapshot: audit/phase2_raw_search_results/C/PHASE2-SEARCH-0024_crossref.json"
"C0087","PHASE2-SEARCH-0024","Crossref","2026-07-31","Finite Horizon Control Design for Optimal Model Discrimination","L. Blackmore; B. Williams","","10.1109/cdc.2005.1582753","10.1109/cdc.2005.1582753","C-DUP-0036","DUPLICATE","Duplicate DOI or normalized title of an earlier Phase 2 record.","LEVEL_3_DISCOVERY_ONLY","","audit/phase2_raw_search_results/C/PHASE2-SEARCH-0024_crossref.json","Prospective Workstream C occurrence; raw snapshot: audit/phase2_raw_search_results/C/PHASE2-SEARCH-0024_crossref.json"
"C0088","PHASE2-SEARCH-0024","Crossref","2026-07-31","Optimal Input Design for Autoregressive Model Discrimination Based on the Kullback-Leibler Discrimination Information","K. Uosaki; T. Hatanaka","1987","10.1016/s1474-6670(17)55529-9","10.1016/s1474-6670(17)55529-9","C-DUP-0038","DUPLICATE","Duplicate DOI or normalized title of an earlier Phase 2 record.","LEVEL_3_DISCOVERY_ONLY","","audit/phase2_raw_search_results/C/PHASE2-SEARCH-0024_crossref.json","Prospective Workstream C occurrence; raw snapshot: audit/phase2_raw_search_results/C/PHASE2-SEARCH-0024_crossref.json"
"C0089","PHASE2-SEARCH-0024","Crossref","2026-07-31","Optimal Input Design for Autoregressive Model Discrimination with Constrained Output Variance","Katsuji Uosaki; Ippel Tanaka; Hiroshi Sugiyama","1983","10.23919/acc.1983.4788316","10.23919/acc.1983.4788316","C-DUP-0037","DUPLICATE","Duplicate DOI or normalized title of an earlier Phase 2 record.","LEVEL_3_DISCOVERY_ONLY","","audit/phase2_raw_search_results/C/PHASE2-SEARCH-0024_crossref.json","Prospective Workstream C occurrence; raw snapshot: audit/phase2_raw_search_results/C/PHASE2-SEARCH-0024_crossref.json"
"C0090","PHASE2-SEARCH-0024","Crossref","2026-07-31","Optimal Input Design for Model Discrimination Based on the Kullback Discrimination Information: Frequency Domain Approach","K. Uosaki; T. Hatanaka","1990","10.1016/s1474-6670(17)52006-6","10.1016/s1474-6670(17)52006-6","C-DUP-0039","DUPLICATE","Duplicate DOI or normalized title of an earlier Phase 2 record.","LEVEL_3_DISCOVERY_ONLY","","audit/phase2_raw_search_results/C/PHASE2-SEARCH-0024_crossref.json","Prospective Workstream C occurrence; raw snapshot: audit/phase2_raw_search_results/C/PHASE2-SEARCH-0024_crossref.json"
"C0091","PHASE2-SEARCH-0024","Crossref","2026-07-31","Optimal Design for Model Discrimination: Choosing the Best Spacing and Density of Design Points","W. G. Bardsley; E. M. Melikhova","1993","10.1007/978-1-4615-2962-0_72","10.1007/978-1-4615-2962-0_72","C-DUP-0041","DUPLICATE","Duplicate DOI or normalized title of an earlier Phase 2 record.","LEVEL_3_DISCOVERY_ONLY","","audit/phase2_raw_search_results/C/PHASE2-SEARCH-0024_crossref.json","Prospective Workstream C occurrence; raw snapshot: audit/phase2_raw_search_results/C/PHASE2-SEARCH-0024_crossref.json"
"C0092","PHASE2-SEARCH-0024","Crossref","2026-07-31","Optimal Bayesian Design of Experiments for the One-Way Random Effects Model","Sharon L. Lohr","1995","10.2307/2337637","10.2307/2337637","C-DUP-0081","TITLE_ABSTRACT_EXCLUDED","Not directly relevant to adjacent model-discrimination or decision-theory transfer after title/metadata screening.","LEVEL_3_DISCOVERY_ONLY","","audit/phase2_raw_search_results/C/PHASE2-SEARCH-0024_crossref.json","Prospective Workstream C occurrence; raw snapshot: audit/phase2_raw_search_results/C/PHASE2-SEARCH-0024_crossref.json"
"C0093","PHASE2-SEARCH-0024","Crossref","2026-07-31","Simulation-based Bayesian optimal ALT designs for model discrimination","Ehab A. Nasir; Rong Pan","2015","10.1016/j.ress.2014.10.002","10.1016/j.ress.2014.10.002","C-DUP-0082","TITLE_ABSTRACT_INCLUDED","","LEVEL_3_DISCOVERY_ONLY","","audit/phase2_raw_search_results/C/PHASE2-SEARCH-0024_crossref.json","Prospective Workstream C occurrence; raw snapshot: audit/phase2_raw_search_results/C/PHASE2-SEARCH-0024_crossref.json"
"C0094","PHASE2-SEARCH-0024","Crossref","2026-07-31","Optimal input design for model discrimination using Pontryagin’s maximum principle: Application to kinetic model structures","Karel J. Keesman; Eric Walter","2014","10.1016/j.automatica.2014.03.022","10.1016/j.automatica.2014.03.022","C-DUP-0042","DUPLICATE","Duplicate DOI or normalized title of an earlier Phase 2 record.","LEVEL_3_DISCOVERY_ONLY","","audit/phase2_raw_search_results/C/PHASE2-SEARCH-0024_crossref.json","Prospective Workstream C occurrence; raw snapshot: audit/phase2_raw_search_results/C/PHASE2-SEARCH-0024_crossref.json"
"C0095","PHASE2-SEARCH-0024","Crossref","2026-07-31","Optimal input design for model discrimination","Karel J. Keesman; Eric Walter","2012","10.3182/20120711-3-be-2027.00126","10.3182/20120711-3-be-2027.00126","C-DUP-0043","DUPLICATE","Duplicate DOI or normalized title of an earlier Phase 2 record.","LEVEL_3_DISCOVERY_ONLY","","audit/phase2_raw_search_results/C/PHASE2-SEARCH-0024_crossref.json","Prospective Workstream C occurrence; raw snapshot: audit/phase2_raw_search_results/C/PHASE2-SEARCH-0024_crossref.json"
"C0096","PHASE2-SEARCH-0024","Crossref","2026-07-31","Metrics for Bayesian Optimal Experiment Design Under Model Misspecification","Tommie A. Catanach; Niladri Das","2023","10.1109/cdc49753.2023.10384136","10.1109/cdc49753.2023.10384136","C-DUP-0083","TITLE_ABSTRACT_EXCLUDED","Not directly relevant to adjacent model-discrimination or decision-theory transfer after title/metadata screening.","LEVEL_3_DISCOVERY_ONLY","","audit/phase2_raw_search_results/C/PHASE2-SEARCH-0024_crossref.json","Prospective Workstream C occurrence; raw snapshot: audit/phase2_raw_search_results/C/PHASE2-SEARCH-0024_crossref.json"
"C0097","PHASE2-SEARCH-0024","Crossref","2026-07-31","Bayesian Optimal Experimental Design for Inferring Causal Structure","Michele Zemplenyi; Jeffrey W. Miller","2023","10.1214/22-ba1335","10.1214/22-ba1335","C-DUP-0084","TITLE_ABSTRACT_EXCLUDED","Not directly relevant to adjacent model-discrimination or decision-theory transfer after title/metadata screening.","LEVEL_3_DISCOVERY_ONLY","","audit/phase2_raw_search_results/C/PHASE2-SEARCH-0024_crossref.json","Prospective Workstream C occurrence; raw snapshot: audit/phase2_raw_search_results/C/PHASE2-SEARCH-0024_crossref.json"
"C0098","PHASE2-SEARCH-0024","Crossref","2026-07-31","acebayes: Optimal Bayesian Experimental Design using the ACE Algorithm","Antony M. Overstall; David C. Woods; Maria Adamou & Damianos Michaelides","2016","10.32614/cran.package.acebayes","10.32614/cran.package.acebayes","C-DUP-0085","TITLE_ABSTRACT_EXCLUDED","Not directly relevant to adjacent model-discrimination or decision-theory transfer after title/metadata screening.","LEVEL_3_DISCOVERY_ONLY","","audit/phase2_raw_search_results/C/PHASE2-SEARCH-0024_crossref.json","Prospective Workstream C occurrence; raw snapshot: audit/phase2_raw_search_results/C/PHASE2-SEARCH-0024_crossref.json"
"C0099","PHASE2-SEARCH-0024","Crossref","2026-07-31","An optimal experimental design approach to model discrimination in dynamic biochemical systems","Dominik Skanda; Dirk Lebiedz","2010","10.1093/bioinformatics/btq074","10.1093/bioinformatics/btq074","C-DUP-0029","DUPLICATE","Duplicate DOI or normalized title of an earlier Phase 2 record.","LEVEL_3_DISCOVERY_ONLY","","audit/phase2_raw_search_results/C/PHASE2-SEARCH-0024_crossref.json","Prospective Workstream C occurrence; raw snapshot: audit/phase2_raw_search_results/C/PHASE2-SEARCH-0024_crossref.json"
"C0100","PHASE2-SEARCH-0024","Crossref","2026-07-31","Optimal Bayesian design of experiments for the one-way random effects model","S. L. LOHR","1995","10.1093/biomet/82.1.175","10.1093/biomet/82.1.175","C-DUP-0086","TITLE_ABSTRACT_EXCLUDED","Not directly relevant to adjacent model-discrimination or decision-theory transfer after title/metadata screening.","LEVEL_3_DISCOVERY_ONLY","","audit/phase2_raw_search_results/C/PHASE2-SEARCH-0024_crossref.json","Prospective Workstream C occurrence; raw snapshot: audit/phase2_raw_search_results/C/PHASE2-SEARCH-0024_crossref.json"
"C0101","PHASE2-SEARCH-0025","OpenAlex","2026-07-31","Wilcoxon-Mann-Whitney or t-test? On assumptions for hypothesis tests and multiple interpretations of decision rules","Michael P. Fay; Michael A. Proschan","2010","10.1214/09-ss051","https://openalex.org/W1974828111","C-DUP-0087","TITLE_ABSTRACT_EXCLUDED","Not directly relevant to adjacent model-discrimination or decision-theory transfer after title/metadata screening.","LEVEL_3_DISCOVERY_ONLY","","audit/phase2_raw_search_results/C/PHASE2-SEARCH-0025_openalex.json","Prospective Workstream C occurrence; raw snapshot: audit/phase2_raw_search_results/C/PHASE2-SEARCH-0025_openalex.json"
"C0102","PHASE2-SEARCH-0025","OpenAlex","2026-07-31","Adaptive hypothesis testing using wavelets","Vladimir Spokoiny","1996","10.1214/aos/1032181163","https://openalex.org/W1973598141","C-DUP-0088","TITLE_ABSTRACT_EXCLUDED","Not directly relevant to adjacent model-discrimination or decision-theory transfer after title/metadata screening.","LEVEL_3_DISCOVERY_ONLY","","audit/phase2_raw_search_results/C/PHASE2-SEARCH-0025_openalex.json","Prospective Workstream C occurrence; raw snapshot: audit/phase2_raw_search_results/C/PHASE2-SEARCH-0025_openalex.json"
"C0103","PHASE2-SEARCH-0025","OpenAlex","2026-07-31","On Composite Quantum Hypothesis Testing","Mario Berta; Fernando G. S. L. Brandão; Christoph Hirche","2021","10.1007/s00220-021-04133-8","https://openalex.org/W2757532613","C-DUP-0089","TITLE_ABSTRACT_EXCLUDED","Not directly relevant to adjacent model-discrimination or decision-theory transfer after title/metadata screening.","LEVEL_3_DISCOVERY_ONLY","","audit/phase2_raw_search_results/C/PHASE2-SEARCH-0025_openalex.json","Prospective Workstream C occurrence; raw snapshot: audit/phase2_raw_search_results/C/PHASE2-SEARCH-0025_openalex.json"
"C0104","PHASE2-SEARCH-0025","OpenAlex","2026-07-31","Minimax testing of a composite null hypothesis defined via a quadratic functional in the model of regression","Laëtitia Comminges; Arnak S. Dalalyan","2013","10.1214/13-ejs766","https://openalex.org/W2063519358","C-DUP-0090","TITLE_ABSTRACT_EXCLUDED","Not directly relevant to adjacent model-discrimination or decision-theory transfer after title/metadata screening.","LEVEL_3_DISCOVERY_ONLY","","audit/phase2_raw_search_results/C/PHASE2-SEARCH-0025_openalex.json","Prospective Workstream C occurrence; raw snapshot: audit/phase2_raw_search_results/C/PHASE2-SEARCH-0025_openalex.json"
"C0105","PHASE2-SEARCH-0025","OpenAlex","2026-07-31","Theory of Statistics","Mark J. Schervish","1995","10.1007/978-1-4612-4250-5","https://openalex.org/W2019420194","C-DUP-0091","TITLE_ABSTRACT_EXCLUDED","Not directly relevant to adjacent model-discrimination or decision-theory transfer after title/metadata screening.","LEVEL_3_DISCOVERY_ONLY","","audit/phase2_raw_search_results/C/PHASE2-SEARCH-0025_openalex.json","Prospective Workstream C occurrence; raw snapshot: audit/phase2_raw_search_results/C/PHASE2-SEARCH-0025_openalex.json"
"C0106","PHASE2-SEARCH-0025","OpenAlex","2026-07-31","Adaptive minimax testing in the discrete regression scheme","Ghislaine Gayraud; Christophe Pouet","2005","10.1007/s00440-005-0445-4","https://openalex.org/W2007005543","C-DUP-0092","TITLE_ABSTRACT_EXCLUDED","Not directly relevant to adjacent model-discrimination or decision-theory transfer after title/metadata screening.","LEVEL_3_DISCOVERY_ONLY","","audit/phase2_raw_search_results/C/PHASE2-SEARCH-0025_openalex.json","Prospective Workstream C occurrence; raw snapshot: audit/phase2_raw_search_results/C/PHASE2-SEARCH-0025_openalex.json"
"C0107","PHASE2-SEARCH-0025","OpenAlex","2026-07-31","Noise Enhanced Hypothesis-Testing in the Restricted Bayesian Framework","Suat Bayram; Sinan Gezici; H. Vincent Poor","2010","10.1109/tsp.2010.2048107","https://openalex.org/W2097117108","C-DUP-0093","TITLE_ABSTRACT_EXCLUDED","Not directly relevant to adjacent model-discrimination or decision-theory transfer after title/metadata screening.","LEVEL_3_DISCOVERY_ONLY","","audit/phase2_raw_search_results/C/PHASE2-SEARCH-0025_openalex.json","Prospective Workstream C occurrence; raw snapshot: audit/phase2_raw_search_results/C/PHASE2-SEARCH-0025_openalex.json"
"C0108","PHASE2-SEARCH-0025","OpenAlex","2026-07-31","Multiscale Testing of Qualitative Hypotheses","Lutz Dümbgen; Vladimir Spokoiny","2001","10.1214/aos/996986504","https://openalex.org/W1972902995","C-DUP-0094","TITLE_ABSTRACT_EXCLUDED","Not directly relevant to adjacent model-discrimination or decision-theory transfer after title/metadata screening.","LEVEL_3_DISCOVERY_ONLY","","audit/phase2_raw_search_results/C/PHASE2-SEARCH-0025_openalex.json","Prospective Workstream C occurrence; raw snapshot: audit/phase2_raw_search_results/C/PHASE2-SEARCH-0025_openalex.json"
"C0109","PHASE2-SEARCH-0025","OpenAlex","2026-07-31","Augmented minimax linear estimation","David A. Hirshberg; Stefan Wager","2021","10.1214/21-aos2080","https://openalex.org/W2796775270","C-DUP-0095","TITLE_ABSTRACT_EXCLUDED","Not directly relevant to adjacent model-discrimination or decision-theory transfer after title/metadata screening.","LEVEL_3_DISCOVERY_ONLY","","audit/phase2_raw_search_results/C/PHASE2-SEARCH-0025_openalex.json","Prospective Workstream C occurrence; raw snapshot: audit/phase2_raw_search_results/C/PHASE2-SEARCH-0025_openalex.json"
"C0110","PHASE2-SEARCH-0025","OpenAlex","2026-07-31","Scientific Machine Learning Through Physics–Informed Neural Networks: Where we are and What’s Next","Salvatore Cuomo; Vincenzo Schiano Di Cola; Fabio Giampaolo; Gianluigi Rozza; Maziar Raissi; Francesco Piccialli","2022","10.1007/s10915-022-01939-z","https://openalex.org/W4288039037","C-DUP-0096","TITLE_ABSTRACT_EXCLUDED","Not directly relevant to adjacent model-discrimination or decision-theory transfer after title/metadata screening.","LEVEL_3_DISCOVERY_ONLY","","audit/phase2_raw_search_results/C/PHASE2-SEARCH-0025_openalex.json","Prospective Workstream C occurrence; raw snapshot: audit/phase2_raw_search_results/C/PHASE2-SEARCH-0025_openalex.json"
"C0111","PHASE2-SEARCH-0025","OpenAlex","2026-07-31","Flexible smoothing with B-splines and penalties","Paul H.C. Eilers; Brian D. Marx","1996","10.1214/ss/1038425655","https://openalex.org/W1990420052","C-DUP-0097","TITLE_ABSTRACT_EXCLUDED","Not directly relevant to adjacent model-discrimination or decision-theory transfer after title/metadata screening.","LEVEL_3_DISCOVERY_ONLY","","audit/phase2_raw_search_results/C/PHASE2-SEARCH-0025_openalex.json","Prospective Workstream C occurrence; raw snapshot: audit/phase2_raw_search_results/C/PHASE2-SEARCH-0025_openalex.json"
"C0112","PHASE2-SEARCH-0025","OpenAlex","2026-07-31","Minimax optimal sequential hypothesis tests for Markov processes","Michael Fauß; Abdelhak M. Zoubir; H. Vincent Poor","2020","10.1214/19-aos1899","https://openalex.org/W3087611683","C-DUP-0098","TITLE_ABSTRACT_EXCLUDED","Not directly relevant to adjacent model-discrimination or decision-theory transfer after title/metadata screening.","LEVEL_3_DISCOVERY_ONLY","","audit/phase2_raw_search_results/C/PHASE2-SEARCH-0025_openalex.json","Prospective Workstream C occurrence; raw snapshot: audit/phase2_raw_search_results/C/PHASE2-SEARCH-0025_openalex.json"
"C0113","PHASE2-SEARCH-0025","OpenAlex","2026-07-31","Minimax and minimax adaptive estimation in multiplicative regression: locally bayesian approach","Michaël Chichignoud","2011","10.1007/s00440-011-0354-7","https://openalex.org/W2963713752","C-DUP-0099","TITLE_ABSTRACT_EXCLUDED","Not directly relevant to adjacent model-discrimination or decision-theory transfer after title/metadata screening.","LEVEL_3_DISCOVERY_ONLY","","audit/phase2_raw_search_results/C/PHASE2-SEARCH-0025_openalex.json","Prospective Workstream C occurrence; raw snapshot: audit/phase2_raw_search_results/C/PHASE2-SEARCH-0025_openalex.json"
"C0114","PHASE2-SEARCH-0025","OpenAlex","2026-07-31","Restricted strong convexity and weighted matrix completion: Optimal bounds with noise","Sahand Negahban; Martin J. Wainwright","2010","10.48550/arxiv.1009.2118","https://openalex.org/W2111297856","C-DUP-0100","TITLE_ABSTRACT_EXCLUDED","Not directly relevant to adjacent model-discrimination or decision-theory transfer after title/metadata screening.","LEVEL_3_DISCOVERY_ONLY","","audit/phase2_raw_search_results/C/PHASE2-SEARCH-0025_openalex.json","Prospective Workstream C occurrence; raw snapshot: audit/phase2_raw_search_results/C/PHASE2-SEARCH-0025_openalex.json"
"C0115","PHASE2-SEARCH-0025","OpenAlex","2026-07-31","Community detection in dense random networks","Ery Arias-Castro; Nicolas Verzélen","2014","10.1214/14-aos1208","https://openalex.org/W2046360729","C-DUP-0101","TITLE_ABSTRACT_EXCLUDED","Not directly relevant to adjacent model-discrimination or decision-theory transfer after title/metadata screening.","LEVEL_3_DISCOVERY_ONLY","","audit/phase2_raw_search_results/C/PHASE2-SEARCH-0025_openalex.json","Prospective Workstream C occurrence; raw snapshot: audit/phase2_raw_search_results/C/PHASE2-SEARCH-0025_openalex.json"
"C0116","PHASE2-SEARCH-0025","OpenAlex","2026-07-31","Safe testing","Peter Grünwald; Rianne de Heide; Wouter M. Koolen","2024","10.1093/jrsssb/qkae011","https://openalex.org/W4392613287","C-DUP-0102","FULL_TEXT_INCLUDED","","LEVEL_1_LOAD_BEARING","P0043","audit/phase2_raw_search_results/C/PHASE2-SEARCH-0025_openalex.json","Prospective Workstream C occurrence; raw snapshot: audit/phase2_raw_search_results/C/PHASE2-SEARCH-0025_openalex.json"
"C0117","PHASE2-SEARCH-0025","OpenAlex","2026-07-31","Sampling from a Manifold","Persi Diaconis; Susan Holmes; Mehrdad Shahshahani","2013","10.1214/12-imscoll1006","https://openalex.org/W1567796607","C-DUP-0103","TITLE_ABSTRACT_EXCLUDED","Not directly relevant to adjacent model-discrimination or decision-theory transfer after title/metadata screening.","LEVEL_3_DISCOVERY_ONLY","","audit/phase2_raw_search_results/C/PHASE2-SEARCH-0025_openalex.json","Prospective Workstream C occurrence; raw snapshot: audit/phase2_raw_search_results/C/PHASE2-SEARCH-0025_openalex.json"
"C0118","PHASE2-SEARCH-0025","OpenAlex","2026-07-31","Hypothesis testing by convex optimization","Alexander Goldenshluger; Anatoli Juditsky; Arkadi Nemirovski","2015","10.1214/15-ejs1054","https://openalex.org/W1742114735","C-DUP-0104","TITLE_ABSTRACT_EXCLUDED","Not directly relevant to adjacent model-discrimination or decision-theory transfer after title/metadata screening.","LEVEL_3_DISCOVERY_ONLY","","audit/phase2_raw_search_results/C/PHASE2-SEARCH-0025_openalex.json","Prospective Workstream C occurrence; raw snapshot: audit/phase2_raw_search_results/C/PHASE2-SEARCH-0025_openalex.json"
"C0119","PHASE2-SEARCH-0025","OpenAlex","2026-07-31","Misspecified and Asymptotically Minimax Robust Quickest Change Detection","Timothy L. Molloy; Jason Ford","2017","10.1109/tsp.2017.2740202","https://openalex.org/W2746438449","C-DUP-0105","TITLE_ABSTRACT_EXCLUDED","Not directly relevant to adjacent model-discrimination or decision-theory transfer after title/metadata screening.","LEVEL_3_DISCOVERY_ONLY","","audit/phase2_raw_search_results/C/PHASE2-SEARCH-0025_openalex.json","Prospective Workstream C occurrence; raw snapshot: audit/phase2_raw_search_results/C/PHASE2-SEARCH-0025_openalex.json"
"C0120","PHASE2-SEARCH-0025","OpenAlex","2026-07-31","Minimax Robust Decentralized Hypothesis Testing for Parallel Sensor Networks","Gökhan Gül","2020","10.1109/tit.2020.3028451","https://openalex.org/W3090144345","C-DUP-0106","TITLE_ABSTRACT_EXCLUDED","Not directly relevant to adjacent model-discrimination or decision-theory transfer after title/metadata screening.","LEVEL_3_DISCOVERY_ONLY","","audit/phase2_raw_search_results/C/PHASE2-SEARCH-0025_openalex.json","Prospective Workstream C occurrence; raw snapshot: audit/phase2_raw_search_results/C/PHASE2-SEARCH-0025_openalex.json"
"C0121","PHASE2-SEARCH-0025","OpenAlex","2026-07-31","Minimax rates of entropy estimation on large alphabets via best polynomial approximation","Yihong Wu; Pengkun Yang","2014","10.48550/arxiv.1407.0381","https://openalex.org/W2203041117","C-DUP-0107","TITLE_ABSTRACT_EXCLUDED","Not directly relevant to adjacent model-discrimination or decision-theory transfer after title/metadata screening.","LEVEL_3_DISCOVERY_ONLY","","audit/phase2_raw_search_results/C/PHASE2-SEARCH-0025_openalex.json","Prospective Workstream C occurrence; raw snapshot: audit/phase2_raw_search_results/C/PHASE2-SEARCH-0025_openalex.json"
"C0122","PHASE2-SEARCH-0025","OpenAlex","2026-07-31","Hypothesis testing for densities and high-dimensional multinomials: Sharp local minimax rates","Sivaraman Balakrishnan; Larry Wasserman","2019","10.1214/18-aos1729","https://openalex.org/W2728580124","C-DUP-0108","TITLE_ABSTRACT_EXCLUDED","Not directly relevant to adjacent model-discrimination or decision-theory transfer after title/metadata screening.","LEVEL_3_DISCOVERY_ONLY","","audit/phase2_raw_search_results/C/PHASE2-SEARCH-0025_openalex.json","Prospective Workstream C occurrence; raw snapshot: audit/phase2_raw_search_results/C/PHASE2-SEARCH-0025_openalex.json"
"C0123","PHASE2-SEARCH-0025","OpenAlex","2026-07-31","Noisy matrix decomposition via convex relaxation: Optimal rates in high dimensions","Alekh Agarwal; Sahand Negahban; Martin J. Wainwright","2012","10.1214/12-aos1000","https://openalex.org/W2154514661","C-DUP-0109","TITLE_ABSTRACT_EXCLUDED","Not directly relevant to adjacent model-discrimination or decision-theory transfer after title/metadata screening.","LEVEL_3_DISCOVERY_ONLY","","audit/phase2_raw_search_results/C/PHASE2-SEARCH-0025_openalex.json","Prospective Workstream C occurrence; raw snapshot: audit/phase2_raw_search_results/C/PHASE2-SEARCH-0025_openalex.json"
"C0124","PHASE2-SEARCH-0025","OpenAlex","2026-07-31","Statistical inference for time-changed Lévy processes via composite characteristic function estimation","Denis Belomestny","2011","10.1214/11-aos901","https://openalex.org/W1979564323","C-DUP-0110","TITLE_ABSTRACT_EXCLUDED","Not directly relevant to adjacent model-discrimination or decision-theory transfer after title/metadata screening.","LEVEL_3_DISCOVERY_ONLY","","audit/phase2_raw_search_results/C/PHASE2-SEARCH-0025_openalex.json","Prospective Workstream C occurrence; raw snapshot: audit/phase2_raw_search_results/C/PHASE2-SEARCH-0025_openalex.json"
"C0125","PHASE2-SEARCH-0025","OpenAlex","2026-07-31","Comparison of response surface and kriging models for multidisciplinary design optimization","Timothy W. Simpson; Farrokh Mistree; John J. Korte; Timothy M. Mauery","1998","10.2514/6.1998-4755","https://openalex.org/W2078035571","C-DUP-0111","TITLE_ABSTRACT_EXCLUDED","Not directly relevant to adjacent model-discrimination or decision-theory transfer after title/metadata screening.","LEVEL_3_DISCOVERY_ONLY","","audit/phase2_raw_search_results/C/PHASE2-SEARCH-0025_openalex.json","Prospective Workstream C occurrence; raw snapshot: audit/phase2_raw_search_results/C/PHASE2-SEARCH-0025_openalex.json"
"C0126","PHASE2-SEARCH-0026","Crossref","2026-07-31","Information acquisition, controlled sensing, and active hypothesis testing","Tara Javidi","2014","10.1109/iwcit.2014.6842495","10.1109/iwcit.2014.6842495","C-DUP-0112","TITLE_ABSTRACT_INCLUDED","","LEVEL_3_DISCOVERY_ONLY","","audit/phase2_raw_search_results/C/PHASE2-SEARCH-0026_crossref.json","Prospective Workstream C occurrence; raw snapshot: audit/phase2_raw_search_results/C/PHASE2-SEARCH-0026_crossref.json"
"C0127","PHASE2-SEARCH-0026","Crossref","2026-07-31","Introduction to Hypothesis Testing","","2022","10.4135/9781529687156","10.4135/9781529687156","C-DUP-0113","TITLE_ABSTRACT_EXCLUDED","Not directly relevant to adjacent model-discrimination or decision-theory transfer after title/metadata screening.","LEVEL_3_DISCOVERY_ONLY","","audit/phase2_raw_search_results/C/PHASE2-SEARCH-0026_crossref.json","Prospective Workstream C occurrence; raw snapshot: audit/phase2_raw_search_results/C/PHASE2-SEARCH-0026_crossref.json"
"C0128","PHASE2-SEARCH-0026","Crossref","2026-07-31","Multi-Stage Active Sequential Hypothesis Testing with Clustered Hypotheses","George Vershinin; Asaf Cohen; Omer Gurewitz","2025","10.1109/isit63088.2025.11195532","10.1109/isit63088.2025.11195532","C-DUP-0114","TITLE_ABSTRACT_INCLUDED","","LEVEL_3_DISCOVERY_ONLY","","audit/phase2_raw_search_results/C/PHASE2-SEARCH-0026_crossref.json","Prospective Workstream C occurrence; raw snapshot: audit/phase2_raw_search_results/C/PHASE2-SEARCH-0026_crossref.json"
"C0129","PHASE2-SEARCH-0026","Crossref","2026-07-31","Active-testing surveillance for multiple target detection with composite hypotheses","L.A. Boggio; D.R. Fuhrmann","","10.1109/ssp.2003.1289570","10.1109/ssp.2003.1289570","C-DUP-0115","TITLE_ABSTRACT_EXCLUDED","Not directly relevant to adjacent model-discrimination or decision-theory transfer after title/metadata screening.","LEVEL_3_DISCOVERY_ONLY","","audit/phase2_raw_search_results/C/PHASE2-SEARCH-0026_crossref.json","Prospective Workstream C occurrence; raw snapshot: audit/phase2_raw_search_results/C/PHASE2-SEARCH-0026_crossref.json"
"C0130","PHASE2-SEARCH-0026","Crossref","2026-07-31","Testing social hypotheses in tri-variate problem space","","2004","10.4324/9780203641538-9","10.4324/9780203641538-9","C-DUP-0116","TITLE_ABSTRACT_EXCLUDED","Not directly relevant to adjacent model-discrimination or decision-theory transfer after title/metadata screening.","LEVEL_3_DISCOVERY_ONLY","","audit/phase2_raw_search_results/C/PHASE2-SEARCH-0026_crossref.json","Prospective Workstream C occurrence; raw snapshot: audit/phase2_raw_search_results/C/PHASE2-SEARCH-0026_crossref.json"
"C0131","PHASE2-SEARCH-0026","Crossref","2026-07-31","Conventional null hypothesis testing in active control equivalence studies","Tie-Hua Ng","1995","10.1016/0197-2456(95)00040-2","10.1016/0197-2456(95)00040-2","C-DUP-0117","TITLE_ABSTRACT_EXCLUDED","Not directly relevant to adjacent model-discrimination or decision-theory transfer after title/metadata screening.","LEVEL_3_DISCOVERY_ONLY","","audit/phase2_raw_search_results/C/PHASE2-SEARCH-0026_crossref.json","Prospective Workstream C occurrence; raw snapshot: audit/phase2_raw_search_results/C/PHASE2-SEARCH-0026_crossref.json"
"C0132","PHASE2-SEARCH-0026","Crossref","2026-07-31","Smoking, lung cancer and hypothesis testing","P.R.J. Burch","1981","10.1016/0306-9877(81)90145-6","10.1016/0306-9877(81)90145-6","C-DUP-0118","TITLE_ABSTRACT_EXCLUDED","Not directly relevant to adjacent model-discrimination or decision-theory transfer after title/metadata screening.","LEVEL_3_DISCOVERY_ONLY","","audit/phase2_raw_search_results/C/PHASE2-SEARCH-0026_crossref.json","Prospective Workstream C occurrence; raw snapshot: audit/phase2_raw_search_results/C/PHASE2-SEARCH-0026_crossref.json"
"C0133","PHASE2-SEARCH-0026","Crossref","2026-07-31","Testing the TRH hypothesis of pineal function","Jerry Vriend","1978","10.1016/0306-9877(78)90073-7","10.1016/0306-9877(78)90073-7","C-DUP-0119","TITLE_ABSTRACT_EXCLUDED","Not directly relevant to adjacent model-discrimination or decision-theory transfer after title/metadata screening.","LEVEL_3_DISCOVERY_ONLY","","audit/phase2_raw_search_results/C/PHASE2-SEARCH-0026_crossref.json","Prospective Workstream C occurrence; raw snapshot: audit/phase2_raw_search_results/C/PHASE2-SEARCH-0026_crossref.json"
"C0134","PHASE2-SEARCH-0026","Crossref","2026-07-31","The auto-veriﬁcation of social hypotheses","","2004","10.4324/9780203641538-7","10.4324/9780203641538-7","C-DUP-0120","TITLE_ABSTRACT_EXCLUDED","Not directly relevant to adjacent model-discrimination or decision-theory transfer after title/metadata screening.","LEVEL_3_DISCOVERY_ONLY","","audit/phase2_raw_search_results/C/PHASE2-SEARCH-0026_crossref.json","Prospective Workstream C occurrence; raw snapshot: audit/phase2_raw_search_results/C/PHASE2-SEARCH-0026_crossref.json"
"C0135","PHASE2-SEARCH-0026","Crossref","2026-07-31","Hypothesis testing of the adoption of pseudoscientific methods","Dean McKay; Angela Coreil","2024","10.1016/j.mehy.2023.111229","10.1016/j.mehy.2023.111229","C-DUP-0121","TITLE_ABSTRACT_EXCLUDED","Not directly relevant to adjacent model-discrimination or decision-theory transfer after title/metadata screening.","LEVEL_3_DISCOVERY_ONLY","","audit/phase2_raw_search_results/C/PHASE2-SEARCH-0026_crossref.json","Prospective Workstream C occurrence; raw snapshot: audit/phase2_raw_search_results/C/PHASE2-SEARCH-0026_crossref.json"
"C0136","PHASE2-SEARCH-0026","Crossref","2026-07-31","Composite Hypothesis Testing for Cooperative Spectrum Sensing in Cognitive Radio","S. Zarrin; T. J. Lim","2009","10.1109/icc.2009.5198841","10.1109/icc.2009.5198841","C-DUP-0122","TITLE_ABSTRACT_INCLUDED","","LEVEL_3_DISCOVERY_ONLY","","audit/phase2_raw_search_results/C/PHASE2-SEARCH-0026_crossref.json","Prospective Workstream C occurrence; raw snapshot: audit/phase2_raw_search_results/C/PHASE2-SEARCH-0026_crossref.json"
"C0137","PHASE2-SEARCH-0026","Crossref","2026-07-31","Quantum hypothesis testing for composite alternative hypotheses","Daichi Fujiki; Fuyuhiko Tanaka; Tatsuya Sakashita","2025","10.1103/physreva.111.032405","10.1103/physreva.111.032405","C-DUP-0123","TITLE_ABSTRACT_EXCLUDED","Not directly relevant to adjacent model-discrimination or decision-theory transfer after title/metadata screening.","LEVEL_3_DISCOVERY_ONLY","","audit/phase2_raw_search_results/C/PHASE2-SEARCH-0026_crossref.json","Prospective Workstream C occurrence; raw snapshot: audit/phase2_raw_search_results/C/PHASE2-SEARCH-0026_crossref.json"
"C0138","PHASE2-SEARCH-0026","Crossref","2026-07-31","Synthetic oxytocin and breastfeeding: Reasons for testing an hypothesis","M.R. Odent","2013","10.1016/j.mehy.2013.07.044","10.1016/j.mehy.2013.07.044","C-DUP-0124","TITLE_ABSTRACT_EXCLUDED","Not directly relevant to adjacent model-discrimination or decision-theory transfer after title/metadata screening.","LEVEL_3_DISCOVERY_ONLY","","audit/phase2_raw_search_results/C/PHASE2-SEARCH-0026_crossref.json","Prospective Workstream C occurrence; raw snapshot: audit/phase2_raw_search_results/C/PHASE2-SEARCH-0026_crossref.json"
"C0139","PHASE2-SEARCH-0026","Crossref","2026-07-31","A note on conventional null hypothesis testing in active control equivalence studies","Dieter Hauschke; Volker W. Steinijans","1996","10.1016/0197-2456(96)82384-1","10.1016/0197-2456(96)82384-1","C-DUP-0125","TITLE_ABSTRACT_EXCLUDED","Not directly relevant to adjacent model-discrimination or decision-theory transfer after title/metadata screening.","LEVEL_3_DISCOVERY_ONLY","","audit/phase2_raw_search_results/C/PHASE2-SEARCH-0026_crossref.json","Prospective Workstream C occurrence; raw snapshot: audit/phase2_raw_search_results/C/PHASE2-SEARCH-0026_crossref.json"
"C0140","PHASE2-SEARCH-0026","Crossref","2026-07-31","Controlled Sensing for Multi-Hypothesis Testing with Co-Dependent Actions","Javad Heydari; Ali Tajer","2018","10.1109/isit.2018.8437682","10.1109/isit.2018.8437682","C-DUP-0126","TITLE_ABSTRACT_INCLUDED","","LEVEL_3_DISCOVERY_ONLY","","audit/phase2_raw_search_results/C/PHASE2-SEARCH-0026_crossref.json","Prospective Workstream C occurrence; raw snapshot: audit/phase2_raw_search_results/C/PHASE2-SEARCH-0026_crossref.json"
"C0141","PHASE2-SEARCH-0026","Crossref","2026-07-31","Comment on: Hypothesis testing of the adoption of pseudoscientific methods","Jeanne Talbot; Marjorie Robb; Jane Evans","2024","10.1016/j.mehy.2024.111295","10.1016/j.mehy.2024.111295","C-DUP-0127","TITLE_ABSTRACT_EXCLUDED","Not directly relevant to adjacent model-discrimination or decision-theory transfer after title/metadata screening.","LEVEL_3_DISCOVERY_ONLY","","audit/phase2_raw_search_results/C/PHASE2-SEARCH-0026_crossref.json","Prospective Workstream C occurrence; raw snapshot: audit/phase2_raw_search_results/C/PHASE2-SEARCH-0026_crossref.json"
"C0142","PHASE2-SEARCH-0026","Crossref","2026-07-31","Probing For Hypotheses","Marvin Levine","2022","10.4324/9781003316565-22","10.4324/9781003316565-22","C-DUP-0128","TITLE_ABSTRACT_EXCLUDED","Not directly relevant to adjacent model-discrimination or decision-theory transfer after title/metadata screening.","LEVEL_3_DISCOVERY_ONLY","","audit/phase2_raw_search_results/C/PHASE2-SEARCH-0026_crossref.json","Prospective Workstream C occurrence; raw snapshot: audit/phase2_raw_search_results/C/PHASE2-SEARCH-0026_crossref.json"
"C0143","PHASE2-SEARCH-0026","Crossref","2026-07-31","Hypotheses and Hypothesis Testing","Lars-Göran Johansson","2015","10.1007/978-3-319-26551-3_3","10.1007/978-3-319-26551-3_3","C-DUP-0129","TITLE_ABSTRACT_EXCLUDED","Not directly relevant to adjacent model-discrimination or decision-theory transfer after title/metadata screening.","LEVEL_3_DISCOVERY_ONLY","","audit/phase2_raw_search_results/C/PHASE2-SEARCH-0026_crossref.json","Prospective Workstream C occurrence; raw snapshot: audit/phase2_raw_search_results/C/PHASE2-SEARCH-0026_crossref.json"
"C0144","PHASE2-SEARCH-0026","Crossref","2026-07-31","The backup is active in Alzheimer’s disease: A hypothesis from problem theory","Gordon Burnand","2015","10.1016/j.mehy.2015.01.004","10.1016/j.mehy.2015.01.004","C-DUP-0130","TITLE_ABSTRACT_EXCLUDED","Not directly relevant to adjacent model-discrimination or decision-theory transfer after title/metadata screening.","LEVEL_3_DISCOVERY_ONLY","","audit/phase2_raw_search_results/C/PHASE2-SEARCH-0026_crossref.json","Prospective Workstream C occurrence; raw snapshot: audit/phase2_raw_search_results/C/PHASE2-SEARCH-0026_crossref.json"
"C0145","PHASE2-SEARCH-0026","Crossref","2026-07-31","Testing the hypothesis that “Alzheimer’s disease is a result of loss of full brain buoyancy”","Timothy Daly","2023","10.1016/j.mehy.2023.111048","10.1016/j.mehy.2023.111048","C-DUP-0131","TITLE_ABSTRACT_EXCLUDED","Not directly relevant to adjacent model-discrimination or decision-theory transfer after title/metadata screening.","LEVEL_3_DISCOVERY_ONLY","","audit/phase2_raw_search_results/C/PHASE2-SEARCH-0026_crossref.json","Prospective Workstream C occurrence; raw snapshot: audit/phase2_raw_search_results/C/PHASE2-SEARCH-0026_crossref.json"
"C0146","PHASE2-SEARCH-0026","Crossref","2026-07-31","Controlled sensing for hypothesis testing","Sirin Nitinawarat; George K. Atia; Venugopal V. Veeravalli","2012","10.1109/icassp.2012.6289111","10.1109/icassp.2012.6289111","C-DUP-0132","TITLE_ABSTRACT_INCLUDED","","LEVEL_3_DISCOVERY_ONLY","","audit/phase2_raw_search_results/C/PHASE2-SEARCH-0026_crossref.json","Prospective Workstream C occurrence; raw snapshot: audit/phase2_raw_search_results/C/PHASE2-SEARCH-0026_crossref.json"
"C0147","PHASE2-SEARCH-0026","Crossref","2026-07-31","medScan: Large Scale Single Mediator Hypothesis Testing","Jiacong Du","2022","10.32614/cran.package.medscan","10.32614/cran.package.medscan","C-DUP-0133","TITLE_ABSTRACT_EXCLUDED","Not directly relevant to adjacent model-discrimination or decision-theory transfer after title/metadata screening.","LEVEL_3_DISCOVERY_ONLY","","audit/phase2_raw_search_results/C/PHASE2-SEARCH-0026_crossref.json","Prospective Workstream C occurrence; raw snapshot: audit/phase2_raw_search_results/C/PHASE2-SEARCH-0026_crossref.json"
"C0148","PHASE2-SEARCH-0026","Crossref","2026-07-31","A reply to “Comment on: Hypothesis testing of the adoption of pseudoscientific methods”","Dean McKay; Angela Coreil","2024","10.1016/j.mehy.2024.111339","10.1016/j.mehy.2024.111339","C-DUP-0134","TITLE_ABSTRACT_EXCLUDED","Not directly relevant to adjacent model-discrimination or decision-theory transfer after title/metadata screening.","LEVEL_3_DISCOVERY_ONLY","","audit/phase2_raw_search_results/C/PHASE2-SEARCH-0026_crossref.json","Prospective Workstream C occurrence; raw snapshot: audit/phase2_raw_search_results/C/PHASE2-SEARCH-0026_crossref.json"
"C0149","PHASE2-SEARCH-0026","Crossref","2026-07-31","Testing Superiority and Non‐Inferiority Hypotheses in Active Controlled Clinical Trials","Yi Tsong; Juan (Joanne) Zhang","2005","10.1002/bimj.200410089","10.1002/bimj.200410089","C-DUP-0135","TITLE_ABSTRACT_EXCLUDED","Not directly relevant to adjacent model-discrimination or decision-theory transfer after title/metadata screening.","LEVEL_3_DISCOVERY_ONLY","","audit/phase2_raw_search_results/C/PHASE2-SEARCH-0026_crossref.json","Prospective Workstream C occurrence; raw snapshot: audit/phase2_raw_search_results/C/PHASE2-SEARCH-0026_crossref.json"
"C0150","PHASE2-SEARCH-0026","Crossref","2026-07-31","Why hypothesis testers should spend less time testing hypotheses","Anne M. Scheel; Leo Tiokhin; Peder Mortvedt Isager; Daniel Lakens","2020","10.31234/osf.io/vekpu","10.31234/osf.io/vekpu","C-DUP-0136","TITLE_ABSTRACT_EXCLUDED","Not directly relevant to adjacent model-discrimination or decision-theory transfer after title/metadata screening.","LEVEL_3_DISCOVERY_ONLY","","audit/phase2_raw_search_results/C/PHASE2-SEARCH-0026_crossref.json","Prospective Workstream C occurrence; raw snapshot: audit/phase2_raw_search_results/C/PHASE2-SEARCH-0026_crossref.json"
"C0151","PHASE2-SEARCH-0027","OpenAlex","2026-07-31","Sequential controlled sensing for composite multihypothesis testing","Aditya Deshmukh; Venugopal V. Veeravalli; Srikrishna Bhashyam","2021","10.1080/07474946.2021.1912525","https://openalex.org/W2982216380","C-DUP-0137","FULL_TEXT_INCLUDED","","LEVEL_1_LOAD_BEARING","P0028","audit/phase2_raw_search_results/C/PHASE2-SEARCH-0027_openalex.json","Prospective Workstream C occurrence; raw snapshot: audit/phase2_raw_search_results/C/PHASE2-SEARCH-0027_openalex.json"
"C0152","PHASE2-SEARCH-0027","OpenAlex","2026-07-31","Sequential multiple testing with generalized error control: An asymptotic optimality theory","Yanglei Song; Georgios Fellouris","2019","10.1214/18-aos1737","https://openalex.org/W2513551071","C-DUP-0138","TITLE_ABSTRACT_EXCLUDED","Not directly relevant to adjacent model-discrimination or decision-theory transfer after title/metadata screening.","LEVEL_3_DISCOVERY_ONLY","","audit/phase2_raw_search_results/C/PHASE2-SEARCH-0027_openalex.json","Prospective Workstream C occurrence; raw snapshot: audit/phase2_raw_search_results/C/PHASE2-SEARCH-0027_openalex.json"
"C0153","PHASE2-SEARCH-0027","OpenAlex","2026-07-31","Minimax optimal sequential hypothesis tests for Markov processes","Michael Fauß; Abdelhak M. Zoubir; H. Vincent Poor","2020","10.1214/19-aos1899","https://openalex.org/W3087611683","C-DUP-0098","DUPLICATE","Duplicate DOI or normalized title of an earlier Phase 2 record.","LEVEL_3_DISCOVERY_ONLY","","audit/phase2_raw_search_results/C/PHASE2-SEARCH-0027_openalex.json","Prospective Workstream C occurrence; raw snapshot: audit/phase2_raw_search_results/C/PHASE2-SEARCH-0027_openalex.json"
"C0154","PHASE2-SEARCH-0027","OpenAlex","2026-07-31","Spectrum Sensing in Cognitive Radio: Bootstrap and Sequential Detection Approaches","Fiky Yosef Suratman","2014","10.26083/tuprints-00003808","https://openalex.org/W1893603709","C-DUP-0139","TITLE_ABSTRACT_EXCLUDED","Not directly relevant to adjacent model-discrimination or decision-theory transfer after title/metadata screening.","LEVEL_3_DISCOVERY_ONLY","","audit/phase2_raw_search_results/C/PHASE2-SEARCH-0027_openalex.json","Prospective Workstream C occurrence; raw snapshot: audit/phase2_raw_search_results/C/PHASE2-SEARCH-0027_openalex.json"
"C0155","PHASE2-SEARCH-0027","OpenAlex","2026-07-31","Suppressing the impact of the COVID-19 pandemic using controlled testing and isolation","Kobi Cohen; Amir Leshem","2021","10.1038/s41598-021-85458-1","https://openalex.org/W3138463571","C-DUP-0140","TITLE_ABSTRACT_EXCLUDED","Not directly relevant to adjacent model-discrimination or decision-theory transfer after title/metadata screening.","LEVEL_3_DISCOVERY_ONLY","","audit/phase2_raw_search_results/C/PHASE2-SEARCH-0027_openalex.json","Prospective Workstream C occurrence; raw snapshot: audit/phase2_raw_search_results/C/PHASE2-SEARCH-0027_openalex.json"
"C0156","PHASE2-SEARCH-0027","OpenAlex","2026-07-31","Asymptotic Optimality of Combined Double Sequential Weighted Probability Ratio Test for Three Composite Hypotheses","Lei Wang; Xiaolong Pu; Li Yan","2015","10.1155/2015/356587","https://openalex.org/W2039696760","C-DUP-0141","TITLE_ABSTRACT_EXCLUDED","Not directly relevant to adjacent model-discrimination or decision-theory transfer after title/metadata screening.","LEVEL_3_DISCOVERY_ONLY","","audit/phase2_raw_search_results/C/PHASE2-SEARCH-0027_openalex.json","Prospective Workstream C occurrence; raw snapshot: audit/phase2_raw_search_results/C/PHASE2-SEARCH-0027_openalex.json"
"C0157","PHASE2-SEARCH-0027","OpenAlex","2026-07-31","Asymptotically Optimal Sequential Design for Rank Aggregation","Xi Chen; Yunxiao Chen; Xiaoou Li","2022","10.1287/moor.2021.1209","https://openalex.org/W2766877344","C-DUP-0142","TITLE_ABSTRACT_EXCLUDED","Not directly relevant to adjacent model-discrimination or decision-theory transfer after title/metadata screening.","LEVEL_3_DISCOVERY_ONLY","","audit/phase2_raw_search_results/C/PHASE2-SEARCH-0027_openalex.json","Prospective Workstream C occurrence; raw snapshot: audit/phase2_raw_search_results/C/PHASE2-SEARCH-0027_openalex.json"
"C0158","PHASE2-SEARCH-0027","OpenAlex","2026-07-31","Optimal Stopping and Worker Selection in Crowdsourcing: an Adaptive Sequential Probability Ratio Test Framework","Xiaoou Li; Yunxiao Chen; Xi Chen; Jingchen Liu; Zhiliang Ying","2017","10.48550/arxiv.1708.08374","https://openalex.org/W2750874517","C-DUP-0143","TITLE_ABSTRACT_EXCLUDED","Not directly relevant to adjacent model-discrimination or decision-theory transfer after title/metadata screening.","LEVEL_3_DISCOVERY_ONLY","","audit/phase2_raw_search_results/C/PHASE2-SEARCH-0027_openalex.json","Prospective Workstream C occurrence; raw snapshot: audit/phase2_raw_search_results/C/PHASE2-SEARCH-0027_openalex.json"
"C0159","PHASE2-SEARCH-0027","OpenAlex","2026-07-31","Suppressing the impact of the COVID-19 pandemic using controlled testing and isolation","Kobi Cohen; Amir Leshem","2020","10.1101/2020.05.03.20089730","https://openalex.org/W3023985805","C-DUP-0144","TITLE_ABSTRACT_EXCLUDED","Not directly relevant to adjacent model-discrimination or decision-theory transfer after title/metadata screening.","LEVEL_3_DISCOVERY_ONLY","","audit/phase2_raw_search_results/C/PHASE2-SEARCH-0027_openalex.json","Prospective Workstream C occurrence; raw snapshot: audit/phase2_raw_search_results/C/PHASE2-SEARCH-0027_openalex.json"
"C0160","PHASE2-SEARCH-0027","OpenAlex","2026-07-31","Optimal Stopping and Worker Selection in Crowdsourcing: an Adaptive Sequential Probability Ratio Test Framework","Xiaoou Li; Yunxiao Chen; Xi Chen; Jingchen Liu; Zhiliang Ying","2019","10.5705/ss.202018.0300","https://openalex.org/W3037918016","C-DUP-0145","TITLE_ABSTRACT_EXCLUDED","Not directly relevant to adjacent model-discrimination or decision-theory transfer after title/metadata screening.","LEVEL_3_DISCOVERY_ONLY","","audit/phase2_raw_search_results/C/PHASE2-SEARCH-0027_openalex.json","Prospective Workstream C occurrence; raw snapshot: audit/phase2_raw_search_results/C/PHASE2-SEARCH-0027_openalex.json"
"C0161","PHASE2-SEARCH-0027","OpenAlex","2026-07-31","Communication-efficient decentralized sequential detection","Hongfei Wang","2016","https://openalex.org/W2564668633","https://openalex.org/W2564668633","C-DUP-0146","TITLE_ABSTRACT_EXCLUDED","Not directly relevant to adjacent model-discrimination or decision-theory transfer after title/metadata screening.","LEVEL_3_DISCOVERY_ONLY","","audit/phase2_raw_search_results/C/PHASE2-SEARCH-0027_openalex.json","Prospective Workstream C occurrence; raw snapshot: audit/phase2_raw_search_results/C/PHASE2-SEARCH-0027_openalex.json"
"C0162","PHASE2-SEARCH-0027","OpenAlex","2026-07-31","Bayesian Sequential Joint Detection and Estimation under Multiple Hypotheses","Dominik Reinhard; Michael Fauß; Abdelhak M. Zoubir","2020","10.48550/arxiv.2003.12405","https://openalex.org/W4285697396","C-DUP-0147","TITLE_ABSTRACT_EXCLUDED","Not directly relevant to adjacent model-discrimination or decision-theory transfer after title/metadata screening.","LEVEL_3_DISCOVERY_ONLY","","audit/phase2_raw_search_results/C/PHASE2-SEARCH-0027_openalex.json","Prospective Workstream C occurrence; raw snapshot: audit/phase2_raw_search_results/C/PHASE2-SEARCH-0027_openalex.json"
"C0163","PHASE2-SEARCH-0027","OpenAlex","2026-07-31","Universal scheme for optimal search and stop","Sirin Nitinawarat; Venugopal V. Veeravalli","2017","10.3150/15-bej795","https://openalex.org/W2596265978","C-DUP-0148","TITLE_ABSTRACT_EXCLUDED","Not directly relevant to adjacent model-discrimination or decision-theory transfer after title/metadata screening.","LEVEL_3_DISCOVERY_ONLY","","audit/phase2_raw_search_results/C/PHASE2-SEARCH-0027_openalex.json","Prospective Workstream C occurrence; raw snapshot: audit/phase2_raw_search_results/C/PHASE2-SEARCH-0027_openalex.json"
"C0164","PHASE2-SEARCH-0027","OpenAlex","2026-07-31","THEORIES AND METHODS IN CLASSIFICATION: A REVIEW","Somesh Das Gupta","1973","10.1016/b978-0-12-154050-0.50012-5","https://openalex.org/W159550582","C-DUP-0149","TITLE_ABSTRACT_EXCLUDED","Not directly relevant to adjacent model-discrimination or decision-theory transfer after title/metadata screening.","LEVEL_3_DISCOVERY_ONLY","","audit/phase2_raw_search_results/C/PHASE2-SEARCH-0027_openalex.json","Prospective Workstream C occurrence; raw snapshot: audit/phase2_raw_search_results/C/PHASE2-SEARCH-0027_openalex.json"
"C0165","PHASE2-SEARCH-0027","OpenAlex","2026-07-31","Deep Multi-Agent Reinforcement Learning for Decentralized Active Hypothesis Testing","Hadar Szostak; Kobi Cohen","2023","10.48550/arxiv.2309.08477","https://openalex.org/W4386839763","C-DUP-0150","TITLE_ABSTRACT_INCLUDED","","LEVEL_3_DISCOVERY_ONLY","","audit/phase2_raw_search_results/C/PHASE2-SEARCH-0027_openalex.json","Prospective Workstream C occurrence; raw snapshot: audit/phase2_raw_search_results/C/PHASE2-SEARCH-0027_openalex.json"
"C0166","PHASE2-SEARCH-0027","OpenAlex","2026-07-31","Learning to Detect an Oddball Target","Nidhin Koshy Vaidhiyan; Rajesh Sundaresan","2017","10.1109/tit.2017.2778264","https://openalex.org/W2293259016","C-DUP-0151","TITLE_ABSTRACT_EXCLUDED","Not directly relevant to adjacent model-discrimination or decision-theory transfer after title/metadata screening.","LEVEL_3_DISCOVERY_ONLY","","audit/phase2_raw_search_results/C/PHASE2-SEARCH-0027_openalex.json","Prospective Workstream C occurrence; raw snapshot: audit/phase2_raw_search_results/C/PHASE2-SEARCH-0027_openalex.json"
"C0167","PHASE2-SEARCH-0027","OpenAlex","2026-07-31","General asymptotic Bayesian theory of quickest change detection","Александр Г Тартаковский; Alexander G Tartakovskii; Venupogal V. Veeravalli; Venupogal V. Veeravalli","2004","10.4213/tvp207","https://openalex.org/W2327155154","C-DUP-0152","TITLE_ABSTRACT_EXCLUDED","Not directly relevant to adjacent model-discrimination or decision-theory transfer after title/metadata screening.","LEVEL_3_DISCOVERY_ONLY","","audit/phase2_raw_search_results/C/PHASE2-SEARCH-0027_openalex.json","Prospective Workstream C occurrence; raw snapshot: audit/phase2_raw_search_results/C/PHASE2-SEARCH-0027_openalex.json"
"C0168","PHASE2-SEARCH-0027","OpenAlex","2026-07-31","Research Advancements in Key Technologies for Space-Based Situational Awareness","Beichao Wang; Shuang Li; Jinzhen Mu; Xiaolong Hao; Wenshan Zhu; Jiaqian Hu","2022","10.34133/2022/9802793","https://openalex.org/W4283124185","C-DUP-0153","TITLE_ABSTRACT_EXCLUDED","Not directly relevant to adjacent model-discrimination or decision-theory transfer after title/metadata screening.","LEVEL_3_DISCOVERY_ONLY","","audit/phase2_raw_search_results/C/PHASE2-SEARCH-0027_openalex.json","Prospective Workstream C occurrence; raw snapshot: audit/phase2_raw_search_results/C/PHASE2-SEARCH-0027_openalex.json"
"C0169","PHASE2-SEARCH-0027","OpenAlex","2026-07-31","Quick and Complete Convergence in the Law of Large Numbers with Applications to Statistics","Alexander G. Tartakovsky","2023","10.20944/preprints202305.0904.v1","https://openalex.org/W4377024865","C-DUP-0154","TITLE_ABSTRACT_EXCLUDED","Not directly relevant to adjacent model-discrimination or decision-theory transfer after title/metadata screening.","LEVEL_3_DISCOVERY_ONLY","","audit/phase2_raw_search_results/C/PHASE2-SEARCH-0027_openalex.json","Prospective Workstream C occurrence; raw snapshot: audit/phase2_raw_search_results/C/PHASE2-SEARCH-0027_openalex.json"
"C0170","PHASE2-SEARCH-0027","OpenAlex","2026-07-31","Active Anomaly Detection in Heterogeneous Processes","Boshuang Huang; Kobi Cohen; Qing Zhao","2017","10.48550/arxiv.1704.00766","https://openalex.org/W2949995950","C-DUP-0155","TITLE_ABSTRACT_EXCLUDED","Not directly relevant to adjacent model-discrimination or decision-theory transfer after title/metadata screening.","LEVEL_3_DISCOVERY_ONLY","","audit/phase2_raw_search_results/C/PHASE2-SEARCH-0027_openalex.json","Prospective Workstream C occurrence; raw snapshot: audit/phase2_raw_search_results/C/PHASE2-SEARCH-0027_openalex.json"
"C0171","PHASE2-SEARCH-0027","OpenAlex","2026-07-31","Estimation, Decision and Applications to Target Tracking","Yu Liu","2013","https://openalex.org/W171989812","https://openalex.org/W171989812","C-DUP-0156","TITLE_ABSTRACT_EXCLUDED","Not directly relevant to adjacent model-discrimination or decision-theory transfer after title/metadata screening.","LEVEL_3_DISCOVERY_ONLY","","audit/phase2_raw_search_results/C/PHASE2-SEARCH-0027_openalex.json","Prospective Workstream C occurrence; raw snapshot: audit/phase2_raw_search_results/C/PHASE2-SEARCH-0027_openalex.json"
"C0172","PHASE2-SEARCH-0027","OpenAlex","2026-07-31","A SURVEY OF MOTION-BASED MULTITARGET TRACKING METHODS","Changzhen Qiu; Zhiyong Zhang; Huanzhang Lu; Huiwu Luo","2015","10.2528/pierb15010503","https://openalex.org/W581632429","C-DUP-0157","TITLE_ABSTRACT_EXCLUDED","Not directly relevant to adjacent model-discrimination or decision-theory transfer after title/metadata screening.","LEVEL_3_DISCOVERY_ONLY","","audit/phase2_raw_search_results/C/PHASE2-SEARCH-0027_openalex.json","Prospective Workstream C occurrence; raw snapshot: audit/phase2_raw_search_results/C/PHASE2-SEARCH-0027_openalex.json"
"C0173","PHASE2-SEARCH-0027","OpenAlex","2026-07-31","Universal Scheme for Optimal Search and Stop","Sirin Nitinawarat; Venugopal V. Veeravalli","2014","10.48550/arxiv.1412.4870","https://openalex.org/W2951492191","C-DUP-0158","TITLE_ABSTRACT_EXCLUDED","Not directly relevant to adjacent model-discrimination or decision-theory transfer after title/metadata screening.","LEVEL_3_DISCOVERY_ONLY","","audit/phase2_raw_search_results/C/PHASE2-SEARCH-0027_openalex.json","Prospective Workstream C occurrence; raw snapshot: audit/phase2_raw_search_results/C/PHASE2-SEARCH-0027_openalex.json"
"C0174","PHASE2-SEARCH-0027","OpenAlex","2026-07-31","Sequential Multiple Testing of Multiple Composite Hypotheses: an Asymptotic Optimality Theory with General Information Functions","Yiming Xing","2026","10.5705/ss.202025.0042","https://openalex.org/W7162491624","C-DUP-0159","TITLE_ABSTRACT_EXCLUDED","Not directly relevant to adjacent model-discrimination or decision-theory transfer after title/metadata screening.","LEVEL_3_DISCOVERY_ONLY","","audit/phase2_raw_search_results/C/PHASE2-SEARCH-0027_openalex.json","Prospective Workstream C occurrence; raw snapshot: audit/phase2_raw_search_results/C/PHASE2-SEARCH-0027_openalex.json"
"C0175","PHASE2-SEARCH-0027","OpenAlex","2026-07-31","Quick and Complete Convergence in the Law of Large Numbers with Applications to Statistics","Alexander G. Tartakovsky","2023","10.3390/math11122687","https://openalex.org/W4380685732","C-DUP-0160","TITLE_ABSTRACT_EXCLUDED","Not directly relevant to adjacent model-discrimination or decision-theory transfer after title/metadata screening.","LEVEL_3_DISCOVERY_ONLY","","audit/phase2_raw_search_results/C/PHASE2-SEARCH-0027_openalex.json","Prospective Workstream C occurrence; raw snapshot: audit/phase2_raw_search_results/C/PHASE2-SEARCH-0027_openalex.json"
"C0176","PHASE2-SEARCH-0028","Crossref","2026-07-31","Sequential Design of Experiments","Herman Chernoff","1992","10.1007/978-1-4612-4380-9_27","10.1007/978-1-4612-4380-9_27","C-DUP-0161","TITLE_ABSTRACT_INCLUDED","","LEVEL_3_DISCOVERY_ONLY","","audit/phase2_raw_search_results/C/PHASE2-SEARCH-0028_crossref.json","Prospective Workstream C occurrence; raw snapshot: audit/phase2_raw_search_results/C/PHASE2-SEARCH-0028_crossref.json"
"C0177","PHASE2-SEARCH-0028","Crossref","2026-07-31","Sequential Design of Experiments","Herman Chernoff","1959","10.1214/aoms/1177706205","10.1214/aoms/1177706205","C-DUP-0162","TITLE_ABSTRACT_INCLUDED","","LEVEL_3_DISCOVERY_ONLY","","audit/phase2_raw_search_results/C/PHASE2-SEARCH-0028_crossref.json","Prospective Workstream C occurrence; raw snapshot: audit/phase2_raw_search_results/C/PHASE2-SEARCH-0028_crossref.json"
"C0178","PHASE2-SEARCH-0028","Crossref","2026-07-31","Introduction to Chernoff (1959) Sequential Design of Experiments","P. K. Sen","1992","10.1007/978-1-4612-4380-9_26","10.1007/978-1-4612-4380-9_26","C-DUP-0163","TITLE_ABSTRACT_INCLUDED","","LEVEL_3_DISCOVERY_ONLY","","audit/phase2_raw_search_results/C/PHASE2-SEARCH-0028_crossref.json","Prospective Workstream C occurrence; raw snapshot: audit/phase2_raw_search_results/C/PHASE2-SEARCH-0028_crossref.json"
"C0179","PHASE2-SEARCH-0028","Crossref","2026-07-31","1. Sequential Analysis and Optimal Design","Herman Chernoff","1972","10.1137/1.9781611970593.ch1","10.1137/1.9781611970593.ch1","C-DUP-0164","TITLE_ABSTRACT_EXCLUDED","Not directly relevant to adjacent model-discrimination or decision-theory transfer after title/metadata screening.","LEVEL_3_DISCOVERY_ONLY","","audit/phase2_raw_search_results/C/PHASE2-SEARCH-0028_crossref.json","Prospective Workstream C occurrence; raw snapshot: audit/phase2_raw_search_results/C/PHASE2-SEARCH-0028_crossref.json"
"C0180","PHASE2-SEARCH-0028","Crossref","2026-07-31","Sequential Analysis and Optimal Design","Herman Chernoff","1972","10.1137/1.9781611970593","10.1137/1.9781611970593","C-DUP-0165","TITLE_ABSTRACT_EXCLUDED","Not directly relevant to adjacent model-discrimination or decision-theory transfer after title/metadata screening.","LEVEL_3_DISCOVERY_ONLY","","audit/phase2_raw_search_results/C/PHASE2-SEARCH-0028_crossref.json","Prospective Workstream C occurrence; raw snapshot: audit/phase2_raw_search_results/C/PHASE2-SEARCH-0028_crossref.json"
"C0181","PHASE2-SEARCH-0028","Crossref","2026-07-31","Adaptive waveform design for target detection with sequential composite hypothesis testing","Shahar Bar; Joseph Tabrikian","2016","10.1109/ssp.2016.7551788","10.1109/ssp.2016.7551788","C-DUP-0166","TITLE_ABSTRACT_INCLUDED","","LEVEL_3_DISCOVERY_ONLY","","audit/phase2_raw_search_results/C/PHASE2-SEARCH-0028_crossref.json","Prospective Workstream C occurrence; raw snapshot: audit/phase2_raw_search_results/C/PHASE2-SEARCH-0028_crossref.json"
"C0182","PHASE2-SEARCH-0028","Crossref","2026-07-31","Sequential Design of Experiments for Hypothesis Testing","I. I. Tsitovich","1985","10.1137/1129109","10.1137/1129109","C-DUP-0167","TITLE_ABSTRACT_INCLUDED","","LEVEL_3_DISCOVERY_ONLY","","audit/phase2_raw_search_results/C/PHASE2-SEARCH-0028_crossref.json","Prospective Workstream C occurrence; raw snapshot: audit/phase2_raw_search_results/C/PHASE2-SEARCH-0028_crossref.json"
"C0183","PHASE2-SEARCH-0028","Crossref","2026-07-31","Sequential Design of Experiments","Christine Anderson-Cook","2017","10.2172/1367830","10.2172/1367830","C-DUP-0168","TITLE_ABSTRACT_INCLUDED","","LEVEL_3_DISCOVERY_ONLY","","audit/phase2_raw_search_results/C/PHASE2-SEARCH-0028_crossref.json","Prospective Workstream C occurrence; raw snapshot: audit/phase2_raw_search_results/C/PHASE2-SEARCH-0028_crossref.json"
"C0184","PHASE2-SEARCH-0028","Crossref","2026-07-31","Cost effective functional response experiments via sequential design","Hayden Moffat","","10.5204/thesis.eprints.209917","10.5204/thesis.eprints.209917","C-DUP-0169","TITLE_ABSTRACT_EXCLUDED","Not directly relevant to adjacent model-discrimination or decision-theory transfer after title/metadata screening.","LEVEL_3_DISCOVERY_ONLY","","audit/phase2_raw_search_results/C/PHASE2-SEARCH-0028_crossref.json","Prospective Workstream C occurrence; raw snapshot: audit/phase2_raw_search_results/C/PHASE2-SEARCH-0028_crossref.json"
"C0185","PHASE2-SEARCH-0028","Crossref","2026-07-31","Sequential aspects of experiments and experimental programmes","","2012","10.1017/cbo9781139020879.021","10.1017/cbo9781139020879.021","C-DUP-0170","TITLE_ABSTRACT_EXCLUDED","Not directly relevant to adjacent model-discrimination or decision-theory transfer after title/metadata screening.","LEVEL_3_DISCOVERY_ONLY","","audit/phase2_raw_search_results/C/PHASE2-SEARCH-0028_crossref.json","Prospective Workstream C occurrence; raw snapshot: audit/phase2_raw_search_results/C/PHASE2-SEARCH-0028_crossref.json"
"C0186","PHASE2-SEARCH-0028","Crossref","2026-07-31","Sequential Analysis and Optimal Design.","Gordon Simons; Herman Chernoff","1976","10.2307/2285778","10.2307/2285778","C-DUP-0171","TITLE_ABSTRACT_EXCLUDED","Not directly relevant to adjacent model-discrimination or decision-theory transfer after title/metadata screening.","LEVEL_3_DISCOVERY_ONLY","","audit/phase2_raw_search_results/C/PHASE2-SEARCH-0028_crossref.json","Prospective Workstream C occurrence; raw snapshot: audit/phase2_raw_search_results/C/PHASE2-SEARCH-0028_crossref.json"
"C0187","PHASE2-SEARCH-0028","Crossref","2026-07-31","Design and Analysis of Sequential Experiments","","2014","10.1142/9789814566780_0028","10.1142/9789814566780_0028","C-DUP-0172","TITLE_ABSTRACT_EXCLUDED","Not directly relevant to adjacent model-discrimination or decision-theory transfer after title/metadata screening.","LEVEL_3_DISCOVERY_ONLY","","audit/phase2_raw_search_results/C/PHASE2-SEARCH-0028_crossref.json","Prospective Workstream C occurrence; raw snapshot: audit/phase2_raw_search_results/C/PHASE2-SEARCH-0028_crossref.json"
"C0188","PHASE2-SEARCH-0028","Crossref","2026-07-31","Topics in the Sequential Design of Experiments","Michael Woodroofe","1992","10.21236/ada249799","10.21236/ada249799","C-DUP-0173","TITLE_ABSTRACT_INCLUDED","","LEVEL_3_DISCOVERY_ONLY","","audit/phase2_raw_search_results/C/PHASE2-SEARCH-0028_crossref.json","Prospective Workstream C occurrence; raw snapshot: audit/phase2_raw_search_results/C/PHASE2-SEARCH-0028_crossref.json"
"C0189","PHASE2-SEARCH-0028","Crossref","2026-07-31","Sequential Design of Experiments to Estimate a Probability of Failure.","Ling Li","","10.70675/d357cfdbzb42ez4339z96cbza4279c846cce","10.70675/d357cfdbzb42ez4339z96cbza4279c846cce","C-DUP-0174","TITLE_ABSTRACT_INCLUDED","","LEVEL_3_DISCOVERY_ONLY","","audit/phase2_raw_search_results/C/PHASE2-SEARCH-0028_crossref.json","Prospective Workstream C occurrence; raw snapshot: audit/phase2_raw_search_results/C/PHASE2-SEARCH-0028_crossref.json"
"C0190","PHASE2-SEARCH-0028","Crossref","2026-07-31","Numerical Methods for Bayes Sequential Decision Problems","H. Chernoff; A. J. Petkau","1984","10.21236/ada140418","10.21236/ada140418","C-DUP-0175","TITLE_ABSTRACT_EXCLUDED","Not directly relevant to adjacent model-discrimination or decision-theory transfer after title/metadata screening.","LEVEL_3_DISCOVERY_ONLY","","audit/phase2_raw_search_results/C/PHASE2-SEARCH-0028_crossref.json","Prospective Workstream C occurrence; raw snapshot: audit/phase2_raw_search_results/C/PHASE2-SEARCH-0028_crossref.json"
"C0191","PHASE2-SEARCH-0028","Crossref","2026-07-31","Design and Analysis of Sequential Experiments","","2005","10.1142/9789812793522_0024","10.1142/9789812793522_0024","C-DUP-0176","TITLE_ABSTRACT_EXCLUDED","Not directly relevant to adjacent model-discrimination or decision-theory transfer after title/metadata screening.","LEVEL_3_DISCOVERY_ONLY","","audit/phase2_raw_search_results/C/PHASE2-SEARCH-0028_crossref.json","Prospective Workstream C occurrence; raw snapshot: audit/phase2_raw_search_results/C/PHASE2-SEARCH-0028_crossref.json"
"C0192","PHASE2-SEARCH-0028","Crossref","2026-07-31","Pre-treatment observations in the design of experiments","E. A. Roberts","1992","10.1007/978-94-011-3120-9_6","10.1007/978-94-011-3120-9_6","C-DUP-0177","TITLE_ABSTRACT_EXCLUDED","Not directly relevant to adjacent model-discrimination or decision-theory transfer after title/metadata screening.","LEVEL_3_DISCOVERY_ONLY","","audit/phase2_raw_search_results/C/PHASE2-SEARCH-0028_crossref.json","Prospective Workstream C occurrence; raw snapshot: audit/phase2_raw_search_results/C/PHASE2-SEARCH-0028_crossref.json"
"C0193","PHASE2-SEARCH-0028","Crossref","2026-07-31","Study of Optimal Adaptive Rule in Testing Composite Hypothesis","Subir Kr. Bhandari; Shyamal Krishna De; Siddhartha Mandal; Santanu Pradhan; Biswajit Ghosh","2009","10.1080/07474940903041852","10.1080/07474940903041852","C-DUP-0178","TITLE_ABSTRACT_INCLUDED","","LEVEL_3_DISCOVERY_ONLY","","audit/phase2_raw_search_results/C/PHASE2-SEARCH-0028_crossref.json","Prospective Workstream C occurrence; raw snapshot: audit/phase2_raw_search_results/C/PHASE2-SEARCH-0028_crossref.json"
"C0194","PHASE2-SEARCH-0028","Crossref","2026-07-31","Hypothesis-Driven Simulation Studies","Fabian Lorig","2019","10.1007/978-3-658-27588-4_5","10.1007/978-3-658-27588-4_5","C-DUP-0179","TITLE_ABSTRACT_EXCLUDED","Not directly relevant to adjacent model-discrimination or decision-theory transfer after title/metadata screening.","LEVEL_3_DISCOVERY_ONLY","","audit/phase2_raw_search_results/C/PHASE2-SEARCH-0028_crossref.json","Prospective Workstream C occurrence; raw snapshot: audit/phase2_raw_search_results/C/PHASE2-SEARCH-0028_crossref.json"
"C0195","PHASE2-SEARCH-0028","Crossref","2026-07-31","Bayesian Sequential Composite Hypothesis Testing in Discrete Time","Erik Ekström; Yuqiong Wang","2022","10.1051/ps/2022005","10.1051/ps/2022005","C-DUP-0180","TITLE_ABSTRACT_INCLUDED","","LEVEL_3_DISCOVERY_ONLY","","audit/phase2_raw_search_results/C/PHASE2-SEARCH-0028_crossref.json","Prospective Workstream C occurrence; raw snapshot: audit/phase2_raw_search_results/C/PHASE2-SEARCH-0028_crossref.json"
"C0196","PHASE2-SEARCH-0028","Crossref","2026-07-31","Sequential design of single-cell experiments to identify discrete stochastic models for gene expression","Dmitri Svetlov","2024","10.1021/scimeetings.5c10836","10.1021/scimeetings.5c10836","C-DUP-0181","TITLE_ABSTRACT_EXCLUDED","Not directly relevant to adjacent model-discrimination or decision-theory transfer after title/metadata screening.","LEVEL_3_DISCOVERY_ONLY","","audit/phase2_raw_search_results/C/PHASE2-SEARCH-0028_crossref.json","Prospective Workstream C occurrence; raw snapshot: audit/phase2_raw_search_results/C/PHASE2-SEARCH-0028_crossref.json"
"C0197","PHASE2-SEARCH-0028","Crossref","2026-07-31","13 Sequential assembly of fractions in factorial experiments","Subir Ghosh","1996","10.1016/s0169-7161(96)13015-7","10.1016/s0169-7161(96)13015-7","C-DUP-0182","TITLE_ABSTRACT_EXCLUDED","Not directly relevant to adjacent model-discrimination or decision-theory transfer after title/metadata screening.","LEVEL_3_DISCOVERY_ONLY","","audit/phase2_raw_search_results/C/PHASE2-SEARCH-0028_crossref.json","Prospective Workstream C occurrence; raw snapshot: audit/phase2_raw_search_results/C/PHASE2-SEARCH-0028_crossref.json"
"C0198","PHASE2-SEARCH-0028","Crossref","2026-07-31","Sequential Medical Trials Involving Paired Data","Herman Chernoff; A. John Petkau","1981","10.2307/2335813","10.2307/2335813","C-DUP-0183","TITLE_ABSTRACT_EXCLUDED","Not directly relevant to adjacent model-discrimination or decision-theory transfer after title/metadata screening.","LEVEL_3_DISCOVERY_ONLY","","audit/phase2_raw_search_results/C/PHASE2-SEARCH-0028_crossref.json","Prospective Workstream C occurrence; raw snapshot: audit/phase2_raw_search_results/C/PHASE2-SEARCH-0028_crossref.json"
"C0199","PHASE2-SEARCH-0028","Crossref","2026-07-31","Sequential Experiment Design for Hypothesis Verification","Dhruva Kartik; Ashutosh Nayyar; Urbashi Mitra","2018","10.1109/acssc.2018.8645357","10.1109/acssc.2018.8645357","C-DUP-0184","TITLE_ABSTRACT_EXCLUDED","Not directly relevant to adjacent model-discrimination or decision-theory transfer after title/metadata screening.","LEVEL_3_DISCOVERY_ONLY","","audit/phase2_raw_search_results/C/PHASE2-SEARCH-0028_crossref.json","Prospective Workstream C occurrence; raw snapshot: audit/phase2_raw_search_results/C/PHASE2-SEARCH-0028_crossref.json"
"C0200","PHASE2-SEARCH-0028","Crossref","2026-07-31","Sequential Design of Computer Experiments","David Ginsbourger","2018","10.1002/9781118445112.stat08124","10.1002/9781118445112.stat08124","C-DUP-0185","TITLE_ABSTRACT_EXCLUDED","Not directly relevant to adjacent model-discrimination or decision-theory transfer after title/metadata screening.","LEVEL_3_DISCOVERY_ONLY","","audit/phase2_raw_search_results/C/PHASE2-SEARCH-0028_crossref.json","Prospective Workstream C occurrence; raw snapshot: audit/phase2_raw_search_results/C/PHASE2-SEARCH-0028_crossref.json"
"C0201","PHASE2-SEARCH-0029","OpenAlex","2026-07-31","The heterogeneous expectations hypothesis: Some evidence from the lab","Cars Hommes","2010","10.1016/j.jedc.2010.10.003","https://openalex.org/W2129642332","C-DUP-0186","TITLE_ABSTRACT_EXCLUDED","Not directly relevant to adjacent model-discrimination or decision-theory transfer after title/metadata screening.","LEVEL_3_DISCOVERY_ONLY","","audit/phase2_raw_search_results/C/PHASE2-SEARCH-0029_openalex.json","Prospective Workstream C occurrence; raw snapshot: audit/phase2_raw_search_results/C/PHASE2-SEARCH-0029_openalex.json"
"C0202","PHASE2-SEARCH-0029","OpenAlex","2026-07-31","Channeling Fisher: Randomization Tests and the Statistical Insignificance of Seemingly Significant Experimental Results*","Alwyn Young","2018","10.1093/qje/qjy029","https://openalex.org/W2900816330","C-DUP-0187","TITLE_ABSTRACT_EXCLUDED","Not directly relevant to adjacent model-discrimination or decision-theory transfer after title/metadata screening.","LEVEL_3_DISCOVERY_ONLY","","audit/phase2_raw_search_results/C/PHASE2-SEARCH-0029_openalex.json","Prospective Workstream C occurrence; raw snapshot: audit/phase2_raw_search_results/C/PHASE2-SEARCH-0029_openalex.json"
"C0203","PHASE2-SEARCH-0029","OpenAlex","2026-07-31","Optimal Design for Degradation Tests Based on Gamma Processes With Random Effects","Chih‐Chun Tsai; Sheng‐Tsaing Tseng; N. Balakrishnan","2012","10.1109/tr.2012.2194351","https://openalex.org/W2069719474","C-DUP-0188","TITLE_ABSTRACT_EXCLUDED","Not directly relevant to adjacent model-discrimination or decision-theory transfer after title/metadata screening.","LEVEL_3_DISCOVERY_ONLY","","audit/phase2_raw_search_results/C/PHASE2-SEARCH-0029_openalex.json","Prospective Workstream C occurrence; raw snapshot: audit/phase2_raw_search_results/C/PHASE2-SEARCH-0029_openalex.json"
"C0204","PHASE2-SEARCH-0029","OpenAlex","2026-07-31","Bayesian Regression Tree Models for Causal Inference: Regularization, Confounding, and Heterogeneous Effects (with Discussion)","P. Richard Hahn; Jared S. Murray; Carlos M. Carvalho","2020","10.1214/19-ba1195","https://openalex.org/W3004404638","C-DUP-0189","TITLE_ABSTRACT_EXCLUDED","Not directly relevant to adjacent model-discrimination or decision-theory transfer after title/metadata screening.","LEVEL_3_DISCOVERY_ONLY","","audit/phase2_raw_search_results/C/PHASE2-SEARCH-0029_openalex.json","Prospective Workstream C occurrence; raw snapshot: audit/phase2_raw_search_results/C/PHASE2-SEARCH-0029_openalex.json"
"C0205","PHASE2-SEARCH-0029","OpenAlex","2026-07-31","Improving stock market prediction via heterogeneous information fusion","Xi Zhang; Yunjia Zhang; Senzhang Wang; Yuntao Yao; Binxing Fang; Philip S. Yu","2017","10.1016/j.knosys.2017.12.025","https://openalex.org/W2780013296","C-DUP-0190","TITLE_ABSTRACT_EXCLUDED","Not directly relevant to adjacent model-discrimination or decision-theory transfer after title/metadata screening.","LEVEL_3_DISCOVERY_ONLY","","audit/phase2_raw_search_results/C/PHASE2-SEARCH-0029_openalex.json","Prospective Workstream C occurrence; raw snapshot: audit/phase2_raw_search_results/C/PHASE2-SEARCH-0029_openalex.json"
"C0206","PHASE2-SEARCH-0029","OpenAlex","2026-07-31","Swarm Learning for decentralized and confidential clinical machine learning","Stefanie Warnat‐Herresthal; Hartmut Schultze; Krishnaprasad Lingadahalli Shastry; Sathyanarayanan Manamohan; Saikat Mukherjee; Vishesh Garg; Ravi Sarveswara; Kristian Händler; Peter Pickkers; N. Ahmad Aziz; Sofia Ira Ktena; Florian Tran; Michael Bitzer; Stephan Ossowski; Nicolas Casadei; Christian Herr; Daniel Petersheim; Uta Behrends; Fabian Kern; Tobias Fehlmann; Philipp Schommers; Clara Lehmann; Max Augustin; Jan Rybniker; Janine Altmüller; Neha Mishra; Joana P. Bernardes; Benjamin Krämer; Lorenzo Bonaguro; Jonas Schulte-Schrepping; Elena De Domenico; Christian Siever; Michael Kraut; Milind Y. Desai; Bruno Monnet; Maria Saridaki; Charles Siegel; Anna Drews; Melanie Nuesch-Germano; Heidi Theis; Jan Heyckendorf; Stefan Schreiber; Sarah Kim-Hellmuth; COVID-19 Aachen Study (COVAS); Paul Balfanz; Thomas Eggermann; Peter Boor; Ralf Hausmann; Hannah Kuhn; Susanne Isfort; Julia Stingl; Günther Schmalzing; Christiane Kühl; Rainer Röhrig; Gernot Marx; Stefan Uhlig; Edgar Dahl; Dirk Müller‐Wieland; Michael Dreher; Nikolaus Marx; Jacob Nattermann; Dirk Skowasch; Ingo Kurth; Andreas Keller; Robert Bals; Peter Nürnberg; Olaf Rieß; Philip Rosenstiel; Mihai G. Netea; Fabian J. Theis; Sach Mukherjee; Michael Backes; Anna C. Aschenbrenner; Thomas Ulas; Deutsche COVID-19 Omics Initiative (DeCOI); Angel Angelov; Alexander Bartholomäus; Anke Becker; Daniela Bezdan; Conny Blumert; Ezio Bonifacio; Peer Bork; Boyke Bunk; Helmut Blum; Thomas Clavel; Maria Colomé‐Tatché; Markus Cornberg; Inti Alberto De La Rosa Velázquez; Andreas Diefenbach; Alexander Dilthey; Nicole Fischer; Konrad U. Förstner; Sören Franzenburg; Julia-Stefanie Frick; Gisela Gabernet; Julien Gagneur; Tina Ganzenmueller; Marie Gauder; Janina Geißert; Alexander Goesmann","2021","10.1038/s41586-021-03583-3","https://openalex.org/W3164573547","C-DUP-0191","TITLE_ABSTRACT_EXCLUDED","Not directly relevant to adjacent model-discrimination or decision-theory transfer after title/metadata screening.","LEVEL_3_DISCOVERY_ONLY","","audit/phase2_raw_search_results/C/PHASE2-SEARCH-0029_openalex.json","Prospective Workstream C occurrence; raw snapshot: audit/phase2_raw_search_results/C/PHASE2-SEARCH-0029_openalex.json"
"C0207","PHASE2-SEARCH-0029","OpenAlex","2026-07-31","Heterogeneous neuronal firing patterns during interictal epileptiform discharges in the human cortex","Corey J. Keller; Wilson Truccolo; John T. Gale; Emad N. Eskandar; Thomas Thesen; Chad Carlson; Orrin Devinsky; Ruben Kuzniecky; Werner Doyle; Joseph R. Madsen; Donald L. Schomer; Ashesh D. Mehta; Emery N. Brown; Leigh R. Hochberg; István Ulbert; Eric Halgren; Sydney S. Cash","2010","10.1093/brain/awq112","https://openalex.org/W2146282734","C-DUP-0192","TITLE_ABSTRACT_EXCLUDED","Not directly relevant to adjacent model-discrimination or decision-theory transfer after title/metadata screening.","LEVEL_3_DISCOVERY_ONLY","","audit/phase2_raw_search_results/C/PHASE2-SEARCH-0029_openalex.json","Prospective Workstream C occurrence; raw snapshot: audit/phase2_raw_search_results/C/PHASE2-SEARCH-0029_openalex.json"
"C0208","PHASE2-SEARCH-0029","OpenAlex","2026-07-31","GAGE: generally applicable gene set enrichment for pathway analysis","Weijun Luo; Michael S. Friedman; Kerby Shedden; Kurt D. Hankenson; Peter Woolf","2009","10.1186/1471-2105-10-161","https://openalex.org/W2060880575","C-DUP-0193","TITLE_ABSTRACT_EXCLUDED","Not directly relevant to adjacent model-discrimination or decision-theory transfer after title/metadata screening.","LEVEL_3_DISCOVERY_ONLY","","audit/phase2_raw_search_results/C/PHASE2-SEARCH-0029_openalex.json","Prospective Workstream C occurrence; raw snapshot: audit/phase2_raw_search_results/C/PHASE2-SEARCH-0029_openalex.json"
"C0209","PHASE2-SEARCH-0029","OpenAlex","2026-07-31","Behavioral and Experimental Macroeconomics and Policy Analysis: A Complex Systems Approach","Cars Hommes","2021","10.1257/jel.20191434","https://openalex.org/W3133682905","C-DUP-0194","TITLE_ABSTRACT_EXCLUDED","Not directly relevant to adjacent model-discrimination or decision-theory transfer after title/metadata screening.","LEVEL_3_DISCOVERY_ONLY","","audit/phase2_raw_search_results/C/PHASE2-SEARCH-0029_openalex.json","Prospective Workstream C occurrence; raw snapshot: audit/phase2_raw_search_results/C/PHASE2-SEARCH-0029_openalex.json"
"C0210","PHASE2-SEARCH-0029","OpenAlex","2026-07-31","Optimal experimental design: Formulations and computations","Xun Huan; Jayanth Jagalur; Youssef Marzouk","2024","10.1017/s0962492924000023","https://openalex.org/W4402229381","C-DUP-0053","DUPLICATE","Duplicate DOI or normalized title of an earlier Phase 2 record.","LEVEL_3_DISCOVERY_ONLY","","audit/phase2_raw_search_results/C/PHASE2-SEARCH-0029_openalex.json","Prospective Workstream C occurrence; raw snapshot: audit/phase2_raw_search_results/C/PHASE2-SEARCH-0029_openalex.json"
"C0211","PHASE2-SEARCH-0029","OpenAlex","2026-07-31","Revisiting event study designs: robust and efficient estimation","","2022","10.47004/wp.cem.2022.1122","https://openalex.org/W4225751474","C-DUP-0195","TITLE_ABSTRACT_EXCLUDED","Not directly relevant to adjacent model-discrimination or decision-theory transfer after title/metadata screening.","LEVEL_3_DISCOVERY_ONLY","","audit/phase2_raw_search_results/C/PHASE2-SEARCH-0029_openalex.json","Prospective Workstream C occurrence; raw snapshot: audit/phase2_raw_search_results/C/PHASE2-SEARCH-0029_openalex.json"
"C0212","PHASE2-SEARCH-0029","OpenAlex","2026-07-31","A heteroskedasticity robust Breusch–Pagan test for Contemporaneous correlation in dynamic panel data models","Andreea G. Halunga; Chris D. Orme; Takashi Yamagata","2017","10.1016/j.jeconom.2016.12.005","https://openalex.org/W1595182511","C-DUP-0196","TITLE_ABSTRACT_EXCLUDED","Not directly relevant to adjacent model-discrimination or decision-theory transfer after title/metadata screening.","LEVEL_3_DISCOVERY_ONLY","","audit/phase2_raw_search_results/C/PHASE2-SEARCH-0029_openalex.json","Prospective Workstream C occurrence; raw snapshot: audit/phase2_raw_search_results/C/PHASE2-SEARCH-0029_openalex.json"
"C0213","PHASE2-SEARCH-0029","OpenAlex","2026-07-31","Quasi-Experimental Shift-Share Research Designs","Kirill Borusyak; Peter Hull; Xavier Jaravel","2018","10.1093/restud/rdab030","https://openalex.org/W2807611776","C-DUP-0197","TITLE_ABSTRACT_EXCLUDED","Not directly relevant to adjacent model-discrimination or decision-theory transfer after title/metadata screening.","LEVEL_3_DISCOVERY_ONLY","","audit/phase2_raw_search_results/C/PHASE2-SEARCH-0029_openalex.json","Prospective Workstream C occurrence; raw snapshot: audit/phase2_raw_search_results/C/PHASE2-SEARCH-0029_openalex.json"
"C0214","PHASE2-SEARCH-0029","OpenAlex","2026-07-31","Difference-in-Differences with multiple time periods","Brantly Callaway; Pedro H. C. Sant’Anna","2020","10.1016/j.jeconom.2020.12.001","https://openalex.org/W3113269512","C-DUP-0198","TITLE_ABSTRACT_EXCLUDED","Not directly relevant to adjacent model-discrimination or decision-theory transfer after title/metadata screening.","LEVEL_3_DISCOVERY_ONLY","","audit/phase2_raw_search_results/C/PHASE2-SEARCH-0029_openalex.json","Prospective Workstream C occurrence; raw snapshot: audit/phase2_raw_search_results/C/PHASE2-SEARCH-0029_openalex.json"
"C0215","PHASE2-SEARCH-0029","OpenAlex","2026-07-31","Toward an Understanding of Corporate Social Responsibility: Theory and Field Experimental Evidence","Daniel Hedblom; Brent Hickman; John A. List","2019","10.3386/w26222","https://openalex.org/W2970286341","C-DUP-0199","TITLE_ABSTRACT_EXCLUDED","Not directly relevant to adjacent model-discrimination or decision-theory transfer after title/metadata screening.","LEVEL_3_DISCOVERY_ONLY","","audit/phase2_raw_search_results/C/PHASE2-SEARCH-0029_openalex.json","Prospective Workstream C occurrence; raw snapshot: audit/phase2_raw_search_results/C/PHASE2-SEARCH-0029_openalex.json"
"C0216","PHASE2-SEARCH-0029","OpenAlex","2026-07-31","What Determines Giving to Hurricane Katrina Victims? Experimental Evidence on Racial Group Loyalty","Christina M. Fong; Erzo F.P. Luttmer","2009","10.1257/app.1.2.64","https://openalex.org/W1995092846","C-DUP-0200","TITLE_ABSTRACT_EXCLUDED","Not directly relevant to adjacent model-discrimination or decision-theory transfer after title/metadata screening.","LEVEL_3_DISCOVERY_ONLY","","audit/phase2_raw_search_results/C/PHASE2-SEARCH-0029_openalex.json","Prospective Workstream C occurrence; raw snapshot: audit/phase2_raw_search_results/C/PHASE2-SEARCH-0029_openalex.json"
"C0217","PHASE2-SEARCH-0029","OpenAlex","2026-07-31","Providing Advice to Jobseekers at Low Cost: An Experimental Study on Online Advice","Michèle Bélot; Philipp Kircher; Paul J. Müller","2018","10.1093/restud/rdy059","https://openalex.org/W3123760190","C-DUP-0201","TITLE_ABSTRACT_EXCLUDED","Not directly relevant to adjacent model-discrimination or decision-theory transfer after title/metadata screening.","LEVEL_3_DISCOVERY_ONLY","","audit/phase2_raw_search_results/C/PHASE2-SEARCH-0029_openalex.json","Prospective Workstream C occurrence; raw snapshot: audit/phase2_raw_search_results/C/PHASE2-SEARCH-0029_openalex.json"
"C0218","PHASE2-SEARCH-0029","OpenAlex","2026-07-31","Student Loan Nudges: Experimental Evidence on Borrowing and Educational Attainment","Benjamin Marx; Lesley J. Turner","2019","10.1257/pol.20180279","https://openalex.org/W2757083765","C-DUP-0202","TITLE_ABSTRACT_EXCLUDED","Not directly relevant to adjacent model-discrimination or decision-theory transfer after title/metadata screening.","LEVEL_3_DISCOVERY_ONLY","","audit/phase2_raw_search_results/C/PHASE2-SEARCH-0029_openalex.json","Prospective Workstream C occurrence; raw snapshot: audit/phase2_raw_search_results/C/PHASE2-SEARCH-0029_openalex.json"
"C0219","PHASE2-SEARCH-0029","OpenAlex","2026-07-31","Review about the Permutation Approach in Hypothesis Testing","Stefano Bonnini; Getnet Melak Assegie; Kamila Trzcińska","2024","10.3390/math12172617","https://openalex.org/W4401807471","C-DUP-0203","TITLE_ABSTRACT_EXCLUDED","Not directly relevant to adjacent model-discrimination or decision-theory transfer after title/metadata screening.","LEVEL_3_DISCOVERY_ONLY","","audit/phase2_raw_search_results/C/PHASE2-SEARCH-0029_openalex.json","Prospective Workstream C occurrence; raw snapshot: audit/phase2_raw_search_results/C/PHASE2-SEARCH-0029_openalex.json"
"C0220","PHASE2-SEARCH-0029","OpenAlex","2026-07-31","The Effects of Exposure to Better Neighborhoods on Children: New Evidence from the Moving to Opportunity Experiment","Raj Chetty; Nathaniel Hendren; Lawrence F. Katz","2016","10.1257/aer.20150572","https://openalex.org/W1484598383","C-DUP-0204","TITLE_ABSTRACT_EXCLUDED","Not directly relevant to adjacent model-discrimination or decision-theory transfer after title/metadata screening.","LEVEL_3_DISCOVERY_ONLY","","audit/phase2_raw_search_results/C/PHASE2-SEARCH-0029_openalex.json","Prospective Workstream C occurrence; raw snapshot: audit/phase2_raw_search_results/C/PHASE2-SEARCH-0029_openalex.json"
"C0221","PHASE2-SEARCH-0029","OpenAlex","2026-07-31","Meta-analyses of experimental data in the animal sciences","N.R. St-Pierre","2007","10.1590/s1516-35982007001000031","https://openalex.org/W1976000782","C-DUP-0205","TITLE_ABSTRACT_EXCLUDED","Not directly relevant to adjacent model-discrimination or decision-theory transfer after title/metadata screening.","LEVEL_3_DISCOVERY_ONLY","","audit/phase2_raw_search_results/C/PHASE2-SEARCH-0029_openalex.json","Prospective Workstream C occurrence; raw snapshot: audit/phase2_raw_search_results/C/PHASE2-SEARCH-0029_openalex.json"
"C0222","PHASE2-SEARCH-0029","OpenAlex","2026-07-31","Detecting Outliers in Non-IID Data: A Systematic Literature Review","Shafaq Siddiqi; Faiza Qureshi; Stefanie Lindstaedt; Roman Kern","2023","10.1109/access.2023.3294096","https://openalex.org/W4383750918","C-DUP-0206","TITLE_ABSTRACT_EXCLUDED","Not directly relevant to adjacent model-discrimination or decision-theory transfer after title/metadata screening.","LEVEL_3_DISCOVERY_ONLY","","audit/phase2_raw_search_results/C/PHASE2-SEARCH-0029_openalex.json","Prospective Workstream C occurrence; raw snapshot: audit/phase2_raw_search_results/C/PHASE2-SEARCH-0029_openalex.json"
"C0223","PHASE2-SEARCH-0029","OpenAlex","2026-07-31","Bonferroni-Holm and permutation tests to compare health data: methodological and applicative issues","Massimiliano Giacalone; Agata Zirilli; Paolo Carmelo Cozzucoli; Angela Alibrandi","2018","10.1186/s12874-018-0540-8","https://openalex.org/W2884836906","C-DUP-0207","TITLE_ABSTRACT_EXCLUDED","Not directly relevant to adjacent model-discrimination or decision-theory transfer after title/metadata screening.","LEVEL_3_DISCOVERY_ONLY","","audit/phase2_raw_search_results/C/PHASE2-SEARCH-0029_openalex.json","Prospective Workstream C occurrence; raw snapshot: audit/phase2_raw_search_results/C/PHASE2-SEARCH-0029_openalex.json"
"C0224","PHASE2-SEARCH-0029","OpenAlex","2026-07-31","Adaptive Radar Detection of Subspace-Based Distributed Target in Power Heterogeneous Clutter","Daipeng Xiao; Weijian Liu; Jun Liu; Lingyan Dai; Xueli Fang; Jianjun Ge","2024","10.1109/jsen.2024.3472040","https://openalex.org/W4403210109","C-DUP-0208","TITLE_ABSTRACT_EXCLUDED","Not directly relevant to adjacent model-discrimination or decision-theory transfer after title/metadata screening.","LEVEL_3_DISCOVERY_ONLY","","audit/phase2_raw_search_results/C/PHASE2-SEARCH-0029_openalex.json","Prospective Workstream C occurrence; raw snapshot: audit/phase2_raw_search_results/C/PHASE2-SEARCH-0029_openalex.json"
"C0225","PHASE2-SEARCH-0029","OpenAlex","2026-07-31","Voting rules and endogenous trading institutions: An experimental study","Morten Søberg","2002","https://openalex.org/W1592599634","https://openalex.org/W1592599634","C-DUP-0209","TITLE_ABSTRACT_EXCLUDED","Not directly relevant to adjacent model-discrimination or decision-theory transfer after title/metadata screening.","LEVEL_3_DISCOVERY_ONLY","","audit/phase2_raw_search_results/C/PHASE2-SEARCH-0029_openalex.json","Prospective Workstream C occurrence; raw snapshot: audit/phase2_raw_search_results/C/PHASE2-SEARCH-0029_openalex.json"
"C0226","PHASE2-SEARCH-0030","Crossref","2026-07-31","Nuisance Parameters","","2022","10.4135/9781071812082.n401","10.4135/9781071812082.n401","C-DUP-0210","TITLE_ABSTRACT_INCLUDED","","LEVEL_3_DISCOVERY_ONLY","","audit/phase2_raw_search_results/C/PHASE2-SEARCH-0030_crossref.json","Prospective Workstream C occurrence; raw snapshot: audit/phase2_raw_search_results/C/PHASE2-SEARCH-0030_crossref.json"
"C0227","PHASE2-SEARCH-0030","Crossref","2026-07-31","The ""Nuisance"" Of Discrimination","Xiaoqian Hu","2026","10.2139/ssrn.6963520","10.2139/ssrn.6963520","C-DUP-0211","TITLE_ABSTRACT_EXCLUDED","Not directly relevant to adjacent model-discrimination or decision-theory transfer after title/metadata screening.","LEVEL_3_DISCOVERY_ONLY","","audit/phase2_raw_search_results/C/PHASE2-SEARCH-0030_crossref.json","Prospective Workstream C occurrence; raw snapshot: audit/phase2_raw_search_results/C/PHASE2-SEARCH-0030_crossref.json"
"C0228","PHASE2-SEARCH-0030","Crossref","2026-07-31","Model fitting in the presence of nuisance parameters","G. Jogesh Babu","2004","10.14236/ewic/ada-iii2004.16","10.14236/ewic/ada-iii2004.16","C-DUP-0212","TITLE_ABSTRACT_INCLUDED","","LEVEL_3_DISCOVERY_ONLY","","audit/phase2_raw_search_results/C/PHASE2-SEARCH-0030_crossref.json","Prospective Workstream C occurrence; raw snapshot: audit/phase2_raw_search_results/C/PHASE2-SEARCH-0030_crossref.json"
"C0229","PHASE2-SEARCH-0030","Crossref","2026-07-31","Optimal Experimental Design, Model Discrimination","Brecht M. R. Donckels","2013","10.1007/978-1-4419-9863-7_1228","10.1007/978-1-4419-9863-7_1228","C-DUP-0027","DUPLICATE","Duplicate DOI or normalized title of an earlier Phase 2 record.","LEVEL_3_DISCOVERY_ONLY","","audit/phase2_raw_search_results/C/PHASE2-SEARCH-0030_crossref.json","Prospective Workstream C occurrence; raw snapshot: audit/phase2_raw_search_results/C/PHASE2-SEARCH-0030_crossref.json"
"C0230","PHASE2-SEARCH-0030","Crossref","2026-07-31","Optimal Experimental Design for Model Discrimination","Jay I. Myung; Mark A. Pitt","2008","10.1037/e527312012-124","10.1037/e527312012-124","C-DUP-0026","DUPLICATE","Duplicate DOI or normalized title of an earlier Phase 2 record.","LEVEL_3_DISCOVERY_ONLY","","audit/phase2_raw_search_results/C/PHASE2-SEARCH-0030_crossref.json","Prospective Workstream C occurrence; raw snapshot: audit/phase2_raw_search_results/C/PHASE2-SEARCH-0030_crossref.json"
"C0231","PHASE2-SEARCH-0030","Crossref","2026-07-31","Nuisance parameters. Tests with invariant power functions","","2008","10.1090/mmono/020/04","10.1090/mmono/020/04","C-DUP-0213","TITLE_ABSTRACT_INCLUDED","","LEVEL_3_DISCOVERY_ONLY","","audit/phase2_raw_search_results/C/PHASE2-SEARCH-0030_crossref.json","Prospective Workstream C occurrence; raw snapshot: audit/phase2_raw_search_results/C/PHASE2-SEARCH-0030_crossref.json"
"C0232","PHASE2-SEARCH-0030","Crossref","2026-07-31","Research Strategies and the Control of Nuisance Variables","","2013","10.4135/9781483384733.n1","10.4135/9781483384733.n1","C-DUP-0214","TITLE_ABSTRACT_EXCLUDED","Not directly relevant to adjacent model-discrimination or decision-theory transfer after title/metadata screening.","LEVEL_3_DISCOVERY_ONLY","","audit/phase2_raw_search_results/C/PHASE2-SEARCH-0030_crossref.json","Prospective Workstream C occurrence; raw snapshot: audit/phase2_raw_search_results/C/PHASE2-SEARCH-0030_crossref.json"
"C0233","PHASE2-SEARCH-0030","Crossref","2026-07-31","Adaptive optimal experimental design for model discrimination","Jay I. Myung; Daniel R. Cavagnaro; Mark A. Pitt","2010","10.1037/e520592012-108","10.1037/e520592012-108","C-DUP-0028","DUPLICATE","Duplicate DOI or normalized title of an earlier Phase 2 record.","LEVEL_3_DISCOVERY_ONLY","","audit/phase2_raw_search_results/C/PHASE2-SEARCH-0030_crossref.json","Prospective Workstream C occurrence; raw snapshot: audit/phase2_raw_search_results/C/PHASE2-SEARCH-0030_crossref.json"
"C0234","PHASE2-SEARCH-0030","Crossref","2026-07-31","A Simulation Study on the Interaction Effects of Underfactoring and Nuisance Parameters on Model Fit Indices","Melanie Viola Partsch; Philipp Sterner; David Goretzko","2024","10.31234/osf.io/qy2e3","10.31234/osf.io/qy2e3","C-DUP-0215","TITLE_ABSTRACT_INCLUDED","","LEVEL_3_DISCOVERY_ONLY","","audit/phase2_raw_search_results/C/PHASE2-SEARCH-0030_crossref.json","Prospective Workstream C occurrence; raw snapshot: audit/phase2_raw_search_results/C/PHASE2-SEARCH-0030_crossref.json"
"C0235","PHASE2-SEARCH-0030","Crossref","2026-07-31","Rank tests in heteroscedastic linear model with nuisance parameters","Jana Jurečková; Radim Navrátil","2013","10.1007/s00184-013-0447-7","10.1007/s00184-013-0447-7","C-DUP-0216","TITLE_ABSTRACT_INCLUDED","","LEVEL_3_DISCOVERY_ONLY","","audit/phase2_raw_search_results/C/PHASE2-SEARCH-0030_crossref.json","Prospective Workstream C occurrence; raw snapshot: audit/phase2_raw_search_results/C/PHASE2-SEARCH-0030_crossref.json"
"C0236","PHASE2-SEARCH-0030","Crossref","2026-07-31","On one twoepoch linear model with the nuisance parameters","Karel Hron","2008","10.2478/s12175-007-0059-7","10.2478/s12175-007-0059-7","C-DUP-0217","TITLE_ABSTRACT_INCLUDED","","LEVEL_3_DISCOVERY_ONLY","","audit/phase2_raw_search_results/C/PHASE2-SEARCH-0030_crossref.json","Prospective Workstream C occurrence; raw snapshot: audit/phase2_raw_search_results/C/PHASE2-SEARCH-0030_crossref.json"
"C0237","PHASE2-SEARCH-0030","Crossref","2026-07-31","Nuisance parameters","","2007","10.1017/cbo9780511619083.010","10.1017/cbo9780511619083.010","C-DUP-0218","TITLE_ABSTRACT_INCLUDED","","LEVEL_3_DISCOVERY_ONLY","","audit/phase2_raw_search_results/C/PHASE2-SEARCH-0030_crossref.json","Prospective Workstream C occurrence; raw snapshot: audit/phase2_raw_search_results/C/PHASE2-SEARCH-0030_crossref.json"
"C0238","PHASE2-SEARCH-0030","Crossref","2026-07-31","Insights from Interpretable Machine Learning into the Interplay of Model Misspecifications, Fit Indices, and Nuisance Parameters","Melanie Viola Partsch; Mirka Henninger; Carmen Ximénez; David Goretzko","2026","10.31234/osf.io/yfx6s_v1","10.31234/osf.io/yfx6s_v1","C-DUP-0219","TITLE_ABSTRACT_INCLUDED","","LEVEL_3_DISCOVERY_ONLY","","audit/phase2_raw_search_results/C/PHASE2-SEARCH-0030_crossref.json","Prospective Workstream C occurrence; raw snapshot: audit/phase2_raw_search_results/C/PHASE2-SEARCH-0030_crossref.json"
"C0239","PHASE2-SEARCH-0030","Crossref","2026-07-31","An optimal experimental design approach to model discrimination in dynamic biochemical systems","Dominik Skanda; Dirk Lebiedz","2010","10.1093/bioinformatics/btq074","10.1093/bioinformatics/btq074","C-DUP-0029","DUPLICATE","Duplicate DOI or normalized title of an earlier Phase 2 record.","LEVEL_3_DISCOVERY_ONLY","","audit/phase2_raw_search_results/C/PHASE2-SEARCH-0030_crossref.json","Prospective Workstream C occurrence; raw snapshot: audit/phase2_raw_search_results/C/PHASE2-SEARCH-0030_crossref.json"
"C0240","PHASE2-SEARCH-0030","Crossref","2026-07-31","Supplementary file 2. The species and visual system parameters used to model avian color discrimination.","","","10.7554/elife.15675.021","10.7554/elife.15675.021","C-DUP-0220","TITLE_ABSTRACT_EXCLUDED","Not directly relevant to adjacent model-discrimination or decision-theory transfer after title/metadata screening.","LEVEL_3_DISCOVERY_ONLY","","audit/phase2_raw_search_results/C/PHASE2-SEARCH-0030_crossref.json","Prospective Workstream C occurrence; raw snapshot: audit/phase2_raw_search_results/C/PHASE2-SEARCH-0030_crossref.json"
"C0241","PHASE2-SEARCH-0030","Crossref","2026-07-31","Noncoherent Detection and Nuisance Parameters","","2009","10.1017/cbo9780511981234.028","10.1017/cbo9780511981234.028","C-DUP-0221","TITLE_ABSTRACT_INCLUDED","","LEVEL_3_DISCOVERY_ONLY","","audit/phase2_raw_search_results/C/PHASE2-SEARCH-0030_crossref.json","Prospective Workstream C occurrence; raw snapshot: audit/phase2_raw_search_results/C/PHASE2-SEARCH-0030_crossref.json"
"C0242","PHASE2-SEARCH-0030","Crossref","2026-07-31","Noncoherent Detection and Nuisance Parameters","","2017","10.1017/9781316822708.029","10.1017/9781316822708.029","C-DUP-0222","TITLE_ABSTRACT_INCLUDED","","LEVEL_3_DISCOVERY_ONLY","","audit/phase2_raw_search_results/C/PHASE2-SEARCH-0030_crossref.json","Prospective Workstream C occurrence; raw snapshot: audit/phase2_raw_search_results/C/PHASE2-SEARCH-0030_crossref.json"
"C0243","PHASE2-SEARCH-0030","Crossref","2026-07-31","Nuisance Parameters","","2004","10.4135/9781412950589.n640","10.4135/9781412950589.n640","C-DUP-0223","TITLE_ABSTRACT_INCLUDED","","LEVEL_3_DISCOVERY_ONLY","","audit/phase2_raw_search_results/C/PHASE2-SEARCH-0030_crossref.json","Prospective Workstream C occurrence; raw snapshot: audit/phase2_raw_search_results/C/PHASE2-SEARCH-0030_crossref.json"
"C0244","PHASE2-SEARCH-0030","Crossref","2026-07-31","Admissibility and linear sufficiency in linear model with nuisance parameters","Augustyn Markiewicz; Simo Puntanen","2009","10.1007/s00362-009-0256-2","10.1007/s00362-009-0256-2","C-DUP-0224","TITLE_ABSTRACT_INCLUDED","","LEVEL_3_DISCOVERY_ONLY","","audit/phase2_raw_search_results/C/PHASE2-SEARCH-0030_crossref.json","Prospective Workstream C occurrence; raw snapshot: audit/phase2_raw_search_results/C/PHASE2-SEARCH-0030_crossref.json"
"C0245","PHASE2-SEARCH-0030","Crossref","2026-07-31","Nuisance parameters","","2017","10.1201/9780203738665-7","10.1201/9780203738665-7","C-DUP-0225","TITLE_ABSTRACT_INCLUDED","","LEVEL_3_DISCOVERY_ONLY","","audit/phase2_raw_search_results/C/PHASE2-SEARCH-0030_crossref.json","Prospective Workstream C occurrence; raw snapshot: audit/phase2_raw_search_results/C/PHASE2-SEARCH-0030_crossref.json"
"C0246","PHASE2-SEARCH-0030","Crossref","2026-07-31","Large deviations in a linear model with nuisance parameters","A. V. Makshanov","1982","10.1007/bf01239998","10.1007/bf01239998","C-DUP-0226","TITLE_ABSTRACT_INCLUDED","","LEVEL_3_DISCOVERY_ONLY","","audit/phase2_raw_search_results/C/PHASE2-SEARCH-0030_crossref.json","Prospective Workstream C occurrence; raw snapshot: audit/phase2_raw_search_results/C/PHASE2-SEARCH-0030_crossref.json"
"C0247","PHASE2-SEARCH-0030","Crossref","2026-07-31","A Review of Experimental Design Procedures for Regression Model Discrimination","Peter D. H. Hill","1978","10.1080/00401706.1978.10489611","10.1080/00401706.1978.10489611","C-DUP-0227","TITLE_ABSTRACT_INCLUDED","","LEVEL_3_DISCOVERY_ONLY","","audit/phase2_raw_search_results/C/PHASE2-SEARCH-0030_crossref.json","Prospective Workstream C occurrence; raw snapshot: audit/phase2_raw_search_results/C/PHASE2-SEARCH-0030_crossref.json"
"C0248","PHASE2-SEARCH-0030","Crossref","2026-07-31","Sequential experimental design for model discrimination","Marcio Schwaab; José Luiz Monteiro; José Carlos Pinto","2008","10.1016/j.ces.2008.01.032","10.1016/j.ces.2008.01.032","C-DUP-0228","TITLE_ABSTRACT_INCLUDED","","LEVEL_3_DISCOVERY_ONLY","","audit/phase2_raw_search_results/C/PHASE2-SEARCH-0030_crossref.json","Prospective Workstream C occurrence; raw snapshot: audit/phase2_raw_search_results/C/PHASE2-SEARCH-0030_crossref.json"
"C0249","PHASE2-SEARCH-0030","Crossref","2026-07-31","Design the Photovoltaic Model from the Experimental Data and Define Its Parameters by the PSO Algorithm","","2023","10.59287/caar.86","10.59287/caar.86","C-DUP-0229","TITLE_ABSTRACT_EXCLUDED","Not directly relevant to adjacent model-discrimination or decision-theory transfer after title/metadata screening.","LEVEL_3_DISCOVERY_ONLY","","audit/phase2_raw_search_results/C/PHASE2-SEARCH-0030_crossref.json","Prospective Workstream C occurrence; raw snapshot: audit/phase2_raw_search_results/C/PHASE2-SEARCH-0030_crossref.json"
"C0250","PHASE2-SEARCH-0030","Crossref","2026-07-31","Nuisance Parameters","Bruce G. Lindsay","2014","10.1002/9781118445112.stat00660","10.1002/9781118445112.stat00660","C-DUP-0230","TITLE_ABSTRACT_INCLUDED","","LEVEL_3_DISCOVERY_ONLY","","audit/phase2_raw_search_results/C/PHASE2-SEARCH-0030_crossref.json","Prospective Workstream C occurrence; raw snapshot: audit/phase2_raw_search_results/C/PHASE2-SEARCH-0030_crossref.json"
"C0251","PHASE2-SEARCH-0031","OpenAlex","2026-07-31","A nondegenerate Vuong test","Xiaoxia Shi","2015","10.3982/qe382","https://openalex.org/W1520947772","C-DUP-0231","TITLE_ABSTRACT_INCLUDED","","LEVEL_3_DISCOVERY_ONLY","","audit/phase2_raw_search_results/C/PHASE2-SEARCH-0031_openalex.json","Prospective Workstream C occurrence; raw snapshot: audit/phase2_raw_search_results/C/PHASE2-SEARCH-0031_openalex.json"
"C0252","PHASE2-SEARCH-0031","OpenAlex","2026-07-31","A nondegenerate Vuong test and post selection confidence intervals for semi/nonparametric models","Zhipeng Liao; Xiaoxia Shi","2020","10.3982/qe1312","https://openalex.org/W3043183283","C-DUP-0232","TITLE_ABSTRACT_INCLUDED","","LEVEL_3_DISCOVERY_ONLY","","audit/phase2_raw_search_results/C/PHASE2-SEARCH-0031_openalex.json","Prospective Workstream C occurrence; raw snapshot: audit/phase2_raw_search_results/C/PHASE2-SEARCH-0031_openalex.json"
"C0253","PHASE2-SEARCH-0031","OpenAlex","2026-07-31","Testing nonnested structural equation models.","Edgar C. Merkle; Dongjun You; Kristopher J. Preacher","2015","10.1037/met0000038","https://openalex.org/W1905266214","C-DUP-0233","TITLE_ABSTRACT_INCLUDED","","LEVEL_3_DISCOVERY_ONLY","","audit/phase2_raw_search_results/C/PHASE2-SEARCH-0031_openalex.json","Prospective Workstream C occurrence; raw snapshot: audit/phase2_raw_search_results/C/PHASE2-SEARCH-0031_openalex.json"
"C0254","PHASE2-SEARCH-0031","OpenAlex","2026-07-31","A simple parametric model selection test","Daniel Wilhelm; Susanne M. Schennach","2016","10.1920/wp.cem.2016.3016","https://openalex.org/W2166436369","C-DUP-0234","TITLE_ABSTRACT_EXCLUDED","Not directly relevant to adjacent model-discrimination or decision-theory transfer after title/metadata screening.","LEVEL_3_DISCOVERY_ONLY","","audit/phase2_raw_search_results/C/PHASE2-SEARCH-0031_openalex.json","Prospective Workstream C occurrence; raw snapshot: audit/phase2_raw_search_results/C/PHASE2-SEARCH-0031_openalex.json"
"C0255","PHASE2-SEARCH-0031","OpenAlex","2026-07-31","Chi-squared tests for evaluation and comparison of asset pricing models","Nikolay Gospodinov; Raymond Kan; Cesare Robotti","2012","10.1016/j.jeconom.2012.11.002","https://openalex.org/W1511142169","C-DUP-0235","TITLE_ABSTRACT_EXCLUDED","Not directly relevant to adjacent model-discrimination or decision-theory transfer after title/metadata screening.","LEVEL_3_DISCOVERY_ONLY","","audit/phase2_raw_search_results/C/PHASE2-SEARCH-0031_openalex.json","Prospective Workstream C occurrence; raw snapshot: audit/phase2_raw_search_results/C/PHASE2-SEARCH-0031_openalex.json"
"C0256","PHASE2-SEARCH-0031","OpenAlex","2026-07-31","The Vuong-Lo-Mendell-Rubin test for latent class and latent profile analysis: A note on the different implementations in Mplus and LatentGOLD","Jeroen K. Vermunt","2024","10.5964/meth.12467","https://openalex.org/W4393069135","C-DUP-0236","TITLE_ABSTRACT_EXCLUDED","Not directly relevant to adjacent model-discrimination or decision-theory transfer after title/metadata screening.","LEVEL_3_DISCOVERY_ONLY","","audit/phase2_raw_search_results/C/PHASE2-SEARCH-0031_openalex.json","Prospective Workstream C occurrence; raw snapshot: audit/phase2_raw_search_results/C/PHASE2-SEARCH-0031_openalex.json"
"C0257","PHASE2-SEARCH-0031","OpenAlex","2026-07-31","Model Fit and Comparison in Finite Mixture Models: A Review and a Novel Approach","Kevin J. Grimm; Russell Houpt; Danielle Rodgers","2021","10.3389/feduc.2021.613645","https://openalex.org/W3134393732","C-DUP-0237","TITLE_ABSTRACT_EXCLUDED","Not directly relevant to adjacent model-discrimination or decision-theory transfer after title/metadata screening.","LEVEL_3_DISCOVERY_ONLY","","audit/phase2_raw_search_results/C/PHASE2-SEARCH-0031_openalex.json","Prospective Workstream C occurrence; raw snapshot: audit/phase2_raw_search_results/C/PHASE2-SEARCH-0031_openalex.json"
"C0258","PHASE2-SEARCH-0031","OpenAlex","2026-07-31","Modeling Causality for Pairs of Phenotypes in System Genetics","Elias Chaibub Neto; Aimee Teo Broman; Mark P. Keller; Alan Attie; Bin Zhang; Jun Zhu; Brian S. Yandell","2013","10.1534/genetics.112.147124","https://openalex.org/W2120505647","C-DUP-0238","TITLE_ABSTRACT_EXCLUDED","Not directly relevant to adjacent model-discrimination or decision-theory transfer after title/metadata screening.","LEVEL_3_DISCOVERY_ONLY","","audit/phase2_raw_search_results/C/PHASE2-SEARCH-0031_openalex.json","Prospective Workstream C occurrence; raw snapshot: audit/phase2_raw_search_results/C/PHASE2-SEARCH-0031_openalex.json"
"C0259","PHASE2-SEARCH-0031","OpenAlex","2026-07-31","Testing firm conduct","Marco Antônio Húngaro Duarte; Lorenzo Magnolfi; Mikkel Sølvsten; Christopher J. Sullivan","2024","10.3982/qe2319","https://openalex.org/W4400989110","C-DUP-0239","TITLE_ABSTRACT_EXCLUDED","Not directly relevant to adjacent model-discrimination or decision-theory transfer after title/metadata screening.","LEVEL_3_DISCOVERY_ONLY","","audit/phase2_raw_search_results/C/PHASE2-SEARCH-0031_openalex.json","Prospective Workstream C occurrence; raw snapshot: audit/phase2_raw_search_results/C/PHASE2-SEARCH-0031_openalex.json"
"C0260","PHASE2-SEARCH-0031","OpenAlex","2026-07-31","Model Comparison Using the Hansen-Jagannathan Distance","Raymond Kan; Cesare Robotti","2008","10.1093/rfs/hhn094","https://openalex.org/W2053055866","C-DUP-0240","TITLE_ABSTRACT_EXCLUDED","Not directly relevant to adjacent model-discrimination or decision-theory transfer after title/metadata screening.","LEVEL_3_DISCOVERY_ONLY","","audit/phase2_raw_search_results/C/PHASE2-SEARCH-0031_openalex.json","Prospective Workstream C occurrence; raw snapshot: audit/phase2_raw_search_results/C/PHASE2-SEARCH-0031_openalex.json"
"C0261","PHASE2-SEARCH-0031","OpenAlex","2026-07-31","Common Ownership and Competition in the Ready-to-Eat Cereal Industry","Matthew Backus; Christopher T. Conlon; Michael Sinkinson","2021","10.3386/w28350","https://openalex.org/W3123129914","C-DUP-0241","TITLE_ABSTRACT_EXCLUDED","Not directly relevant to adjacent model-discrimination or decision-theory transfer after title/metadata screening.","LEVEL_3_DISCOVERY_ONLY","","audit/phase2_raw_search_results/C/PHASE2-SEARCH-0031_openalex.json","Prospective Workstream C occurrence; raw snapshot: audit/phase2_raw_search_results/C/PHASE2-SEARCH-0031_openalex.json"
"C0262","PHASE2-SEARCH-0031","OpenAlex","2026-07-31","How do we measure attention? Using factor analysis to establish construct validity of neuropsychological tests","Melissa Treviño; Xiaoshu Zhu; Yi Yi Lu; Luke Scheuer; Eliza Passell; Grace C. Huang; Laura Germine; Todd S. Horowitz","2021","10.1186/s41235-021-00313-1","https://openalex.org/W3186610085","C-DUP-0242","TITLE_ABSTRACT_EXCLUDED","Not directly relevant to adjacent model-discrimination or decision-theory transfer after title/metadata screening.","LEVEL_3_DISCOVERY_ONLY","","audit/phase2_raw_search_results/C/PHASE2-SEARCH-0031_openalex.json","Prospective Workstream C occurrence; raw snapshot: audit/phase2_raw_search_results/C/PHASE2-SEARCH-0031_openalex.json"
"C0263","PHASE2-SEARCH-0031","OpenAlex","2026-07-31","Predictive ability tests with possibly overlapping models","Valentina Corradi; Jack Fosten; Daniel Gutknecht","2024","10.1016/j.jeconom.2024.105716","https://openalex.org/W4392652707","C-DUP-0243","TITLE_ABSTRACT_EXCLUDED","Not directly relevant to adjacent model-discrimination or decision-theory transfer after title/metadata screening.","LEVEL_3_DISCOVERY_ONLY","","audit/phase2_raw_search_results/C/PHASE2-SEARCH-0031_openalex.json","Prospective Workstream C occurrence; raw snapshot: audit/phase2_raw_search_results/C/PHASE2-SEARCH-0031_openalex.json"
"C0264","PHASE2-SEARCH-0031","OpenAlex","2026-07-31","On using predictive-ability tests in the selection of time-series prediction models: A Monte Carlo evaluation","Mauro Costantini; Robert M. Kunst","2020","10.1016/j.ijforecast.2020.06.010","https://openalex.org/W2908988324","C-DUP-0244","TITLE_ABSTRACT_EXCLUDED","Not directly relevant to adjacent model-discrimination or decision-theory transfer after title/metadata screening.","LEVEL_3_DISCOVERY_ONLY","","audit/phase2_raw_search_results/C/PHASE2-SEARCH-0031_openalex.json","Prospective Workstream C occurrence; raw snapshot: audit/phase2_raw_search_results/C/PHASE2-SEARCH-0031_openalex.json"
"C0265","PHASE2-SEARCH-0031","OpenAlex","2026-07-31","Model Selection for Parametric Surfaces Approximating 3D Point Clouds for Deformation Analysis","Xin Zhao; Boris Kargoll; Mohammad Omidalizarandi; Xiangyang Xu; Hamza Alkhatib","2018","10.3390/rs10040634","https://openalex.org/W2800751252","C-DUP-0245","TITLE_ABSTRACT_EXCLUDED","Not directly relevant to adjacent model-discrimination or decision-theory transfer after title/metadata screening.","LEVEL_3_DISCOVERY_ONLY","","audit/phase2_raw_search_results/C/PHASE2-SEARCH-0031_openalex.json","Prospective Workstream C occurrence; raw snapshot: audit/phase2_raw_search_results/C/PHASE2-SEARCH-0031_openalex.json"
"C0266","PHASE2-SEARCH-0031","OpenAlex","2026-07-31","Modeling Count Outcomes from HIV Risk Reduction Interventions: A Comparison of Competing Statistical Models for Count Responses","Yinglin Xia; Dianne Morrison‐Beedy; Jingming Ma; Changyong Feng; Wendi Cross; Xin Tu","2012","10.1155/2012/593569","https://openalex.org/W2048414232","C-DUP-0246","TITLE_ABSTRACT_EXCLUDED","Not directly relevant to adjacent model-discrimination or decision-theory transfer after title/metadata screening.","LEVEL_3_DISCOVERY_ONLY","","audit/phase2_raw_search_results/C/PHASE2-SEARCH-0031_openalex.json","Prospective Workstream C occurrence; raw snapshot: audit/phase2_raw_search_results/C/PHASE2-SEARCH-0031_openalex.json"
"C0267","PHASE2-SEARCH-0031","OpenAlex","2026-07-31","Model Selection for Nonnested Linear Mixed Models","Ché L. Smith","2019","10.17615/effc-ef08","https://openalex.org/W2278480691","C-DUP-0247","TITLE_ABSTRACT_INCLUDED","","LEVEL_3_DISCOVERY_ONLY","","audit/phase2_raw_search_results/C/PHASE2-SEARCH-0031_openalex.json","Prospective Workstream C occurrence; raw snapshot: audit/phase2_raw_search_results/C/PHASE2-SEARCH-0031_openalex.json"
"C0268","PHASE2-SEARCH-0031","OpenAlex","2026-07-31","Comparing Asset Pricing Models by the Conditional Hansen-Jagannathan Distance*","Patrick Gagliardini; Diego Ronchetti","2019","10.1093/jjfinec/nbz013","https://openalex.org/W3122389130","C-DUP-0248","TITLE_ABSTRACT_EXCLUDED","Not directly relevant to adjacent model-discrimination or decision-theory transfer after title/metadata screening.","LEVEL_3_DISCOVERY_ONLY","","audit/phase2_raw_search_results/C/PHASE2-SEARCH-0031_openalex.json","Prospective Workstream C occurrence; raw snapshot: audit/phase2_raw_search_results/C/PHASE2-SEARCH-0031_openalex.json"
"C0269","PHASE2-SEARCH-0031","OpenAlex","2026-07-31","Reconciling the Log-Linear and Non–Log-Linear Nature of the TSH-Free T4 Relationship: Intra-Individual Analysis of a Large Population","Karen M. Rothacker; Suzanne J. Brown; Narelle Hadlow; Robert Wardrop; John P. Walsh","2016","10.1210/jc.2015-4011","https://openalex.org/W2226014380","C-DUP-0249","TITLE_ABSTRACT_EXCLUDED","Not directly relevant to adjacent model-discrimination or decision-theory transfer after title/metadata screening.","LEVEL_3_DISCOVERY_ONLY","","audit/phase2_raw_search_results/C/PHASE2-SEARCH-0031_openalex.json","Prospective Workstream C occurrence; raw snapshot: audit/phase2_raw_search_results/C/PHASE2-SEARCH-0031_openalex.json"
"C0270","PHASE2-SEARCH-0031","OpenAlex","2026-07-31","Chernoff index for Cox test of separate parametric families","Xiaoou Li; Jingchen Liu; Zhiliang Ying","2018","10.1214/16-aos1532","https://openalex.org/W2964306076","C-DUP-0250","TITLE_ABSTRACT_EXCLUDED","Not directly relevant to adjacent model-discrimination or decision-theory transfer after title/metadata screening.","LEVEL_3_DISCOVERY_ONLY","","audit/phase2_raw_search_results/C/PHASE2-SEARCH-0031_openalex.json","Prospective Workstream C occurrence; raw snapshot: audit/phase2_raw_search_results/C/PHASE2-SEARCH-0031_openalex.json"
"C0271","PHASE2-SEARCH-0031","OpenAlex","2026-07-31","The Footprint of Genome Architecture in the Largest Genome Expansion in RNA Viruses","Chris Lauber; Jelle J. Goeman; Maria del Carmen Parquet; Phan Thi Nga; Eric J. Snijder; Kouichi Morita; Alexander E. Gorbalenya","2013","10.1371/journal.ppat.1003500","https://openalex.org/W2169363615","C-DUP-0251","TITLE_ABSTRACT_EXCLUDED","Not directly relevant to adjacent model-discrimination or decision-theory transfer after title/metadata screening.","LEVEL_3_DISCOVERY_ONLY","","audit/phase2_raw_search_results/C/PHASE2-SEARCH-0031_openalex.json","Prospective Workstream C occurrence; raw snapshot: audit/phase2_raw_search_results/C/PHASE2-SEARCH-0031_openalex.json"
"C0272","PHASE2-SEARCH-0031","OpenAlex","2026-07-31","A comparison of different methods of zero-inflated data analysis and an application in health surveys","Si Yang; Lisa L. Harlow; Gavino Puggioni; Colleen A. Redding","2017","10.22237/jmasm/1493598600","https://openalex.org/W1500507134","C-DUP-0252","TITLE_ABSTRACT_EXCLUDED","Not directly relevant to adjacent model-discrimination or decision-theory transfer after title/metadata screening.","LEVEL_3_DISCOVERY_ONLY","","audit/phase2_raw_search_results/C/PHASE2-SEARCH-0031_openalex.json","Prospective Workstream C occurrence; raw snapshot: audit/phase2_raw_search_results/C/PHASE2-SEARCH-0031_openalex.json"
"C0273","PHASE2-SEARCH-0031","OpenAlex","2026-07-31","Rationalizing Organizational Change: A Need for Comparative Testing","Arkadiy V. Sakhartov; Timothy B. Folta","2012","10.1287/orsc.1120.0785","https://openalex.org/W1983218571","C-DUP-0253","TITLE_ABSTRACT_EXCLUDED","Not directly relevant to adjacent model-discrimination or decision-theory transfer after title/metadata screening.","LEVEL_3_DISCOVERY_ONLY","","audit/phase2_raw_search_results/C/PHASE2-SEARCH-0031_openalex.json","Prospective Workstream C occurrence; raw snapshot: audit/phase2_raw_search_results/C/PHASE2-SEARCH-0031_openalex.json"
"C0274","PHASE2-SEARCH-0031","OpenAlex","2026-07-31","Structural Estimation of the New-Keynesian Model: A Formal Test of Backward- and Forward-Looking Behavior","Tae‐Seok Jang","2012","10.1108/s0731-9053(2012)0000028013","https://openalex.org/W1828637429","C-DUP-0254","TITLE_ABSTRACT_EXCLUDED","Not directly relevant to adjacent model-discrimination or decision-theory transfer after title/metadata screening.","LEVEL_3_DISCOVERY_ONLY","","audit/phase2_raw_search_results/C/PHASE2-SEARCH-0031_openalex.json","Prospective Workstream C occurrence; raw snapshot: audit/phase2_raw_search_results/C/PHASE2-SEARCH-0031_openalex.json"
"C0275","PHASE2-SEARCH-0031","OpenAlex","2026-07-31","Statistical Analysis of Zero-Inflated Nonnegative Continuous Data: A Review","Lei Liu; Ya‐Chen Tina Shih; Robert L. Strawderman; Daowen Zhang; Bankole A. Johnson; Haitao Chai","2019","10.1214/18-sts681","https://openalex.org/W2963831345","C-DUP-0255","TITLE_ABSTRACT_EXCLUDED","Not directly relevant to adjacent model-discrimination or decision-theory transfer after title/metadata screening.","LEVEL_3_DISCOVERY_ONLY","","audit/phase2_raw_search_results/C/PHASE2-SEARCH-0031_openalex.json","Prospective Workstream C occurrence; raw snapshot: audit/phase2_raw_search_results/C/PHASE2-SEARCH-0031_openalex.json"
"C0276","PHASE2-SEARCH-0032","Crossref","2026-07-31","Minimax Decentralized Hypothesis Testing","Gökhan Gül","2017","10.1007/978-3-319-49286-5_7","10.1007/978-3-319-49286-5_7","C-DUP-0256","TITLE_ABSTRACT_EXCLUDED","Not directly relevant to adjacent model-discrimination or decision-theory transfer after title/metadata screening.","LEVEL_3_DISCOVERY_ONLY","","audit/phase2_raw_search_results/C/PHASE2-SEARCH-0032_crossref.json","Prospective Workstream C occurrence; raw snapshot: audit/phase2_raw_search_results/C/PHASE2-SEARCH-0032_crossref.json"
"C0277","PHASE2-SEARCH-0032","Crossref","2026-07-31","Minimax Robust Hypothesis Testing","Gokhan Gul; Abdelhak M. Zoubir","2017","10.1109/tit.2017.2693198","10.1109/tit.2017.2693198","C-DUP-0257","FULL_TEXT_INCLUDED","","LEVEL_1_LOAD_BEARING","P0041","audit/phase2_raw_search_results/C/PHASE2-SEARCH-0032_crossref.json","Prospective Workstream C occurrence; raw snapshot: audit/phase2_raw_search_results/C/PHASE2-SEARCH-0032_crossref.json"
"C0278","PHASE2-SEARCH-0032","Crossref","2026-07-31","Minimax Robust Decentralized Hypothesis Testing for Parallel Sensor Networks","Gokhan Gul","2021","10.1109/tit.2020.3028451","10.1109/tit.2020.3028451","C-DUP-0106","DUPLICATE","Duplicate DOI or normalized title of an earlier Phase 2 record.","LEVEL_3_DISCOVERY_ONLY","","audit/phase2_raw_search_results/C/PHASE2-SEARCH-0032_crossref.json","Prospective Workstream C occurrence; raw snapshot: audit/phase2_raw_search_results/C/PHASE2-SEARCH-0032_crossref.json"
"C0279","PHASE2-SEARCH-0032","Crossref","2026-07-31","ε-Robust Safeguards: Minimax Hypothesis Testing for Neutron Multiplicity Counting under Physical-Layer Uncertainty","Taku Tanaka; Keiko Tanaka; Toshitaka Uneoka; Akemi Takahashi; Tomoaki Tanaka; Shingo Konishi; Reika Hosomi; Seito Tanaka","2026","10.36227/techrxiv.176945886.60563141/v1","10.36227/techrxiv.176945886.60563141/v1","C-DUP-0258","TITLE_ABSTRACT_EXCLUDED","Not directly relevant to adjacent model-discrimination or decision-theory transfer after title/metadata screening.","LEVEL_3_DISCOVERY_ONLY","","audit/phase2_raw_search_results/C/PHASE2-SEARCH-0032_crossref.json","Prospective Workstream C occurrence; raw snapshot: audit/phase2_raw_search_results/C/PHASE2-SEARCH-0032_crossref.json"
"C0280","PHASE2-SEARCH-0032","Crossref","2026-07-31","Minimax Hypothesis Testing about the Density Support","Ghislaine Gayraud","2001","10.2307/3318499","10.2307/3318499","C-DUP-0259","TITLE_ABSTRACT_EXCLUDED","Not directly relevant to adjacent model-discrimination or decision-theory transfer after title/metadata screening.","LEVEL_3_DISCOVERY_ONLY","","audit/phase2_raw_search_results/C/PHASE2-SEARCH-0032_crossref.json","Prospective Workstream C occurrence; raw snapshot: audit/phase2_raw_search_results/C/PHASE2-SEARCH-0032_crossref.json"
"C0281","PHASE2-SEARCH-0032","Crossref","2026-07-31","Robust Decentralized Hypothesis Testing","Gökhan Gül","2017","10.1007/978-3-319-49286-5_6","10.1007/978-3-319-49286-5_6","C-DUP-0260","TITLE_ABSTRACT_EXCLUDED","Not directly relevant to adjacent model-discrimination or decision-theory transfer after title/metadata screening.","LEVEL_3_DISCOVERY_ONLY","","audit/phase2_raw_search_results/C/PHASE2-SEARCH-0032_crossref.json","Prospective Workstream C occurrence; raw snapshot: audit/phase2_raw_search_results/C/PHASE2-SEARCH-0032_crossref.json"
"C0282","PHASE2-SEARCH-0032","Crossref","2026-07-31","Multilevel minimax hypothesis testing","Kush R. Varshney; Lav R. Varshney","2011","10.1109/ssp.2011.5967633","10.1109/ssp.2011.5967633","C-DUP-0261","TITLE_ABSTRACT_EXCLUDED","Not directly relevant to adjacent model-discrimination or decision-theory transfer after title/metadata screening.","LEVEL_3_DISCOVERY_ONLY","","audit/phase2_raw_search_results/C/PHASE2-SEARCH-0032_crossref.json","Prospective Workstream C occurrence; raw snapshot: audit/phase2_raw_search_results/C/PHASE2-SEARCH-0032_crossref.json"
"C0283","PHASE2-SEARCH-0032","Crossref","2026-07-31","Robust Hypothesis Testing with Multiple Distances","Gökhan Gül","2017","10.1007/978-3-319-49286-5_4","10.1007/978-3-319-49286-5_4","C-DUP-0262","TITLE_ABSTRACT_INCLUDED","","LEVEL_3_DISCOVERY_ONLY","","audit/phase2_raw_search_results/C/PHASE2-SEARCH-0032_crossref.json","Prospective Workstream C occurrence; raw snapshot: audit/phase2_raw_search_results/C/PHASE2-SEARCH-0032_crossref.json"
"C0284","PHASE2-SEARCH-0032","Crossref","2026-07-31","Minimax hypothesis testing for curve registration","Olivier Collier","2012","10.1214/12-ejs706","10.1214/12-ejs706","C-DUP-0263","TITLE_ABSTRACT_EXCLUDED","Not directly relevant to adjacent model-discrimination or decision-theory transfer after title/metadata screening.","LEVEL_3_DISCOVERY_ONLY","","audit/phase2_raw_search_results/C/PHASE2-SEARCH-0032_crossref.json","Prospective Workstream C occurrence; raw snapshot: audit/phase2_raw_search_results/C/PHASE2-SEARCH-0032_crossref.json"
"C0285","PHASE2-SEARCH-0032","Crossref","2026-07-31","Robust Hypothesis Testing with Repeated Observations","Gökhan Gül","2017","10.1007/978-3-319-49286-5_5","10.1007/978-3-319-49286-5_5","C-DUP-0264","TITLE_ABSTRACT_INCLUDED","","LEVEL_3_DISCOVERY_ONLY","","audit/phase2_raw_search_results/C/PHASE2-SEARCH-0032_crossref.json","Prospective Workstream C occurrence; raw snapshot: audit/phase2_raw_search_results/C/PHASE2-SEARCH-0032_crossref.json"
"C0286","PHASE2-SEARCH-0032","Crossref","2026-07-31","Robust Hypothesis Testing with a Single Distance","Gökhan Gül","2017","10.1007/978-3-319-49286-5_3","10.1007/978-3-319-49286-5_3","C-DUP-0265","TITLE_ABSTRACT_INCLUDED","","LEVEL_3_DISCOVERY_ONLY","","audit/phase2_raw_search_results/C/PHASE2-SEARCH-0032_crossref.json","Prospective Workstream C occurrence; raw snapshot: audit/phase2_raw_search_results/C/PHASE2-SEARCH-0032_crossref.json"
"C0287","PHASE2-SEARCH-0032","Crossref","2026-07-31","Erratum to: Robust Hypothesis Testing with a Single Distance","Gökhan Gül","2017","10.1007/978-3-319-49286-5_9","10.1007/978-3-319-49286-5_9","C-DUP-0266","TITLE_ABSTRACT_INCLUDED","","LEVEL_3_DISCOVERY_ONLY","","audit/phase2_raw_search_results/C/PHASE2-SEARCH-0032_crossref.json","Prospective Workstream C occurrence; raw snapshot: audit/phase2_raw_search_results/C/PHASE2-SEARCH-0032_crossref.json"
"C0288","PHASE2-SEARCH-0032","Crossref","2026-07-31","Introduction to Robust Estimation and Hypothesis Testing","","2022","10.1016/c2019-0-01225-3","10.1016/c2019-0-01225-3","C-DUP-0267","TITLE_ABSTRACT_EXCLUDED","Not directly relevant to adjacent model-discrimination or decision-theory transfer after title/metadata screening.","LEVEL_3_DISCOVERY_ONLY","","audit/phase2_raw_search_results/C/PHASE2-SEARCH-0032_crossref.json","Prospective Workstream C occurrence; raw snapshot: audit/phase2_raw_search_results/C/PHASE2-SEARCH-0032_crossref.json"
"C0289","PHASE2-SEARCH-0032","Crossref","2026-07-31","Introduction to Robust Estimation and Hypothesis Testing","","2012","10.1016/c2010-0-67044-1","10.1016/c2010-0-67044-1","C-DUP-0268","TITLE_ABSTRACT_EXCLUDED","Not directly relevant to adjacent model-discrimination or decision-theory transfer after title/metadata screening.","LEVEL_3_DISCOVERY_ONLY","","audit/phase2_raw_search_results/C/PHASE2-SEARCH-0032_crossref.json","Prospective Workstream C occurrence; raw snapshot: audit/phase2_raw_search_results/C/PHASE2-SEARCH-0032_crossref.json"
"C0290","PHASE2-SEARCH-0032","Crossref","2026-07-31","Robust Regression","Rand Wilcox","2012","10.1016/b978-0-12-386983-8.00010-x","10.1016/b978-0-12-386983-8.00010-x","C-DUP-0269","TITLE_ABSTRACT_EXCLUDED","Not directly relevant to adjacent model-discrimination or decision-theory transfer after title/metadata screening.","LEVEL_3_DISCOVERY_ONLY","","audit/phase2_raw_search_results/C/PHASE2-SEARCH-0032_crossref.json","Prospective Workstream C occurrence; raw snapshot: audit/phase2_raw_search_results/C/PHASE2-SEARCH-0032_crossref.json"
"C0291","PHASE2-SEARCH-0032","Crossref","2026-07-31","Robust Regression","Rand Wilcox","2017","10.1016/b978-0-12-804733-0.00010-x","10.1016/b978-0-12-804733-0.00010-x","C-DUP-0270","TITLE_ABSTRACT_EXCLUDED","Not directly relevant to adjacent model-discrimination or decision-theory transfer after title/metadata screening.","LEVEL_3_DISCOVERY_ONLY","","audit/phase2_raw_search_results/C/PHASE2-SEARCH-0032_crossref.json","Prospective Workstream C occurrence; raw snapshot: audit/phase2_raw_search_results/C/PHASE2-SEARCH-0032_crossref.json"
"C0292","PHASE2-SEARCH-0032","Crossref","2026-07-31","Robust Regression","Rand R. Wilcox","2022","10.1016/b978-0-12-820098-8.00016-6","10.1016/b978-0-12-820098-8.00016-6","C-DUP-0271","TITLE_ABSTRACT_EXCLUDED","Not directly relevant to adjacent model-discrimination or decision-theory transfer after title/metadata screening.","LEVEL_3_DISCOVERY_ONLY","","audit/phase2_raw_search_results/C/PHASE2-SEARCH-0032_crossref.json","Prospective Workstream C occurrence; raw snapshot: audit/phase2_raw_search_results/C/PHASE2-SEARCH-0032_crossref.json"
"C0293","PHASE2-SEARCH-0032","Crossref","2026-07-31","Copyright","","2012","10.1016/b978-0-12-386983-8.00016-0","10.1016/b978-0-12-386983-8.00016-0","C-DUP-0272","TITLE_ABSTRACT_EXCLUDED","Not directly relevant to adjacent model-discrimination or decision-theory transfer after title/metadata screening.","LEVEL_3_DISCOVERY_ONLY","","audit/phase2_raw_search_results/C/PHASE2-SEARCH-0032_crossref.json","Prospective Workstream C occurrence; raw snapshot: audit/phase2_raw_search_results/C/PHASE2-SEARCH-0032_crossref.json"
"C0294","PHASE2-SEARCH-0032","Crossref","2026-07-31","Dedication","","2022","10.1016/b978-0-12-820098-8.00004-x","10.1016/b978-0-12-820098-8.00004-x","C-DUP-0273","TITLE_ABSTRACT_EXCLUDED","Not directly relevant to adjacent model-discrimination or decision-theory transfer after title/metadata screening.","LEVEL_3_DISCOVERY_ONLY","","audit/phase2_raw_search_results/C/PHASE2-SEARCH-0032_crossref.json","Prospective Workstream C occurrence; raw snapshot: audit/phase2_raw_search_results/C/PHASE2-SEARCH-0032_crossref.json"
"C0295","PHASE2-SEARCH-0032","Crossref","2026-07-31","Minimax Nonparametric Hypothesis Testing: The Case of an Inhomogeneous Alternative","Oleg V. Lepski; Vladimir G. Spokoiny","1999","10.2307/3318439","10.2307/3318439","C-DUP-0274","TITLE_ABSTRACT_EXCLUDED","Not directly relevant to adjacent model-discrimination or decision-theory transfer after title/metadata screening.","LEVEL_3_DISCOVERY_ONLY","","audit/phase2_raw_search_results/C/PHASE2-SEARCH-0032_crossref.json","Prospective Workstream C occurrence; raw snapshot: audit/phase2_raw_search_results/C/PHASE2-SEARCH-0032_crossref.json"
"C0296","PHASE2-SEARCH-0032","Crossref","2026-07-31","Copyright","","2022","10.1016/b978-0-12-820098-8.00003-8","10.1016/b978-0-12-820098-8.00003-8","C-DUP-0275","TITLE_ABSTRACT_EXCLUDED","Not directly relevant to adjacent model-discrimination or decision-theory transfer after title/metadata screening.","LEVEL_3_DISCOVERY_ONLY","","audit/phase2_raw_search_results/C/PHASE2-SEARCH-0032_crossref.json","Prospective Workstream C occurrence; raw snapshot: audit/phase2_raw_search_results/C/PHASE2-SEARCH-0032_crossref.json"
"C0297","PHASE2-SEARCH-0032","Crossref","2026-07-31","Copyright","","2017","10.1016/b978-0-12-804733-0.00015-9","10.1016/b978-0-12-804733-0.00015-9","C-DUP-0276","TITLE_ABSTRACT_EXCLUDED","Not directly relevant to adjacent model-discrimination or decision-theory transfer after title/metadata screening.","LEVEL_3_DISCOVERY_ONLY","","audit/phase2_raw_search_results/C/PHASE2-SEARCH-0032_crossref.json","Prospective Workstream C occurrence; raw snapshot: audit/phase2_raw_search_results/C/PHASE2-SEARCH-0032_crossref.json"
"C0298","PHASE2-SEARCH-0032","Crossref","2026-07-31","Minimax Rates in Network Analysis: Graphon Estimation, Community Detection and Hypothesis Testing","Chao Gao; Zongming Ma","2021","10.1214/19-sts736","10.1214/19-sts736","C-DUP-0277","TITLE_ABSTRACT_EXCLUDED","Not directly relevant to adjacent model-discrimination or decision-theory transfer after title/metadata screening.","LEVEL_3_DISCOVERY_ONLY","","audit/phase2_raw_search_results/C/PHASE2-SEARCH-0032_crossref.json","Prospective Workstream C occurrence; raw snapshot: audit/phase2_raw_search_results/C/PHASE2-SEARCH-0032_crossref.json"
"C0299","PHASE2-SEARCH-0032","Crossref","2026-07-31","Testing the Minimax Hypothesis: A Re-Examination of O'Neill's Game Experiment","James N. Brown; Robert W. Rosenthal","1990","10.2307/2938300","10.2307/2938300","C-DUP-0278","TITLE_ABSTRACT_EXCLUDED","Not directly relevant to adjacent model-discrimination or decision-theory transfer after title/metadata screening.","LEVEL_3_DISCOVERY_ONLY","","audit/phase2_raw_search_results/C/PHASE2-SEARCH-0032_crossref.json","Prospective Workstream C occurrence; raw snapshot: audit/phase2_raw_search_results/C/PHASE2-SEARCH-0032_crossref.json"
"C0300","PHASE2-SEARCH-0032","Crossref","2026-07-31","Index","","2022","10.1016/b978-0-12-820098-8.00020-8","10.1016/b978-0-12-820098-8.00020-8","C-DUP-0279","TITLE_ABSTRACT_EXCLUDED","Not directly relevant to adjacent model-discrimination or decision-theory transfer after title/metadata screening.","LEVEL_3_DISCOVERY_ONLY","","audit/phase2_raw_search_results/C/PHASE2-SEARCH-0032_crossref.json","Prospective Workstream C occurrence; raw snapshot: audit/phase2_raw_search_results/C/PHASE2-SEARCH-0032_crossref.json"
"C0301","PHASE2-SEARCH-0033","OpenAlex","2026-07-31","A simple panel unit root test in the presence of cross‐section dependence","M. Hashem Pesaran","2007","10.1002/jae.951","https://openalex.org/W3124091918","C-DUP-0280","TITLE_ABSTRACT_EXCLUDED","Not directly relevant to adjacent model-discrimination or decision-theory transfer after title/metadata screening.","LEVEL_3_DISCOVERY_ONLY","","audit/phase2_raw_search_results/C/PHASE2-SEARCH-0033_openalex.json","Prospective Workstream C occurrence; raw snapshot: audit/phase2_raw_search_results/C/PHASE2-SEARCH-0033_openalex.json"
"C0302","PHASE2-SEARCH-0033","OpenAlex","2026-07-31","Model Selection and Model Averaging in Phylogenetics: Advantages of Akaike Information Criterion and Bayesian Approaches Over Likelihood Ratio Tests","David Posada; Thomas R. Buckley","2004","10.1080/10635150490522304","https://openalex.org/W2101846955","C-DUP-0281","TITLE_ABSTRACT_EXCLUDED","Not directly relevant to adjacent model-discrimination or decision-theory transfer after title/metadata screening.","LEVEL_3_DISCOVERY_ONLY","","audit/phase2_raw_search_results/C/PHASE2-SEARCH-0033_openalex.json","Prospective Workstream C occurrence; raw snapshot: audit/phase2_raw_search_results/C/PHASE2-SEARCH-0033_openalex.json"
"C0303","PHASE2-SEARCH-0033","OpenAlex","2026-07-31","mclust 5: Clustering, Classification and Density Estimation Using Gaussian Finite Mixture Models","Luca Scrucca; Michael Fop; Thomas Brendan Murphy; Adrian,E. Raftery","2016","10.32614/rj-2016-021","https://openalex.org/W2519132385","C-DUP-0282","TITLE_ABSTRACT_EXCLUDED","Not directly relevant to adjacent model-discrimination or decision-theory transfer after title/metadata screening.","LEVEL_3_DISCOVERY_ONLY","","audit/phase2_raw_search_results/C/PHASE2-SEARCH-0033_openalex.json","Prospective Workstream C occurrence; raw snapshot: audit/phase2_raw_search_results/C/PHASE2-SEARCH-0033_openalex.json"
"C0304","PHASE2-SEARCH-0033","OpenAlex","2026-07-31","Data-Driven Distributionally Robust Optimization Using the Wasserstein Metric: Performance Guarantees and Tractable Reformulations","Peyman Mohajerin Esfahani; Daniel Kühn","2017","10.1007/s10107-017-1172-1","https://openalex.org/W2963450292","C-DUP-0283","TITLE_ABSTRACT_EXCLUDED","Not directly relevant to adjacent model-discrimination or decision-theory transfer after title/metadata screening.","LEVEL_3_DISCOVERY_ONLY","","audit/phase2_raw_search_results/C/PHASE2-SEARCH-0033_openalex.json","Prospective Workstream C occurrence; raw snapshot: audit/phase2_raw_search_results/C/PHASE2-SEARCH-0033_openalex.json"
"C0305","PHASE2-SEARCH-0033","OpenAlex","2026-07-31","Gradient-based learning applied to document recognition","Yann LeCun; Léon Bottou; Yoshua Bengio; Patrick Haffner","1998","10.1109/5.726791","https://openalex.org/W2112796928","C-DUP-0284","TITLE_ABSTRACT_EXCLUDED","Not directly relevant to adjacent model-discrimination or decision-theory transfer after title/metadata screening.","LEVEL_3_DISCOVERY_ONLY","","audit/phase2_raw_search_results/C/PHASE2-SEARCH-0033_openalex.json","Prospective Workstream C occurrence; raw snapshot: audit/phase2_raw_search_results/C/PHASE2-SEARCH-0033_openalex.json"
"C0306","PHASE2-SEARCH-0033","OpenAlex","2026-07-31","Partial Least Squares Structural Equation Modeling (PLS-SEM) Using R","Joseph F. Hair; G. Tomas M. Hult; Christian M. Ringle; Marko Sarstedt; Nicholas P. Danks; Soumya Ray","2021","10.1007/978-3-030-80519-7","https://openalex.org/W3210383951","C-DUP-0285","TITLE_ABSTRACT_EXCLUDED","Not directly relevant to adjacent model-discrimination or decision-theory transfer after title/metadata screening.","LEVEL_3_DISCOVERY_ONLY","","audit/phase2_raw_search_results/C/PHASE2-SEARCH-0033_openalex.json","Prospective Workstream C occurrence; raw snapshot: audit/phase2_raw_search_results/C/PHASE2-SEARCH-0033_openalex.json"
"C0307","PHASE2-SEARCH-0033","OpenAlex","2026-07-31","Bayesian model averaging: a tutorial (with comments by M. Clyde, David Draper and E. I. George, and a rejoinder by the authors","Jennifer A. Hoeting; David Madigan; Adrian E. Raftery; Chris Volinsky","1999","10.1214/ss/1009212519","https://openalex.org/W1603903339","C-DUP-0286","TITLE_ABSTRACT_EXCLUDED","Not directly relevant to adjacent model-discrimination or decision-theory transfer after title/metadata screening.","LEVEL_3_DISCOVERY_ONLY","","audit/phase2_raw_search_results/C/PHASE2-SEARCH-0033_openalex.json","Prospective Workstream C occurrence; raw snapshot: audit/phase2_raw_search_results/C/PHASE2-SEARCH-0033_openalex.json"
"C0308","PHASE2-SEARCH-0033","OpenAlex","2026-07-31","Mendelian randomization with invalid instruments: effect estimation and bias detection through Egger regression","Jack Bowden; George Davey Smith; Stephen Burgess","2015","10.1093/ije/dyv080","https://openalex.org/W2113699335","C-DUP-0287","TITLE_ABSTRACT_EXCLUDED","Not directly relevant to adjacent model-discrimination or decision-theory transfer after title/metadata screening.","LEVEL_3_DISCOVERY_ONLY","","audit/phase2_raw_search_results/C/PHASE2-SEARCH-0033_openalex.json","Prospective Workstream C occurrence; raw snapshot: audit/phase2_raw_search_results/C/PHASE2-SEARCH-0033_openalex.json"
"C0309","PHASE2-SEARCH-0033","OpenAlex","2026-07-31","Extremely randomized trees","Pierre Geurts; Damien Ernst; Louis Wehenkel","2006","10.1007/s10994-006-6226-1","https://openalex.org/W2056132907","C-DUP-0288","TITLE_ABSTRACT_EXCLUDED","Not directly relevant to adjacent model-discrimination or decision-theory transfer after title/metadata screening.","LEVEL_3_DISCOVERY_ONLY","","audit/phase2_raw_search_results/C/PHASE2-SEARCH-0033_openalex.json","Prospective Workstream C occurrence; raw snapshot: audit/phase2_raw_search_results/C/PHASE2-SEARCH-0033_openalex.json"
"C0310","PHASE2-SEARCH-0033","OpenAlex","2026-07-31","Statistical Modeling: The Two Cultures (with comments and a rejoinder by the author)","Leo Breiman","2001","10.1214/ss/1009213726","https://openalex.org/W2084341220","C-DUP-0289","TITLE_ABSTRACT_EXCLUDED","Not directly relevant to adjacent model-discrimination or decision-theory transfer after title/metadata screening.","LEVEL_3_DISCOVERY_ONLY","","audit/phase2_raw_search_results/C/PHASE2-SEARCH-0033_openalex.json","Prospective Workstream C occurrence; raw snapshot: audit/phase2_raw_search_results/C/PHASE2-SEARCH-0033_openalex.json"
"C0311","PHASE2-SEARCH-0033","OpenAlex","2026-07-31","Aleatoric and epistemic uncertainty in machine learning: an introduction to concepts and methods","Eyke Hüllermeier; Willem Waegeman","2021","10.1007/s10994-021-05946-3","https://openalex.org/W3014596384","C-DUP-0290","TITLE_ABSTRACT_EXCLUDED","Not directly relevant to adjacent model-discrimination or decision-theory transfer after title/metadata screening.","LEVEL_3_DISCOVERY_ONLY","","audit/phase2_raw_search_results/C/PHASE2-SEARCH-0033_openalex.json","Prospective Workstream C occurrence; raw snapshot: audit/phase2_raw_search_results/C/PHASE2-SEARCH-0033_openalex.json"
"C0312","PHASE2-SEARCH-0033","OpenAlex","2026-07-31","Statistical inference in two-sample summary-data Mendelian randomization using robust adjusted profile score","Qingyuan Zhao; Jingshu Wang; Gibran Hemani; Jack Bowden; Dylan S. Small","2020","10.1214/19-aos1866","https://openalex.org/W3042936392","C-DUP-0291","TITLE_ABSTRACT_EXCLUDED","Not directly relevant to adjacent model-discrimination or decision-theory transfer after title/metadata screening.","LEVEL_3_DISCOVERY_ONLY","","audit/phase2_raw_search_results/C/PHASE2-SEARCH-0033_openalex.json","Prospective Workstream C occurrence; raw snapshot: audit/phase2_raw_search_results/C/PHASE2-SEARCH-0033_openalex.json"
"C0313","PHASE2-SEARCH-0033","OpenAlex","2026-07-31","Bayesian statistics and modelling","Rens van de Schoot; Sarah Depaoli; Ruth King; Bianca Kramer; Kaspar Märtens; Mahlet G. Tadesse; Marina Vannucci; Andrew Gelman; Duco Veen; Joukje E. Willemsen; Christopher Yau","2021","10.1038/s43586-020-00001-2","https://openalex.org/W3128782210","C-DUP-0292","TITLE_ABSTRACT_EXCLUDED","Not directly relevant to adjacent model-discrimination or decision-theory transfer after title/metadata screening.","LEVEL_3_DISCOVERY_ONLY","","audit/phase2_raw_search_results/C/PHASE2-SEARCH-0033_openalex.json","Prospective Workstream C occurrence; raw snapshot: audit/phase2_raw_search_results/C/PHASE2-SEARCH-0033_openalex.json"
"C0314","PHASE2-SEARCH-0033","OpenAlex","2026-07-31","Uncertainty, Financial Frictions, and Investment Dynamics","Simon Gilchrist; Jae Sim; Egon Zakrajšek","2014","10.3386/w20038","https://openalex.org/W1497618959","C-DUP-0293","TITLE_ABSTRACT_EXCLUDED","Not directly relevant to adjacent model-discrimination or decision-theory transfer after title/metadata screening.","LEVEL_3_DISCOVERY_ONLY","","audit/phase2_raw_search_results/C/PHASE2-SEARCH-0033_openalex.json","Prospective Workstream C occurrence; raw snapshot: audit/phase2_raw_search_results/C/PHASE2-SEARCH-0033_openalex.json"
"C0315","PHASE2-SEARCH-0033","OpenAlex","2026-07-31","Finite mixture models and model-based clustering","Volodymyr Melnykov; Ranjan Maitra","2010","10.1214/09-ss053","https://openalex.org/W1988764623","C-DUP-0294","TITLE_ABSTRACT_EXCLUDED","Not directly relevant to adjacent model-discrimination or decision-theory transfer after title/metadata screening.","LEVEL_3_DISCOVERY_ONLY","","audit/phase2_raw_search_results/C/PHASE2-SEARCH-0033_openalex.json","Prospective Workstream C occurrence; raw snapshot: audit/phase2_raw_search_results/C/PHASE2-SEARCH-0033_openalex.json"
"C0316","PHASE2-SEARCH-0033","OpenAlex","2026-07-31","Importance Nested Sampling and the MultiNest Algorithm","Farhan Feroz; M. P. Hobson; Ewan Cameron; A. N. Pettitt","2019","10.21105/astro.1306.2144","https://openalex.org/W1886713477","C-DUP-0295","TITLE_ABSTRACT_EXCLUDED","Not directly relevant to adjacent model-discrimination or decision-theory transfer after title/metadata screening.","LEVEL_3_DISCOVERY_ONLY","","audit/phase2_raw_search_results/C/PHASE2-SEARCH-0033_openalex.json","Prospective Workstream C occurrence; raw snapshot: audit/phase2_raw_search_results/C/PHASE2-SEARCH-0033_openalex.json"
"C0317","PHASE2-SEARCH-0033","OpenAlex","2026-07-31","The clustering of galaxies in the completed SDSS-III Baryon Oscillation Spectroscopic Survey: cosmological analysis of the DR12 galaxy sample","Shadab Alam; M. Ata; S. Bailey; Florian Beutler; Dmitry Bizyaev; J. Blazek; A. Bolton; Joel R. Brownstein; A. Burden; Chia-Hsun Chuang; Johan Comparat; Antonio J. Cuesta; Kyle Dawson; Daniel J. Eisenstein; S. Escoffier; Héctor Gil-Marín; Jan Niklas Grieb; Nick Hand; Shirley Ho; Karen Kinemuchi; D. Kirkby; Francisco-Shu Kitaura; Elena Malanushenko; Viktor Malanushenko; Claudia Maraston; Cameron K. McBride; Robert C. Nichol; Matthew D. Olmstead; Daniel Oravetz; Nikhil Padmanabhan; N. Palanque‐Delabrouille; Kaike Pan; Marcos Pellejero-Ibáñez; Will J. Percival; Patrick Petitjean; Francisco Prada; Adrian M. Price-Whelan; Beth Reid; Sergio Rodríguez-Torres; Natalie A. Roe; Ashley J. Ross; Nicholas P. Ross; Graziano Rossi; J. A. Rubiño-Martín; Shun Saito; Salvador Salazar-Albornoz; Lado Samushia; Ariel G. Sánchez; Siddharth Satpathy; David J. Schlegel; Donald P. Schneider; Claudia G. Scóccola; Hee‐Jong Seo; E. S. Sheldon; Audrey Simmons; Anže Slosar; Michael A. Strauss; Molly E. C. Swanson; D. Thomas; Jeremy L. Tinker; Rita Tojeiro; M. Vargas-Magaña; J. Alberto Vázquez; Licia Verde; David A. Wake; Yuting Wang; David H. Weinberg; Martin White; W. M. Wood‐Vasey; Christophe Yèche; Idit Zehavi; Zhongxu Zhai; Gong‐Bo Zhao","2017","10.1093/mnras/stx721","https://openalex.org/W2501864044","C-DUP-0296","TITLE_ABSTRACT_EXCLUDED","Not directly relevant to adjacent model-discrimination or decision-theory transfer after title/metadata screening.","LEVEL_3_DISCOVERY_ONLY","","audit/phase2_raw_search_results/C/PHASE2-SEARCH-0033_openalex.json","Prospective Workstream C occurrence; raw snapshot: audit/phase2_raw_search_results/C/PHASE2-SEARCH-0033_openalex.json"
"C0318","PHASE2-SEARCH-0033","OpenAlex","2026-07-31","Challenges in Combining Projections from Multiple Climate Models","Reto Knutti; Reinhard Furrer; Claudia Tebaldi; Jan Čermák; Gerald A. Meehl","2009","10.1175/2009jcli3361.1","https://openalex.org/W2004053254","C-DUP-0297","TITLE_ABSTRACT_EXCLUDED","Not directly relevant to adjacent model-discrimination or decision-theory transfer after title/metadata screening.","LEVEL_3_DISCOVERY_ONLY","","audit/phase2_raw_search_results/C/PHASE2-SEARCH-0033_openalex.json","Prospective Workstream C occurrence; raw snapshot: audit/phase2_raw_search_results/C/PHASE2-SEARCH-0033_openalex.json"
"C0319","PHASE2-SEARCH-0033","OpenAlex","2026-07-31","The use of partial least squares path modeling in international marketing","Jörg Henseler; Christian M. Ringle; Rudolf R. Sinkovics","2009","10.1108/s1474-7979(2009)0000020014","https://openalex.org/W2098419406","C-DUP-0298","TITLE_ABSTRACT_EXCLUDED","Not directly relevant to adjacent model-discrimination or decision-theory transfer after title/metadata screening.","LEVEL_3_DISCOVERY_ONLY","","audit/phase2_raw_search_results/C/PHASE2-SEARCH-0033_openalex.json","Prospective Workstream C occurrence; raw snapshot: audit/phase2_raw_search_results/C/PHASE2-SEARCH-0033_openalex.json"
"C0320","PHASE2-SEARCH-0033","OpenAlex","2026-07-31","Multivariate GARCH models: a survey","Sébastien Laurent; Luc Bauwens; Jeroen V.K. Rombouts","","10.1002/jae.842","https://openalex.org/W3125564657","C-DUP-0299","TITLE_ABSTRACT_EXCLUDED","Not directly relevant to adjacent model-discrimination or decision-theory transfer after title/metadata screening.","LEVEL_3_DISCOVERY_ONLY","","audit/phase2_raw_search_results/C/PHASE2-SEARCH-0033_openalex.json","Prospective Workstream C occurrence; raw snapshot: audit/phase2_raw_search_results/C/PHASE2-SEARCH-0033_openalex.json"
"C0321","PHASE2-SEARCH-0033","OpenAlex","2026-07-31","Bayesian Network Classifiers","Nir Friedman; Dan Geiger; Moisés Goldszmidt","1997","10.1023/a:1007465528199","https://openalex.org/W1817561967","C-DUP-0300","TITLE_ABSTRACT_EXCLUDED","Not directly relevant to adjacent model-discrimination or decision-theory transfer after title/metadata screening.","LEVEL_3_DISCOVERY_ONLY","","audit/phase2_raw_search_results/C/PHASE2-SEARCH-0033_openalex.json","Prospective Workstream C occurrence; raw snapshot: audit/phase2_raw_search_results/C/PHASE2-SEARCH-0033_openalex.json"
"C0322","PHASE2-SEARCH-0033","OpenAlex","2026-07-31","Choice Under Uncertainty: Problems Solved and Unsolved","Mark J. Machina","1987","10.1257/jep.1.1.121","https://openalex.org/W4235007239","C-DUP-0301","TITLE_ABSTRACT_EXCLUDED","Not directly relevant to adjacent model-discrimination or decision-theory transfer after title/metadata screening.","LEVEL_3_DISCOVERY_ONLY","","audit/phase2_raw_search_results/C/PHASE2-SEARCH-0033_openalex.json","Prospective Workstream C occurrence; raw snapshot: audit/phase2_raw_search_results/C/PHASE2-SEARCH-0033_openalex.json"
"C0323","PHASE2-SEARCH-0033","OpenAlex","2026-07-31","‘All models are wrong...’: an introduction to model uncertainty","Ernst C. Wit; Edwin R. van den Heuvel; Jan‐Willem Romeijn","2012","10.1111/j.1467-9574.2012.00530.x","https://openalex.org/W1940174779","C-DUP-0302","TITLE_ABSTRACT_EXCLUDED","Not directly relevant to adjacent model-discrimination or decision-theory transfer after title/metadata screening.","LEVEL_3_DISCOVERY_ONLY","","audit/phase2_raw_search_results/C/PHASE2-SEARCH-0033_openalex.json","Prospective Workstream C occurrence; raw snapshot: audit/phase2_raw_search_results/C/PHASE2-SEARCH-0033_openalex.json"
"C0324","PHASE2-SEARCH-0033","OpenAlex","2026-07-31","Finite-key analysis for measurement-device-independent quantum key distribution","Marcos Curty; Feihu Xu; Wei Cui; Charles Ci Wen Lim; Kiyoshi Tamaki; Hoi‐Kwong Lo","2014","10.1038/ncomms4732","https://openalex.org/W2014048641","C-DUP-0303","TITLE_ABSTRACT_EXCLUDED","Not directly relevant to adjacent model-discrimination or decision-theory transfer after title/metadata screening.","LEVEL_3_DISCOVERY_ONLY","","audit/phase2_raw_search_results/C/PHASE2-SEARCH-0033_openalex.json","Prospective Workstream C occurrence; raw snapshot: audit/phase2_raw_search_results/C/PHASE2-SEARCH-0033_openalex.json"
"C0325","PHASE2-SEARCH-0033","OpenAlex","2026-07-31","Characterising performance of environmental models","Neil Bennett; Barry Croke; Giorgio Guariso; Joseph H. A. Guillaume; Serena H. Hamilton; Anthony J. Jakeman; Stefano Marsili-Libelli; Lachlan Newham; J.P. Norton; Charles Perrin; Suzanne A. Pierce; Barbara Robson; Ralf Seppelt; Alexey Voinov; Brian D. Fath; Vazken Andréassian","2012","10.1016/j.envsoft.2012.09.011","https://openalex.org/W2130089609","C-DUP-0304","TITLE_ABSTRACT_EXCLUDED","Not directly relevant to adjacent model-discrimination or decision-theory transfer after title/metadata screening.","LEVEL_3_DISCOVERY_ONLY","","audit/phase2_raw_search_results/C/PHASE2-SEARCH-0033_openalex.json","Prospective Workstream C occurrence; raw snapshot: audit/phase2_raw_search_results/C/PHASE2-SEARCH-0033_openalex.json"
"C0326","PHASE2-SEARCH-0034","Crossref","2026-07-31","On the Complexity of Differentially Private Best-Arm Identification with Fixed Confidence","Achraf Azize; Marc Jourdan; Aymen Al Marjani; Debabrota Basu","2023","10.52202/075280-3116","10.52202/075280-3116","C-DUP-0305","TITLE_ABSTRACT_INCLUDED","","LEVEL_3_DISCOVERY_ONLY","","audit/phase2_raw_search_results/C/PHASE2-SEARCH-0034_crossref.json","Prospective Workstream C occurrence; raw snapshot: audit/phase2_raw_search_results/C/PHASE2-SEARCH-0034_crossref.json"
"C0327","PHASE2-SEARCH-0034","Crossref","2026-07-31","Fair Best Arm Identification with Fixed Confidence","Alessio Russo; Filippo Vannella","2024","10.1109/cdc56724.2024.10886570","10.1109/cdc56724.2024.10886570","C-DUP-0306","TITLE_ABSTRACT_INCLUDED","","LEVEL_3_DISCOVERY_ONLY","","audit/phase2_raw_search_results/C/PHASE2-SEARCH-0034_crossref.json","Prospective Workstream C occurrence; raw snapshot: audit/phase2_raw_search_results/C/PHASE2-SEARCH-0034_crossref.json"
"C0328","PHASE2-SEARCH-0034","Crossref","2026-07-31","Fixed Confidence Best Arm Identification in the Bayesian Setting","Kyoungseok Jang; Junpei Komiyama; Kazutoshi Yamazaki","2024","10.52202/079017-0566","10.52202/079017-0566","C-DUP-0307","TITLE_ABSTRACT_INCLUDED","","LEVEL_3_DISCOVERY_ONLY","","audit/phase2_raw_search_results/C/PHASE2-SEARCH-0034_crossref.json","Prospective Workstream C occurrence; raw snapshot: audit/phase2_raw_search_results/C/PHASE2-SEARCH-0034_crossref.json"
"C0329","PHASE2-SEARCH-0034","Crossref","2026-07-31","Fixed-Confidence Best Arm Identification with Decreasing Variance","Tamojeet Roychowdhury; Kota Srinivas Reddy; Krishna P Jagannathan; Sharayu Moharir","2025","10.1109/ncc63735.2025.10982930","10.1109/ncc63735.2025.10982930","C-DUP-0308","TITLE_ABSTRACT_INCLUDED","","LEVEL_3_DISCOVERY_ONLY","","audit/phase2_raw_search_results/C/PHASE2-SEARCH-0034_crossref.json","Prospective Workstream C occurrence; raw snapshot: audit/phase2_raw_search_results/C/PHASE2-SEARCH-0034_crossref.json"
"C0330","PHASE2-SEARCH-0034","Crossref","2026-07-31","An $\varepsilon$-Best-Arm Identification Algorithm for Fixed-Confidence and Beyond","Marc Jourdan; Rémy Degenne; Emilie Kaufmann","2023","10.52202/075280-0727","10.52202/075280-0727","C-DUP-0309","TITLE_ABSTRACT_INCLUDED","","LEVEL_3_DISCOVERY_ONLY","","audit/phase2_raw_search_results/C/PHASE2-SEARCH-0034_crossref.json","Prospective Workstream C occurrence; raw snapshot: audit/phase2_raw_search_results/C/PHASE2-SEARCH-0034_crossref.json"
"C0331","PHASE2-SEARCH-0034","Crossref","2026-07-31","Best-arm identification algorithms for multi-armed bandits in the fixed confidence setting","Kevin Jamieson; Robert Nowak","2014","10.1109/ciss.2014.6814096","10.1109/ciss.2014.6814096","C-DUP-0310","TITLE_ABSTRACT_INCLUDED","","LEVEL_3_DISCOVERY_ONLY","","audit/phase2_raw_search_results/C/PHASE2-SEARCH-0034_crossref.json","Prospective Workstream C occurrence; raw snapshot: audit/phase2_raw_search_results/C/PHASE2-SEARCH-0034_crossref.json"
"C0332","PHASE2-SEARCH-0034","Crossref","2026-07-31","Optimal Best-Arm Identification Under Fixed Confidence With Multiple Optima","Lan V. Truong","2026","10.1109/tit.2026.3671607","10.1109/tit.2026.3671607","C-DUP-0311","TITLE_ABSTRACT_INCLUDED","","LEVEL_3_DISCOVERY_ONLY","","audit/phase2_raw_search_results/C/PHASE2-SEARCH-0034_crossref.json","Prospective Workstream C occurrence; raw snapshot: audit/phase2_raw_search_results/C/PHASE2-SEARCH-0034_crossref.json"
"C0333","PHASE2-SEARCH-0034","Crossref","2026-07-31","Fundamental Limitations of Fixed-Budget Best-Arm Identification","Motti Goldberger","2026","10.2139/ssrn.6858879","10.2139/ssrn.6858879","C-DUP-0312","TITLE_ABSTRACT_INCLUDED","","LEVEL_3_DISCOVERY_ONLY","","audit/phase2_raw_search_results/C/PHASE2-SEARCH-0034_crossref.json","Prospective Workstream C occurrence; raw snapshot: audit/phase2_raw_search_results/C/PHASE2-SEARCH-0034_crossref.json"
"C0334","PHASE2-SEARCH-0034","Crossref","2026-07-31","An Algorithm for Fixed Budget Best Arm Identification with Combinatorial Exploration","Siddhartha Parupudi; Gourab Ghatak","2025","10.36227/techrxiv.173893282.28439921/v1","10.36227/techrxiv.173893282.28439921/v1","C-DUP-0313","TITLE_ABSTRACT_INCLUDED","","LEVEL_3_DISCOVERY_ONLY","","audit/phase2_raw_search_results/C/PHASE2-SEARCH-0034_crossref.json","Prospective Workstream C occurrence; raw snapshot: audit/phase2_raw_search_results/C/PHASE2-SEARCH-0034_crossref.json"
"C0335","PHASE2-SEARCH-0034","Crossref","2026-07-31","Fixed Budget Bayesian Best Arm Identification in Unimodal Bandits","Debamita Ghosh; Manjesh Kumar Hanawal; Nikola Zlatanov","2024","10.36227/techrxiv.173144384.41325846/v1","10.36227/techrxiv.173144384.41325846/v1","C-DUP-0314","TITLE_ABSTRACT_INCLUDED","","LEVEL_3_DISCOVERY_ONLY","","audit/phase2_raw_search_results/C/PHASE2-SEARCH-0034_crossref.json","Prospective Workstream C occurrence; raw snapshot: audit/phase2_raw_search_results/C/PHASE2-SEARCH-0034_crossref.json"
"C0336","PHASE2-SEARCH-0034","Crossref","2026-07-31","Beyond the Lower Bound: Bridging Regret Minimization and Best Arm Identification in Lexicographic Bandits","Bo Xue; Yuanyu Wan; Zhichao Lu; Qingfu Zhang","2026","10.1609/aaai.v40i32.39959","10.1609/aaai.v40i32.39959","C-DUP-0315","TITLE_ABSTRACT_INCLUDED","","LEVEL_3_DISCOVERY_ONLY","","audit/phase2_raw_search_results/C/PHASE2-SEARCH-0034_crossref.json","Prospective Workstream C occurrence; raw snapshot: audit/phase2_raw_search_results/C/PHASE2-SEARCH-0034_crossref.json"
"C0337","PHASE2-SEARCH-0034","Crossref","2026-07-31","Table 6: The evaluation metrics confidence interval lower bound and upper bound values.","","","10.7717/peerjcs.1483/table-6","10.7717/peerjcs.1483/table-6","C-DUP-0316","TITLE_ABSTRACT_EXCLUDED","Not directly relevant to adjacent model-discrimination or decision-theory transfer after title/metadata screening.","LEVEL_3_DISCOVERY_ONLY","","audit/phase2_raw_search_results/C/PHASE2-SEARCH-0034_crossref.json","Prospective Workstream C occurrence; raw snapshot: audit/phase2_raw_search_results/C/PHASE2-SEARCH-0034_crossref.json"
"C0338","PHASE2-SEARCH-0034","Crossref","2026-07-31","Minimax Optimal Fixed-Budget Best Arm Identification in Linear Bandits","Junwen Yang; Vincent Tan","2022","10.52202/068431-0890","10.52202/068431-0890","C-DUP-0317","TITLE_ABSTRACT_INCLUDED","","LEVEL_3_DISCOVERY_ONLY","","audit/phase2_raw_search_results/C/PHASE2-SEARCH-0034_crossref.json","Prospective Workstream C occurrence; raw snapshot: audit/phase2_raw_search_results/C/PHASE2-SEARCH-0034_crossref.json"
"C0339","PHASE2-SEARCH-0034","Crossref","2026-07-31","Minimax Optimal Algorithms for Fixed-Budget Best Arm Identification","Junpei Komiyama; Taira Tsuchiya; Junya Honda","2022","10.52202/068431-0755","10.52202/068431-0755","C-DUP-0318","TITLE_ABSTRACT_INCLUDED","","LEVEL_3_DISCOVERY_ONLY","","audit/phase2_raw_search_results/C/PHASE2-SEARCH-0034_crossref.json","Prospective Workstream C occurrence; raw snapshot: audit/phase2_raw_search_results/C/PHASE2-SEARCH-0034_crossref.json"
"C0340","PHASE2-SEARCH-0034","Crossref","2026-07-31","Best Arm Identification in Sample-path Correlated Bandits","R Sri Prakash; Nikhil Karamchandani; Sharayu Moharir","2022","10.1109/ncc55593.2022.9806785","10.1109/ncc55593.2022.9806785","C-DUP-0319","TITLE_ABSTRACT_INCLUDED","","LEVEL_3_DISCOVERY_ONLY","","audit/phase2_raw_search_results/C/PHASE2-SEARCH-0034_crossref.json","Prospective Workstream C occurrence; raw snapshot: audit/phase2_raw_search_results/C/PHASE2-SEARCH-0034_crossref.json"
"C0341","PHASE2-SEARCH-0034","Crossref","2026-07-31","Fast and Regret Optimal Best Arm Identification: Fundamental Limits and Low-Complexity Algorithms","Qining Zhang; Lei Ying","2023","10.52202/075280-0732","10.52202/075280-0732","C-DUP-0320","TITLE_ABSTRACT_INCLUDED","","LEVEL_3_DISCOVERY_ONLY","","audit/phase2_raw_search_results/C/PHASE2-SEARCH-0034_crossref.json","Prospective Workstream C occurrence; raw snapshot: audit/phase2_raw_search_results/C/PHASE2-SEARCH-0034_crossref.json"
"C0342","PHASE2-SEARCH-0034","Crossref","2026-07-31","Best Arm Identification with Fixed Budget: A Large Deviation Perspective","Po-An Wang; Ruo-Chun Tzeng; Alexandre Proutiere","2023","10.52202/075280-0735","10.52202/075280-0735","C-DUP-0321","TITLE_ABSTRACT_INCLUDED","","LEVEL_3_DISCOVERY_ONLY","","audit/phase2_raw_search_results/C/PHASE2-SEARCH-0034_crossref.json","Prospective Workstream C occurrence; raw snapshot: audit/phase2_raw_search_results/C/PHASE2-SEARCH-0034_crossref.json"
"C0343","PHASE2-SEARCH-0034","Crossref","2026-07-31","Fixed-Budget Best-Arm Identification in Structured Bandits","MohammadJavad Azizi; Branislav Kveton; Mohammad Ghavamzadeh","2022","10.24963/ijcai.2022/388","10.24963/ijcai.2022/388","C-DUP-0322","TITLE_ABSTRACT_INCLUDED","","LEVEL_3_DISCOVERY_ONLY","","audit/phase2_raw_search_results/C/PHASE2-SEARCH-0034_crossref.json","Prospective Workstream C occurrence; raw snapshot: audit/phase2_raw_search_results/C/PHASE2-SEARCH-0034_crossref.json"
"C0344","PHASE2-SEARCH-0034","Crossref","2026-07-31","Sample Complexity Lower Bounds for Linear System Identification","Yassir Jedra; Alexandre Proutiere","2019","10.1109/cdc40024.2019.9029303","10.1109/cdc40024.2019.9029303","C-DUP-0323","TITLE_ABSTRACT_EXCLUDED","Not directly relevant to adjacent model-discrimination or decision-theory transfer after title/metadata screening.","LEVEL_3_DISCOVERY_ONLY","","audit/phase2_raw_search_results/C/PHASE2-SEARCH-0034_crossref.json","Prospective Workstream C occurrence; raw snapshot: audit/phase2_raw_search_results/C/PHASE2-SEARCH-0034_crossref.json"
"C0345","PHASE2-SEARCH-0034","Crossref","2026-07-31","The best lower bound for Jensen's inequality with three fixed ordered variables","Vasile Cirtoaje","2013","10.15352/bjma/1358864553","10.15352/bjma/1358864553","C-DUP-0324","TITLE_ABSTRACT_EXCLUDED","Not directly relevant to adjacent model-discrimination or decision-theory transfer after title/metadata screening.","LEVEL_3_DISCOVERY_ONLY","","audit/phase2_raw_search_results/C/PHASE2-SEARCH-0034_crossref.json","Prospective Workstream C occurrence; raw snapshot: audit/phase2_raw_search_results/C/PHASE2-SEARCH-0034_crossref.json"
"C0346","PHASE2-SEARCH-0034","Crossref","2026-07-31","Representative Arm Identification: A fixed confidence approach to identify cluster representatives","Sarvesh Gharat; Aniket Yadav; Nikhil Karamchandani; Jayakrishnan Nair","2025","10.1109/icassp49660.2025.10890622","10.1109/icassp49660.2025.10890622","C-DUP-0325","TITLE_ABSTRACT_EXCLUDED","Not directly relevant to adjacent model-discrimination or decision-theory transfer after title/metadata screening.","LEVEL_3_DISCOVERY_ONLY","","audit/phase2_raw_search_results/C/PHASE2-SEARCH-0034_crossref.json","Prospective Workstream C occurrence; raw snapshot: audit/phase2_raw_search_results/C/PHASE2-SEARCH-0034_crossref.json"
"C0347","PHASE2-SEARCH-0034","Crossref","2026-07-31","Fixed Budget Bayesian Best Arm Identification in Unimodal Bandits","Debamita Ghosh; Manjesh Kumar Hanawal; Nikola Zlatanov","2025","10.1109/comsnets63942.2025.10885731","10.1109/comsnets63942.2025.10885731","C-DUP-0326","TITLE_ABSTRACT_INCLUDED","","LEVEL_3_DISCOVERY_ONLY","","audit/phase2_raw_search_results/C/PHASE2-SEARCH-0034_crossref.json","Prospective Workstream C occurrence; raw snapshot: audit/phase2_raw_search_results/C/PHASE2-SEARCH-0034_crossref.json"
"C0348","PHASE2-SEARCH-0034","Crossref","2026-07-31","An Algorithm for Fixed Budget Best Arm Identification With Combinatorial Exploration","Siddhartha Parupudi; Gourab Ghatak","2026","10.1109/tsp.2026.3655839","10.1109/tsp.2026.3655839","C-DUP-0327","TITLE_ABSTRACT_INCLUDED","","LEVEL_3_DISCOVERY_ONLY","","audit/phase2_raw_search_results/C/PHASE2-SEARCH-0034_crossref.json","Prospective Workstream C occurrence; raw snapshot: audit/phase2_raw_search_results/C/PHASE2-SEARCH-0034_crossref.json"
"C0349","PHASE2-SEARCH-0034","Crossref","2026-07-31","The best lower bound of sample correlation with ordered restriction","Tea-Yuan Hwang; Chin-Yuan Hu","1994","10.1016/0167-7152(94)90123-6","10.1016/0167-7152(94)90123-6","C-DUP-0328","TITLE_ABSTRACT_EXCLUDED","Not directly relevant to adjacent model-discrimination or decision-theory transfer after title/metadata screening.","LEVEL_3_DISCOVERY_ONLY","","audit/phase2_raw_search_results/C/PHASE2-SEARCH-0034_crossref.json","Prospective Workstream C occurrence; raw snapshot: audit/phase2_raw_search_results/C/PHASE2-SEARCH-0034_crossref.json"
"C0350","PHASE2-SEARCH-0034","Crossref","2026-07-31","Linear Streaming Bandit: Regret Minimization and Fixed-Budget Epsilon-Best Arm Identification","Yuming Shao; Zhixuan Fang","2025","10.1609/aaai.v39i19.34242","10.1609/aaai.v39i19.34242","C-DUP-0329","TITLE_ABSTRACT_INCLUDED","","LEVEL_3_DISCOVERY_ONLY","","audit/phase2_raw_search_results/C/PHASE2-SEARCH-0034_crossref.json","Prospective Workstream C occurrence; raw snapshot: audit/phase2_raw_search_results/C/PHASE2-SEARCH-0034_crossref.json"
"C0351","PHASE2-SEARCH-0035","OpenAlex","2026-07-31","Optimal experimental design and some related control problems","Luc Pronzato","2007","10.1016/j.automatica.2007.05.016","https://openalex.org/W2124293649","C-DUP-0005","DUPLICATE","Duplicate DOI or normalized title of an earlier Phase 2 record.","LEVEL_3_DISCOVERY_ONLY","","audit/phase2_raw_search_results/C/PHASE2-SEARCH-0035_openalex.json","Prospective Workstream C occurrence; raw snapshot: audit/phase2_raw_search_results/C/PHASE2-SEARCH-0035_openalex.json"
"C0352","PHASE2-SEARCH-0035","OpenAlex","2026-07-31","Reporting animal research: Explanation and elaboration for the ARRIVE guidelines 2.0","Nathalie Percie du Sert; Amrita Ahluwalia; Sabina Alam; Marc T. Avey; Monya Baker; William J. Browne; Alejandra Clark; Innes C. Cuthill; Ulrich Dirnagl; Michael Emerson; Paul Garner; Stephen T. Holgate; David W. Howells; Viki Hurst; Natasha A. Karp; Stanley E. Lazic; Katie Lidster; Catriona MacCallum; Malcolm Macleod; Esther J. Pearl; Ole H. Petersen; Frances Rawle; Penny S. Reynolds; Kieron Rooney; Emily S. Sena; Shai D. Silberberg; Thomas Steckler; Hanno Würbel","2020","10.1371/journal.pbio.3000411","https://openalex.org/W3043135743","C-DUP-0330","TITLE_ABSTRACT_EXCLUDED","Not directly relevant to adjacent model-discrimination or decision-theory transfer after title/metadata screening.","LEVEL_3_DISCOVERY_ONLY","","audit/phase2_raw_search_results/C/PHASE2-SEARCH-0035_openalex.json","Prospective Workstream C occurrence; raw snapshot: audit/phase2_raw_search_results/C/PHASE2-SEARCH-0035_openalex.json"
"C0353","PHASE2-SEARCH-0035","OpenAlex","2026-07-31","Deep learning modelling techniques: current progress, applications, advantages, and challenges","Shams Forruque Ahmed; Md. Sakib Bin Alam; Maruf Hassan; Mahtabin Rodela Rozbu; Taoseef Ishtiak; Nazifa Rafa; M. Mofijur; A. B. M. Shawkat Ali; Amir H. Gandomi","2023","10.1007/s10462-023-10466-8","https://openalex.org/W4366091323","C-DUP-0331","TITLE_ABSTRACT_EXCLUDED","Not directly relevant to adjacent model-discrimination or decision-theory transfer after title/metadata screening.","LEVEL_3_DISCOVERY_ONLY","","audit/phase2_raw_search_results/C/PHASE2-SEARCH-0035_openalex.json","Prospective Workstream C occurrence; raw snapshot: audit/phase2_raw_search_results/C/PHASE2-SEARCH-0035_openalex.json"
"C0354","PHASE2-SEARCH-0035","OpenAlex","2026-07-31","Applying the Model-Comparison Approach to Test Specific Research Hypotheses in Psychophysical Research Using the Palamedes Toolbox","Nicolaas Prins; Frederick A. A. Kingdom","2018","10.3389/fpsyg.2018.01250","https://openalex.org/W2810425927","C-DUP-0332","TITLE_ABSTRACT_EXCLUDED","Not directly relevant to adjacent model-discrimination or decision-theory transfer after title/metadata screening.","LEVEL_3_DISCOVERY_ONLY","","audit/phase2_raw_search_results/C/PHASE2-SEARCH-0035_openalex.json","Prospective Workstream C occurrence; raw snapshot: audit/phase2_raw_search_results/C/PHASE2-SEARCH-0035_openalex.json"
"C0355","PHASE2-SEARCH-0035","OpenAlex","2026-07-31","Heuristic Decision Making","Gerd Gigerenzer; Wolfgang Gaissmaier","2010","10.1146/annurev-psych-120709-145346","https://openalex.org/W2096016260","C-DUP-0333","TITLE_ABSTRACT_EXCLUDED","Not directly relevant to adjacent model-discrimination or decision-theory transfer after title/metadata screening.","LEVEL_3_DISCOVERY_ONLY","","audit/phase2_raw_search_results/C/PHASE2-SEARCH-0035_openalex.json","Prospective Workstream C occurrence; raw snapshot: audit/phase2_raw_search_results/C/PHASE2-SEARCH-0035_openalex.json"
"C0356","PHASE2-SEARCH-0035","OpenAlex","2026-07-31","Bias in the Brain: A Diffusion Model Analysis of Prior Probability and Potential Payoff","Martijn J. Mulder; Eric‐Jan Wagenmakers; Roger Ratcliff; Wouter Boekel; Birte U. Forstmann","2012","10.1523/jneurosci.4156-11.2012","https://openalex.org/W2067894784","C-DUP-0334","TITLE_ABSTRACT_EXCLUDED","Not directly relevant to adjacent model-discrimination or decision-theory transfer after title/metadata screening.","LEVEL_3_DISCOVERY_ONLY","","audit/phase2_raw_search_results/C/PHASE2-SEARCH-0035_openalex.json","Prospective Workstream C occurrence; raw snapshot: audit/phase2_raw_search_results/C/PHASE2-SEARCH-0035_openalex.json"
"C0357","PHASE2-SEARCH-0035","OpenAlex","2026-07-31","Optimizing Experimental Design for Comparing Models of Brain Function","Jean Daunizeau; Kerstin Preuschoff; Karl Friston; Klaas Ε. Stephan","2011","10.1371/journal.pcbi.1002280","https://openalex.org/W2006235854","C-DUP-0335","TITLE_ABSTRACT_EXCLUDED","Not directly relevant to adjacent model-discrimination or decision-theory transfer after title/metadata screening.","LEVEL_3_DISCOVERY_ONLY","","audit/phase2_raw_search_results/C/PHASE2-SEARCH-0035_openalex.json","Prospective Workstream C occurrence; raw snapshot: audit/phase2_raw_search_results/C/PHASE2-SEARCH-0035_openalex.json"
"C0358","PHASE2-SEARCH-0035","OpenAlex","2026-07-31","The speed-accuracy tradeoff: history, physiology, methodology, and behavior","Richard P. Heitz","2014","10.3389/fnins.2014.00150","https://openalex.org/W2108748822","C-DUP-0336","TITLE_ABSTRACT_EXCLUDED","Not directly relevant to adjacent model-discrimination or decision-theory transfer after title/metadata screening.","LEVEL_3_DISCOVERY_ONLY","","audit/phase2_raw_search_results/C/PHASE2-SEARCH-0035_openalex.json","Prospective Workstream C occurrence; raw snapshot: audit/phase2_raw_search_results/C/PHASE2-SEARCH-0035_openalex.json"
"C0359","PHASE2-SEARCH-0035","OpenAlex","2026-07-31","Recent Developments in the Econometrics of Program Evaluation","Guido W. Imbens; Jeffrey M. Wooldridge","2009","10.1257/jel.47.1.5","https://openalex.org/W3121385028","C-DUP-0337","TITLE_ABSTRACT_EXCLUDED","Not directly relevant to adjacent model-discrimination or decision-theory transfer after title/metadata screening.","LEVEL_3_DISCOVERY_ONLY","","audit/phase2_raw_search_results/C/PHASE2-SEARCH-0035_openalex.json","Prospective Workstream C occurrence; raw snapshot: audit/phase2_raw_search_results/C/PHASE2-SEARCH-0035_openalex.json"
"C0360","PHASE2-SEARCH-0035","OpenAlex","2026-07-31","Geometric perspective on quantum parameter estimation","Jasminder S. Sidhu; Pieter Kok","2020","10.1116/1.5119961","https://openalex.org/W3006095918","C-DUP-0338","TITLE_ABSTRACT_EXCLUDED","Not directly relevant to adjacent model-discrimination or decision-theory transfer after title/metadata screening.","LEVEL_3_DISCOVERY_ONLY","","audit/phase2_raw_search_results/C/PHASE2-SEARCH-0035_openalex.json","Prospective Workstream C occurrence; raw snapshot: audit/phase2_raw_search_results/C/PHASE2-SEARCH-0035_openalex.json"
"C0361","PHASE2-SEARCH-0035","OpenAlex","2026-07-31","What is a statistical model?","Peter McCullagh","2002","10.1214/aos/1035844977","https://openalex.org/W2049954094","C-DUP-0339","TITLE_ABSTRACT_EXCLUDED","Not directly relevant to adjacent model-discrimination or decision-theory transfer after title/metadata screening.","LEVEL_3_DISCOVERY_ONLY","","audit/phase2_raw_search_results/C/PHASE2-SEARCH-0035_openalex.json","Prospective Workstream C occurrence; raw snapshot: audit/phase2_raw_search_results/C/PHASE2-SEARCH-0035_openalex.json"
"C0362","PHASE2-SEARCH-0035","OpenAlex","2026-07-31","Markov chain Monte Carlo simulation using the DREAM software package: Theory, concepts, and MATLAB implementation","Jasper A. Vrugt","2015","10.1016/j.envsoft.2015.08.013","https://openalex.org/W2173126837","C-DUP-0340","TITLE_ABSTRACT_EXCLUDED","Not directly relevant to adjacent model-discrimination or decision-theory transfer after title/metadata screening.","LEVEL_3_DISCOVERY_ONLY","","audit/phase2_raw_search_results/C/PHASE2-SEARCH-0035_openalex.json","Prospective Workstream C occurrence; raw snapshot: audit/phase2_raw_search_results/C/PHASE2-SEARCH-0035_openalex.json"
"C0363","PHASE2-SEARCH-0035","OpenAlex","2026-07-31","Audiovisual Synchrony Improves Motion Discrimination via Enhanced Connectivity between Early Visual and Auditory Areas","Richard F. Lewis; Uta Noppeney","2010","10.1523/jneurosci.5745-09.2010","https://openalex.org/W1995154163","C-DUP-0341","TITLE_ABSTRACT_EXCLUDED","Not directly relevant to adjacent model-discrimination or decision-theory transfer after title/metadata screening.","LEVEL_3_DISCOVERY_ONLY","","audit/phase2_raw_search_results/C/PHASE2-SEARCH-0035_openalex.json","Prospective Workstream C occurrence; raw snapshot: audit/phase2_raw_search_results/C/PHASE2-SEARCH-0035_openalex.json"
"C0364","PHASE2-SEARCH-0035","OpenAlex","2026-07-31","Field Experiments","Glenn W. Harrison; John A. List","2004","10.1257/0022051043004577","https://openalex.org/W4251446432","C-DUP-0342","TITLE_ABSTRACT_EXCLUDED","Not directly relevant to adjacent model-discrimination or decision-theory transfer after title/metadata screening.","LEVEL_3_DISCOVERY_ONLY","","audit/phase2_raw_search_results/C/PHASE2-SEARCH-0035_openalex.json","Prospective Workstream C occurrence; raw snapshot: audit/phase2_raw_search_results/C/PHASE2-SEARCH-0035_openalex.json"
"C0365","PHASE2-SEARCH-0035","OpenAlex","2026-07-31","Estimating across-trial variability parameters of the Diffusion Decision Model: Expert advice and recommendations","Udo Boehm; Jeffrey Annis; Michael J. Frank; Guy E. Hawkins; Andrew Heathcote; David Kellen; Angelos‐Miltiadis Krypotos; Veronika Lerche; Gordon D. Logan; Thomas J. Palmeri; Don van Ravenzwaaij; Mathieu Servant; Henrik Singmann; Jeffrey J. Starns; Andreas Voß; Thomas V. Wiecki; Dóra Matzke; Eric‐Jan Wagenmakers","2018","10.1016/j.jmp.2018.09.004","https://openalex.org/W2809093444","C-DUP-0343","TITLE_ABSTRACT_EXCLUDED","Not directly relevant to adjacent model-discrimination or decision-theory transfer after title/metadata screening.","LEVEL_3_DISCOVERY_ONLY","","audit/phase2_raw_search_results/C/PHASE2-SEARCH-0035_openalex.json","Prospective Workstream C occurrence; raw snapshot: audit/phase2_raw_search_results/C/PHASE2-SEARCH-0035_openalex.json"
"C0366","PHASE2-SEARCH-0035","OpenAlex","2026-07-31","Deep Neural Networks Rival the Representation of Primate IT Cortex for Core Visual Object Recognition","Charles F. Cadieu; Ha Hong; Daniel Yamins; Nicolas Pinto; Diego Ardila; Ethan A. Solomon; Najib J. Majaj; James J. DiCarlo","2014","10.1371/journal.pcbi.1003963","https://openalex.org/W2166206801","C-DUP-0344","TITLE_ABSTRACT_EXCLUDED","Not directly relevant to adjacent model-discrimination or decision-theory transfer after title/metadata screening.","LEVEL_3_DISCOVERY_ONLY","","audit/phase2_raw_search_results/C/PHASE2-SEARCH-0035_openalex.json","Prospective Workstream C occurrence; raw snapshot: audit/phase2_raw_search_results/C/PHASE2-SEARCH-0035_openalex.json"
"C0367","PHASE2-SEARCH-0035","OpenAlex","2026-07-31","The heart rate discrimination task: A psychophysical method to estimate the accuracy and precision of interoceptive beliefs","Nicolas Legrand; Niia Nikolova; Camile Correa; Malthe Brændholt; Anna Stuckert; Nanna Kildahl; Melina Vejlø; Francesca Fardo; Micah Allen","2021","10.1016/j.biopsycho.2021.108239","https://openalex.org/W4226030869","C-DUP-0345","TITLE_ABSTRACT_EXCLUDED","Not directly relevant to adjacent model-discrimination or decision-theory transfer after title/metadata screening.","LEVEL_3_DISCOVERY_ONLY","","audit/phase2_raw_search_results/C/PHASE2-SEARCH-0035_openalex.json","Prospective Workstream C occurrence; raw snapshot: audit/phase2_raw_search_results/C/PHASE2-SEARCH-0035_openalex.json"
"C0368","PHASE2-SEARCH-0035","OpenAlex","2026-07-31","Optimal experimental design for parameter identification and model selection","René Schenkendorf","2014","10.25673/4085","https://openalex.org/W41348556","C-DUP-0346","TITLE_ABSTRACT_EXCLUDED","Not directly relevant to adjacent model-discrimination or decision-theory transfer after title/metadata screening.","LEVEL_3_DISCOVERY_ONLY","","audit/phase2_raw_search_results/C/PHASE2-SEARCH-0035_openalex.json","Prospective Workstream C occurrence; raw snapshot: audit/phase2_raw_search_results/C/PHASE2-SEARCH-0035_openalex.json"
"C0369","PHASE2-SEARCH-0035","OpenAlex","2026-07-31","Vigor in the Face of Fluctuating Rates of Reward: An Experimental Examination","Marc Guitart‐Masip; Ulrik Beierholm; Raymond J. Dolan; Emrah Düzel; Peter Dayan","2011","10.1162/jocn_a_00090","https://openalex.org/W2130086055","C-DUP-0347","TITLE_ABSTRACT_EXCLUDED","Not directly relevant to adjacent model-discrimination or decision-theory transfer after title/metadata screening.","LEVEL_3_DISCOVERY_ONLY","","audit/phase2_raw_search_results/C/PHASE2-SEARCH-0035_openalex.json","Prospective Workstream C occurrence; raw snapshot: audit/phase2_raw_search_results/C/PHASE2-SEARCH-0035_openalex.json"
"C0370","PHASE2-SEARCH-0035","OpenAlex","2026-07-31","Physical constraints and functional characteristics of transcription factor–DNA interaction","Ulrich Gerland; J. David Moroz; Terence Hwa","2002","10.1073/pnas.192693599","https://openalex.org/W2082682118","C-DUP-0348","TITLE_ABSTRACT_EXCLUDED","Not directly relevant to adjacent model-discrimination or decision-theory transfer after title/metadata screening.","LEVEL_3_DISCOVERY_ONLY","","audit/phase2_raw_search_results/C/PHASE2-SEARCH-0035_openalex.json","Prospective Workstream C occurrence; raw snapshot: audit/phase2_raw_search_results/C/PHASE2-SEARCH-0035_openalex.json"
"C0371","PHASE2-SEARCH-0035","OpenAlex","2026-07-31","What Is Stochastic Resonance? Definitions, Misconceptions, Debates, and Its Relevance to Biology","Mark D. McDonnell; Derek Abbott","2009","10.1371/journal.pcbi.1000348","https://openalex.org/W2141969391","C-DUP-0349","TITLE_ABSTRACT_EXCLUDED","Not directly relevant to adjacent model-discrimination or decision-theory transfer after title/metadata screening.","LEVEL_3_DISCOVERY_ONLY","","audit/phase2_raw_search_results/C/PHASE2-SEARCH-0035_openalex.json","Prospective Workstream C occurrence; raw snapshot: audit/phase2_raw_search_results/C/PHASE2-SEARCH-0035_openalex.json"
"C0372","PHASE2-SEARCH-0035","OpenAlex","2026-07-31","Optimal speed estimation in natural image movies predicts human performance","Johannes Burge; Wilson S. Geisler","2015","10.1038/ncomms8900","https://openalex.org/W2265586815","C-DUP-0350","TITLE_ABSTRACT_EXCLUDED","Not directly relevant to adjacent model-discrimination or decision-theory transfer after title/metadata screening.","LEVEL_3_DISCOVERY_ONLY","","audit/phase2_raw_search_results/C/PHASE2-SEARCH-0035_openalex.json","Prospective Workstream C occurrence; raw snapshot: audit/phase2_raw_search_results/C/PHASE2-SEARCH-0035_openalex.json"
"C0373","PHASE2-SEARCH-0035","OpenAlex","2026-07-31","Optimal disparity estimation in natural stereo images","Johannes Burge; Wilson S. Geisler","2014","10.1167/14.2.1","https://openalex.org/W1989478029","C-DUP-0351","TITLE_ABSTRACT_EXCLUDED","Not directly relevant to adjacent model-discrimination or decision-theory transfer after title/metadata screening.","LEVEL_3_DISCOVERY_ONLY","","audit/phase2_raw_search_results/C/PHASE2-SEARCH-0035_openalex.json","Prospective Workstream C occurrence; raw snapshot: audit/phase2_raw_search_results/C/PHASE2-SEARCH-0035_openalex.json"
"C0374","PHASE2-SEARCH-0035","OpenAlex","2026-07-31","Extended discrete choice models : integrated framework, flexible error structures, and latent variables","Joan L. Walker","2001","https://openalex.org/W2137734108","https://openalex.org/W2137734108","C-DUP-0352","TITLE_ABSTRACT_EXCLUDED","Not directly relevant to adjacent model-discrimination or decision-theory transfer after title/metadata screening.","LEVEL_3_DISCOVERY_ONLY","","audit/phase2_raw_search_results/C/PHASE2-SEARCH-0035_openalex.json","Prospective Workstream C occurrence; raw snapshot: audit/phase2_raw_search_results/C/PHASE2-SEARCH-0035_openalex.json"
"C0375","PHASE2-SEARCH-0035","OpenAlex","2026-07-31","Mathematical modeling of water quality : streams, lakes, and reservoirs","Gerald T. Orlob","1983","https://openalex.org/W585871537","https://openalex.org/W585871537","C-DUP-0353","TITLE_ABSTRACT_EXCLUDED","Not directly relevant to adjacent model-discrimination or decision-theory transfer after title/metadata screening.","LEVEL_3_DISCOVERY_ONLY","","audit/phase2_raw_search_results/C/PHASE2-SEARCH-0035_openalex.json","Prospective Workstream C occurrence; raw snapshot: audit/phase2_raw_search_results/C/PHASE2-SEARCH-0035_openalex.json"
"C0376","PHASE2-SEARCH-0061","OpenAlex","2026-07-31","A Review of Vibration-based Structural Health Monitoring with Special Emphasis on Composite Materials","Diogo Montalvão","2006","10.1177/0583102406065898","https://openalex.org/W2103289165","C-DUP-0354","TITLE_ABSTRACT_EXCLUDED","Not directly relevant to adjacent model-discrimination or decision-theory transfer after title/metadata screening.","LEVEL_3_DISCOVERY_ONLY","","audit/phase2_raw_search_results/C/PHASE2-SEARCH-0061_openalex.json","Prospective Workstream C occurrence; raw snapshot: audit/phase2_raw_search_results/C/PHASE2-SEARCH-0061_openalex.json"
"C0377","PHASE2-SEARCH-0061","OpenAlex","2026-07-31","Testing the nature of dark compact objects: a status report","Vitor Cardoso; Paolo Pani","2019","10.1007/s41114-019-0020-4","https://openalex.org/W2935705955","C-DUP-0355","TITLE_ABSTRACT_EXCLUDED","Not directly relevant to adjacent model-discrimination or decision-theory transfer after title/metadata screening.","LEVEL_3_DISCOVERY_ONLY","","audit/phase2_raw_search_results/C/PHASE2-SEARCH-0061_openalex.json","Prospective Workstream C occurrence; raw snapshot: audit/phase2_raw_search_results/C/PHASE2-SEARCH-0061_openalex.json"
"C0378","PHASE2-SEARCH-0061","OpenAlex","2026-07-31","Modeling the electrical resistivity of polymer composites with segregated structures","Sung Hoon Park; Jinyoung Hwang; Gyeong-Su Park; Ji‐Hwan Ha; Minsu Zhang; Dongearn Kim; Dong‐Jin Yun; Sang-Eui Lee; Sang Hyun Lee; Sang Hyun Lee; Sang Hyun Lee","2019","10.1038/s41467-019-10514-4","https://openalex.org/W2948043765","C-DUP-0356","TITLE_ABSTRACT_EXCLUDED","Not directly relevant to adjacent model-discrimination or decision-theory transfer after title/metadata screening.","LEVEL_3_DISCOVERY_ONLY","","audit/phase2_raw_search_results/C/PHASE2-SEARCH-0061_openalex.json","Prospective Workstream C occurrence; raw snapshot: audit/phase2_raw_search_results/C/PHASE2-SEARCH-0061_openalex.json"
"C0379","PHASE2-SEARCH-0061","OpenAlex","2026-07-31","Multiscale Testing of Qualitative Hypotheses","Lutz Dümbgen; Vladimir Spokoiny","2001","10.1214/aos/996986504","https://openalex.org/W1972902995","C-DUP-0094","DUPLICATE","Duplicate DOI or normalized title of an earlier Phase 2 record.","LEVEL_3_DISCOVERY_ONLY","","audit/phase2_raw_search_results/C/PHASE2-SEARCH-0061_openalex.json","Prospective Workstream C occurrence; raw snapshot: audit/phase2_raw_search_results/C/PHASE2-SEARCH-0061_openalex.json"
"C0380","PHASE2-SEARCH-0061","OpenAlex","2026-07-31","Broken detailed balance and non-equilibrium dynamics in living systems: a review","F S Gnesotto; F Mura; J Gladrow; C P Broedersz","2018","10.1088/1361-6633/aab3ed","https://openalex.org/W2763081500","C-DUP-0357","TITLE_ABSTRACT_EXCLUDED","Not directly relevant to adjacent model-discrimination or decision-theory transfer after title/metadata screening.","LEVEL_3_DISCOVERY_ONLY","","audit/phase2_raw_search_results/C/PHASE2-SEARCH-0061_openalex.json","Prospective Workstream C occurrence; raw snapshot: audit/phase2_raw_search_results/C/PHASE2-SEARCH-0061_openalex.json"
"C0381","PHASE2-SEARCH-0061","OpenAlex","2026-07-31","Nonlinear Mechanical and Actuation Characterization of Piezoceramic Fiber Composites","Robert Brett Williams","1999","https://openalex.org/W145041419","https://openalex.org/W145041419","C-DUP-0358","TITLE_ABSTRACT_EXCLUDED","Not directly relevant to adjacent model-discrimination or decision-theory transfer after title/metadata screening.","LEVEL_3_DISCOVERY_ONLY","","audit/phase2_raw_search_results/C/PHASE2-SEARCH-0061_openalex.json","Prospective Workstream C occurrence; raw snapshot: audit/phase2_raw_search_results/C/PHASE2-SEARCH-0061_openalex.json"
"C0382","PHASE2-SEARCH-0061","OpenAlex","2026-07-31","Rainfall Estimation with an Operational Polarimetric C-Band Radar in the United Kingdom: Comparison with a Gauge Network and Error Analysis","V. N. Bringi; Miguel A. Rico‐Ramirez; Merhala Thurai","2011","10.1175/jhm-d-10-05013.1","https://openalex.org/W2053229579","C-DUP-0359","TITLE_ABSTRACT_EXCLUDED","Not directly relevant to adjacent model-discrimination or decision-theory transfer after title/metadata screening.","LEVEL_3_DISCOVERY_ONLY","","audit/phase2_raw_search_results/C/PHASE2-SEARCH-0061_openalex.json","Prospective Workstream C occurrence; raw snapshot: audit/phase2_raw_search_results/C/PHASE2-SEARCH-0061_openalex.json"
"C0383","PHASE2-SEARCH-0061","OpenAlex","2026-07-31","Applications of Distributed-Order Fractional Operators: A Review","Wei Ding; Sansit Patnaik; Sai Sidhardh; Fabio Semperlotti","2021","10.3390/e23010110","https://openalex.org/W3118822988","C-DUP-0360","TITLE_ABSTRACT_EXCLUDED","Not directly relevant to adjacent model-discrimination or decision-theory transfer after title/metadata screening.","LEVEL_3_DISCOVERY_ONLY","","audit/phase2_raw_search_results/C/PHASE2-SEARCH-0061_openalex.json","Prospective Workstream C occurrence; raw snapshot: audit/phase2_raw_search_results/C/PHASE2-SEARCH-0061_openalex.json"
"C0384","PHASE2-SEARCH-0061","OpenAlex","2026-07-31","Voltage Coordination in Multi-Area Power Systems via Distributed Model Predictive Control","Mohammad Moradzadeh; René Boel; Lieven Vandevelde","2012","10.1109/tpwrs.2012.2197028","https://openalex.org/W2063710378","C-DUP-0361","TITLE_ABSTRACT_EXCLUDED","Not directly relevant to adjacent model-discrimination or decision-theory transfer after title/metadata screening.","LEVEL_3_DISCOVERY_ONLY","","audit/phase2_raw_search_results/C/PHASE2-SEARCH-0061_openalex.json","Prospective Workstream C occurrence; raw snapshot: audit/phase2_raw_search_results/C/PHASE2-SEARCH-0061_openalex.json"
"C0385","PHASE2-SEARCH-0061","OpenAlex","2026-07-31","Optimal Design for Degradation Tests Based on Gamma Processes With Random Effects","Chih‐Chun Tsai; Sheng‐Tsaing Tseng; N. Balakrishnan","2012","10.1109/tr.2012.2194351","https://openalex.org/W2069719474","C-DUP-0188","DUPLICATE","Duplicate DOI or normalized title of an earlier Phase 2 record.","LEVEL_3_DISCOVERY_ONLY","","audit/phase2_raw_search_results/C/PHASE2-SEARCH-0061_openalex.json","Prospective Workstream C occurrence; raw snapshot: audit/phase2_raw_search_results/C/PHASE2-SEARCH-0061_openalex.json"
"C0386","PHASE2-SEARCH-0061","OpenAlex","2026-07-31","Belief and truth in hypothesised behaviours","Stefano V. Albrecht; Jacob W. Crandall; Subramanian Ramamoorthy","2016","10.1016/j.artint.2016.02.004","https://openalex.org/W938188971","C-DUP-0362","TITLE_ABSTRACT_EXCLUDED","Not directly relevant to adjacent model-discrimination or decision-theory transfer after title/metadata screening.","LEVEL_3_DISCOVERY_ONLY","","audit/phase2_raw_search_results/C/PHASE2-SEARCH-0061_openalex.json","Prospective Workstream C occurrence; raw snapshot: audit/phase2_raw_search_results/C/PHASE2-SEARCH-0061_openalex.json"
"C0387","PHASE2-SEARCH-0061","OpenAlex","2026-07-31","The Solar Wind as a Turbulence Laboratory","R. Bruno; V. Carbone","2013","10.12942/lrsp-2013-2","https://openalex.org/W2023184584","C-DUP-0363","TITLE_ABSTRACT_EXCLUDED","Not directly relevant to adjacent model-discrimination or decision-theory transfer after title/metadata screening.","LEVEL_3_DISCOVERY_ONLY","","audit/phase2_raw_search_results/C/PHASE2-SEARCH-0061_openalex.json","Prospective Workstream C occurrence; raw snapshot: audit/phase2_raw_search_results/C/PHASE2-SEARCH-0061_openalex.json"
"C0388","PHASE2-SEARCH-0061","OpenAlex","2026-07-31","Three-dimensional image correlation from X-ray computed tomography of solid foam","Stéphane Roux; François Hild; Philippe Viot; Dominique Bernard","2007","10.1016/j.compositesa.2007.11.011","https://openalex.org/W2097521561","C-DUP-0364","TITLE_ABSTRACT_EXCLUDED","Not directly relevant to adjacent model-discrimination or decision-theory transfer after title/metadata screening.","LEVEL_3_DISCOVERY_ONLY","","audit/phase2_raw_search_results/C/PHASE2-SEARCH-0061_openalex.json","Prospective Workstream C occurrence; raw snapshot: audit/phase2_raw_search_results/C/PHASE2-SEARCH-0061_openalex.json"
"C0389","PHASE2-SEARCH-0061","OpenAlex","2026-07-31","THE STRUCTURE AND KINEMATICS OF THE CIRCUMGALACTIC MEDIUM FROM FAR-ULTRAVIOLET SPECTRA OF<i>z</i>≃ 2-3 GALAXIES","Charles C. Steidel; Dawn K. Erb; Alice E. Shapley; Max Pettini; Naveen A. Reddy; M. Bogosavljević; Gwen C. Rudie; Olivera Rakic","2010","10.1088/0004-637x/717/1/289","https://openalex.org/W1986303447","C-DUP-0365","TITLE_ABSTRACT_EXCLUDED","Not directly relevant to adjacent model-discrimination or decision-theory transfer after title/metadata screening.","LEVEL_3_DISCOVERY_ONLY","","audit/phase2_raw_search_results/C/PHASE2-SEARCH-0061_openalex.json","Prospective Workstream C occurrence; raw snapshot: audit/phase2_raw_search_results/C/PHASE2-SEARCH-0061_openalex.json"
"C0390","PHASE2-SEARCH-0061","OpenAlex","2026-07-31","Friction and bending in thermoplastic composites forming processes","U. Sachs","2014","10.3990/1.9789462594838","https://openalex.org/W1621538456","C-DUP-0366","TITLE_ABSTRACT_EXCLUDED","Not directly relevant to adjacent model-discrimination or decision-theory transfer after title/metadata screening.","LEVEL_3_DISCOVERY_ONLY","","audit/phase2_raw_search_results/C/PHASE2-SEARCH-0061_openalex.json","Prospective Workstream C occurrence; raw snapshot: audit/phase2_raw_search_results/C/PHASE2-SEARCH-0061_openalex.json"
"C0391","PHASE2-SEARCH-0061","OpenAlex","2026-07-31","Localization Transition of the Three-Dimensional Lorentz Model and Continuum Percolation","Felix Höfling; Thomas Franosch; Erwin Frey","2006","10.1103/physrevlett.96.165901","https://openalex.org/W2094265762","C-DUP-0367","TITLE_ABSTRACT_EXCLUDED","Not directly relevant to adjacent model-discrimination or decision-theory transfer after title/metadata screening.","LEVEL_3_DISCOVERY_ONLY","","audit/phase2_raw_search_results/C/PHASE2-SEARCH-0061_openalex.json","Prospective Workstream C occurrence; raw snapshot: audit/phase2_raw_search_results/C/PHASE2-SEARCH-0061_openalex.json"
"C0392","PHASE2-SEARCH-0061","OpenAlex","2026-07-31","Critical Comparison of Phase-Field, Peridynamics, and Crack Band Model M7 in Light of Gap Test and Classical Fracture Tests","Zdeněk P. Bažant; Hoang T. Nguyen; A. Abdullah Dönmez","2022","10.1115/1.4054221","https://openalex.org/W4221054671","C-DUP-0368","TITLE_ABSTRACT_EXCLUDED","Not directly relevant to adjacent model-discrimination or decision-theory transfer after title/metadata screening.","LEVEL_3_DISCOVERY_ONLY","","audit/phase2_raw_search_results/C/PHASE2-SEARCH-0061_openalex.json","Prospective Workstream C occurrence; raw snapshot: audit/phase2_raw_search_results/C/PHASE2-SEARCH-0061_openalex.json"
"C0393","PHASE2-SEARCH-0061","OpenAlex","2026-07-31","Experimental demonstration of chaotic instability in biological nitrification","David W. Graham; Charles W. Knapp; Erik S. Van Vleck; Katie Bloor; Teresa B Lane; Christopher E Graham","2007","10.1038/ismej.2007.45","https://openalex.org/W2129506790","C-DUP-0369","TITLE_ABSTRACT_EXCLUDED","Not directly relevant to adjacent model-discrimination or decision-theory transfer after title/metadata screening.","LEVEL_3_DISCOVERY_ONLY","","audit/phase2_raw_search_results/C/PHASE2-SEARCH-0061_openalex.json","Prospective Workstream C occurrence; raw snapshot: audit/phase2_raw_search_results/C/PHASE2-SEARCH-0061_openalex.json"
"C0394","PHASE2-SEARCH-0061","OpenAlex","2026-07-31","The semi-solid processing of alloys and composites","C. Levaillant; M. Suéry","1990","10.1007/bf03220465","https://openalex.org/W2334487084","C-DUP-0370","TITLE_ABSTRACT_EXCLUDED","Not directly relevant to adjacent model-discrimination or decision-theory transfer after title/metadata screening.","LEVEL_3_DISCOVERY_ONLY","","audit/phase2_raw_search_results/C/PHASE2-SEARCH-0061_openalex.json","Prospective Workstream C occurrence; raw snapshot: audit/phase2_raw_search_results/C/PHASE2-SEARCH-0061_openalex.json"
"C0395","PHASE2-SEARCH-0061","OpenAlex","2026-07-31","Assessing Lévy walks as models of animal foraging","Alex James; Michael J. Plank; Andrew M. Edwards","2011","10.1098/rsif.2011.0200","https://openalex.org/W2151854755","C-DUP-0371","TITLE_ABSTRACT_EXCLUDED","Not directly relevant to adjacent model-discrimination or decision-theory transfer after title/metadata screening.","LEVEL_3_DISCOVERY_ONLY","","audit/phase2_raw_search_results/C/PHASE2-SEARCH-0061_openalex.json","Prospective Workstream C occurrence; raw snapshot: audit/phase2_raw_search_results/C/PHASE2-SEARCH-0061_openalex.json"
"C0396","PHASE2-SEARCH-0061","OpenAlex","2026-07-31","Key Regression: Enabling Efficient Key Distribution for Secure Distributed Storage.","Kevin Fu; Seny Kamara; Tadayoshi Kohno","2005","https://openalex.org/W1493795471","https://openalex.org/W1493795471","C-DUP-0372","TITLE_ABSTRACT_EXCLUDED","Not directly relevant to adjacent model-discrimination or decision-theory transfer after title/metadata screening.","LEVEL_3_DISCOVERY_ONLY","","audit/phase2_raw_search_results/C/PHASE2-SEARCH-0061_openalex.json","Prospective Workstream C occurrence; raw snapshot: audit/phase2_raw_search_results/C/PHASE2-SEARCH-0061_openalex.json"
"C0397","PHASE2-SEARCH-0061","OpenAlex","2026-07-31","Bonded flush repairs for aerospace composite structures: A review on modelling strategies and application to repairs optimization, reliability and durability","Jean-Baptiste Orsatelli; Éric Paroissien; Frédéric Lachaud; Sébastien Schwartz","2022","10.1016/j.compstruct.2022.116338","https://openalex.org/W4306168928","C-DUP-0373","TITLE_ABSTRACT_EXCLUDED","Not directly relevant to adjacent model-discrimination or decision-theory transfer after title/metadata screening.","LEVEL_3_DISCOVERY_ONLY","","audit/phase2_raw_search_results/C/PHASE2-SEARCH-0061_openalex.json","Prospective Workstream C occurrence; raw snapshot: audit/phase2_raw_search_results/C/PHASE2-SEARCH-0061_openalex.json"
"C0398","PHASE2-SEARCH-0061","OpenAlex","2026-07-31","Distributed Hypothesis Testing with Concurrent Detections","Pierre Escamilla; Michèle Wigger; Abdellatif Zaidi","2018","10.48550/arxiv.1805.06212","https://openalex.org/W2803790937","C-DUP-0374","TITLE_ABSTRACT_EXCLUDED","Not directly relevant to adjacent model-discrimination or decision-theory transfer after title/metadata screening.","LEVEL_3_DISCOVERY_ONLY","","audit/phase2_raw_search_results/C/PHASE2-SEARCH-0061_openalex.json","Prospective Workstream C occurrence; raw snapshot: audit/phase2_raw_search_results/C/PHASE2-SEARCH-0061_openalex.json"
"C0399","PHASE2-SEARCH-0061","OpenAlex","2026-07-31","A statistical methodology for the design of condition indicators","Jérôme Antoni; Pietro Borghesani","2018","10.1016/j.ymssp.2018.05.012","https://openalex.org/W2810586164","C-DUP-0375","TITLE_ABSTRACT_EXCLUDED","Not directly relevant to adjacent model-discrimination or decision-theory transfer after title/metadata screening.","LEVEL_3_DISCOVERY_ONLY","","audit/phase2_raw_search_results/C/PHASE2-SEARCH-0061_openalex.json","Prospective Workstream C occurrence; raw snapshot: audit/phase2_raw_search_results/C/PHASE2-SEARCH-0061_openalex.json"
"C0400","PHASE2-SEARCH-0061","OpenAlex","2026-07-31","Geometrical Description in Binary Composites and Spectral Density Representation","Enis Tuncer","2010","10.3390/ma3010585","https://openalex.org/W2027846332","C-DUP-0376","TITLE_ABSTRACT_EXCLUDED","Not directly relevant to adjacent model-discrimination or decision-theory transfer after title/metadata screening.","LEVEL_3_DISCOVERY_ONLY","","audit/phase2_raw_search_results/C/PHASE2-SEARCH-0061_openalex.json","Prospective Workstream C occurrence; raw snapshot: audit/phase2_raw_search_results/C/PHASE2-SEARCH-0061_openalex.json"
"C0401","PHASE2-SEARCH-0062","Crossref","2026-07-31","Error exponent bounds and practical short-length coding schemes for Distributed Hypothesis Testing (DHT)","Ismaila Salihou Adamou","","10.70675/bf10f0d6z4a2bz460bzbfebz887691e006f6","10.70675/bf10f0d6z4a2bz460bzbfebz887691e006f6","C-DUP-0377","TITLE_ABSTRACT_EXCLUDED","Not directly relevant to adjacent model-discrimination or decision-theory transfer after title/metadata screening.","LEVEL_3_DISCOVERY_ONLY","","audit/phase2_raw_search_results/C/PHASE2-SEARCH-0062_crossref.json","Prospective Workstream C occurrence; raw snapshot: audit/phase2_raw_search_results/C/PHASE2-SEARCH-0062_crossref.json"
"C0402","PHASE2-SEARCH-0062","Crossref","2026-07-31","Robust Testing for Independent Non Identically Distributed Variables and Markov Chains","Lucien Birgé","1983","10.1007/978-1-4612-5503-1_9","10.1007/978-1-4612-5503-1_9","C-DUP-0378","TITLE_ABSTRACT_INCLUDED","","LEVEL_3_DISCOVERY_ONLY","","audit/phase2_raw_search_results/C/PHASE2-SEARCH-0062_crossref.json","Prospective Workstream C occurrence; raw snapshot: audit/phase2_raw_search_results/C/PHASE2-SEARCH-0062_crossref.json"
"C0403","PHASE2-SEARCH-0062","Crossref","2026-07-31","Optimal Error Exponent of Type-Based Distributed Hypothesis Testing over AWGN Channels","Xinyi Tong; Shao-Lun Huang","2023","10.1109/allerton58177.2023.10313378","10.1109/allerton58177.2023.10313378","C-DUP-0379","TITLE_ABSTRACT_EXCLUDED","Not directly relevant to adjacent model-discrimination or decision-theory transfer after title/metadata screening.","LEVEL_3_DISCOVERY_ONLY","","audit/phase2_raw_search_results/C/PHASE2-SEARCH-0062_crossref.json","Prospective Workstream C occurrence; raw snapshot: audit/phase2_raw_search_results/C/PHASE2-SEARCH-0062_crossref.json"
"C0404","PHASE2-SEARCH-0062","Crossref","2026-07-31","Error-Exponent of Distributed Hypothesis Testing for Gilbert-Elliot Source Models","Ismaila Salihou Adamou; Elsa Dupraz; Amin Zribi; Tad Matsumoto","2023","10.1109/istc57237.2023.10273559","10.1109/istc57237.2023.10273559","C-DUP-0380","TITLE_ABSTRACT_EXCLUDED","Not directly relevant to adjacent model-discrimination or decision-theory transfer after title/metadata screening.","LEVEL_3_DISCOVERY_ONLY","","audit/phase2_raw_search_results/C/PHASE2-SEARCH-0062_crossref.json","Prospective Workstream C occurrence; raw snapshot: audit/phase2_raw_search_results/C/PHASE2-SEARCH-0062_crossref.json"
"C0405","PHASE2-SEARCH-0062","Crossref","2026-07-31","Testing hypotheses on independent, not identically distributed models","Wolfgang Wefelmeyer","1987","10.1007/978-94-009-3963-9_20","10.1007/978-94-009-3963-9_20","C-DUP-0381","TITLE_ABSTRACT_INCLUDED","","LEVEL_3_DISCOVERY_ONLY","","audit/phase2_raw_search_results/C/PHASE2-SEARCH-0062_crossref.json","Prospective Workstream C occurrence; raw snapshot: audit/phase2_raw_search_results/C/PHASE2-SEARCH-0062_crossref.json"
"C0406","PHASE2-SEARCH-0062","Crossref","2026-07-31","Maxima of independent, non-identically distributed Gaussian vectors","Sebastian Engelke; Zakhar Kabluchko; Martin Schlather","2015","10.3150/13-bej560","10.3150/13-bej560","C-DUP-0382","TITLE_ABSTRACT_EXCLUDED","Not directly relevant to adjacent model-discrimination or decision-theory transfer after title/metadata screening.","LEVEL_3_DISCOVERY_ONLY","","audit/phase2_raw_search_results/C/PHASE2-SEARCH-0062_crossref.json","Prospective Workstream C occurrence; raw snapshot: audit/phase2_raw_search_results/C/PHASE2-SEARCH-0062_crossref.json"
"C0407","PHASE2-SEARCH-0062","Crossref","2026-07-31","Extensions of error exponent analysis in hypothesis testing","E. Tuncel","2005","10.1109/isit.2005.1523454","10.1109/isit.2005.1523454","C-DUP-0383","TITLE_ABSTRACT_EXCLUDED","Not directly relevant to adjacent model-discrimination or decision-theory transfer after title/metadata screening.","LEVEL_3_DISCOVERY_ONLY","","audit/phase2_raw_search_results/C/PHASE2-SEARCH-0062_crossref.json","Prospective Workstream C occurrence; raw snapshot: audit/phase2_raw_search_results/C/PHASE2-SEARCH-0062_crossref.json"
"C0408","PHASE2-SEARCH-0062","Crossref","2026-07-31","Robust Estimation in Models for Independent Non-Identically Distributed Data","Rudolf Beran","1982","10.1214/aos/1176345783","10.1214/aos/1176345783","C-DUP-0384","TITLE_ABSTRACT_EXCLUDED","Not directly relevant to adjacent model-discrimination or decision-theory transfer after title/metadata screening.","LEVEL_3_DISCOVERY_ONLY","","audit/phase2_raw_search_results/C/PHASE2-SEARCH-0062_crossref.json","Prospective Workstream C occurrence; raw snapshot: audit/phase2_raw_search_results/C/PHASE2-SEARCH-0062_crossref.json"
"C0409","PHASE2-SEARCH-0062","Crossref","2026-07-31","Non-asymptotic equipartition properties for independent and identically distributed sources","En-Hui Yang; Jin Meng","2012","10.1109/ita.2012.6181822","10.1109/ita.2012.6181822","C-DUP-0385","TITLE_ABSTRACT_EXCLUDED","Not directly relevant to adjacent model-discrimination or decision-theory transfer after title/metadata screening.","LEVEL_3_DISCOVERY_ONLY","","audit/phase2_raw_search_results/C/PHASE2-SEARCH-0062_crossref.json","Prospective Workstream C occurrence; raw snapshot: audit/phase2_raw_search_results/C/PHASE2-SEARCH-0062_crossref.json"
"C0410","PHASE2-SEARCH-0062","Crossref","2026-07-31","On the uniform approximation of distribution functions of sums of independent non-identically distributed random variables","","1987","10.1515/9783112314227-095","10.1515/9783112314227-095","C-DUP-0386","TITLE_ABSTRACT_EXCLUDED","Not directly relevant to adjacent model-discrimination or decision-theory transfer after title/metadata screening.","LEVEL_3_DISCOVERY_ONLY","","audit/phase2_raw_search_results/C/PHASE2-SEARCH-0062_crossref.json","Prospective Workstream C occurrence; raw snapshot: audit/phase2_raw_search_results/C/PHASE2-SEARCH-0062_crossref.json"
"C0411","PHASE2-SEARCH-0062","Crossref","2026-07-31","A limit theorem of symmetric statistics for non-identically distributed independent random elements","Mustafid","1990","10.32917/hmj/1206454447","10.32917/hmj/1206454447","C-DUP-0387","TITLE_ABSTRACT_EXCLUDED","Not directly relevant to adjacent model-discrimination or decision-theory transfer after title/metadata screening.","LEVEL_3_DISCOVERY_ONLY","","audit/phase2_raw_search_results/C/PHASE2-SEARCH-0062_crossref.json","Prospective Workstream C occurrence; raw snapshot: audit/phase2_raw_search_results/C/PHASE2-SEARCH-0062_crossref.json"
"C0412","PHASE2-SEARCH-0062","Crossref","2026-07-31","Asymptotic distribution of independent non identically distributed random vectors given their sum. Functional limit laws for the increments of Lévy processes","Dimbihery Rabenoro","","10.70675/ee22ea3ez985cz46c2zad01zc52f2800b2c5","10.70675/ee22ea3ez985cz46c2zad01zc52f2800b2c5","C-DUP-0388","TITLE_ABSTRACT_EXCLUDED","Not directly relevant to adjacent model-discrimination or decision-theory transfer after title/metadata screening.","LEVEL_3_DISCOVERY_ONLY","","audit/phase2_raw_search_results/C/PHASE2-SEARCH-0062_crossref.json","Prospective Workstream C occurrence; raw snapshot: audit/phase2_raw_search_results/C/PHASE2-SEARCH-0062_crossref.json"
"C0413","PHASE2-SEARCH-0062","Crossref","2026-07-31","On the Optimal Error Exponent of Type-Based Distributed Hypothesis Testing","Xinyi Tong; Xiangxiang Xu; Shao-Lun Huang","2023","10.3390/e25101434","10.3390/e25101434","C-DUP-0389","TITLE_ABSTRACT_EXCLUDED","Not directly relevant to adjacent model-discrimination or decision-theory transfer after title/metadata screening.","LEVEL_3_DISCOVERY_ONLY","","audit/phase2_raw_search_results/C/PHASE2-SEARCH-0062_crossref.json","Prospective Workstream C occurrence; raw snapshot: audit/phase2_raw_search_results/C/PHASE2-SEARCH-0062_crossref.json"
"C0414","PHASE2-SEARCH-0062","Crossref","2026-07-31","APPLICATIONS OF INDEPENDENT AND IDENTICALLY DISTRIBUTED (IID) RANDOM PROCESSES IN POLARIMETRY AND CLIMATOLOGY","Dan Kestner","","10.37099/mtu.dc.etdr/1700","10.37099/mtu.dc.etdr/1700","C-DUP-0390","TITLE_ABSTRACT_EXCLUDED","Not directly relevant to adjacent model-discrimination or decision-theory transfer after title/metadata screening.","LEVEL_3_DISCOVERY_ONLY","","audit/phase2_raw_search_results/C/PHASE2-SEARCH-0062_crossref.json","Prospective Workstream C occurrence; raw snapshot: audit/phase2_raw_search_results/C/PHASE2-SEARCH-0062_crossref.json"
"C0415","PHASE2-SEARCH-0062","Crossref","2026-07-31","On Supervised Classification of Feature Vectors with Independent and Non-Identically Distributed Elements","Farzad Shahrivari; Nikola Zlatanov","2021","10.3390/e23081045","10.3390/e23081045","C-DUP-0391","TITLE_ABSTRACT_EXCLUDED","Not directly relevant to adjacent model-discrimination or decision-theory transfer after title/metadata screening.","LEVEL_3_DISCOVERY_ONLY","","audit/phase2_raw_search_results/C/PHASE2-SEARCH-0062_crossref.json","Prospective Workstream C occurrence; raw snapshot: audit/phase2_raw_search_results/C/PHASE2-SEARCH-0062_crossref.json"
"C0416","PHASE2-SEARCH-0062","Crossref","2026-07-31","Goal-Oriented Wireless Sensor Networks: Error Exponent and Outage Analyses with Distributed Hypothesis Testing","Fatemeh Khaledian; Reza Asvadi; Ismaila Salihou Adamou; Wensheng Lin; Tad Matsumoto","2026","10.1109/jsen.2026.3668389","10.1109/jsen.2026.3668389","C-DUP-0392","TITLE_ABSTRACT_EXCLUDED","Not directly relevant to adjacent model-discrimination or decision-theory transfer after title/metadata screening.","LEVEL_3_DISCOVERY_ONLY","","audit/phase2_raw_search_results/C/PHASE2-SEARCH-0062_crossref.json","Prospective Workstream C occurrence; raw snapshot: audit/phase2_raw_search_results/C/PHASE2-SEARCH-0062_crossref.json"
"C0417","PHASE2-SEARCH-0062","Crossref","2026-07-31","Structure learning with independent non-identically distributed data","Robert E. Tillman","2009","10.1145/1553374.1553507","10.1145/1553374.1553507","C-DUP-0393","TITLE_ABSTRACT_EXCLUDED","Not directly relevant to adjacent model-discrimination or decision-theory transfer after title/metadata screening.","LEVEL_3_DISCOVERY_ONLY","","audit/phase2_raw_search_results/C/PHASE2-SEARCH-0062_crossref.json","Prospective Workstream C occurrence; raw snapshot: audit/phase2_raw_search_results/C/PHASE2-SEARCH-0062_crossref.json"
"C0418","PHASE2-SEARCH-0062","Crossref","2026-07-31","Test Based on Independent, but Non‐identically Distributed Random Variables","Jürg Hüsler","1987","10.1002/bimj.4710290408","10.1002/bimj.4710290408","C-DUP-0394","TITLE_ABSTRACT_EXCLUDED","Not directly relevant to adjacent model-discrimination or decision-theory transfer after title/metadata screening.","LEVEL_3_DISCOVERY_ONLY","","audit/phase2_raw_search_results/C/PHASE2-SEARCH-0062_crossref.json","Prospective Workstream C occurrence; raw snapshot: audit/phase2_raw_search_results/C/PHASE2-SEARCH-0062_crossref.json"
"C0419","PHASE2-SEARCH-0062","Crossref","2026-07-31","A Hölderian FCLT for some multiparameter summation process of independent non-identically distributed random variables","Vaidotas Zemlys","2008","10.1214/ejp.v13-590","10.1214/ejp.v13-590","C-DUP-0395","TITLE_ABSTRACT_EXCLUDED","Not directly relevant to adjacent model-discrimination or decision-theory transfer after title/metadata screening.","LEVEL_3_DISCOVERY_ONLY","","audit/phase2_raw_search_results/C/PHASE2-SEARCH-0062_crossref.json","Prospective Workstream C occurrence; raw snapshot: audit/phase2_raw_search_results/C/PHASE2-SEARCH-0062_crossref.json"
"C0420","PHASE2-SEARCH-0062","Crossref","2026-07-31","ORDER STATISTICS FROM INDEPENDENT NON-IDENTICALLY DISTRIBUTED DISCRETE RAYLEIGH DISTRIBUTION","Jamjoom","2013","10.3844/jmssp.2013.72.76","10.3844/jmssp.2013.72.76","C-DUP-0396","TITLE_ABSTRACT_EXCLUDED","Not directly relevant to adjacent model-discrimination or decision-theory transfer after title/metadata screening.","LEVEL_3_DISCOVERY_ONLY","","audit/phase2_raw_search_results/C/PHASE2-SEARCH-0062_crossref.json","Prospective Workstream C occurrence; raw snapshot: audit/phase2_raw_search_results/C/PHASE2-SEARCH-0062_crossref.json"
"C0421","PHASE2-SEARCH-0062","Crossref","2026-07-31","Error exponent in asymmetric quantum hypothesis testing and its application to classical-quantum channel coding","Masahito Hayashi","2007","10.1103/physreva.76.062301","10.1103/physreva.76.062301","C-DUP-0397","TITLE_ABSTRACT_EXCLUDED","Not directly relevant to adjacent model-discrimination or decision-theory transfer after title/metadata screening.","LEVEL_3_DISCOVERY_ONLY","","audit/phase2_raw_search_results/C/PHASE2-SEARCH-0062_crossref.json","Prospective Workstream C occurrence; raw snapshot: audit/phase2_raw_search_results/C/PHASE2-SEARCH-0062_crossref.json"
"C0422","PHASE2-SEARCH-0062","Crossref","2026-07-31","Federated Learning with Non Independent and Identically Distributed Data","Kinda Mreish; Ivan I. Kholod","2024","10.1109/elcon61730.2024.10468090","10.1109/elcon61730.2024.10468090","C-DUP-0398","TITLE_ABSTRACT_EXCLUDED","Not directly relevant to adjacent model-discrimination or decision-theory transfer after title/metadata screening.","LEVEL_3_DISCOVERY_ONLY","","audit/phase2_raw_search_results/C/PHASE2-SEARCH-0062_crossref.json","Prospective Workstream C occurrence; raw snapshot: audit/phase2_raw_search_results/C/PHASE2-SEARCH-0062_crossref.json"
"C0423","PHASE2-SEARCH-0062","Crossref","2026-07-31","Research on federated model algorithm based on non-independent identically distributed data sets","Wenjing Nie","2025","10.1117/12.3045715","10.1117/12.3045715","C-DUP-0399","TITLE_ABSTRACT_EXCLUDED","Not directly relevant to adjacent model-discrimination or decision-theory transfer after title/metadata screening.","LEVEL_3_DISCOVERY_ONLY","","audit/phase2_raw_search_results/C/PHASE2-SEARCH-0062_crossref.json","Prospective Workstream C occurrence; raw snapshot: audit/phase2_raw_search_results/C/PHASE2-SEARCH-0062_crossref.json"
"C0424","PHASE2-SEARCH-0062","Crossref","2026-07-31","Asymptotic expansions of the distribution function of the sums of independent identically distributed non-lattice random vectors","A. Bikelis","1970","10.15388/lmj.1970.20915","10.15388/lmj.1970.20915","C-DUP-0400","TITLE_ABSTRACT_EXCLUDED","Not directly relevant to adjacent model-discrimination or decision-theory transfer after title/metadata screening.","LEVEL_3_DISCOVERY_ONLY","","audit/phase2_raw_search_results/C/PHASE2-SEARCH-0062_crossref.json","Prospective Workstream C occurrence; raw snapshot: audit/phase2_raw_search_results/C/PHASE2-SEARCH-0062_crossref.json"
"C0425","PHASE2-SEARCH-0062","Crossref","2026-07-31","Independent Identically Distributed (IID) Random Variables","Konrad Jacobs","1992","10.1007/978-3-0348-8645-1_4","10.1007/978-3-0348-8645-1_4","C-DUP-0401","TITLE_ABSTRACT_EXCLUDED","Not directly relevant to adjacent model-discrimination or decision-theory transfer after title/metadata screening.","LEVEL_3_DISCOVERY_ONLY","","audit/phase2_raw_search_results/C/PHASE2-SEARCH-0062_crossref.json","Prospective Workstream C occurrence; raw snapshot: audit/phase2_raw_search_results/C/PHASE2-SEARCH-0062_crossref.json"
"C0426","PHASE2-SEARCH-0062","Crossref","2026-07-31","Error exponent bounds and practical short-length coding schemes for Distributed Hypothesis Testing (DHT)","Ismaila Salihou Adamou","","10.70675/bf10f0d6z4a2bz460bzbfebz887691e006f6","10.70675/bf10f0d6z4a2bz460bzbfebz887691e006f6","C-DUP-0377","DUPLICATE","Duplicate DOI or normalized title of an earlier Phase 2 record.","LEVEL_3_DISCOVERY_ONLY","","audit/phase2_raw_search_results/C/PHASE2-SEARCH-0062_crossref_retry.json","Prospective Workstream C occurrence; raw snapshot: audit/phase2_raw_search_results/C/PHASE2-SEARCH-0062_crossref_retry.json"
"C0427","PHASE2-SEARCH-0062","Crossref","2026-07-31","On the Optimal Error Exponent of Type-Based Distributed Hypothesis Testing","Xinyi Tong; Xiangxiang Xu; Shao-Lun Huang","2023","10.3390/e25101434","10.3390/e25101434","C-DUP-0389","DUPLICATE","Duplicate DOI or normalized title of an earlier Phase 2 record.","LEVEL_3_DISCOVERY_ONLY","","audit/phase2_raw_search_results/C/PHASE2-SEARCH-0062_crossref_retry.json","Prospective Workstream C occurrence; raw snapshot: audit/phase2_raw_search_results/C/PHASE2-SEARCH-0062_crossref_retry.json"
"C0428","PHASE2-SEARCH-0062","Crossref","2026-07-31","Robust Testing for Independent Non Identically Distributed Variables and Markov Chains","Lucien Birgé","1983","10.1007/978-1-4612-5503-1_9","10.1007/978-1-4612-5503-1_9","C-DUP-0378","DUPLICATE","Duplicate DOI or normalized title of an earlier Phase 2 record.","LEVEL_3_DISCOVERY_ONLY","","audit/phase2_raw_search_results/C/PHASE2-SEARCH-0062_crossref_retry.json","Prospective Workstream C occurrence; raw snapshot: audit/phase2_raw_search_results/C/PHASE2-SEARCH-0062_crossref_retry.json"
"C0429","PHASE2-SEARCH-0062","Crossref","2026-07-31","Optimal Error Exponent of Type-Based Distributed Hypothesis Testing over AWGN Channels","Xinyi Tong; Shao-Lun Huang","2023","10.1109/allerton58177.2023.10313378","10.1109/allerton58177.2023.10313378","C-DUP-0379","DUPLICATE","Duplicate DOI or normalized title of an earlier Phase 2 record.","LEVEL_3_DISCOVERY_ONLY","","audit/phase2_raw_search_results/C/PHASE2-SEARCH-0062_crossref_retry.json","Prospective Workstream C occurrence; raw snapshot: audit/phase2_raw_search_results/C/PHASE2-SEARCH-0062_crossref_retry.json"
"C0430","PHASE2-SEARCH-0062","Crossref","2026-07-31","Error-Exponent of Distributed Hypothesis Testing for Gilbert-Elliot Source Models","Ismaila Salihou Adamou; Elsa Dupraz; Amin Zribi; Tad Matsumoto","2023","10.1109/istc57237.2023.10273559","10.1109/istc57237.2023.10273559","C-DUP-0380","DUPLICATE","Duplicate DOI or normalized title of an earlier Phase 2 record.","LEVEL_3_DISCOVERY_ONLY","","audit/phase2_raw_search_results/C/PHASE2-SEARCH-0062_crossref_retry.json","Prospective Workstream C occurrence; raw snapshot: audit/phase2_raw_search_results/C/PHASE2-SEARCH-0062_crossref_retry.json"
"C0431","PHASE2-SEARCH-0062","Crossref","2026-07-31","Testing hypotheses on independent, not identically distributed models","Wolfgang Wefelmeyer","1987","10.1007/978-94-009-3963-9_20","10.1007/978-94-009-3963-9_20","C-DUP-0381","DUPLICATE","Duplicate DOI or normalized title of an earlier Phase 2 record.","LEVEL_3_DISCOVERY_ONLY","","audit/phase2_raw_search_results/C/PHASE2-SEARCH-0062_crossref_retry.json","Prospective Workstream C occurrence; raw snapshot: audit/phase2_raw_search_results/C/PHASE2-SEARCH-0062_crossref_retry.json"
"C0432","PHASE2-SEARCH-0062","Crossref","2026-07-31","Maxima of independent, non-identically distributed Gaussian vectors","Sebastian Engelke; Zakhar Kabluchko; Martin Schlather","2015","10.3150/13-bej560","10.3150/13-bej560","C-DUP-0382","DUPLICATE","Duplicate DOI or normalized title of an earlier Phase 2 record.","LEVEL_3_DISCOVERY_ONLY","","audit/phase2_raw_search_results/C/PHASE2-SEARCH-0062_crossref_retry.json","Prospective Workstream C occurrence; raw snapshot: audit/phase2_raw_search_results/C/PHASE2-SEARCH-0062_crossref_retry.json"
"C0433","PHASE2-SEARCH-0062","Crossref","2026-07-31","Extensions of error exponent analysis in hypothesis testing","E. Tuncel","2005","10.1109/isit.2005.1523454","10.1109/isit.2005.1523454","C-DUP-0383","DUPLICATE","Duplicate DOI or normalized title of an earlier Phase 2 record.","LEVEL_3_DISCOVERY_ONLY","","audit/phase2_raw_search_results/C/PHASE2-SEARCH-0062_crossref_retry.json","Prospective Workstream C occurrence; raw snapshot: audit/phase2_raw_search_results/C/PHASE2-SEARCH-0062_crossref_retry.json"
"C0434","PHASE2-SEARCH-0062","Crossref","2026-07-31","Robust Estimation in Models for Independent Non-Identically Distributed Data","Rudolf Beran","1982","10.1214/aos/1176345783","10.1214/aos/1176345783","C-DUP-0384","DUPLICATE","Duplicate DOI or normalized title of an earlier Phase 2 record.","LEVEL_3_DISCOVERY_ONLY","","audit/phase2_raw_search_results/C/PHASE2-SEARCH-0062_crossref_retry.json","Prospective Workstream C occurrence; raw snapshot: audit/phase2_raw_search_results/C/PHASE2-SEARCH-0062_crossref_retry.json"
"C0435","PHASE2-SEARCH-0062","Crossref","2026-07-31","Non-asymptotic equipartition properties for independent and identically distributed sources","En-Hui Yang; Jin Meng","2012","10.1109/ita.2012.6181822","10.1109/ita.2012.6181822","C-DUP-0385","DUPLICATE","Duplicate DOI or normalized title of an earlier Phase 2 record.","LEVEL_3_DISCOVERY_ONLY","","audit/phase2_raw_search_results/C/PHASE2-SEARCH-0062_crossref_retry.json","Prospective Workstream C occurrence; raw snapshot: audit/phase2_raw_search_results/C/PHASE2-SEARCH-0062_crossref_retry.json"
"C0436","PHASE2-SEARCH-0062","Crossref","2026-07-31","Asymptotic distribution of independent non identically distributed random vectors given their sum. Functional limit laws for the increments of Lévy processes","Dimbihery Rabenoro","","10.70675/ee22ea3ez985cz46c2zad01zc52f2800b2c5","10.70675/ee22ea3ez985cz46c2zad01zc52f2800b2c5","C-DUP-0388","DUPLICATE","Duplicate DOI or normalized title of an earlier Phase 2 record.","LEVEL_3_DISCOVERY_ONLY","","audit/phase2_raw_search_results/C/PHASE2-SEARCH-0062_crossref_retry.json","Prospective Workstream C occurrence; raw snapshot: audit/phase2_raw_search_results/C/PHASE2-SEARCH-0062_crossref_retry.json"
"C0437","PHASE2-SEARCH-0062","Crossref","2026-07-31","Goal-Oriented Wireless Sensor Networks: Error Exponent and Outage Analyses with Distributed Hypothesis Testing","Fatemeh Khaledian; Reza Asvadi; Ismaila Salihou Adamou; Wensheng Lin; Tad Matsumoto","2026","10.1109/jsen.2026.3668389","10.1109/jsen.2026.3668389","C-DUP-0392","DUPLICATE","Duplicate DOI or normalized title of an earlier Phase 2 record.","LEVEL_3_DISCOVERY_ONLY","","audit/phase2_raw_search_results/C/PHASE2-SEARCH-0062_crossref_retry.json","Prospective Workstream C occurrence; raw snapshot: audit/phase2_raw_search_results/C/PHASE2-SEARCH-0062_crossref_retry.json"
"C0438","PHASE2-SEARCH-0062","Crossref","2026-07-31","On the uniform approximation of distribution functions of sums of independent non-identically distributed random variables","","1987","10.1515/9783112314227-095","10.1515/9783112314227-095","C-DUP-0386","DUPLICATE","Duplicate DOI or normalized title of an earlier Phase 2 record.","LEVEL_3_DISCOVERY_ONLY","","audit/phase2_raw_search_results/C/PHASE2-SEARCH-0062_crossref_retry.json","Prospective Workstream C occurrence; raw snapshot: audit/phase2_raw_search_results/C/PHASE2-SEARCH-0062_crossref_retry.json"
"C0439","PHASE2-SEARCH-0062","Crossref","2026-07-31","A limit theorem of symmetric statistics for non-identically distributed independent random elements","Mustafid","1990","10.32917/hmj/1206454447","10.32917/hmj/1206454447","C-DUP-0387","DUPLICATE","Duplicate DOI or normalized title of an earlier Phase 2 record.","LEVEL_3_DISCOVERY_ONLY","","audit/phase2_raw_search_results/C/PHASE2-SEARCH-0062_crossref_retry.json","Prospective Workstream C occurrence; raw snapshot: audit/phase2_raw_search_results/C/PHASE2-SEARCH-0062_crossref_retry.json"
"C0440","PHASE2-SEARCH-0062","Crossref","2026-07-31","Large Deviations for the Supremum of Partial Sums of Non-Independent and Non-Identically Distributed Random Variables","Xia Wang; Xiaoya Liu","2026","10.3390/math14081322","10.3390/math14081322","C-DUP-0402","TITLE_ABSTRACT_EXCLUDED","Not directly relevant to adjacent model-discrimination or decision-theory transfer after title/metadata screening.","LEVEL_3_DISCOVERY_ONLY","","audit/phase2_raw_search_results/C/PHASE2-SEARCH-0062_crossref_retry.json","Prospective Workstream C occurrence; raw snapshot: audit/phase2_raw_search_results/C/PHASE2-SEARCH-0062_crossref_retry.json"
"C0441","PHASE2-SEARCH-0062","Crossref","2026-07-31","Test Based on Independent, but Non‐identically Distributed Random Variables","Jürg Hüsler","1987","10.1002/bimj.4710290408","10.1002/bimj.4710290408","C-DUP-0394","DUPLICATE","Duplicate DOI or normalized title of an earlier Phase 2 record.","LEVEL_3_DISCOVERY_ONLY","","audit/phase2_raw_search_results/C/PHASE2-SEARCH-0062_crossref_retry.json","Prospective Workstream C occurrence; raw snapshot: audit/phase2_raw_search_results/C/PHASE2-SEARCH-0062_crossref_retry.json"
"C0442","PHASE2-SEARCH-0062","Crossref","2026-07-31","On Supervised Classification of Feature Vectors with Independent and Non-Identically Distributed Elements","Farzad Shahrivari; Nikola Zlatanov","2021","10.3390/e23081045","10.3390/e23081045","C-DUP-0391","DUPLICATE","Duplicate DOI or normalized title of an earlier Phase 2 record.","LEVEL_3_DISCOVERY_ONLY","","audit/phase2_raw_search_results/C/PHASE2-SEARCH-0062_crossref_retry.json","Prospective Workstream C occurrence; raw snapshot: audit/phase2_raw_search_results/C/PHASE2-SEARCH-0062_crossref_retry.json"
"C0443","PHASE2-SEARCH-0062","Crossref","2026-07-31","APPLICATIONS OF INDEPENDENT AND IDENTICALLY DISTRIBUTED (IID) RANDOM PROCESSES IN POLARIMETRY AND CLIMATOLOGY","Dan Kestner","","10.37099/mtu.dc.etdr/1700","10.37099/mtu.dc.etdr/1700","C-DUP-0390","DUPLICATE","Duplicate DOI or normalized title of an earlier Phase 2 record.","LEVEL_3_DISCOVERY_ONLY","","audit/phase2_raw_search_results/C/PHASE2-SEARCH-0062_crossref_retry.json","Prospective Workstream C occurrence; raw snapshot: audit/phase2_raw_search_results/C/PHASE2-SEARCH-0062_crossref_retry.json"
"C0444","PHASE2-SEARCH-0062","Crossref","2026-07-31","Structure learning with independent non-identically distributed data","Robert E. Tillman","2009","10.1145/1553374.1553507","10.1145/1553374.1553507","C-DUP-0393","DUPLICATE","Duplicate DOI or normalized title of an earlier Phase 2 record.","LEVEL_3_DISCOVERY_ONLY","","audit/phase2_raw_search_results/C/PHASE2-SEARCH-0062_crossref_retry.json","Prospective Workstream C occurrence; raw snapshot: audit/phase2_raw_search_results/C/PHASE2-SEARCH-0062_crossref_retry.json"
"C0445","PHASE2-SEARCH-0062","Crossref","2026-07-31","Independent Identically Distributed (IID) Random Variables","Konrad Jacobs","1992","10.1007/978-3-0348-8645-1_4","10.1007/978-3-0348-8645-1_4","C-DUP-0401","DUPLICATE","Duplicate DOI or normalized title of an earlier Phase 2 record.","LEVEL_3_DISCOVERY_ONLY","","audit/phase2_raw_search_results/C/PHASE2-SEARCH-0062_crossref_retry.json","Prospective Workstream C occurrence; raw snapshot: audit/phase2_raw_search_results/C/PHASE2-SEARCH-0062_crossref_retry.json"
"C0446","PHASE2-SEARCH-0062","Crossref","2026-07-31","A Hölderian FCLT for some multiparameter summation process of independent non-identically distributed random variables","Vaidotas Zemlys","2008","10.1214/ejp.v13-590","10.1214/ejp.v13-590","C-DUP-0395","DUPLICATE","Duplicate DOI or normalized title of an earlier Phase 2 record.","LEVEL_3_DISCOVERY_ONLY","","audit/phase2_raw_search_results/C/PHASE2-SEARCH-0062_crossref_retry.json","Prospective Workstream C occurrence; raw snapshot: audit/phase2_raw_search_results/C/PHASE2-SEARCH-0062_crossref_retry.json"
"C0447","PHASE2-SEARCH-0062","Crossref","2026-07-31","ORDER STATISTICS FROM INDEPENDENT NON-IDENTICALLY DISTRIBUTED DISCRETE RAYLEIGH DISTRIBUTION","Jamjoom","2013","10.3844/jmssp.2013.72.76","10.3844/jmssp.2013.72.76","C-DUP-0396","DUPLICATE","Duplicate DOI or normalized title of an earlier Phase 2 record.","LEVEL_3_DISCOVERY_ONLY","","audit/phase2_raw_search_results/C/PHASE2-SEARCH-0062_crossref_retry.json","Prospective Workstream C occurrence; raw snapshot: audit/phase2_raw_search_results/C/PHASE2-SEARCH-0062_crossref_retry.json"
"C0448","PHASE2-SEARCH-0062","Crossref","2026-07-31","Correcting non-independent and non-identically distributed errors with surface codes","Konstantin Tiurev; Peter-Jan H. S. Derks; Joschka Roffe; Jens Eisert; Jan-Michael Reiner","2023","10.22331/q-2023-09-26-1123","10.22331/q-2023-09-26-1123","C-DUP-0403","TITLE_ABSTRACT_EXCLUDED","Not directly relevant to adjacent model-discrimination or decision-theory transfer after title/metadata screening.","LEVEL_3_DISCOVERY_ONLY","","audit/phase2_raw_search_results/C/PHASE2-SEARCH-0062_crossref_retry.json","Prospective Workstream C occurrence; raw snapshot: audit/phase2_raw_search_results/C/PHASE2-SEARCH-0062_crossref_retry.json"
"C0449","PHASE2-SEARCH-0062","Crossref","2026-07-31","Asymptotic expansions of the distribution function of the sums of independent identically distributed non-lattice random vectors","A. Bikelis","1970","10.15388/lmj.1970.20915","10.15388/lmj.1970.20915","C-DUP-0400","DUPLICATE","Duplicate DOI or normalized title of an earlier Phase 2 record.","LEVEL_3_DISCOVERY_ONLY","","audit/phase2_raw_search_results/C/PHASE2-SEARCH-0062_crossref_retry.json","Prospective Workstream C occurrence; raw snapshot: audit/phase2_raw_search_results/C/PHASE2-SEARCH-0062_crossref_retry.json"
"C0450","PHASE2-SEARCH-0062","Crossref","2026-07-31","Distributed radar incoherent fusion method for independent non-identically distributed fluctuating targets","Zihao Zhou; Han Chen; Huageng Liu; Zeyu Ping; Yuanyuan Song","2024","10.1109/icsidp62679.2024.10868151","10.1109/icsidp62679.2024.10868151","C-DUP-0404","TITLE_ABSTRACT_EXCLUDED","Not directly relevant to adjacent model-discrimination or decision-theory transfer after title/metadata screening.","LEVEL_3_DISCOVERY_ONLY","","audit/phase2_raw_search_results/C/PHASE2-SEARCH-0062_crossref_retry.json","Prospective Workstream C occurrence; raw snapshot: audit/phase2_raw_search_results/C/PHASE2-SEARCH-0062_crossref_retry.json"
"C0451","PHASE2-SEARCH-0063","OpenAlex","2026-07-31","Multiple Hypothesis Testing in Microarray Experiments","Sandrine Dudoit; Juliet Popper Shaffer; Jennifer C. Boldrick","2003","10.1214/ss/1056397487","https://openalex.org/W1965138864","C-DUP-0405","TITLE_ABSTRACT_EXCLUDED","Not directly relevant to adjacent model-discrimination or decision-theory transfer after title/metadata screening.","LEVEL_3_DISCOVERY_ONLY","","audit/phase2_raw_search_results/C/PHASE2-SEARCH-0063_openalex.json","Prospective Workstream C occurrence; raw snapshot: audit/phase2_raw_search_results/C/PHASE2-SEARCH-0063_openalex.json"
"C0452","PHASE2-SEARCH-0063","OpenAlex","2026-07-31","limma powers differential expression analyses for RNA-sequencing and microarray studies","Matthew E. Ritchie; Belinda Phipson; Di Wu; Yifang Hu; Charity W. Law; Wei Shi; Gordon K. Smyth","2015","10.1093/nar/gkv007","https://openalex.org/W2146512944","C-DUP-0406","TITLE_ABSTRACT_EXCLUDED","Not directly relevant to adjacent model-discrimination or decision-theory transfer after title/metadata screening.","LEVEL_3_DISCOVERY_ONLY","","audit/phase2_raw_search_results/C/PHASE2-SEARCH-0063_openalex.json","Prospective Workstream C occurrence; raw snapshot: audit/phase2_raw_search_results/C/PHASE2-SEARCH-0063_openalex.json"
"C0453","PHASE2-SEARCH-0063","OpenAlex","2026-07-31","Evaluation of statistical methods for normalization and differential expression in mRNA-Seq experiments","James Bullard; Elizabeth Purdom; Kasper D. Hansen; Sandrine Dudoit","2010","10.1186/1471-2105-11-94","https://openalex.org/W2156631105","C-DUP-0407","TITLE_ABSTRACT_EXCLUDED","Not directly relevant to adjacent model-discrimination or decision-theory transfer after title/metadata screening.","LEVEL_3_DISCOVERY_ONLY","","audit/phase2_raw_search_results/C/PHASE2-SEARCH-0063_openalex.json","Prospective Workstream C occurrence; raw snapshot: audit/phase2_raw_search_results/C/PHASE2-SEARCH-0063_openalex.json"
"C0454","PHASE2-SEARCH-0063","OpenAlex","2026-07-31","A powerful method for pleiotropic analysis under composite null hypothesis identifies novel shared loci between Type 2 Diabetes and Prostate Cancer","Debashree Ray; Nilanjan Chatterjee","2020","10.1371/journal.pgen.1009218","https://openalex.org/W3112344733","C-DUP-0408","TITLE_ABSTRACT_EXCLUDED","Not directly relevant to adjacent model-discrimination or decision-theory transfer after title/metadata screening.","LEVEL_3_DISCOVERY_ONLY","","audit/phase2_raw_search_results/C/PHASE2-SEARCH-0063_openalex.json","Prospective Workstream C occurrence; raw snapshot: audit/phase2_raw_search_results/C/PHASE2-SEARCH-0063_openalex.json"
"C0455","PHASE2-SEARCH-0063","OpenAlex","2026-07-31","Panel cointegration tests of the Fisher effect","Joakim Westerlund","2007","10.1002/jae.967","https://openalex.org/W2025507654","C-DUP-0409","TITLE_ABSTRACT_EXCLUDED","Not directly relevant to adjacent model-discrimination or decision-theory transfer after title/metadata screening.","LEVEL_3_DISCOVERY_ONLY","","audit/phase2_raw_search_results/C/PHASE2-SEARCH-0063_openalex.json","Prospective Workstream C occurrence; raw snapshot: audit/phase2_raw_search_results/C/PHASE2-SEARCH-0063_openalex.json"
"C0456","PHASE2-SEARCH-0063","OpenAlex","2026-07-31","Sensitivity of MRQAP Tests to Collinearity and Autocorrelation Conditions","David Dekker; David Krackhardt; Tom A. B. Snijders","2007","10.1007/s11336-007-9016-1","https://openalex.org/W2096379393","C-DUP-0410","TITLE_ABSTRACT_EXCLUDED","Not directly relevant to adjacent model-discrimination or decision-theory transfer after title/metadata screening.","LEVEL_3_DISCOVERY_ONLY","","audit/phase2_raw_search_results/C/PHASE2-SEARCH-0063_openalex.json","Prospective Workstream C occurrence; raw snapshot: audit/phase2_raw_search_results/C/PHASE2-SEARCH-0063_openalex.json"
"C0457","PHASE2-SEARCH-0063","OpenAlex","2026-07-31","Reporting animal research: Explanation and elaboration for the ARRIVE guidelines 2.0","Nathalie Percie du Sert; Amrita Ahluwalia; Sabina Alam; Marc T. Avey; Monya Baker; William J. Browne; Alejandra Clark; Innes C. Cuthill; Ulrich Dirnagl; Michael Emerson; Paul Garner; Stephen T. Holgate; David W. Howells; Viki Hurst; Natasha A. Karp; Stanley E. Lazic; Katie Lidster; Catriona MacCallum; Malcolm Macleod; Esther J. Pearl; Ole H. Petersen; Frances Rawle; Penny S. Reynolds; Kieron Rooney; Emily S. Sena; Shai D. Silberberg; Thomas Steckler; Hanno Würbel","2020","10.1371/journal.pbio.3000411","https://openalex.org/W3043135743","C-DUP-0330","DUPLICATE","Duplicate DOI or normalized title of an earlier Phase 2 record.","LEVEL_3_DISCOVERY_ONLY","","audit/phase2_raw_search_results/C/PHASE2-SEARCH-0063_openalex.json","Prospective Workstream C occurrence; raw snapshot: audit/phase2_raw_search_results/C/PHASE2-SEARCH-0063_openalex.json"
"C0458","PHASE2-SEARCH-0063","OpenAlex","2026-07-31","A detailed map of Higgs boson interactions by the ATLAS experiment ten years after the discovery","G. Aad; B. Abbott; D. C. Abbott; K. Abeling; S. H. Abidi; A. Aboulhorma; H. Abramowicz; H. Abreu; Y. Abulaiti; A. C. Abusleme Hoffman; B. S. Acharya; B. Achkar; L. Adam; C. Adam Bourdarios; L. Adamczyk; Lukas Adamek; S. V. Addepalli; J. Adelman; A. Adıgüzel; S. Adorni; T. Adye; A. A. Affolder; Y. Afik; M. N. Agaras; J. Agarwala; A. Aggarwal; C. Agheorghiesei; J. A. Aguilar–Saavedra; A. Ahmad; F. Ahmadov; W. S. Ahmed; S. Ahuja; X. Ai; G. Aielli; I. Aizenberg; M. Akbiyik; T. P. A. Åkesson; A. V. Akimov; K. Al Khoury; G. L. Alberghi; J. Albert; P. Albicocco; M. J. Alconada Verzini; S. Alderweireldt; M. Aleksa; I. N. Aleksandrov; C. Alexa; T. Alexopoulos; A. Alfonsi; F. Alfonsi; M. Alhroob; B. Ali; S. Ali; M. Aliev; G. Alimonti; C. Allaire; Benedict Allbrooke; P. P. Allport; A. Aloisio; F. Alonso; C. Alpigiani; Elio Alunno Camelia; M. Alvarez Estevez; M. G. Alviggi; Y. Amaral Coutinho; A. Ambler; C. Amelung; C. G. Ames; D. Amidei; S. P. Amor Dos Santos; S. Amoroso; K. R. Amos; Cherifa Sabrina Amrouche; V. Ananiev; C. Anastopoulos; N. Andari; T. Andeen; J. K. Anders; S. Y. Andrean; Attilio Andreazza; S. Angelidakis; A. Angerami; A. V. Anisenkov; A. Annovi; C. Antel; M. T. Anthony; E. Antipov; M. Antonelli; D. J. A. Antrim; F. Anulli; M. Aoki; J. A. Aparisi Pozo; M. A. Aparo; L. Aperio Bella; C. Appelt; Nordin Aranzabal Barrio; V. Araujo Ferraz; C. Arcangeletti; A. T. H. Arce; E. Arena","2022","10.1038/s41586-022-04893-w","https://openalex.org/W4283796538","C-DUP-0411","TITLE_ABSTRACT_EXCLUDED","Not directly relevant to adjacent model-discrimination or decision-theory transfer after title/metadata screening.","LEVEL_3_DISCOVERY_ONLY","","audit/phase2_raw_search_results/C/PHASE2-SEARCH-0063_openalex.json","Prospective Workstream C occurrence; raw snapshot: audit/phase2_raw_search_results/C/PHASE2-SEARCH-0063_openalex.json"
"C0459","PHASE2-SEARCH-0063","OpenAlex","2026-07-31","Non‐parametric combination and related permutation tests for neuroimaging","Anderson M. Winkler; Matthew Webster; J.C. Brooks; Irene Tracey; Stephen M. Smith; Thomas E. Nichols","2016","10.1002/hbm.23115","https://openalex.org/W2271543205","C-DUP-0412","TITLE_ABSTRACT_EXCLUDED","Not directly relevant to adjacent model-discrimination or decision-theory transfer after title/metadata screening.","LEVEL_3_DISCOVERY_ONLY","","audit/phase2_raw_search_results/C/PHASE2-SEARCH-0063_openalex.json","Prospective Workstream C occurrence; raw snapshot: audit/phase2_raw_search_results/C/PHASE2-SEARCH-0063_openalex.json"
"C0460","PHASE2-SEARCH-0063","OpenAlex","2026-07-31","Asymptotic Tests of Composite Hypotheses","Peter Reinhard Hansen","2003","https://openalex.org/W3123710033","https://openalex.org/W3123710033","C-DUP-0413","TITLE_ABSTRACT_EXCLUDED","Not directly relevant to adjacent model-discrimination or decision-theory transfer after title/metadata screening.","LEVEL_3_DISCOVERY_ONLY","","audit/phase2_raw_search_results/C/PHASE2-SEARCH-0063_openalex.json","Prospective Workstream C occurrence; raw snapshot: audit/phase2_raw_search_results/C/PHASE2-SEARCH-0063_openalex.json"
"C0461","PHASE2-SEARCH-0063","OpenAlex","2026-07-31","The RooStats project","L. Moneta; K. Cranmer; G. Schott; Wouter VERKERKE","2011","10.22323/1.093.0057","https://openalex.org/W2749747231","C-DUP-0414","TITLE_ABSTRACT_EXCLUDED","Not directly relevant to adjacent model-discrimination or decision-theory transfer after title/metadata screening.","LEVEL_3_DISCOVERY_ONLY","","audit/phase2_raw_search_results/C/PHASE2-SEARCH-0063_openalex.json","Prospective Workstream C occurrence; raw snapshot: audit/phase2_raw_search_results/C/PHASE2-SEARCH-0063_openalex.json"
"C0462","PHASE2-SEARCH-0063","OpenAlex","2026-07-31","Pitfalls and Opportunities: What Macroeconomists Should Know about Unit Roots","John Y. Campbell; Pierre Perrón","1991","10.1086/654163","https://openalex.org/W3122245991","C-DUP-0415","TITLE_ABSTRACT_EXCLUDED","Not directly relevant to adjacent model-discrimination or decision-theory transfer after title/metadata screening.","LEVEL_3_DISCOVERY_ONLY","","audit/phase2_raw_search_results/C/PHASE2-SEARCH-0063_openalex.json","Prospective Workstream C occurrence; raw snapshot: audit/phase2_raw_search_results/C/PHASE2-SEARCH-0063_openalex.json"
"C0463","PHASE2-SEARCH-0063","OpenAlex","2026-07-31","Safe testing","Peter Grünwald; Rianne de Heide; Wouter M. Koolen","2024","10.1093/jrsssb/qkae011","https://openalex.org/W4392613287","C-DUP-0102","DUPLICATE","Duplicate DOI or normalized title of an earlier Phase 2 record.","LEVEL_3_DISCOVERY_ONLY","P0043","audit/phase2_raw_search_results/C/PHASE2-SEARCH-0063_openalex.json","Prospective Workstream C occurrence; raw snapshot: audit/phase2_raw_search_results/C/PHASE2-SEARCH-0063_openalex.json"
"C0464","PHASE2-SEARCH-0063","OpenAlex","2026-07-31","Quasi-Experimental Shift-Share Research Designs","Kirill Borusyak; Peter Hull; Xavier Jaravel","2018","10.1093/restud/rdab030","https://openalex.org/W2807611776","C-DUP-0197","DUPLICATE","Duplicate DOI or normalized title of an earlier Phase 2 record.","LEVEL_3_DISCOVERY_ONLY","","audit/phase2_raw_search_results/C/PHASE2-SEARCH-0063_openalex.json","Prospective Workstream C occurrence; raw snapshot: audit/phase2_raw_search_results/C/PHASE2-SEARCH-0063_openalex.json"
"C0465","PHASE2-SEARCH-0063","OpenAlex","2026-07-31","Testing by Betting: A Strategy for Statistical and Scientific Communication","Glenn Shafer","2021","10.1111/rssa.12647","https://openalex.org/W3159808052","C-DUP-0416","TITLE_ABSTRACT_EXCLUDED","Not directly relevant to adjacent model-discrimination or decision-theory transfer after title/metadata screening.","LEVEL_3_DISCOVERY_ONLY","","audit/phase2_raw_search_results/C/PHASE2-SEARCH-0063_openalex.json","Prospective Workstream C occurrence; raw snapshot: audit/phase2_raw_search_results/C/PHASE2-SEARCH-0063_openalex.json"
"C0466","PHASE2-SEARCH-0063","OpenAlex","2026-07-31","Confounding and collinearity in regression analysis: a cautionary tale and an alternative procedure, illustrated by studies of British voting behaviour","Ron Johnston; Kelvyn Jones; David Manley","2017","10.1007/s11135-017-0584-6","https://openalex.org/W2769972173","C-DUP-0417","TITLE_ABSTRACT_EXCLUDED","Not directly relevant to adjacent model-discrimination or decision-theory transfer after title/metadata screening.","LEVEL_3_DISCOVERY_ONLY","","audit/phase2_raw_search_results/C/PHASE2-SEARCH-0063_openalex.json","Prospective Workstream C occurrence; raw snapshot: audit/phase2_raw_search_results/C/PHASE2-SEARCH-0063_openalex.json"
"C0467","PHASE2-SEARCH-0063","OpenAlex","2026-07-31","Factorial Designs, Model Selection, and (Incorrect) Inference in Randomized Experiments","Karthik Muralidharan; Mauricio Romero; Kaspar Wüthrich","2019","10.3386/w26562","https://openalex.org/W2995130372","C-DUP-0418","TITLE_ABSTRACT_EXCLUDED","Not directly relevant to adjacent model-discrimination or decision-theory transfer after title/metadata screening.","LEVEL_3_DISCOVERY_ONLY","","audit/phase2_raw_search_results/C/PHASE2-SEARCH-0063_openalex.json","Prospective Workstream C occurrence; raw snapshot: audit/phase2_raw_search_results/C/PHASE2-SEARCH-0063_openalex.json"
"C0468","PHASE2-SEARCH-0063","OpenAlex","2026-07-31","Bioacoustic Field Research: A Primer to Acoustic Analyses and Playback Experiments With Primates","Julia Fischer; Rahel Noser; Kurt Hammerschmidt","2013","10.1002/ajp.22153","https://openalex.org/W1876949284","C-DUP-0419","TITLE_ABSTRACT_EXCLUDED","Not directly relevant to adjacent model-discrimination or decision-theory transfer after title/metadata screening.","LEVEL_3_DISCOVERY_ONLY","","audit/phase2_raw_search_results/C/PHASE2-SEARCH-0063_openalex.json","Prospective Workstream C occurrence; raw snapshot: audit/phase2_raw_search_results/C/PHASE2-SEARCH-0063_openalex.json"
"C0469","PHASE2-SEARCH-0063","OpenAlex","2026-07-31","Event generators for high-energy physics experiments","J. M. Campbell; M. Diefenthaler; T. J. Hobbs; Stefan Höche; Joshua Isaacson; Felix Kling; S. Mrenna; J. Reuter; Simone Alioli; J. R. Andersen; C. Andreopoulos; Artur M. Ankowski; Elke Aschenauer; A. Ashkenazi; M. D. Baker; J. Barrow; Melissa van Beekveld; Gavin Bewick; S. Bhattacharya; Christian Bierlich; Enrico Bothmann; P. Bredt; A. Broggio; A. G. Buckley; Anja Butter; J. M. Butterworth; E. P. Byrne; C. M. Carloni Calame; Smita Chakraborty; Xuan Chen; Mauro Chiesa; J. T. Childers; Juan Cruz–Martinez; James Currie; Neda Darvishi; M. K. Dasgupta; Ansgar Denner; F. A. Dreyer; S. Dytman; Basem Kamal El-Menoufi; Tim Engel; Silvia Ferrario Ravasio; Daniel G. Figueroa; L. Flower; J. R. Forshaw; Rikkert Frederix; Alex Friedland; Stefano Frixione; H. Gallagher; K. Gallmeister; S. A. Gardiner; R. Gauld; Jonathan R. Gaunt; Alessandro Gavardi; T. Gehrmann; A. Gehrmann–De Ridder; Leif Gellersen; Walter T. Giele; Stefan Gieseke; F. Giuli; E. W. N. Glover; Massimiliano Grazzini; A. Grohsjean; C. Gütschow; K. Hamilton; T. Han; R. Hatcher; G. Heinrich; Ilkka Helenius; O. Hen; Valentin Hirschi; Marius Höfer; Jack Holguin; Alexander Huss; P. Ilten; S. Jadach; A. Jentsch; Stephen Jones; W. Ju; Stefan Kallweit; Alexander Karlberg; T. Katori; Matthias Kerner; C. Kilian; M. M. Kirchgaeßer; S. Klein; Max Knobbe; Claudius Krause; Frank Krauss; Jean-Nicolas Lang; J. -N Lang; G. Lee; S. W. Li; Matthew A. Lim; J. M. Lindert; Daniele Lombardi; Leif Lönnblad; M. Löschner; N. Lurkin; Yang Ma","2024","10.21468/scipostphys.16.5.130","https://openalex.org/W4398781580","C-DUP-0420","TITLE_ABSTRACT_EXCLUDED","Not directly relevant to adjacent model-discrimination or decision-theory transfer after title/metadata screening.","LEVEL_3_DISCOVERY_ONLY","","audit/phase2_raw_search_results/C/PHASE2-SEARCH-0063_openalex.json","Prospective Workstream C occurrence; raw snapshot: audit/phase2_raw_search_results/C/PHASE2-SEARCH-0063_openalex.json"
"C0470","PHASE2-SEARCH-0063","OpenAlex","2026-07-31","Varying demands for cognitive control reveals shared neural processes supporting semantic and episodic memory retrieval","Deniz Vatansever; Jonathan Smallwood; Elizabeth Jefferies","2021","10.1038/s41467-021-22443-2","https://openalex.org/W3151347887","C-DUP-0421","TITLE_ABSTRACT_EXCLUDED","Not directly relevant to adjacent model-discrimination or decision-theory transfer after title/metadata screening.","LEVEL_3_DISCOVERY_ONLY","","audit/phase2_raw_search_results/C/PHASE2-SEARCH-0063_openalex.json","Prospective Workstream C occurrence; raw snapshot: audit/phase2_raw_search_results/C/PHASE2-SEARCH-0063_openalex.json"
"C0471","PHASE2-SEARCH-0063","OpenAlex","2026-07-31","A Powerful Method for Pleiotropic Analysis under Composite Null Hypothesis Identifies Novel Shared Loci Between Type 2 Diabetes and Prostate Cancer","Debashree Ray; Nilanjan Chatterjee","2020","10.1101/2020.04.11.037630","https://openalex.org/W3016234209","C-DUP-0422","TITLE_ABSTRACT_EXCLUDED","Not directly relevant to adjacent model-discrimination or decision-theory transfer after title/metadata screening.","LEVEL_3_DISCOVERY_ONLY","","audit/phase2_raw_search_results/C/PHASE2-SEARCH-0063_openalex.json","Prospective Workstream C occurrence; raw snapshot: audit/phase2_raw_search_results/C/PHASE2-SEARCH-0063_openalex.json"
"C0472","PHASE2-SEARCH-0063","OpenAlex","2026-07-31","Designing and Analyzing Clinical Trials with Composite Outcomes: Consideration of Possible Treatment Differences between the Individual Outcomes","Janice Pogue; P.J. Devereaux; Lehana Thabane; Salim Yusuf","2012","10.1371/journal.pone.0034785","https://openalex.org/W1970357164","C-DUP-0423","TITLE_ABSTRACT_EXCLUDED","Not directly relevant to adjacent model-discrimination or decision-theory transfer after title/metadata screening.","LEVEL_3_DISCOVERY_ONLY","","audit/phase2_raw_search_results/C/PHASE2-SEARCH-0063_openalex.json","Prospective Workstream C occurrence; raw snapshot: audit/phase2_raw_search_results/C/PHASE2-SEARCH-0063_openalex.json"
"C0473","PHASE2-SEARCH-0063","OpenAlex","2026-07-31","The importance of dominance and genotype-by-environment interactions on grain yield variation in a large-scale public cooperative maize experiment","Anna R Rogers; Jeffrey C. Dunne; M. Cinta Romay; Martin Bohn; Edward S. Buckler; Ignacio A. Ciampitti; Jode W. Edwards; David Ertl; Sherry Flint-García; Michael A. Gore; Christopher Graham; Candice N. Hirsch; Elizabeth E. Hood; David C. Hooker; J. Knoll; Elizabeth C. Lee; Aaron J. Lorenz; Jonathan P. Lynch; John McKay; Stephen P. Moose; Seth C. Murray; Rebecca Nelson; Torbert Rocheford; James C. Schnable; Patrick S. Schnable; Rajandeep S. Sekhon; Maninder P. Singh; Margaret E. Smith; Nathan M. Springer; Kurt D. Thelen; Peter R. Thomison; Addie Thompson; Mitch Tuinstra; Jason G. Wallace; Randall J. Wisser; Wenwei Xu; A. R. Gilmour; Shawn M. Kaeppler; Natalia de León; James B. Holland","2021","10.1093/g3journal/jkaa050","https://openalex.org/W3119786698","C-DUP-0424","TITLE_ABSTRACT_EXCLUDED","Not directly relevant to adjacent model-discrimination or decision-theory transfer after title/metadata screening.","LEVEL_3_DISCOVERY_ONLY","","audit/phase2_raw_search_results/C/PHASE2-SEARCH-0063_openalex.json","Prospective Workstream C occurrence; raw snapshot: audit/phase2_raw_search_results/C/PHASE2-SEARCH-0063_openalex.json"
"C0474","PHASE2-SEARCH-0063","OpenAlex","2026-07-31","From Efficient Markets Theory to Behavioral Finance","Robert J. Shiller","2003","10.1257/089533003321164967","https://openalex.org/W2975308768","C-DUP-0425","TITLE_ABSTRACT_EXCLUDED","Not directly relevant to adjacent model-discrimination or decision-theory transfer after title/metadata screening.","LEVEL_3_DISCOVERY_ONLY","","audit/phase2_raw_search_results/C/PHASE2-SEARCH-0063_openalex.json","Prospective Workstream C occurrence; raw snapshot: audit/phase2_raw_search_results/C/PHASE2-SEARCH-0063_openalex.json"
"C0475","PHASE2-SEARCH-0063","OpenAlex","2026-07-31","Reporting animal research: Explanation and Elaboration for the ARRIVE guidelines 2019","Nathalie Percie du Sert; Amrita Ahluwalia; Sabina Alam; Marc T. Avey; Monya Baker; William J. Browne; Alejandra Clark; Innes C. Cuthill; Ulrich Dirnagl; Michael Emerson; Paul Garner; Stephen T. Holgate; David W. Howells; Viki Hurst; Natasha A. Karp; Katie Lidster; Catriona MacCallum; Malcolm Macleod; Esther J. Pearl; Ole H. Petersen; Frances Rawle; Penny S. Reynolds; Kieron Rooney; Emily S. Sena; Shai D. Silberberg; Thomas Steckler; Hanno Würbel","2019","10.1101/703355","https://openalex.org/W2956261120","C-DUP-0426","TITLE_ABSTRACT_EXCLUDED","Not directly relevant to adjacent model-discrimination or decision-theory transfer after title/metadata screening.","LEVEL_3_DISCOVERY_ONLY","","audit/phase2_raw_search_results/C/PHASE2-SEARCH-0063_openalex.json","Prospective Workstream C occurrence; raw snapshot: audit/phase2_raw_search_results/C/PHASE2-SEARCH-0063_openalex.json"
"C0476","PHASE2-SEARCH-0064","Crossref","2026-07-31","Nuisance parameters","","2017","10.1201/9780203738665-7","10.1201/9780203738665-7","C-DUP-0225","DUPLICATE","Duplicate DOI or normalized title of an earlier Phase 2 record.","LEVEL_3_DISCOVERY_ONLY","","audit/phase2_raw_search_results/C/PHASE2-SEARCH-0064_crossref.json","Prospective Workstream C occurrence; raw snapshot: audit/phase2_raw_search_results/C/PHASE2-SEARCH-0064_crossref.json"
"C0477","PHASE2-SEARCH-0064","Crossref","2026-07-31","Likelihood and Nuisance Parameters","Nancy Reid; Cristiano Varin; Grace Y. Yi","2026","10.1201/9780429090936-2","10.1201/9780429090936-2","C-DUP-0427","TITLE_ABSTRACT_INCLUDED","","LEVEL_3_DISCOVERY_ONLY","","audit/phase2_raw_search_results/C/PHASE2-SEARCH-0064_crossref.json","Prospective Workstream C occurrence; raw snapshot: audit/phase2_raw_search_results/C/PHASE2-SEARCH-0064_crossref.json"
"C0478","PHASE2-SEARCH-0064","Crossref","2026-07-31","Dealing with nuisance parameters","Yudi Pawitan","2026","10.1093/oso/9780198950929.003.0010","10.1093/oso/9780198950929.003.0010","C-DUP-0428","TITLE_ABSTRACT_INCLUDED","","LEVEL_3_DISCOVERY_ONLY","","audit/phase2_raw_search_results/C/PHASE2-SEARCH-0064_crossref.json","Prospective Workstream C occurrence; raw snapshot: audit/phase2_raw_search_results/C/PHASE2-SEARCH-0064_crossref.json"
"C0479","PHASE2-SEARCH-0064","Crossref","2026-07-31","Dealing with nuisance parameters","Yudi Pawitan","2001","10.1093/oso/9780198507659.003.0010","10.1093/oso/9780198507659.003.0010","C-DUP-0429","TITLE_ABSTRACT_INCLUDED","","LEVEL_3_DISCOVERY_ONLY","","audit/phase2_raw_search_results/C/PHASE2-SEARCH-0064_crossref.json","Prospective Workstream C occurrence; raw snapshot: audit/phase2_raw_search_results/C/PHASE2-SEARCH-0064_crossref.json"
"C0480","PHASE2-SEARCH-0064","Crossref","2026-07-31","Sensitivity of Rao's score test, the Wald test and the likelihood ratio test to nuisance parameters","Bing Li","2001","10.1016/s0378-3758(00)00345-1","10.1016/s0378-3758(00)00345-1","C-DUP-0430","TITLE_ABSTRACT_INCLUDED","","LEVEL_3_DISCOVERY_ONLY","","audit/phase2_raw_search_results/C/PHASE2-SEARCH-0064_crossref.json","Prospective Workstream C occurrence; raw snapshot: audit/phase2_raw_search_results/C/PHASE2-SEARCH-0064_crossref.json"
"C0481","PHASE2-SEARCH-0064","Crossref","2026-07-31","Estimation in the presence of many nuisance parameters: Composite likelihood and plug-in likelihood","Billy Wu; Qiwei Yao; Shiwu Zhu","2013","10.1016/j.spa.2013.03.017","10.1016/j.spa.2013.03.017","C-DUP-0431","TITLE_ABSTRACT_INCLUDED","","LEVEL_3_DISCOVERY_ONLY","","audit/phase2_raw_search_results/C/PHASE2-SEARCH-0064_crossref.json","Prospective Workstream C occurrence; raw snapshot: audit/phase2_raw_search_results/C/PHASE2-SEARCH-0064_crossref.json"
"C0482","PHASE2-SEARCH-0064","Crossref","2026-07-31","Pure Likelihood Methods and Nuisance Parameters","Charles A. Rohde","2014","10.1007/978-3-319-10461-4_18","10.1007/978-3-319-10461-4_18","C-DUP-0432","TITLE_ABSTRACT_INCLUDED","","LEVEL_3_DISCOVERY_ONLY","","audit/phase2_raw_search_results/C/PHASE2-SEARCH-0064_crossref.json","Prospective Workstream C occurrence; raw snapshot: audit/phase2_raw_search_results/C/PHASE2-SEARCH-0064_crossref.json"
"C0483","PHASE2-SEARCH-0064","Crossref","2026-07-31","On Verifying Composite Hypotheses with Nuisance Parameters in the Multivariate Case","A. V. Bernshtein","1981","10.1137/1125037","10.1137/1125037","C-DUP-0433","TITLE_ABSTRACT_INCLUDED","","LEVEL_3_DISCOVERY_ONLY","","audit/phase2_raw_search_results/C/PHASE2-SEARCH-0064_crossref.json","Prospective Workstream C occurrence; raw snapshot: audit/phase2_raw_search_results/C/PHASE2-SEARCH-0064_crossref.json"
"C0484","PHASE2-SEARCH-0064","Crossref","2026-07-31","Non-informative nuisance parameter principle for weighted likelihood test using adaptive significance levels in count data","Andrés Felipe Flórez Rivera","","10.11606/t.45.2020.tde-19102020-141530","10.11606/t.45.2020.tde-19102020-141530","C-DUP-0434","TITLE_ABSTRACT_EXCLUDED","Not directly relevant to adjacent model-discrimination or decision-theory transfer after title/metadata screening.","LEVEL_3_DISCOVERY_ONLY","","audit/phase2_raw_search_results/C/PHASE2-SEARCH-0064_crossref.json","Prospective Workstream C occurrence; raw snapshot: audit/phase2_raw_search_results/C/PHASE2-SEARCH-0064_crossref.json"
"C0485","PHASE2-SEARCH-0064","Crossref","2026-07-31","The Likelihood Ratio Test for Order Restricted Hypotheses in Non-Inferiority Trials","; Guido Skipka","","10.53846/goediss-3670","10.53846/goediss-3670","C-DUP-0435","TITLE_ABSTRACT_EXCLUDED","Not directly relevant to adjacent model-discrimination or decision-theory transfer after title/metadata screening.","LEVEL_3_DISCOVERY_ONLY","","audit/phase2_raw_search_results/C/PHASE2-SEARCH-0064_crossref.json","Prospective Workstream C occurrence; raw snapshot: audit/phase2_raw_search_results/C/PHASE2-SEARCH-0064_crossref.json"
"C0486","PHASE2-SEARCH-0064","Crossref","2026-07-31","Canonical Likelihoods: A New Likelihood Treatment of Nuisance Parameters","John Hinde; Murray Aitkin","1987","10.2307/2336020","10.2307/2336020","C-DUP-0436","TITLE_ABSTRACT_INCLUDED","","LEVEL_3_DISCOVERY_ONLY","","audit/phase2_raw_search_results/C/PHASE2-SEARCH-0064_crossref.json","Prospective Workstream C occurrence; raw snapshot: audit/phase2_raw_search_results/C/PHASE2-SEARCH-0064_crossref.json"
"C0487","PHASE2-SEARCH-0064","Crossref","2026-07-31","Variational Bayesian Inference for Modelswith Nuisance Parameters and an Intractable Likelihood","Yu-Hsiu Tseng; Minh-Ngoc Tran; Robert Kohn","2024","10.21203/rs.3.rs-4487816/v1","10.21203/rs.3.rs-4487816/v1","C-DUP-0437","TITLE_ABSTRACT_INCLUDED","","LEVEL_3_DISCOVERY_ONLY","","audit/phase2_raw_search_results/C/PHASE2-SEARCH-0064_crossref.json","Prospective Workstream C occurrence; raw snapshot: audit/phase2_raw_search_results/C/PHASE2-SEARCH-0064_crossref.json"
"C0488","PHASE2-SEARCH-0064","Crossref","2026-07-31","Empirical likelihood in the presence of nuisance parameters","N. Lazar","1999","10.1093/biomet/86.1.203","10.1093/biomet/86.1.203","C-DUP-0438","TITLE_ABSTRACT_INCLUDED","","LEVEL_3_DISCOVERY_ONLY","","audit/phase2_raw_search_results/C/PHASE2-SEARCH-0064_crossref.json","Prospective Workstream C occurrence; raw snapshot: audit/phase2_raw_search_results/C/PHASE2-SEARCH-0064_crossref.json"
"C0489","PHASE2-SEARCH-0064","Crossref","2026-07-31","Robust Asymptotic Tests of Statistical Hypotheses Involving Nuisance Parameters","Paul C. C. Wang","1981","10.1214/aos/1176345589","10.1214/aos/1176345589","C-DUP-0439","TITLE_ABSTRACT_INCLUDED","","LEVEL_3_DISCOVERY_ONLY","","audit/phase2_raw_search_results/C/PHASE2-SEARCH-0064_crossref.json","Prospective Workstream C occurrence; raw snapshot: audit/phase2_raw_search_results/C/PHASE2-SEARCH-0064_crossref.json"
"C0490","PHASE2-SEARCH-0064","Crossref","2026-07-31","Elimination of Nuisance Parameters","J. K. Ghosh","1988","10.1007/978-1-4612-3894-2_7","10.1007/978-1-4612-3894-2_7","C-DUP-0440","TITLE_ABSTRACT_INCLUDED","","LEVEL_3_DISCOVERY_ONLY","","audit/phase2_raw_search_results/C/PHASE2-SEARCH-0064_crossref.json","Prospective Workstream C occurrence; raw snapshot: audit/phase2_raw_search_results/C/PHASE2-SEARCH-0064_crossref.json"
"C0491","PHASE2-SEARCH-0064","Crossref","2026-07-31","Integrated likelihood methods for eliminating nuisance parameters","James O. Berger; Brunero Liseo; Robert L. Wolpert","1999","10.1214/ss/1009211804","10.1214/ss/1009211804","C-DUP-0441","TITLE_ABSTRACT_INCLUDED","","LEVEL_3_DISCOVERY_ONLY","","audit/phase2_raw_search_results/C/PHASE2-SEARCH-0064_crossref.json","Prospective Workstream C occurrence; raw snapshot: audit/phase2_raw_search_results/C/PHASE2-SEARCH-0064_crossref.json"
"C0492","PHASE2-SEARCH-0064","Crossref","2026-07-31","Marginal Likelihood-based One-sided LR Test for Testing Higher Order Autocorrelation in Presence of Nuisance Parameters-A Distance Based Approach","Rumana Rois; Tapati Basak; Ajit Kumar Majumder","2012","10.5539/ijsp.v1n2p69","10.5539/ijsp.v1n2p69","C-DUP-0442","TITLE_ABSTRACT_INCLUDED","","LEVEL_3_DISCOVERY_ONLY","","audit/phase2_raw_search_results/C/PHASE2-SEARCH-0064_crossref.json","Prospective Workstream C occurrence; raw snapshot: audit/phase2_raw_search_results/C/PHASE2-SEARCH-0064_crossref.json"
"C0493","PHASE2-SEARCH-0064","Crossref","2026-07-31","Maximum Likelihood in Small Samples: Estimation in the Presence of Nuisance Parameters","D. A. Sprott","1980","10.2307/2335119","10.2307/2335119","C-DUP-0443","TITLE_ABSTRACT_INCLUDED","","LEVEL_3_DISCOVERY_ONLY","","audit/phase2_raw_search_results/C/PHASE2-SEARCH-0064_crossref.json","Prospective Workstream C occurrence; raw snapshot: audit/phase2_raw_search_results/C/PHASE2-SEARCH-0064_crossref.json"
"C0494","PHASE2-SEARCH-0064","Crossref","2026-07-31","Canonical likelihoods: A new likelihood treatment of nuisance parameters","JOHN HINDE; MURRAY AITKIN","1987","10.1093/biomet/74.1.45","10.1093/biomet/74.1.45","C-DUP-0444","TITLE_ABSTRACT_INCLUDED","","LEVEL_3_DISCOVERY_ONLY","","audit/phase2_raw_search_results/C/PHASE2-SEARCH-0064_crossref.json","Prospective Workstream C occurrence; raw snapshot: audit/phase2_raw_search_results/C/PHASE2-SEARCH-0064_crossref.json"
"C0495","PHASE2-SEARCH-0064","Crossref","2026-07-31","Miscellanea. The directed modified profile likelihood in models with many nuisance parameters","N Sartori","1999","10.1093/biomet/86.3.735","10.1093/biomet/86.3.735","C-DUP-0445","TITLE_ABSTRACT_INCLUDED","","LEVEL_3_DISCOVERY_ONLY","","audit/phase2_raw_search_results/C/PHASE2-SEARCH-0064_crossref.json","Prospective Workstream C occurrence; raw snapshot: audit/phase2_raw_search_results/C/PHASE2-SEARCH-0064_crossref.json"
"C0496","PHASE2-SEARCH-0064","Crossref","2026-07-31","THE EFFICIENCY OF EMPIRICAL LIKELIHOOD WITH NUISANCE PARAMETERS","Wang","2014","10.3844/jmssp.2014.125.129","10.3844/jmssp.2014.125.129","C-DUP-0446","TITLE_ABSTRACT_INCLUDED","","LEVEL_3_DISCOVERY_ONLY","","audit/phase2_raw_search_results/C/PHASE2-SEARCH-0064_crossref.json","Prospective Workstream C occurrence; raw snapshot: audit/phase2_raw_search_results/C/PHASE2-SEARCH-0064_crossref.json"
"C0497","PHASE2-SEARCH-0064","Crossref","2026-07-31","A note on maximum likelihood estimators and nuisance parameters","Peter Tan","1974","10.1080/03610927408827198","10.1080/03610927408827198","C-DUP-0447","TITLE_ABSTRACT_INCLUDED","","LEVEL_3_DISCOVERY_ONLY","","audit/phase2_raw_search_results/C/PHASE2-SEARCH-0064_crossref.json","Prospective Workstream C occurrence; raw snapshot: audit/phase2_raw_search_results/C/PHASE2-SEARCH-0064_crossref.json"
"C0498","PHASE2-SEARCH-0064","Crossref","2026-07-31","An Empirical Process P-Value Test When a Nuisance Parameter is Present Under Either or Both Hypotheses","Jonathan B. Hill","2013","10.2139/ssrn.2334406","10.2139/ssrn.2334406","C-DUP-0448","TITLE_ABSTRACT_EXCLUDED","Not directly relevant to adjacent model-discrimination or decision-theory transfer after title/metadata screening.","LEVEL_3_DISCOVERY_ONLY","","audit/phase2_raw_search_results/C/PHASE2-SEARCH-0064_crossref.json","Prospective Workstream C occurrence; raw snapshot: audit/phase2_raw_search_results/C/PHASE2-SEARCH-0064_crossref.json"
"C0499","PHASE2-SEARCH-0064","Crossref","2026-07-31","Double stepwise likelihood ratio test for one-sided composite hypotheses","Dongdong Xiang; Yan Li; Lei Wang; Xiaolong Pu","2016","10.1080/16843703.2016.1208490","10.1080/16843703.2016.1208490","C-DUP-0449","TITLE_ABSTRACT_EXCLUDED","Not directly relevant to adjacent model-discrimination or decision-theory transfer after title/metadata screening.","LEVEL_3_DISCOVERY_ONLY","","audit/phase2_raw_search_results/C/PHASE2-SEARCH-0064_crossref.json","Prospective Workstream C occurrence; raw snapshot: audit/phase2_raw_search_results/C/PHASE2-SEARCH-0064_crossref.json"
"C0500","PHASE2-SEARCH-0064","Crossref","2026-07-31","Maximum likelihood in small samples: Estimation in the presence of nuisance parameters","D. A. SPROTT","1980","10.1093/biomet/67.3.515","10.1093/biomet/67.3.515","C-DUP-0450","TITLE_ABSTRACT_INCLUDED","","LEVEL_3_DISCOVERY_ONLY","","audit/phase2_raw_search_results/C/PHASE2-SEARCH-0064_crossref.json","Prospective Workstream C occurrence; raw snapshot: audit/phase2_raw_search_results/C/PHASE2-SEARCH-0064_crossref.json"
"C0501","PHASE2-SEARCH-0064","Crossref","2026-07-31","Nuisance parameters","","2017","10.1201/9780203738665-7","10.1201/9780203738665-7","C-DUP-0225","DUPLICATE","Duplicate DOI or normalized title of an earlier Phase 2 record.","LEVEL_3_DISCOVERY_ONLY","","audit/phase2_raw_search_results/C/PHASE2-SEARCH-0064_crossref_retry.json","Prospective Workstream C occurrence; raw snapshot: audit/phase2_raw_search_results/C/PHASE2-SEARCH-0064_crossref_retry.json"
"C0502","PHASE2-SEARCH-0064","Crossref","2026-07-31","Likelihood and Nuisance Parameters","Nancy Reid; Cristiano Varin; Grace Y. Yi","2026","10.1201/9780429090936-2","10.1201/9780429090936-2","C-DUP-0427","DUPLICATE","Duplicate DOI or normalized title of an earlier Phase 2 record.","LEVEL_3_DISCOVERY_ONLY","","audit/phase2_raw_search_results/C/PHASE2-SEARCH-0064_crossref_retry.json","Prospective Workstream C occurrence; raw snapshot: audit/phase2_raw_search_results/C/PHASE2-SEARCH-0064_crossref_retry.json"
"C0503","PHASE2-SEARCH-0064","Crossref","2026-07-31","Dealing with nuisance parameters","Yudi Pawitan","2026","10.1093/oso/9780198950929.003.0010","10.1093/oso/9780198950929.003.0010","C-DUP-0428","DUPLICATE","Duplicate DOI or normalized title of an earlier Phase 2 record.","LEVEL_3_DISCOVERY_ONLY","","audit/phase2_raw_search_results/C/PHASE2-SEARCH-0064_crossref_retry.json","Prospective Workstream C occurrence; raw snapshot: audit/phase2_raw_search_results/C/PHASE2-SEARCH-0064_crossref_retry.json"
"C0504","PHASE2-SEARCH-0064","Crossref","2026-07-31","Dealing with nuisance parameters","Yudi Pawitan","2001","10.1093/oso/9780198507659.003.0010","10.1093/oso/9780198507659.003.0010","C-DUP-0429","DUPLICATE","Duplicate DOI or normalized title of an earlier Phase 2 record.","LEVEL_3_DISCOVERY_ONLY","","audit/phase2_raw_search_results/C/PHASE2-SEARCH-0064_crossref_retry.json","Prospective Workstream C occurrence; raw snapshot: audit/phase2_raw_search_results/C/PHASE2-SEARCH-0064_crossref_retry.json"
"C0505","PHASE2-SEARCH-0064","Crossref","2026-07-31","Estimation in the presence of many nuisance parameters: Composite likelihood and plug-in likelihood","Billy Wu; Qiwei Yao; Shiwu Zhu","2013","10.1016/j.spa.2013.03.017","10.1016/j.spa.2013.03.017","C-DUP-0431","DUPLICATE","Duplicate DOI or normalized title of an earlier Phase 2 record.","LEVEL_3_DISCOVERY_ONLY","","audit/phase2_raw_search_results/C/PHASE2-SEARCH-0064_crossref_retry.json","Prospective Workstream C occurrence; raw snapshot: audit/phase2_raw_search_results/C/PHASE2-SEARCH-0064_crossref_retry.json"
"C0506","PHASE2-SEARCH-0064","Crossref","2026-07-31","Sensitivity of Rao's score test, the Wald test and the likelihood ratio test to nuisance parameters","Bing Li","2001","10.1016/s0378-3758(00)00345-1","10.1016/s0378-3758(00)00345-1","C-DUP-0430","DUPLICATE","Duplicate DOI or normalized title of an earlier Phase 2 record.","LEVEL_3_DISCOVERY_ONLY","","audit/phase2_raw_search_results/C/PHASE2-SEARCH-0064_crossref_retry.json","Prospective Workstream C occurrence; raw snapshot: audit/phase2_raw_search_results/C/PHASE2-SEARCH-0064_crossref_retry.json"
"C0507","PHASE2-SEARCH-0064","Crossref","2026-07-31","Pure Likelihood Methods and Nuisance Parameters","Charles A. Rohde","2014","10.1007/978-3-319-10461-4_18","10.1007/978-3-319-10461-4_18","C-DUP-0432","DUPLICATE","Duplicate DOI or normalized title of an earlier Phase 2 record.","LEVEL_3_DISCOVERY_ONLY","","audit/phase2_raw_search_results/C/PHASE2-SEARCH-0064_crossref_retry.json","Prospective Workstream C occurrence; raw snapshot: audit/phase2_raw_search_results/C/PHASE2-SEARCH-0064_crossref_retry.json"
"C0508","PHASE2-SEARCH-0064","Crossref","2026-07-31","On Verifying Composite Hypotheses with Nuisance Parameters in the Multivariate Case","A. V. Bernshtein","1981","10.1137/1125037","10.1137/1125037","C-DUP-0433","DUPLICATE","Duplicate DOI or normalized title of an earlier Phase 2 record.","LEVEL_3_DISCOVERY_ONLY","","audit/phase2_raw_search_results/C/PHASE2-SEARCH-0064_crossref_retry.json","Prospective Workstream C occurrence; raw snapshot: audit/phase2_raw_search_results/C/PHASE2-SEARCH-0064_crossref_retry.json"
"C0509","PHASE2-SEARCH-0064","Crossref","2026-07-31","The Likelihood Ratio Test for Order Restricted Hypotheses in Non-Inferiority Trials","; Guido Skipka","","10.53846/goediss-3670","10.53846/goediss-3670","C-DUP-0435","DUPLICATE","Duplicate DOI or normalized title of an earlier Phase 2 record.","LEVEL_3_DISCOVERY_ONLY","","audit/phase2_raw_search_results/C/PHASE2-SEARCH-0064_crossref_retry.json","Prospective Workstream C occurrence; raw snapshot: audit/phase2_raw_search_results/C/PHASE2-SEARCH-0064_crossref_retry.json"
"C0510","PHASE2-SEARCH-0064","Crossref","2026-07-31","Non-informative nuisance parameter principle for weighted likelihood test using adaptive significance levels in count data","Andrés Felipe Flórez Rivera","","10.11606/t.45.2020.tde-19102020-141530","10.11606/t.45.2020.tde-19102020-141530","C-DUP-0434","DUPLICATE","Duplicate DOI or normalized title of an earlier Phase 2 record.","LEVEL_3_DISCOVERY_ONLY","","audit/phase2_raw_search_results/C/PHASE2-SEARCH-0064_crossref_retry.json","Prospective Workstream C occurrence; raw snapshot: audit/phase2_raw_search_results/C/PHASE2-SEARCH-0064_crossref_retry.json"
"C0511","PHASE2-SEARCH-0064","Crossref","2026-07-31","Canonical Likelihoods: A New Likelihood Treatment of Nuisance Parameters","John Hinde; Murray Aitkin","1987","10.2307/2336020","10.2307/2336020","C-DUP-0436","DUPLICATE","Duplicate DOI or normalized title of an earlier Phase 2 record.","LEVEL_3_DISCOVERY_ONLY","","audit/phase2_raw_search_results/C/PHASE2-SEARCH-0064_crossref_retry.json","Prospective Workstream C occurrence; raw snapshot: audit/phase2_raw_search_results/C/PHASE2-SEARCH-0064_crossref_retry.json"
"C0512","PHASE2-SEARCH-0064","Crossref","2026-07-31","Variational Bayesian Inference for Modelswith Nuisance Parameters and an Intractable Likelihood","Yu-Hsiu Tseng; Minh-Ngoc Tran; Robert Kohn","2024","10.21203/rs.3.rs-4487816/v1","10.21203/rs.3.rs-4487816/v1","C-DUP-0437","DUPLICATE","Duplicate DOI or normalized title of an earlier Phase 2 record.","LEVEL_3_DISCOVERY_ONLY","","audit/phase2_raw_search_results/C/PHASE2-SEARCH-0064_crossref_retry.json","Prospective Workstream C occurrence; raw snapshot: audit/phase2_raw_search_results/C/PHASE2-SEARCH-0064_crossref_retry.json"
"C0513","PHASE2-SEARCH-0064","Crossref","2026-07-31","Empirical likelihood in the presence of nuisance parameters","N. Lazar","1999","10.1093/biomet/86.1.203","10.1093/biomet/86.1.203","C-DUP-0438","DUPLICATE","Duplicate DOI or normalized title of an earlier Phase 2 record.","LEVEL_3_DISCOVERY_ONLY","","audit/phase2_raw_search_results/C/PHASE2-SEARCH-0064_crossref_retry.json","Prospective Workstream C occurrence; raw snapshot: audit/phase2_raw_search_results/C/PHASE2-SEARCH-0064_crossref_retry.json"
"C0514","PHASE2-SEARCH-0064","Crossref","2026-07-31","Elimination of Nuisance Parameters","J. K. Ghosh","1988","10.1007/978-1-4612-3894-2_7","10.1007/978-1-4612-3894-2_7","C-DUP-0440","DUPLICATE","Duplicate DOI or normalized title of an earlier Phase 2 record.","LEVEL_3_DISCOVERY_ONLY","","audit/phase2_raw_search_results/C/PHASE2-SEARCH-0064_crossref_retry.json","Prospective Workstream C occurrence; raw snapshot: audit/phase2_raw_search_results/C/PHASE2-SEARCH-0064_crossref_retry.json"
"C0515","PHASE2-SEARCH-0064","Crossref","2026-07-31","Robust Asymptotic Tests of Statistical Hypotheses Involving Nuisance Parameters","Paul C. C. Wang","1981","10.1214/aos/1176345589","10.1214/aos/1176345589","C-DUP-0439","DUPLICATE","Duplicate DOI or normalized title of an earlier Phase 2 record.","LEVEL_3_DISCOVERY_ONLY","","audit/phase2_raw_search_results/C/PHASE2-SEARCH-0064_crossref_retry.json","Prospective Workstream C occurrence; raw snapshot: audit/phase2_raw_search_results/C/PHASE2-SEARCH-0064_crossref_retry.json"
"C0516","PHASE2-SEARCH-0064","Crossref","2026-07-31","Integrated likelihood methods for eliminating nuisance parameters","James O. Berger; Brunero Liseo; Robert L. Wolpert","1999","10.1214/ss/1009211804","10.1214/ss/1009211804","C-DUP-0441","DUPLICATE","Duplicate DOI or normalized title of an earlier Phase 2 record.","LEVEL_3_DISCOVERY_ONLY","","audit/phase2_raw_search_results/C/PHASE2-SEARCH-0064_crossref_retry.json","Prospective Workstream C occurrence; raw snapshot: audit/phase2_raw_search_results/C/PHASE2-SEARCH-0064_crossref_retry.json"
"C0517","PHASE2-SEARCH-0064","Crossref","2026-07-31","A note on maximum likelihood estimators and nuisance parameters","Peter Tan","1974","10.1080/03610927408827198","10.1080/03610927408827198","C-DUP-0447","DUPLICATE","Duplicate DOI or normalized title of an earlier Phase 2 record.","LEVEL_3_DISCOVERY_ONLY","","audit/phase2_raw_search_results/C/PHASE2-SEARCH-0064_crossref_retry.json","Prospective Workstream C occurrence; raw snapshot: audit/phase2_raw_search_results/C/PHASE2-SEARCH-0064_crossref_retry.json"
"C0518","PHASE2-SEARCH-0064","Crossref","2026-07-31","Maximum Likelihood in Small Samples: Estimation in the Presence of Nuisance Parameters","D. A. Sprott","1980","10.2307/2335119","10.2307/2335119","C-DUP-0443","DUPLICATE","Duplicate DOI or normalized title of an earlier Phase 2 record.","LEVEL_3_DISCOVERY_ONLY","","audit/phase2_raw_search_results/C/PHASE2-SEARCH-0064_crossref_retry.json","Prospective Workstream C occurrence; raw snapshot: audit/phase2_raw_search_results/C/PHASE2-SEARCH-0064_crossref_retry.json"
"C0519","PHASE2-SEARCH-0064","Crossref","2026-07-31","Canonical likelihoods: A new likelihood treatment of nuisance parameters","JOHN HINDE; MURRAY AITKIN","1987","10.1093/biomet/74.1.45","10.1093/biomet/74.1.45","C-DUP-0444","DUPLICATE","Duplicate DOI or normalized title of an earlier Phase 2 record.","LEVEL_3_DISCOVERY_ONLY","","audit/phase2_raw_search_results/C/PHASE2-SEARCH-0064_crossref_retry.json","Prospective Workstream C occurrence; raw snapshot: audit/phase2_raw_search_results/C/PHASE2-SEARCH-0064_crossref_retry.json"
"C0520","PHASE2-SEARCH-0064","Crossref","2026-07-31","Miscellanea. The directed modified profile likelihood in models with many nuisance parameters","N Sartori","1999","10.1093/biomet/86.3.735","10.1093/biomet/86.3.735","C-DUP-0445","DUPLICATE","Duplicate DOI or normalized title of an earlier Phase 2 record.","LEVEL_3_DISCOVERY_ONLY","","audit/phase2_raw_search_results/C/PHASE2-SEARCH-0064_crossref_retry.json","Prospective Workstream C occurrence; raw snapshot: audit/phase2_raw_search_results/C/PHASE2-SEARCH-0064_crossref_retry.json"
"C0521","PHASE2-SEARCH-0064","Crossref","2026-07-31","Marginal Likelihood-based One-sided LR Test for Testing Higher Order Autocorrelation in Presence of Nuisance Parameters-A Distance Based Approach","Rumana Rois; Tapati Basak; Ajit Kumar Majumder","2012","10.5539/ijsp.v1n2p69","10.5539/ijsp.v1n2p69","C-DUP-0442","DUPLICATE","Duplicate DOI or normalized title of an earlier Phase 2 record.","LEVEL_3_DISCOVERY_ONLY","","audit/phase2_raw_search_results/C/PHASE2-SEARCH-0064_crossref_retry.json","Prospective Workstream C occurrence; raw snapshot: audit/phase2_raw_search_results/C/PHASE2-SEARCH-0064_crossref_retry.json"
"C0522","PHASE2-SEARCH-0064","Crossref","2026-07-31","Degenerate‐Generalized Likelihood Ratio Test for One‐Sided Composite Hypotheses","Dongdong Xiang; Xiaolong Pu; Lei Wang; Yan Li","2012","10.1155/2012/538342","10.1155/2012/538342","C-DUP-0451","TITLE_ABSTRACT_EXCLUDED","Not directly relevant to adjacent model-discrimination or decision-theory transfer after title/metadata screening.","LEVEL_3_DISCOVERY_ONLY","","audit/phase2_raw_search_results/C/PHASE2-SEARCH-0064_crossref_retry.json","Prospective Workstream C occurrence; raw snapshot: audit/phase2_raw_search_results/C/PHASE2-SEARCH-0064_crossref_retry.json"
"C0523","PHASE2-SEARCH-0064","Crossref","2026-07-31","Double stepwise likelihood ratio test for one-sided composite hypotheses","Dongdong Xiang; Yan Li; Lei Wang; Xiaolong Pu","2016","10.1080/16843703.2016.1208490","10.1080/16843703.2016.1208490","C-DUP-0449","DUPLICATE","Duplicate DOI or normalized title of an earlier Phase 2 record.","LEVEL_3_DISCOVERY_ONLY","","audit/phase2_raw_search_results/C/PHASE2-SEARCH-0064_crossref_retry.json","Prospective Workstream C occurrence; raw snapshot: audit/phase2_raw_search_results/C/PHASE2-SEARCH-0064_crossref_retry.json"
"C0524","PHASE2-SEARCH-0064","Crossref","2026-07-31","THE EFFICIENCY OF EMPIRICAL LIKELIHOOD WITH NUISANCE PARAMETERS","Wang","2014","10.3844/jmssp.2014.125.129","10.3844/jmssp.2014.125.129","C-DUP-0446","DUPLICATE","Duplicate DOI or normalized title of an earlier Phase 2 record.","LEVEL_3_DISCOVERY_ONLY","","audit/phase2_raw_search_results/C/PHASE2-SEARCH-0064_crossref_retry.json","Prospective Workstream C occurrence; raw snapshot: audit/phase2_raw_search_results/C/PHASE2-SEARCH-0064_crossref_retry.json"
"C0525","PHASE2-SEARCH-0064","Crossref","2026-07-31","Eliminating nuisance parameters: two characterizations","Patrizia Berti; Lorenzo Fattorini; Pietro Rigo","2000","10.1007/bf02595855","10.1007/bf02595855","C-DUP-0452","TITLE_ABSTRACT_INCLUDED","","LEVEL_3_DISCOVERY_ONLY","","audit/phase2_raw_search_results/C/PHASE2-SEARCH-0064_crossref_retry.json","Prospective Workstream C occurrence; raw snapshot: audit/phase2_raw_search_results/C/PHASE2-SEARCH-0064_crossref_retry.json"
"C0526","PHASE2-SEARCH-0065","OpenAlex","2026-07-31","Data-Driven Distributionally Robust Optimization Using the Wasserstein Metric: Performance Guarantees and Tractable Reformulations","Peyman Mohajerin Esfahani; Daniel Kühn","2017","10.1007/s10107-017-1172-1","https://openalex.org/W2963450292","C-DUP-0283","DUPLICATE","Duplicate DOI or normalized title of an earlier Phase 2 record.","LEVEL_3_DISCOVERY_ONLY","","audit/phase2_raw_search_results/C/PHASE2-SEARCH-0065_openalex.json","Prospective Workstream C occurrence; raw snapshot: audit/phase2_raw_search_results/C/PHASE2-SEARCH-0065_openalex.json"
"C0527","PHASE2-SEARCH-0065","OpenAlex","2026-07-31","Data-driven distributionally robust optimization using the Wasserstein metric: performance guarantees and tractable reformulations","Peyman Mohajerin Esfahani; Daniel Kühn","2017","10.1007/s10107-017-1172-1","https://openalex.org/W1712265143","C-DUP-0283","DUPLICATE","Duplicate DOI or normalized title of an earlier Phase 2 record.","LEVEL_3_DISCOVERY_ONLY","","audit/phase2_raw_search_results/C/PHASE2-SEARCH-0065_openalex.json","Prospective Workstream C occurrence; raw snapshot: audit/phase2_raw_search_results/C/PHASE2-SEARCH-0065_openalex.json"
"C0528","PHASE2-SEARCH-0065","OpenAlex","2026-07-31","Frameworks and Results in Distributionally Robust Optimization","Hamed Rahimian; Sanjay Mehrotra","2022","10.5802/ojmo.15","https://openalex.org/W4288066793","C-DUP-0453","TITLE_ABSTRACT_EXCLUDED","Not directly relevant to adjacent model-discrimination or decision-theory transfer after title/metadata screening.","LEVEL_3_DISCOVERY_ONLY","","audit/phase2_raw_search_results/C/PHASE2-SEARCH-0065_openalex.json","Prospective Workstream C occurrence; raw snapshot: audit/phase2_raw_search_results/C/PHASE2-SEARCH-0065_openalex.json"
"C0529","PHASE2-SEARCH-0065","OpenAlex","2026-07-31","Wasserstein discriminant analysis","Rémi Flamary; Marco Cuturi; Nicolas Courty; Alain Rakotomamonjy","2018","10.1007/s10994-018-5717-1","https://openalex.org/W2509351257","C-DUP-0454","TITLE_ABSTRACT_EXCLUDED","Not directly relevant to adjacent model-discrimination or decision-theory transfer after title/metadata screening.","LEVEL_3_DISCOVERY_ONLY","","audit/phase2_raw_search_results/C/PHASE2-SEARCH-0065_openalex.json","Prospective Workstream C occurrence; raw snapshot: audit/phase2_raw_search_results/C/PHASE2-SEARCH-0065_openalex.json"
"C0530","PHASE2-SEARCH-0065","OpenAlex","2026-07-31","Distributionally robust optimization with decision dependent ambiguity sets","Fengqiao Luo; Sanjay Mehrotra","2020","10.1007/s11590-020-01574-3","https://openalex.org/W3015953475","C-DUP-0455","TITLE_ABSTRACT_EXCLUDED","Not directly relevant to adjacent model-discrimination or decision-theory transfer after title/metadata screening.","LEVEL_3_DISCOVERY_ONLY","","audit/phase2_raw_search_results/C/PHASE2-SEARCH-0065_openalex.json","Prospective Workstream C occurrence; raw snapshot: audit/phase2_raw_search_results/C/PHASE2-SEARCH-0065_openalex.json"
"C0531","PHASE2-SEARCH-0065","OpenAlex","2026-07-31","Kernel Mean Embedding of Distributions: A Review and Beyond","Krikamol Muandet; Kenji Fukumizu; Bharath K. Sriperumbudur; Bernhard Schölkopf","2017","10.1561/2200000060","https://openalex.org/W2418306335","C-DUP-0456","TITLE_ABSTRACT_EXCLUDED","Not directly relevant to adjacent model-discrimination or decision-theory transfer after title/metadata screening.","LEVEL_3_DISCOVERY_ONLY","","audit/phase2_raw_search_results/C/PHASE2-SEARCH-0065_openalex.json","Prospective Workstream C occurrence; raw snapshot: audit/phase2_raw_search_results/C/PHASE2-SEARCH-0065_openalex.json"
"C0532","PHASE2-SEARCH-0065","OpenAlex","2026-07-31","Technical Note—Data-Driven Chance Constrained Programs over Wasserstein Balls","Zhi Chen; Daniel Kühn; Wolfram Wiesemann","2022","10.1287/opre.2022.2330","https://openalex.org/W4286494325","C-DUP-0457","TITLE_ABSTRACT_EXCLUDED","Not directly relevant to adjacent model-discrimination or decision-theory transfer after title/metadata screening.","LEVEL_3_DISCOVERY_ONLY","","audit/phase2_raw_search_results/C/PHASE2-SEARCH-0065_openalex.json","Prospective Workstream C occurrence; raw snapshot: audit/phase2_raw_search_results/C/PHASE2-SEARCH-0065_openalex.json"
"C0533","PHASE2-SEARCH-0065","OpenAlex","2026-07-31","Learning models with uniform performance via distributionally robust optimization","John C. Duchi; Hongseok Namkoong","2021","10.1214/20-aos2004","https://openalex.org/W2896534181","C-DUP-0458","TITLE_ABSTRACT_EXCLUDED","Not directly relevant to adjacent model-discrimination or decision-theory transfer after title/metadata screening.","LEVEL_3_DISCOVERY_ONLY","","audit/phase2_raw_search_results/C/PHASE2-SEARCH-0065_openalex.json","Prospective Workstream C occurrence; raw snapshot: audit/phase2_raw_search_results/C/PHASE2-SEARCH-0065_openalex.json"
"C0534","PHASE2-SEARCH-0065","OpenAlex","2026-07-31","Distributionally robust optimization","Daniel Kühn; Soroosh Shafieezadeh-Abadeh; Wolfram Wiesemann","2025","10.1017/s0962492924000084","https://openalex.org/W4411917733","C-DUP-0459","TITLE_ABSTRACT_EXCLUDED","Not directly relevant to adjacent model-discrimination or decision-theory transfer after title/metadata screening.","LEVEL_3_DISCOVERY_ONLY","","audit/phase2_raw_search_results/C/PHASE2-SEARCH-0065_openalex.json","Prospective Workstream C occurrence; raw snapshot: audit/phase2_raw_search_results/C/PHASE2-SEARCH-0065_openalex.json"
"C0535","PHASE2-SEARCH-0065","OpenAlex","2026-07-31","Distributionally Robust Inverse Covariance Estimation: The Wasserstein Shrinkage Estimator","Viet Anh Nguyen; Daniel Kühn; Peyman Mohajerin Esfahani","2021","10.1287/opre.2020.2076","https://openalex.org/W2804111489","C-DUP-0460","TITLE_ABSTRACT_EXCLUDED","Not directly relevant to adjacent model-discrimination or decision-theory transfer after title/metadata screening.","LEVEL_3_DISCOVERY_ONLY","","audit/phase2_raw_search_results/C/PHASE2-SEARCH-0065_openalex.json","Prospective Workstream C occurrence; raw snapshot: audit/phase2_raw_search_results/C/PHASE2-SEARCH-0065_openalex.json"
"C0536","PHASE2-SEARCH-0065","OpenAlex","2026-07-31","Interpolating between Optimal Transport and MMD using Sinkhorn Divergences","Jean Feydy; Thibault Séjourné; Vialard, François-Xavier; Шун-ичи Амари; Alain Trouvé; Gabriel Peyré","2018","10.48550/arxiv.1810.08278","https://openalex.org/W2897105053","C-DUP-0461","TITLE_ABSTRACT_EXCLUDED","Not directly relevant to adjacent model-discrimination or decision-theory transfer after title/metadata screening.","LEVEL_3_DISCOVERY_ONLY","","audit/phase2_raw_search_results/C/PHASE2-SEARCH-0065_openalex.json","Prospective Workstream C occurrence; raw snapshot: audit/phase2_raw_search_results/C/PHASE2-SEARCH-0065_openalex.json"
"C0537","PHASE2-SEARCH-0065","OpenAlex","2026-07-31","Statistics of Robust Optimization: A Generalized Empirical Likelihood Approach","John C. Duchi; Peter W. Glynn; Hongseok Namkoong","2021","10.1287/moor.2020.1085","https://openalex.org/W2531499355","C-DUP-0462","TITLE_ABSTRACT_EXCLUDED","Not directly relevant to adjacent model-discrimination or decision-theory transfer after title/metadata screening.","LEVEL_3_DISCOVERY_ONLY","","audit/phase2_raw_search_results/C/PHASE2-SEARCH-0065_openalex.json","Prospective Workstream C occurrence; raw snapshot: audit/phase2_raw_search_results/C/PHASE2-SEARCH-0065_openalex.json"
"C0538","PHASE2-SEARCH-0065","OpenAlex","2026-07-31","A New Data-Driven Distributionally Robust Portfolio Optimization Method Based on Wasserstein Ambiguity Set","Ningning Du; Yankui Liu; Ying Liu","2020","10.1109/access.2020.3047967","https://openalex.org/W3116590011","C-DUP-0463","TITLE_ABSTRACT_EXCLUDED","Not directly relevant to adjacent model-discrimination or decision-theory transfer after title/metadata screening.","LEVEL_3_DISCOVERY_ONLY","","audit/phase2_raw_search_results/C/PHASE2-SEARCH-0065_openalex.json","Prospective Workstream C occurrence; raw snapshot: audit/phase2_raw_search_results/C/PHASE2-SEARCH-0065_openalex.json"
"C0539","PHASE2-SEARCH-0065","OpenAlex","2026-07-31","Prediction: Coveted, Yet Forsaken? Introducing a Cross‐Validated Predictive Ability Test in Partial Least Squares Path Modeling","Benjamin D. Liengaard; Pratyush Nidhi Sharma; G. Tomas M. Hult; Morten Berg Jensen; Marko Sarstedt; Joseph F. Hair; Christian M. Ringle","2020","10.1111/deci.12445","https://openalex.org/W3028431654","C-DUP-0464","TITLE_ABSTRACT_EXCLUDED","Not directly relevant to adjacent model-discrimination or decision-theory transfer after title/metadata screening.","LEVEL_3_DISCOVERY_ONLY","","audit/phase2_raw_search_results/C/PHASE2-SEARCH-0065_openalex.json","Prospective Workstream C occurrence; raw snapshot: audit/phase2_raw_search_results/C/PHASE2-SEARCH-0065_openalex.json"
"C0540","PHASE2-SEARCH-0065","OpenAlex","2026-07-31","Distributionally Adversarial Attack","Tianhang Zheng; Changyou Chen; Kui Ren","2019","10.1609/aaai.v33i01.33012253","https://openalex.org/W2963516603","C-DUP-0465","TITLE_ABSTRACT_EXCLUDED","Not directly relevant to adjacent model-discrimination or decision-theory transfer after title/metadata screening.","LEVEL_3_DISCOVERY_ONLY","","audit/phase2_raw_search_results/C/PHASE2-SEARCH-0065_openalex.json","Prospective Workstream C occurrence; raw snapshot: audit/phase2_raw_search_results/C/PHASE2-SEARCH-0065_openalex.json"
"C0541","PHASE2-SEARCH-0065","OpenAlex","2026-07-31","Distributionally robust mean-absolute deviation portfolio optimization using wasserstein metric","Dali Chen; Yuwei Wu; Jingquan Li; Xiaohui Ding; Caihua Chen","2022","10.1007/s10898-022-01171-x","https://openalex.org/W4280632101","C-DUP-0466","TITLE_ABSTRACT_EXCLUDED","Not directly relevant to adjacent model-discrimination or decision-theory transfer after title/metadata screening.","LEVEL_3_DISCOVERY_ONLY","","audit/phase2_raw_search_results/C/PHASE2-SEARCH-0065_openalex.json","Prospective Workstream C occurrence; raw snapshot: audit/phase2_raw_search_results/C/PHASE2-SEARCH-0065_openalex.json"
"C0542","PHASE2-SEARCH-0065","OpenAlex","2026-07-31","Minimax confidence intervals for the Sliced Wasserstein distance","Tudor Manole; Sivaraman Balakrishnan; Larry Wasserman","2022","10.1214/22-ejs2001","https://openalex.org/W2974112908","C-DUP-0467","TITLE_ABSTRACT_EXCLUDED","Not directly relevant to adjacent model-discrimination or decision-theory transfer after title/metadata screening.","LEVEL_3_DISCOVERY_ONLY","","audit/phase2_raw_search_results/C/PHASE2-SEARCH-0065_openalex.json","Prospective Workstream C occurrence; raw snapshot: audit/phase2_raw_search_results/C/PHASE2-SEARCH-0065_openalex.json"
"C0543","PHASE2-SEARCH-0065","OpenAlex","2026-07-31","A Review of Domain Adaptation without Target Labels","Wouter M. Kouw; Marco Loog","2019","10.1109/tpami.2019.2945942","https://openalex.org/W2979509742","C-DUP-0468","TITLE_ABSTRACT_EXCLUDED","Not directly relevant to adjacent model-discrimination or decision-theory transfer after title/metadata screening.","LEVEL_3_DISCOVERY_ONLY","","audit/phase2_raw_search_results/C/PHASE2-SEARCH-0065_openalex.json","Prospective Workstream C occurrence; raw snapshot: audit/phase2_raw_search_results/C/PHASE2-SEARCH-0065_openalex.json"
"C0544","PHASE2-SEARCH-0065","OpenAlex","2026-07-31","Prior Distributions for Objective Bayesian Analysis","Guido Consonni; Dimitris Fouskakis; Brunero Liseo; Ioannis Ntzoufras","2018","10.1214/18-ba1103","https://openalex.org/W2798087041","C-DUP-0469","TITLE_ABSTRACT_EXCLUDED","Not directly relevant to adjacent model-discrimination or decision-theory transfer after title/metadata screening.","LEVEL_3_DISCOVERY_ONLY","","audit/phase2_raw_search_results/C/PHASE2-SEARCH-0065_openalex.json","Prospective Workstream C occurrence; raw snapshot: audit/phase2_raw_search_results/C/PHASE2-SEARCH-0065_openalex.json"
"C0545","PHASE2-SEARCH-0065","OpenAlex","2026-07-31","Finite-Sample Guarantees for Wasserstein Distributionally Robust Optimization: Breaking the Curse of Dimensionality","Rui Gao","2020","10.48550/arxiv.2009.04382","https://openalex.org/W4306352818","C-DUP-0470","TITLE_ABSTRACT_EXCLUDED","Not directly relevant to adjacent model-discrimination or decision-theory transfer after title/metadata screening.","LEVEL_3_DISCOVERY_ONLY","","audit/phase2_raw_search_results/C/PHASE2-SEARCH-0065_openalex.json","Prospective Workstream C occurrence; raw snapshot: audit/phase2_raw_search_results/C/PHASE2-SEARCH-0065_openalex.json"
"C0546","PHASE2-SEARCH-0065","OpenAlex","2026-07-31","Bayesian computation: a summary of the current state, and samples backwards and forwards","Peter J. Green; Krzysztof Łatuszyński; Marcelo Pereyra; Christian P. Robert","2015","10.1007/s11222-015-9574-5","https://openalex.org/W639587122","C-DUP-0471","TITLE_ABSTRACT_EXCLUDED","Not directly relevant to adjacent model-discrimination or decision-theory transfer after title/metadata screening.","LEVEL_3_DISCOVERY_ONLY","","audit/phase2_raw_search_results/C/PHASE2-SEARCH-0065_openalex.json","Prospective Workstream C occurrence; raw snapshot: audit/phase2_raw_search_results/C/PHASE2-SEARCH-0065_openalex.json"
"C0547","PHASE2-SEARCH-0065","OpenAlex","2026-07-31","From Data to Decisions: Distributionally Robust Optimization Is Optimal","Bart P. G. Van Parys; Peyman Mohajerin Esfahani; Daniel Kühn","2020","10.1287/mnsc.2020.3678","https://openalex.org/W2606985488","C-DUP-0472","TITLE_ABSTRACT_EXCLUDED","Not directly relevant to adjacent model-discrimination or decision-theory transfer after title/metadata screening.","LEVEL_3_DISCOVERY_ONLY","","audit/phase2_raw_search_results/C/PHASE2-SEARCH-0065_openalex.json","Prospective Workstream C occurrence; raw snapshot: audit/phase2_raw_search_results/C/PHASE2-SEARCH-0065_openalex.json"
"C0548","PHASE2-SEARCH-0065","OpenAlex","2026-07-31","A multistage distributionally robust optimization approach to water allocation under climate uncertainty","Jangho Park; Güzi̇n Bayraksan","2022","10.1016/j.ejor.2022.06.049","https://openalex.org/W3027230906","C-DUP-0473","TITLE_ABSTRACT_EXCLUDED","Not directly relevant to adjacent model-discrimination or decision-theory transfer after title/metadata screening.","LEVEL_3_DISCOVERY_ONLY","","audit/phase2_raw_search_results/C/PHASE2-SEARCH-0065_openalex.json","Prospective Workstream C occurrence; raw snapshot: audit/phase2_raw_search_results/C/PHASE2-SEARCH-0065_openalex.json"
"C0549","PHASE2-SEARCH-0065","OpenAlex","2026-07-31","Safe testing","Peter Grünwald; Rianne de Heide; Wouter M. Koolen","2024","10.1093/jrsssb/qkae011","https://openalex.org/W4392613287","C-DUP-0102","DUPLICATE","Duplicate DOI or normalized title of an earlier Phase 2 record.","LEVEL_3_DISCOVERY_ONLY","P0043","audit/phase2_raw_search_results/C/PHASE2-SEARCH-0065_openalex.json","Prospective Workstream C occurrence; raw snapshot: audit/phase2_raw_search_results/C/PHASE2-SEARCH-0065_openalex.json"
"C0550","PHASE2-SEARCH-0065","OpenAlex","2026-07-31","Inference for Projection-Based Wasserstein Distances on Finite Spaces","Ryo Okano; Masaaki Imaizumi","2022","10.5705/ss.202022.0070","https://openalex.org/W4226114294","C-DUP-0474","TITLE_ABSTRACT_EXCLUDED","Not directly relevant to adjacent model-discrimination or decision-theory transfer after title/metadata screening.","LEVEL_3_DISCOVERY_ONLY","","audit/phase2_raw_search_results/C/PHASE2-SEARCH-0065_openalex.json","Prospective Workstream C occurrence; raw snapshot: audit/phase2_raw_search_results/C/PHASE2-SEARCH-0065_openalex.json"
"C0551","PHASE2-SEARCH-0066","Crossref","2026-07-31","Distributionally Robust Optimization with Decision-Dependent Wasserstein Ambiguity","Qingyu Yang","2026","10.2139/ssrn.6249652","10.2139/ssrn.6249652","C-DUP-0475","TITLE_ABSTRACT_EXCLUDED","Not directly relevant to adjacent model-discrimination or decision-theory transfer after title/metadata screening.","LEVEL_3_DISCOVERY_ONLY","","audit/phase2_raw_search_results/C/PHASE2-SEARCH-0066_crossref.json","Prospective Workstream C occurrence; raw snapshot: audit/phase2_raw_search_results/C/PHASE2-SEARCH-0066_crossref.json"
"C0552","PHASE2-SEARCH-0066","Crossref","2026-07-31","Distributionally Robust Density Control with Wasserstein Ambiguity Sets","Joshua Pilipovsky; Panagiotis Tsiotras","2024","10.1109/cdc56724.2024.10886211","10.1109/cdc56724.2024.10886211","C-DUP-0476","TITLE_ABSTRACT_EXCLUDED","Not directly relevant to adjacent model-discrimination or decision-theory transfer after title/metadata screening.","LEVEL_3_DISCOVERY_ONLY","","audit/phase2_raw_search_results/C/PHASE2-SEARCH-0066_crossref.json","Prospective Workstream C occurrence; raw snapshot: audit/phase2_raw_search_results/C/PHASE2-SEARCH-0066_crossref.json"
"C0553","PHASE2-SEARCH-0066","Crossref","2026-07-31","Minimax Robust Quickest Change Detection using Wasserstein Ambiguity Sets","Liyan Xie","2022","10.1109/isit50566.2022.9834530","10.1109/isit50566.2022.9834530","C-DUP-0477","TITLE_ABSTRACT_EXCLUDED","Not directly relevant to adjacent model-discrimination or decision-theory transfer after title/metadata screening.","LEVEL_3_DISCOVERY_ONLY","","audit/phase2_raw_search_results/C/PHASE2-SEARCH-0066_crossref.json","Prospective Workstream C occurrence; raw snapshot: audit/phase2_raw_search_results/C/PHASE2-SEARCH-0066_crossref.json"
"C0554","PHASE2-SEARCH-0066","Crossref","2026-07-31","Finite-Sample Guarantees for Wasserstein Distributionally Robust Optimization: Breaking the Curse of Dimensionality","Rui Gao","2023","10.1287/opre.2022.2326","10.1287/opre.2022.2326","C-DUP-0478","TITLE_ABSTRACT_EXCLUDED","Not directly relevant to adjacent model-discrimination or decision-theory transfer after title/metadata screening.","LEVEL_3_DISCOVERY_ONLY","","audit/phase2_raw_search_results/C/PHASE2-SEARCH-0066_crossref.json","Prospective Workstream C occurrence; raw snapshot: audit/phase2_raw_search_results/C/PHASE2-SEARCH-0066_crossref.json"
"C0555","PHASE2-SEARCH-0066","Crossref","2026-07-31","Consistency of Distributionally Robust Risk- and Chance-Constrained Optimization under Wasserstein Ambiguity Sets","Ashish Cherukuri; Ashish R. Hota","2021","10.23919/acc50511.2021.9483229","10.23919/acc50511.2021.9483229","C-DUP-0479","TITLE_ABSTRACT_EXCLUDED","Not directly relevant to adjacent model-discrimination or decision-theory transfer after title/metadata screening.","LEVEL_3_DISCOVERY_ONLY","","audit/phase2_raw_search_results/C/PHASE2-SEARCH-0066_crossref.json","Prospective Workstream C occurrence; raw snapshot: audit/phase2_raw_search_results/C/PHASE2-SEARCH-0066_crossref.json"
"C0556","PHASE2-SEARCH-0066","Crossref","2026-07-31","Distributionally Robust GMM Steering Under Wasserstein Ambiguity Sets","Yutang Li; Songzhou Li; Di Zhou; Zhen He","2026","10.1109/lcsys.2026.3657859","10.1109/lcsys.2026.3657859","C-DUP-0480","TITLE_ABSTRACT_EXCLUDED","Not directly relevant to adjacent model-discrimination or decision-theory transfer after title/metadata screening.","LEVEL_3_DISCOVERY_ONLY","","audit/phase2_raw_search_results/C/PHASE2-SEARCH-0066_crossref.json","Prospective Workstream C occurrence; raw snapshot: audit/phase2_raw_search_results/C/PHASE2-SEARCH-0066_crossref.json"
"C0557","PHASE2-SEARCH-0066","Crossref","2026-07-31","Minimax Decentralized Hypothesis Testing","Gökhan Gül","2017","10.1007/978-3-319-49286-5_7","10.1007/978-3-319-49286-5_7","C-DUP-0256","DUPLICATE","Duplicate DOI or normalized title of an earlier Phase 2 record.","LEVEL_3_DISCOVERY_ONLY","","audit/phase2_raw_search_results/C/PHASE2-SEARCH-0066_crossref.json","Prospective Workstream C occurrence; raw snapshot: audit/phase2_raw_search_results/C/PHASE2-SEARCH-0066_crossref.json"
"C0558","PHASE2-SEARCH-0066","Crossref","2026-07-31","Data-driven distributionally robust surgery planning in flexible operating rooms over a Wasserstein ambiguity","Karmel S. Shehadeh","2022","10.1016/j.cor.2022.105927","10.1016/j.cor.2022.105927","C-DUP-0481","TITLE_ABSTRACT_EXCLUDED","Not directly relevant to adjacent model-discrimination or decision-theory transfer after title/metadata screening.","LEVEL_3_DISCOVERY_ONLY","","audit/phase2_raw_search_results/C/PHASE2-SEARCH-0066_crossref.json","Prospective Workstream C occurrence; raw snapshot: audit/phase2_raw_search_results/C/PHASE2-SEARCH-0066_crossref.json"
"C0559","PHASE2-SEARCH-0066","Crossref","2026-07-31","Data-Driven Distributionally Robust Shortest Path Problem Using the Wasserstein Ambiguity Set","Zhuolin Wang; Keyou You; Shiji Song; Chao Shang","2019","10.1109/icca.2019.8899966","10.1109/icca.2019.8899966","C-DUP-0482","TITLE_ABSTRACT_EXCLUDED","Not directly relevant to adjacent model-discrimination or decision-theory transfer after title/metadata screening.","LEVEL_3_DISCOVERY_ONLY","","audit/phase2_raw_search_results/C/PHASE2-SEARCH-0066_crossref.json","Prospective Workstream C occurrence; raw snapshot: audit/phase2_raw_search_results/C/PHASE2-SEARCH-0066_crossref.json"
"C0560","PHASE2-SEARCH-0066","Crossref","2026-07-31","Robust Beamforming via Wasserstein Distance: A Data-Driven Distributionally Robust Framework","Lin Ye; Zhi Zheng","2026","10.31224/6958","10.31224/6958","C-DUP-0483","TITLE_ABSTRACT_EXCLUDED","Not directly relevant to adjacent model-discrimination or decision-theory transfer after title/metadata screening.","LEVEL_3_DISCOVERY_ONLY","","audit/phase2_raw_search_results/C/PHASE2-SEARCH-0066_crossref.json","Prospective Workstream C occurrence; raw snapshot: audit/phase2_raw_search_results/C/PHASE2-SEARCH-0066_crossref.json"
"C0561","PHASE2-SEARCH-0066","Crossref","2026-07-31","DECOMPOSITION METHODS FOR TWO-STAGE DISTRIBUTIONALLY ROBUST OPTIMIZATION PROBLEMS WITH RIGHT-HAND-SIDE UNCERTAINTY UNDER WASSERSTEIN-BASED AMBIGUITY SET","CARLOS ANDRES GAMBOA RODRIGUEZ","2021","10.17771/pucrio.seminarppgep.52664","10.17771/pucrio.seminarppgep.52664","C-DUP-0484","TITLE_ABSTRACT_EXCLUDED","Not directly relevant to adjacent model-discrimination or decision-theory transfer after title/metadata screening.","LEVEL_3_DISCOVERY_ONLY","","audit/phase2_raw_search_results/C/PHASE2-SEARCH-0066_crossref.json","Prospective Workstream C occurrence; raw snapshot: audit/phase2_raw_search_results/C/PHASE2-SEARCH-0066_crossref.json"
"C0562","PHASE2-SEARCH-0066","Crossref","2026-07-31","Wasserstein-Distance Distributionally Robust Optimization","Rui Xie; Wei Wei","2024","10.1007/978-981-97-2566-3_6","10.1007/978-981-97-2566-3_6","C-DUP-0485","TITLE_ABSTRACT_EXCLUDED","Not directly relevant to adjacent model-discrimination or decision-theory transfer after title/metadata screening.","LEVEL_3_DISCOVERY_ONLY","","audit/phase2_raw_search_results/C/PHASE2-SEARCH-0066_crossref.json","Prospective Workstream C occurrence; raw snapshot: audit/phase2_raw_search_results/C/PHASE2-SEARCH-0066_crossref.json"
"C0563","PHASE2-SEARCH-0066","Crossref","2026-07-31","Distributionally robust insurance under the Wasserstein distance","Tim J. Boonen; Wenjun Jiang","2024","10.2139/ssrn.4942336","10.2139/ssrn.4942336","C-DUP-0486","TITLE_ABSTRACT_EXCLUDED","Not directly relevant to adjacent model-discrimination or decision-theory transfer after title/metadata screening.","LEVEL_3_DISCOVERY_ONLY","","audit/phase2_raw_search_results/C/PHASE2-SEARCH-0066_crossref.json","Prospective Workstream C occurrence; raw snapshot: audit/phase2_raw_search_results/C/PHASE2-SEARCH-0066_crossref.json"
"C0564","PHASE2-SEARCH-0066","Crossref","2026-07-31","6. Finite Sample Minimax Theory","","1996","10.1137/1.9781611970036.ch6","10.1137/1.9781611970036.ch6","C-DUP-0487","TITLE_ABSTRACT_EXCLUDED","Not directly relevant to adjacent model-discrimination or decision-theory transfer after title/metadata screening.","LEVEL_3_DISCOVERY_ONLY","","audit/phase2_raw_search_results/C/PHASE2-SEARCH-0066_crossref.json","Prospective Workstream C occurrence; raw snapshot: audit/phase2_raw_search_results/C/PHASE2-SEARCH-0066_crossref.json"
"C0565","PHASE2-SEARCH-0066","Crossref","2026-07-31","Consistency of Distributionally Robust Risk- and Chance-Constrained Optimization Under Wasserstein Ambiguity Sets","Ashish Cherukuri; Ashish R. Hota","2021","10.1109/lcsys.2020.3043228","10.1109/lcsys.2020.3043228","C-DUP-0488","TITLE_ABSTRACT_EXCLUDED","Not directly relevant to adjacent model-discrimination or decision-theory transfer after title/metadata screening.","LEVEL_3_DISCOVERY_ONLY","","audit/phase2_raw_search_results/C/PHASE2-SEARCH-0066_crossref.json","Prospective Workstream C occurrence; raw snapshot: audit/phase2_raw_search_results/C/PHASE2-SEARCH-0066_crossref.json"
"C0566","PHASE2-SEARCH-0066","Crossref","2026-07-31","Computationally Efficient Approximations for Distributionally Robust Optimization Under Moment and Wasserstein Ambiguity","Meysam Cheramin; Jianqiang Cheng; Ruiwei Jiang; Kai Pan","2022","10.1287/ijoc.2021.1123","10.1287/ijoc.2021.1123","C-DUP-0489","TITLE_ABSTRACT_EXCLUDED","Not directly relevant to adjacent model-discrimination or decision-theory transfer after title/metadata screening.","LEVEL_3_DISCOVERY_ONLY","","audit/phase2_raw_search_results/C/PHASE2-SEARCH-0066_crossref.json","Prospective Workstream C occurrence; raw snapshot: audit/phase2_raw_search_results/C/PHASE2-SEARCH-0066_crossref.json"
"C0567","PHASE2-SEARCH-0066","Crossref","2026-07-31","Hypothesis Testing","","2009","10.1017/cbo9780511806957.004","10.1017/cbo9780511806957.004","C-DUP-0490","TITLE_ABSTRACT_EXCLUDED","Not directly relevant to adjacent model-discrimination or decision-theory transfer after title/metadata screening.","LEVEL_3_DISCOVERY_ONLY","","audit/phase2_raw_search_results/C/PHASE2-SEARCH-0066_crossref.json","Prospective Workstream C occurrence; raw snapshot: audit/phase2_raw_search_results/C/PHASE2-SEARCH-0066_crossref.json"
"C0568","PHASE2-SEARCH-0066","Crossref","2026-07-31","Bridging Bayesian and Minimax Mean Square Error Estimation via Wasserstein Distributionally Robust Optimization","Viet Anh Nguyen; Soroosh Shafieezadeh-Abadeh; Daniel Kuhn; Peyman Mohajerin Esfahani","2023","10.1287/moor.2021.1176","10.1287/moor.2021.1176","C-DUP-0491","TITLE_ABSTRACT_EXCLUDED","Not directly relevant to adjacent model-discrimination or decision-theory transfer after title/metadata screening.","LEVEL_3_DISCOVERY_ONLY","","audit/phase2_raw_search_results/C/PHASE2-SEARCH-0066_crossref.json","Prospective Workstream C occurrence; raw snapshot: audit/phase2_raw_search_results/C/PHASE2-SEARCH-0066_crossref.json"
"C0569","PHASE2-SEARCH-0066","Crossref","2026-07-31","Distributionally Robust Dynamic Location-Routing for Construction Waste Recycling: A Wasserstein Distance Approach","Jin Xin Cao","2026","10.2139/ssrn.6175594","10.2139/ssrn.6175594","C-DUP-0492","TITLE_ABSTRACT_EXCLUDED","Not directly relevant to adjacent model-discrimination or decision-theory transfer after title/metadata screening.","LEVEL_3_DISCOVERY_ONLY","","audit/phase2_raw_search_results/C/PHASE2-SEARCH-0066_crossref.json","Prospective Workstream C occurrence; raw snapshot: audit/phase2_raw_search_results/C/PHASE2-SEARCH-0066_crossref.json"
"C0570","PHASE2-SEARCH-0066","Crossref","2026-07-31","Wasserstein Distributionally Robust Sparse Precision Matrix Estimation via Square-root Loss Optimization","Ning Zhang; Yi Zhang","2026","10.2139/ssrn.6881783","10.2139/ssrn.6881783","C-DUP-0493","TITLE_ABSTRACT_EXCLUDED","Not directly relevant to adjacent model-discrimination or decision-theory transfer after title/metadata screening.","LEVEL_3_DISCOVERY_ONLY","","audit/phase2_raw_search_results/C/PHASE2-SEARCH-0066_crossref.json","Prospective Workstream C occurrence; raw snapshot: audit/phase2_raw_search_results/C/PHASE2-SEARCH-0066_crossref.json"
"C0571","PHASE2-SEARCH-0066","Crossref","2026-07-31","Distributionally Robust Mean-Expectile Portfolio Optimization Under Wasserstein Metric","Ruchika Sehgal; Amita Sharma; Renata Mansini; Damiano Rossello","2025","10.2139/ssrn.5367296","10.2139/ssrn.5367296","C-DUP-0494","TITLE_ABSTRACT_EXCLUDED","Not directly relevant to adjacent model-discrimination or decision-theory transfer after title/metadata screening.","LEVEL_3_DISCOVERY_ONLY","","audit/phase2_raw_search_results/C/PHASE2-SEARCH-0066_crossref.json","Prospective Workstream C occurrence; raw snapshot: audit/phase2_raw_search_results/C/PHASE2-SEARCH-0066_crossref.json"
"C0572","PHASE2-SEARCH-0066","Crossref","2026-07-31","Distributionally Robust Optimization under Ambiguity across Two Layers","Yingyin Lu; Qihe Tang","2025","10.2139/ssrn.5413221","10.2139/ssrn.5413221","C-DUP-0495","TITLE_ABSTRACT_EXCLUDED","Not directly relevant to adjacent model-discrimination or decision-theory transfer after title/metadata screening.","LEVEL_3_DISCOVERY_ONLY","","audit/phase2_raw_search_results/C/PHASE2-SEARCH-0066_crossref.json","Prospective Workstream C occurrence; raw snapshot: audit/phase2_raw_search_results/C/PHASE2-SEARCH-0066_crossref.json"
"C0573","PHASE2-SEARCH-0066","Crossref","2026-07-31","Distributionally Robust Tail Bounds Based on Wasserstein Distance and F-Divergence","Corina Birghila; Sebastian Engelke; Maximilian Aigner","2023","10.2139/ssrn.4549722","10.2139/ssrn.4549722","C-DUP-0496","TITLE_ABSTRACT_EXCLUDED","Not directly relevant to adjacent model-discrimination or decision-theory transfer after title/metadata screening.","LEVEL_3_DISCOVERY_ONLY","","audit/phase2_raw_search_results/C/PHASE2-SEARCH-0066_crossref.json","Prospective Workstream C occurrence; raw snapshot: audit/phase2_raw_search_results/C/PHASE2-SEARCH-0066_crossref.json"
"C0574","PHASE2-SEARCH-0066","Crossref","2026-07-31","Distributionally Robust Insurance With the Wasserstein Distance","Tim J. Boonen; Wenjun Jiang","2022","10.2139/ssrn.4310048","10.2139/ssrn.4310048","C-DUP-0497","TITLE_ABSTRACT_EXCLUDED","Not directly relevant to adjacent model-discrimination or decision-theory transfer after title/metadata screening.","LEVEL_3_DISCOVERY_ONLY","","audit/phase2_raw_search_results/C/PHASE2-SEARCH-0066_crossref.json","Prospective Workstream C occurrence; raw snapshot: audit/phase2_raw_search_results/C/PHASE2-SEARCH-0066_crossref.json"
"C0575","PHASE2-SEARCH-0066","Crossref","2026-07-31","CVaR-Based Approximations of Wasserstein Distributionally Robust Chance Constraints with Application to Process Scheduling","","","10.1021/acs.iecr.0c00268.s001","10.1021/acs.iecr.0c00268.s001","C-DUP-0498","TITLE_ABSTRACT_EXCLUDED","Not directly relevant to adjacent model-discrimination or decision-theory transfer after title/metadata screening.","LEVEL_3_DISCOVERY_ONLY","","audit/phase2_raw_search_results/C/PHASE2-SEARCH-0066_crossref.json","Prospective Workstream C occurrence; raw snapshot: audit/phase2_raw_search_results/C/PHASE2-SEARCH-0066_crossref.json"
"C0576","PHASE2-SEARCH-0066","Crossref","2026-07-31","Distributionally Robust Optimization with Decision-Dependent Wasserstein Ambiguity","Qingyu Yang","2026","10.2139/ssrn.6249652","10.2139/ssrn.6249652","C-DUP-0475","DUPLICATE","Duplicate DOI or normalized title of an earlier Phase 2 record.","LEVEL_3_DISCOVERY_ONLY","","audit/phase2_raw_search_results/C/PHASE2-SEARCH-0066_crossref_retry.json","Prospective Workstream C occurrence; raw snapshot: audit/phase2_raw_search_results/C/PHASE2-SEARCH-0066_crossref_retry.json"
"C0577","PHASE2-SEARCH-0066","Crossref","2026-07-31","Finite-Sample Guarantees for Wasserstein Distributionally Robust Optimization: Breaking the Curse of Dimensionality","Rui Gao","2023","10.1287/opre.2022.2326","10.1287/opre.2022.2326","C-DUP-0478","DUPLICATE","Duplicate DOI or normalized title of an earlier Phase 2 record.","LEVEL_3_DISCOVERY_ONLY","","audit/phase2_raw_search_results/C/PHASE2-SEARCH-0066_crossref_retry.json","Prospective Workstream C occurrence; raw snapshot: audit/phase2_raw_search_results/C/PHASE2-SEARCH-0066_crossref_retry.json"
"C0578","PHASE2-SEARCH-0066","Crossref","2026-07-31","Minimax Robust Quickest Change Detection using Wasserstein Ambiguity Sets","Liyan Xie","2022","10.1109/isit50566.2022.9834530","10.1109/isit50566.2022.9834530","C-DUP-0477","DUPLICATE","Duplicate DOI or normalized title of an earlier Phase 2 record.","LEVEL_3_DISCOVERY_ONLY","","audit/phase2_raw_search_results/C/PHASE2-SEARCH-0066_crossref_retry.json","Prospective Workstream C occurrence; raw snapshot: audit/phase2_raw_search_results/C/PHASE2-SEARCH-0066_crossref_retry.json"
"C0579","PHASE2-SEARCH-0066","Crossref","2026-07-31","Distributionally Robust Density Control with Wasserstein Ambiguity Sets","Joshua Pilipovsky; Panagiotis Tsiotras","2024","10.1109/cdc56724.2024.10886211","10.1109/cdc56724.2024.10886211","C-DUP-0476","DUPLICATE","Duplicate DOI or normalized title of an earlier Phase 2 record.","LEVEL_3_DISCOVERY_ONLY","","audit/phase2_raw_search_results/C/PHASE2-SEARCH-0066_crossref_retry.json","Prospective Workstream C occurrence; raw snapshot: audit/phase2_raw_search_results/C/PHASE2-SEARCH-0066_crossref_retry.json"
"C0580","PHASE2-SEARCH-0066","Crossref","2026-07-31","Consistency of Distributionally Robust Risk- and Chance-Constrained Optimization under Wasserstein Ambiguity Sets","Ashish Cherukuri; Ashish R. Hota","2021","10.23919/acc50511.2021.9483229","10.23919/acc50511.2021.9483229","C-DUP-0479","DUPLICATE","Duplicate DOI or normalized title of an earlier Phase 2 record.","LEVEL_3_DISCOVERY_ONLY","","audit/phase2_raw_search_results/C/PHASE2-SEARCH-0066_crossref_retry.json","Prospective Workstream C occurrence; raw snapshot: audit/phase2_raw_search_results/C/PHASE2-SEARCH-0066_crossref_retry.json"
"C0581","PHASE2-SEARCH-0066","Crossref","2026-07-31","A New Data-Driven Distributionally Robust Portfolio Optimization Method Based on Wasserstein Ambiguity Set","Ningning Du; Yankui Liu; Ying Liu","2021","10.1109/access.2020.3047967","10.1109/access.2020.3047967","C-DUP-0463","DUPLICATE","Duplicate DOI or normalized title of an earlier Phase 2 record.","LEVEL_3_DISCOVERY_ONLY","","audit/phase2_raw_search_results/C/PHASE2-SEARCH-0066_crossref_retry.json","Prospective Workstream C occurrence; raw snapshot: audit/phase2_raw_search_results/C/PHASE2-SEARCH-0066_crossref_retry.json"
"C0582","PHASE2-SEARCH-0066","Crossref","2026-07-31","Distributionally Robust GMM Steering Under Wasserstein Ambiguity Sets","Yutang Li; Songzhou Li; Di Zhou; Zhen He","2026","10.1109/lcsys.2026.3657859","10.1109/lcsys.2026.3657859","C-DUP-0480","DUPLICATE","Duplicate DOI or normalized title of an earlier Phase 2 record.","LEVEL_3_DISCOVERY_ONLY","","audit/phase2_raw_search_results/C/PHASE2-SEARCH-0066_crossref_retry.json","Prospective Workstream C occurrence; raw snapshot: audit/phase2_raw_search_results/C/PHASE2-SEARCH-0066_crossref_retry.json"
"C0583","PHASE2-SEARCH-0066","Crossref","2026-07-31","Minimax Decentralized Hypothesis Testing","Gökhan Gül","2017","10.1007/978-3-319-49286-5_7","10.1007/978-3-319-49286-5_7","C-DUP-0256","DUPLICATE","Duplicate DOI or normalized title of an earlier Phase 2 record.","LEVEL_3_DISCOVERY_ONLY","","audit/phase2_raw_search_results/C/PHASE2-SEARCH-0066_crossref_retry.json","Prospective Workstream C occurrence; raw snapshot: audit/phase2_raw_search_results/C/PHASE2-SEARCH-0066_crossref_retry.json"
"C0584","PHASE2-SEARCH-0066","Crossref","2026-07-31","Data-driven distributionally robust surgery planning in flexible operating rooms over a Wasserstein ambiguity","Karmel S. Shehadeh","2022","10.1016/j.cor.2022.105927","10.1016/j.cor.2022.105927","C-DUP-0481","DUPLICATE","Duplicate DOI or normalized title of an earlier Phase 2 record.","LEVEL_3_DISCOVERY_ONLY","","audit/phase2_raw_search_results/C/PHASE2-SEARCH-0066_crossref_retry.json","Prospective Workstream C occurrence; raw snapshot: audit/phase2_raw_search_results/C/PHASE2-SEARCH-0066_crossref_retry.json"
"C0585","PHASE2-SEARCH-0066","Crossref","2026-07-31","6. Finite Sample Minimax Theory","","1996","10.1137/1.9781611970036.ch6","10.1137/1.9781611970036.ch6","C-DUP-0487","DUPLICATE","Duplicate DOI or normalized title of an earlier Phase 2 record.","LEVEL_3_DISCOVERY_ONLY","","audit/phase2_raw_search_results/C/PHASE2-SEARCH-0066_crossref_retry.json","Prospective Workstream C occurrence; raw snapshot: audit/phase2_raw_search_results/C/PHASE2-SEARCH-0066_crossref_retry.json"
"C0586","PHASE2-SEARCH-0066","Crossref","2026-07-31","Consistency of Distributionally Robust Risk- and Chance-Constrained Optimization Under Wasserstein Ambiguity Sets","Ashish Cherukuri; Ashish R. Hota","2021","10.1109/lcsys.2020.3043228","10.1109/lcsys.2020.3043228","C-DUP-0488","DUPLICATE","Duplicate DOI or normalized title of an earlier Phase 2 record.","LEVEL_3_DISCOVERY_ONLY","","audit/phase2_raw_search_results/C/PHASE2-SEARCH-0066_crossref_retry.json","Prospective Workstream C occurrence; raw snapshot: audit/phase2_raw_search_results/C/PHASE2-SEARCH-0066_crossref_retry.json"
"C0587","PHASE2-SEARCH-0066","Crossref","2026-07-31","Data-Driven Distributionally Robust Optimal Power Flow for Distribution Grids Under Wasserstein Ambiguity Sets","Fangzhou Liu; Jincheng Huo; Fengfeng Liu; Dongliang Li; Dong Xue","2025","10.3390/electronics14040822","10.3390/electronics14040822","C-DUP-0499","TITLE_ABSTRACT_EXCLUDED","Not directly relevant to adjacent model-discrimination or decision-theory transfer after title/metadata screening.","LEVEL_3_DISCOVERY_ONLY","","audit/phase2_raw_search_results/C/PHASE2-SEARCH-0066_crossref_retry.json","Prospective Workstream C occurrence; raw snapshot: audit/phase2_raw_search_results/C/PHASE2-SEARCH-0066_crossref_retry.json"
"C0588","PHASE2-SEARCH-0066","Crossref","2026-07-31","Robust Beamforming via Wasserstein Distance: A Data-Driven Distributionally Robust Framework","Lin Ye; Zhi Zheng","2026","10.31224/6958","10.31224/6958","C-DUP-0483","DUPLICATE","Duplicate DOI or normalized title of an earlier Phase 2 record.","LEVEL_3_DISCOVERY_ONLY","","audit/phase2_raw_search_results/C/PHASE2-SEARCH-0066_crossref_retry.json","Prospective Workstream C occurrence; raw snapshot: audit/phase2_raw_search_results/C/PHASE2-SEARCH-0066_crossref_retry.json"
"C0589","PHASE2-SEARCH-0066","Crossref","2026-07-31","Data-Driven Distributionally Robust Shortest Path Problem Using the Wasserstein Ambiguity Set","Zhuolin Wang; Keyou You; Shiji Song; Chao Shang","2019","10.1109/icca.2019.8899966","10.1109/icca.2019.8899966","C-DUP-0482","DUPLICATE","Duplicate DOI or normalized title of an earlier Phase 2 record.","LEVEL_3_DISCOVERY_ONLY","","audit/phase2_raw_search_results/C/PHASE2-SEARCH-0066_crossref_retry.json","Prospective Workstream C occurrence; raw snapshot: audit/phase2_raw_search_results/C/PHASE2-SEARCH-0066_crossref_retry.json"
"C0590","PHASE2-SEARCH-0066","Crossref","2026-07-31","Wasserstein-Distance Distributionally Robust Optimization","Rui Xie; Wei Wei","2024","10.1007/978-981-97-2566-3_6","10.1007/978-981-97-2566-3_6","C-DUP-0485","DUPLICATE","Duplicate DOI or normalized title of an earlier Phase 2 record.","LEVEL_3_DISCOVERY_ONLY","","audit/phase2_raw_search_results/C/PHASE2-SEARCH-0066_crossref_retry.json","Prospective Workstream C occurrence; raw snapshot: audit/phase2_raw_search_results/C/PHASE2-SEARCH-0066_crossref_retry.json"
"C0591","PHASE2-SEARCH-0066","Crossref","2026-07-31","CVaR-Based Approximations of Wasserstein Distributionally Robust Chance Constraints with Application to Process Scheduling","","","10.1021/acs.iecr.0c00268.s001","10.1021/acs.iecr.0c00268.s001","C-DUP-0498","DUPLICATE","Duplicate DOI or normalized title of an earlier Phase 2 record.","LEVEL_3_DISCOVERY_ONLY","","audit/phase2_raw_search_results/C/PHASE2-SEARCH-0066_crossref_retry.json","Prospective Workstream C occurrence; raw snapshot: audit/phase2_raw_search_results/C/PHASE2-SEARCH-0066_crossref_retry.json"
"C0592","PHASE2-SEARCH-0066","Crossref","2026-07-31","DECOMPOSITION METHODS FOR TWO-STAGE DISTRIBUTIONALLY ROBUST OPTIMIZATION PROBLEMS WITH RIGHT-HAND-SIDE UNCERTAINTY UNDER WASSERSTEIN-BASED AMBIGUITY SET","CARLOS ANDRES GAMBOA RODRIGUEZ","2021","10.17771/pucrio.seminarppgep.52664","10.17771/pucrio.seminarppgep.52664","C-DUP-0484","DUPLICATE","Duplicate DOI or normalized title of an earlier Phase 2 record.","LEVEL_3_DISCOVERY_ONLY","","audit/phase2_raw_search_results/C/PHASE2-SEARCH-0066_crossref_retry.json","Prospective Workstream C occurrence; raw snapshot: audit/phase2_raw_search_results/C/PHASE2-SEARCH-0066_crossref_retry.json"
"C0593","PHASE2-SEARCH-0066","Crossref","2026-07-31","Distributionally robust insurance under the Wasserstein distance","Tim J. Boonen; Wenjun Jiang","2024","10.2139/ssrn.4942336","10.2139/ssrn.4942336","C-DUP-0486","DUPLICATE","Duplicate DOI or normalized title of an earlier Phase 2 record.","LEVEL_3_DISCOVERY_ONLY","","audit/phase2_raw_search_results/C/PHASE2-SEARCH-0066_crossref_retry.json","Prospective Workstream C occurrence; raw snapshot: audit/phase2_raw_search_results/C/PHASE2-SEARCH-0066_crossref_retry.json"
"C0594","PHASE2-SEARCH-0066","Crossref","2026-07-31","Bridging Bayesian and Minimax Mean Square Error Estimation via Wasserstein Distributionally Robust Optimization","Viet Anh Nguyen; Soroosh Shafieezadeh-Abadeh; Daniel Kuhn; Peyman Mohajerin Esfahani","2023","10.1287/moor.2021.1176","10.1287/moor.2021.1176","C-DUP-0491","DUPLICATE","Duplicate DOI or normalized title of an earlier Phase 2 record.","LEVEL_3_DISCOVERY_ONLY","","audit/phase2_raw_search_results/C/PHASE2-SEARCH-0066_crossref_retry.json","Prospective Workstream C occurrence; raw snapshot: audit/phase2_raw_search_results/C/PHASE2-SEARCH-0066_crossref_retry.json"
"C0595","PHASE2-SEARCH-0066","Crossref","2026-07-31","Hypothesis Testing","","2009","10.1017/cbo9780511806957.004","10.1017/cbo9780511806957.004","C-DUP-0490","DUPLICATE","Duplicate DOI or normalized title of an earlier Phase 2 record.","LEVEL_3_DISCOVERY_ONLY","","audit/phase2_raw_search_results/C/PHASE2-SEARCH-0066_crossref_retry.json","Prospective Workstream C occurrence; raw snapshot: audit/phase2_raw_search_results/C/PHASE2-SEARCH-0066_crossref_retry.json"
"C0596","PHASE2-SEARCH-0066","Crossref","2026-07-31","Computationally Efficient Approximations for Distributionally Robust Optimization Under Moment and Wasserstein Ambiguity","Meysam Cheramin; Jianqiang Cheng; Ruiwei Jiang; Kai Pan","2022","10.1287/ijoc.2021.1123","10.1287/ijoc.2021.1123","C-DUP-0489","DUPLICATE","Duplicate DOI or normalized title of an earlier Phase 2 record.","LEVEL_3_DISCOVERY_ONLY","","audit/phase2_raw_search_results/C/PHASE2-SEARCH-0066_crossref_retry.json","Prospective Workstream C occurrence; raw snapshot: audit/phase2_raw_search_results/C/PHASE2-SEARCH-0066_crossref_retry.json"
"C0597","PHASE2-SEARCH-0066","Crossref","2026-07-31","Distributionally robust chance-constrained programs with right-hand side uncertainty under Wasserstein ambiguity","Nam Ho-Nguyen; Fatma Kılınç-Karzan; Simge Küçükyavuz; Dabeen Lee","2021","10.1007/s10107-020-01605-y","10.1007/s10107-020-01605-y","C-DUP-0500","TITLE_ABSTRACT_EXCLUDED","Not directly relevant to adjacent model-discrimination or decision-theory transfer after title/metadata screening.","LEVEL_3_DISCOVERY_ONLY","","audit/phase2_raw_search_results/C/PHASE2-SEARCH-0066_crossref_retry.json","Prospective Workstream C occurrence; raw snapshot: audit/phase2_raw_search_results/C/PHASE2-SEARCH-0066_crossref_retry.json"
"C0598","PHASE2-SEARCH-0066","Crossref","2026-07-31","Distributionally Robust Dynamic Location-Routing for Construction Waste Recycling: A Wasserstein Distance Approach","Jin Xin Cao","2026","10.2139/ssrn.6175594","10.2139/ssrn.6175594","C-DUP-0492","DUPLICATE","Duplicate DOI or normalized title of an earlier Phase 2 record.","LEVEL_3_DISCOVERY_ONLY","","audit/phase2_raw_search_results/C/PHASE2-SEARCH-0066_crossref_retry.json","Prospective Workstream C occurrence; raw snapshot: audit/phase2_raw_search_results/C/PHASE2-SEARCH-0066_crossref_retry.json"
"C0599","PHASE2-SEARCH-0066","Crossref","2026-07-31","Wasserstein Distributionally Robust Sparse Precision Matrix Estimation via Square-root Loss Optimization","Ning Zhang; Yi Zhang","2026","10.2139/ssrn.6881783","10.2139/ssrn.6881783","C-DUP-0493","DUPLICATE","Duplicate DOI or normalized title of an earlier Phase 2 record.","LEVEL_3_DISCOVERY_ONLY","","audit/phase2_raw_search_results/C/PHASE2-SEARCH-0066_crossref_retry.json","Prospective Workstream C occurrence; raw snapshot: audit/phase2_raw_search_results/C/PHASE2-SEARCH-0066_crossref_retry.json"
"C0600","PHASE2-SEARCH-0066","Crossref","2026-07-31","Distributionally Robust Optimization under Ambiguity across Two Layers","Yingyin Lu; Qihe Tang","2025","10.2139/ssrn.5413221","10.2139/ssrn.5413221","C-DUP-0495","DUPLICATE","Duplicate DOI or normalized title of an earlier Phase 2 record.","LEVEL_3_DISCOVERY_ONLY","","audit/phase2_raw_search_results/C/PHASE2-SEARCH-0066_crossref_retry.json","Prospective Workstream C occurrence; raw snapshot: audit/phase2_raw_search_results/C/PHASE2-SEARCH-0066_crossref_retry.json"
"C0601","PHASE2-SEARCH-0067","OpenAlex","2026-07-31","Reasoning Foundations of Medical Diagnosis","Robert S. Ledley; Lee B. Lusted","1959","10.1126/science.130.3366.9","https://openalex.org/W1968181674","C-DUP-0501","TITLE_ABSTRACT_EXCLUDED","Not directly relevant to adjacent model-discrimination or decision-theory transfer after title/metadata screening.","LEVEL_3_DISCOVERY_ONLY","","audit/phase2_raw_search_results/C/PHASE2-SEARCH-0067_backward_openalex.json","Prospective Workstream C occurrence; raw snapshot: audit/phase2_raw_search_results/C/PHASE2-SEARCH-0067_backward_openalex.json"
"C0602","PHASE2-SEARCH-0067","OpenAlex","2026-07-31","Medical Diagnostic Decision Support Systems--Past, Present, And Future: A Threaded Bibliography and Brief Commentary","Randolph A. Miller","1994","10.1136/jamia.1994.95236141","https://openalex.org/W2180456856","C-DUP-0502","TITLE_ABSTRACT_EXCLUDED","Not directly relevant to adjacent model-discrimination or decision-theory transfer after title/metadata screening.","LEVEL_3_DISCOVERY_ONLY","","audit/phase2_raw_search_results/C/PHASE2-SEARCH-0067_backward_openalex.json","Prospective Workstream C occurrence; raw snapshot: audit/phase2_raw_search_results/C/PHASE2-SEARCH-0067_backward_openalex.json"
"C0603","PHASE2-SEARCH-0067","OpenAlex","2026-07-31","Discrimination Among Mechanistic Models","George E. P. Box; William J. Hill","1967","10.1080/00401706.1967.10490441","https://openalex.org/W2016950925","C-DUP-0503","TITLE_ABSTRACT_EXCLUDED","Not directly relevant to adjacent model-discrimination or decision-theory transfer after title/metadata screening.","LEVEL_3_DISCOVERY_ONLY","","audit/phase2_raw_search_results/C/PHASE2-SEARCH-0067_backward_openalex.json","Prospective Workstream C occurrence; raw snapshot: audit/phase2_raw_search_results/C/PHASE2-SEARCH-0067_backward_openalex.json"
"C0604","PHASE2-SEARCH-0067","OpenAlex","2026-07-31","Sequential Design of Experiments","Herman Chernoff","1959","10.1214/aoms/1177706205","https://openalex.org/W4232896127","C-DUP-0162","DUPLICATE","Duplicate DOI or normalized title of an earlier Phase 2 record.","LEVEL_3_DISCOVERY_ONLY","","audit/phase2_raw_search_results/C/PHASE2-SEARCH-0067_backward_openalex.json","Prospective Workstream C occurrence; raw snapshot: audit/phase2_raw_search_results/C/PHASE2-SEARCH-0067_backward_openalex.json"
"C0605","PHASE2-SEARCH-0067","OpenAlex","2026-07-31","Decision theory in expert systems and artificial intelligence","Eric Horvitz; John S. Breese; Max Henrion","1988","10.1016/0888-613x(88)90120-x","https://openalex.org/W1967361629","C-DUP-0504","TITLE_ABSTRACT_EXCLUDED","Not directly relevant to adjacent model-discrimination or decision-theory transfer after title/metadata screening.","LEVEL_3_DISCOVERY_ONLY","","audit/phase2_raw_search_results/C/PHASE2-SEARCH-0067_backward_openalex.json","Prospective Workstream C occurrence; raw snapshot: audit/phase2_raw_search_results/C/PHASE2-SEARCH-0067_backward_openalex.json"
"C0606","PHASE2-SEARCH-0067","OpenAlex","2026-07-31","Sequential Design of Experiments","Herman Chernoff","1992","10.1007/978-1-4612-4380-9_27","https://openalex.org/W2170341113","C-DUP-0161","DUPLICATE","Duplicate DOI or normalized title of an earlier Phase 2 record.","LEVEL_3_DISCOVERY_ONLY","","audit/phase2_raw_search_results/C/PHASE2-SEARCH-0067_backward_openalex.json","Prospective Workstream C occurrence; raw snapshot: audit/phase2_raw_search_results/C/PHASE2-SEARCH-0067_backward_openalex.json"
"C0607","PHASE2-SEARCH-0067","OpenAlex","2026-07-31","Clinical Decision Support Systems","Eta S. Berner","2007","10.1007/978-0-387-38319-4","https://openalex.org/W2296060127","C-DUP-0505","TITLE_ABSTRACT_EXCLUDED","Not directly relevant to adjacent model-discrimination or decision-theory transfer after title/metadata screening.","LEVEL_3_DISCOVERY_ONLY","","audit/phase2_raw_search_results/C/PHASE2-SEARCH-0067_backward_openalex.json","Prospective Workstream C occurrence; raw snapshot: audit/phase2_raw_search_results/C/PHASE2-SEARCH-0067_backward_openalex.json"
"C0608","PHASE2-SEARCH-0067","OpenAlex","2026-07-31","Active sequential hypothesis testing","Mohammad Naghshvar; Tara Javidi","2013","10.1214/13-aos1144","https://openalex.org/W1990503235","C-DUP-0506","TITLE_ABSTRACT_INCLUDED","","LEVEL_3_DISCOVERY_ONLY","","audit/phase2_raw_search_results/C/PHASE2-SEARCH-0067_backward_openalex.json","Prospective Workstream C occurrence; raw snapshot: audit/phase2_raw_search_results/C/PHASE2-SEARCH-0067_backward_openalex.json"
"C0609","PHASE2-SEARCH-0067","OpenAlex","2026-07-31","Controlled Sensing for Multihypothesis Testing","Sirin Nitinawarat; George Atia; Venugopal V. Veeravalli","2013","10.1109/tac.2013.2261188","https://openalex.org/W2045030310","C-DUP-0507","TITLE_ABSTRACT_INCLUDED","","LEVEL_3_DISCOVERY_ONLY","","audit/phase2_raw_search_results/C/PHASE2-SEARCH-0067_backward_openalex.json","Prospective Workstream C occurrence; raw snapshot: audit/phase2_raw_search_results/C/PHASE2-SEARCH-0067_backward_openalex.json"
"C0610","PHASE2-SEARCH-0067","OpenAlex","2026-07-31","Bounds on the Lambert Function and Their Application to the Outage Analysis of User Cooperation","Ioannis Chatzigeorgiou","2013","10.1109/lcomm.2013.070113.130972","https://openalex.org/W2156844769","C-DUP-0508","TITLE_ABSTRACT_EXCLUDED","Not directly relevant to adjacent model-discrimination or decision-theory transfer after title/metadata screening.","LEVEL_3_DISCOVERY_ONLY","","audit/phase2_raw_search_results/C/PHASE2-SEARCH-0067_backward_openalex.json","Prospective Workstream C occurrence; raw snapshot: audit/phase2_raw_search_results/C/PHASE2-SEARCH-0067_backward_openalex.json"
"C0611","PHASE2-SEARCH-0067","OpenAlex","2026-07-31","Active Hypothesis Testing for Anomaly Detection","Kobi Cohen; Qing Zhao","2015","10.1109/tit.2014.2387857","https://openalex.org/W1978470213","C-DUP-0509","TITLE_ABSTRACT_INCLUDED","","LEVEL_3_DISCOVERY_ONLY","","audit/phase2_raw_search_results/C/PHASE2-SEARCH-0067_backward_openalex.json","Prospective Workstream C occurrence; raw snapshot: audit/phase2_raw_search_results/C/PHASE2-SEARCH-0067_backward_openalex.json"
"C0612","PHASE2-SEARCH-0067","OpenAlex","2026-07-31","Lipschitz Bandits: Regret Lower Bound and Optimal Algorithms","Stefan Magureanu; Richard Combes; Alexandre Proutière","2014","https://openalex.org/W2028404160","https://openalex.org/W2028404160","C-DUP-0510","TITLE_ABSTRACT_EXCLUDED","Not directly relevant to adjacent model-discrimination or decision-theory transfer after title/metadata screening.","LEVEL_3_DISCOVERY_ONLY","","audit/phase2_raw_search_results/C/PHASE2-SEARCH-0067_backward_openalex.json","Prospective Workstream C occurrence; raw snapshot: audit/phase2_raw_search_results/C/PHASE2-SEARCH-0067_backward_openalex.json"
"C0613","PHASE2-SEARCH-0067","OpenAlex","2026-07-31","A Mathematical Approach to Medical Diagnosis","Homer R. Warner","1961","10.1001/jama.1961.03040290005002","https://openalex.org/W2076056672","C-DUP-0511","TITLE_ABSTRACT_EXCLUDED","Not directly relevant to adjacent model-discrimination or decision-theory transfer after title/metadata screening.","LEVEL_3_DISCOVERY_ONLY","","audit/phase2_raw_search_results/C/PHASE2-SEARCH-0067_backward_openalex.json","Prospective Workstream C occurrence; raw snapshot: audit/phase2_raw_search_results/C/PHASE2-SEARCH-0067_backward_openalex.json"
"C0614","PHASE2-SEARCH-0067","OpenAlex","2026-07-31","Asymptotically Optimum Sequential Inference and Design","J. Kiefer; J. Sacks","1963","10.1214/aoms/1177704000","https://openalex.org/W1986319401","C-DUP-0512","TITLE_ABSTRACT_EXCLUDED","Not directly relevant to adjacent model-discrimination or decision-theory transfer after title/metadata screening.","LEVEL_3_DISCOVERY_ONLY","","audit/phase2_raw_search_results/C/PHASE2-SEARCH-0067_backward_openalex.json","Prospective Workstream C occurrence; raw snapshot: audit/phase2_raw_search_results/C/PHASE2-SEARCH-0067_backward_openalex.json"
"C0615","PHASE2-SEARCH-0067","OpenAlex","2026-07-31","Universal Outlier Hypothesis Testing","Yun Li; Sirin Nitinawarat; Venugopal V. Veeravalli","2014","10.1109/tit.2014.2317691","https://openalex.org/W2112142266","C-DUP-0513","TITLE_ABSTRACT_EXCLUDED","Not directly relevant to adjacent model-discrimination or decision-theory transfer after title/metadata screening.","LEVEL_3_DISCOVERY_ONLY","","audit/phase2_raw_search_results/C/PHASE2-SEARCH-0067_backward_openalex.json","Prospective Workstream C occurrence; raw snapshot: audit/phase2_raw_search_results/C/PHASE2-SEARCH-0067_backward_openalex.json"
"C0616","PHASE2-SEARCH-0067","OpenAlex","2026-07-31","Statistical Inference for Engineers and Data Scientists","Pierre Moulin; Venugopal V. Veeravalli","2018","10.1017/9781107185920","https://openalex.org/W2903962827","C-DUP-0514","TITLE_ABSTRACT_EXCLUDED","Not directly relevant to adjacent model-discrimination or decision-theory transfer after title/metadata screening.","LEVEL_3_DISCOVERY_ONLY","","audit/phase2_raw_search_results/C/PHASE2-SEARCH-0067_backward_openalex.json","Prospective Workstream C occurrence; raw snapshot: audit/phase2_raw_search_results/C/PHASE2-SEARCH-0067_backward_openalex.json"
"C0617","PHASE2-SEARCH-0067","OpenAlex","2026-07-31","The Sequential Design of Experiments for Infinitely Many States of Nature","Arthur E. Albert","1961","10.1214/aoms/1177704973","https://openalex.org/W2079120178","C-DUP-0515","TITLE_ABSTRACT_INCLUDED","","LEVEL_3_DISCOVERY_ONLY","","audit/phase2_raw_search_results/C/PHASE2-SEARCH-0067_backward_openalex.json","Prospective Workstream C occurrence; raw snapshot: audit/phase2_raw_search_results/C/PHASE2-SEARCH-0067_backward_openalex.json"
"C0618","PHASE2-SEARCH-0067","OpenAlex","2026-07-31","Universal sequential outlier hypothesis testing","Yun Li; Sirin Nitinawarat; Venugopal V. Veeravalli","2017","10.1080/07474946.2017.1360086","https://openalex.org/W2759246051","C-DUP-0516","TITLE_ABSTRACT_EXCLUDED","Not directly relevant to adjacent model-discrimination or decision-theory transfer after title/metadata screening.","LEVEL_3_DISCOVERY_ONLY","","audit/phase2_raw_search_results/C/PHASE2-SEARCH-0067_backward_openalex.json","Prospective Workstream C occurrence; raw snapshot: audit/phase2_raw_search_results/C/PHASE2-SEARCH-0067_backward_openalex.json"
"C0619","PHASE2-SEARCH-0067","OpenAlex","2026-07-31","Computer-Assisted Clinical Decision-Making","G. A. GOBRY","1973","10.1055/s-0038-1636093","https://openalex.org/W157524963","C-DUP-0517","TITLE_ABSTRACT_EXCLUDED","Not directly relevant to adjacent model-discrimination or decision-theory transfer after title/metadata screening.","LEVEL_3_DISCOVERY_ONLY","","audit/phase2_raw_search_results/C/PHASE2-SEARCH-0067_backward_openalex.json","Prospective Workstream C occurrence; raw snapshot: audit/phase2_raw_search_results/C/PHASE2-SEARCH-0067_backward_openalex.json"
"C0620","PHASE2-SEARCH-0067","OpenAlex","2026-07-31","A generalized theorem of the maximum","Lawrence M. Ausubel; Raymond Deneckere","1993","10.1007/bf01213694","https://openalex.org/W1967441997","C-DUP-0518","TITLE_ABSTRACT_EXCLUDED","Not directly relevant to adjacent model-discrimination or decision-theory transfer after title/metadata screening.","LEVEL_3_DISCOVERY_ONLY","","audit/phase2_raw_search_results/C/PHASE2-SEARCH-0067_backward_openalex.json","Prospective Workstream C occurrence; raw snapshot: audit/phase2_raw_search_results/C/PHASE2-SEARCH-0067_backward_openalex.json"
"C0621","PHASE2-SEARCH-0067","OpenAlex","2026-07-31","Sequential Experimental Design Procedures","William J. Blot; Duane A. Meeter","1973","10.1080/01621459.1973.10481388","https://openalex.org/W1978831578","C-DUP-0519","TITLE_ABSTRACT_EXCLUDED","Not directly relevant to adjacent model-discrimination or decision-theory transfer after title/metadata screening.","LEVEL_3_DISCOVERY_ONLY","","audit/phase2_raw_search_results/C/PHASE2-SEARCH-0067_backward_openalex.json","Prospective Workstream C occurrence; raw snapshot: audit/phase2_raw_search_results/C/PHASE2-SEARCH-0067_backward_openalex.json"
"C0622","PHASE2-SEARCH-0067","OpenAlex","2026-07-31","Second Order Efficiency in the Sequential Design of Experiments","Robert W. Keener","1984","10.1214/aos/1176346503","https://openalex.org/W2093248767","C-DUP-0520","TITLE_ABSTRACT_INCLUDED","","LEVEL_3_DISCOVERY_ONLY","","audit/phase2_raw_search_results/C/PHASE2-SEARCH-0067_backward_openalex.json","Prospective Workstream C occurrence; raw snapshot: audit/phase2_raw_search_results/C/PHASE2-SEARCH-0067_backward_openalex.json"
"C0623","PHASE2-SEARCH-0067","OpenAlex","2026-07-31","A Control Problem Arising in the Sequential Design of Experiments","Steven P. Lalley; G. Lorden","1986","10.1214/aop/1176992620","https://openalex.org/W2094601947","C-DUP-0521","TITLE_ABSTRACT_INCLUDED","","LEVEL_3_DISCOVERY_ONLY","","audit/phase2_raw_search_results/C/PHASE2-SEARCH-0067_backward_openalex.json","Prospective Workstream C occurrence; raw snapshot: audit/phase2_raw_search_results/C/PHASE2-SEARCH-0067_backward_openalex.json"
"C0624","PHASE2-SEARCH-0067","OpenAlex","2026-07-31","Controlled Sensing for Composite Multihypothesis Testing with Application to Anomaly Detection","Aditya Deshmukh; Srikrishna Bhashyam; Venugopal V. Veeravalli","2018","10.1109/acssc.2018.8645380","https://openalex.org/W2918531990","C-DUP-0522","TITLE_ABSTRACT_INCLUDED","","LEVEL_3_DISCOVERY_ONLY","","audit/phase2_raw_search_results/C/PHASE2-SEARCH-0067_backward_openalex.json","Prospective Workstream C occurrence; raw snapshot: audit/phase2_raw_search_results/C/PHASE2-SEARCH-0067_backward_openalex.json"
"C0625","PHASE2-SEARCH-0067","OpenAlex","2026-07-31","On the Complexity of Best Arm Identification in Multi-Armed Bandit Models","Emilie Kaufmann; Olivier Cappé; Aurélien Garivier","2014","10.48550/arxiv.1407.4443","https://openalex.org/W1506859583","C-DUP-0523","TITLE_ABSTRACT_INCLUDED","","LEVEL_3_DISCOVERY_ONLY","","audit/phase2_raw_search_results/C/PHASE2-SEARCH-0067_backward_openalex.json","Prospective Workstream C occurrence; raw snapshot: audit/phase2_raw_search_results/C/PHASE2-SEARCH-0067_backward_openalex.json"
"C0626","PHASE2-SEARCH-0067","OpenAlex","2026-07-31","Optimal Best Arm Identification with Fixed Confidence","Aurélien Garivier; Emilie Kaufmann","2016","10.48550/arxiv.1602.04589","https://openalex.org/W2963486287","C-DUP-0524","TITLE_ABSTRACT_INCLUDED","","LEVEL_3_DISCOVERY_ONLY","","audit/phase2_raw_search_results/C/PHASE2-SEARCH-0067_backward_openalex.json","Prospective Workstream C occurrence; raw snapshot: audit/phase2_raw_search_results/C/PHASE2-SEARCH-0067_backward_openalex.json"
"C0627","PHASE2-SEARCH-0067","OpenAlex","2026-07-31","Optimal Odd Arm Identification with Fixed Confidence.","Gayathri R Prabhu; Srikrishna Bhashyam; Aditya Gopalan; Rajesh Sundaresan","2017","https://openalex.org/W2771247772","https://openalex.org/W2771247772","C-DUP-0525","TITLE_ABSTRACT_EXCLUDED","Not directly relevant to adjacent model-discrimination or decision-theory transfer after title/metadata screening.","LEVEL_3_DISCOVERY_ONLY","","audit/phase2_raw_search_results/C/PHASE2-SEARCH-0067_backward_openalex.json","Prospective Workstream C occurrence; raw snapshot: audit/phase2_raw_search_results/C/PHASE2-SEARCH-0067_backward_openalex.json"
"C0628","PHASE2-SEARCH-0067","OpenAlex","2026-07-31","Sequential Multi-Hypothesis Testing in Multi-Armed Bandit Problems: An Approach for Asymptotic Optimality","Gayathri R Prabhu; Srikrishna Bhashyam; Aditya Gopalan; Rajesh Sundaresan","2022","10.1109/tit.2022.3159600","https://openalex.org/W3044446985","C-DUP-0526","TITLE_ABSTRACT_EXCLUDED","Not directly relevant to adjacent model-discrimination or decision-theory transfer after title/metadata screening.","LEVEL_3_DISCOVERY_ONLY","","audit/phase2_raw_search_results/C/PHASE2-SEARCH-0067_forward_openalex.json","Prospective Workstream C occurrence; raw snapshot: audit/phase2_raw_search_results/C/PHASE2-SEARCH-0067_forward_openalex.json"
"C0629","PHASE2-SEARCH-0067","OpenAlex","2026-07-31","Searching for Anomalies Over Composite Hypotheses","Bar Hemo; Tomer Gafni; Kobi Cohen; Qing Zhao","2020","10.1109/tsp.2020.2971438","https://openalex.org/W2986276296","C-DUP-0527","TITLE_ABSTRACT_EXCLUDED","Not directly relevant to adjacent model-discrimination or decision-theory transfer after title/metadata screening.","LEVEL_3_DISCOVERY_ONLY","","audit/phase2_raw_search_results/C/PHASE2-SEARCH-0067_forward_openalex.json","Prospective Workstream C occurrence; raw snapshot: audit/phase2_raw_search_results/C/PHASE2-SEARCH-0067_forward_openalex.json"
"C0630","PHASE2-SEARCH-0067","OpenAlex","2026-07-31","Anomaly Search With Multiple Plays Under Delay and Switching Costs","Tidhar Lambez; Kobi Cohen","2021","10.1109/tsp.2021.3136810","https://openalex.org/W3187243030","C-DUP-0528","TITLE_ABSTRACT_EXCLUDED","Not directly relevant to adjacent model-discrimination or decision-theory transfer after title/metadata screening.","LEVEL_3_DISCOVERY_ONLY","","audit/phase2_raw_search_results/C/PHASE2-SEARCH-0067_forward_openalex.json","Prospective Workstream C occurrence; raw snapshot: audit/phase2_raw_search_results/C/PHASE2-SEARCH-0067_forward_openalex.json"
"C0631","PHASE2-SEARCH-0067","OpenAlex","2026-07-31","Detecting an Odd Restless Markov Arm With a Trembling Hand","P. N. Karthik; Rajesh Sundaresan","2021","10.1109/tit.2021.3075021","https://openalex.org/W3158941379","C-DUP-0529","TITLE_ABSTRACT_EXCLUDED","Not directly relevant to adjacent model-discrimination or decision-theory transfer after title/metadata screening.","LEVEL_3_DISCOVERY_ONLY","","audit/phase2_raw_search_results/C/PHASE2-SEARCH-0067_forward_openalex.json","Prospective Workstream C occurrence; raw snapshot: audit/phase2_raw_search_results/C/PHASE2-SEARCH-0067_forward_openalex.json"
"C0632","PHASE2-SEARCH-0067","OpenAlex","2026-07-31","Detecting an Odd Restless Markov Arm with a Trembling Hand","P. N. Karthik; Rajesh Sundaresan","2020","10.48550/arxiv.2005.06255","https://openalex.org/W3025159743","C-DUP-0530","TITLE_ABSTRACT_EXCLUDED","Not directly relevant to adjacent model-discrimination or decision-theory transfer after title/metadata screening.","LEVEL_3_DISCOVERY_ONLY","","audit/phase2_raw_search_results/C/PHASE2-SEARCH-0067_forward_openalex.json","Prospective Workstream C occurrence; raw snapshot: audit/phase2_raw_search_results/C/PHASE2-SEARCH-0067_forward_openalex.json"
"C0633","PHASE2-SEARCH-0068","OpenAlex","2026-07-31","An introduction to probability theory and its applications","","1958","10.1016/0016-0032(58)90688-4","https://openalex.org/W2751862591","C-DUP-0531","TITLE_ABSTRACT_EXCLUDED","Not directly relevant to adjacent model-discrimination or decision-theory transfer after title/metadata screening.","LEVEL_3_DISCOVERY_ONLY","","audit/phase2_raw_search_results/C/PHASE2-SEARCH-0068_backward_openalex.json","Prospective Workstream C occurrence; raw snapshot: audit/phase2_raw_search_results/C/PHASE2-SEARCH-0068_backward_openalex.json"
"C0634","PHASE2-SEARCH-0068","OpenAlex","2026-07-31","Robust Statistics","Peter J. Huber","1981","10.1002/0471725250","https://openalex.org/W2489822048","C-DUP-0532","TITLE_ABSTRACT_EXCLUDED","Not directly relevant to adjacent model-discrimination or decision-theory transfer after title/metadata screening.","LEVEL_3_DISCOVERY_ONLY","","audit/phase2_raw_search_results/C/PHASE2-SEARCH-0068_backward_openalex.json","Prospective Workstream C occurrence; raw snapshot: audit/phase2_raw_search_results/C/PHASE2-SEARCH-0068_backward_openalex.json"
"C0635","PHASE2-SEARCH-0068","OpenAlex","2026-07-31","On general minimax theorems","Maurice Sion","1958","10.2140/pjm.1958.8.171","https://openalex.org/W1985077192","C-DUP-0533","TITLE_ABSTRACT_EXCLUDED","Not directly relevant to adjacent model-discrimination or decision-theory transfer after title/metadata screening.","LEVEL_3_DISCOVERY_ONLY","","audit/phase2_raw_search_results/C/PHASE2-SEARCH-0068_backward_openalex.json","Prospective Workstream C occurrence; raw snapshot: audit/phase2_raw_search_results/C/PHASE2-SEARCH-0068_backward_openalex.json"
"C0636","PHASE2-SEARCH-0068","OpenAlex","2026-07-31","Sequential Tests of Statistical Hypotheses","A. Wald","1945","10.1214/aoms/1177731118","https://openalex.org/W4230704549","C-DUP-0534","TITLE_ABSTRACT_EXCLUDED","Not directly relevant to adjacent model-discrimination or decision-theory transfer after title/metadata screening.","LEVEL_3_DISCOVERY_ONLY","","audit/phase2_raw_search_results/C/PHASE2-SEARCH-0068_backward_openalex.json","Prospective Workstream C occurrence; raw snapshot: audit/phase2_raw_search_results/C/PHASE2-SEARCH-0068_backward_openalex.json"
"C0637","PHASE2-SEARCH-0068","OpenAlex","2026-07-31","Sequential Tests of Statistical Hypotheses","Abraham Wald","1992","10.1007/978-1-4612-0919-5_18","https://openalex.org/W2167770337","C-DUP-0535","TITLE_ABSTRACT_EXCLUDED","Not directly relevant to adjacent model-discrimination or decision-theory transfer after title/metadata screening.","LEVEL_3_DISCOVERY_ONLY","","audit/phase2_raw_search_results/C/PHASE2-SEARCH-0068_backward_openalex.json","Prospective Workstream C occurrence; raw snapshot: audit/phase2_raw_search_results/C/PHASE2-SEARCH-0068_backward_openalex.json"
"C0638","PHASE2-SEARCH-0068","OpenAlex","2026-07-31","On Choosing and Bounding Probability Metrics","Alison L. Gibbs; Francis Edward Su","2002","10.1111/j.1751-5823.2002.tb00178.x","https://openalex.org/W2032916024","C-DUP-0536","TITLE_ABSTRACT_EXCLUDED","Not directly relevant to adjacent model-discrimination or decision-theory transfer after title/metadata screening.","LEVEL_3_DISCOVERY_ONLY","","audit/phase2_raw_search_results/C/PHASE2-SEARCH-0068_backward_openalex.json","Prospective Workstream C occurrence; raw snapshot: audit/phase2_raw_search_results/C/PHASE2-SEARCH-0068_backward_openalex.json"
"C0639","PHASE2-SEARCH-0068","OpenAlex","2026-07-31","On Divergences and Informations in Statistics and Information Theory","Friedrich Liese; Igor Vajda","2006","10.1109/tit.2006.881731","https://openalex.org/W2131940723","C-DUP-0537","TITLE_ABSTRACT_EXCLUDED","Not directly relevant to adjacent model-discrimination or decision-theory transfer after title/metadata screening.","LEVEL_3_DISCOVERY_ONLY","","audit/phase2_raw_search_results/C/PHASE2-SEARCH-0068_backward_openalex.json","Prospective Workstream C occurrence; raw snapshot: audit/phase2_raw_search_results/C/PHASE2-SEARCH-0068_backward_openalex.json"
"C0640","PHASE2-SEARCH-0068","OpenAlex","2026-07-31","A Robust Version of the Probability Ratio Test","Peter J. Huber","1965","10.1214/aoms/1177699803","https://openalex.org/W2014002306","C-DUP-0538","TITLE_ABSTRACT_EXCLUDED","Not directly relevant to adjacent model-discrimination or decision-theory transfer after title/metadata screening.","LEVEL_3_DISCOVERY_ONLY","","audit/phase2_raw_search_results/C/PHASE2-SEARCH-0068_backward_openalex.json","Prospective Workstream C occurrence; raw snapshot: audit/phase2_raw_search_results/C/PHASE2-SEARCH-0068_backward_openalex.json"
"C0641","PHASE2-SEARCH-0068","OpenAlex","2026-07-31","Minimax Tests and the Neyman-Pearson Lemma for Capacities","Peter J. Huber; Volker Strassen","1973","10.1214/aos/1176342363","https://openalex.org/W2010161926","C-DUP-0539","TITLE_ABSTRACT_EXCLUDED","Not directly relevant to adjacent model-discrimination or decision-theory transfer after title/metadata screening.","LEVEL_3_DISCOVERY_ONLY","","audit/phase2_raw_search_results/C/PHASE2-SEARCH-0068_backward_openalex.json","Prospective Workstream C occurrence; raw snapshot: audit/phase2_raw_search_results/C/PHASE2-SEARCH-0068_backward_openalex.json"
"C0642","PHASE2-SEARCH-0068","OpenAlex","2026-07-31","Principles of Signal Detection and Parameter Estimation","Bernard C. Levy","2008","10.1007/978-0-387-76544-0","https://openalex.org/W1492251543","C-DUP-0540","TITLE_ABSTRACT_EXCLUDED","Not directly relevant to adjacent model-discrimination or decision-theory transfer after title/metadata screening.","LEVEL_3_DISCOVERY_ONLY","","audit/phase2_raw_search_results/C/PHASE2-SEARCH-0068_backward_openalex.json","Prospective Workstream C occurrence; raw snapshot: audit/phase2_raw_search_results/C/PHASE2-SEARCH-0068_backward_openalex.json"
"C0643","PHASE2-SEARCH-0068","OpenAlex","2026-07-31","Sur un nouveau théorème-limite de la théorie des probabilités","Harald Cramér","1994","10.1007/978-3-642-40607-2_8","https://openalex.org/W2494129288","C-DUP-0541","TITLE_ABSTRACT_EXCLUDED","Not directly relevant to adjacent model-discrimination or decision-theory transfer after title/metadata screening.","LEVEL_3_DISCOVERY_ONLY","","audit/phase2_raw_search_results/C/PHASE2-SEARCH-0068_backward_openalex.json","Prospective Workstream C occurrence; raw snapshot: audit/phase2_raw_search_results/C/PHASE2-SEARCH-0068_backward_openalex.json"
"C0644","PHASE2-SEARCH-0068","OpenAlex","2026-07-31","Über die topologische Erweiterung von Räumen","A. Tychonoff","1930","10.1007/bf01782364","https://openalex.org/W2334527086","C-DUP-0542","TITLE_ABSTRACT_EXCLUDED","Not directly relevant to adjacent model-discrimination or decision-theory transfer after title/metadata screening.","LEVEL_3_DISCOVERY_ONLY","","audit/phase2_raw_search_results/C/PHASE2-SEARCH-0068_backward_openalex.json","Prospective Workstream C occurrence; raw snapshot: audit/phase2_raw_search_results/C/PHASE2-SEARCH-0068_backward_openalex.json"
"C0645","PHASE2-SEARCH-0068","OpenAlex","2026-07-31","When is the generalized likelihood ratio test optimal?","Ofer Zeitouni; J. Ziv; Neri Merhav","1992","10.1109/18.149515","https://openalex.org/W2127904409","C-DUP-0543","TITLE_ABSTRACT_EXCLUDED","Not directly relevant to adjacent model-discrimination or decision-theory transfer after title/metadata screening.","LEVEL_3_DISCOVERY_ONLY","","audit/phase2_raw_search_results/C/PHASE2-SEARCH-0068_backward_openalex.json","Prospective Workstream C occurrence; raw snapshot: audit/phase2_raw_search_results/C/PHASE2-SEARCH-0068_backward_openalex.json"
"C0646","PHASE2-SEARCH-0068","OpenAlex","2026-07-31","Robust Hypothesis Testing With a Relative Entropy Tolerance","Bernard C. Levy","2009","10.1109/tit.2008.2008128","https://openalex.org/W2097666957","C-DUP-0544","FULL_TEXT_INCLUDED","","LEVEL_1_LOAD_BEARING","P0044","audit/phase2_raw_search_results/C/PHASE2-SEARCH-0068_backward_openalex.json","Prospective Workstream C occurrence; raw snapshot: audit/phase2_raw_search_results/C/PHASE2-SEARCH-0068_backward_openalex.json"
"C0647","PHASE2-SEARCH-0068","OpenAlex","2026-07-31","Robust confidence limits","Peter J. Huber","1968","10.1007/bf00531848","https://openalex.org/W2018006827","C-DUP-0545","TITLE_ABSTRACT_EXCLUDED","Not directly relevant to adjacent model-discrimination or decision-theory transfer after title/metadata screening.","LEVEL_3_DISCOVERY_ONLY","","audit/phase2_raw_search_results/C/PHASE2-SEARCH-0068_backward_openalex.json","Prospective Workstream C occurrence; raw snapshot: audit/phase2_raw_search_results/C/PHASE2-SEARCH-0068_backward_openalex.json"
"C0648","PHASE2-SEARCH-0068","OpenAlex","2026-07-31","Robust Sequential Testing","Pham Xuan Quang","1985","10.1214/aos/1176349544","https://openalex.org/W1979660604","C-DUP-0546","TITLE_ABSTRACT_EXCLUDED","Not directly relevant to adjacent model-discrimination or decision-theory transfer after title/metadata screening.","LEVEL_3_DISCOVERY_ONLY","","audit/phase2_raw_search_results/C/PHASE2-SEARCH-0068_backward_openalex.json","Prospective Workstream C occurrence; raw snapshot: audit/phase2_raw_search_results/C/PHASE2-SEARCH-0068_backward_openalex.json"
"C0649","PHASE2-SEARCH-0068","OpenAlex","2026-07-31","Tychonoff's theorem without the axiom of choice","Peter Johnstone","1981","10.4064/fm-113-1-21-35","https://openalex.org/W242489048","C-DUP-0547","TITLE_ABSTRACT_EXCLUDED","Not directly relevant to adjacent model-discrimination or decision-theory transfer after title/metadata screening.","LEVEL_3_DISCOVERY_ONLY","","audit/phase2_raw_search_results/C/PHASE2-SEARCH-0068_backward_openalex.json","Prospective Workstream C occurrence; raw snapshot: audit/phase2_raw_search_results/C/PHASE2-SEARCH-0068_backward_openalex.json"
"C0650","PHASE2-SEARCH-0068","OpenAlex","2026-07-31","Robust hypothesis testing for modeling errors","Gökhan Gül; Abdelhak M. Zoubir","2013","10.1109/icassp.2013.6638718","https://openalex.org/W2004631249","C-DUP-0548","TITLE_ABSTRACT_INCLUDED","","LEVEL_3_DISCOVERY_ONLY","","audit/phase2_raw_search_results/C/PHASE2-SEARCH-0068_backward_openalex.json","Prospective Workstream C occurrence; raw snapshot: audit/phase2_raw_search_results/C/PHASE2-SEARCH-0068_backward_openalex.json"
"C0651","PHASE2-SEARCH-0068","OpenAlex","2026-07-31","Robust detection under communication constraints","Gökhan Gül; Abdelhak M. Zoubir","2013","10.1109/spawc.2013.6612082","https://openalex.org/W2090687711","C-DUP-0549","TITLE_ABSTRACT_EXCLUDED","Not directly relevant to adjacent model-discrimination or decision-theory transfer after title/metadata screening.","LEVEL_3_DISCOVERY_ONLY","","audit/phase2_raw_search_results/C/PHASE2-SEARCH-0068_backward_openalex.json","Prospective Workstream C occurrence; raw snapshot: audit/phase2_raw_search_results/C/PHASE2-SEARCH-0068_backward_openalex.json"
"C0652","PHASE2-SEARCH-0068","OpenAlex","2026-07-31","Robust Hypothesis Testing With Squared Hellinger Distance","Gökhan Gül; Abdelhak M. Zoubir","2014","10.5281/zenodo.54502","https://openalex.org/W657687871","C-DUP-0550","TITLE_ABSTRACT_INCLUDED","","LEVEL_3_DISCOVERY_ONLY","","audit/phase2_raw_search_results/C/PHASE2-SEARCH-0068_backward_openalex.json","Prospective Workstream C occurrence; raw snapshot: audit/phase2_raw_search_results/C/PHASE2-SEARCH-0068_backward_openalex.json"
"C0653","PHASE2-SEARCH-0068","OpenAlex","2026-07-31","Robust hypothesis testing with composite distances","Gökhan Gül; Abdelhak M. Zoubir","2014","10.1109/ssp.2014.6884668","https://openalex.org/W2036156015","C-DUP-0551","TITLE_ABSTRACT_INCLUDED","","LEVEL_3_DISCOVERY_ONLY","","audit/phase2_raw_search_results/C/PHASE2-SEARCH-0068_backward_openalex.json","Prospective Workstream C occurrence; raw snapshot: audit/phase2_raw_search_results/C/PHASE2-SEARCH-0068_backward_openalex.json"
"C0654","PHASE2-SEARCH-0068","OpenAlex","2026-07-31","Effects of model errors on multiple antenna based spectrum sensing using sequential detection","Fiky Yosef Suratman; Abdelhak M. Zoubir","2013","10.1109/iccspa.2013.6487263","https://openalex.org/W2036250631","C-DUP-0552","TITLE_ABSTRACT_EXCLUDED","Not directly relevant to adjacent model-discrimination or decision-theory transfer after title/metadata screening.","LEVEL_3_DISCOVERY_ONLY","","audit/phase2_raw_search_results/C/PHASE2-SEARCH-0068_backward_openalex.json","Prospective Workstream C occurrence; raw snapshot: audit/phase2_raw_search_results/C/PHASE2-SEARCH-0068_backward_openalex.json"
"C0655","PHASE2-SEARCH-0068","OpenAlex","2026-07-31","Principles of mathematical analysis","Walter Rudin","1964","https://openalex.org/W2097415784","https://openalex.org/W2097415784","C-DUP-0553","TITLE_ABSTRACT_EXCLUDED","Not directly relevant to adjacent model-discrimination or decision-theory transfer after title/metadata screening.","LEVEL_3_DISCOVERY_ONLY","","audit/phase2_raw_search_results/C/PHASE2-SEARCH-0068_backward_openalex.json","Prospective Workstream C occurrence; raw snapshot: audit/phase2_raw_search_results/C/PHASE2-SEARCH-0068_backward_openalex.json"
"C0656","PHASE2-SEARCH-0068","OpenAlex","2026-07-31","Robust Hypothesis Testing with &lt;inline-formula&gt; &lt;tex-math notation=""LaTeX""&gt;$\alpha $&lt;/tex-math&gt; &lt;/inline-formula&gt;-Divergence","Gökhan Gül; Abdelhak M. Zoubir","2016","10.1109/tsp.2016.2569405","https://openalex.org/W12940304","C-DUP-0554","TITLE_ABSTRACT_INCLUDED","","LEVEL_3_DISCOVERY_ONLY","","audit/phase2_raw_search_results/C/PHASE2-SEARCH-0068_forward_openalex.json","Prospective Workstream C occurrence; raw snapshot: audit/phase2_raw_search_results/C/PHASE2-SEARCH-0068_forward_openalex.json"
"C0657","PHASE2-SEARCH-0080","OpenAlex","2026-07-31","limma powers differential expression analyses for RNA-sequencing and microarray studies","Matthew E. Ritchie; Belinda Phipson; Di Wu; Yifang Hu; Charity W. Law; Wei Shi; Gordon K. Smyth","2015","10.1093/nar/gkv007","https://openalex.org/W2146512944","C-DUP-0406","DUPLICATE","Duplicate DOI or normalized title of an earlier Phase 2 record.","LEVEL_3_DISCOVERY_ONLY","","audit/phase2_raw_search_results/C/PHASE2-SEARCH-0080_openalex.json","Prospective Workstream C occurrence; raw snapshot: audit/phase2_raw_search_results/C/PHASE2-SEARCH-0080_openalex.json"
"C0658","PHASE2-SEARCH-0080","OpenAlex","2026-07-31","Bayesian t tests for accepting and rejecting the null hypothesis","Jeffrey N. Rouder; Paul L. Speckman; Dongchu Sun; Richard D. Morey; Geoffrey Iverson","2009","10.3758/pbr.16.2.225","https://openalex.org/W1978662219","C-DUP-0555","TITLE_ABSTRACT_EXCLUDED","Not directly relevant to adjacent model-discrimination or decision-theory transfer after title/metadata screening.","LEVEL_3_DISCOVERY_ONLY","","audit/phase2_raw_search_results/C/PHASE2-SEARCH-0080_openalex.json","Prospective Workstream C occurrence; raw snapshot: audit/phase2_raw_search_results/C/PHASE2-SEARCH-0080_openalex.json"
"C0659","PHASE2-SEARCH-0080","OpenAlex","2026-07-31","Normalization of RNA-seq data using factor analysis of control genes or samples","Davide Risso; John Ngai; Terence P. Speed; Sandrine Dudoit","2014","10.1038/nbt.2931","https://openalex.org/W2039521726","C-DUP-0556","TITLE_ABSTRACT_EXCLUDED","Not directly relevant to adjacent model-discrimination or decision-theory transfer after title/metadata screening.","LEVEL_3_DISCOVERY_ONLY","","audit/phase2_raw_search_results/C/PHASE2-SEARCH-0080_openalex.json","Prospective Workstream C occurrence; raw snapshot: audit/phase2_raw_search_results/C/PHASE2-SEARCH-0080_openalex.json"
"C0660","PHASE2-SEARCH-0080","OpenAlex","2026-07-31","Multiple Hypothesis Testing in Microarray Experiments","Sandrine Dudoit; Juliet Popper Shaffer; Jennifer C. Boldrick","2003","10.1214/ss/1056397487","https://openalex.org/W1965138864","C-DUP-0405","DUPLICATE","Duplicate DOI or normalized title of an earlier Phase 2 record.","LEVEL_3_DISCOVERY_ONLY","","audit/phase2_raw_search_results/C/PHASE2-SEARCH-0080_openalex.json","Prospective Workstream C occurrence; raw snapshot: audit/phase2_raw_search_results/C/PHASE2-SEARCH-0080_openalex.json"
"C0661","PHASE2-SEARCH-0080","OpenAlex","2026-07-31","Wilcoxon-Mann-Whitney or t-test? On assumptions for hypothesis tests and multiple interpretations of decision rules","Michael P. Fay; Michael A. Proschan","2010","10.1214/09-ss051","https://openalex.org/W1974828111","C-DUP-0087","DUPLICATE","Duplicate DOI or normalized title of an earlier Phase 2 record.","LEVEL_3_DISCOVERY_ONLY","","audit/phase2_raw_search_results/C/PHASE2-SEARCH-0080_openalex.json","Prospective Workstream C occurrence; raw snapshot: audit/phase2_raw_search_results/C/PHASE2-SEARCH-0080_openalex.json"
"C0662","PHASE2-SEARCH-0080","OpenAlex","2026-07-31","Reporting animal research: Explanation and elaboration for the ARRIVE guidelines 2.0","Nathalie Percie du Sert; Amrita Ahluwalia; Sabina Alam; Marc T. Avey; Monya Baker; William J. Browne; Alejandra Clark; Innes C. Cuthill; Ulrich Dirnagl; Michael Emerson; Paul Garner; Stephen T. Holgate; David W. Howells; Viki Hurst; Natasha A. Karp; Stanley E. Lazic; Katie Lidster; Catriona MacCallum; Malcolm Macleod; Esther J. Pearl; Ole H. Petersen; Frances Rawle; Penny S. Reynolds; Kieron Rooney; Emily S. Sena; Shai D. Silberberg; Thomas Steckler; Hanno Würbel","2020","10.1371/journal.pbio.3000411","https://openalex.org/W3043135743","C-DUP-0330","DUPLICATE","Duplicate DOI or normalized title of an earlier Phase 2 record.","LEVEL_3_DISCOVERY_ONLY","","audit/phase2_raw_search_results/C/PHASE2-SEARCH-0080_openalex.json","Prospective Workstream C occurrence; raw snapshot: audit/phase2_raw_search_results/C/PHASE2-SEARCH-0080_openalex.json"
"C0663","PHASE2-SEARCH-0080","OpenAlex","2026-07-31","On the use of Non-Local Prior Densities in Bayesian Hypothesis Tests","Valen E. Johnson; David Rossell","2010","10.1111/j.1467-9868.2009.00730.x","https://openalex.org/W2053675401","C-DUP-0557","TITLE_ABSTRACT_EXCLUDED","Not directly relevant to adjacent model-discrimination or decision-theory transfer after title/metadata screening.","LEVEL_3_DISCOVERY_ONLY","","audit/phase2_raw_search_results/C/PHASE2-SEARCH-0080_openalex.json","Prospective Workstream C occurrence; raw snapshot: audit/phase2_raw_search_results/C/PHASE2-SEARCH-0080_openalex.json"
"C0664","PHASE2-SEARCH-0080","OpenAlex","2026-07-31","P Values and Nuisance Parameters","Demortier, Luv","2008","10.5170/cern-2008-001.23","https://openalex.org/W2268205353","C-DUP-0558","TITLE_ABSTRACT_INCLUDED","","LEVEL_3_DISCOVERY_ONLY","","audit/phase2_raw_search_results/C/PHASE2-SEARCH-0080_openalex.json","Prospective Workstream C occurrence; raw snapshot: audit/phase2_raw_search_results/C/PHASE2-SEARCH-0080_openalex.json"
"C0665","PHASE2-SEARCH-0080","OpenAlex","2026-07-31","Evaluation of statistical methods for normalization and differential expression in mRNA-Seq experiments","James Bullard; Elizabeth Purdom; Kasper D. Hansen; Sandrine Dudoit","2010","10.1186/1471-2105-11-94","https://openalex.org/W2156631105","C-DUP-0407","DUPLICATE","Duplicate DOI or normalized title of an earlier Phase 2 record.","LEVEL_3_DISCOVERY_ONLY","","audit/phase2_raw_search_results/C/PHASE2-SEARCH-0080_openalex.json","Prospective Workstream C occurrence; raw snapshot: audit/phase2_raw_search_results/C/PHASE2-SEARCH-0080_openalex.json"
"C0666","PHASE2-SEARCH-0080","OpenAlex","2026-07-31","Constrained Bayesian optimization for automatic chemical design using variational autoencoders","Ryan‐Rhys Griffiths; José Miguel Hernández-Lobato","2019","10.1039/c9sc04026a","https://openalex.org/W2985931096","C-DUP-0559","TITLE_ABSTRACT_EXCLUDED","Not directly relevant to adjacent model-discrimination or decision-theory transfer after title/metadata screening.","LEVEL_3_DISCOVERY_ONLY","","audit/phase2_raw_search_results/C/PHASE2-SEARCH-0080_openalex.json","Prospective Workstream C occurrence; raw snapshot: audit/phase2_raw_search_results/C/PHASE2-SEARCH-0080_openalex.json"
"C0667","PHASE2-SEARCH-0080","OpenAlex","2026-07-31","Double/Debiased Machine Learning for Treatment and Structural Parameters","Victor Chernozhukov; Denis Chetverikov; Mert Demirer; Esther Duflo; Christian Hansen; Whitney K. Newey; James M. Robins","2017","10.3386/w23564","https://openalex.org/W2890118063","C-DUP-0560","TITLE_ABSTRACT_EXCLUDED","Not directly relevant to adjacent model-discrimination or decision-theory transfer after title/metadata screening.","LEVEL_3_DISCOVERY_ONLY","","audit/phase2_raw_search_results/C/PHASE2-SEARCH-0080_openalex.json","Prospective Workstream C occurrence; raw snapshot: audit/phase2_raw_search_results/C/PHASE2-SEARCH-0080_openalex.json"
"C0668","PHASE2-SEARCH-0080","OpenAlex","2026-07-31","Questions of size and numbers in environmental research on microplastics: methodological and conceptual aspects","Montserrat Filella","2015","10.1071/en15012","https://openalex.org/W2170548275","C-DUP-0561","TITLE_ABSTRACT_EXCLUDED","Not directly relevant to adjacent model-discrimination or decision-theory transfer after title/metadata screening.","LEVEL_3_DISCOVERY_ONLY","","audit/phase2_raw_search_results/C/PHASE2-SEARCH-0080_openalex.json","Prospective Workstream C occurrence; raw snapshot: audit/phase2_raw_search_results/C/PHASE2-SEARCH-0080_openalex.json"
"C0669","PHASE2-SEARCH-0080","OpenAlex","2026-07-31","THE STRENGTH OF STATISTICAL EVIDENCE FOR COMPOSITE HYPOTHESES: INFERENCE TO THE BEST EXPLANATION","David R. Bickel","2010","https://openalex.org/W60178357","https://openalex.org/W60178357","C-DUP-0562","TITLE_ABSTRACT_EXCLUDED","Not directly relevant to adjacent model-discrimination or decision-theory transfer after title/metadata screening.","LEVEL_3_DISCOVERY_ONLY","","audit/phase2_raw_search_results/C/PHASE2-SEARCH-0080_openalex.json","Prospective Workstream C occurrence; raw snapshot: audit/phase2_raw_search_results/C/PHASE2-SEARCH-0080_openalex.json"
"C0670","PHASE2-SEARCH-0080","OpenAlex","2026-07-31","Adaptive Clinical Trial Design","Shein‐Chung Chow","2014","10.1146/annurev-med-092012-112310","https://openalex.org/W2099434565","C-DUP-0563","TITLE_ABSTRACT_EXCLUDED","Not directly relevant to adjacent model-discrimination or decision-theory transfer after title/metadata screening.","LEVEL_3_DISCOVERY_ONLY","","audit/phase2_raw_search_results/C/PHASE2-SEARCH-0080_openalex.json","Prospective Workstream C occurrence; raw snapshot: audit/phase2_raw_search_results/C/PHASE2-SEARCH-0080_openalex.json"
"C0671","PHASE2-SEARCH-0080","OpenAlex","2026-07-31","Linking Society and Environment: A Multilevel Model of Shifting Wildlife Value Orientations in the Western United States<sup>*</sup>","Michael J. Manfredo; Tara L. Teel; Kimberly L. Henry","2009","10.1111/j.1540-6237.2009.00624.x","https://openalex.org/W2089893279","C-DUP-0564","TITLE_ABSTRACT_EXCLUDED","Not directly relevant to adjacent model-discrimination or decision-theory transfer after title/metadata screening.","LEVEL_3_DISCOVERY_ONLY","","audit/phase2_raw_search_results/C/PHASE2-SEARCH-0080_openalex.json","Prospective Workstream C occurrence; raw snapshot: audit/phase2_raw_search_results/C/PHASE2-SEARCH-0080_openalex.json"
"C0672","PHASE2-SEARCH-0080","OpenAlex","2026-07-31","Measures of effect size","John T. E. Richardson","1996","10.3758/bf03203631","https://openalex.org/W1994476810","C-DUP-0565","TITLE_ABSTRACT_EXCLUDED","Not directly relevant to adjacent model-discrimination or decision-theory transfer after title/metadata screening.","LEVEL_3_DISCOVERY_ONLY","","audit/phase2_raw_search_results/C/PHASE2-SEARCH-0080_openalex.json","Prospective Workstream C occurrence; raw snapshot: audit/phase2_raw_search_results/C/PHASE2-SEARCH-0080_openalex.json"
"C0673","PHASE2-SEARCH-0080","OpenAlex","2026-07-31","Quasi-Experimental Shift-Share Research Designs","Kirill Borusyak; Peter Hull; Xavier Jaravel","2018","10.1093/restud/rdab030","https://openalex.org/W2807611776","C-DUP-0197","DUPLICATE","Duplicate DOI or normalized title of an earlier Phase 2 record.","LEVEL_3_DISCOVERY_ONLY","","audit/phase2_raw_search_results/C/PHASE2-SEARCH-0080_openalex.json","Prospective Workstream C occurrence; raw snapshot: audit/phase2_raw_search_results/C/PHASE2-SEARCH-0080_openalex.json"
"C0674","PHASE2-SEARCH-0080","OpenAlex","2026-07-31","Approximate Objective Bayes Factors From P-Values and Sample Size: The 3p√n Rule","Eric‐Jan Wagenmakers","2022","10.31234/osf.io/egydq","https://openalex.org/W4212788538","C-DUP-0566","TITLE_ABSTRACT_EXCLUDED","Not directly relevant to adjacent model-discrimination or decision-theory transfer after title/metadata screening.","LEVEL_3_DISCOVERY_ONLY","","audit/phase2_raw_search_results/C/PHASE2-SEARCH-0080_openalex.json","Prospective Workstream C occurrence; raw snapshot: audit/phase2_raw_search_results/C/PHASE2-SEARCH-0080_openalex.json"
"C0675","PHASE2-SEARCH-0080","OpenAlex","2026-07-31","Reliability of Measurement and Power of Significance Tests Based on Differences","Donald W. Zimmerman; Richard H. Williams; Bruno D. Zumbo","1993","10.1177/014662169301700101","https://openalex.org/W2072207525","C-DUP-0567","TITLE_ABSTRACT_EXCLUDED","Not directly relevant to adjacent model-discrimination or decision-theory transfer after title/metadata screening.","LEVEL_3_DISCOVERY_ONLY","","audit/phase2_raw_search_results/C/PHASE2-SEARCH-0080_openalex.json","Prospective Workstream C occurrence; raw snapshot: audit/phase2_raw_search_results/C/PHASE2-SEARCH-0080_openalex.json"
"C0676","PHASE2-SEARCH-0080","OpenAlex","2026-07-31","Mental chronometry and individual differences: Modeling reliabilities and correlations of reaction time means and effect sizes","Jeff Miller; Rolf Ulrich","2013","10.3758/s13423-013-0404-5","https://openalex.org/W2092681623","C-DUP-0568","TITLE_ABSTRACT_EXCLUDED","Not directly relevant to adjacent model-discrimination or decision-theory transfer after title/metadata screening.","LEVEL_3_DISCOVERY_ONLY","","audit/phase2_raw_search_results/C/PHASE2-SEARCH-0080_openalex.json","Prospective Workstream C occurrence; raw snapshot: audit/phase2_raw_search_results/C/PHASE2-SEARCH-0080_openalex.json"
"C0677","PHASE2-SEARCH-0080","OpenAlex","2026-07-31","Towards Reproducible Brain-Wide Association Studies","Scott Marek; Brenden Tervo‐Clemmens; Finnegan J. Calabro; David F. Montez; Benjamin P. Kay; Alexander S. Hatoum; Meghan Rose Donohue; William Foran; Ryland L. Miller; Eric Feczko; Óscar Miranda-Domínguez; Alice M. Graham; Eric Earl; Anders Perrone; Michaela Cordova; Olivia Doyle; Lucille A. Moore; Greg Conan; Johnny Uriarte; Kathy Snider; Angela Tam; Jianzhong Chen; Dillan J. Newbold; Annie Zheng; Nicole A. Seider; Andrew N. Van; Timothy O. Laumann; Wesley K. Thompson; Deanna J. Greene; Steven E. Petersen; Thomas E. Nichols; B.T. Thomas Yeo; Deanna M. Barch; Hugh Garavan; Beatríz Luna; Damien A. Fair; Nico U.F. Dosenbach","2020","10.1101/2020.08.21.257758","https://openalex.org/W3081365410","C-DUP-0569","TITLE_ABSTRACT_EXCLUDED","Not directly relevant to adjacent model-discrimination or decision-theory transfer after title/metadata screening.","LEVEL_3_DISCOVERY_ONLY","","audit/phase2_raw_search_results/C/PHASE2-SEARCH-0080_openalex.json","Prospective Workstream C occurrence; raw snapshot: audit/phase2_raw_search_results/C/PHASE2-SEARCH-0080_openalex.json"
"C0678","PHASE2-SEARCH-0080","OpenAlex","2026-07-31","Recent innovations in adaptive trial designs: A review of design opportunities in translational research","Alexander Kaizer; Hayley M. Belli; Zhongyang Ma; Andrew Nicklawsky; Samantha C. Roberts; Jessica Wild; Adane F. Wogu; Mengli Xiao; Roy T. Sabo","2023","10.1017/cts.2023.537","https://openalex.org/W4367315453","C-DUP-0570","TITLE_ABSTRACT_EXCLUDED","Not directly relevant to adjacent model-discrimination or decision-theory transfer after title/metadata screening.","LEVEL_3_DISCOVERY_ONLY","","audit/phase2_raw_search_results/C/PHASE2-SEARCH-0080_openalex.json","Prospective Workstream C occurrence; raw snapshot: audit/phase2_raw_search_results/C/PHASE2-SEARCH-0080_openalex.json"
"C0679","PHASE2-SEARCH-0080","OpenAlex","2026-07-31","Introduction to Statistics and Data Analysis for Physicists; 3rd revised","G. Böhm; Zech, Günter","2017","10.3204/pubdb-2017-08987","https://openalex.org/W2746107128","C-DUP-0571","TITLE_ABSTRACT_EXCLUDED","Not directly relevant to adjacent model-discrimination or decision-theory transfer after title/metadata screening.","LEVEL_3_DISCOVERY_ONLY","","audit/phase2_raw_search_results/C/PHASE2-SEARCH-0080_openalex.json","Prospective Workstream C occurrence; raw snapshot: audit/phase2_raw_search_results/C/PHASE2-SEARCH-0080_openalex.json"
"C0680","PHASE2-SEARCH-0080","OpenAlex","2026-07-31","Back to the future: little‐used tools and principles of scientific inference can help disentangle effects of multiple stressors on freshwater ecosystems","Barbara J. Downes","2010","10.1111/j.1365-2427.2009.02377.x","https://openalex.org/W2055473342","C-DUP-0572","TITLE_ABSTRACT_EXCLUDED","Not directly relevant to adjacent model-discrimination or decision-theory transfer after title/metadata screening.","LEVEL_3_DISCOVERY_ONLY","","audit/phase2_raw_search_results/C/PHASE2-SEARCH-0080_openalex.json","Prospective Workstream C occurrence; raw snapshot: audit/phase2_raw_search_results/C/PHASE2-SEARCH-0080_openalex.json"
"C0681","PHASE2-SEARCH-0080","OpenAlex","2026-07-31","The Negative Affect Hypothesis of Noise Sensitivity","Daniel Shepherd; Marja Heinonen-Guzejev; Kauko Heikkilä; Kim N. Dirks; Michael J. Hautus; David Welch; David McBride","2015","10.3390/ijerph120505284","https://openalex.org/W2144564021","C-DUP-0573","TITLE_ABSTRACT_EXCLUDED","Not directly relevant to adjacent model-discrimination or decision-theory transfer after title/metadata screening.","LEVEL_3_DISCOVERY_ONLY","","audit/phase2_raw_search_results/C/PHASE2-SEARCH-0080_openalex.json","Prospective Workstream C occurrence; raw snapshot: audit/phase2_raw_search_results/C/PHASE2-SEARCH-0080_openalex.json"
"C0682","PHASE2-SEARCH-0081","Crossref","2026-07-31","Sample size, power, and efficient design","","2016","10.1093/hesc/9780198717355.003.0006","10.1093/hesc/9780198717355.003.0006","C-DUP-0574","TITLE_ABSTRACT_EXCLUDED","Not directly relevant to adjacent model-discrimination or decision-theory transfer after title/metadata screening.","LEVEL_3_DISCOVERY_ONLY","","audit/phase2_raw_search_results/C/PHASE2-SEARCH-0081_crossref.json","Prospective Workstream C occurrence; raw snapshot: audit/phase2_raw_search_results/C/PHASE2-SEARCH-0081_crossref.json"
"C0683","PHASE2-SEARCH-0081","Crossref","2026-07-31","One-Sample Hypothesis Testing Including Power and Sample Size","Melody S. Goodman","2025","10.4324/9781003401612-13","10.4324/9781003401612-13","C-DUP-0575","TITLE_ABSTRACT_EXCLUDED","Not directly relevant to adjacent model-discrimination or decision-theory transfer after title/metadata screening.","LEVEL_3_DISCOVERY_ONLY","","audit/phase2_raw_search_results/C/PHASE2-SEARCH-0081_crossref.json","Prospective Workstream C occurrence; raw snapshot: audit/phase2_raw_search_results/C/PHASE2-SEARCH-0081_crossref.json"
"C0684","PHASE2-SEARCH-0081","Crossref","2026-07-31","Lab C: One-sample hypothesis testing, power, and sample size","Melody S. Goodman","2017","10.4324/9781315155661-11","10.4324/9781315155661-11","C-DUP-0576","TITLE_ABSTRACT_EXCLUDED","Not directly relevant to adjacent model-discrimination or decision-theory transfer after title/metadata screening.","LEVEL_3_DISCOVERY_ONLY","","audit/phase2_raw_search_results/C/PHASE2-SEARCH-0081_crossref.json","Prospective Workstream C occurrence; raw snapshot: audit/phase2_raw_search_results/C/PHASE2-SEARCH-0081_crossref.json"
"C0685","PHASE2-SEARCH-0081","Crossref","2026-07-31","Power and Sample Size","","2022","10.1017/9781108528825.021","10.1017/9781108528825.021","C-DUP-0577","TITLE_ABSTRACT_EXCLUDED","Not directly relevant to adjacent model-discrimination or decision-theory transfer after title/metadata screening.","LEVEL_3_DISCOVERY_ONLY","","audit/phase2_raw_search_results/C/PHASE2-SEARCH-0081_crossref.json","Prospective Workstream C occurrence; raw snapshot: audit/phase2_raw_search_results/C/PHASE2-SEARCH-0081_crossref.json"
"C0686","PHASE2-SEARCH-0081","Crossref","2026-07-31","Understanding Concepts in Estimating Sample Size in Hypothesis Testing Experiments","J. P. Verma; Priyam Verma","2020","10.1007/978-981-15-5204-5_4","10.1007/978-981-15-5204-5_4","C-DUP-0578","TITLE_ABSTRACT_EXCLUDED","Not directly relevant to adjacent model-discrimination or decision-theory transfer after title/metadata screening.","LEVEL_3_DISCOVERY_ONLY","","audit/phase2_raw_search_results/C/PHASE2-SEARCH-0081_crossref.json","Prospective Workstream C occurrence; raw snapshot: audit/phase2_raw_search_results/C/PHASE2-SEARCH-0081_crossref.json"
"C0687","PHASE2-SEARCH-0081","Crossref","2026-07-31","Hypothesis Testing: Sample Size, Effect Size, Power, and Type II Errors","Julien I.E. Hoffman","2019","10.1016/b978-0-12-817084-7.00011-5","10.1016/b978-0-12-817084-7.00011-5","C-DUP-0579","TITLE_ABSTRACT_EXCLUDED","Not directly relevant to adjacent model-discrimination or decision-theory transfer after title/metadata screening.","LEVEL_3_DISCOVERY_ONLY","","audit/phase2_raw_search_results/C/PHASE2-SEARCH-0081_crossref.json","Prospective Workstream C occurrence; raw snapshot: audit/phase2_raw_search_results/C/PHASE2-SEARCH-0081_crossref.json"
"C0688","PHASE2-SEARCH-0081","Crossref","2026-07-31","Power and Sample Size of Hypothesis Test","","2005","10.1142/9789812793522_0005","10.1142/9789812793522_0005","C-DUP-0580","TITLE_ABSTRACT_EXCLUDED","Not directly relevant to adjacent model-discrimination or decision-theory transfer after title/metadata screening.","LEVEL_3_DISCOVERY_ONLY","","audit/phase2_raw_search_results/C/PHASE2-SEARCH-0081_crossref.json","Prospective Workstream C occurrence; raw snapshot: audit/phase2_raw_search_results/C/PHASE2-SEARCH-0081_crossref.json"
"C0689","PHASE2-SEARCH-0081","Crossref","2026-07-31","Sample Size and Hypothesis Testing","","2023","10.1002/9781119800002.ch14","10.1002/9781119800002.ch14","C-DUP-0581","TITLE_ABSTRACT_EXCLUDED","Not directly relevant to adjacent model-discrimination or decision-theory transfer after title/metadata screening.","LEVEL_3_DISCOVERY_ONLY","","audit/phase2_raw_search_results/C/PHASE2-SEARCH-0081_crossref.json","Prospective Workstream C occurrence; raw snapshot: audit/phase2_raw_search_results/C/PHASE2-SEARCH-0081_crossref.json"
"C0690","PHASE2-SEARCH-0081","Crossref","2026-07-31","Hypothesis Testing, Study Power, and Sample Size","Bart J. Harvey; Thomas A. Lang","2010","10.1378/chest.10-0067","10.1378/chest.10-0067","C-DUP-0582","TITLE_ABSTRACT_EXCLUDED","Not directly relevant to adjacent model-discrimination or decision-theory transfer after title/metadata screening.","LEVEL_3_DISCOVERY_ONLY","","audit/phase2_raw_search_results/C/PHASE2-SEARCH-0081_crossref.json","Prospective Workstream C occurrence; raw snapshot: audit/phase2_raw_search_results/C/PHASE2-SEARCH-0081_crossref.json"
"C0691","PHASE2-SEARCH-0081","Crossref","2026-07-31","Sample Size Determination for Bayesian Informative Hypothesis Testing","; Qianrao Fu","","10.33540/1221","10.33540/1221","C-DUP-0583","TITLE_ABSTRACT_EXCLUDED","Not directly relevant to adjacent model-discrimination or decision-theory transfer after title/metadata screening.","LEVEL_3_DISCOVERY_ONLY","","audit/phase2_raw_search_results/C/PHASE2-SEARCH-0081_crossref.json","Prospective Workstream C occurrence; raw snapshot: audit/phase2_raw_search_results/C/PHASE2-SEARCH-0081_crossref.json"
"C0692","PHASE2-SEARCH-0081","Crossref","2026-07-31","Approximate Power and Sample Size Determination for Common one-Sample and two-Sample Hypothesis Tests","Jacob Cohen","1970","10.1177/001316447003000404","10.1177/001316447003000404","C-DUP-0584","TITLE_ABSTRACT_EXCLUDED","Not directly relevant to adjacent model-discrimination or decision-theory transfer after title/metadata screening.","LEVEL_3_DISCOVERY_ONLY","","audit/phase2_raw_search_results/C/PHASE2-SEARCH-0081_crossref.json","Prospective Workstream C occurrence; raw snapshot: audit/phase2_raw_search_results/C/PHASE2-SEARCH-0081_crossref.json"
"C0693","PHASE2-SEARCH-0081","Crossref","2026-07-31","Sample Size and Power Estimation","","2011","10.1201/b11505-17","10.1201/b11505-17","C-DUP-0585","TITLE_ABSTRACT_EXCLUDED","Not directly relevant to adjacent model-discrimination or decision-theory transfer after title/metadata screening.","LEVEL_3_DISCOVERY_ONLY","","audit/phase2_raw_search_results/C/PHASE2-SEARCH-0081_crossref.json","Prospective Workstream C occurrence; raw snapshot: audit/phase2_raw_search_results/C/PHASE2-SEARCH-0081_crossref.json"
"C0694","PHASE2-SEARCH-0081","Crossref","2026-07-31","Determining Sample Size in Experimental Studies","J. P. Verma; Priyam Verma","2020","10.1007/978-981-15-5204-5_6","10.1007/978-981-15-5204-5_6","C-DUP-0586","TITLE_ABSTRACT_EXCLUDED","Not directly relevant to adjacent model-discrimination or decision-theory transfer after title/metadata screening.","LEVEL_3_DISCOVERY_ONLY","","audit/phase2_raw_search_results/C/PHASE2-SEARCH-0081_crossref.json","Prospective Workstream C occurrence; raw snapshot: audit/phase2_raw_search_results/C/PHASE2-SEARCH-0081_crossref.json"
"C0695","PHASE2-SEARCH-0081","Crossref","2026-07-31","CHAPTER 2. Experimental Design: Sample Collection, Sample Size, Power Calculations, Essential Assumptions and Univariate Approaches to Metabolomics Analysis","Martin Grootveld; Victor Ruiz Rodado","2014","10.1039/9781849735162-00035","10.1039/9781849735162-00035","C-DUP-0587","TITLE_ABSTRACT_EXCLUDED","Not directly relevant to adjacent model-discrimination or decision-theory transfer after title/metadata screening.","LEVEL_3_DISCOVERY_ONLY","","audit/phase2_raw_search_results/C/PHASE2-SEARCH-0081_crossref.json","Prospective Workstream C occurrence; raw snapshot: audit/phase2_raw_search_results/C/PHASE2-SEARCH-0081_crossref.json"
"C0696","PHASE2-SEARCH-0081","Crossref","2026-07-31","Design, Sample Size, and Power","","2020","10.1002/9781119541509.ch12","10.1002/9781119541509.ch12","C-DUP-0588","TITLE_ABSTRACT_EXCLUDED","Not directly relevant to adjacent model-discrimination or decision-theory transfer after title/metadata screening.","LEVEL_3_DISCOVERY_ONLY","","audit/phase2_raw_search_results/C/PHASE2-SEARCH-0081_crossref.json","Prospective Workstream C occurrence; raw snapshot: audit/phase2_raw_search_results/C/PHASE2-SEARCH-0081_crossref.json"
"C0697","PHASE2-SEARCH-0081","Crossref","2026-07-31","Sample Size Determination in Completely Randomised Designs","","2011","10.1201/b10934-8","10.1201/b10934-8","C-DUP-0589","TITLE_ABSTRACT_EXCLUDED","Not directly relevant to adjacent model-discrimination or decision-theory transfer after title/metadata screening.","LEVEL_3_DISCOVERY_ONLY","","audit/phase2_raw_search_results/C/PHASE2-SEARCH-0081_crossref.json","Prospective Workstream C occurrence; raw snapshot: audit/phase2_raw_search_results/C/PHASE2-SEARCH-0081_crossref.json"
"C0698","PHASE2-SEARCH-0081","Crossref","2026-07-31","Sample Size Calculation: Inaccurate A Priori Assumptions for Nuisance Parameters Can Greatly Affect the Power of a Randomized Controlled Trial","Elsa Tavernier; Bruno Giraudeau","2015","10.1371/journal.pone.0132578","10.1371/journal.pone.0132578","C-DUP-0590","TITLE_ABSTRACT_INCLUDED","","LEVEL_3_DISCOVERY_ONLY","","audit/phase2_raw_search_results/C/PHASE2-SEARCH-0081_crossref.json","Prospective Workstream C occurrence; raw snapshot: audit/phase2_raw_search_results/C/PHASE2-SEARCH-0081_crossref.json"
"C0699","PHASE2-SEARCH-0081","Crossref","2026-07-31","The cost of large numbers of hypothesis tests on power, effect size and sample size","L C Lazzeroni; A Ray","2010","10.1038/mp.2010.117","10.1038/mp.2010.117","C-DUP-0591","TITLE_ABSTRACT_EXCLUDED","Not directly relevant to adjacent model-discrimination or decision-theory transfer after title/metadata screening.","LEVEL_3_DISCOVERY_ONLY","","audit/phase2_raw_search_results/C/PHASE2-SEARCH-0081_crossref.json","Prospective Workstream C occurrence; raw snapshot: audit/phase2_raw_search_results/C/PHASE2-SEARCH-0081_crossref.json"
"C0700","PHASE2-SEARCH-0081","Crossref","2026-07-31","Sample Size and Power","Mallikarjuna Rettiganti","2014","10.1891/9781617050992.0029","10.1891/9781617050992.0029","C-DUP-0592","TITLE_ABSTRACT_EXCLUDED","Not directly relevant to adjacent model-discrimination or decision-theory transfer after title/metadata screening.","LEVEL_3_DISCOVERY_ONLY","","audit/phase2_raw_search_results/C/PHASE2-SEARCH-0081_crossref.json","Prospective Workstream C occurrence; raw snapshot: audit/phase2_raw_search_results/C/PHASE2-SEARCH-0081_crossref.json"
"C0701","PHASE2-SEARCH-0081","Crossref","2026-07-31","Power and Sample Size Determination","","1999","10.1201/9781420002027-6","10.1201/9781420002027-6","C-DUP-0593","TITLE_ABSTRACT_EXCLUDED","Not directly relevant to adjacent model-discrimination or decision-theory transfer after title/metadata screening.","LEVEL_3_DISCOVERY_ONLY","","audit/phase2_raw_search_results/C/PHASE2-SEARCH-0081_crossref.json","Prospective Workstream C occurrence; raw snapshot: audit/phase2_raw_search_results/C/PHASE2-SEARCH-0081_crossref.json"
"C0702","PHASE2-SEARCH-0081","Crossref","2026-07-31","Faculty Opinions recommendation of The PowerAtlas: a power and sample size atlas for microarray experimental design and research.","Charles Auffray","2007","10.3410/f.1090975.544341","10.3410/f.1090975.544341","C-DUP-0594","TITLE_ABSTRACT_EXCLUDED","Not directly relevant to adjacent model-discrimination or decision-theory transfer after title/metadata screening.","LEVEL_3_DISCOVERY_ONLY","","audit/phase2_raw_search_results/C/PHASE2-SEARCH-0081_crossref.json","Prospective Workstream C occurrence; raw snapshot: audit/phase2_raw_search_results/C/PHASE2-SEARCH-0081_crossref.json"
"C0703","PHASE2-SEARCH-0081","Crossref","2026-07-31","ssizeRNA: Sample Size Calculation for RNA-Seq Experimental Design","Ran Bi; Peng Liu","2015","10.32614/cran.package.ssizerna","10.32614/cran.package.ssizerna","C-DUP-0595","TITLE_ABSTRACT_EXCLUDED","Not directly relevant to adjacent model-discrimination or decision-theory transfer after title/metadata screening.","LEVEL_3_DISCOVERY_ONLY","","audit/phase2_raw_search_results/C/PHASE2-SEARCH-0081_crossref.json","Prospective Workstream C occurrence; raw snapshot: audit/phase2_raw_search_results/C/PHASE2-SEARCH-0081_crossref.json"
"C0704","PHASE2-SEARCH-0081","Crossref","2026-07-31","Experimental design, power and sample size for animal reproduction experiments","Phillip L. Chapman; George E. Seidel, Jr.","2007","10.1071/rd07183","10.1071/rd07183","C-DUP-0596","TITLE_ABSTRACT_EXCLUDED","Not directly relevant to adjacent model-discrimination or decision-theory transfer after title/metadata screening.","LEVEL_3_DISCOVERY_ONLY","","audit/phase2_raw_search_results/C/PHASE2-SEARCH-0081_crossref.json","Prospective Workstream C occurrence; raw snapshot: audit/phase2_raw_search_results/C/PHASE2-SEARCH-0081_crossref.json"
"C0705","PHASE2-SEARCH-0081","Crossref","2026-07-31","Hypothesis testing and sample size considerations for the test-negative design","Yanan Huo; Yang Yang; M. Elizabeth Halloran; Ira M. Longini; Natalie E. Dean","2023","10.21203/rs.3.rs-3783493/v1","10.21203/rs.3.rs-3783493/v1","C-DUP-0597","TITLE_ABSTRACT_EXCLUDED","Not directly relevant to adjacent model-discrimination or decision-theory transfer after title/metadata screening.","LEVEL_3_DISCOVERY_ONLY","","audit/phase2_raw_search_results/C/PHASE2-SEARCH-0081_crossref.json","Prospective Workstream C occurrence; raw snapshot: audit/phase2_raw_search_results/C/PHASE2-SEARCH-0081_crossref.json"
"C0706","PHASE2-SEARCH-0081","Crossref","2026-07-31","Sample Size Determination in Completely Randomised Designs","","2011","10.1201/b10934-4","10.1201/b10934-4","C-DUP-0598","TITLE_ABSTRACT_EXCLUDED","Not directly relevant to adjacent model-discrimination or decision-theory transfer after title/metadata screening.","LEVEL_3_DISCOVERY_ONLY","","audit/phase2_raw_search_results/C/PHASE2-SEARCH-0081_crossref.json","Prospective Workstream C occurrence; raw snapshot: audit/phase2_raw_search_results/C/PHASE2-SEARCH-0081_crossref.json"
"C0707","PHASE2-SEARCH-0082","OpenAlex","2026-07-31","Partial Least Squares Structural Equation Modeling (PLS-SEM) Using R","Joseph F. Hair; G. Tomas M. Hult; Christian M. Ringle; Marko Sarstedt; Nicholas P. Danks; Soumya Ray","2021","10.1007/978-3-030-80519-7","https://openalex.org/W3210383951","C-DUP-0285","DUPLICATE","Duplicate DOI or normalized title of an earlier Phase 2 record.","LEVEL_3_DISCOVERY_ONLY","","audit/phase2_raw_search_results/C/PHASE2-SEARCH-0082_openalex.json","Prospective Workstream C occurrence; raw snapshot: audit/phase2_raw_search_results/C/PHASE2-SEARCH-0082_openalex.json"
"C0708","PHASE2-SEARCH-0082","OpenAlex","2026-07-31","Least angle regression","Bradley Efron; Trevor Hastie; Iain M. Johnstone; Robert Tibshirani","2004","10.1214/009053604000000067","https://openalex.org/W2063978378","C-DUP-0599","TITLE_ABSTRACT_EXCLUDED","Not directly relevant to adjacent model-discrimination or decision-theory transfer after title/metadata screening.","LEVEL_3_DISCOVERY_ONLY","","audit/phase2_raw_search_results/C/PHASE2-SEARCH-0082_openalex.json","Prospective Workstream C occurrence; raw snapshot: audit/phase2_raw_search_results/C/PHASE2-SEARCH-0082_openalex.json"
"C0709","PHASE2-SEARCH-0082","OpenAlex","2026-07-31","Consistent Partial Least Squares Path Modeling1","Theo K. Dijkstra; Jörg Henseler","2015","10.25300/misq/2015/39.2.02","https://openalex.org/W2138071797","C-DUP-0600","TITLE_ABSTRACT_EXCLUDED","Not directly relevant to adjacent model-discrimination or decision-theory transfer after title/metadata screening.","LEVEL_3_DISCOVERY_ONLY","","audit/phase2_raw_search_results/C/PHASE2-SEARCH-0082_openalex.json","Prospective Workstream C occurrence; raw snapshot: audit/phase2_raw_search_results/C/PHASE2-SEARCH-0082_openalex.json"
"C0710","PHASE2-SEARCH-0082","OpenAlex","2026-07-31","The use of partial least squares path modeling in international marketing","Jörg Henseler; Christian M. Ringle; Rudolf R. Sinkovics","2009","10.1108/s1474-7979(2009)0000020014","https://openalex.org/W2098419406","C-DUP-0298","DUPLICATE","Duplicate DOI or normalized title of an earlier Phase 2 record.","LEVEL_3_DISCOVERY_ONLY","","audit/phase2_raw_search_results/C/PHASE2-SEARCH-0082_openalex.json","Prospective Workstream C occurrence; raw snapshot: audit/phase2_raw_search_results/C/PHASE2-SEARCH-0082_openalex.json"
"C0711","PHASE2-SEARCH-0082","OpenAlex","2026-07-31","Statistical Modeling: The Two Cultures (with comments and a rejoinder by the author)","Leo Breiman","2001","10.1214/ss/1009213726","https://openalex.org/W2084341220","C-DUP-0289","DUPLICATE","Duplicate DOI or normalized title of an earlier Phase 2 record.","LEVEL_3_DISCOVERY_ONLY","","audit/phase2_raw_search_results/C/PHASE2-SEARCH-0082_openalex.json","Prospective Workstream C occurrence; raw snapshot: audit/phase2_raw_search_results/C/PHASE2-SEARCH-0082_openalex.json"
"C0712","PHASE2-SEARCH-0082","OpenAlex","2026-07-31","Molecular Docking and Structure-Based Drug Design Strategies","Leonardo L. G. Ferreira; Ricardo Nascimento dos Santos; Glaucius Oliva; Adriano D. Andricopulo","2015","10.3390/molecules200713384","https://openalex.org/W1653739410","C-DUP-0601","TITLE_ABSTRACT_EXCLUDED","Not directly relevant to adjacent model-discrimination or decision-theory transfer after title/metadata screening.","LEVEL_3_DISCOVERY_ONLY","","audit/phase2_raw_search_results/C/PHASE2-SEARCH-0082_openalex.json","Prospective Workstream C occurrence; raw snapshot: audit/phase2_raw_search_results/C/PHASE2-SEARCH-0082_openalex.json"
"C0713","PHASE2-SEARCH-0082","OpenAlex","2026-07-31","Reversal of Fortune: Geography and Institutions in the Making of the Modern World Income Distribution","Daron Acemoğlu; Simon Johnson; Robinson James","2001","10.3386/w8460","https://openalex.org/W3021593216","C-DUP-0602","TITLE_ABSTRACT_EXCLUDED","Not directly relevant to adjacent model-discrimination or decision-theory transfer after title/metadata screening.","LEVEL_3_DISCOVERY_ONLY","","audit/phase2_raw_search_results/C/PHASE2-SEARCH-0082_openalex.json","Prospective Workstream C occurrence; raw snapshot: audit/phase2_raw_search_results/C/PHASE2-SEARCH-0082_openalex.json"
"C0714","PHASE2-SEARCH-0082","OpenAlex","2026-07-31","Challenges in Combining Projections from Multiple Climate Models","Reto Knutti; Reinhard Furrer; Claudia Tebaldi; Jan Čermák; Gerald A. Meehl","2009","10.1175/2009jcli3361.1","https://openalex.org/W2004053254","C-DUP-0297","DUPLICATE","Duplicate DOI or normalized title of an earlier Phase 2 record.","LEVEL_3_DISCOVERY_ONLY","","audit/phase2_raw_search_results/C/PHASE2-SEARCH-0082_openalex.json","Prospective Workstream C occurrence; raw snapshot: audit/phase2_raw_search_results/C/PHASE2-SEARCH-0082_openalex.json"
"C0715","PHASE2-SEARCH-0082","OpenAlex","2026-07-31","The Effects of Exposure to Better Neighborhoods on Children: New Evidence from the Moving to Opportunity Experiment","Raj Chetty; Nathaniel Hendren; Lawrence F. Katz","2016","10.1257/aer.20150572","https://openalex.org/W1484598383","C-DUP-0204","DUPLICATE","Duplicate DOI or normalized title of an earlier Phase 2 record.","LEVEL_3_DISCOVERY_ONLY","","audit/phase2_raw_search_results/C/PHASE2-SEARCH-0082_openalex.json","Prospective Workstream C occurrence; raw snapshot: audit/phase2_raw_search_results/C/PHASE2-SEARCH-0082_openalex.json"
"C0716","PHASE2-SEARCH-0082","OpenAlex","2026-07-31","Promoting novelty, rigor, and style in energy social science: Towards codes of practice for appropriate methods and research design","Benjamin K. Sovacool; Jonn Axsen; Steve Sorrell","2018","10.1016/j.erss.2018.07.007","https://openalex.org/W2895330846","C-DUP-0603","TITLE_ABSTRACT_EXCLUDED","Not directly relevant to adjacent model-discrimination or decision-theory transfer after title/metadata screening.","LEVEL_3_DISCOVERY_ONLY","","audit/phase2_raw_search_results/C/PHASE2-SEARCH-0082_openalex.json","Prospective Workstream C occurrence; raw snapshot: audit/phase2_raw_search_results/C/PHASE2-SEARCH-0082_openalex.json"
"C0717","PHASE2-SEARCH-0082","OpenAlex","2026-07-31","An overview of structural equation modeling: its beginnings, historical development, usefulness and controversies in the social sciences","Piotr Tarka","2017","10.1007/s11135-017-0469-8","https://openalex.org/W2570564972","C-DUP-0604","TITLE_ABSTRACT_EXCLUDED","Not directly relevant to adjacent model-discrimination or decision-theory transfer after title/metadata screening.","LEVEL_3_DISCOVERY_ONLY","","audit/phase2_raw_search_results/C/PHASE2-SEARCH-0082_openalex.json","Prospective Workstream C occurrence; raw snapshot: audit/phase2_raw_search_results/C/PHASE2-SEARCH-0082_openalex.json"
"C0718","PHASE2-SEARCH-0082","OpenAlex","2026-07-31","The Community Land Model Version 5: Description of New Features, Benchmarking, and Impact of Forcing Uncertainty","David M. Lawrence; Rosie A. Fisher; Charles D. Koven; Keith W. Oleson; Sean Swenson; Gordon B. Bonan; Nathan Collier; Bardan Ghimire; Leo van Kampenhout; Daniel Kennedy; Erik Kluzek; Peter Lawrence; Fang Li; Hong‐Yi Li; Danica Lombardozzi; W. J. Riley; William J. Sacks; Mingjie Shi; Mariana Vertenstein; William R. Wieder; Chonggang Xu; Ashehad A. Ali; Andrew M. Badger; Gautam Bisht; M. R. van den Broeke; Michael A. Brunke; Sean P. Burns; Jonathan Buzan; Martyn Clark; Anthony P Craig; Kyla M. Dahlin; Beth Drewniak; Joshua B. Fisher; M. Flanner; A. M. Fox; Pierre Gentine; Forrest M. Hoffman; G. Keppel‐Aleks; Ryan Knox; Sanjiv Kumar; Jan T. M. Lenaerts; L. Ruby Leung; William H. Lipscomb; Yaqiong Lü; Ashutosh Pandey; Jon D. Pelletier; J. Perket; James T. Randerson; Daniel Ricciuto; Benjamin M. Sanderson; A. G. Slater; Z. M. Subin; Jinyun Tang; R. Quinn Thomas; Maria Val Martin; Xubin Zeng","2019","10.1029/2018ms001583","https://openalex.org/W2981104727","C-DUP-0605","TITLE_ABSTRACT_EXCLUDED","Not directly relevant to adjacent model-discrimination or decision-theory transfer after title/metadata screening.","LEVEL_3_DISCOVERY_ONLY","","audit/phase2_raw_search_results/C/PHASE2-SEARCH-0082_openalex.json","Prospective Workstream C occurrence; raw snapshot: audit/phase2_raw_search_results/C/PHASE2-SEARCH-0082_openalex.json"
"C0719","PHASE2-SEARCH-0082","OpenAlex","2026-07-31","Molecular evolution of a novel hyperactive Sleeping Beauty transposase enables robust stable gene transfer in vertebrates","Lajos Mátés; Marinee Chuah; Eyayu Belay; Boris Jerchow; Namitha Manoj; Abel Acosta‐Sanchez; Dawid P. Grzela; Andrea Schmitt; Katja Becker; Janka Mátrai; Ling Ma; Ermira Samara-Kuko; Conny Gysemans; Diana Pryputniewicz; Csaba Miskey; Bradley S. Fletcher; Thierry VandenDriessche; Zoltán Ivics; Zsuzsanna Izsvák","2009","10.1038/ng.343","https://openalex.org/W2129042241","C-DUP-0606","TITLE_ABSTRACT_EXCLUDED","Not directly relevant to adjacent model-discrimination or decision-theory transfer after title/metadata screening.","LEVEL_3_DISCOVERY_ONLY","","audit/phase2_raw_search_results/C/PHASE2-SEARCH-0082_openalex.json","Prospective Workstream C occurrence; raw snapshot: audit/phase2_raw_search_results/C/PHASE2-SEARCH-0082_openalex.json"
"C0720","PHASE2-SEARCH-0082","OpenAlex","2026-07-31","CHARMM: The biomolecular simulation program","Bernard R. Brooks; Charles L. Brooks; Alexander D. MacKerell; Lennart Nilsson; Robert J. Petrella; Benoı̂t Roux; Youngdo Won; Georgios Archontis; Christian Bartels; Stefan Boresch; Amedeo Caflisch; Leo S. D. Caves; Qiang Cui; Aaron R. Dinner; Michael Feig; Stefan Fischer; Jun Gao; Milan Hodošček; Wonpil Im; Krzysztof Kuczera; Themis Lazaridis; Jianpeng Ma; Victor Ovchinnikov; Emanuele Paci; Richard W. Pastor; Carol Beth Post; Jingzhi Pu; Michael Schaefer; Bruce Tidor; Richard M. Venable; H. Lee Woodcock; Xiaojing Wu; Wei Yang; Darrin M. York; Martin Karplus","2009","10.1002/jcc.21287","https://openalex.org/W2132262459","C-DUP-0607","TITLE_ABSTRACT_EXCLUDED","Not directly relevant to adjacent model-discrimination or decision-theory transfer after title/metadata screening.","LEVEL_3_DISCOVERY_ONLY","","audit/phase2_raw_search_results/C/PHASE2-SEARCH-0082_openalex.json","Prospective Workstream C occurrence; raw snapshot: audit/phase2_raw_search_results/C/PHASE2-SEARCH-0082_openalex.json"
"C0721","PHASE2-SEARCH-0082","OpenAlex","2026-07-31","SimLex-999: Evaluating Semantic Models With (Genuine) Similarity Estimation","Felix Hill; Roi Reichart; Anna Korhonen","2015","10.1162/coli_a_00237","https://openalex.org/W1854884267","C-DUP-0608","TITLE_ABSTRACT_EXCLUDED","Not directly relevant to adjacent model-discrimination or decision-theory transfer after title/metadata screening.","LEVEL_3_DISCOVERY_ONLY","","audit/phase2_raw_search_results/C/PHASE2-SEARCH-0082_openalex.json","Prospective Workstream C occurrence; raw snapshot: audit/phase2_raw_search_results/C/PHASE2-SEARCH-0082_openalex.json"
"C0722","PHASE2-SEARCH-0082","OpenAlex","2026-07-31","","Jörg Henseler; Christian M. Ringle; Rudolf R. Sinkovics","2009","10.1108/s1474-7979(2009)0000020014","https://openalex.org/W3122877168","C-DUP-0298","DUPLICATE","Duplicate DOI or normalized title of an earlier Phase 2 record.","LEVEL_3_DISCOVERY_ONLY","","audit/phase2_raw_search_results/C/PHASE2-SEARCH-0082_openalex.json","Prospective Workstream C occurrence; raw snapshot: audit/phase2_raw_search_results/C/PHASE2-SEARCH-0082_openalex.json"
"C0723","PHASE2-SEARCH-0082","OpenAlex","2026-07-31","What’s in a p? Reassessing best practices for conducting and reporting hypothesis-testing research","Klaus E. Meyer; A. van Witteloostuijn; Sjoerd Beugelsdijk","2017","10.1057/s41267-017-0078-8","https://openalex.org/W2615383388","C-DUP-0609","TITLE_ABSTRACT_EXCLUDED","Not directly relevant to adjacent model-discrimination or decision-theory transfer after title/metadata screening.","LEVEL_3_DISCOVERY_ONLY","","audit/phase2_raw_search_results/C/PHASE2-SEARCH-0082_openalex.json","Prospective Workstream C occurrence; raw snapshot: audit/phase2_raw_search_results/C/PHASE2-SEARCH-0082_openalex.json"
"C0724","PHASE2-SEARCH-0082","OpenAlex","2026-07-31","A review of global terrestrial evapotranspiration: Observation, modeling, climatology, and climatic variability","Kaicun Wang; Robert E. Dickinson","2012","10.1029/2011rg000373","https://openalex.org/W2167453193","C-DUP-0610","TITLE_ABSTRACT_EXCLUDED","Not directly relevant to adjacent model-discrimination or decision-theory transfer after title/metadata screening.","LEVEL_3_DISCOVERY_ONLY","","audit/phase2_raw_search_results/C/PHASE2-SEARCH-0082_openalex.json","Prospective Workstream C occurrence; raw snapshot: audit/phase2_raw_search_results/C/PHASE2-SEARCH-0082_openalex.json"
"C0725","PHASE2-SEARCH-0082","OpenAlex","2026-07-31","Double/Debiased Machine Learning for Treatment and Structural Parameters","Victor Chernozhukov; Denis Chetverikov; Mert Demirer; Esther Duflo; Christian Hansen; Whitney K. Newey; James M. Robins","2017","10.3386/w23564","https://openalex.org/W2890118063","C-DUP-0560","DUPLICATE","Duplicate DOI or normalized title of an earlier Phase 2 record.","LEVEL_3_DISCOVERY_ONLY","","audit/phase2_raw_search_results/C/PHASE2-SEARCH-0082_openalex.json","Prospective Workstream C occurrence; raw snapshot: audit/phase2_raw_search_results/C/PHASE2-SEARCH-0082_openalex.json"
"C0726","PHASE2-SEARCH-0082","OpenAlex","2026-07-31","Partial least squares path modeling: Time for some serious second thoughts","Mikko Rönkkö; Cameron N. McIntosh; John Antonakis; Jeffrey R. Edwards","2016","10.1016/j.jom.2016.05.002","https://openalex.org/W2467386812","C-DUP-0611","TITLE_ABSTRACT_EXCLUDED","Not directly relevant to adjacent model-discrimination or decision-theory transfer after title/metadata screening.","LEVEL_3_DISCOVERY_ONLY","","audit/phase2_raw_search_results/C/PHASE2-SEARCH-0082_openalex.json","Prospective Workstream C occurrence; raw snapshot: audit/phase2_raw_search_results/C/PHASE2-SEARCH-0082_openalex.json"
"C0727","PHASE2-SEARCH-0082","OpenAlex","2026-07-31","Additive logistic regression: a statistical view of boosting (With discussion and a rejoinder by the authors)","Jerome H. Friedman; Trevor Hastie; Robert Tibshirani","2000","10.1214/aos/1016218223","https://openalex.org/W2024046085","C-DUP-0612","TITLE_ABSTRACT_EXCLUDED","Not directly relevant to adjacent model-discrimination or decision-theory transfer after title/metadata screening.","LEVEL_3_DISCOVERY_ONLY","","audit/phase2_raw_search_results/C/PHASE2-SEARCH-0082_openalex.json","Prospective Workstream C occurrence; raw snapshot: audit/phase2_raw_search_results/C/PHASE2-SEARCH-0082_openalex.json"
"C0728","PHASE2-SEARCH-0082","OpenAlex","2026-07-31","GPT-4 Technical Report","OpenAI; Achiam, Josh; Adler, Steven; Agarwal, Sandhini; Ahmad, Lama; Akkaya, Ilge; Aleman, Florencia Leoni; Almeida, Diogo; Altenschmidt, Janko; Altman, Sam; Anadkat, Shyamal; Avila, Red; Babuschkin, Igor; Balaji, Suchir; Balcom, Valerie; Baltescu, Paul; Bao, Haiming; Bavarian, Mohammad; Belgum, Jeff; Bello, Irwan; Berdine, Jake; Bernadett-Shapiro, Gabriel; Berner, Christopher; Bogdonoff, Lenny; Boiko, Oleg; Boyd, Madelaine; Brakman, Anna-Luisa; Brockman, Greg; Brooks, Tim; Brundage, Miles; Button, Kevin; Cai, Trevor; Campbell, Rosie; Cann, Andrew; Carey, Brittany; Carlson, Chelsea; Carmichael, Rory; Chan, Brooke; Chang, Che; Chantzis, Fotis; Chen, Derek; Chen, Sully; Chen, Ruby; Chen, Jason; Chen, Mark; Chess, Ben; Cho, Chester; Chu, Casey; Chung, Hyung Won; Cummings, Dave; Currier, Jeremiah; Dai, Yunxing; Decareaux, Cory; Degry, Thomas; Deutsch, Noah; Deville, Damien; Dhar, Arka; Dohan, David; Dowling, Steve; Dunning, Sheila; Ecoffet, Adrien; Eleti, Atty; Eloundou, Tyna; Farhi, David; Fedus, Liam; Felix, Niko; Fishman, Simón Posada; Forte, Juston; Fulford, Isabella; Gao, Leo; Georges, Elie; Gibson, Christian; Goel, Vik; Gogineni, Tarun; Goh, Gabriel; Gontijo-Lopes, Rapha; Gordon, Jonathan; Grafstein, Morgan; Gray, Scott; Greene, Ryan; Gross, Joshua; Gu, Shixiang Shane; Guo, Yufei; Hallacy, Chris; Han, Jesse; Harris, Jeff; He, Yuchen; Heaton, Mike; Heidecke, Johannes; Hesse, Chris; Hickey, Alan; Hickey, Wade; Hoeschele, Peter; Houghton, Brandon; Hsu, Kenny; Hu, Shengli; Hu, Xin; Huizinga, Joost; Jain, Shantanu; Jain, Shawn","2023","10.4230/lipics.cosit.2024.11","https://openalex.org/W4327810158","C-DUP-0613","TITLE_ABSTRACT_EXCLUDED","Not directly relevant to adjacent model-discrimination or decision-theory transfer after title/metadata screening.","LEVEL_3_DISCOVERY_ONLY","","audit/phase2_raw_search_results/C/PHASE2-SEARCH-0082_openalex.json","Prospective Workstream C occurrence; raw snapshot: audit/phase2_raw_search_results/C/PHASE2-SEARCH-0082_openalex.json"
"C0729","PHASE2-SEARCH-0082","OpenAlex","2026-07-31","Predicting drug metabolism: experiment and/or computation?","Johannes Kirchmair; Andreas H. Göller; Dieter Lang; Jens Kunze; Bernard Testa; Ian D. Wilson; Robert C. Glen; Gisbert Schneider","2015","10.1038/nrd4581","https://openalex.org/W2069457036","C-DUP-0614","TITLE_ABSTRACT_EXCLUDED","Not directly relevant to adjacent model-discrimination or decision-theory transfer after title/metadata screening.","LEVEL_3_DISCOVERY_ONLY","","audit/phase2_raw_search_results/C/PHASE2-SEARCH-0082_openalex.json","Prospective Workstream C occurrence; raw snapshot: audit/phase2_raw_search_results/C/PHASE2-SEARCH-0082_openalex.json"
"C0730","PHASE2-SEARCH-0082","OpenAlex","2026-07-31","Optimal Design for Degradation Tests Based on Gamma Processes With Random Effects","Chih‐Chun Tsai; Sheng‐Tsaing Tseng; N. Balakrishnan","2012","10.1109/tr.2012.2194351","https://openalex.org/W2069719474","C-DUP-0188","DUPLICATE","Duplicate DOI or normalized title of an earlier Phase 2 record.","LEVEL_3_DISCOVERY_ONLY","","audit/phase2_raw_search_results/C/PHASE2-SEARCH-0082_openalex.json","Prospective Workstream C occurrence; raw snapshot: audit/phase2_raw_search_results/C/PHASE2-SEARCH-0082_openalex.json"
"C0731","PHASE2-SEARCH-0082","OpenAlex","2026-07-31","Bayesian Item Response Modeling in <i>R</i> with <b>brms</b> and <i>Stan</i>","Paul‐Christian Bürkner","2021","10.18637/jss.v100.i05","https://openalex.org/W3214743865","C-DUP-0615","TITLE_ABSTRACT_EXCLUDED","Not directly relevant to adjacent model-discrimination or decision-theory transfer after title/metadata screening.","LEVEL_3_DISCOVERY_ONLY","","audit/phase2_raw_search_results/C/PHASE2-SEARCH-0082_openalex.json","Prospective Workstream C occurrence; raw snapshot: audit/phase2_raw_search_results/C/PHASE2-SEARCH-0082_openalex.json"
"C0732","PHASE2-SEARCH-0083","Crossref","2026-07-31","Robust Kalman Filtering: Asymptotic Analysis of the Least Favorable Model","Mattia Zorzi; Bernard C. Levy","2018","10.1109/cdc.2018.8619658","10.1109/cdc.2018.8619658","C-DUP-0616","TITLE_ABSTRACT_EXCLUDED","Not directly relevant to adjacent model-discrimination or decision-theory transfer after title/metadata screening.","LEVEL_3_DISCOVERY_ONLY","","audit/phase2_raw_search_results/C/PHASE2-SEARCH-0083_crossref.json","Prospective Workstream C occurrence; raw snapshot: audit/phase2_raw_search_results/C/PHASE2-SEARCH-0083_crossref.json"
"C0733","PHASE2-SEARCH-0083","Crossref","2026-07-31","Robust model predictive control with least favorable measurements","Daniel Lyons; Achim Hekler; Markus Kuderer; Uwe D. Hanebeck","2010","10.1109/mfi.2010.5604452","10.1109/mfi.2010.5604452","C-DUP-0617","TITLE_ABSTRACT_EXCLUDED","Not directly relevant to adjacent model-discrimination or decision-theory transfer after title/metadata screening.","LEVEL_3_DISCOVERY_ONLY","","audit/phase2_raw_search_results/C/PHASE2-SEARCH-0083_crossref.json","Prospective Workstream C occurrence; raw snapshot: audit/phase2_raw_search_results/C/PHASE2-SEARCH-0083_crossref.json"
"C0734","PHASE2-SEARCH-0083","Crossref","2026-07-31","Multistage Distributionally Robust Design of a Renewable Source Processing Network under Uncertainty","","","10.1021/acs.iecr.1c00446.s001","10.1021/acs.iecr.1c00446.s001","C-DUP-0618","TITLE_ABSTRACT_EXCLUDED","Not directly relevant to adjacent model-discrimination or decision-theory transfer after title/metadata screening.","LEVEL_3_DISCOVERY_ONLY","","audit/phase2_raw_search_results/C/PHASE2-SEARCH-0083_crossref.json","Prospective Workstream C occurrence; raw snapshot: audit/phase2_raw_search_results/C/PHASE2-SEARCH-0083_crossref.json"
"C0735","PHASE2-SEARCH-0083","Crossref","2026-07-31","Risk-Averse Distributionally Robust Optimization for Resilient Biomass Supply Chain Network Design","","","10.1021/acs.iecr.5c00380.s001","10.1021/acs.iecr.5c00380.s001","C-DUP-0619","TITLE_ABSTRACT_EXCLUDED","Not directly relevant to adjacent model-discrimination or decision-theory transfer after title/metadata screening.","LEVEL_3_DISCOVERY_ONLY","","audit/phase2_raw_search_results/C/PHASE2-SEARCH-0083_crossref.json","Prospective Workstream C occurrence; raw snapshot: audit/phase2_raw_search_results/C/PHASE2-SEARCH-0083_crossref.json"
"C0736","PHASE2-SEARCH-0083","Crossref","2026-07-31","Robust Decentralized Hypothesis Testing","Gökhan Gül","2017","10.1007/978-3-319-49286-5_6","10.1007/978-3-319-49286-5_6","C-DUP-0260","DUPLICATE","Duplicate DOI or normalized title of an earlier Phase 2 record.","LEVEL_3_DISCOVERY_ONLY","","audit/phase2_raw_search_results/C/PHASE2-SEARCH-0083_crossref.json","Prospective Workstream C occurrence; raw snapshot: audit/phase2_raw_search_results/C/PHASE2-SEARCH-0083_crossref.json"
"C0737","PHASE2-SEARCH-0083","Crossref","2026-07-31","A Distributionally Robust Optimization Model for Cracking Furnace Scheduling under Product Price Uncertainty","","","10.1021/acs.iecr.5c01440.s002","10.1021/acs.iecr.5c01440.s002","C-DUP-0620","TITLE_ABSTRACT_EXCLUDED","Not directly relevant to adjacent model-discrimination or decision-theory transfer after title/metadata screening.","LEVEL_3_DISCOVERY_ONLY","","audit/phase2_raw_search_results/C/PHASE2-SEARCH-0083_crossref.json","Prospective Workstream C occurrence; raw snapshot: audit/phase2_raw_search_results/C/PHASE2-SEARCH-0083_crossref.json"
"C0738","PHASE2-SEARCH-0083","Crossref","2026-07-31","Robust Hypothesis Testing with Multiple Distances","Gökhan Gül","2017","10.1007/978-3-319-49286-5_4","10.1007/978-3-319-49286-5_4","C-DUP-0262","DUPLICATE","Duplicate DOI or normalized title of an earlier Phase 2 record.","LEVEL_3_DISCOVERY_ONLY","","audit/phase2_raw_search_results/C/PHASE2-SEARCH-0083_crossref.json","Prospective Workstream C occurrence; raw snapshot: audit/phase2_raw_search_results/C/PHASE2-SEARCH-0083_crossref.json"
"C0739","PHASE2-SEARCH-0083","Crossref","2026-07-31","A Distributionally Robust Chance-Constrained Model for Humanitarian Relief Network Design","Zhenlong Jiang; Ran Ji; Dong Sasha","2022","10.2139/ssrn.4125866","10.2139/ssrn.4125866","C-DUP-0621","TITLE_ABSTRACT_EXCLUDED","Not directly relevant to adjacent model-discrimination or decision-theory transfer after title/metadata screening.","LEVEL_3_DISCOVERY_ONLY","","audit/phase2_raw_search_results/C/PHASE2-SEARCH-0083_crossref.json","Prospective Workstream C occurrence; raw snapshot: audit/phase2_raw_search_results/C/PHASE2-SEARCH-0083_crossref.json"
"C0740","PHASE2-SEARCH-0083","Crossref","2026-07-31","Robust Hypothesis Testing with Repeated Observations","Gökhan Gül","2017","10.1007/978-3-319-49286-5_5","10.1007/978-3-319-49286-5_5","C-DUP-0264","DUPLICATE","Duplicate DOI or normalized title of an earlier Phase 2 record.","LEVEL_3_DISCOVERY_ONLY","","audit/phase2_raw_search_results/C/PHASE2-SEARCH-0083_crossref.json","Prospective Workstream C occurrence; raw snapshot: audit/phase2_raw_search_results/C/PHASE2-SEARCH-0083_crossref.json"
"C0741","PHASE2-SEARCH-0083","Crossref","2026-07-31","A Distributionally Robust Chance-Constrained Model for Humanitarian Relief Network Design","Zhenlong Jiang; Ran Ji; Sasha Dong","2021","10.2139/ssrn.3929286","10.2139/ssrn.3929286","C-DUP-0622","TITLE_ABSTRACT_EXCLUDED","Not directly relevant to adjacent model-discrimination or decision-theory transfer after title/metadata screening.","LEVEL_3_DISCOVERY_ONLY","","audit/phase2_raw_search_results/C/PHASE2-SEARCH-0083_crossref.json","Prospective Workstream C occurrence; raw snapshot: audit/phase2_raw_search_results/C/PHASE2-SEARCH-0083_crossref.json"
"C0742","PHASE2-SEARCH-0083","Crossref","2026-07-31","A Distributionally Robust Optimization Approach to Model Risk in Mathematical Finance","Nathan Sauldubois","","10.70675/d584991cza57cz4ea2zbb74zd1e5e6e22fe3","10.70675/d584991cza57cz4ea2zbb74zd1e5e6e22fe3","C-DUP-0623","TITLE_ABSTRACT_EXCLUDED","Not directly relevant to adjacent model-discrimination or decision-theory transfer after title/metadata screening.","LEVEL_3_DISCOVERY_ONLY","","audit/phase2_raw_search_results/C/PHASE2-SEARCH-0083_crossref.json","Prospective Workstream C occurrence; raw snapshot: audit/phase2_raw_search_results/C/PHASE2-SEARCH-0083_crossref.json"
"C0743","PHASE2-SEARCH-0083","Crossref","2026-07-31","GAST-DRO: Generalised Adversarial Stress Testing with Distributionally Robust Optimisation for UK SME Credit Portfolios","John Christiansen","2026","10.2139/ssrn.6177625","10.2139/ssrn.6177625","C-DUP-0624","TITLE_ABSTRACT_EXCLUDED","Not directly relevant to adjacent model-discrimination or decision-theory transfer after title/metadata screening.","LEVEL_3_DISCOVERY_ONLY","","audit/phase2_raw_search_results/C/PHASE2-SEARCH-0083_crossref.json","Prospective Workstream C occurrence; raw snapshot: audit/phase2_raw_search_results/C/PHASE2-SEARCH-0083_crossref.json"
"C0744","PHASE2-SEARCH-0083","Crossref","2026-07-31","Robust Hypothesis Testing with a Single Distance","Gökhan Gül","2017","10.1007/978-3-319-49286-5_3","10.1007/978-3-319-49286-5_3","C-DUP-0265","DUPLICATE","Duplicate DOI or normalized title of an earlier Phase 2 record.","LEVEL_3_DISCOVERY_ONLY","","audit/phase2_raw_search_results/C/PHASE2-SEARCH-0083_crossref.json","Prospective Workstream C occurrence; raw snapshot: audit/phase2_raw_search_results/C/PHASE2-SEARCH-0083_crossref.json"
"C0745","PHASE2-SEARCH-0083","Crossref","2026-07-31","Supplemental Material for Distributionally Weighted Least Squares in Structural Equation Modeling","","2021","10.1037/met0000388.supp","10.1037/met0000388.supp","C-DUP-0625","TITLE_ABSTRACT_EXCLUDED","Not directly relevant to adjacent model-discrimination or decision-theory transfer after title/metadata screening.","LEVEL_3_DISCOVERY_ONLY","","audit/phase2_raw_search_results/C/PHASE2-SEARCH-0083_crossref.json","Prospective Workstream C occurrence; raw snapshot: audit/phase2_raw_search_results/C/PHASE2-SEARCH-0083_crossref.json"
"C0746","PHASE2-SEARCH-0083","Crossref","2026-07-31","FROM SCIENCE TO CHRISTIANITY: HYPOTHESIS TESTING, THEORY, MODEL, EXPERIMENT AND PRACTICE","Robert W.P. Luk","2024","10.2139/ssrn.4898308","10.2139/ssrn.4898308","C-DUP-0626","TITLE_ABSTRACT_EXCLUDED","Not directly relevant to adjacent model-discrimination or decision-theory transfer after title/metadata screening.","LEVEL_3_DISCOVERY_ONLY","","audit/phase2_raw_search_results/C/PHASE2-SEARCH-0083_crossref.json","Prospective Workstream C occurrence; raw snapshot: audit/phase2_raw_search_results/C/PHASE2-SEARCH-0083_crossref.json"
"C0747","PHASE2-SEARCH-0083","Crossref","2026-07-31","Introduction to Robust Estimation and Hypothesis Testing","","2022","10.1016/c2019-0-01225-3","10.1016/c2019-0-01225-3","C-DUP-0267","DUPLICATE","Duplicate DOI or normalized title of an earlier Phase 2 record.","LEVEL_3_DISCOVERY_ONLY","","audit/phase2_raw_search_results/C/PHASE2-SEARCH-0083_crossref.json","Prospective Workstream C occurrence; raw snapshot: audit/phase2_raw_search_results/C/PHASE2-SEARCH-0083_crossref.json"
"C0748","PHASE2-SEARCH-0083","Crossref","2026-07-31","Erratum to: Robust Hypothesis Testing with a Single Distance","Gökhan Gül","2017","10.1007/978-3-319-49286-5_9","10.1007/978-3-319-49286-5_9","C-DUP-0266","DUPLICATE","Duplicate DOI or normalized title of an earlier Phase 2 record.","LEVEL_3_DISCOVERY_ONLY","","audit/phase2_raw_search_results/C/PHASE2-SEARCH-0083_crossref.json","Prospective Workstream C occurrence; raw snapshot: audit/phase2_raw_search_results/C/PHASE2-SEARCH-0083_crossref.json"
"C0749","PHASE2-SEARCH-0083","Crossref","2026-07-31","Introduction to Robust Estimation and Hypothesis Testing","","2012","10.1016/c2010-0-67044-1","10.1016/c2010-0-67044-1","C-DUP-0268","DUPLICATE","Duplicate DOI or normalized title of an earlier Phase 2 record.","LEVEL_3_DISCOVERY_ONLY","","audit/phase2_raw_search_results/C/PHASE2-SEARCH-0083_crossref.json","Prospective Workstream C occurrence; raw snapshot: audit/phase2_raw_search_results/C/PHASE2-SEARCH-0083_crossref.json"
"C0750","PHASE2-SEARCH-0083","Crossref","2026-07-31","Robust estimation and hypothesis testing in 2K factorial design","Birdal ŞENOĞLU","2007","10.1501/0003162","10.1501/0003162","C-DUP-0627","TITLE_ABSTRACT_EXCLUDED","Not directly relevant to adjacent model-discrimination or decision-theory transfer after title/metadata screening.","LEVEL_3_DISCOVERY_ONLY","","audit/phase2_raw_search_results/C/PHASE2-SEARCH-0083_crossref.json","Prospective Workstream C occurrence; raw snapshot: audit/phase2_raw_search_results/C/PHASE2-SEARCH-0083_crossref.json"
"C0751","PHASE2-SEARCH-0083","Crossref","2026-07-31","Distributionally Robust Mechanism Design","aaal Kooyiiit; Wolfram Wiesemann","2017","10.2139/ssrn.2956273","10.2139/ssrn.2956273","C-DUP-0628","TITLE_ABSTRACT_EXCLUDED","Not directly relevant to adjacent model-discrimination or decision-theory transfer after title/metadata screening.","LEVEL_3_DISCOVERY_ONLY","","audit/phase2_raw_search_results/C/PHASE2-SEARCH-0083_crossref.json","Prospective Workstream C occurrence; raw snapshot: audit/phase2_raw_search_results/C/PHASE2-SEARCH-0083_crossref.json"
"C0752","PHASE2-SEARCH-0083","Crossref","2026-07-31","Robust Regression","Rand Wilcox","2012","10.1016/b978-0-12-386983-8.00010-x","10.1016/b978-0-12-386983-8.00010-x","C-DUP-0269","DUPLICATE","Duplicate DOI or normalized title of an earlier Phase 2 record.","LEVEL_3_DISCOVERY_ONLY","","audit/phase2_raw_search_results/C/PHASE2-SEARCH-0083_crossref.json","Prospective Workstream C occurrence; raw snapshot: audit/phase2_raw_search_results/C/PHASE2-SEARCH-0083_crossref.json"
"C0753","PHASE2-SEARCH-0083","Crossref","2026-07-31","Robust Regression","Rand Wilcox","2017","10.1016/b978-0-12-804733-0.00010-x","10.1016/b978-0-12-804733-0.00010-x","C-DUP-0270","DUPLICATE","Duplicate DOI or normalized title of an earlier Phase 2 record.","LEVEL_3_DISCOVERY_ONLY","","audit/phase2_raw_search_results/C/PHASE2-SEARCH-0083_crossref.json","Prospective Workstream C occurrence; raw snapshot: audit/phase2_raw_search_results/C/PHASE2-SEARCH-0083_crossref.json"
"C0754","PHASE2-SEARCH-0083","Crossref","2026-07-31","Models and algorithms for distributionally robust least squares problems","Sanjay Mehrotra; He Zhang","2013","10.1007/s10107-013-0681-9","10.1007/s10107-013-0681-9","C-DUP-0629","TITLE_ABSTRACT_EXCLUDED","Not directly relevant to adjacent model-discrimination or decision-theory transfer after title/metadata screening.","LEVEL_3_DISCOVERY_ONLY","","audit/phase2_raw_search_results/C/PHASE2-SEARCH-0083_crossref.json","Prospective Workstream C occurrence; raw snapshot: audit/phase2_raw_search_results/C/PHASE2-SEARCH-0083_crossref.json"
"C0755","PHASE2-SEARCH-0083","Crossref","2026-07-31","Generalization Bounds with Minimal Dependency on Hypothesis Class Via Distributionally Robust Optimization","Yibo Zeng; Henry Lam","2022","10.52202/068431-2000","10.52202/068431-2000","C-DUP-0630","TITLE_ABSTRACT_EXCLUDED","Not directly relevant to adjacent model-discrimination or decision-theory transfer after title/metadata screening.","LEVEL_3_DISCOVERY_ONLY","","audit/phase2_raw_search_results/C/PHASE2-SEARCH-0083_crossref.json","Prospective Workstream C occurrence; raw snapshot: audit/phase2_raw_search_results/C/PHASE2-SEARCH-0083_crossref.json"
"C0756","PHASE2-SEARCH-0083","Crossref","2026-07-31","Robust estimation and variable selection in heteroscedastic regression model using least favorable distribution","Yeşim Güney; Yetkin Tuaç; Şenay Özdemir; Olcay Arslan","2020","10.1007/s00180-020-01036-5","10.1007/s00180-020-01036-5","C-DUP-0631","TITLE_ABSTRACT_EXCLUDED","Not directly relevant to adjacent model-discrimination or decision-theory transfer after title/metadata screening.","LEVEL_3_DISCOVERY_ONLY","","audit/phase2_raw_search_results/C/PHASE2-SEARCH-0083_crossref.json","Prospective Workstream C occurrence; raw snapshot: audit/phase2_raw_search_results/C/PHASE2-SEARCH-0083_crossref.json"
"C0757","PHASE2-SEARCH-0024","PMC supplementary discovery","2026-07-31","Bayesian T-optimal discriminating designs","Holger Dette; Viatcheslav B. Melas; Roman Guchenko","2015","10.1214/15-AOS1333","10.1214/15-AOS1333","C-DUP-0632","FULL_TEXT_INCLUDED","","LEVEL_1_LOAD_BEARING","P0040","audit/phase2_raw_search_results/C/PMC4793413_fulltext.xml","Supplementary primary-source discovery; raw full text: audit/phase2_raw_search_results/C/PMC4793413_fulltext.xml"
"C0758","PHASE2-SEARCH-0034","PMLR supplementary discovery","2026-07-31","Optimal Best Arm Identification with Fixed Confidence","Aurélien Garivier; Emilie Kaufmann","2016","PMLR-v49-garivier16a","PMLR-v49-garivier16a","C-DUP-0633","FULL_TEXT_INCLUDED","","LEVEL_1_LOAD_BEARING","P0042","audit/phase2_raw_search_results/C/PHASE2-SEARCH-0034_pmlr_supplementary.html","Supplementary primary-source discovery; official snapshot: audit/phase2_raw_search_results/C/PHASE2-SEARCH-0034_pmlr_supplementary.html"
"C0759","PHASE2-SEARCH-0067","OpenAlex anchor verification","2026-07-31","Sequential controlled sensing for composite multihypothesis testing","Abhishek Deshmukh; Venugopal V. Veeravalli; Srinivasa Bhashyam","2021","10.1080/07474946.2021.1912525","https://openalex.org/W3179599115","C-DUP-0137","DUPLICATE","Anchor record duplicates the earlier PHASE2-SEARCH-0027 record.","LEVEL_3_DISCOVERY_ONLY","P0028","audit/phase2_raw_search_results/C/PHASE2-SEARCH-0067_anchor_openalex.json","Anchor verification occurrence; raw snapshot: audit/phase2_raw_search_results/C/PHASE2-SEARCH-0067_anchor_openalex.json"
"C0760","PHASE2-SEARCH-0068","OpenAlex anchor verification","2026-07-31","Minimax Robust Hypothesis Testing","Gökhan Gül; Abdelhak M. Zoubir","2017","10.1109/TIT.2017.2693198","https://openalex.org/W2610642392","C-DUP-0257","DUPLICATE","Anchor record duplicates the earlier PHASE2-SEARCH-0032 record.","LEVEL_3_DISCOVERY_ONLY","P0041","audit/phase2_raw_search_results/C/PHASE2-SEARCH-0068_anchor_openalex.json","Anchor verification occurrence; raw snapshot: audit/phase2_raw_search_results/C/PHASE2-SEARCH-0068_anchor_openalex.json"
