condition,state_id,target_name,internal_target_id,direct_or_reporter,carbon_count,mass_index,mass_isotopologue,fraction
condition0,theta0_sample_000,Pyruvate,pyruvate,direct,3,0,M+0,0.26728151706572545
condition0,theta0_sample_000,Pyruvate,pyruvate,direct,3,1,M+1,0.032021573403653122
condition0,theta0_sample_000,Pyruvate,pyruvate,direct,3,2,M+2,0.034112301995517527
condition0,theta0_sample_000,Pyruvate,pyruvate,direct,3,3,M+3,0.66658460753510407
condition0,theta0_sample_000,Alanine,alanine,reporter,3,0,M+0,0.26728151706572545
condition0,theta0_sample_000,Alanine,alanine,reporter,3,1,M+1,0.032021573403653122
condition0,theta0_sample_000,Alanine,alanine,reporter,3,2,M+2,0.034112301995517527
condition0,theta0_sample_000,Alanine,alanine,reporter,3,3,M+3,0.66658460753510407
condition0,theta0_sample_000,Lactate,lactate,reporter,3,0,M+0,0.26728151706572545
condition0,theta0_sample_000,Lactate,lactate,reporter,3,1,M+1,0.032021573403653122
condition0,theta0_sample_000,Lactate,lactate,reporter,3,2,M+2,0.034112301995517527
condition0,theta0_sample_000,Lactate,lactate,reporter,3,3,M+3,0.66658460753510407
condition0,theta0_sample_000,Citrate,citrate,reporter,6,0,M+0,0.017063833786351439
condition0,theta0_sample_000,Citrate,citrate,reporter,6,1,M+1,0.035463653474847694
condition0,theta0_sample_000,Citrate,citrate,reporter,6,2,M+2,0.10163419767822938
condition0,theta0_sample_000,Citrate,citrate,reporter,6,3,M+3,0.14480783402211936
condition0,theta0_sample_000,Citrate,citrate,reporter,6,4,M+4,0.26626895615153895
condition0,theta0_sample_000,Citrate,citrate,reporter,6,5,M+5,0.14680052482530012
condition0,theta0_sample_000,Citrate,citrate,reporter,6,6,M+6,0.2879610000616134
condition0,theta0_sample_000,aKG,akg,direct,5,0,M+0,0.02232258420820064
condition0,theta0_sample_000,aKG,akg,direct,5,1,M+1,0.061301237479825715
condition0,theta0_sample_000,aKG,akg,direct,5,2,M+2,0.132096930466158
condition0,theta0_sample_000,aKG,akg,direct,5,3,M+3,0.27992896660441802
condition0,theta0_sample_000,aKG,akg,direct,5,4,M+4,0.18703340443238448
condition0,theta0_sample_000,aKG,akg,direct,5,5,M+5,0.31731687680901349
condition0,theta0_sample_000,Succinate,succinate,direct,4,0,M+0,0.047029729666690875
condition0,theta0_sample_000,Succinate,succinate,direct,4,1,M+1,0.084573550363953448
condition0,theta0_sample_000,Succinate,succinate,direct,4,2,M+2,0.27858841929252282
condition0,theta0_sample_000,Succinate,succinate,direct,4,3,M+3,0.20098359165633098
condition0,theta0_sample_000,Succinate,succinate,direct,4,4,M+4,0.3888247090205022
condition0,theta0_sample_000,Fumarate,fumarate,direct,4,0,M+0,0.047029729666690875
condition0,theta0_sample_000,Fumarate,fumarate,direct,4,1,M+1,0.084573550363953448
condition0,theta0_sample_000,Fumarate,fumarate,direct,4,2,M+2,0.27858841929252282
condition0,theta0_sample_000,Fumarate,fumarate,direct,4,3,M+3,0.20098359165633098
condition0,theta0_sample_000,Fumarate,fumarate,direct,4,4,M+4,0.38882470902050215
condition0,theta0_sample_000,Malate,malate,direct,4,0,M+0,0.047603375511623164
condition0,theta0_sample_000,Malate,malate,direct,4,1,M+1,0.083445148634064686
condition0,theta0_sample_000,Malate,malate,direct,4,2,M+2,0.28047538549566259
condition0,theta0_sample_000,Malate,malate,direct,4,3,M+3,0.19830028105998829
condition0,theta0_sample_000,Malate,malate,direct,4,4,M+4,0.39017580929866141
condition0,theta0_sample_000,Glutamine,glutamine,direct,5,0,M+0,0.022322584208200644
condition0,theta0_sample_000,Glutamine,glutamine,direct,5,1,M+1,0.061301237479825715
condition0,theta0_sample_000,Glutamine,glutamine,direct,5,2,M+2,0.132096930466158
condition0,theta0_sample_000,Glutamine,glutamine,direct,5,3,M+3,0.27992896660441802
condition0,theta0_sample_000,Glutamine,glutamine,direct,5,4,M+4,0.1870334044323845
condition0,theta0_sample_000,Glutamine,glutamine,direct,5,5,M+5,0.31731687680901355
condition0,theta0_sample_000,Aspartate,aspartate,reporter,4,0,M+0,0.057815956230854101
condition0,theta0_sample_000,Aspartate,aspartate,reporter,4,1,M+1,0.11825466188106466
condition0,theta0_sample_000,Aspartate,aspartate,reporter,4,2,M+2,0.20429140129028853
condition0,theta0_sample_000,Aspartate,aspartate,reporter,4,3,M+3,0.20538938685281272
condition0,theta0_sample_000,Aspartate,aspartate,reporter,4,4,M+4,0.41424859374498008
condition0,theta0_sample_000,Glycine,glycine,reporter,2,0,M+0,0.27201608477422279
condition0,theta0_sample_000,Glycine,glycine,reporter,2,1,M+1,0.055967830451554408
condition0,theta0_sample_000,Glycine,glycine,reporter,2,2,M+2,0.6720160847742227
condition0,theta0_sample_000,Serine,serine,reporter,3,0,M+0,0.27201608477422279
condition0,theta0_sample_000,Serine,serine,reporter,3,1,M+1,0.027983915225777204
condition0,theta0_sample_000,Serine,serine,reporter,3,2,M+2,0.027983915225777204
condition0,theta0_sample_000,Serine,serine,reporter,3,3,M+3,0.6720160847742227
condition0,theta0_sample_001,Pyruvate,pyruvate,direct,3,0,M+0,0.26617404738493694
condition0,theta0_sample_001,Pyruvate,pyruvate,direct,3,1,M+1,0.033134090030880074
condition0,theta0_sample_001,Pyruvate,pyruvate,direct,3,2,M+2,0.035209677783428914
condition0,theta0_sample_001,Pyruvate,pyruvate,direct,3,3,M+3,0.66548218480075416
condition0,theta0_sample_001,Alanine,alanine,reporter,3,0,M+0,0.26617404738493694
condition0,theta0_sample_001,Alanine,alanine,reporter,3,1,M+1,0.033134090030880074
condition0,theta0_sample_001,Alanine,alanine,reporter,3,2,M+2,0.035209677783428914
condition0,theta0_sample_001,Alanine,alanine,reporter,3,3,M+3,0.66548218480075416
condition0,theta0_sample_001,Lactate,lactate,reporter,3,0,M+0,0.26617404738493694
condition0,theta0_sample_001,Lactate,lactate,reporter,3,1,M+1,0.033134090030880074
condition0,theta0_sample_001,Lactate,lactate,reporter,3,2,M+2,0.035209677783428914
condition0,theta0_sample_001,Lactate,lactate,reporter,3,3,M+3,0.66548218480075416
condition0,theta0_sample_001,Citrate,citrate,reporter,6,0,M+0,0.017358827395348976
condition0,theta0_sample_001,Citrate,citrate,reporter,6,1,M+1,0.036077070715628747
condition0,theta0_sample_001,Citrate,citrate,reporter,6,2,M+2,0.1009427375470441
condition0,theta0_sample_001,Citrate,citrate,reporter,6,3,M+3,0.1460119675263582
condition0,theta0_sample_001,Citrate,citrate,reporter,6,4,M+4,0.26359537537802225
condition0,theta0_sample_001,Citrate,citrate,reporter,6,5,M+5,0.14646407852646784
condition0,theta0_sample_001,Citrate,citrate,reporter,6,6,M+6,0.28954994291113034
condition0,theta0_sample_001,aKG,akg,direct,5,0,M+0,0.022416064267671409
condition0,theta0_sample_001,aKG,akg,direct,5,1,M+1,0.061332998030685752
condition0,theta0_sample_001,aKG,akg,direct,5,2,M+2,0.13197289091790013
condition0,theta0_sample_001,aKG,akg,direct,5,3,M+3,0.28021772496031261
condition0,theta0_sample_001,aKG,akg,direct,5,4,M+4,0.18623356386457493
condition0,theta0_sample_001,aKG,akg,direct,5,5,M+5,0.31782675795885562
condition0,theta0_sample_001,Succinate,succinate,direct,4,0,M+0,0.047849479619829202
condition0,theta0_sample_001,Succinate,succinate,direct,4,1,M+1,0.082934828750757403
condition0,theta0_sample_001,Succinate,succinate,direct,4,2,M+2,0.28131988141220982
condition0,theta0_sample_001,Succinate,succinate,direct,4,3,M+3,0.19715783244399215
condition0,theta0_sample_001,Succinate,succinate,direct,4,4,M+4,0.39073797777321201
condition0,theta0_sample_001,Fumarate,fumarate,direct,4,0,M+0,0.047849479619829202
condition0,theta0_sample_001,Fumarate,fumarate,direct,4,1,M+1,0.082934828750757403
condition0,theta0_sample_001,Fumarate,fumarate,direct,4,2,M+2,0.28131988141220982
condition0,theta0_sample_001,Fumarate,fumarate,direct,4,3,M+3,0.19715783244399213
condition0,theta0_sample_001,Fumarate,fumarate,direct,4,4,M+4,0.39073797777321206
condition0,theta0_sample_001,Malate,malate,direct,4,0,M+0,0.048137803931728756
condition0,theta0_sample_001,Malate,malate,direct,4,1,M+1,0.082367867223176294
condition0,theta0_sample_001,Malate,malate,direct,4,2,M+2,0.28226804632358432
condition0,theta0_sample_001,Malate,malate,direct,4,3,M+3,0.19580908995638818
condition0,theta0_sample_001,Malate,malate,direct,4,4,M+4,0.39141719256512303
condition0,theta0_sample_001,Glutamine,glutamine,direct,5,0,M+0,0.022416064267671409
condition0,theta0_sample_001,Glutamine,glutamine,direct,5,1,M+1,0.061332998030685759
condition0,theta0_sample_001,Glutamine,glutamine,direct,5,2,M+2,0.13197289091790015
condition0,theta0_sample_001,Glutamine,glutamine,direct,5,3,M+3,0.28021772496031266
condition0,theta0_sample_001,Glutamine,glutamine,direct,5,4,M+4,0.18623356386457493
condition0,theta0_sample_001,Glutamine,glutamine,direct,5,5,M+5,0.31782675795885562
condition0,theta0_sample_001,Aspartate,aspartate,reporter,4,0,M+0,0.058834792046319327
condition0,theta0_sample_001,Aspartate,aspartate,reporter,4,1,M+1,0.12030036663768692
condition0,theta0_sample_001,Aspartate,aspartate,reporter,4,2,M+2,0.19948739386939399
condition0,theta0_sample_001,Aspartate,aspartate,reporter,4,3,M+3,0.20478494416287446
condition0,theta0_sample_001,Aspartate,aspartate,reporter,4,4,M+4,0.41659250328372571
condition0,theta0_sample_001,Glycine,glycine,reporter,2,0,M+0,0.27096406219896141
condition0,theta0_sample_001,Glycine,glycine,reporter,2,1,M+1,0.058071875602077105
condition0,theta0_sample_001,Glycine,glycine,reporter,2,2,M+2,0.67096406219896132
condition0,theta0_sample_001,Serine,serine,reporter,3,0,M+0,0.27096406219896141
condition0,theta0_sample_001,Serine,serine,reporter,3,1,M+1,0.029035937801038556
condition0,theta0_sample_001,Serine,serine,reporter,3,2,M+2,0.029035937801038553
condition0,theta0_sample_001,Serine,serine,reporter,3,3,M+3,0.67096406219896132
condition0,theta0_sample_002,Pyruvate,pyruvate,direct,3,0,M+0,0.25889766950322596
condition0,theta0_sample_002,Pyruvate,pyruvate,direct,3,1,M+1,0.039498553891474456
condition0,theta0_sample_002,Pyruvate,pyruvate,direct,3,2,M+2,0.04430988370737244
condition0,theta0_sample_002,Pyruvate,pyruvate,direct,3,3,M+3,0.65729389289792628
condition0,theta0_sample_002,Alanine,alanine,reporter,3,0,M+0,0.25889766950322596
condition0,theta0_sample_002,Alanine,alanine,reporter,3,1,M+1,0.039498553891474456
condition0,theta0_sample_002,Alanine,alanine,reporter,3,2,M+2,0.04430988370737244
condition0,theta0_sample_002,Alanine,alanine,reporter,3,3,M+3,0.65729389289792628
condition0,theta0_sample_002,Lactate,lactate,reporter,3,0,M+0,0.25889766950322596
condition0,theta0_sample_002,Lactate,lactate,reporter,3,1,M+1,0.039498553891474456
condition0,theta0_sample_002,Lactate,lactate,reporter,3,2,M+2,0.04430988370737244
condition0,theta0_sample_002,Lactate,lactate,reporter,3,3,M+3,0.65729389289792628
condition0,theta0_sample_002,Citrate,citrate,reporter,6,0,M+0,0.017898968497976019
condition0,theta0_sample_002,Citrate,citrate,reporter,6,1,M+1,0.037408046750508558
condition0,theta0_sample_002,Citrate,citrate,reporter,6,2,M+2,0.099832533078877281
condition0,theta0_sample_002,Citrate,citrate,reporter,6,3,M+3,0.14840140482967273
condition0,theta0_sample_002,Citrate,citrate,reporter,6,4,M+4,0.25603766419404284
condition0,theta0_sample_002,Citrate,citrate,reporter,6,5,M+5,0.14895628006698347
condition0,theta0_sample_002,Citrate,citrate,reporter,6,6,M+6,0.29146510258193653
condition0,theta0_sample_002,aKG,akg,direct,5,0,M+0,0.022279063935261044
condition0,theta0_sample_002,aKG,akg,direct,5,1,M+1,0.061122684111183302
condition0,theta0_sample_002,aKG,akg,direct,5,2,M+2,0.13199091088574799
condition0,theta0_sample_002,aKG,akg,direct,5,3,M+3,0.28035861963759073
condition0,theta0_sample_002,aKG,akg,direct,5,4,M+4,0.18742397194653287
condition0,theta0_sample_002,aKG,akg,direct,5,5,M+5,0.31682474948368189
condition0,theta0_sample_002,Succinate,succinate,direct,4,0,M+0,0.050239653136895074
condition0,theta0_sample_002,Succinate,succinate,direct,4,1,M+1,0.076504075262219931
condition0,theta0_sample_002,Succinate,succinate,direct,4,2,M+2,0.29148766840830276
condition0,theta0_sample_002,Succinate,succinate,direct,4,3,M+3,0.18655382484915195
condition0,theta0_sample_002,Succinate,succinate,direct,4,4,M+4,0.39521477834342833
condition0,theta0_sample_002,Fumarate,fumarate,direct,4,0,M+0,0.050239653136895074
condition0,theta0_sample_002,Fumarate,fumarate,direct,4,1,M+1,0.076504075262219931
condition0,theta0_sample_002,Fumarate,fumarate,direct,4,2,M+2,0.29148766840830276
condition0,theta0_sample_002,Fumarate,fumarate,direct,4,3,M+3,0.18655382484915195
condition0,theta0_sample_002,Fumarate,fumarate,direct,4,4,M+4,0.39521477834342833
condition0,theta0_sample_002,Malate,malate,direct,4,0,M+0,0.050244318438151289
condition0,theta0_sample_002,Malate,malate,direct,4,1,M+1,0.07649513389937164
condition0,theta0_sample_002,Malate,malate,direct,4,2,M+2,0.2915027004262713
condition0,theta0_sample_002,Malate,malate,direct,4,3,M+3,0.18653192369673485
condition0,theta0_sample_002,Malate,malate,direct,4,4,M+4,0.39522592353946895
condition0,theta0_sample_002,Glutamine,glutamine,direct,5,0,M+0,0.022279063935261044
condition0,theta0_sample_002,Glutamine,glutamine,direct,5,1,M+1,0.061122684111183302
condition0,theta0_sample_002,Glutamine,glutamine,direct,5,2,M+2,0.13199091088574799
condition0,theta0_sample_002,Glutamine,glutamine,direct,5,3,M+3,0.28035861963759079
condition0,theta0_sample_002,Glutamine,glutamine,direct,5,4,M+4,0.18742397194653287
condition0,theta0_sample_002,Glutamine,glutamine,direct,5,5,M+5,0.31682474948368194
condition0,theta0_sample_002,Aspartate,aspartate,reporter,4,0,M+0,0.062152166733872687
condition0,theta0_sample_002,Aspartate,aspartate,reporter,4,1,M+1,0.12470972336481505
condition0,theta0_sample_002,Aspartate,aspartate,reporter,4,2,M+2,0.18777366658195385
condition0,theta0_sample_002,Aspartate,aspartate,reporter,4,3,M+3,0.20171482980615432
condition0,theta0_sample_002,Aspartate,aspartate,reporter,4,4,M+4,0.42364961351320241
condition0,theta0_sample_002,Glycine,glycine,reporter,2,0,M+0,0.27042216622653104
condition0,theta0_sample_002,Glycine,glycine,reporter,2,1,M+1,0.059155667546937754
condition0,theta0_sample_002,Glycine,glycine,reporter,2,2,M+2,0.67042216622653072
condition0,theta0_sample_002,Serine,serine,reporter,3,0,M+0,0.27042216622653104
condition0,theta0_sample_002,Serine,serine,reporter,3,1,M+1,0.029577833773468877
condition0,theta0_sample_002,Serine,serine,reporter,3,2,M+2,0.029577833773468877
condition0,theta0_sample_002,Serine,serine,reporter,3,3,M+3,0.67042216622653072
condition0,theta0_sample_003,Pyruvate,pyruvate,direct,3,0,M+0,0.24814085700616642
condition0,theta0_sample_003,Pyruvate,pyruvate,direct,3,1,M+1,0.050533481283051462
condition0,theta0_sample_003,Pyruvate,pyruvate,direct,3,2,M+2,0.054510466415397502
condition0,theta0_sample_003,Pyruvate,pyruvate,direct,3,3,M+3,0.64681519529538423
condition0,theta0_sample_003,Alanine,alanine,reporter,3,0,M+0,0.24814085700616642
condition0,theta0_sample_003,Alanine,alanine,reporter,3,1,M+1,0.050533481283051462
condition0,theta0_sample_003,Alanine,alanine,reporter,3,2,M+2,0.054510466415397502
condition0,theta0_sample_003,Alanine,alanine,reporter,3,3,M+3,0.64681519529538423
condition0,theta0_sample_003,Lactate,lactate,reporter,3,0,M+0,0.24814085700616642
condition0,theta0_sample_003,Lactate,lactate,reporter,3,1,M+1,0.050533481283051462
condition0,theta0_sample_003,Lactate,lactate,reporter,3,2,M+2,0.054510466415397502
condition0,theta0_sample_003,Lactate,lactate,reporter,3,3,M+3,0.64681519529538423
condition0,theta0_sample_003,Citrate,citrate,reporter,6,0,M+0,0.017091766598377422
condition0,theta0_sample_003,Citrate,citrate,reporter,6,1,M+1,0.035031160827612283
condition0,theta0_sample_003,Citrate,citrate,reporter,6,2,M+2,0.10272747200791653
condition0,theta0_sample_003,Citrate,citrate,reporter,6,3,M+3,0.14324165672847461
condition0,theta0_sample_003,Citrate,citrate,reporter,6,4,M+4,0.26713086851702184
condition0,theta0_sample_003,Citrate,citrate,reporter,6,5,M+5,0.14739700102053774
condition0,theta0_sample_003,Citrate,citrate,reporter,6,6,M+6,0.28738007430005813
condition0,theta0_sample_003,aKG,akg,direct,5,0,M+0,0.02243494374059064
condition0,theta0_sample_003,aKG,akg,direct,5,1,M+1,0.061238914929928952
condition0,theta0_sample_003,aKG,akg,direct,5,2,M+2,0.13184734202894444
condition0,theta0_sample_003,aKG,akg,direct,5,3,M+3,0.28062220154387102
condition0,theta0_sample_003,aKG,akg,direct,5,4,M+4,0.18608319240275384
condition0,theta0_sample_003,aKG,akg,direct,5,5,M+5,0.31777340535390997
condition0,theta0_sample_003,Succinate,succinate,direct,4,0,M+0,0.049186410204221556
condition0,theta0_sample_003,Succinate,succinate,direct,4,1,M+1,0.079183807105889487
condition0,theta0_sample_003,Succinate,succinate,direct,4,2,M+2,0.28721253066162789
condition0,theta0_sample_003,Succinate,succinate,direct,4,3,M+3,0.19127787654218789
condition0,theta0_sample_003,Succinate,succinate,direct,4,4,M+4,0.39313937548607186
condition0,theta0_sample_003,Fumarate,fumarate,direct,4,0,M+0,0.049186410204221556
condition0,theta0_sample_003,Fumarate,fumarate,direct,4,1,M+1,0.0791838071058895
condition0,theta0_sample_003,Fumarate,fumarate,direct,4,2,M+2,0.28721253066162789
condition0,theta0_sample_003,Fumarate,fumarate,direct,4,3,M+3,0.19127787654218789
condition0,theta0_sample_003,Fumarate,fumarate,direct,4,4,M+4,0.39313937548607192
condition0,theta0_sample_003,Malate,malate,direct,4,0,M+0,0.049706161330527222
condition0,theta0_sample_003,Malate,malate,direct,4,1,M+1,0.07817771477015073
condition0,theta0_sample_003,Malate,malate,direct,4,2,M+2,0.28890048786015005
condition0,theta0_sample_003,Malate,malate,direct,4,3,M+3,0.18884123464713723
condition0,theta0_sample_003,Malate,malate,direct,4,4,M+4,0.3943744013920335
condition0,theta0_sample_003,Glutamine,glutamine,direct,5,0,M+0,0.02243494374059064
condition0,theta0_sample_003,Glutamine,glutamine,direct,5,1,M+1,0.061238914929928952
condition0,theta0_sample_003,Glutamine,glutamine,direct,5,2,M+2,0.13184734202894444
condition0,theta0_sample_003,Glutamine,glutamine,direct,5,3,M+3,0.28062220154387102
condition0,theta0_sample_003,Glutamine,glutamine,direct,5,4,M+4,0.18608319240275381
condition0,theta0_sample_003,Glutamine,glutamine,direct,5,5,M+5,0.31777340535390991
condition0,theta0_sample_003,Aspartate,aspartate,reporter,4,0,M+0,0.058803670491689657
condition0,theta0_sample_003,Aspartate,aspartate,reporter,4,1,M+1,0.11674364092968038
condition0,theta0_sample_003,Aspartate,aspartate,reporter,4,2,M+2,0.20619767341865955
condition0,theta0_sample_003,Aspartate,aspartate,reporter,4,3,M+3,0.20215904840687973
condition0,theta0_sample_003,Aspartate,aspartate,reporter,4,4,M+4,0.41609596675308957
condition0,theta0_sample_003,Glycine,glycine,reporter,2,0,M+0,0.25654379708896813
condition0,theta0_sample_003,Glycine,glycine,reporter,2,1,M+1,0.086912405822063526
condition0,theta0_sample_003,Glycine,glycine,reporter,2,2,M+2,0.65654379708896804
condition0,theta0_sample_003,Serine,serine,reporter,3,0,M+0,0.25654379708896813
condition0,theta0_sample_003,Serine,serine,reporter,3,1,M+1,0.04345620291103177
condition0,theta0_sample_003,Serine,serine,reporter,3,2,M+2,0.043456202911031763
condition0,theta0_sample_003,Serine,serine,reporter,3,3,M+3,0.65654379708896804
condition0,theta0_sample_004,Pyruvate,pyruvate,direct,3,0,M+0,0.26187488888804333
condition0,theta0_sample_004,Pyruvate,pyruvate,direct,3,1,M+1,0.03762232825220848
condition0,theta0_sample_004,Pyruvate,pyruvate,direct,3,2,M+2,0.039130676831452951
condition0,theta0_sample_004,Pyruvate,pyruvate,direct,3,3,M+3,0.6613721060282951
condition0,theta0_sample_004,Alanine,alanine,reporter,3,0,M+0,0.26187488888804333
condition0,theta0_sample_004,Alanine,alanine,reporter,3,1,M+1,0.03762232825220848
condition0,theta0_sample_004,Alanine,alanine,reporter,3,2,M+2,0.039130676831452951
condition0,theta0_sample_004,Alanine,alanine,reporter,3,3,M+3,0.6613721060282951
condition0,theta0_sample_004,Lactate,lactate,reporter,3,0,M+0,0.26187488888804333
condition0,theta0_sample_004,Lactate,lactate,reporter,3,1,M+1,0.03762232825220848
condition0,theta0_sample_004,Lactate,lactate,reporter,3,2,M+2,0.039130676831452951
condition0,theta0_sample_004,Lactate,lactate,reporter,3,3,M+3,0.6613721060282951
condition0,theta0_sample_004,Citrate,citrate,reporter,6,0,M+0,0.017239253762132072
condition0,theta0_sample_004,Citrate,citrate,reporter,6,1,M+1,0.035815178905706235
condition0,theta0_sample_004,Citrate,citrate,reporter,6,2,M+2,0.1012086675176094
condition0,theta0_sample_004,Citrate,citrate,reporter,6,3,M+3,0.14546402587524329
condition0,theta0_sample_004,Citrate,citrate,reporter,6,4,M+4,0.26515353333876734
condition0,theta0_sample_004,Citrate,citrate,reporter,6,5,M+5,0.14595476852497447
condition0,theta0_sample_004,Citrate,citrate,reporter,6,6,M+6,0.28916457207556734
condition0,theta0_sample_004,aKG,akg,direct,5,0,M+0,0.022526494425768935
condition0,theta0_sample_004,aKG,akg,direct,5,1,M+1,0.061407616433110809
condition0,theta0_sample_004,aKG,akg,direct,5,2,M+2,0.13186345905682925
condition0,theta0_sample_004,aKG,akg,direct,5,3,M+3,0.28043105669200463
condition0,theta0_sample_004,aKG,akg,direct,5,4,M+4,0.18528457158421535
condition0,theta0_sample_004,aKG,akg,direct,5,5,M+5,0.31848680180807126
condition0,theta0_sample_004,Succinate,succinate,direct,4,0,M+0,0.047752782948340247
condition0,theta0_sample_004,Succinate,succinate,direct,4,1,M+1,0.083490049421912932
condition0,theta0_sample_004,Succinate,succinate,direct,4,2,M+2,0.28051512273634316
condition0,theta0_sample_004,Succinate,succinate,direct,4,3,M+3,0.1974884744682146
condition0,theta0_sample_004,Succinate,succinate,direct,4,4,M+4,0.3907535704251896
condition0,theta0_sample_004,Fumarate,fumarate,direct,4,0,M+0,0.047752782948340254
condition0,theta0_sample_004,Fumarate,fumarate,direct,4,1,M+1,0.083490049421912932
condition0,theta0_sample_004,Fumarate,fumarate,direct,4,2,M+2,0.28051512273634316
condition0,theta0_sample_004,Fumarate,fumarate,direct,4,3,M+3,0.19748847446821458
condition0,theta0_sample_004,Fumarate,fumarate,direct,4,4,M+4,0.3907535704251896
condition0,theta0_sample_004,Malate,malate,direct,4,0,M+0,0.048048595490997159
condition0,theta0_sample_004,Malate,malate,direct,4,1,M+1,0.082905642316647404
condition0,theta0_sample_004,Malate,malate,direct,4,2,M+2,0.28149154057180181
condition0,theta0_sample_004,Malate,malate,direct,4,3,M+3,0.19610560994246626
condition0,theta0_sample_004,Malate,malate,direct,4,4,M+4,0.39144861167808792
condition0,theta0_sample_004,Glutamine,glutamine,direct,5,0,M+0,0.022526494425768939
condition0,theta0_sample_004,Glutamine,glutamine,direct,5,1,M+1,0.06140761643311083
condition0,theta0_sample_004,Glutamine,glutamine,direct,5,2,M+2,0.13186345905682931
condition0,theta0_sample_004,Glutamine,glutamine,direct,5,3,M+3,0.28043105669200469
condition0,theta0_sample_004,Glutamine,glutamine,direct,5,4,M+4,0.18528457158421541
condition0,theta0_sample_004,Glutamine,glutamine,direct,5,5,M+5,0.31848680180807137
condition0,theta0_sample_004,Aspartate,aspartate,reporter,4,0,M+0,0.058165257152081956
condition0,theta0_sample_004,Aspartate,aspartate,reporter,4,1,M+1,0.11942118214818448
condition0,theta0_sample_004,Aspartate,aspartate,reporter,4,2,M+2,0.20189908461322814
condition0,theta0_sample_004,Aspartate,aspartate,reporter,4,3,M+3,0.2052772557206628
condition0,theta0_sample_004,Aspartate,aspartate,reporter,4,4,M+4,0.41523722036584293
condition0,theta0_sample_004,Glycine,glycine,reporter,2,0,M+0,0.26526992586000631
condition0,theta0_sample_004,Glycine,glycine,reporter,2,1,M+1,0.069460148279987241
condition0,theta0_sample_004,Glycine,glycine,reporter,2,2,M+2,0.66526992586000622
condition0,theta0_sample_004,Serine,serine,reporter,3,0,M+0,0.26526992586000631
condition0,theta0_sample_004,Serine,serine,reporter,3,1,M+1,0.034730074139993621
condition0,theta0_sample_004,Serine,serine,reporter,3,2,M+2,0.034730074139993621
condition0,theta0_sample_004,Serine,serine,reporter,3,3,M+3,0.66526992586000622
condition0,theta0_sample_005,Pyruvate,pyruvate,direct,3,0,M+0,0.26067370405815188
condition0,theta0_sample_005,Pyruvate,pyruvate,direct,3,1,M+1,0.037686708786988661
condition0,theta0_sample_005,Pyruvate,pyruvate,direct,3,2,M+2,0.042605470251566802
condition0,theta0_sample_005,Pyruvate,pyruvate,direct,3,3,M+3,0.65903411690329239
condition0,theta0_sample_005,Alanine,alanine,reporter,3,0,M+0,0.26067370405815188
condition0,theta0_sample_005,Alanine,alanine,reporter,3,1,M+1,0.037686708786988661
condition0,theta0_sample_005,Alanine,alanine,reporter,3,2,M+2,0.042605470251566802
condition0,theta0_sample_005,Alanine,alanine,reporter,3,3,M+3,0.65903411690329239
condition0,theta0_sample_005,Lactate,lactate,reporter,3,0,M+0,0.26067370405815188
condition0,theta0_sample_005,Lactate,lactate,reporter,3,1,M+1,0.037686708786988661
condition0,theta0_sample_005,Lactate,lactate,reporter,3,2,M+2,0.042605470251566802
condition0,theta0_sample_005,Lactate,lactate,reporter,3,3,M+3,0.65903411690329239
condition0,theta0_sample_005,Citrate,citrate,reporter,6,0,M+0,0.018084388578638082
condition0,theta0_sample_005,Citrate,citrate,reporter,6,1,M+1,0.037853012360554966
condition0,theta0_sample_005,Citrate,citrate,reporter,6,2,M+2,0.09937447842947611
condition0,theta0_sample_005,Citrate,citrate,reporter,6,3,M+3,0.14923644381566301
condition0,theta0_sample_005,Citrate,citrate,reporter,6,4,M+4,0.2539984218503859
condition0,theta0_sample_005,Citrate,citrate,reporter,6,5,M+5,0.14902451785972959
condition0,theta0_sample_005,Citrate,citrate,reporter,6,6,M+6,0.29242873710555117
condition0,theta0_sample_005,aKG,akg,direct,5,0,M+0,0.022260504137042017
condition0,theta0_sample_005,aKG,akg,direct,5,1,M+1,0.061105854825455282
condition0,theta0_sample_005,aKG,akg,direct,5,2,M+2,0.1320050145970518
condition0,theta0_sample_005,aKG,akg,direct,5,3,M+3,0.28033753618490675
condition0,theta0_sample_005,aKG,akg,direct,5,4,M+4,0.18758394385199853
condition0,theta0_sample_005,aKG,akg,direct,5,5,M+5,0.31670714640354464
condition0,theta0_sample_005,Succinate,succinate,direct,4,0,M+0,0.050545731769828059
condition0,theta0_sample_005,Succinate,succinate,direct,4,1,M+1,0.075803700603190818
condition0,theta0_sample_005,Succinate,succinate,direct,4,2,M+2,0.29262555370896398
condition0,theta0_sample_005,Succinate,succinate,direct,4,3,M+3,0.1851548636931864
condition0,theta0_sample_005,Succinate,succinate,direct,4,4,M+4,0.3958701502248298
condition0,theta0_sample_005,Fumarate,fumarate,direct,4,0,M+0,0.050545731769828066
condition0,theta0_sample_005,Fumarate,fumarate,direct,4,1,M+1,0.075803700603190832
condition0,theta0_sample_005,Fumarate,fumarate,direct,4,2,M+2,0.29262555370896398
condition0,theta0_sample_005,Fumarate,fumarate,direct,4,3,M+3,0.18515486369318643
condition0,theta0_sample_005,Fumarate,fumarate,direct,4,4,M+4,0.39587015022482985
condition0,theta0_sample_005,Malate,malate,direct,4,0,M+0,0.05053845275591843
condition0,theta0_sample_005,Malate,malate,direct,4,1,M+1,0.075817625646783474
condition0,theta0_sample_005,Malate,malate,direct,4,2,M+2,0.29260213430823406
condition0,theta0_sample_005,Malate,malate,direct,4,3,M+3,0.18518904341950695
condition0,theta0_sample_005,Malate,malate,direct,4,4,M+4,0.39585274386955621
condition0,theta0_sample_005,Glutamine,glutamine,direct,5,0,M+0,0.022260504137042014
condition0,theta0_sample_005,Glutamine,glutamine,direct,5,1,M+1,0.061105854825455275
condition0,theta0_sample_005,Glutamine,glutamine,direct,5,2,M+2,0.13200501459705177
condition0,theta0_sample_005,Glutamine,glutamine,direct,5,3,M+3,0.2803375361849067
condition0,theta0_sample_005,Glutamine,glutamine,direct,5,4,M+4,0.1875839438519985
condition0,theta0_sample_005,Glutamine,glutamine,direct,5,5,M+5,0.31670714640354453
condition0,theta0_sample_005,Aspartate,aspartate,reporter,4,0,M+0,0.062902330853971275
condition0,theta0_sample_005,Aspartate,aspartate,reporter,4,1,M+1,0.12619288446565893
condition0,theta0_sample_005,Aspartate,aspartate,reporter,4,2,M+2,0.18425843908067757
condition0,theta0_sample_005,Aspartate,aspartate,reporter,4,3,M+3,0.20129514502578225
condition0,theta0_sample_005,Aspartate,aspartate,reporter,4,4,M+4,0.42535120057390918
condition0,theta0_sample_005,Glycine,glycine,reporter,2,0,M+0,0.27278382017524072
condition0,theta0_sample_005,Glycine,glycine,reporter,2,1,M+1,0.054432359649518362
condition0,theta0_sample_005,Glycine,glycine,reporter,2,2,M+2,0.67278382017524052
condition0,theta0_sample_005,Serine,serine,reporter,3,0,M+0,0.27278382017524072
condition0,theta0_sample_005,Serine,serine,reporter,3,1,M+1,0.027216179824759181
condition0,theta0_sample_005,Serine,serine,reporter,3,2,M+2,0.027216179824759181
condition0,theta0_sample_005,Serine,serine,reporter,3,3,M+3,0.67278382017524052
condition0,theta0_sample_006,Pyruvate,pyruvate,direct,3,0,M+0,0.25335713317814229
condition0,theta0_sample_006,Pyruvate,pyruvate,direct,3,1,M+1,0.044476334096621141
condition0,theta0_sample_006,Pyruvate,pyruvate,direct,3,2,M+2,0.050975932272330556
condition0,theta0_sample_006,Pyruvate,pyruvate,direct,3,3,M+3,0.65119060045290567
condition0,theta0_sample_006,Alanine,alanine,reporter,3,0,M+0,0.25335713317814229
condition0,theta0_sample_006,Alanine,alanine,reporter,3,1,M+1,0.044476334096621141
condition0,theta0_sample_006,Alanine,alanine,reporter,3,2,M+2,0.050975932272330556
condition0,theta0_sample_006,Alanine,alanine,reporter,3,3,M+3,0.65119060045290567
condition0,theta0_sample_006,Lactate,lactate,reporter,3,0,M+0,0.25335713317814229
condition0,theta0_sample_006,Lactate,lactate,reporter,3,1,M+1,0.044476334096621141
condition0,theta0_sample_006,Lactate,lactate,reporter,3,2,M+2,0.050975932272330556
condition0,theta0_sample_006,Lactate,lactate,reporter,3,3,M+3,0.65119060045290567
condition0,theta0_sample_006,Citrate,citrate,reporter,6,0,M+0,0.017259228623872067
condition0,theta0_sample_006,Citrate,citrate,reporter,6,1,M+1,0.036246425097427051
condition0,theta0_sample_006,Citrate,citrate,reporter,6,2,M+2,0.10104590109462207
condition0,theta0_sample_006,Citrate,citrate,reporter,6,3,M+3,0.14644708127485029
condition0,theta0_sample_006,Citrate,citrate,reporter,6,4,M+4,0.26004243169908414
condition0,theta0_sample_006,Citrate,citrate,reporter,6,5,M+5,0.15160279116842212
condition0,theta0_sample_006,Citrate,citrate,reporter,6,6,M+6,0.28735614104172086
condition0,theta0_sample_006,aKG,akg,direct,5,0,M+0,0.021962885537366056
condition0,theta0_sample_006,aKG,akg,direct,5,1,M+1,0.060930361907014001
condition0,theta0_sample_006,aKG,akg,direct,5,2,M+2,0.13232555267807036
condition0,theta0_sample_006,aKG,akg,direct,5,3,M+3,0.27967437701647335
condition0,theta0_sample_006,aKG,akg,direct,5,4,M+4,0.19013871261795365
condition0,theta0_sample_006,aKG,akg,direct,5,5,M+5,0.31496811024312127
condition0,theta0_sample_006,Succinate,succinate,direct,4,0,M+0,0.049571920021769751
condition0,theta0_sample_006,Succinate,succinate,direct,4,1,M+1,0.077041454364263559
condition0,theta0_sample_006,Succinate,succinate,direct,4,2,M+2,0.29032600752882803
condition0,theta0_sample_006,Succinate,succinate,direct,4,3,M+3,0.18993594176247297
condition0,theta0_sample_006,Succinate,succinate,direct,4,4,M+4,0.39312467632266485
condition0,theta0_sample_006,Fumarate,fumarate,direct,4,0,M+0,0.049571920021769751
condition0,theta0_sample_006,Fumarate,fumarate,direct,4,1,M+1,0.077041454364263545
condition0,theta0_sample_006,Fumarate,fumarate,direct,4,2,M+2,0.29032600752882798
condition0,theta0_sample_006,Fumarate,fumarate,direct,4,3,M+3,0.18993594176247297
condition0,theta0_sample_006,Fumarate,fumarate,direct,4,4,M+4,0.39312467632266485
condition0,theta0_sample_006,Malate,malate,direct,4,0,M+0,0.049747972602258793
condition0,theta0_sample_006,Malate,malate,direct,4,1,M+1,0.076708063730025047
condition0,theta0_sample_006,Malate,malate,direct,4,2,M+2,0.29088789676147203
condition0,theta0_sample_006,Malate,malate,direct,4,3,M+3,0.18910812487794418
condition0,theta0_sample_006,Malate,malate,direct,4,4,M+4,0.39354794202829896
condition0,theta0_sample_006,Glutamine,glutamine,direct,5,0,M+0,0.021962885537366052
condition0,theta0_sample_006,Glutamine,glutamine,direct,5,1,M+1,0.060930361907014001
condition0,theta0_sample_006,Glutamine,glutamine,direct,5,2,M+2,0.13232555267807036
condition0,theta0_sample_006,Glutamine,glutamine,direct,5,3,M+3,0.27967437701647341
condition0,theta0_sample_006,Glutamine,glutamine,direct,5,4,M+4,0.19013871261795368
condition0,theta0_sample_006,Glutamine,glutamine,direct,5,5,M+5,0.31496811024312132
condition0,theta0_sample_006,Aspartate,aspartate,reporter,4,0,M+0,0.06058854453949683
condition0,theta0_sample_006,Aspartate,aspartate,reporter,4,1,M+1,0.12080251288114334
condition0,theta0_sample_006,Aspartate,aspartate,reporter,4,2,M+2,0.19621335552382954
condition0,theta0_sample_006,Aspartate,aspartate,reporter,4,3,M+3,0.20281157215092196
condition0,theta0_sample_006,Aspartate,aspartate,reporter,4,4,M+4,0.41958401490460717
condition0,theta0_sample_006,Glycine,glycine,reporter,2,0,M+0,0.26780097408785636
condition0,theta0_sample_006,Glycine,glycine,reporter,2,1,M+1,0.064398051824287109
condition0,theta0_sample_006,Glycine,glycine,reporter,2,2,M+2,0.66780097408785621
condition0,theta0_sample_006,Serine,serine,reporter,3,0,M+0,0.26780097408785636
condition0,theta0_sample_006,Serine,serine,reporter,3,1,M+1,0.032199025912143554
condition0,theta0_sample_006,Serine,serine,reporter,3,2,M+2,0.032199025912143554
condition0,theta0_sample_006,Serine,serine,reporter,3,3,M+3,0.66780097408785621
condition0,theta0_sample_007,Pyruvate,pyruvate,direct,3,0,M+0,0.2634305223514985
condition0,theta0_sample_007,Pyruvate,pyruvate,direct,3,1,M+1,0.035449364101770464
condition0,theta0_sample_007,Pyruvate,pyruvate,direct,3,2,M+2,0.038809704741963845
condition0,theta0_sample_007,Pyruvate,pyruvate,direct,3,3,M+3,0.66231040880476733
condition0,theta0_sample_007,Alanine,alanine,reporter,3,0,M+0,0.2634305223514985
condition0,theta0_sample_007,Alanine,alanine,reporter,3,1,M+1,0.035449364101770464
condition0,theta0_sample_007,Alanine,alanine,reporter,3,2,M+2,0.038809704741963845
condition0,theta0_sample_007,Alanine,alanine,reporter,3,3,M+3,0.66231040880476733
condition0,theta0_sample_007,Lactate,lactate,reporter,3,0,M+0,0.2634305223514985
condition0,theta0_sample_007,Lactate,lactate,reporter,3,1,M+1,0.035449364101770464
condition0,theta0_sample_007,Lactate,lactate,reporter,3,2,M+2,0.038809704741963845
condition0,theta0_sample_007,Lactate,lactate,reporter,3,3,M+3,0.66231040880476733
condition0,theta0_sample_007,Citrate,citrate,reporter,6,0,M+0,0.017084780020627223
condition0,theta0_sample_007,Citrate,citrate,reporter,6,1,M+1,0.035231317186555394
condition0,theta0_sample_007,Citrate,citrate,reporter,6,2,M+2,0.10224106928193959
condition0,theta0_sample_007,Citrate,citrate,reporter,6,3,M+3,0.1439671271016057
condition0,theta0_sample_007,Citrate,citrate,reporter,6,4,M+4,0.26656692443886842
condition0,theta0_sample_007,Citrate,citrate,reporter,6,5,M+5,0.1473352266331483
condition0,theta0_sample_007,Citrate,citrate,reporter,6,6,M+6,0.28757355533725582
condition0,theta0_sample_007,aKG,akg,direct,5,0,M+0,0.022250601695939027
condition0,theta0_sample_007,aKG,akg,direct,5,1,M+1,0.061201836326457808
condition0,theta0_sample_007,aKG,akg,direct,5,2,M+2,0.13211750016655952
condition0,theta0_sample_007,aKG,akg,direct,5,3,M+3,0.27996475617305244
condition0,theta0_sample_007,aKG,akg,direct,5,4,M+4,0.18765763336869104
condition0,theta0_sample_007,aKG,akg,direct,5,5,M+5,0.31680767226930057
condition0,theta0_sample_007,Succinate,succinate,direct,4,0,M+0,0.047640167993615319
condition0,theta0_sample_007,Succinate,succinate,direct,4,1,M+1,0.082594875165692513
condition0,theta0_sample_007,Succinate,succinate,direct,4,2,M+2,0.28163361177482038
condition0,theta0_sample_007,Succinate,succinate,direct,4,3,M+3,0.19838747897882111
condition0,theta0_sample_007,Succinate,succinate,direct,4,4,M+4,0.38974386608705114
condition0,theta0_sample_007,Fumarate,fumarate,direct,4,0,M+0,0.047640167993615319
condition0,theta0_sample_007,Fumarate,fumarate,direct,4,1,M+1,0.082594875165692513
condition0,theta0_sample_007,Fumarate,fumarate,direct,4,2,M+2,0.28163361177482038
condition0,theta0_sample_007,Fumarate,fumarate,direct,4,3,M+3,0.19838747897882114
condition0,theta0_sample_007,Fumarate,fumarate,direct,4,4,M+4,0.38974386608705119
condition0,theta0_sample_007,Malate,malate,direct,4,0,M+0,0.048318005030014398
condition0,theta0_sample_007,Malate,malate,direct,4,1,M+1,0.081275177773834625
condition0,theta0_sample_007,Malate,malate,direct,4,2,M+2,0.28384509965489696
condition0,theta0_sample_007,Malate,malate,direct,4,3,M+3,0.19521224724864528
condition0,theta0_sample_007,Malate,malate,direct,4,4,M+4,0.39134947029260919
condition0,theta0_sample_007,Glutamine,glutamine,direct,5,0,M+0,0.022250601695939023
condition0,theta0_sample_007,Glutamine,glutamine,direct,5,1,M+1,0.061201836326457808
condition0,theta0_sample_007,Glutamine,glutamine,direct,5,2,M+2,0.13211750016655952
condition0,theta0_sample_007,Glutamine,glutamine,direct,5,3,M+3,0.27996475617305244
condition0,theta0_sample_007,Glutamine,glutamine,direct,5,4,M+4,0.18765763336869101
condition0,theta0_sample_007,Glutamine,glutamine,direct,5,5,M+5,0.31680767226930057
condition0,theta0_sample_007,Aspartate,aspartate,reporter,4,0,M+0,0.0584605780750991
condition0,theta0_sample_007,Aspartate,aspartate,reporter,4,1,M+1,0.11745143255629824
condition0,theta0_sample_007,Aspartate,aspartate,reporter,4,2,M+2,0.2051373683498009
condition0,theta0_sample_007,Aspartate,aspartate,reporter,4,3,M+3,0.2035286533311077
condition0,theta0_sample_007,Aspartate,aspartate,reporter,4,4,M+4,0.41542196768769452
condition0,theta0_sample_007,Glycine,glycine,reporter,2,0,M+0,0.27095342504246989
condition0,theta0_sample_007,Glycine,glycine,reporter,2,1,M+1,0.058093149915060399
condition0,theta0_sample_007,Glycine,glycine,reporter,2,2,M+2,0.67095342504246991
condition0,theta0_sample_007,Serine,serine,reporter,3,0,M+0,0.27095342504246989
condition0,theta0_sample_007,Serine,serine,reporter,3,1,M+1,0.029046574957530193
condition0,theta0_sample_007,Serine,serine,reporter,3,2,M+2,0.0290465749575302
condition0,theta0_sample_007,Serine,serine,reporter,3,3,M+3,0.67095342504246991
condition0,theta0_sample_008,Pyruvate,pyruvate,direct,3,0,M+0,0.2671323263514585
condition0,theta0_sample_008,Pyruvate,pyruvate,direct,3,1,M+1,0.032662694502069281
condition0,theta0_sample_008,Pyruvate,pyruvate,direct,3,2,M+2,0.033277631941486016
condition0,theta0_sample_008,Pyruvate,pyruvate,direct,3,3,M+3,0.66692734720498625
condition0,theta0_sample_008,Alanine,alanine,reporter,3,0,M+0,0.2671323263514585
condition0,theta0_sample_008,Alanine,alanine,reporter,3,1,M+1,0.032662694502069281
condition0,theta0_sample_008,Alanine,alanine,reporter,3,2,M+2,0.033277631941486016
condition0,theta0_sample_008,Alanine,alanine,reporter,3,3,M+3,0.66692734720498625
condition0,theta0_sample_008,Lactate,lactate,reporter,3,0,M+0,0.2671323263514585
condition0,theta0_sample_008,Lactate,lactate,reporter,3,1,M+1,0.032662694502069281
condition0,theta0_sample_008,Lactate,lactate,reporter,3,2,M+2,0.033277631941486016
condition0,theta0_sample_008,Lactate,lactate,reporter,3,3,M+3,0.66692734720498625
condition0,theta0_sample_008,Citrate,citrate,reporter,6,0,M+0,0.017305727184474297
condition0,theta0_sample_008,Citrate,citrate,reporter,6,1,M+1,0.035950990909630623
condition0,theta0_sample_008,Citrate,citrate,reporter,6,2,M+2,0.10098411177529716
condition0,theta0_sample_008,Citrate,citrate,reporter,6,3,M+3,0.14571112022022048
condition0,theta0_sample_008,Citrate,citrate,reporter,6,4,M+4,0.26522798456498742
condition0,theta0_sample_008,Citrate,citrate,reporter,6,5,M+5,0.14488490545317698
condition0,theta0_sample_008,Citrate,citrate,reporter,6,6,M+6,0.28993515989221358
condition0,theta0_sample_008,aKG,akg,direct,5,0,M+0,0.022613033884344082
condition0,theta0_sample_008,aKG,akg,direct,5,1,M+1,0.06149550267526941
condition0,theta0_sample_008,aKG,akg,direct,5,2,M+2,0.13180711286802926
condition0,theta0_sample_008,aKG,akg,direct,5,3,M+3,0.28049693140368598
condition0,theta0_sample_008,aKG,akg,direct,5,4,M+4,0.18453761846574276
condition0,theta0_sample_008,aKG,akg,direct,5,5,M+5,0.31904980070292899
condition0,theta0_sample_008,Succinate,succinate,direct,4,0,M+0,0.047373996226753638
condition0,theta0_sample_008,Succinate,succinate,direct,4,1,M+1,0.084833781656253646
condition0,theta0_sample_008,Succinate,succinate,direct,4,2,M+2,0.27847095527616439
condition0,theta0_sample_008,Succinate,succinate,direct,4,3,M+3,0.19906075957189615
condition0,theta0_sample_008,Succinate,succinate,direct,4,4,M+4,0.39026050726893263
condition0,theta0_sample_008,Fumarate,fumarate,direct,4,0,M+0,0.047373996226753638
condition0,theta0_sample_008,Fumarate,fumarate,direct,4,1,M+1,0.084833781656253646
condition0,theta0_sample_008,Fumarate,fumarate,direct,4,2,M+2,0.27847095527616439
condition0,theta0_sample_008,Fumarate,fumarate,direct,4,3,M+3,0.19906075957189615
condition0,theta0_sample_008,Fumarate,fumarate,direct,4,4,M+4,0.39026050726893269
condition0,theta0_sample_008,Malate,malate,direct,4,0,M+0,0.04763577638783624
condition0,theta0_sample_008,Malate,malate,direct,4,1,M+1,0.084312816828348597
condition0,theta0_sample_008,Malate,malate,direct,4,2,M+2,0.27934009515409286
condition0,theta0_sample_008,Malate,malate,direct,4,3,M+3,0.19783825365542401
condition0,theta0_sample_008,Malate,malate,direct,4,4,M+4,0.39087305797429883
condition0,theta0_sample_008,Glutamine,glutamine,direct,5,0,M+0,0.022613033884344078
condition0,theta0_sample_008,Glutamine,glutamine,direct,5,1,M+1,0.06149550267526941
condition0,theta0_sample_008,Glutamine,glutamine,direct,5,2,M+2,0.13180711286802926
condition0,theta0_sample_008,Glutamine,glutamine,direct,5,3,M+3,0.28049693140368598
condition0,theta0_sample_008,Glutamine,glutamine,direct,5,4,M+4,0.18453761846574274
condition0,theta0_sample_008,Glutamine,glutamine,direct,5,5,M+5,0.31904980070292899
condition0,theta0_sample_008,Aspartate,aspartate,reporter,4,0,M+0,0.057971728249160186
condition0,theta0_sample_008,Aspartate,aspartate,reporter,4,1,M+1,0.11985593638793703
condition0,theta0_sample_008,Aspartate,aspartate,reporter,4,2,M+2,0.20144353561855957
condition0,theta0_sample_008,Aspartate,aspartate,reporter,4,3,M+3,0.20565820660242928
condition0,theta0_sample_008,Aspartate,aspartate,reporter,4,4,M+4,0.41507059314191425
condition0,theta0_sample_008,Glycine,glycine,reporter,2,0,M+0,0.26854427200456887
condition0,theta0_sample_008,Glycine,glycine,reporter,2,1,M+1,0.062911455990862258
condition0,theta0_sample_008,Glycine,glycine,reporter,2,2,M+2,0.6685442720045689
condition0,theta0_sample_008,Serine,serine,reporter,3,0,M+0,0.26854427200456887
condition0,theta0_sample_008,Serine,serine,reporter,3,1,M+1,0.031455727995431122
condition0,theta0_sample_008,Serine,serine,reporter,3,2,M+2,0.031455727995431136
condition0,theta0_sample_008,Serine,serine,reporter,3,3,M+3,0.6685442720045689
condition0,theta0_sample_009,Pyruvate,pyruvate,direct,3,0,M+0,0.25677730191524989
condition0,theta0_sample_009,Pyruvate,pyruvate,direct,3,1,M+1,0.042072242574798656
condition0,theta0_sample_009,Pyruvate,pyruvate,direct,3,2,M+2,0.045523609104653126
condition0,theta0_sample_009,Pyruvate,pyruvate,direct,3,3,M+3,0.65562684640529845
condition0,theta0_sample_009,Alanine,alanine,reporter,3,0,M+0,0.25677730191524989
condition0,theta0_sample_009,Alanine,alanine,reporter,3,1,M+1,0.042072242574798656
condition0,theta0_sample_009,Alanine,alanine,reporter,3,2,M+2,0.045523609104653126
condition0,theta0_sample_009,Alanine,alanine,reporter,3,3,M+3,0.65562684640529845
condition0,theta0_sample_009,Lactate,lactate,reporter,3,0,M+0,0.25677730191524989
condition0,theta0_sample_009,Lactate,lactate,reporter,3,1,M+1,0.042072242574798656
condition0,theta0_sample_009,Lactate,lactate,reporter,3,2,M+2,0.045523609104653126
condition0,theta0_sample_009,Lactate,lactate,reporter,3,3,M+3,0.65562684640529845
condition0,theta0_sample_009,Citrate,citrate,reporter,6,0,M+0,0.017975569680570382
condition0,theta0_sample_009,Citrate,citrate,reporter,6,1,M+1,0.037216094612471655
condition0,theta0_sample_009,Citrate,citrate,reporter,6,2,M+2,0.10009627137124735
condition0,theta0_sample_009,Citrate,citrate,reporter,6,3,M+3,0.14776119442146352
condition0,theta0_sample_009,Citrate,citrate,reporter,6,4,M+4,0.25783417549493926
condition0,theta0_sample_009,Citrate,citrate,reporter,6,5,M+5,0.1467290891149608
condition0,theta0_sample_009,Citrate,citrate,reporter,6,6,M+6,0.29238760530434688
condition0,theta0_sample_009,aKG,akg,direct,5,0,M+0,0.022561194256211399
condition0,theta0_sample_009,aKG,akg,direct,5,1,M+1,0.06129862523257984
condition0,theta0_sample_009,aKG,akg,direct,5,2,M+2,0.13169663480556082
condition0,theta0_sample_009,aKG,akg,direct,5,3,M+3,0.28095426640127347
condition0,theta0_sample_009,aKG,akg,direct,5,4,M+4,0.18500109056939398
condition0,theta0_sample_009,aKG,akg,direct,5,5,M+5,0.31848818873498025
condition0,theta0_sample_009,Succinate,succinate,direct,4,0,M+0,0.050452176102472504
condition0,theta0_sample_009,Succinate,succinate,direct,4,1,M+1,0.076848683533220483
condition0,theta0_sample_009,Succinate,succinate,direct,4,2,M+2,0.29116987269068767
condition0,theta0_sample_009,Succinate,succinate,direct,4,3,M+3,0.18530549960907311
condition0,theta0_sample_009,Succinate,succinate,direct,4,4,M+4,0.39622376806454596
condition0,theta0_sample_009,Fumarate,fumarate,direct,4,0,M+0,0.050452176102472511
condition0,theta0_sample_009,Fumarate,fumarate,direct,4,1,M+1,0.076848683533220483
condition0,theta0_sample_009,Fumarate,fumarate,direct,4,2,M+2,0.29116987269068767
condition0,theta0_sample_009,Fumarate,fumarate,direct,4,3,M+3,0.18530549960907311
condition0,theta0_sample_009,Fumarate,fumarate,direct,4,4,M+4,0.39622376806454601
condition0,theta0_sample_009,Malate,malate,direct,4,0,M+0,0.050455811806477138
condition0,theta0_sample_009,Malate,malate,direct,4,1,M+1,0.076841633589013816
condition0,theta0_sample_009,Malate,malate,direct,4,2,M+2,0.29118169641896635
condition0,theta0_sample_009,Malate,malate,direct,4,3,M+3,0.18528845916911732
condition0,theta0_sample_009,Malate,malate,direct,4,4,M+4,0.39623239901642515
condition0,theta0_sample_009,Glutamine,glutamine,direct,5,0,M+0,0.022561194256211396
condition0,theta0_sample_009,Glutamine,glutamine,direct,5,1,M+1,0.061298625232579826
condition0,theta0_sample_009,Glutamine,glutamine,direct,5,2,M+2,0.13169663480556079
condition0,theta0_sample_009,Glutamine,glutamine,direct,5,3,M+3,0.28095426640127341
condition0,theta0_sample_009,Glutamine,glutamine,direct,5,4,M+4,0.18500109056939396
condition0,theta0_sample_009,Glutamine,glutamine,direct,5,5,M+5,0.31848818873498014
condition0,theta0_sample_009,Aspartate,aspartate,reporter,4,0,M+0,0.061743493231740075
condition0,theta0_sample_009,Aspartate,aspartate,reporter,4,1,M+1,0.12407090742558058
condition0,theta0_sample_009,Aspartate,aspartate,reporter,4,2,M+2,0.18968317615626326
condition0,theta0_sample_009,Aspartate,aspartate,reporter,4,3,M+3,0.20144695248377117
condition0,theta0_sample_009,Aspartate,aspartate,reporter,4,4,M+4,0.42305547070264465
condition0,theta0_sample_009,Glycine,glycine,reporter,2,0,M+0,0.26503058452606404
condition0,theta0_sample_009,Glycine,glycine,reporter,2,1,M+1,0.069938830947872024
condition0,theta0_sample_009,Glycine,glycine,reporter,2,2,M+2,0.66503058452606423
condition0,theta0_sample_009,Serine,serine,reporter,3,0,M+0,0.26503058452606404
condition0,theta0_sample_009,Serine,serine,reporter,3,1,M+1,0.034969415473936012
condition0,theta0_sample_009,Serine,serine,reporter,3,2,M+2,0.034969415473936012
condition0,theta0_sample_009,Serine,serine,reporter,3,3,M+3,0.66503058452606423
condition0,theta0_sample_010,Pyruvate,pyruvate,direct,3,0,M+0,0.26067180596068423
condition0,theta0_sample_010,Pyruvate,pyruvate,direct,3,1,M+1,0.038397391814764981
condition0,theta0_sample_010,Pyruvate,pyruvate,direct,3,2,M+2,0.041189798488416952
condition0,theta0_sample_010,Pyruvate,pyruvate,direct,3,3,M+3,0.65974100373613331
condition0,theta0_sample_010,Alanine,alanine,reporter,3,0,M+0,0.26067180596068423
condition0,theta0_sample_010,Alanine,alanine,reporter,3,1,M+1,0.038397391814764981
condition0,theta0_sample_010,Alanine,alanine,reporter,3,2,M+2,0.041189798488416952
condition0,theta0_sample_010,Alanine,alanine,reporter,3,3,M+3,0.65974100373613331
condition0,theta0_sample_010,Lactate,lactate,reporter,3,0,M+0,0.26067180596068423
condition0,theta0_sample_010,Lactate,lactate,reporter,3,1,M+1,0.038397391814764981
condition0,theta0_sample_010,Lactate,lactate,reporter,3,2,M+2,0.041189798488416952
condition0,theta0_sample_010,Lactate,lactate,reporter,3,3,M+3,0.65974100373613331
condition0,theta0_sample_010,Citrate,citrate,reporter,6,0,M+0,0.01785884138937394
condition0,theta0_sample_010,Citrate,citrate,reporter,6,1,M+1,0.03693411255074025
condition0,theta0_sample_010,Citrate,citrate,reporter,6,2,M+2,0.10028017576572595
condition0,theta0_sample_010,Citrate,citrate,reporter,6,3,M+3,0.14732094204903118
condition0,theta0_sample_010,Citrate,citrate,reporter,6,4,M+4,0.25946812492791921
condition0,theta0_sample_010,Citrate,citrate,reporter,6,5,M+5,0.14615660984421575
condition0,theta0_sample_010,Citrate,citrate,reporter,6,6,M+6,0.29198119347299162
condition0,theta0_sample_010,aKG,akg,direct,5,0,M+0,0.022556664249580752
condition0,theta0_sample_010,aKG,akg,direct,5,1,M+1,0.061335811760180554
condition0,theta0_sample_010,aKG,akg,direct,5,2,M+2,0.13174137134421243
condition0,theta0_sample_010,aKG,akg,direct,5,3,M+3,0.28080688500018425
condition0,theta0_sample_010,aKG,akg,direct,5,4,M+4,0.18503554767836541
condition0,theta0_sample_010,aKG,akg,direct,5,5,M+5,0.31852371996747475
condition0,theta0_sample_010,Succinate,succinate,direct,4,0,M+0,0.049723701798652355
condition0,theta0_sample_010,Succinate,succinate,direct,4,1,M+1,0.078718647485166257
condition0,theta0_sample_010,Succinate,succinate,direct,4,2,M+2,0.28819093788554612
condition0,theta0_sample_010,Succinate,succinate,direct,4,3,M+3,0.18856737457879799
condition0,theta0_sample_010,Succinate,succinate,direct,4,4,M+4,0.39479933825183577
condition0,theta0_sample_010,Fumarate,fumarate,direct,4,0,M+0,0.049723701798652348
condition0,theta0_sample_010,Fumarate,fumarate,direct,4,1,M+1,0.078718647485166257
condition0,theta0_sample_010,Fumarate,fumarate,direct,4,2,M+2,0.28819093788554612
condition0,theta0_sample_010,Fumarate,fumarate,direct,4,3,M+3,0.18856737457879799
condition0,theta0_sample_010,Fumarate,fumarate,direct,4,4,M+4,0.39479933825183572
condition0,theta0_sample_010,Malate,malate,direct,4,0,M+0,0.049758723205530785
condition0,theta0_sample_010,Malate,malate,direct,4,1,M+1,0.078650287577435085
condition0,theta0_sample_010,Malate,malate,direct,4,2,M+2,0.28830543203377323
condition0,theta0_sample_010,Malate,malate,direct,4,3,M+3,0.18840338037802326
condition0,theta0_sample_010,Malate,malate,direct,4,4,M+4,0.39488217680523585
condition0,theta0_sample_010,Glutamine,glutamine,direct,5,0,M+0,0.022556664249580746
condition0,theta0_sample_010,Glutamine,glutamine,direct,5,1,M+1,0.061335811760180554
condition0,theta0_sample_010,Glutamine,glutamine,direct,5,2,M+2,0.13174137134421243
condition0,theta0_sample_010,Glutamine,glutamine,direct,5,3,M+3,0.28080688500018425
condition0,theta0_sample_010,Glutamine,glutamine,direct,5,4,M+4,0.18503554767836544
condition0,theta0_sample_010,Glutamine,glutamine,direct,5,5,M+5,0.31852371996747469
condition0,theta0_sample_010,Aspartate,aspartate,reporter,4,0,M+0,0.060959775144698844
condition0,theta0_sample_010,Aspartate,aspartate,reporter,4,1,M+1,0.12314240032600615
condition0,theta0_sample_010,Aspartate,aspartate,reporter,4,2,M+2,0.19218882301852713
condition0,theta0_sample_010,Aspartate,aspartate,reporter,4,3,M+3,0.20235605240613036
condition0,theta0_sample_010,Aspartate,aspartate,reporter,4,4,M+4,0.42135294910463617
condition0,theta0_sample_010,Glycine,glycine,reporter,2,0,M+0,0.26731321249859458
condition0,theta0_sample_010,Glycine,glycine,reporter,2,1,M+1,0.065373575002810547
condition0,theta0_sample_010,Glycine,glycine,reporter,2,2,M+2,0.66731321249859443
condition0,theta0_sample_010,Serine,serine,reporter,3,0,M+0,0.26731321249859458
condition0,theta0_sample_010,Serine,serine,reporter,3,1,M+1,0.032686787501405273
condition0,theta0_sample_010,Serine,serine,reporter,3,2,M+2,0.032686787501405266
condition0,theta0_sample_010,Serine,serine,reporter,3,3,M+3,0.66731321249859443
condition0,theta0_sample_011,Pyruvate,pyruvate,direct,3,0,M+0,0.26602848708037957
condition0,theta0_sample_011,Pyruvate,pyruvate,direct,3,1,M+1,0.033389654258882351
condition0,theta0_sample_011,Pyruvate,pyruvate,direct,3,2,M+2,0.035135230241096195
condition0,theta0_sample_011,Pyruvate,pyruvate,direct,3,3,M+3,0.66544662841964153
condition0,theta0_sample_011,Alanine,alanine,reporter,3,0,M+0,0.26602848708037957
condition0,theta0_sample_011,Alanine,alanine,reporter,3,1,M+1,0.033389654258882351
condition0,theta0_sample_011,Alanine,alanine,reporter,3,2,M+2,0.035135230241096195
condition0,theta0_sample_011,Alanine,alanine,reporter,3,3,M+3,0.66544662841964153
condition0,theta0_sample_011,Lactate,lactate,reporter,3,0,M+0,0.26602848708037957
condition0,theta0_sample_011,Lactate,lactate,reporter,3,1,M+1,0.033389654258882351
condition0,theta0_sample_011,Lactate,lactate,reporter,3,2,M+2,0.035135230241096195
condition0,theta0_sample_011,Lactate,lactate,reporter,3,3,M+3,0.66544662841964153
condition0,theta0_sample_011,Citrate,citrate,reporter,6,0,M+0,0.017142894459549328
condition0,theta0_sample_011,Citrate,citrate,reporter,6,1,M+1,0.035523477391547001
condition0,theta0_sample_011,Citrate,citrate,reporter,6,2,M+2,0.10161485359450237
condition0,theta0_sample_011,Citrate,citrate,reporter,6,3,M+3,0.14480846222291166
condition0,theta0_sample_011,Citrate,citrate,reporter,6,4,M+4,0.26623204166325104
condition0,theta0_sample_011,Citrate,citrate,reporter,6,5,M+5,0.14617636191172217
condition0,theta0_sample_011,Citrate,citrate,reporter,6,6,M+6,0.28850190875651627
condition0,theta0_sample_011,aKG,akg,direct,5,0,M+0,0.022411173370804935
condition0,theta0_sample_011,aKG,akg,direct,5,1,M+1,0.061353471604911461
condition0,theta0_sample_011,aKG,akg,direct,5,2,M+2,0.13200151598690318
condition0,theta0_sample_011,aKG,akg,direct,5,3,M+3,0.28012637327354817
condition0,theta0_sample_011,aKG,akg,direct,5,4,M+4,0.18627295221852322
condition0,theta0_sample_011,aKG,akg,direct,5,5,M+5,0.31783451354530873
condition0,theta0_sample_011,Succinate,succinate,direct,4,0,M+0,0.047372264754435039
condition0,theta0_sample_011,Succinate,succinate,direct,4,1,M+1,0.084108468352081592
condition0,theta0_sample_011,Succinate,succinate,direct,4,2,M+2,0.27943688536684791
condition0,theta0_sample_011,Succinate,succinate,direct,4,3,M+3,0.1993117651923193
condition0,theta0_sample_011,Succinate,succinate,direct,4,4,M+4,0.38977061633431614
condition0,theta0_sample_011,Fumarate,fumarate,direct,4,0,M+0,0.047372264754435039
condition0,theta0_sample_011,Fumarate,fumarate,direct,4,1,M+1,0.084108468352081578
condition0,theta0_sample_011,Fumarate,fumarate,direct,4,2,M+2,0.27943688536684785
condition0,theta0_sample_011,Fumarate,fumarate,direct,4,3,M+3,0.1993117651923193
condition0,theta0_sample_011,Fumarate,fumarate,direct,4,4,M+4,0.38977061633431614
condition0,theta0_sample_011,Malate,malate,direct,4,0,M+0,0.047892890773560598
condition0,theta0_sample_011,Malate,malate,direct,4,1,M+1,0.083081641155717242
condition0,theta0_sample_011,Malate,malate,direct,4,2,M+2,0.28115307230808401
condition0,theta0_sample_011,Malate,malate,direct,4,3,M+3,0.19687736882243778
condition0,theta0_sample_011,Malate,malate,direct,4,4,M+4,0.39099502694020033
condition0,theta0_sample_011,Glutamine,glutamine,direct,5,0,M+0,0.022411173370804928
condition0,theta0_sample_011,Glutamine,glutamine,direct,5,1,M+1,0.061353471604911454
condition0,theta0_sample_011,Glutamine,glutamine,direct,5,2,M+2,0.13200151598690316
condition0,theta0_sample_011,Glutamine,glutamine,direct,5,3,M+3,0.28012637327354811
condition0,theta0_sample_011,Glutamine,glutamine,direct,5,4,M+4,0.18627295221852314
condition0,theta0_sample_011,Glutamine,glutamine,direct,5,5,M+5,0.31783451354530867
condition0,theta0_sample_011,Aspartate,aspartate,reporter,4,0,M+0,0.057934603966414845
condition0,theta0_sample_011,Aspartate,aspartate,reporter,4,1,M+1,0.11844681186349816
condition0,theta0_sample_011,Aspartate,aspartate,reporter,4,2,M+2,0.20387590206273679
condition0,theta0_sample_011,Aspartate,aspartate,reporter,4,3,M+3,0.20516934441837256
condition0,theta0_sample_011,Aspartate,aspartate,reporter,4,4,M+4,0.41457333768897764
condition0,theta0_sample_011,Glycine,glycine,reporter,2,0,M+0,0.26997807079629033
condition0,theta0_sample_011,Glycine,glycine,reporter,2,1,M+1,0.060043858407419173
condition0,theta0_sample_011,Glycine,glycine,reporter,2,2,M+2,0.66997807079629013
condition0,theta0_sample_011,Serine,serine,reporter,3,0,M+0,0.26997807079629033
condition0,theta0_sample_011,Serine,serine,reporter,3,1,M+1,0.030021929203709583
condition0,theta0_sample_011,Serine,serine,reporter,3,2,M+2,0.03002192920370959
condition0,theta0_sample_011,Serine,serine,reporter,3,3,M+3,0.66997807079629013
condition0,theta0_sample_012,Pyruvate,pyruvate,direct,3,0,M+0,0.26047816116755723
condition0,theta0_sample_012,Pyruvate,pyruvate,direct,3,1,M+1,0.037973009851399155
condition0,theta0_sample_012,Pyruvate,pyruvate,direct,3,2,M+2,0.042619496794530587
condition0,theta0_sample_012,Pyruvate,pyruvate,direct,3,3,M+3,0.65892933218651351
condition0,theta0_sample_012,Alanine,alanine,reporter,3,0,M+0,0.26047816116755723
condition0,theta0_sample_012,Alanine,alanine,reporter,3,1,M+1,0.037973009851399155
condition0,theta0_sample_012,Alanine,alanine,reporter,3,2,M+2,0.042619496794530587
condition0,theta0_sample_012,Alanine,alanine,reporter,3,3,M+3,0.65892933218651351
condition0,theta0_sample_012,Lactate,lactate,reporter,3,0,M+0,0.26047816116755723
condition0,theta0_sample_012,Lactate,lactate,reporter,3,1,M+1,0.037973009851399155
condition0,theta0_sample_012,Lactate,lactate,reporter,3,2,M+2,0.042619496794530587
condition0,theta0_sample_012,Lactate,lactate,reporter,3,3,M+3,0.65892933218651351
condition0,theta0_sample_012,Citrate,citrate,reporter,6,0,M+0,0.017579903810889794
condition0,theta0_sample_012,Citrate,citrate,reporter,6,1,M+1,0.03658426276935086
condition0,theta0_sample_012,Citrate,citrate,reporter,6,2,M+2,0.10075792448740176
condition0,theta0_sample_012,Citrate,citrate,reporter,6,3,M+3,0.14673242195258757
condition0,theta0_sample_012,Citrate,citrate,reporter,6,4,M+4,0.25987193484322169
condition0,theta0_sample_012,Citrate,citrate,reporter,6,5,M+5,0.14862642979409527
condition0,theta0_sample_012,Citrate,citrate,reporter,6,6,M+6,0.28984712234245386
condition0,theta0_sample_012,aKG,akg,direct,5,0,M+0,0.022250831368106593
condition0,theta0_sample_012,aKG,akg,direct,5,1,M+1,0.06112802791088999
condition0,theta0_sample_012,aKG,akg,direct,5,2,M+2,0.13204330896404576
condition0,theta0_sample_012,aKG,akg,direct,5,3,M+3,0.28021996339331467
condition0,theta0_sample_012,aKG,akg,direct,5,4,M+4,0.18766387783714153
condition0,theta0_sample_012,aKG,akg,direct,5,5,M+5,0.31669399052650227
condition0,theta0_sample_012,Succinate,succinate,direct,4,0,M+0,0.049119289626759724
condition0,theta0_sample_012,Succinate,succinate,direct,4,1,M+1,0.078866769738549711
condition0,theta0_sample_012,Succinate,succinate,direct,4,2,M+2,0.28759050009977372
condition0,theta0_sample_012,Succinate,succinate,direct,4,3,M+3,0.19174153207776509
condition0,theta0_sample_012,Succinate,succinate,direct,4,4,M+4,0.39268190845715223
condition0,theta0_sample_012,Fumarate,fumarate,direct,4,0,M+0,0.049119289626759717
condition0,theta0_sample_012,Fumarate,fumarate,direct,4,1,M+1,0.078866769738549711
condition0,theta0_sample_012,Fumarate,fumarate,direct,4,2,M+2,0.28759050009977366
condition0,theta0_sample_012,Fumarate,fumarate,direct,4,3,M+3,0.19174153207776506
condition0,theta0_sample_012,Fumarate,fumarate,direct,4,4,M+4,0.39268190845715223
condition0,theta0_sample_012,Malate,malate,direct,4,0,M+0,0.049277272782869801
condition0,theta0_sample_012,Malate,malate,direct,4,1,M+1,0.078562985388596226
condition0,theta0_sample_012,Malate,malate,direct,4,2,M+2,0.28810086800378509
condition0,theta0_sample_012,Malate,malate,direct,4,3,M+3,0.19100021669516248
condition0,theta0_sample_012,Malate,malate,direct,4,4,M+4,0.39305865712958687
condition0,theta0_sample_012,Glutamine,glutamine,direct,5,0,M+0,0.022250831368106593
condition0,theta0_sample_012,Glutamine,glutamine,direct,5,1,M+1,0.06112802791088999
condition0,theta0_sample_012,Glutamine,glutamine,direct,5,2,M+2,0.13204330896404576
condition0,theta0_sample_012,Glutamine,glutamine,direct,5,3,M+3,0.28021996339331467
condition0,theta0_sample_012,Glutamine,glutamine,direct,5,4,M+4,0.18766387783714153
condition0,theta0_sample_012,Glutamine,glutamine,direct,5,5,M+5,0.31669399052650227
condition0,theta0_sample_012,Aspartate,aspartate,reporter,4,0,M+0,0.060858967956139126
condition0,theta0_sample_012,Aspartate,aspartate,reporter,4,1,M+1,0.12195639496257628
condition0,theta0_sample_012,Aspartate,aspartate,reporter,4,2,M+2,0.19427194396265884
condition0,theta0_sample_012,Aspartate,aspartate,reporter,4,3,M+3,0.20215105536239739
condition0,theta0_sample_012,Aspartate,aspartate,reporter,4,4,M+4,0.42076163775622866
condition0,theta0_sample_012,Glycine,glycine,reporter,2,0,M+0,0.27125219449438459
condition0,theta0_sample_012,Glycine,glycine,reporter,2,1,M+1,0.057495611011231088
condition0,theta0_sample_012,Glycine,glycine,reporter,2,2,M+2,0.67125219449438467
condition0,theta0_sample_012,Serine,serine,reporter,3,0,M+0,0.27125219449438459
condition0,theta0_sample_012,Serine,serine,reporter,3,1,M+1,0.02874780550561554
condition0,theta0_sample_012,Serine,serine,reporter,3,2,M+2,0.028747805505615551
condition0,theta0_sample_012,Serine,serine,reporter,3,3,M+3,0.67125219449438467
condition0,theta0_sample_013,Pyruvate,pyruvate,direct,3,0,M+0,0.26594450456861629
condition0,theta0_sample_013,Pyruvate,pyruvate,direct,3,1,M+1,0.033855031434994423
condition0,theta0_sample_013,Pyruvate,pyruvate,direct,3,2,M+2,0.034456423424162594
condition0,theta0_sample_013,Pyruvate,pyruvate,direct,3,3,M+3,0.6657440405722268
condition0,theta0_sample_013,Alanine,alanine,reporter,3,0,M+0,0.26594450456861629
condition0,theta0_sample_013,Alanine,alanine,reporter,3,1,M+1,0.033855031434994423
condition0,theta0_sample_013,Alanine,alanine,reporter,3,2,M+2,0.034456423424162594
condition0,theta0_sample_013,Alanine,alanine,reporter,3,3,M+3,0.6657440405722268
condition0,theta0_sample_013,Lactate,lactate,reporter,3,0,M+0,0.26594450456861629
condition0,theta0_sample_013,Lactate,lactate,reporter,3,1,M+1,0.033855031434994423
condition0,theta0_sample_013,Lactate,lactate,reporter,3,2,M+2,0.034456423424162594
condition0,theta0_sample_013,Lactate,lactate,reporter,3,3,M+3,0.6657440405722268
condition0,theta0_sample_013,Citrate,citrate,reporter,6,0,M+0,0.017020798162848759
condition0,theta0_sample_013,Citrate,citrate,reporter,6,1,M+1,0.035511417893335839
condition0,theta0_sample_013,Citrate,citrate,reporter,6,2,M+2,0.10137310912333733
condition0,theta0_sample_013,Citrate,citrate,reporter,6,3,M+3,0.14502523904002759
condition0,theta0_sample_013,Citrate,citrate,reporter,6,4,M+4,0.26706734669627707
condition0,theta0_sample_013,Citrate,citrate,reporter,6,5,M+5,0.14561527455024395
condition0,theta0_sample_013,Citrate,citrate,reporter,6,6,M+6,0.2883868145339305
condition0,theta0_sample_013,aKG,akg,direct,5,0,M+0,0.02251939484353057
condition0,theta0_sample_013,aKG,akg,direct,5,1,M+1,0.061465113524050603
condition0,theta0_sample_013,aKG,akg,direct,5,2,M+2,0.13193278878483314
condition0,theta0_sample_013,aKG,akg,direct,5,3,M+3,0.28020277219516015
condition0,theta0_sample_013,aKG,akg,direct,5,4,M+4,0.18533866094132712
condition0,theta0_sample_013,aKG,akg,direct,5,5,M+5,0.31854126971109975
condition0,theta0_sample_013,Succinate,succinate,direct,4,0,M+0,0.046761375232034746
condition0,theta0_sample_013,Succinate,succinate,direct,4,1,M+1,0.086070541804828676
condition0,theta0_sample_013,Succinate,succinate,direct,4,2,M+2,0.2764135277482519
condition0,theta0_sample_013,Succinate,succinate,direct,4,3,M+3,0.20191581816087231
condition0,theta0_sample_013,Succinate,succinate,direct,4,4,M+4,0.38883873705401334
condition0,theta0_sample_013,Fumarate,fumarate,direct,4,0,M+0,0.046761375232034746
condition0,theta0_sample_013,Fumarate,fumarate,direct,4,1,M+1,0.086070541804828676
condition0,theta0_sample_013,Fumarate,fumarate,direct,4,2,M+2,0.2764135277482519
condition0,theta0_sample_013,Fumarate,fumarate,direct,4,3,M+3,0.20191581816087231
condition0,theta0_sample_013,Fumarate,fumarate,direct,4,4,M+4,0.38883873705401334
condition0,theta0_sample_013,Malate,malate,direct,4,0,M+0,0.047213481878563869
condition0,theta0_sample_013,Malate,malate,direct,4,1,M+1,0.085170623341957477
condition0,theta0_sample_013,Malate,malate,direct,4,2,M+2,0.27791482346309965
condition0,theta0_sample_013,Malate,malate,direct,4,3,M+3,0.1998045555336741
condition0,theta0_sample_013,Malate,malate,direct,4,4,M+4,0.38989651578270595
condition0,theta0_sample_013,Glutamine,glutamine,direct,5,0,M+0,0.02251939484353057
condition0,theta0_sample_013,Glutamine,glutamine,direct,5,1,M+1,0.06146511352405061
condition0,theta0_sample_013,Glutamine,glutamine,direct,5,2,M+2,0.13193278878483311
condition0,theta0_sample_013,Glutamine,glutamine,direct,5,3,M+3,0.2802027721951601
condition0,theta0_sample_013,Glutamine,glutamine,direct,5,4,M+4,0.18533866094132712
condition0,theta0_sample_013,Glutamine,glutamine,direct,5,5,M+5,0.31854126971109975
condition0,theta0_sample_013,Aspartate,aspartate,reporter,4,0,M+0,0.057005478367334057
condition0,theta0_sample_013,Aspartate,aspartate,reporter,4,1,M+1,0.11839210416766721
condition0,theta0_sample_013,Aspartate,aspartate,reporter,4,2,M+2,0.20501689034676121
condition0,theta0_sample_013,Aspartate,aspartate,reporter,4,3,M+3,0.20676799333414078
condition0,theta0_sample_013,Aspartate,aspartate,reporter,4,4,M+4,0.41281753378409758
condition0,theta0_sample_013,Glycine,glycine,reporter,2,0,M+0,0.26729216831105052
condition0,theta0_sample_013,Glycine,glycine,reporter,2,1,M+1,0.065415663377899058
condition0,theta0_sample_013,Glycine,glycine,reporter,2,2,M+2,0.66729216831105054
condition0,theta0_sample_013,Serine,serine,reporter,3,0,M+0,0.26729216831105052
condition0,theta0_sample_013,Serine,serine,reporter,3,1,M+1,0.032707831688949529
condition0,theta0_sample_013,Serine,serine,reporter,3,2,M+2,0.032707831688949529
condition0,theta0_sample_013,Serine,serine,reporter,3,3,M+3,0.66729216831105054
condition0,theta0_sample_014,Pyruvate,pyruvate,direct,3,0,M+0,0.26629098860477152
condition0,theta0_sample_014,Pyruvate,pyruvate,direct,3,1,M+1,0.033023790562437719
condition0,theta0_sample_014,Pyruvate,pyruvate,direct,3,2,M+2,0.035079453060809916
condition0,theta0_sample_014,Pyruvate,pyruvate,direct,3,3,M+3,0.66560576777198077
condition0,theta0_sample_014,Alanine,alanine,reporter,3,0,M+0,0.26629098860477152
condition0,theta0_sample_014,Alanine,alanine,reporter,3,1,M+1,0.033023790562437719
condition0,theta0_sample_014,Alanine,alanine,reporter,3,2,M+2,0.035079453060809916
condition0,theta0_sample_014,Alanine,alanine,reporter,3,3,M+3,0.66560576777198077
condition0,theta0_sample_014,Lactate,lactate,reporter,3,0,M+0,0.26629098860477152
condition0,theta0_sample_014,Lactate,lactate,reporter,3,1,M+1,0.033023790562437719
condition0,theta0_sample_014,Lactate,lactate,reporter,3,2,M+2,0.035079453060809916
condition0,theta0_sample_014,Lactate,lactate,reporter,3,3,M+3,0.66560576777198077
condition0,theta0_sample_014,Citrate,citrate,reporter,6,0,M+0,0.017725373732494699
condition0,theta0_sample_014,Citrate,citrate,reporter,6,1,M+1,0.036906423596265003
condition0,theta0_sample_014,Citrate,citrate,reporter,6,2,M+2,0.099989583380303115
condition0,theta0_sample_014,Citrate,citrate,reporter,6,3,M+3,0.14765861019458562
condition0,theta0_sample_014,Citrate,citrate,reporter,6,4,M+4,0.26005878247254655
condition0,theta0_sample_014,Citrate,citrate,reporter,6,5,M+5,0.14606391057364351
condition0,theta0_sample_014,Citrate,citrate,reporter,6,6,M+6,0.29159731605016104
condition0,theta0_sample_014,aKG,akg,direct,5,0,M+0,0.022508338913871467
condition0,theta0_sample_014,aKG,akg,direct,5,1,M+1,0.061362964074369933
condition0,theta0_sample_014,aKG,akg,direct,5,2,M+2,0.13184906588458412
condition0,theta0_sample_014,aKG,akg,direct,5,3,M+3,0.28050753022884495
condition0,theta0_sample_014,aKG,akg,direct,5,4,M+4,0.18544419102172041
condition0,theta0_sample_014,aKG,akg,direct,5,5,M+5,0.31832790987660886
condition0,theta0_sample_014,Succinate,succinate,direct,4,0,M+0,0.048496752963962907
condition0,theta0_sample_014,Succinate,succinate,direct,4,1,M+1,0.081620312267869657
condition0,theta0_sample_014,Succinate,succinate,direct,4,2,M+2,0.28350408561881579
condition0,theta0_sample_014,Succinate,succinate,direct,4,3,M+3,0.19414388010290778
condition0,theta0_sample_014,Succinate,succinate,direct,4,4,M+4,0.39223496904644384
condition0,theta0_sample_014,Fumarate,fumarate,direct,4,0,M+0,0.048496752963962907
condition0,theta0_sample_014,Fumarate,fumarate,direct,4,1,M+1,0.081620312267869657
condition0,theta0_sample_014,Fumarate,fumarate,direct,4,2,M+2,0.28350408561881579
condition0,theta0_sample_014,Fumarate,fumarate,direct,4,3,M+3,0.19414388010290781
condition0,theta0_sample_014,Fumarate,fumarate,direct,4,4,M+4,0.39223496904644378
condition0,theta0_sample_014,Malate,malate,direct,4,0,M+0,0.048498945958456281
condition0,theta0_sample_014,Malate,malate,direct,4,1,M+1,0.081616002334687701
condition0,theta0_sample_014,Malate,malate,direct,4,2,M+2,0.28351129419272059
condition0,theta0_sample_014,Malate,malate,direct,4,3,M+3,0.1941336207766704
condition0,theta0_sample_014,Malate,malate,direct,4,4,M+4,0.39224013673746488
condition0,theta0_sample_014,Glutamine,glutamine,direct,5,0,M+0,0.022508338913871467
condition0,theta0_sample_014,Glutamine,glutamine,direct,5,1,M+1,0.06136296407436994
condition0,theta0_sample_014,Glutamine,glutamine,direct,5,2,M+2,0.13184906588458412
condition0,theta0_sample_014,Glutamine,glutamine,direct,5,3,M+3,0.28050753022884495
condition0,theta0_sample_014,Glutamine,glutamine,direct,5,4,M+4,0.18544419102172044
condition0,theta0_sample_014,Glutamine,glutamine,direct,5,5,M+5,0.31832790987660886
condition0,theta0_sample_014,Aspartate,aspartate,reporter,4,0,M+0,0.060109142834028406
condition0,theta0_sample_014,Aspartate,aspartate,reporter,4,1,M+1,0.12307001995918809
condition0,theta0_sample_014,Aspartate,aspartate,reporter,4,2,M+2,0.19316555530625065
condition0,theta0_sample_014,Aspartate,aspartate,reporter,4,3,M+3,0.20402225817382047
condition0,theta0_sample_014,Aspartate,aspartate,reporter,4,4,M+4,0.41963302372671213
condition0,theta0_sample_014,Glycine,glycine,reporter,2,0,M+0,0.27121756655858614
condition0,theta0_sample_014,Glycine,glycine,reporter,2,1,M+1,0.057564866882827657
condition0,theta0_sample_014,Glycine,glycine,reporter,2,2,M+2,0.67121756655858611
condition0,theta0_sample_014,Serine,serine,reporter,3,0,M+0,0.27121756655858614
condition0,theta0_sample_014,Serine,serine,reporter,3,1,M+1,0.028782433441413829
condition0,theta0_sample_014,Serine,serine,reporter,3,2,M+2,0.028782433441413829
condition0,theta0_sample_014,Serine,serine,reporter,3,3,M+3,0.67121756655858611
condition0,theta0_sample_015,Pyruvate,pyruvate,direct,3,0,M+0,0.26292387371309034
condition0,theta0_sample_015,Pyruvate,pyruvate,direct,3,1,M+1,0.036518846334775805
condition0,theta0_sample_015,Pyruvate,pyruvate,direct,3,2,M+2,0.038190686191177235
condition0,theta0_sample_015,Pyruvate,pyruvate,direct,3,3,M+3,0.66236659376095641
condition0,theta0_sample_015,Alanine,alanine,reporter,3,0,M+0,0.26292387371309034
condition0,theta0_sample_015,Alanine,alanine,reporter,3,1,M+1,0.036518846334775805
condition0,theta0_sample_015,Alanine,alanine,reporter,3,2,M+2,0.038190686191177235
condition0,theta0_sample_015,Alanine,alanine,reporter,3,3,M+3,0.66236659376095641
condition0,theta0_sample_015,Lactate,lactate,reporter,3,0,M+0,0.26292387371309034
condition0,theta0_sample_015,Lactate,lactate,reporter,3,1,M+1,0.036518846334775805
condition0,theta0_sample_015,Lactate,lactate,reporter,3,2,M+2,0.038190686191177235
condition0,theta0_sample_015,Lactate,lactate,reporter,3,3,M+3,0.66236659376095641
condition0,theta0_sample_015,Citrate,citrate,reporter,6,0,M+0,0.016845726831363539
condition0,theta0_sample_015,Citrate,citrate,reporter,6,1,M+1,0.034380898472586512
condition0,theta0_sample_015,Citrate,citrate,reporter,6,2,M+2,0.10335828807814454
condition0,theta0_sample_015,Citrate,citrate,reporter,6,3,M+3,0.14183716132816662
condition0,theta0_sample_015,Citrate,citrate,reporter,6,4,M+4,0.27144597410986804
condition0,theta0_sample_015,Citrate,citrate,reporter,6,5,M+5,0.14518456213206993
condition0,theta0_sample_015,Citrate,citrate,reporter,6,6,M+6,0.28694738904779959
condition0,theta0_sample_015,aKG,akg,direct,5,0,M+0,0.022432662220792838
condition0,theta0_sample_015,aKG,akg,direct,5,1,M+1,0.061367963472576274
condition0,theta0_sample_015,aKG,akg,direct,5,2,M+2,0.13198019310458806
condition0,theta0_sample_015,aKG,akg,direct,5,3,M+3,0.28016798342376176
condition0,theta0_sample_015,aKG,akg,direct,5,4,M+4,0.18608828884444092
condition0,theta0_sample_015,aKG,akg,direct,5,5,M+5,0.31796290893383866
condition0,theta0_sample_015,Succinate,succinate,direct,4,0,M+0,0.046933277986141574
condition0,theta0_sample_015,Succinate,succinate,direct,4,1,M+1,0.085045329070088035
condition0,theta0_sample_015,Succinate,succinate,direct,4,2,M+2,0.27789507989730983
condition0,theta0_sample_015,Succinate,succinate,direct,4,3,M+3,0.20134074105054842
condition0,theta0_sample_015,Succinate,succinate,direct,4,4,M+4,0.38878557199591096
condition0,theta0_sample_015,Fumarate,fumarate,direct,4,0,M+0,0.046933277986141574
condition0,theta0_sample_015,Fumarate,fumarate,direct,4,1,M+1,0.085045329070088035
condition0,theta0_sample_015,Fumarate,fumarate,direct,4,2,M+2,0.27789507989730983
condition0,theta0_sample_015,Fumarate,fumarate,direct,4,3,M+3,0.20134074105054839
condition0,theta0_sample_015,Fumarate,fumarate,direct,4,4,M+4,0.38878557199591096
condition0,theta0_sample_015,Malate,malate,direct,4,0,M+0,0.048013820637951204
condition0,theta0_sample_015,Malate,malate,direct,4,1,M+1,0.082912295733126001
condition0,theta0_sample_015,Malate,malate,direct,4,2,M+2,0.28145948611446564
condition0,theta0_sample_015,Malate,malate,direct,4,3,M+3,0.19628885801988441
condition0,theta0_sample_015,Malate,malate,direct,4,4,M+4,0.39132553949457161
condition0,theta0_sample_015,Glutamine,glutamine,direct,5,0,M+0,0.022432662220792841
condition0,theta0_sample_015,Glutamine,glutamine,direct,5,1,M+1,0.061367963472576281
condition0,theta0_sample_015,Glutamine,glutamine,direct,5,2,M+2,0.13198019310458806
condition0,theta0_sample_015,Glutamine,glutamine,direct,5,3,M+3,0.28016798342376176
condition0,theta0_sample_015,Glutamine,glutamine,direct,5,4,M+4,0.18608828884444092
condition0,theta0_sample_015,Glutamine,glutamine,direct,5,5,M+5,0.31796290893383872
condition0,theta0_sample_015,Aspartate,aspartate,reporter,4,0,M+0,0.056881309265725565
condition0,theta0_sample_015,Aspartate,aspartate,reporter,4,1,M+1,0.11461390341374757
condition0,theta0_sample_015,Aspartate,aspartate,reporter,4,2,M+2,0.21231675748812764
condition0,theta0_sample_015,Aspartate,aspartate,reporter,4,3,M+3,0.20399953771959858
condition0,theta0_sample_015,Aspartate,aspartate,reporter,4,4,M+4,0.41218849211279968
condition0,theta0_sample_015,Glycine,glycine,reporter,2,0,M+0,0.26657419206232924
condition0,theta0_sample_015,Glycine,glycine,reporter,2,1,M+1,0.0668516158753414
condition0,theta0_sample_015,Glycine,glycine,reporter,2,2,M+2,0.66657419206232893
condition0,theta0_sample_015,Serine,serine,reporter,3,0,M+0,0.26657419206232924
condition0,theta0_sample_015,Serine,serine,reporter,3,1,M+1,0.0334258079376707
condition0,theta0_sample_015,Serine,serine,reporter,3,2,M+2,0.033425807937670707
condition0,theta0_sample_015,Serine,serine,reporter,3,3,M+3,0.66657419206232893
condition0,theta0_sample_016,Pyruvate,pyruvate,direct,3,0,M+0,0.25814563527007178
condition0,theta0_sample_016,Pyruvate,pyruvate,direct,3,1,M+1,0.040072027648870918
condition0,theta0_sample_016,Pyruvate,pyruvate,direct,3,2,M+2,0.045419038892042442
condition0,theta0_sample_016,Pyruvate,pyruvate,direct,3,3,M+3,0.65636329818901429
condition0,theta0_sample_016,Alanine,alanine,reporter,3,0,M+0,0.25814563527007178
condition0,theta0_sample_016,Alanine,alanine,reporter,3,1,M+1,0.040072027648870918
condition0,theta0_sample_016,Alanine,alanine,reporter,3,2,M+2,0.045419038892042442
condition0,theta0_sample_016,Alanine,alanine,reporter,3,3,M+3,0.65636329818901429
condition0,theta0_sample_016,Lactate,lactate,reporter,3,0,M+0,0.25814563527007178
condition0,theta0_sample_016,Lactate,lactate,reporter,3,1,M+1,0.040072027648870918
condition0,theta0_sample_016,Lactate,lactate,reporter,3,2,M+2,0.045419038892042442
condition0,theta0_sample_016,Lactate,lactate,reporter,3,3,M+3,0.65636329818901429
condition0,theta0_sample_016,Citrate,citrate,reporter,6,0,M+0,0.0173651729378041
condition0,theta0_sample_016,Citrate,citrate,reporter,6,1,M+1,0.035986388077021016
condition0,theta0_sample_016,Citrate,citrate,reporter,6,2,M+2,0.10159020129548103
condition0,theta0_sample_016,Citrate,citrate,reporter,6,3,M+3,0.14538184857090808
condition0,theta0_sample_016,Citrate,citrate,reporter,6,4,M+4,0.26212373080345053
condition0,theta0_sample_016,Citrate,citrate,reporter,6,5,M+5,0.14912320948651886
condition0,theta0_sample_016,Citrate,citrate,reporter,6,6,M+6,0.28842944882881533
condition0,theta0_sample_016,aKG,akg,direct,5,0,M+0,0.022166848726059011
condition0,theta0_sample_016,aKG,akg,direct,5,1,M+1,0.06106662436137969
condition0,theta0_sample_016,aKG,akg,direct,5,2,M+2,0.13212187648461457
condition0,theta0_sample_016,aKG,akg,direct,5,3,M+3,0.2800737606625357
condition0,theta0_sample_016,aKG,akg,direct,5,4,M+4,0.18838610814526954
condition0,theta0_sample_016,aKG,akg,direct,5,5,M+5,0.31618478162014035
condition0,theta0_sample_016,Succinate,succinate,direct,4,0,M+0,0.049034231348875218
condition0,theta0_sample_016,Succinate,succinate,direct,4,1,M+1,0.078696952140471274
condition0,theta0_sample_016,Succinate,succinate,direct,4,2,M+2,0.28776021804528817
condition0,theta0_sample_016,Succinate,succinate,direct,4,3,M+3,0.19225178209250807
condition0,theta0_sample_016,Succinate,succinate,direct,4,4,M+4,0.39225681637285659
condition0,theta0_sample_016,Fumarate,fumarate,direct,4,0,M+0,0.049034231348875218
condition0,theta0_sample_016,Fumarate,fumarate,direct,4,1,M+1,0.078696952140471274
condition0,theta0_sample_016,Fumarate,fumarate,direct,4,2,M+2,0.28776021804528817
condition0,theta0_sample_016,Fumarate,fumarate,direct,4,3,M+3,0.19225178209250804
condition0,theta0_sample_016,Fumarate,fumarate,direct,4,4,M+4,0.39225681637285659
condition0,theta0_sample_016,Malate,malate,direct,4,0,M+0,0.049364650363489117
condition0,theta0_sample_016,Malate,malate,direct,4,1,M+1,0.078064830784631667
condition0,theta0_sample_016,Malate,malate,direct,4,2,M+2,0.28882332586281689
condition0,theta0_sample_016,Malate,malate,direct,4,3,M+3,0.19070025446651384
condition0,theta0_sample_016,Malate,malate,direct,4,4,M+4,0.39304693852254774
condition0,theta0_sample_016,Glutamine,glutamine,direct,5,0,M+0,0.022166848726059014
condition0,theta0_sample_016,Glutamine,glutamine,direct,5,1,M+1,0.061066624361379683
condition0,theta0_sample_016,Glutamine,glutamine,direct,5,2,M+2,0.1321218764846146
condition0,theta0_sample_016,Glutamine,glutamine,direct,5,3,M+3,0.2800737606625357
condition0,theta0_sample_016,Glutamine,glutamine,direct,5,4,M+4,0.18838610814526954
condition0,theta0_sample_016,Glutamine,glutamine,direct,5,5,M+5,0.31618478162014035
condition0,theta0_sample_016,Aspartate,aspartate,reporter,4,0,M+0,0.060399251311220856
condition0,theta0_sample_016,Aspartate,aspartate,reporter,4,1,M+1,0.11991795636003134
condition0,theta0_sample_016,Aspartate,aspartate,reporter,4,2,M+2,0.19849615518156519
condition0,theta0_sample_016,Aspartate,aspartate,reporter,4,3,M+3,0.20165681531189139
condition0,theta0_sample_016,Aspartate,aspartate,reporter,4,4,M+4,0.41952982183529064
condition0,theta0_sample_016,Glycine,glycine,reporter,2,0,M+0,0.27020325737277978
condition0,theta0_sample_016,Glycine,glycine,reporter,2,1,M+1,0.059593485254440241
condition0,theta0_sample_016,Glycine,glycine,reporter,2,2,M+2,0.67020325737277975
condition0,theta0_sample_016,Serine,serine,reporter,3,0,M+0,0.27020325737277978
condition0,theta0_sample_016,Serine,serine,reporter,3,1,M+1,0.029796742627220114
condition0,theta0_sample_016,Serine,serine,reporter,3,2,M+2,0.029796742627220121
condition0,theta0_sample_016,Serine,serine,reporter,3,3,M+3,0.67020325737277975
condition0,theta0_sample_017,Pyruvate,pyruvate,direct,3,0,M+0,0.25102477907398202
condition0,theta0_sample_017,Pyruvate,pyruvate,direct,3,1,M+1,0.046726983887867168
condition0,theta0_sample_017,Pyruvate,pyruvate,direct,3,2,M+2,0.053471695002319297
condition0,theta0_sample_017,Pyruvate,pyruvate,direct,3,3,M+3,0.64877654203583113
condition0,theta0_sample_017,Alanine,alanine,reporter,3,0,M+0,0.25102477907398202
condition0,theta0_sample_017,Alanine,alanine,reporter,3,1,M+1,0.046726983887867168
condition0,theta0_sample_017,Alanine,alanine,reporter,3,2,M+2,0.053471695002319297
condition0,theta0_sample_017,Alanine,alanine,reporter,3,3,M+3,0.64877654203583113
condition0,theta0_sample_017,Lactate,lactate,reporter,3,0,M+0,0.25102477907398202
condition0,theta0_sample_017,Lactate,lactate,reporter,3,1,M+1,0.046726983887867168
condition0,theta0_sample_017,Lactate,lactate,reporter,3,2,M+2,0.053471695002319297
condition0,theta0_sample_017,Lactate,lactate,reporter,3,3,M+3,0.64877654203583113
condition0,theta0_sample_017,Citrate,citrate,reporter,6,0,M+0,0.018090713312681483
condition0,theta0_sample_017,Citrate,citrate,reporter,6,1,M+1,0.038000278418563418
condition0,theta0_sample_017,Citrate,citrate,reporter,6,2,M+2,0.099679175974902584
condition0,theta0_sample_017,Citrate,citrate,reporter,6,3,M+3,0.14902161291455995
condition0,theta0_sample_017,Citrate,citrate,reporter,6,4,M+4,0.25251999561640409
condition0,theta0_sample_017,Citrate,citrate,reporter,6,5,M+5,0.15063279415499375
condition0,theta0_sample_017,Citrate,citrate,reporter,6,6,M+6,0.29205542960789344
condition0,theta0_sample_017,aKG,akg,direct,5,0,M+0,0.022276505386602675
condition0,theta0_sample_017,aKG,akg,direct,5,1,M+1,0.061039650027989521
condition0,theta0_sample_017,aKG,akg,direct,5,2,M+2,0.13191214105031832
condition0,theta0_sample_017,aKG,akg,direct,5,3,M+3,0.28063372840208411
condition0,theta0_sample_017,aKG,akg,direct,5,4,M+4,0.18745499299990398
condition0,theta0_sample_017,aKG,akg,direct,5,5,M+5,0.31668298213310014
condition0,theta0_sample_017,Succinate,succinate,direct,4,0,M+0,0.0516804439019517
condition0,theta0_sample_017,Succinate,succinate,direct,4,1,M+1,0.072612437691130391
condition0,theta0_sample_017,Succinate,succinate,direct,4,2,M+2,0.29763704567979365
condition0,theta0_sample_017,Succinate,succinate,direct,4,3,M+3,0.18016681995921377
condition0,theta0_sample_017,Succinate,succinate,direct,4,4,M+4,0.39790325276790933
condition0,theta0_sample_017,Fumarate,fumarate,direct,4,0,M+0,0.051680443901951693
condition0,theta0_sample_017,Fumarate,fumarate,direct,4,1,M+1,0.072612437691130377
condition0,theta0_sample_017,Fumarate,fumarate,direct,4,2,M+2,0.2976370456797936
condition0,theta0_sample_017,Fumarate,fumarate,direct,4,3,M+3,0.18016681995921374
condition0,theta0_sample_017,Fumarate,fumarate,direct,4,4,M+4,0.39790325276790933
condition0,theta0_sample_017,Malate,malate,direct,4,0,M+0,0.051601109159662192
condition0,theta0_sample_017,Malate,malate,direct,4,1,M+1,0.072761476118434337
condition0,theta0_sample_017,Malate,malate,direct,4,2,M+2,0.29738543794852867
condition0,theta0_sample_017,Malate,malate,direct,4,3,M+3,0.1805402591089898
condition0,theta0_sample_017,Malate,malate,direct,4,4,M+4,0.39771171766438373
condition0,theta0_sample_017,Glutamine,glutamine,direct,5,0,M+0,0.022276505386602675
condition0,theta0_sample_017,Glutamine,glutamine,direct,5,1,M+1,0.061039650027989514
condition0,theta0_sample_017,Glutamine,glutamine,direct,5,2,M+2,0.13191214105031832
condition0,theta0_sample_017,Glutamine,glutamine,direct,5,3,M+3,0.28063372840208411
condition0,theta0_sample_017,Glutamine,glutamine,direct,5,4,M+4,0.18745499299990395
condition0,theta0_sample_017,Glutamine,glutamine,direct,5,5,M+5,0.31668298213310009
condition0,theta0_sample_017,Aspartate,aspartate,reporter,4,0,M+0,0.063962663460024868
condition0,theta0_sample_017,Aspartate,aspartate,reporter,4,1,M+1,0.12659125181481304
condition0,theta0_sample_017,Aspartate,aspartate,reporter,4,2,M+2,0.18264124263525566
condition0,theta0_sample_017,Aspartate,aspartate,reporter,4,3,M+3,0.19909310544494913
condition0,theta0_sample_017,Aspartate,aspartate,reporter,4,4,M+4,0.42771173664495626
condition0,theta0_sample_017,Glycine,glycine,reporter,2,0,M+0,0.26719689109052885
condition0,theta0_sample_017,Glycine,glycine,reporter,2,1,M+1,0.0656062178189422
condition0,theta0_sample_017,Glycine,glycine,reporter,2,2,M+2,0.66719689109052882
condition0,theta0_sample_017,Serine,serine,reporter,3,0,M+0,0.26719689109052885
condition0,theta0_sample_017,Serine,serine,reporter,3,1,M+1,0.0328031089094711
condition0,theta0_sample_017,Serine,serine,reporter,3,2,M+2,0.0328031089094711
condition0,theta0_sample_017,Serine,serine,reporter,3,3,M+3,0.66719689109052882
condition0,theta0_sample_018,Pyruvate,pyruvate,direct,3,0,M+0,0.25286008813324884
condition0,theta0_sample_018,Pyruvate,pyruvate,direct,3,1,M+1,0.044671553348225028
condition0,theta0_sample_018,Pyruvate,pyruvate,direct,3,2,M+2,0.052076628903803206
condition0,theta0_sample_018,Pyruvate,pyruvate,direct,3,3,M+3,0.65039172961472269
condition0,theta0_sample_018,Alanine,alanine,reporter,3,0,M+0,0.25286008813324884
condition0,theta0_sample_018,Alanine,alanine,reporter,3,1,M+1,0.044671553348225028
condition0,theta0_sample_018,Alanine,alanine,reporter,3,2,M+2,0.052076628903803206
condition0,theta0_sample_018,Alanine,alanine,reporter,3,3,M+3,0.65039172961472269
condition0,theta0_sample_018,Lactate,lactate,reporter,3,0,M+0,0.25286008813324884
condition0,theta0_sample_018,Lactate,lactate,reporter,3,1,M+1,0.044671553348225028
condition0,theta0_sample_018,Lactate,lactate,reporter,3,2,M+2,0.052076628903803206
condition0,theta0_sample_018,Lactate,lactate,reporter,3,3,M+3,0.65039172961472269
condition0,theta0_sample_018,Citrate,citrate,reporter,6,0,M+0,0.016940953329466928
condition0,theta0_sample_018,Citrate,citrate,reporter,6,1,M+1,0.034962879084682104
condition0,theta0_sample_018,Citrate,citrate,reporter,6,2,M+2,0.1029703139181426
condition0,theta0_sample_018,Citrate,citrate,reporter,6,3,M+3,0.14322318956546937
condition0,theta0_sample_018,Citrate,citrate,reporter,6,4,M+4,0.26547955007244284
condition0,theta0_sample_018,Citrate,citrate,reporter,6,5,M+5,0.15102996008592079
condition0,theta0_sample_018,Citrate,citrate,reporter,6,6,M+6,0.28539315394387355
condition0,theta0_sample_018,aKG,akg,direct,5,0,M+0,0.02186028446089746
condition0,theta0_sample_018,aKG,akg,direct,5,1,M+1,0.060859091262110324
condition0,theta0_sample_018,aKG,akg,direct,5,2,M+2,0.13242528382728105
condition0,theta0_sample_018,aKG,akg,direct,5,3,M+3,0.27948286020840468
condition0,theta0_sample_018,aKG,akg,direct,5,4,M+4,0.1910206407484161
condition0,theta0_sample_018,aKG,akg,direct,5,5,M+5,0.31435183949288836
condition0,theta0_sample_018,Succinate,succinate,direct,4,0,M+0,0.048939224537842441
condition0,theta0_sample_018,Succinate,succinate,direct,4,1,M+1,0.077886593835621201
condition0,theta0_sample_018,Succinate,succinate,direct,4,2,M+2,0.28877735791106607
condition0,theta0_sample_018,Succinate,succinate,direct,4,3,M+3,0.19302860451963239
condition0,theta0_sample_018,Succinate,succinate,direct,4,4,M+4,0.39136821919583609
condition0,theta0_sample_018,Fumarate,fumarate,direct,4,0,M+0,0.048939224537842448
condition0,theta0_sample_018,Fumarate,fumarate,direct,4,1,M+1,0.077886593835621201
condition0,theta0_sample_018,Fumarate,fumarate,direct,4,2,M+2,0.28877735791106607
condition0,theta0_sample_018,Fumarate,fumarate,direct,4,3,M+3,0.19302860451963239
condition0,theta0_sample_018,Fumarate,fumarate,direct,4,4,M+4,0.39136821919583614
condition0,theta0_sample_018,Malate,malate,direct,4,0,M+0,0.049593362284299031
condition0,theta0_sample_018,Malate,malate,direct,4,1,M+1,0.076655119489956555
condition0,theta0_sample_018,Malate,malate,direct,4,2,M+2,0.29085541553625671
condition0,theta0_sample_018,Malate,malate,direct,4,3,M+3,0.1899503613204189
condition0,theta0_sample_018,Malate,malate,direct,4,4,M+4,0.39294574136906713
condition0,theta0_sample_018,Glutamine,glutamine,direct,5,0,M+0,0.02186028446089746
condition0,theta0_sample_018,Glutamine,glutamine,direct,5,1,M+1,0.060859091262110331
condition0,theta0_sample_018,Glutamine,glutamine,direct,5,2,M+2,0.13242528382728105
condition0,theta0_sample_018,Glutamine,glutamine,direct,5,3,M+3,0.27948286020840468
condition0,theta0_sample_018,Glutamine,glutamine,direct,5,4,M+4,0.1910206407484161
condition0,theta0_sample_018,Glutamine,glutamine,direct,5,5,M+5,0.31435183949288842
condition0,theta0_sample_018,Aspartate,aspartate,reporter,4,0,M+0,0.059784856339049057
condition0,theta0_sample_018,Aspartate,aspartate,reporter,4,1,M+1,0.11636524571833427
condition0,theta0_sample_018,Aspartate,aspartate,reporter,4,2,M+2,0.20554392494432011
condition0,theta0_sample_018,Aspartate,aspartate,reporter,4,3,M+3,0.20067698760015892
condition0,theta0_sample_018,Aspartate,aspartate,reporter,4,4,M+4,0.41762898539813603
condition0,theta0_sample_018,Glycine,glycine,reporter,2,0,M+0,0.26888104142168989
condition0,theta0_sample_018,Glycine,glycine,reporter,2,1,M+1,0.062237917156620158
condition0,theta0_sample_018,Glycine,glycine,reporter,2,2,M+2,0.66888104142168969
condition0,theta0_sample_018,Serine,serine,reporter,3,0,M+0,0.26888104142168989
condition0,theta0_sample_018,Serine,serine,reporter,3,1,M+1,0.031118958578310079
condition0,theta0_sample_018,Serine,serine,reporter,3,2,M+2,0.031118958578310079
condition0,theta0_sample_018,Serine,serine,reporter,3,3,M+3,0.66888104142168969
condition0,theta0_sample_019,Pyruvate,pyruvate,direct,3,0,M+0,0.25053286893369597
condition0,theta0_sample_019,Pyruvate,pyruvate,direct,3,1,M+1,0.04714175026524027
condition0,theta0_sample_019,Pyruvate,pyruvate,direct,3,2,M+2,0.054117892668431533
condition0,theta0_sample_019,Pyruvate,pyruvate,direct,3,3,M+3,0.64820748813263207
condition0,theta0_sample_019,Alanine,alanine,reporter,3,0,M+0,0.25053286893369597
condition0,theta0_sample_019,Alanine,alanine,reporter,3,1,M+1,0.04714175026524027
condition0,theta0_sample_019,Alanine,alanine,reporter,3,2,M+2,0.054117892668431533
condition0,theta0_sample_019,Alanine,alanine,reporter,3,3,M+3,0.64820748813263207
condition0,theta0_sample_019,Lactate,lactate,reporter,3,0,M+0,0.25053286893369597
condition0,theta0_sample_019,Lactate,lactate,reporter,3,1,M+1,0.04714175026524027
condition0,theta0_sample_019,Lactate,lactate,reporter,3,2,M+2,0.054117892668431533
condition0,theta0_sample_019,Lactate,lactate,reporter,3,3,M+3,0.64820748813263207
condition0,theta0_sample_019,Citrate,citrate,reporter,6,0,M+0,0.017159651885171864
condition0,theta0_sample_019,Citrate,citrate,reporter,6,1,M+1,0.035503253834240078
condition0,theta0_sample_019,Citrate,citrate,reporter,6,2,M+2,0.10234866351039759
condition0,theta0_sample_019,Citrate,citrate,reporter,6,3,M+3,0.14427520162135526
condition0,theta0_sample_019,Citrate,citrate,reporter,6,4,M+4,0.26334009433944749
condition0,theta0_sample_019,Citrate,citrate,reporter,6,5,M+5,0.15062537193321573
condition0,theta0_sample_019,Citrate,citrate,reporter,6,6,M+6,0.2867477628761711
condition0,theta0_sample_019,aKG,akg,direct,5,0,M+0,0.022035359228563898
condition0,theta0_sample_019,aKG,akg,direct,5,1,M+1,0.060948289482692333
condition0,theta0_sample_019,aKG,akg,direct,5,2,M+2,0.13222269076841911
condition0,theta0_sample_019,aKG,akg,direct,5,3,M+3,0.279921310718313
condition0,theta0_sample_019,aKG,akg,direct,5,4,M+4,0.18951935218452665
condition0,theta0_sample_019,aKG,akg,direct,5,5,M+5,0.31535299761748409
condition0,theta0_sample_019,Succinate,succinate,direct,4,0,M+0,0.049752349695666824
condition0,theta0_sample_019,Succinate,succinate,direct,4,1,M+1,0.076505662607559838
condition0,theta0_sample_019,Succinate,succinate,direct,4,2,M+2,0.29116068298703107
condition0,theta0_sample_019,Succinate,succinate,direct,4,3,M+3,0.18915224742058995
condition0,theta0_sample_019,Succinate,succinate,direct,4,4,M+4,0.39342905728915134
condition0,theta0_sample_019,Fumarate,fumarate,direct,4,0,M+0,0.049752349695666831
condition0,theta0_sample_019,Fumarate,fumarate,direct,4,1,M+1,0.076505662607559838
condition0,theta0_sample_019,Fumarate,fumarate,direct,4,2,M+2,0.29116068298703107
condition0,theta0_sample_019,Fumarate,fumarate,direct,4,3,M+3,0.18915224742058995
condition0,theta0_sample_019,Fumarate,fumarate,direct,4,4,M+4,0.39342905728915134
condition0,theta0_sample_019,Malate,malate,direct,4,0,M+0,0.050120956080554703
condition0,theta0_sample_019,Malate,malate,direct,4,1,M+1,0.075809929722923275
condition0,theta0_sample_019,Malate,malate,direct,4,2,M+2,0.29233406442313842
condition0,theta0_sample_019,Malate,malate,direct,4,3,M+3,0.18741825766273346
condition0,theta0_sample_019,Malate,malate,direct,4,4,M+4,0.39431679211064913
condition0,theta0_sample_019,Glutamine,glutamine,direct,5,0,M+0,0.022035359228563901
condition0,theta0_sample_019,Glutamine,glutamine,direct,5,1,M+1,0.060948289482692333
condition0,theta0_sample_019,Glutamine,glutamine,direct,5,2,M+2,0.13222269076841914
condition0,theta0_sample_019,Glutamine,glutamine,direct,5,3,M+3,0.279921310718313
condition0,theta0_sample_019,Glutamine,glutamine,direct,5,4,M+4,0.18951935218452665
condition0,theta0_sample_019,Glutamine,glutamine,direct,5,5,M+5,0.31535299761748414
condition0,theta0_sample_019,Aspartate,aspartate,reporter,4,0,M+0,0.06041717955204428
condition0,theta0_sample_019,Aspartate,aspartate,reporter,4,1,M+1,0.11820406743317834
condition0,theta0_sample_019,Aspartate,aspartate,reporter,4,2,M+2,0.20155030404757532
condition0,theta0_sample_019,Aspartate,aspartate,reporter,4,3,M+3,0.20061847139713634
condition0,theta0_sample_019,Aspartate,aspartate,reporter,4,4,M+4,0.41920997757006495
condition0,theta0_sample_019,Glycine,glycine,reporter,2,0,M+0,0.26564299049013251
condition0,theta0_sample_019,Glycine,glycine,reporter,2,1,M+1,0.068714019019734812
condition0,theta0_sample_019,Glycine,glycine,reporter,2,2,M+2,0.66564299049013242
condition0,theta0_sample_019,Serine,serine,reporter,3,0,M+0,0.26564299049013251
condition0,theta0_sample_019,Serine,serine,reporter,3,1,M+1,0.034357009509867413
condition0,theta0_sample_019,Serine,serine,reporter,3,2,M+2,0.034357009509867399
condition0,theta0_sample_019,Serine,serine,reporter,3,3,M+3,0.66564299049013242
condition0,theta0_sample_020,Pyruvate,pyruvate,direct,3,0,M+0,0.25200404984071562
condition0,theta0_sample_020,Pyruvate,pyruvate,direct,3,1,M+1,0.046053253005947481
condition0,theta0_sample_020,Pyruvate,pyruvate,direct,3,2,M+2,0.05188134446595806
condition0,theta0_sample_020,Pyruvate,pyruvate,direct,3,3,M+3,0.65006135268737864
condition0,theta0_sample_020,Alanine,alanine,reporter,3,0,M+0,0.25200404984071562
condition0,theta0_sample_020,Alanine,alanine,reporter,3,1,M+1,0.046053253005947481
condition0,theta0_sample_020,Alanine,alanine,reporter,3,2,M+2,0.05188134446595806
condition0,theta0_sample_020,Alanine,alanine,reporter,3,3,M+3,0.65006135268737864
condition0,theta0_sample_020,Lactate,lactate,reporter,3,0,M+0,0.25200404984071562
condition0,theta0_sample_020,Lactate,lactate,reporter,3,1,M+1,0.046053253005947481
condition0,theta0_sample_020,Lactate,lactate,reporter,3,2,M+2,0.05188134446595806
condition0,theta0_sample_020,Lactate,lactate,reporter,3,3,M+3,0.65006135268737864
condition0,theta0_sample_020,Citrate,citrate,reporter,6,0,M+0,0.016754577303576677
condition0,theta0_sample_020,Citrate,citrate,reporter,6,1,M+1,0.033896496305669155
condition0,theta0_sample_020,Citrate,citrate,reporter,6,2,M+2,0.10442801775168259
condition0,theta0_sample_020,Citrate,citrate,reporter,6,3,M+3,0.14054141626412658
condition0,theta0_sample_020,Citrate,citrate,reporter,6,4,M+4,0.27112535967515683
condition0,theta0_sample_020,Citrate,citrate,reporter,6,5,M+5,0.14840301550077009
condition0,theta0_sample_020,Citrate,citrate,reporter,6,6,M+6,0.2848511171990179
condition0,theta0_sample_020,aKG,akg,direct,5,0,M+0,0.0220344009279849
condition0,theta0_sample_020,aKG,akg,direct,5,1,M+1,0.060998990381862392
condition0,theta0_sample_020,aKG,akg,direct,5,2,M+2,0.1322749888352209
condition0,theta0_sample_020,aKG,akg,direct,5,3,M+3,0.27974259263722429
condition0,theta0_sample_020,aKG,akg,direct,5,4,M+4,0.18952188205251422
condition0,theta0_sample_020,aKG,akg,direct,5,5,M+5,0.31542714516519293
condition0,theta0_sample_020,Succinate,succinate,direct,4,0,M+0,0.048384356000117416
condition0,theta0_sample_020,Succinate,succinate,direct,4,1,M+1,0.079789619966062597
condition0,theta0_sample_020,Succinate,succinate,direct,4,2,M+2,0.28587007737866155
condition0,theta0_sample_020,Succinate,succinate,direct,4,3,M+3,0.19535356134401965
condition0,theta0_sample_020,Succinate,succinate,direct,4,4,M+4,0.39060238531113894
condition0,theta0_sample_020,Fumarate,fumarate,direct,4,0,M+0,0.048384356000117416
condition0,theta0_sample_020,Fumarate,fumarate,direct,4,1,M+1,0.079789619966062597
condition0,theta0_sample_020,Fumarate,fumarate,direct,4,2,M+2,0.28587007737866155
condition0,theta0_sample_020,Fumarate,fumarate,direct,4,3,M+3,0.19535356134401968
condition0,theta0_sample_020,Fumarate,fumarate,direct,4,4,M+4,0.39060238531113894
condition0,theta0_sample_020,Malate,malate,direct,4,0,M+0,0.049546783023933692
condition0,theta0_sample_020,Malate,malate,direct,4,1,M+1,0.07757092599043347
condition0,theta0_sample_020,Malate,malate,direct,4,2,M+2,0.28960328736204455
condition0,theta0_sample_020,Malate,malate,direct,4,3,M+3,0.18989351520887585
condition0,theta0_sample_020,Malate,malate,direct,4,4,M+4,0.3933854884147126
condition0,theta0_sample_020,Glutamine,glutamine,direct,5,0,M+0,0.022034400927984903
condition0,theta0_sample_020,Glutamine,glutamine,direct,5,1,M+1,0.060998990381862392
condition0,theta0_sample_020,Glutamine,glutamine,direct,5,2,M+2,0.1322749888352209
condition0,theta0_sample_020,Glutamine,glutamine,direct,5,3,M+3,0.27974259263722434
condition0,theta0_sample_020,Glutamine,glutamine,direct,5,4,M+4,0.18952188205251422
condition0,theta0_sample_020,Glutamine,glutamine,direct,5,5,M+5,0.31542714516519293
condition0,theta0_sample_020,Aspartate,aspartate,reporter,4,0,M+0,0.058398811508195758
condition0,theta0_sample_020,Aspartate,aspartate,reporter,4,1,M+1,0.11281437643310752
condition0,theta0_sample_020,Aspartate,aspartate,reporter,4,2,M+2,0.21386605360546507
condition0,theta0_sample_020,Aspartate,aspartate,reporter,4,3,M+3,0.20022951745696424
condition0,theta0_sample_020,Aspartate,aspartate,reporter,4,4,M+4,0.41469124099626742
condition0,theta0_sample_020,Glycine,glycine,reporter,2,0,M+0,0.26433697211073731
condition0,theta0_sample_020,Glycine,glycine,reporter,2,1,M+1,0.071326055778525285
condition0,theta0_sample_020,Glycine,glycine,reporter,2,2,M+2,0.66433697211073728
condition0,theta0_sample_020,Serine,serine,reporter,3,0,M+0,0.26433697211073731
condition0,theta0_sample_020,Serine,serine,reporter,3,1,M+1,0.035663027889262643
condition0,theta0_sample_020,Serine,serine,reporter,3,2,M+2,0.035663027889262643
condition0,theta0_sample_020,Serine,serine,reporter,3,3,M+3,0.66433697211073728
condition0,theta0_sample_021,Pyruvate,pyruvate,direct,3,0,M+0,0.25545114613844611
condition0,theta0_sample_021,Pyruvate,pyruvate,direct,3,1,M+1,0.042798470823852901
condition0,theta0_sample_021,Pyruvate,pyruvate,direct,3,2,M+2,0.048049619936955619
condition0,theta0_sample_021,Pyruvate,pyruvate,direct,3,3,M+3,0.6537007631007451
condition0,theta0_sample_021,Alanine,alanine,reporter,3,0,M+0,0.25545114613844611
condition0,theta0_sample_021,Alanine,alanine,reporter,3,1,M+1,0.042798470823852901
condition0,theta0_sample_021,Alanine,alanine,reporter,3,2,M+2,0.048049619936955619
condition0,theta0_sample_021,Alanine,alanine,reporter,3,3,M+3,0.6537007631007451
condition0,theta0_sample_021,Lactate,lactate,reporter,3,0,M+0,0.25545114613844611
condition0,theta0_sample_021,Lactate,lactate,reporter,3,1,M+1,0.042798470823852901
condition0,theta0_sample_021,Lactate,lactate,reporter,3,2,M+2,0.048049619936955619
condition0,theta0_sample_021,Lactate,lactate,reporter,3,3,M+3,0.6537007631007451
condition0,theta0_sample_021,Citrate,citrate,reporter,6,0,M+0,0.01716150168526917
condition0,theta0_sample_021,Citrate,citrate,reporter,6,1,M+1,0.035182496601304292
condition0,theta0_sample_021,Citrate,citrate,reporter,6,2,M+2,0.10271025949154365
condition0,theta0_sample_021,Citrate,citrate,reporter,6,3,M+3,0.14344148551737149
condition0,theta0_sample_021,Citrate,citrate,reporter,6,4,M+4,0.26578002414956392
condition0,theta0_sample_021,Citrate,citrate,reporter,6,5,M+5,0.14839296406444591
condition0,theta0_sample_021,Citrate,citrate,reporter,6,6,M+6,0.28733126849050122
condition0,theta0_sample_021,aKG,akg,direct,5,0,M+0,0.022196260826867889
condition0,theta0_sample_021,aKG,akg,direct,5,1,M+1,0.061086587491993631
condition0,theta0_sample_021,aKG,akg,direct,5,2,M+2,0.13209281944721379
condition0,theta0_sample_021,aKG,akg,direct,5,3,M+3,0.28013027253090356
condition0,theta0_sample_021,aKG,akg,direct,5,4,M+4,0.18813334249423708
condition0,theta0_sample_021,aKG,akg,direct,5,5,M+5,0.31636071720878367
condition0,theta0_sample_021,Succinate,succinate,direct,4,0,M+0,0.048925320681924567
condition0,theta0_sample_021,Succinate,succinate,direct,4,1,M+1,0.079002935698037333
condition0,theta0_sample_021,Succinate,succinate,direct,4,2,M+2,0.28727963285723324
condition0,theta0_sample_021,Succinate,succinate,direct,4,3,M+3,0.19273064446372321
condition0,theta0_sample_021,Succinate,succinate,direct,4,4,M+4,0.39206146629908162
condition0,theta0_sample_021,Fumarate,fumarate,direct,4,0,M+0,0.048925320681924567
condition0,theta0_sample_021,Fumarate,fumarate,direct,4,1,M+1,0.079002935698037333
condition0,theta0_sample_021,Fumarate,fumarate,direct,4,2,M+2,0.28727963285723318
condition0,theta0_sample_021,Fumarate,fumarate,direct,4,3,M+3,0.19273064446372318
condition0,theta0_sample_021,Fumarate,fumarate,direct,4,4,M+4,0.39206146629908162
condition0,theta0_sample_021,Malate,malate,direct,4,0,M+0,0.04952561668990893
condition0,theta0_sample_021,Malate,malate,direct,4,1,M+1,0.077852783950914897
condition0,theta0_sample_021,Malate,malate,direct,4,2,M+2,0.28921336585871932
condition0,theta0_sample_021,Malate,malate,direct,4,3,M+3,0.18991244967018073
condition0,theta0_sample_021,Malate,malate,direct,4,4,M+4,0.39349578383027595
condition0,theta0_sample_021,Glutamine,glutamine,direct,5,0,M+0,0.022196260826867889
condition0,theta0_sample_021,Glutamine,glutamine,direct,5,1,M+1,0.061086587491993638
condition0,theta0_sample_021,Glutamine,glutamine,direct,5,2,M+2,0.13209281944721379
condition0,theta0_sample_021,Glutamine,glutamine,direct,5,3,M+3,0.2801302725309035
condition0,theta0_sample_021,Glutamine,glutamine,direct,5,4,M+4,0.18813334249423708
condition0,theta0_sample_021,Glutamine,glutamine,direct,5,5,M+5,0.31636071720878367
condition0,theta0_sample_021,Aspartate,aspartate,reporter,4,0,M+0,0.05960834982136165
condition0,theta0_sample_021,Aspartate,aspartate,reporter,4,1,M+1,0.11719341189711266
condition0,theta0_sample_021,Aspartate,aspartate,reporter,4,2,M+2,0.20447886990084566
condition0,theta0_sample_021,Aspartate,aspartate,reporter,4,3,M+3,0.20102862522152379
condition0,theta0_sample_021,Aspartate,aspartate,reporter,4,4,M+4,0.41769074315915605
condition0,theta0_sample_021,Glycine,glycine,reporter,2,0,M+0,0.26695634554562764
condition0,theta0_sample_021,Glycine,glycine,reporter,2,1,M+1,0.06608730890874466
condition0,theta0_sample_021,Glycine,glycine,reporter,2,2,M+2,0.66695634554562766
condition0,theta0_sample_021,Serine,serine,reporter,3,0,M+0,0.26695634554562764
condition0,theta0_sample_021,Serine,serine,reporter,3,1,M+1,0.03304365445437233
condition0,theta0_sample_021,Serine,serine,reporter,3,2,M+2,0.03304365445437233
condition0,theta0_sample_021,Serine,serine,reporter,3,3,M+3,0.66695634554562766
condition0,theta0_sample_022,Pyruvate,pyruvate,direct,3,0,M+0,0.25276799655102339
condition0,theta0_sample_022,Pyruvate,pyruvate,direct,3,1,M+1,0.045936408247480409
condition0,theta0_sample_022,Pyruvate,pyruvate,direct,3,2,M+2,0.049823193851968692
condition0,theta0_sample_022,Pyruvate,pyruvate,direct,3,3,M+3,0.65147240134952711
condition0,theta0_sample_022,Alanine,alanine,reporter,3,0,M+0,0.25276799655102339
condition0,theta0_sample_022,Alanine,alanine,reporter,3,1,M+1,0.045936408247480409
condition0,theta0_sample_022,Alanine,alanine,reporter,3,2,M+2,0.049823193851968692
condition0,theta0_sample_022,Alanine,alanine,reporter,3,3,M+3,0.65147240134952711
condition0,theta0_sample_022,Lactate,lactate,reporter,3,0,M+0,0.25276799655102339
condition0,theta0_sample_022,Lactate,lactate,reporter,3,1,M+1,0.045936408247480409
condition0,theta0_sample_022,Lactate,lactate,reporter,3,2,M+2,0.049823193851968692
condition0,theta0_sample_022,Lactate,lactate,reporter,3,3,M+3,0.65147240134952711
condition0,theta0_sample_022,Citrate,citrate,reporter,6,0,M+0,0.017134190023034679
condition0,theta0_sample_022,Citrate,citrate,reporter,6,1,M+1,0.035112356409488857
condition0,theta0_sample_022,Citrate,citrate,reporter,6,2,M+2,0.10263079343198916
condition0,theta0_sample_022,Citrate,citrate,reporter,6,3,M+3,0.14339725666686859
condition0,theta0_sample_022,Citrate,citrate,reporter,6,4,M+4,0.26683682277982818
condition0,theta0_sample_022,Citrate,citrate,reporter,6,5,M+5,0.14724448852612732
condition0,theta0_sample_022,Citrate,citrate,reporter,6,6,M+6,0.28764409216266218
condition0,theta0_sample_022,aKG,akg,direct,5,0,M+0,0.022387935933154562
condition0,theta0_sample_022,aKG,akg,direct,5,1,M+1,0.061225547861103173
condition0,theta0_sample_022,aKG,akg,direct,5,2,M+2,0.13191232130584546
condition0,theta0_sample_022,aKG,akg,direct,5,3,M+3,0.28046802523074693
condition0,theta0_sample_022,aKG,akg,direct,5,4,M+4,0.18648511451078265
condition0,theta0_sample_022,aKG,akg,direct,5,5,M+5,0.31752105515836598
condition0,theta0_sample_022,Succinate,succinate,direct,4,0,M+0,0.048862247364964959
condition0,theta0_sample_022,Succinate,succinate,direct,4,1,M+1,0.079875090942687507
condition0,theta0_sample_022,Succinate,succinate,direct,4,2,M+2,0.28607471031972642
condition0,theta0_sample_022,Succinate,succinate,direct,4,3,M+3,0.19277631707262408
condition0,theta0_sample_022,Succinate,succinate,direct,4,4,M+4,0.39241163429999626
condition0,theta0_sample_022,Fumarate,fumarate,direct,4,0,M+0,0.048862247364964959
condition0,theta0_sample_022,Fumarate,fumarate,direct,4,1,M+1,0.079875090942687507
condition0,theta0_sample_022,Fumarate,fumarate,direct,4,2,M+2,0.28607471031972642
condition0,theta0_sample_022,Fumarate,fumarate,direct,4,3,M+3,0.19277631707262408
condition0,theta0_sample_022,Fumarate,fumarate,direct,4,4,M+4,0.39241163429999626
condition0,theta0_sample_022,Malate,malate,direct,4,0,M+0,0.049428990559786855
condition0,theta0_sample_022,Malate,malate,direct,4,1,M+1,0.078777022189159343
condition0,theta0_sample_022,Malate,malate,direct,4,2,M+2,0.28791663078764523
condition0,theta0_sample_022,Malate,malate,direct,4,3,M+3,0.19011970961808336
condition0,theta0_sample_022,Malate,malate,direct,4,4,M+4,0.39375764684532438
condition0,theta0_sample_022,Glutamine,glutamine,direct,5,0,M+0,0.022387935933154562
condition0,theta0_sample_022,Glutamine,glutamine,direct,5,1,M+1,0.06122554786110318
condition0,theta0_sample_022,Glutamine,glutamine,direct,5,2,M+2,0.13191232130584546
condition0,theta0_sample_022,Glutamine,glutamine,direct,5,3,M+3,0.28046802523074693
condition0,theta0_sample_022,Glutamine,glutamine,direct,5,4,M+4,0.18648511451078265
condition0,theta0_sample_022,Glutamine,glutamine,direct,5,5,M+5,0.31752105515836598
condition0,theta0_sample_022,Aspartate,aspartate,reporter,4,0,M+0,0.058898586046972908
condition0,theta0_sample_022,Aspartate,aspartate,reporter,4,1,M+1,0.11701756607315439
condition0,theta0_sample_022,Aspartate,aspartate,reporter,4,2,M+2,0.20559551330865386
condition0,theta0_sample_022,Aspartate,aspartate,reporter,4,3,M+3,0.20216193097533697
condition0,theta0_sample_022,Aspartate,aspartate,reporter,4,4,M+4,0.41632640359588124
condition0,theta0_sample_022,Glycine,glycine,reporter,2,0,M+0,0.26114792033024919
condition0,theta0_sample_022,Glycine,glycine,reporter,2,1,M+1,0.07770415933950163
condition0,theta0_sample_022,Glycine,glycine,reporter,2,2,M+2,0.66114792033024916
condition0,theta0_sample_022,Serine,serine,reporter,3,0,M+0,0.26114792033024919
condition0,theta0_sample_022,Serine,serine,reporter,3,1,M+1,0.038852079669750815
condition0,theta0_sample_022,Serine,serine,reporter,3,2,M+2,0.038852079669750815
condition0,theta0_sample_022,Serine,serine,reporter,3,3,M+3,0.66114792033024916
condition0,theta0_sample_023,Pyruvate,pyruvate,direct,3,0,M+0,0.26114082870255245
condition0,theta0_sample_023,Pyruvate,pyruvate,direct,3,1,M+1,0.038248428665813253
condition0,theta0_sample_023,Pyruvate,pyruvate,direct,3,2,M+2,0.040080656560716403
condition0,theta0_sample_023,Pyruvate,pyruvate,direct,3,3,M+3,0.66053008607091801
condition0,theta0_sample_023,Alanine,alanine,reporter,3,0,M+0,0.26114082870255245
condition0,theta0_sample_023,Alanine,alanine,reporter,3,1,M+1,0.038248428665813253
condition0,theta0_sample_023,Alanine,alanine,reporter,3,2,M+2,0.040080656560716403
condition0,theta0_sample_023,Alanine,alanine,reporter,3,3,M+3,0.66053008607091801
condition0,theta0_sample_023,Lactate,lactate,reporter,3,0,M+0,0.26114082870255245
condition0,theta0_sample_023,Lactate,lactate,reporter,3,1,M+1,0.038248428665813253
condition0,theta0_sample_023,Lactate,lactate,reporter,3,2,M+2,0.040080656560716403
condition0,theta0_sample_023,Lactate,lactate,reporter,3,3,M+3,0.66053008607091801
condition0,theta0_sample_023,Citrate,citrate,reporter,6,0,M+0,0.017312159419637482
condition0,theta0_sample_023,Citrate,citrate,reporter,6,1,M+1,0.035705090489451856
condition0,theta0_sample_023,Citrate,citrate,reporter,6,2,M+2,0.10159101919771835
condition0,theta0_sample_023,Citrate,citrate,reporter,6,3,M+3,0.14487988721998904
condition0,theta0_sample_023,Citrate,citrate,reporter,6,4,M+4,0.2655319474663449
condition0,theta0_sample_023,Citrate,citrate,reporter,6,5,M+5,0.14553395765138585
condition0,theta0_sample_023,Citrate,citrate,reporter,6,6,M+6,0.28944593855547257
condition0,theta0_sample_023,aKG,akg,direct,5,0,M+0,0.022565519457358744
condition0,theta0_sample_023,aKG,akg,direct,5,1,M+1,0.06140190646279739
condition0,theta0_sample_023,aKG,akg,direct,5,2,M+2,0.1317927073671995
condition0,theta0_sample_023,aKG,akg,direct,5,3,M+3,0.28061694209467025
condition0,theta0_sample_023,aKG,akg,direct,5,4,M+4,0.18495277057107773
condition0,theta0_sample_023,aKG,akg,direct,5,5,M+5,0.3186701540468963
condition0,theta0_sample_023,Succinate,succinate,direct,4,0,M+0,0.048097402903071684
condition0,theta0_sample_023,Succinate,succinate,direct,4,1,M+1,0.08260019583142858
condition0,theta0_sample_023,Succinate,succinate,direct,4,2,M+2,0.28193134082680965
condition0,theta0_sample_023,Succinate,succinate,direct,4,3,M+3,0.19594711923980818
condition0,theta0_sample_023,Succinate,succinate,direct,4,4,M+4,0.39142394119888163
condition0,theta0_sample_023,Fumarate,fumarate,direct,4,0,M+0,0.048097402903071684
condition0,theta0_sample_023,Fumarate,fumarate,direct,4,1,M+1,0.08260019583142858
condition0,theta0_sample_023,Fumarate,fumarate,direct,4,2,M+2,0.28193134082680965
condition0,theta0_sample_023,Fumarate,fumarate,direct,4,3,M+3,0.1959471192398082
condition0,theta0_sample_023,Fumarate,fumarate,direct,4,4,M+4,0.39142394119888169
condition0,theta0_sample_023,Malate,malate,direct,4,0,M+0,0.048456136395165508
condition0,theta0_sample_023,Malate,malate,direct,4,1,M+1,0.081893379620255682
condition0,theta0_sample_023,Malate,malate,direct,4,2,M+2,0.28311291810310274
condition0,theta0_sample_023,Malate,malate,direct,4,3,M+3,0.19426947935236544
condition0,theta0_sample_023,Malate,malate,direct,4,4,M+4,0.39226808652911044
condition0,theta0_sample_023,Glutamine,glutamine,direct,5,0,M+0,0.02256551945735874
condition0,theta0_sample_023,Glutamine,glutamine,direct,5,1,M+1,0.061401906462797383
condition0,theta0_sample_023,Glutamine,glutamine,direct,5,2,M+2,0.13179270736719947
condition0,theta0_sample_023,Glutamine,glutamine,direct,5,3,M+3,0.2806169420946702
condition0,theta0_sample_023,Glutamine,glutamine,direct,5,4,M+4,0.18495277057107767
condition0,theta0_sample_023,Glutamine,glutamine,direct,5,5,M+5,0.31867015404689619
condition0,theta0_sample_023,Aspartate,aspartate,reporter,4,0,M+0,0.058563859460976246
condition0,theta0_sample_023,Aspartate,aspartate,reporter,4,1,M+1,0.11904501414100301
condition0,theta0_sample_023,Aspartate,aspartate,reporter,4,2,M+2,0.20232116629250127
condition0,theta0_sample_023,Aspartate,aspartate,reporter,4,3,M+3,0.20396718714808357
condition0,theta0_sample_023,Aspartate,aspartate,reporter,4,4,M+4,0.41610277295743586
condition0,theta0_sample_023,Glycine,glycine,reporter,2,0,M+0,0.26526130018482913
condition0,theta0_sample_023,Glycine,glycine,reporter,2,1,M+1,0.069477399630341857
condition0,theta0_sample_023,Glycine,glycine,reporter,2,2,M+2,0.6652613001848291
condition0,theta0_sample_023,Serine,serine,reporter,3,0,M+0,0.26526130018482913
condition0,theta0_sample_023,Serine,serine,reporter,3,1,M+1,0.034738699815170922
condition0,theta0_sample_023,Serine,serine,reporter,3,2,M+2,0.034738699815170929
condition0,theta0_sample_023,Serine,serine,reporter,3,3,M+3,0.6652613001848291
condition0,theta0_sample_024,Pyruvate,pyruvate,direct,3,0,M+0,0.26537294994468619
condition0,theta0_sample_024,Pyruvate,pyruvate,direct,3,1,M+1,0.033893397292467979
condition0,theta0_sample_024,Pyruvate,pyruvate,direct,3,2,M+2,0.036094355581005315
condition0,theta0_sample_024,Pyruvate,pyruvate,direct,3,3,M+3,0.66463929718184034
condition0,theta0_sample_024,Alanine,alanine,reporter,3,0,M+0,0.26537294994468619
condition0,theta0_sample_024,Alanine,alanine,reporter,3,1,M+1,0.033893397292467979
condition0,theta0_sample_024,Alanine,alanine,reporter,3,2,M+2,0.036094355581005315
condition0,theta0_sample_024,Alanine,alanine,reporter,3,3,M+3,0.66463929718184034
condition0,theta0_sample_024,Lactate,lactate,reporter,3,0,M+0,0.26537294994468619
condition0,theta0_sample_024,Lactate,lactate,reporter,3,1,M+1,0.033893397292467979
condition0,theta0_sample_024,Lactate,lactate,reporter,3,2,M+2,0.036094355581005315
condition0,theta0_sample_024,Lactate,lactate,reporter,3,3,M+3,0.66463929718184034
condition0,theta0_sample_024,Citrate,citrate,reporter,6,0,M+0,0.017235533653839945
condition0,theta0_sample_024,Citrate,citrate,reporter,6,1,M+1,0.035890487150539323
condition0,theta0_sample_024,Citrate,citrate,reporter,6,2,M+2,0.10111130980332556
condition0,theta0_sample_024,Citrate,citrate,reporter,6,3,M+3,0.14572656539821865
condition0,theta0_sample_024,Citrate,citrate,reporter,6,4,M+4,0.26431904852216193
condition0,theta0_sample_024,Citrate,citrate,reporter,6,5,M+5,0.14687132987198159
condition0,theta0_sample_024,Citrate,citrate,reporter,6,6,M+6,0.28884572559993288
condition0,theta0_sample_024,aKG,akg,direct,5,0,M+0,0.022370494824868917
condition0,theta0_sample_024,aKG,akg,direct,5,1,M+1,0.06130985204888513
condition0,theta0_sample_024,aKG,akg,direct,5,2,M+2,0.13202569400743691
condition0,theta0_sample_024,aKG,akg,direct,5,3,M+3,0.28010335793754121
condition0,theta0_sample_024,aKG,akg,direct,5,4,M+4,0.18662431978272198
condition0,theta0_sample_024,aKG,akg,direct,5,5,M+5,0.31756628139854598
condition0,theta0_sample_024,Succinate,succinate,direct,4,0,M+0,0.047565318119696248
condition0,theta0_sample_024,Succinate,succinate,direct,4,1,M+1,0.083425580467929583
condition0,theta0_sample_024,Succinate,succinate,direct,4,2,M+2,0.28047610478922474
condition0,theta0_sample_024,Succinate,succinate,direct,4,3,M+3,0.19850977653897697
condition0,theta0_sample_024,Succinate,succinate,direct,4,4,M+4,0.39002322008417251
condition0,theta0_sample_024,Fumarate,fumarate,direct,4,0,M+0,0.047565318119696248
condition0,theta0_sample_024,Fumarate,fumarate,direct,4,1,M+1,0.083425580467929583
condition0,theta0_sample_024,Fumarate,fumarate,direct,4,2,M+2,0.2804761047892248
condition0,theta0_sample_024,Fumarate,fumarate,direct,4,3,M+3,0.198509776538977
condition0,theta0_sample_024,Fumarate,fumarate,direct,4,4,M+4,0.39002322008417256
condition0,theta0_sample_024,Malate,malate,direct,4,0,M+0,0.04791541472258392
condition0,theta0_sample_024,Malate,malate,direct,4,1,M+1,0.082737754042504164
condition0,theta0_sample_024,Malate,malate,direct,4,2,M+2,0.28162660442505039
condition0,theta0_sample_024,Malate,malate,direct,4,3,M+3,0.19687187013205115
condition0,theta0_sample_024,Malate,malate,direct,4,4,M+4,0.39084835667781043
condition0,theta0_sample_024,Glutamine,glutamine,direct,5,0,M+0,0.022370494824868917
condition0,theta0_sample_024,Glutamine,glutamine,direct,5,1,M+1,0.061309852048885137
condition0,theta0_sample_024,Glutamine,glutamine,direct,5,2,M+2,0.13202569400743691
condition0,theta0_sample_024,Glutamine,glutamine,direct,5,3,M+3,0.28010335793754126
condition0,theta0_sample_024,Glutamine,glutamine,direct,5,4,M+4,0.18662431978272204
condition0,theta0_sample_024,Glutamine,glutamine,direct,5,5,M+5,0.31756628139854604
condition0,theta0_sample_024,Aspartate,aspartate,reporter,4,0,M+0,0.058466489534331346
condition0,theta0_sample_024,Aspartate,aspartate,reporter,4,1,M+1,0.1196826793819835
condition0,theta0_sample_024,Aspartate,aspartate,reporter,4,2,M+2,0.20096413155691523
condition0,theta0_sample_024,Aspartate,aspartate,reporter,4,3,M+3,0.20515774060289366
condition0,theta0_sample_024,Aspartate,aspartate,reporter,4,4,M+4,0.41572895892387618
condition0,theta0_sample_024,Glycine,glycine,reporter,2,0,M+0,0.27039582662272926
condition0,theta0_sample_024,Glycine,glycine,reporter,2,1,M+1,0.059208346754541334
condition0,theta0_sample_024,Glycine,glycine,reporter,2,2,M+2,0.67039582662272912
condition0,theta0_sample_024,Serine,serine,reporter,3,0,M+0,0.27039582662272926
condition0,theta0_sample_024,Serine,serine,reporter,3,1,M+1,0.029604173377270667
condition0,theta0_sample_024,Serine,serine,reporter,3,2,M+2,0.029604173377270667
condition0,theta0_sample_024,Serine,serine,reporter,3,3,M+3,0.67039582662272912
condition0,theta0_sample_025,Pyruvate,pyruvate,direct,3,0,M+0,0.26599963183318248
condition0,theta0_sample_025,Pyruvate,pyruvate,direct,3,1,M+1,0.033809463430318251
condition0,theta0_sample_025,Pyruvate,pyruvate,direct,3,2,M+2,0.034382177639815645
condition0,theta0_sample_025,Pyruvate,pyruvate,direct,3,3,M+3,0.66580872709668304
condition0,theta0_sample_025,Alanine,alanine,reporter,3,0,M+0,0.26599963183318248
condition0,theta0_sample_025,Alanine,alanine,reporter,3,1,M+1,0.033809463430318251
condition0,theta0_sample_025,Alanine,alanine,reporter,3,2,M+2,0.034382177639815645
condition0,theta0_sample_025,Alanine,alanine,reporter,3,3,M+3,0.66580872709668304
condition0,theta0_sample_025,Lactate,lactate,reporter,3,0,M+0,0.26599963183318248
condition0,theta0_sample_025,Lactate,lactate,reporter,3,1,M+1,0.033809463430318251
condition0,theta0_sample_025,Lactate,lactate,reporter,3,2,M+2,0.034382177639815645
condition0,theta0_sample_025,Lactate,lactate,reporter,3,3,M+3,0.66580872709668304
condition0,theta0_sample_025,Citrate,citrate,reporter,6,0,M+0,0.017051102959693126
condition0,theta0_sample_025,Citrate,citrate,reporter,6,1,M+1,0.035372496174461331
condition0,theta0_sample_025,Citrate,citrate,reporter,6,2,M+2,0.10169519522516272
condition0,theta0_sample_025,Citrate,citrate,reporter,6,3,M+3,0.14448861809381675
condition0,theta0_sample_025,Citrate,citrate,reporter,6,4,M+4,0.26774735407356209
condition0,theta0_sample_025,Citrate,citrate,reporter,6,5,M+5,0.14508955804030751
condition0,theta0_sample_025,Citrate,citrate,reporter,6,6,M+6,0.28855567543299543
condition0,theta0_sample_025,aKG,akg,direct,5,0,M+0,0.022557560552214855
condition0,theta0_sample_025,aKG,akg,direct,5,1,M+1,0.061480119408061633
condition0,theta0_sample_025,aKG,akg,direct,5,2,M+2,0.13188418515437014
condition0,theta0_sample_025,aKG,akg,direct,5,3,M+3,0.28031364290944327
condition0,theta0_sample_025,aKG,akg,direct,5,4,M+4,0.18501187832468122
condition0,theta0_sample_025,aKG,akg,direct,5,5,M+5,0.31875261365122809
condition0,theta0_sample_025,Succinate,succinate,direct,4,0,M+0,0.046907575298781479
condition0,theta0_sample_025,Succinate,succinate,direct,4,1,M+1,0.085798893722366626
condition0,theta0_sample_025,Succinate,succinate,direct,4,2,M+2,0.27687319190269866
condition0,theta0_sample_025,Succinate,succinate,direct,4,3,M+3,0.20122663383237632
condition0,theta0_sample_025,Succinate,succinate,direct,4,4,M+4,0.38919370524377628
condition0,theta0_sample_025,Fumarate,fumarate,direct,4,0,M+0,0.046907575298781479
condition0,theta0_sample_025,Fumarate,fumarate,direct,4,1,M+1,0.085798893722366626
condition0,theta0_sample_025,Fumarate,fumarate,direct,4,2,M+2,0.27687319190269866
condition0,theta0_sample_025,Fumarate,fumarate,direct,4,3,M+3,0.20122663383237629
condition0,theta0_sample_025,Fumarate,fumarate,direct,4,4,M+4,0.38919370524377633
condition0,theta0_sample_025,Malate,malate,direct,4,0,M+0,0.047441547334983847
condition0,theta0_sample_025,Malate,malate,direct,4,1,M+1,0.084735777528565065
condition0,theta0_sample_025,Malate,malate,direct,4,2,M+2,0.27864666151856898
condition0,theta0_sample_025,Malate,malate,direct,4,3,M+3,0.19873315503723094
condition0,theta0_sample_025,Malate,malate,direct,4,4,M+4,0.39044285858065064
condition0,theta0_sample_025,Glutamine,glutamine,direct,5,0,M+0,0.022557560552214855
condition0,theta0_sample_025,Glutamine,glutamine,direct,5,1,M+1,0.06148011940806164
condition0,theta0_sample_025,Glutamine,glutamine,direct,5,2,M+2,0.13188418515437014
condition0,theta0_sample_025,Glutamine,glutamine,direct,5,3,M+3,0.28031364290944327
condition0,theta0_sample_025,Glutamine,glutamine,direct,5,4,M+4,0.18501187832468122
condition0,theta0_sample_025,Glutamine,glutamine,direct,5,5,M+5,0.31875261365122814
condition0,theta0_sample_025,Aspartate,aspartate,reporter,4,0,M+0,0.057093954204666286
condition0,theta0_sample_025,Aspartate,aspartate,reporter,4,1,M+1,0.11792513953187912
condition0,theta0_sample_025,Aspartate,aspartate,reporter,4,2,M+2,0.20588685523103226
condition0,theta0_sample_025,Aspartate,aspartate,reporter,4,3,M+3,0.2060750541236325
condition0,theta0_sample_025,Aspartate,aspartate,reporter,4,4,M+4,0.41301899690878935
condition0,theta0_sample_025,Glycine,glycine,reporter,2,0,M+0,0.26728257968316066
condition0,theta0_sample_025,Glycine,glycine,reporter,2,1,M+1,0.065434840633678409
condition0,theta0_sample_025,Glycine,glycine,reporter,2,2,M+2,0.66728257968316051
condition0,theta0_sample_025,Serine,serine,reporter,3,0,M+0,0.26728257968316066
condition0,theta0_sample_025,Serine,serine,reporter,3,1,M+1,0.032717420316839198
condition0,theta0_sample_025,Serine,serine,reporter,3,2,M+2,0.032717420316839205
condition0,theta0_sample_025,Serine,serine,reporter,3,3,M+3,0.66728257968316051
condition0,theta0_sample_026,Pyruvate,pyruvate,direct,3,0,M+0,0.26153135192553517
condition0,theta0_sample_026,Pyruvate,pyruvate,direct,3,1,M+1,0.037389097463793527
condition0,theta0_sample_026,Pyruvate,pyruvate,direct,3,2,M+2,0.040627749295807293
condition0,theta0_sample_026,Pyruvate,pyruvate,direct,3,3,M+3,0.6604518013148637
condition0,theta0_sample_026,Alanine,alanine,reporter,3,0,M+0,0.26153135192553517
condition0,theta0_sample_026,Alanine,alanine,reporter,3,1,M+1,0.037389097463793527
condition0,theta0_sample_026,Alanine,alanine,reporter,3,2,M+2,0.040627749295807293
condition0,theta0_sample_026,Alanine,alanine,reporter,3,3,M+3,0.6604518013148637
condition0,theta0_sample_026,Lactate,lactate,reporter,3,0,M+0,0.26153135192553517
condition0,theta0_sample_026,Lactate,lactate,reporter,3,1,M+1,0.037389097463793527
condition0,theta0_sample_026,Lactate,lactate,reporter,3,2,M+2,0.040627749295807293
condition0,theta0_sample_026,Lactate,lactate,reporter,3,3,M+3,0.6604518013148637
condition0,theta0_sample_026,Citrate,citrate,reporter,6,0,M+0,0.017909135329689498
condition0,theta0_sample_026,Citrate,citrate,reporter,6,1,M+1,0.037182875606249818
condition0,theta0_sample_026,Citrate,citrate,reporter,6,2,M+2,0.099987265778867324
condition0,theta0_sample_026,Citrate,citrate,reporter,6,3,M+3,0.1478888733325546
condition0,theta0_sample_026,Citrate,citrate,reporter,6,4,M+4,0.25810735700171628
condition0,theta0_sample_026,Citrate,citrate,reporter,6,5,M+5,0.14680041287404769
condition0,theta0_sample_026,Citrate,citrate,reporter,6,6,M+6,0.29212408007687451
condition0,theta0_sample_026,aKG,akg,direct,5,0,M+0,0.022482406488184451
condition0,theta0_sample_026,aKG,akg,direct,5,1,M+1,0.061282066595608392
condition0,theta0_sample_026,aKG,akg,direct,5,2,M+2,0.13181138911530094
condition0,theta0_sample_026,aKG,akg,direct,5,3,M+3,0.28067572417591219
condition0,theta0_sample_026,aKG,akg,direct,5,4,M+4,0.18567408547891656
condition0,theta0_sample_026,aKG,akg,direct,5,5,M+5,0.31807432814607722
condition0,theta0_sample_026,Succinate,succinate,direct,4,0,M+0,0.04962558336965231
condition0,theta0_sample_026,Succinate,succinate,direct,4,1,M+1,0.078622052690104374
condition0,theta0_sample_026,Succinate,succinate,direct,4,2,M+2,0.28825431865962903
condition0,theta0_sample_026,Succinate,succinate,direct,4,3,M+3,0.1891228711318195
condition0,theta0_sample_026,Succinate,succinate,direct,4,4,M+4,0.39437517414879475
condition0,theta0_sample_026,Fumarate,fumarate,direct,4,0,M+0,0.049625583369652303
condition0,theta0_sample_026,Fumarate,fumarate,direct,4,1,M+1,0.078622052690104374
condition0,theta0_sample_026,Fumarate,fumarate,direct,4,2,M+2,0.28825431865962903
condition0,theta0_sample_026,Fumarate,fumarate,direct,4,3,M+3,0.1891228711318195
condition0,theta0_sample_026,Fumarate,fumarate,direct,4,4,M+4,0.39437517414879475
condition0,theta0_sample_026,Malate,malate,direct,4,0,M+0,0.049632880273788885
condition0,theta0_sample_026,Malate,malate,direct,4,1,M+1,0.078607868142876874
condition0,theta0_sample_026,Malate,malate,direct,4,2,M+2,0.28827809599202336
condition0,theta0_sample_026,Malate,malate,direct,4,3,M+3,0.1890886824921669
condition0,theta0_sample_026,Malate,malate,direct,4,4,M+4,0.39439247309914377
condition0,theta0_sample_026,Glutamine,glutamine,direct,5,0,M+0,0.022482406488184448
condition0,theta0_sample_026,Glutamine,glutamine,direct,5,1,M+1,0.061282066595608392
condition0,theta0_sample_026,Glutamine,glutamine,direct,5,2,M+2,0.13181138911530096
condition0,theta0_sample_026,Glutamine,glutamine,direct,5,3,M+3,0.28067572417591219
condition0,theta0_sample_026,Glutamine,glutamine,direct,5,4,M+4,0.18567408547891653
condition0,theta0_sample_026,Glutamine,glutamine,direct,5,5,M+5,0.31807432814607728
condition0,theta0_sample_026,Aspartate,aspartate,reporter,4,0,M+0,0.061371232183405025
condition0,theta0_sample_026,Aspartate,aspartate,reporter,4,1,M+1,0.12397658359397004
condition0,theta0_sample_026,Aspartate,aspartate,reporter,4,2,M+2,0.19018976018397316
condition0,theta0_sample_026,Aspartate,aspartate,reporter,4,3,M+3,0.20220580011652345
condition0,theta0_sample_026,Aspartate,aspartate,reporter,4,4,M+4,0.42225662392212832
condition0,theta0_sample_026,Glycine,glycine,reporter,2,0,M+0,0.26932934841251432
condition0,theta0_sample_026,Glycine,glycine,reporter,2,1,M+1,0.061341303174971246
condition0,theta0_sample_026,Glycine,glycine,reporter,2,2,M+2,0.66932934841251424
condition0,theta0_sample_026,Serine,serine,reporter,3,0,M+0,0.26932934841251432
condition0,theta0_sample_026,Serine,serine,reporter,3,1,M+1,0.030670651587485623
condition0,theta0_sample_026,Serine,serine,reporter,3,2,M+2,0.030670651587485623
condition0,theta0_sample_026,Serine,serine,reporter,3,3,M+3,0.66932934841251424
condition0,theta0_sample_027,Pyruvate,pyruvate,direct,3,0,M+0,0.26592761515568691
condition0,theta0_sample_027,Pyruvate,pyruvate,direct,3,1,M+1,0.032112649121097916
condition0,theta0_sample_027,Pyruvate,pyruvate,direct,3,2,M+2,0.037991856290743496
condition0,theta0_sample_027,Pyruvate,pyruvate,direct,3,3,M+3,0.66396787943247171
condition0,theta0_sample_027,Alanine,alanine,reporter,3,0,M+0,0.26592761515568691
condition0,theta0_sample_027,Alanine,alanine,reporter,3,1,M+1,0.032112649121097916
condition0,theta0_sample_027,Alanine,alanine,reporter,3,2,M+2,0.037991856290743496
condition0,theta0_sample_027,Alanine,alanine,reporter,3,3,M+3,0.66396787943247171
condition0,theta0_sample_027,Lactate,lactate,reporter,3,0,M+0,0.26592761515568691
condition0,theta0_sample_027,Lactate,lactate,reporter,3,1,M+1,0.032112649121097916
condition0,theta0_sample_027,Lactate,lactate,reporter,3,2,M+2,0.037991856290743496
condition0,theta0_sample_027,Lactate,lactate,reporter,3,3,M+3,0.66396787943247171
condition0,theta0_sample_027,Citrate,citrate,reporter,6,0,M+0,0.017912122760736938
condition0,theta0_sample_027,Citrate,citrate,reporter,6,1,M+1,0.037603797321742141
condition0,theta0_sample_027,Citrate,citrate,reporter,6,2,M+2,0.099704846809079511
condition0,theta0_sample_027,Citrate,citrate,reporter,6,3,M+3,0.14876176486106879
condition0,theta0_sample_027,Citrate,citrate,reporter,6,4,M+4,0.25464982833764038
condition0,theta0_sample_027,Citrate,citrate,reporter,6,5,M+5,0.15010393833206168
condition0,theta0_sample_027,Citrate,citrate,reporter,6,6,M+6,0.29126370157766995
condition0,theta0_sample_027,aKG,akg,direct,5,0,M+0,0.02204984050561971
condition0,theta0_sample_027,aKG,akg,direct,5,1,M+1,0.060984287154134946
condition0,theta0_sample_027,aKG,akg,direct,5,2,M+2,0.13223455297810208
condition0,theta0_sample_027,aKG,akg,direct,5,3,M+3,0.27985899825228561
condition0,theta0_sample_027,aKG,akg,direct,5,4,M+4,0.18939199341648363
condition0,theta0_sample_027,aKG,akg,direct,5,5,M+5,0.31548032769337347
condition0,theta0_sample_027,Succinate,succinate,direct,4,0,M+0,0.049439330366369307
condition0,theta0_sample_027,Succinate,succinate,direct,4,1,M+1,0.077504187222414214
condition0,theta0_sample_027,Succinate,succinate,direct,4,2,M+2,0.28962063728102705
condition0,theta0_sample_027,Succinate,succinate,direct,4,3,M+3,0.19048884230522542
condition0,theta0_sample_027,Succinate,succinate,direct,4,4,M+4,0.39294700282496331
condition0,theta0_sample_027,Fumarate,fumarate,direct,4,0,M+0,0.049439330366369313
condition0,theta0_sample_027,Fumarate,fumarate,direct,4,1,M+1,0.077504187222414214
condition0,theta0_sample_027,Fumarate,fumarate,direct,4,2,M+2,0.28962063728102705
condition0,theta0_sample_027,Fumarate,fumarate,direct,4,3,M+3,0.19048884230522542
condition0,theta0_sample_027,Fumarate,fumarate,direct,4,4,M+4,0.39294700282496331
condition0,theta0_sample_027,Malate,malate,direct,4,0,M+0,0.049471400973711478
condition0,theta0_sample_027,Malate,malate,direct,4,1,M+1,0.077443242768396758
condition0,theta0_sample_027,Malate,malate,direct,4,2,M+2,0.28972327695794514
condition0,theta0_sample_027,Malate,malate,direct,4,3,M+3,0.19033811388407304
condition0,theta0_sample_027,Malate,malate,direct,4,4,M+4,0.39302396541587303
condition0,theta0_sample_027,Glutamine,glutamine,direct,5,0,M+0,0.022049840505619707
condition0,theta0_sample_027,Glutamine,glutamine,direct,5,1,M+1,0.060984287154134932
condition0,theta0_sample_027,Glutamine,glutamine,direct,5,2,M+2,0.13223455297810202
condition0,theta0_sample_027,Glutamine,glutamine,direct,5,3,M+3,0.27985899825228555
condition0,theta0_sample_027,Glutamine,glutamine,direct,5,4,M+4,0.18939199341648361
condition0,theta0_sample_027,Glutamine,glutamine,direct,5,5,M+5,0.31548032769337342
condition0,theta0_sample_027,Aspartate,aspartate,reporter,4,0,M+0,0.062682841647985862
condition0,theta0_sample_027,Aspartate,aspartate,reporter,4,1,M+1,0.12534500962355938
condition0,theta0_sample_027,Aspartate,aspartate,reporter,4,2,M+2,0.18599395085893233
condition0,theta0_sample_027,Aspartate,aspartate,reporter,4,3,M+3,0.20124570281951334
condition0,theta0_sample_027,Aspartate,aspartate,reporter,4,4,M+4,0.42473249505000865
condition0,theta0_sample_027,Glycine,glycine,reporter,2,0,M+0,0.28030363864114616
condition0,theta0_sample_027,Glycine,glycine,reporter,2,1,M+1,0.039392722717707676
condition0,theta0_sample_027,Glycine,glycine,reporter,2,2,M+2,0.68030363864114607
condition0,theta0_sample_027,Serine,serine,reporter,3,0,M+0,0.28030363864114616
condition0,theta0_sample_027,Serine,serine,reporter,3,1,M+1,0.019696361358853838
condition0,theta0_sample_027,Serine,serine,reporter,3,2,M+2,0.019696361358853838
condition0,theta0_sample_027,Serine,serine,reporter,3,3,M+3,0.68030363864114607
condition0,theta0_sample_028,Pyruvate,pyruvate,direct,3,0,M+0,0.26417261829743816
condition0,theta0_sample_028,Pyruvate,pyruvate,direct,3,1,M+1,0.035016905599584348
condition0,theta0_sample_028,Pyruvate,pyruvate,direct,3,2,M+2,0.037448333908516915
condition0,theta0_sample_028,Pyruvate,pyruvate,direct,3,3,M+3,0.66336214219446055
condition0,theta0_sample_028,Alanine,alanine,reporter,3,0,M+0,0.26417261829743816
condition0,theta0_sample_028,Alanine,alanine,reporter,3,1,M+1,0.035016905599584348
condition0,theta0_sample_028,Alanine,alanine,reporter,3,2,M+2,0.037448333908516915
condition0,theta0_sample_028,Alanine,alanine,reporter,3,3,M+3,0.66336214219446055
condition0,theta0_sample_028,Lactate,lactate,reporter,3,0,M+0,0.26417261829743816
condition0,theta0_sample_028,Lactate,lactate,reporter,3,1,M+1,0.035016905599584348
condition0,theta0_sample_028,Lactate,lactate,reporter,3,2,M+2,0.037448333908516915
condition0,theta0_sample_028,Lactate,lactate,reporter,3,3,M+3,0.66336214219446055
condition0,theta0_sample_028,Citrate,citrate,reporter,6,0,M+0,0.017478761217154977
condition0,theta0_sample_028,Citrate,citrate,reporter,6,1,M+1,0.036126576674822677
condition0,theta0_sample_028,Citrate,citrate,reporter,6,2,M+2,0.10111163919454265
condition0,theta0_sample_028,Citrate,citrate,reporter,6,3,M+3,0.14579827658023242
condition0,theta0_sample_028,Citrate,citrate,reporter,6,4,M+4,0.26325175892434266
condition0,theta0_sample_028,Citrate,citrate,reporter,6,5,M+5,0.14614964495540553
condition0,theta0_sample_028,Citrate,citrate,reporter,6,6,M+6,0.29008334245350009
condition0,theta0_sample_028,aKG,akg,direct,5,0,M+0,0.022472568851922808
condition0,theta0_sample_028,aKG,akg,direct,5,1,M+1,0.061331796898464158
condition0,theta0_sample_028,aKG,akg,direct,5,2,M+2,0.13187751547859297
condition0,theta0_sample_028,aKG,akg,direct,5,3,M+3,0.28046252986718406
condition0,theta0_sample_028,aKG,akg,direct,5,4,M+4,0.18575236197638431
condition0,theta0_sample_028,aKG,akg,direct,5,5,M+5,0.31810322692745308
condition0,theta0_sample_028,Succinate,succinate,direct,4,0,M+0,0.048385360631217039
condition0,theta0_sample_028,Succinate,succinate,direct,4,1,M+1,0.081644713848329983
condition0,theta0_sample_028,Succinate,succinate,direct,4,2,M+2,0.28339728862303837
condition0,theta0_sample_028,Succinate,succinate,direct,4,3,M+3,0.19472983868406629
condition0,theta0_sample_028,Succinate,succinate,direct,4,4,M+4,0.39184279821334922
condition0,theta0_sample_028,Fumarate,fumarate,direct,4,0,M+0,0.048385360631217032
condition0,theta0_sample_028,Fumarate,fumarate,direct,4,1,M+1,0.081644713848329983
condition0,theta0_sample_028,Fumarate,fumarate,direct,4,2,M+2,0.28339728862303837
condition0,theta0_sample_028,Fumarate,fumarate,direct,4,3,M+3,0.19472983868406626
condition0,theta0_sample_028,Fumarate,fumarate,direct,4,4,M+4,0.39184279821334916
condition0,theta0_sample_028,Malate,malate,direct,4,0,M+0,0.048652590491218409
condition0,theta0_sample_028,Malate,malate,direct,4,1,M+1,0.081120877217006102
condition0,theta0_sample_028,Malate,malate,direct,4,2,M+2,0.28427389070480452
condition0,theta0_sample_028,Malate,malate,direct,4,3,M+3,0.19347922497450035
condition0,theta0_sample_028,Malate,malate,direct,4,4,M+4,0.39247341661247165
condition0,theta0_sample_028,Glutamine,glutamine,direct,5,0,M+0,0.022472568851922808
condition0,theta0_sample_028,Glutamine,glutamine,direct,5,1,M+1,0.061331796898464165
condition0,theta0_sample_028,Glutamine,glutamine,direct,5,2,M+2,0.131877515478593
condition0,theta0_sample_028,Glutamine,glutamine,direct,5,3,M+3,0.28046252986718412
condition0,theta0_sample_028,Glutamine,glutamine,direct,5,4,M+4,0.18575236197638434
condition0,theta0_sample_028,Glutamine,glutamine,direct,5,5,M+5,0.31810322692745308
condition0,theta0_sample_028,Aspartate,aspartate,reporter,4,0,M+0,0.059420581819664441
condition0,theta0_sample_028,Aspartate,aspartate,reporter,4,1,M+1,0.12045334190231489
condition0,theta0_sample_028,Aspartate,aspartate,reporter,4,2,M+2,0.19872677560283381
condition0,theta0_sample_028,Aspartate,aspartate,reporter,4,3,M+3,0.20350409580873127
condition0,theta0_sample_028,Aspartate,aspartate,reporter,4,4,M+4,0.41789520486645659
condition0,theta0_sample_028,Glycine,glycine,reporter,2,0,M+0,0.26978595909261144
condition0,theta0_sample_028,Glycine,glycine,reporter,2,1,M+1,0.060428081814777157
condition0,theta0_sample_028,Glycine,glycine,reporter,2,2,M+2,0.6697859590926114
condition0,theta0_sample_028,Serine,serine,reporter,3,0,M+0,0.26978595909261144
condition0,theta0_sample_028,Serine,serine,reporter,3,1,M+1,0.030214040907388579
condition0,theta0_sample_028,Serine,serine,reporter,3,2,M+2,0.030214040907388575
condition0,theta0_sample_028,Serine,serine,reporter,3,3,M+3,0.6697859590926114
condition0,theta0_sample_029,Pyruvate,pyruvate,direct,3,0,M+0,0.25837429140618934
condition0,theta0_sample_029,Pyruvate,pyruvate,direct,3,1,M+1,0.039971681337960696
condition0,theta0_sample_029,Pyruvate,pyruvate,direct,3,2,M+2,0.044933763105510352
condition0,theta0_sample_029,Pyruvate,pyruvate,direct,3,3,M+3,0.65672026415033924
condition0,theta0_sample_029,Alanine,alanine,reporter,3,0,M+0,0.25837429140618934
condition0,theta0_sample_029,Alanine,alanine,reporter,3,1,M+1,0.039971681337960696
condition0,theta0_sample_029,Alanine,alanine,reporter,3,2,M+2,0.044933763105510352
condition0,theta0_sample_029,Alanine,alanine,reporter,3,3,M+3,0.65672026415033924
condition0,theta0_sample_029,Lactate,lactate,reporter,3,0,M+0,0.25837429140618934
condition0,theta0_sample_029,Lactate,lactate,reporter,3,1,M+1,0.039971681337960696
condition0,theta0_sample_029,Lactate,lactate,reporter,3,2,M+2,0.044933763105510352
condition0,theta0_sample_029,Lactate,lactate,reporter,3,3,M+3,0.65672026415033924
condition0,theta0_sample_029,Citrate,citrate,reporter,6,0,M+0,0.018007798506547469
condition0,theta0_sample_029,Citrate,citrate,reporter,6,1,M+1,0.03734374701467269
condition0,theta0_sample_029,Citrate,citrate,reporter,6,2,M+2,0.10023681750692123
condition0,theta0_sample_029,Citrate,citrate,reporter,6,3,M+3,0.14775572999652409
condition0,theta0_sample_029,Citrate,citrate,reporter,6,4,M+4,0.25648260372330522
condition0,theta0_sample_029,Citrate,citrate,reporter,6,5,M+5,0.14805480642348293
condition0,theta0_sample_029,Citrate,citrate,reporter,6,6,M+6,0.29211849682854563
condition0,theta0_sample_029,aKG,akg,direct,5,0,M+0,0.022399847823518424
condition0,theta0_sample_029,aKG,akg,direct,5,1,M+1,0.061166292631790561
condition0,theta0_sample_029,aKG,akg,direct,5,2,M+2,0.13183321292592642
condition0,theta0_sample_029,aKG,akg,direct,5,3,M+3,0.28072286240548483
condition0,theta0_sample_029,aKG,akg,direct,5,4,M+4,0.18639022676649566
condition0,theta0_sample_029,aKG,akg,direct,5,5,M+5,0.31748755744678336
condition0,theta0_sample_029,Succinate,succinate,direct,4,0,M+0,0.050516244521102663
condition0,theta0_sample_029,Succinate,succinate,direct,4,1,M+1,0.075885146858183997
condition0,theta0_sample_029,Succinate,succinate,direct,4,2,M+2,0.29249730053648965
condition0,theta0_sample_029,Succinate,succinate,direct,4,3,M+3,0.18528498026805751
condition0,theta0_sample_029,Succinate,succinate,direct,4,4,M+4,0.39581632781616571
condition0,theta0_sample_029,Fumarate,fumarate,direct,4,0,M+0,0.050516244521102663
condition0,theta0_sample_029,Fumarate,fumarate,direct,4,1,M+1,0.075885146858183997
condition0,theta0_sample_029,Fumarate,fumarate,direct,4,2,M+2,0.29249730053648965
condition0,theta0_sample_029,Fumarate,fumarate,direct,4,3,M+3,0.18528498026805751
condition0,theta0_sample_029,Fumarate,fumarate,direct,4,4,M+4,0.39581632781616571
condition0,theta0_sample_029,Malate,malate,direct,4,0,M+0,0.050521449366978527
condition0,theta0_sample_029,Malate,malate,direct,4,1,M+1,0.075875185730122599
condition0,theta0_sample_029,Malate,malate,direct,4,2,M+2,0.29251405193782209
condition0,theta0_sample_029,Malate,malate,direct,4,3,M+3,0.1852605414660734
condition0,theta0_sample_029,Malate,malate,direct,4,4,M+4,0.39582877149900297
condition0,theta0_sample_029,Glutamine,glutamine,direct,5,0,M+0,0.022399847823518424
condition0,theta0_sample_029,Glutamine,glutamine,direct,5,1,M+1,0.061166292631790561
condition0,theta0_sample_029,Glutamine,glutamine,direct,5,2,M+2,0.13183321292592642
condition0,theta0_sample_029,Glutamine,glutamine,direct,5,3,M+3,0.28072286240548483
condition0,theta0_sample_029,Glutamine,glutamine,direct,5,4,M+4,0.18639022676649566
condition0,theta0_sample_029,Glutamine,glutamine,direct,5,5,M+5,0.31748755744678336
condition0,theta0_sample_029,Aspartate,aspartate,reporter,4,0,M+0,0.062612573230307986
condition0,theta0_sample_029,Aspartate,aspartate,reporter,4,1,M+1,0.12444701129561934
condition0,theta0_sample_029,Aspartate,aspartate,reporter,4,2,M+2,0.18810192625492606
condition0,theta0_sample_029,Aspartate,aspartate,reporter,4,3,M+3,0.20000482068205749
condition0,theta0_sample_029,Aspartate,aspartate,reporter,4,4,M+4,0.4248336685370887
condition0,theta0_sample_029,Glycine,glycine,reporter,2,0,M+0,0.27025250166419656
condition0,theta0_sample_029,Glycine,glycine,reporter,2,1,M+1,0.059494996671606785
condition0,theta0_sample_029,Glycine,glycine,reporter,2,2,M+2,0.67025250166419637
condition0,theta0_sample_029,Serine,serine,reporter,3,0,M+0,0.27025250166419656
condition0,theta0_sample_029,Serine,serine,reporter,3,1,M+1,0.0297474983358034
condition0,theta0_sample_029,Serine,serine,reporter,3,2,M+2,0.029747498335803393
condition0,theta0_sample_029,Serine,serine,reporter,3,3,M+3,0.67025250166419637
condition0,theta0_sample_030,Pyruvate,pyruvate,direct,3,0,M+0,0.26313801361058403
condition0,theta0_sample_030,Pyruvate,pyruvate,direct,3,1,M+1,0.036246654620379189
condition0,theta0_sample_030,Pyruvate,pyruvate,direct,3,2,M+2,0.038092649927489369
condition0,theta0_sample_030,Pyruvate,pyruvate,direct,3,3,M+3,0.66252268184154728
condition0,theta0_sample_030,Alanine,alanine,reporter,3,0,M+0,0.26313801361058403
condition0,theta0_sample_030,Alanine,alanine,reporter,3,1,M+1,0.036246654620379189
condition0,theta0_sample_030,Alanine,alanine,reporter,3,2,M+2,0.038092649927489369
condition0,theta0_sample_030,Alanine,alanine,reporter,3,3,M+3,0.66252268184154728
condition0,theta0_sample_030,Lactate,lactate,reporter,3,0,M+0,0.26313801361058403
condition0,theta0_sample_030,Lactate,lactate,reporter,3,1,M+1,0.036246654620379189
condition0,theta0_sample_030,Lactate,lactate,reporter,3,2,M+2,0.038092649927489369
condition0,theta0_sample_030,Lactate,lactate,reporter,3,3,M+3,0.66252268184154728
condition0,theta0_sample_030,Citrate,citrate,reporter,6,0,M+0,0.017076902795540722
condition0,theta0_sample_030,Citrate,citrate,reporter,6,1,M+1,0.0352366658350396
condition0,theta0_sample_030,Citrate,citrate,reporter,6,2,M+2,0.10208192685716333
condition0,theta0_sample_030,Citrate,citrate,reporter,6,3,M+3,0.14402971319539432
condition0,theta0_sample_030,Citrate,citrate,reporter,6,4,M+4,0.26748463205537898
condition0,theta0_sample_030,Citrate,citrate,reporter,6,5,M+5,0.14596914292596339
condition0,theta0_sample_030,Citrate,citrate,reporter,6,6,M+6,0.28812101633551923
condition0,theta0_sample_030,aKG,akg,direct,5,0,M+0,0.022442030727656596
condition0,theta0_sample_030,aKG,akg,direct,5,1,M+1,0.061358833304629497
condition0,theta0_sample_030,aKG,akg,direct,5,2,M+2,0.13195544875853521
condition0,theta0_sample_030,aKG,akg,direct,5,3,M+3,0.28023933467962842
condition0,theta0_sample_030,aKG,akg,direct,5,4,M+4,0.18600949750833692
condition0,theta0_sample_030,aKG,akg,direct,5,5,M+5,0.31799485502121322
condition0,theta0_sample_030,Succinate,succinate,direct,4,0,M+0,0.047444149259760808
condition0,theta0_sample_030,Succinate,succinate,direct,4,1,M+1,0.08390587453099263
condition0,theta0_sample_030,Succinate,succinate,direct,4,2,M+2,0.27975493346518382
condition0,theta0_sample_030,Succinate,succinate,direct,4,3,M+3,0.19899591243761167
condition0,theta0_sample_030,Succinate,succinate,direct,4,4,M+4,0.38989913030645101
condition0,theta0_sample_030,Fumarate,fumarate,direct,4,0,M+0,0.047444149259760808
condition0,theta0_sample_030,Fumarate,fumarate,direct,4,1,M+1,0.08390587453099263
condition0,theta0_sample_030,Fumarate,fumarate,direct,4,2,M+2,0.27975493346518382
condition0,theta0_sample_030,Fumarate,fumarate,direct,4,3,M+3,0.19899591243761167
condition0,theta0_sample_030,Fumarate,fumarate,direct,4,4,M+4,0.38989913030645107
condition0,theta0_sample_030,Malate,malate,direct,4,0,M+0,0.048062255841569521
condition0,theta0_sample_030,Malate,malate,direct,4,1,M+1,0.082687725736352552
condition0,theta0_sample_030,Malate,malate,direct,4,2,M+2,0.28179120291257642
condition0,theta0_sample_030,Malate,malate,direct,4,3,M+3,0.1961053935995119
condition0,theta0_sample_030,Malate,malate,direct,4,4,M+4,0.39135342190998962
condition0,theta0_sample_030,Glutamine,glutamine,direct,5,0,M+0,0.0224420307276566
condition0,theta0_sample_030,Glutamine,glutamine,direct,5,1,M+1,0.061358833304629504
condition0,theta0_sample_030,Glutamine,glutamine,direct,5,2,M+2,0.13195544875853524
condition0,theta0_sample_030,Glutamine,glutamine,direct,5,3,M+3,0.28023933467962847
condition0,theta0_sample_030,Glutamine,glutamine,direct,5,4,M+4,0.18600949750833695
condition0,theta0_sample_030,Glutamine,glutamine,direct,5,5,M+5,0.31799485502121327
condition0,theta0_sample_030,Aspartate,aspartate,reporter,4,0,M+0,0.057754806191283571
condition0,theta0_sample_030,Aspartate,aspartate,reporter,4,1,M+1,0.11748398815888783
condition0,theta0_sample_030,Aspartate,aspartate,reporter,4,2,M+2,0.20592539457633943
condition0,theta0_sample_030,Aspartate,aspartate,reporter,4,3,M+3,0.20467802160552359
condition0,theta0_sample_030,Aspartate,aspartate,reporter,4,4,M+4,0.41415778946796539
condition0,theta0_sample_030,Glycine,glycine,reporter,2,0,M+0,0.26724628135765849
condition0,theta0_sample_030,Glycine,glycine,reporter,2,1,M+1,0.065507437284682946
condition0,theta0_sample_030,Glycine,glycine,reporter,2,2,M+2,0.6672462813576584
condition0,theta0_sample_030,Serine,serine,reporter,3,0,M+0,0.26724628135765849
condition0,theta0_sample_030,Serine,serine,reporter,3,1,M+1,0.032753718642341473
condition0,theta0_sample_030,Serine,serine,reporter,3,2,M+2,0.032753718642341473
condition0,theta0_sample_030,Serine,serine,reporter,3,3,M+3,0.6672462813576584
condition0,theta0_sample_031,Pyruvate,pyruvate,direct,3,0,M+0,0.2631023676009045
condition0,theta0_sample_031,Pyruvate,pyruvate,direct,3,1,M+1,0.035966931865302594
condition0,theta0_sample_031,Pyruvate,pyruvate,direct,3,2,M+2,0.038759033466681303
condition0,theta0_sample_031,Pyruvate,pyruvate,direct,3,3,M+3,0.6621716670671115
condition0,theta0_sample_031,Alanine,alanine,reporter,3,0,M+0,0.2631023676009045
condition0,theta0_sample_031,Alanine,alanine,reporter,3,1,M+1,0.035966931865302594
condition0,theta0_sample_031,Alanine,alanine,reporter,3,2,M+2,0.038759033466681303
condition0,theta0_sample_031,Alanine,alanine,reporter,3,3,M+3,0.6621716670671115
condition0,theta0_sample_031,Lactate,lactate,reporter,3,0,M+0,0.2631023676009045
condition0,theta0_sample_031,Lactate,lactate,reporter,3,1,M+1,0.035966931865302594
condition0,theta0_sample_031,Lactate,lactate,reporter,3,2,M+2,0.038759033466681303
condition0,theta0_sample_031,Lactate,lactate,reporter,3,3,M+3,0.6621716670671115
condition0,theta0_sample_031,Citrate,citrate,reporter,6,0,M+0,0.017878704206733497
condition0,theta0_sample_031,Citrate,citrate,reporter,6,1,M+1,0.036995103516489811
condition0,theta0_sample_031,Citrate,citrate,reporter,6,2,M+2,0.10020992358765002
condition0,theta0_sample_031,Citrate,citrate,reporter,6,3,M+3,0.14743519408652311
condition0,theta0_sample_031,Citrate,citrate,reporter,6,4,M+4,0.25925811265144771
condition0,theta0_sample_031,Citrate,citrate,reporter,6,5,M+5,0.14609075526408469
condition0,theta0_sample_031,Citrate,citrate,reporter,6,6,M+6,0.29213220668707074
condition0,theta0_sample_031,aKG,akg,direct,5,0,M+0,0.022537489560403662
condition0,theta0_sample_031,aKG,akg,direct,5,1,M+1,0.061329206405462869
condition0,theta0_sample_031,aKG,akg,direct,5,2,M+2,0.13176672380479007
condition0,theta0_sample_031,aKG,akg,direct,5,3,M+3,0.28074796680512493
condition0,theta0_sample_031,aKG,akg,direct,5,4,M+4,0.1851996215515099
condition0,theta0_sample_031,aKG,akg,direct,5,5,M+5,0.31841899187270822
condition0,theta0_sample_031,Succinate,succinate,direct,4,0,M+0,0.049408244012942949
condition0,theta0_sample_031,Succinate,succinate,direct,4,1,M+1,0.079342426437105443
condition0,theta0_sample_031,Succinate,succinate,direct,4,2,M+2,0.28714892742582138
condition0,theta0_sample_031,Succinate,succinate,direct,4,3,M+3,0.1900418897852692
condition0,theta0_sample_031,Succinate,succinate,direct,4,4,M+4,0.39405851233886091
condition0,theta0_sample_031,Fumarate,fumarate,direct,4,0,M+0,0.049408244012942942
condition0,theta0_sample_031,Fumarate,fumarate,direct,4,1,M+1,0.079342426437105443
condition0,theta0_sample_031,Fumarate,fumarate,direct,4,2,M+2,0.28714892742582138
condition0,theta0_sample_031,Fumarate,fumarate,direct,4,3,M+3,0.1900418897852692
condition0,theta0_sample_031,Fumarate,fumarate,direct,4,4,M+4,0.39405851233886091
condition0,theta0_sample_031,Malate,malate,direct,4,0,M+0,0.049438448971391179
condition0,theta0_sample_031,Malate,malate,direct,4,1,M+1,0.079283461326393537
condition0,theta0_sample_031,Malate,malate,direct,4,2,M+2,0.28724768421240271
condition0,theta0_sample_031,Malate,malate,direct,4,3,M+3,0.18990045171044928
condition0,theta0_sample_031,Malate,malate,direct,4,4,M+4,0.39412995377936316
condition0,theta0_sample_031,Glutamine,glutamine,direct,5,0,M+0,0.022537489560403662
condition0,theta0_sample_031,Glutamine,glutamine,direct,5,1,M+1,0.061329206405462869
condition0,theta0_sample_031,Glutamine,glutamine,direct,5,2,M+2,0.13176672380479007
condition0,theta0_sample_031,Glutamine,glutamine,direct,5,3,M+3,0.28074796680512498
condition0,theta0_sample_031,Glutamine,glutamine,direct,5,4,M+4,0.1851996215515099
condition0,theta0_sample_031,Glutamine,glutamine,direct,5,5,M+5,0.31841899187270822
condition0,theta0_sample_031,Aspartate,aspartate,reporter,4,0,M+0,0.061021013026187003
condition0,theta0_sample_031,Aspartate,aspartate,reporter,4,1,M+1,0.12334750517825049
condition0,theta0_sample_031,Aspartate,aspartate,reporter,4,2,M+2,0.19179365829094117
condition0,theta0_sample_031,Aspartate,aspartate,reporter,4,3,M+3,0.20228611577861805
condition0,theta0_sample_031,Aspartate,aspartate,reporter,4,4,M+4,0.42155170772600309
condition0,theta0_sample_031,Glycine,glycine,reporter,2,0,M+0,0.2698000795950547
condition0,theta0_sample_031,Glycine,glycine,reporter,2,1,M+1,0.060399840809890561
condition0,theta0_sample_031,Glycine,glycine,reporter,2,2,M+2,0.66980007959505461
condition0,theta0_sample_031,Serine,serine,reporter,3,0,M+0,0.2698000795950547
condition0,theta0_sample_031,Serine,serine,reporter,3,1,M+1,0.030199920404945284
condition0,theta0_sample_031,Serine,serine,reporter,3,2,M+2,0.030199920404945277
condition0,theta0_sample_031,Serine,serine,reporter,3,3,M+3,0.66980007959505461
condition0,theta0_sample_032,Pyruvate,pyruvate,direct,3,0,M+0,0.26651279489088586
condition0,theta0_sample_032,Pyruvate,pyruvate,direct,3,1,M+1,0.033261977720940882
condition0,theta0_sample_032,Pyruvate,pyruvate,direct,3,2,M+2,0.033937659885460228
condition0,theta0_sample_032,Pyruvate,pyruvate,direct,3,3,M+3,0.66628756750271256
condition0,theta0_sample_032,Alanine,alanine,reporter,3,0,M+0,0.26651279489088586
condition0,theta0_sample_032,Alanine,alanine,reporter,3,1,M+1,0.033261977720940882
condition0,theta0_sample_032,Alanine,alanine,reporter,3,2,M+2,0.033937659885460228
condition0,theta0_sample_032,Alanine,alanine,reporter,3,3,M+3,0.66628756750271256
condition0,theta0_sample_032,Lactate,lactate,reporter,3,0,M+0,0.26651279489088586
condition0,theta0_sample_032,Lactate,lactate,reporter,3,1,M+1,0.033261977720940882
condition0,theta0_sample_032,Lactate,lactate,reporter,3,2,M+2,0.033937659885460228
condition0,theta0_sample_032,Lactate,lactate,reporter,3,3,M+3,0.66628756750271256
condition0,theta0_sample_032,Citrate,citrate,reporter,6,0,M+0,0.017285148144085556
condition0,theta0_sample_032,Citrate,citrate,reporter,6,1,M+1,0.035887771529238194
condition0,theta0_sample_032,Citrate,citrate,reporter,6,2,M+2,0.10108101552671037
condition0,theta0_sample_032,Citrate,citrate,reporter,6,3,M+3,0.14555568933985008
condition0,theta0_sample_032,Citrate,citrate,reporter,6,4,M+4,0.2654677345864932
condition0,theta0_sample_032,Citrate,citrate,reporter,6,5,M+5,0.14492365418991732
condition0,theta0_sample_032,Citrate,citrate,reporter,6,6,M+6,0.28979898668370513
condition0,theta0_sample_032,aKG,akg,direct,5,0,M+0,0.022610066938949205
condition0,theta0_sample_032,aKG,akg,direct,5,1,M+1,0.061490507768636377
condition0,theta0_sample_032,aKG,akg,direct,5,2,M+2,0.13180706287038768
condition0,theta0_sample_032,aKG,akg,direct,5,3,M+3,0.28050149909244343
condition0,theta0_sample_032,aKG,akg,direct,5,4,M+4,0.18456344743465816
condition0,theta0_sample_032,aKG,akg,direct,5,5,M+5,0.31902741589492484
condition0,theta0_sample_032,Succinate,succinate,direct,4,0,M+0,0.047381847295254666
condition0,theta0_sample_032,Succinate,succinate,direct,4,1,M+1,0.084777835146463087
condition0,theta0_sample_032,Succinate,succinate,direct,4,2,M+2,0.27855078466821903
condition0,theta0_sample_032,Succinate,succinate,direct,4,3,M+3,0.19903753604315411
condition0,theta0_sample_032,Succinate,succinate,direct,4,4,M+4,0.39025199684690925
condition0,theta0_sample_032,Fumarate,fumarate,direct,4,0,M+0,0.047381847295254666
condition0,theta0_sample_032,Fumarate,fumarate,direct,4,1,M+1,0.084777835146463087
condition0,theta0_sample_032,Fumarate,fumarate,direct,4,2,M+2,0.27855078466821903
condition0,theta0_sample_032,Fumarate,fumarate,direct,4,3,M+3,0.19903753604315411
condition0,theta0_sample_032,Fumarate,fumarate,direct,4,4,M+4,0.3902519968469092
condition0,theta0_sample_032,Malate,malate,direct,4,0,M+0,0.047665398936030459
condition0,theta0_sample_032,Malate,malate,direct,4,1,M+1,0.084213817470426347
condition0,theta0_sample_032,Malate,malate,direct,4,2,M+2,0.27949184266345189
condition0,theta0_sample_032,Malate,malate,direct,4,3,M+3,0.19771326651769541
condition0,theta0_sample_032,Malate,malate,direct,4,4,M+4,0.39091567441239594
condition0,theta0_sample_032,Glutamine,glutamine,direct,5,0,M+0,0.022610066938949205
condition0,theta0_sample_032,Glutamine,glutamine,direct,5,1,M+1,0.06149050776863639
condition0,theta0_sample_032,Glutamine,glutamine,direct,5,2,M+2,0.13180706287038768
condition0,theta0_sample_032,Glutamine,glutamine,direct,5,3,M+3,0.28050149909244343
condition0,theta0_sample_032,Glutamine,glutamine,direct,5,4,M+4,0.18456344743465816
condition0,theta0_sample_032,Glutamine,glutamine,direct,5,5,M+5,0.31902741589492484
condition0,theta0_sample_032,Aspartate,aspartate,reporter,4,0,M+0,0.0579306551009518
condition0,theta0_sample_032,Aspartate,aspartate,reporter,4,1,M+1,0.11964638823545129
condition0,theta0_sample_032,Aspartate,aspartate,reporter,4,2,M+2,0.20187620282533394
condition0,theta0_sample_032,Aspartate,aspartate,reporter,4,3,M+3,0.20558580923917105
condition0,theta0_sample_032,Aspartate,aspartate,reporter,4,4,M+4,0.41496094459909194
condition0,theta0_sample_032,Glycine,glycine,reporter,2,0,M+0,0.26805824550264534
condition0,theta0_sample_032,Glycine,glycine,reporter,2,1,M+1,0.063883508994709098
condition0,theta0_sample_032,Glycine,glycine,reporter,2,2,M+2,0.66805824550264525
condition0,theta0_sample_032,Serine,serine,reporter,3,0,M+0,0.26805824550264534
condition0,theta0_sample_032,Serine,serine,reporter,3,1,M+1,0.031941754497354549
condition0,theta0_sample_032,Serine,serine,reporter,3,2,M+2,0.031941754497354549
condition0,theta0_sample_032,Serine,serine,reporter,3,3,M+3,0.66805824550264525
condition0,theta0_sample_033,Pyruvate,pyruvate,direct,3,0,M+0,0.27503646133785442
condition0,theta0_sample_033,Pyruvate,pyruvate,direct,3,1,M+1,0.024777928093401441
condition0,theta0_sample_033,Pyruvate,pyruvate,direct,3,2,M+2,0.025334759799633531
condition0,theta0_sample_033,Pyruvate,pyruvate,direct,3,3,M+3,0.67485085076911033
condition0,theta0_sample_033,Alanine,alanine,reporter,3,0,M+0,0.27503646133785442
condition0,theta0_sample_033,Alanine,alanine,reporter,3,1,M+1,0.024777928093401441
condition0,theta0_sample_033,Alanine,alanine,reporter,3,2,M+2,0.025334759799633531
condition0,theta0_sample_033,Alanine,alanine,reporter,3,3,M+3,0.67485085076911033
condition0,theta0_sample_033,Lactate,lactate,reporter,3,0,M+0,0.27503646133785442
condition0,theta0_sample_033,Lactate,lactate,reporter,3,1,M+1,0.024777928093401441
condition0,theta0_sample_033,Lactate,lactate,reporter,3,2,M+2,0.025334759799633531
condition0,theta0_sample_033,Lactate,lactate,reporter,3,3,M+3,0.67485085076911033
condition0,theta0_sample_033,Citrate,citrate,reporter,6,0,M+0,0.017270631671766908
condition0,theta0_sample_033,Citrate,citrate,reporter,6,1,M+1,0.036573262278776851
condition0,theta0_sample_033,Citrate,citrate,reporter,6,2,M+2,0.099673552447439667
condition0,theta0_sample_033,Citrate,citrate,reporter,6,3,M+3,0.14788637806997701
condition0,theta0_sample_033,Citrate,citrate,reporter,6,4,M+4,0.26231372939743824
condition0,theta0_sample_033,Citrate,citrate,reporter,6,5,M+5,0.14652909578094514
condition0,theta0_sample_033,Citrate,citrate,reporter,6,6,M+6,0.28975335035365452
condition0,theta0_sample_033,aKG,akg,direct,5,0,M+0,0.022394335938916123
condition0,theta0_sample_033,aKG,akg,direct,5,1,M+1,0.061424704132326979
condition0,theta0_sample_033,aKG,akg,direct,5,2,M+2,0.13210081090079989
condition0,theta0_sample_033,aKG,akg,direct,5,3,M+3,0.27980930180255276
condition0,theta0_sample_033,aKG,akg,direct,5,4,M+4,0.18640846746860337
condition0,theta0_sample_033,aKG,akg,direct,5,5,M+5,0.31786237975679904
condition0,theta0_sample_033,Succinate,succinate,direct,4,0,M+0,0.046520758589698785
condition0,theta0_sample_033,Succinate,succinate,direct,4,1,M+1,0.086573612693014626
condition0,theta0_sample_033,Succinate,succinate,direct,4,2,M+2,0.27558235546911258
condition0,theta0_sample_033,Succinate,succinate,direct,4,3,M+3,0.2030314166239342
condition0,theta0_sample_033,Succinate,succinate,direct,4,4,M+4,0.38829185662423854
condition0,theta0_sample_033,Fumarate,fumarate,direct,4,0,M+0,0.046520758589698785
condition0,theta0_sample_033,Fumarate,fumarate,direct,4,1,M+1,0.086573612693014626
condition0,theta0_sample_033,Fumarate,fumarate,direct,4,2,M+2,0.27558235546911258
condition0,theta0_sample_033,Fumarate,fumarate,direct,4,3,M+3,0.20303141662393417
condition0,theta0_sample_033,Fumarate,fumarate,direct,4,4,M+4,0.38829185662423849
condition0,theta0_sample_033,Malate,malate,direct,4,0,M+0,0.04657226058129111
condition0,theta0_sample_033,Malate,malate,direct,4,1,M+1,0.086471068831456027
condition0,theta0_sample_033,Malate,malate,direct,4,2,M+2,0.27575341527891889
condition0,theta0_sample_033,Malate,malate,direct,4,3,M+3,0.20279092062262793
condition0,theta0_sample_033,Malate,malate,direct,4,4,M+4,0.38841233468570463
condition0,theta0_sample_033,Glutamine,glutamine,direct,5,0,M+0,0.022394335938916123
condition0,theta0_sample_033,Glutamine,glutamine,direct,5,1,M+1,0.061424704132326979
condition0,theta0_sample_033,Glutamine,glutamine,direct,5,2,M+2,0.13210081090079986
condition0,theta0_sample_033,Glutamine,glutamine,direct,5,3,M+3,0.27980930180255281
condition0,theta0_sample_033,Glutamine,glutamine,direct,5,4,M+4,0.18640846746860337
condition0,theta0_sample_033,Glutamine,glutamine,direct,5,5,M+5,0.31786237975679904
condition0,theta0_sample_033,Aspartate,aspartate,reporter,4,0,M+0,0.057825933528283829
condition0,theta0_sample_033,Aspartate,aspartate,reporter,4,1,M+1,0.12193883341993707
condition0,theta0_sample_033,Aspartate,aspartate,reporter,4,2,M+2,0.19736832330009715
condition0,theta0_sample_033,Aspartate,aspartate,reporter,4,3,M+3,0.2081431190268575
condition0,theta0_sample_033,Aspartate,aspartate,reporter,4,4,M+4,0.41472379072482307
condition0,theta0_sample_033,Glycine,glycine,reporter,2,0,M+0,0.27635962846653117
condition0,theta0_sample_033,Glycine,glycine,reporter,2,1,M+1,0.047280743066937456
condition0,theta0_sample_033,Glycine,glycine,reporter,2,2,M+2,0.67635962846653108
condition0,theta0_sample_033,Serine,serine,reporter,3,0,M+0,0.27635962846653117
condition0,theta0_sample_033,Serine,serine,reporter,3,1,M+1,0.023640371533468728
condition0,theta0_sample_033,Serine,serine,reporter,3,2,M+2,0.023640371533468728
condition0,theta0_sample_033,Serine,serine,reporter,3,3,M+3,0.67635962846653108
condition0,theta0_sample_034,Pyruvate,pyruvate,direct,3,0,M+0,0.26164373545844311
condition0,theta0_sample_034,Pyruvate,pyruvate,direct,3,1,M+1,0.037485667404165507
condition0,theta0_sample_034,Pyruvate,pyruvate,direct,3,2,M+2,0.040097458816339741
condition0,theta0_sample_034,Pyruvate,pyruvate,direct,3,3,M+3,0.66077313832105167
condition0,theta0_sample_034,Alanine,alanine,reporter,3,0,M+0,0.26164373545844311
condition0,theta0_sample_034,Alanine,alanine,reporter,3,1,M+1,0.037485667404165507
condition0,theta0_sample_034,Alanine,alanine,reporter,3,2,M+2,0.040097458816339741
condition0,theta0_sample_034,Alanine,alanine,reporter,3,3,M+3,0.66077313832105167
condition0,theta0_sample_034,Lactate,lactate,reporter,3,0,M+0,0.26164373545844311
condition0,theta0_sample_034,Lactate,lactate,reporter,3,1,M+1,0.037485667404165507
condition0,theta0_sample_034,Lactate,lactate,reporter,3,2,M+2,0.040097458816339741
condition0,theta0_sample_034,Lactate,lactate,reporter,3,3,M+3,0.66077313832105167
condition0,theta0_sample_034,Citrate,citrate,reporter,6,0,M+0,0.017141356021116088
condition0,theta0_sample_034,Citrate,citrate,reporter,6,1,M+1,0.035294244659499256
condition0,theta0_sample_034,Citrate,citrate,reporter,6,2,M+2,0.10215325210124993
condition0,theta0_sample_034,Citrate,citrate,reporter,6,3,M+3,0.14402426017229097
condition0,theta0_sample_034,Citrate,citrate,reporter,6,4,M+4,0.26678162893197127
condition0,theta0_sample_034,Citrate,citrate,reporter,6,5,M+5,0.14643159378999412
condition0,theta0_sample_034,Citrate,citrate,reporter,6,6,M+6,0.28817366432387942
condition0,theta0_sample_034,aKG,akg,direct,5,0,M+0,0.022398230946317526
condition0,theta0_sample_034,aKG,akg,direct,5,1,M+1,0.0612976507489904
condition0,theta0_sample_034,aKG,akg,direct,5,2,M+2,0.13196726583846136
condition0,theta0_sample_034,aKG,akg,direct,5,3,M+3,0.28026351996927473
condition0,theta0_sample_034,aKG,akg,direct,5,4,M+4,0.1863894048185189
condition0,theta0_sample_034,aKG,akg,direct,5,5,M+5,0.31768392767843806
condition0,theta0_sample_034,Succinate,succinate,direct,4,0,M+0,0.047830993500652196
condition0,theta0_sample_034,Succinate,succinate,direct,4,1,M+1,0.082661396382623847
condition0,theta0_sample_034,Succinate,succinate,direct,4,2,M+2,0.28167213382360323
condition0,theta0_sample_034,Succinate,succinate,direct,4,3,M+3,0.19734756920231408
condition0,theta0_sample_034,Succinate,succinate,direct,4,4,M+4,0.39048790709080733
condition0,theta0_sample_034,Fumarate,fumarate,direct,4,0,M+0,0.047830993500652196
condition0,theta0_sample_034,Fumarate,fumarate,direct,4,1,M+1,0.082661396382623847
condition0,theta0_sample_034,Fumarate,fumarate,direct,4,2,M+2,0.28167213382360318
condition0,theta0_sample_034,Fumarate,fumarate,direct,4,3,M+3,0.19734756920231408
condition0,theta0_sample_034,Fumarate,fumarate,direct,4,4,M+4,0.39048790709080727
condition0,theta0_sample_034,Malate,malate,direct,4,0,M+0,0.048424620883705888
condition0,theta0_sample_034,Malate,malate,direct,4,1,M+1,0.081498816096825383
condition0,theta0_sample_034,Malate,malate,direct,4,2,M+2,0.28361799246003699
condition0,theta0_sample_034,Malate,malate,direct,4,3,M+3,0.1945690832546273
condition0,theta0_sample_034,Malate,malate,direct,4,4,M+4,0.39188948730480522
condition0,theta0_sample_034,Glutamine,glutamine,direct,5,0,M+0,0.022398230946317526
condition0,theta0_sample_034,Glutamine,glutamine,direct,5,1,M+1,0.061297650748990407
condition0,theta0_sample_034,Glutamine,glutamine,direct,5,2,M+2,0.13196726583846136
condition0,theta0_sample_034,Glutamine,glutamine,direct,5,3,M+3,0.28026351996927473
condition0,theta0_sample_034,Glutamine,glutamine,direct,5,4,M+4,0.1863894048185189
condition0,theta0_sample_034,Glutamine,glutamine,direct,5,5,M+5,0.31768392767843806
condition0,theta0_sample_034,Aspartate,aspartate,reporter,4,0,M+0,0.058325338077565965
condition0,theta0_sample_034,Aspartate,aspartate,reporter,4,1,M+1,0.1176681986206075
condition0,theta0_sample_034,Aspartate,aspartate,reporter,4,2,M+2,0.20498798583604574
condition0,theta0_sample_034,Aspartate,aspartate,reporter,4,3,M+3,0.20371808015582307
condition0,theta0_sample_034,Aspartate,aspartate,reporter,4,4,M+4,0.41530039730995844
condition0,theta0_sample_034,Glycine,glycine,reporter,2,0,M+0,0.26745809527445147
condition0,theta0_sample_034,Glycine,glycine,reporter,2,1,M+1,0.065083809451097152
condition0,theta0_sample_034,Glycine,glycine,reporter,2,2,M+2,0.66745809527445144
condition0,theta0_sample_034,Serine,serine,reporter,3,0,M+0,0.26745809527445147
condition0,theta0_sample_034,Serine,serine,reporter,3,1,M+1,0.032541904725548569
condition0,theta0_sample_034,Serine,serine,reporter,3,2,M+2,0.032541904725548583
condition0,theta0_sample_034,Serine,serine,reporter,3,3,M+3,0.66745809527445144
condition0,theta0_sample_035,Pyruvate,pyruvate,direct,3,0,M+0,0.25725815179009087
condition0,theta0_sample_035,Pyruvate,pyruvate,direct,3,1,M+1,0.04179415980248178
condition0,theta0_sample_035,Pyruvate,pyruvate,direct,3,2,M+2,0.044637225024763902
condition0,theta0_sample_035,Pyruvate,pyruvate,direct,3,3,M+3,0.65631046338266352
condition0,theta0_sample_035,Alanine,alanine,reporter,3,0,M+0,0.25725815179009087
condition0,theta0_sample_035,Alanine,alanine,reporter,3,1,M+1,0.04179415980248178
condition0,theta0_sample_035,Alanine,alanine,reporter,3,2,M+2,0.044637225024763902
condition0,theta0_sample_035,Alanine,alanine,reporter,3,3,M+3,0.65631046338266352
condition0,theta0_sample_035,Lactate,lactate,reporter,3,0,M+0,0.25725815179009087
condition0,theta0_sample_035,Lactate,lactate,reporter,3,1,M+1,0.04179415980248178
condition0,theta0_sample_035,Lactate,lactate,reporter,3,2,M+2,0.044637225024763902
condition0,theta0_sample_035,Lactate,lactate,reporter,3,3,M+3,0.65631046338266352
condition0,theta0_sample_035,Citrate,citrate,reporter,6,0,M+0,0.016855642404664892
condition0,theta0_sample_035,Citrate,citrate,reporter,6,1,M+1,0.033927232787260356
condition0,theta0_sample_035,Citrate,citrate,reporter,6,2,M+2,0.10432101743818258
condition0,theta0_sample_035,Citrate,citrate,reporter,6,3,M+3,0.14038171108867079
condition0,theta0_sample_035,Citrate,citrate,reporter,6,4,M+4,0.27278436779804149
condition0,theta0_sample_035,Citrate,citrate,reporter,6,5,M+5,0.14523204302088519
condition0,theta0_sample_035,Citrate,citrate,reporter,6,6,M+6,0.28649798546229582
condition0,theta0_sample_035,aKG,akg,direct,5,0,M+0,0.022391492254735842
condition0,theta0_sample_035,aKG,akg,direct,5,1,M+1,0.061285236027705511
condition0,theta0_sample_035,aKG,akg,direct,5,2,M+2,0.1319660822698126
condition0,theta0_sample_035,aKG,akg,direct,5,3,M+3,0.28027757995251934
condition0,theta0_sample_035,aKG,akg,direct,5,4,M+4,0.18644818790102416
condition0,theta0_sample_035,aKG,akg,direct,5,5,M+5,0.31763142159420382
condition0,theta0_sample_035,Succinate,succinate,direct,4,0,M+0,0.047736476168332861
condition0,theta0_sample_035,Succinate,succinate,direct,4,1,M+1,0.082737194224343433
condition0,theta0_sample_035,Succinate,succinate,direct,4,2,M+2,0.2815080584797644
condition0,theta0_sample_035,Succinate,succinate,direct,4,3,M+3,0.1978263956941109
condition0,theta0_sample_035,Succinate,succinate,direct,4,4,M+4,0.39019187543344969
condition0,theta0_sample_035,Fumarate,fumarate,direct,4,0,M+0,0.047736476168332861
condition0,theta0_sample_035,Fumarate,fumarate,direct,4,1,M+1,0.082737194224343433
condition0,theta0_sample_035,Fumarate,fumarate,direct,4,2,M+2,0.2815080584797644
condition0,theta0_sample_035,Fumarate,fumarate,direct,4,3,M+3,0.1978263956941109
condition0,theta0_sample_035,Fumarate,fumarate,direct,4,4,M+4,0.39019187543344969
condition0,theta0_sample_035,Malate,malate,direct,4,0,M+0,0.048981646047033735
condition0,theta0_sample_035,Malate,malate,direct,4,1,M+1,0.080302144470613596
condition0,theta0_sample_035,Malate,malate,direct,4,2,M+2,0.28558490473720483
condition0,theta0_sample_035,Malate,malate,direct,4,3,M+3,0.19199717292561619
condition0,theta0_sample_035,Malate,malate,direct,4,4,M+4,0.39313413181953294
condition0,theta0_sample_035,Glutamine,glutamine,direct,5,0,M+0,0.022391492254735842
condition0,theta0_sample_035,Glutamine,glutamine,direct,5,1,M+1,0.061285236027705504
condition0,theta0_sample_035,Glutamine,glutamine,direct,5,2,M+2,0.1319660822698126
condition0,theta0_sample_035,Glutamine,glutamine,direct,5,3,M+3,0.28027757995251928
condition0,theta0_sample_035,Glutamine,glutamine,direct,5,4,M+4,0.18644818790102416
condition0,theta0_sample_035,Glutamine,glutamine,direct,5,5,M+5,0.31763142159420382
condition0,theta0_sample_035,Aspartate,aspartate,reporter,4,0,M+0,0.057432892867728666
condition0,theta0_sample_035,Aspartate,aspartate,reporter,4,1,M+1,0.11305136756080979
condition0,theta0_sample_035,Aspartate,aspartate,reporter,4,2,M+2,0.21472698309001947
condition0,theta0_sample_035,Aspartate,aspartate,reporter,4,3,M+3,0.20166035966661827
condition0,theta0_sample_035,Aspartate,aspartate,reporter,4,4,M+4,0.41312839681482488
condition0,theta0_sample_035,Glycine,glycine,reporter,2,0,M+0,0.26334754007404071
condition0,theta0_sample_035,Glycine,glycine,reporter,2,1,M+1,0.073304919851918504
condition0,theta0_sample_035,Glycine,glycine,reporter,2,2,M+2,0.66334754007404062
condition0,theta0_sample_035,Serine,serine,reporter,3,0,M+0,0.26334754007404071
condition0,theta0_sample_035,Serine,serine,reporter,3,1,M+1,0.036652459925959252
condition0,theta0_sample_035,Serine,serine,reporter,3,2,M+2,0.036652459925959252
condition0,theta0_sample_035,Serine,serine,reporter,3,3,M+3,0.66334754007404062
condition0,theta0_sample_036,Pyruvate,pyruvate,direct,3,0,M+0,0.25876597724193068
condition0,theta0_sample_036,Pyruvate,pyruvate,direct,3,1,M+1,0.040458230581825301
condition0,theta0_sample_036,Pyruvate,pyruvate,direct,3,2,M+2,0.042785607110557657
condition0,theta0_sample_036,Pyruvate,pyruvate,direct,3,3,M+3,0.65799018506568674
condition0,theta0_sample_036,Alanine,alanine,reporter,3,0,M+0,0.25876597724193068
condition0,theta0_sample_036,Alanine,alanine,reporter,3,1,M+1,0.040458230581825301
condition0,theta0_sample_036,Alanine,alanine,reporter,3,2,M+2,0.042785607110557657
condition0,theta0_sample_036,Alanine,alanine,reporter,3,3,M+3,0.65799018506568674
condition0,theta0_sample_036,Lactate,lactate,reporter,3,0,M+0,0.25876597724193068
condition0,theta0_sample_036,Lactate,lactate,reporter,3,1,M+1,0.040458230581825301
condition0,theta0_sample_036,Lactate,lactate,reporter,3,2,M+2,0.042785607110557657
condition0,theta0_sample_036,Lactate,lactate,reporter,3,3,M+3,0.65799018506568674
condition0,theta0_sample_036,Citrate,citrate,reporter,6,0,M+0,0.017522996143449585
condition0,theta0_sample_036,Citrate,citrate,reporter,6,1,M+1,0.03625188625726531
condition0,theta0_sample_036,Citrate,citrate,reporter,6,2,M+2,0.10095559717146214
condition0,theta0_sample_036,Citrate,citrate,reporter,6,3,M+3,0.14605174824340914
condition0,theta0_sample_036,Citrate,citrate,reporter,6,4,M+4,0.26280055423526116
condition0,theta0_sample_036,Citrate,citrate,reporter,6,5,M+5,0.14602384996637899
condition0,theta0_sample_036,Citrate,citrate,reporter,6,6,M+6,0.29039336798277449
condition0,theta0_sample_036,aKG,akg,direct,5,0,M+0,0.022575805291868166
condition0,theta0_sample_036,aKG,akg,direct,5,1,M+1,0.061373505916245963
condition0,theta0_sample_036,aKG,akg,direct,5,2,M+2,0.13174716376313245
condition0,theta0_sample_036,aKG,akg,direct,5,3,M+3,0.28075857623533224
condition0,theta0_sample_036,aKG,akg,direct,5,4,M+4,0.18486830611561453
condition0,theta0_sample_036,aKG,akg,direct,5,5,M+5,0.31867664267780732
condition0,theta0_sample_036,Succinate,succinate,direct,4,0,M+0,0.048824558044602617
condition0,theta0_sample_036,Succinate,succinate,direct,4,1,M+1,0.080819283883589207
condition0,theta0_sample_036,Succinate,succinate,direct,4,2,M+2,0.28479066018494964
condition0,theta0_sample_036,Succinate,succinate,direct,4,3,M+3,0.19266259580092321
condition0,theta0_sample_036,Succinate,succinate,direct,4,4,M+4,0.39290290208593587
condition0,theta0_sample_036,Fumarate,fumarate,direct,4,0,M+0,0.048824558044602617
condition0,theta0_sample_036,Fumarate,fumarate,direct,4,1,M+1,0.080819283883589207
condition0,theta0_sample_036,Fumarate,fumarate,direct,4,2,M+2,0.28479066018494964
condition0,theta0_sample_036,Fumarate,fumarate,direct,4,3,M+3,0.19266259580092321
condition0,theta0_sample_036,Fumarate,fumarate,direct,4,4,M+4,0.39290290208593587
condition0,theta0_sample_036,Malate,malate,direct,4,0,M+0,0.04896574990361767
condition0,theta0_sample_036,Malate,malate,direct,4,1,M+1,0.08054238008552124
condition0,theta0_sample_036,Malate,malate,direct,4,2,M+2,0.28525399315505029
condition0,theta0_sample_036,Malate,malate,direct,4,3,M+3,0.19200187381886555
condition0,theta0_sample_036,Malate,malate,direct,4,4,M+4,0.39323600303694572
condition0,theta0_sample_036,Glutamine,glutamine,direct,5,0,M+0,0.022575805291868166
condition0,theta0_sample_036,Glutamine,glutamine,direct,5,1,M+1,0.061373505916245956
condition0,theta0_sample_036,Glutamine,glutamine,direct,5,2,M+2,0.13174716376313245
condition0,theta0_sample_036,Glutamine,glutamine,direct,5,3,M+3,0.28075857623533224
condition0,theta0_sample_036,Glutamine,glutamine,direct,5,4,M+4,0.18486830611561453
condition0,theta0_sample_036,Glutamine,glutamine,direct,5,5,M+5,0.31867664267780732
condition0,theta0_sample_036,Aspartate,aspartate,reporter,4,0,M+0,0.059543487534926755
condition0,theta0_sample_036,Aspartate,aspartate,reporter,4,1,M+1,0.12087363258707129
condition0,theta0_sample_036,Aspartate,aspartate,reporter,4,2,M+2,0.19788231772633405
condition0,theta0_sample_036,Aspartate,aspartate,reporter,4,3,M+3,0.20344051664641161
condition0,theta0_sample_036,Aspartate,aspartate,reporter,4,4,M+4,0.41826004550525686
condition0,theta0_sample_036,Glycine,glycine,reporter,2,0,M+0,0.26408198423332307
condition0,theta0_sample_036,Glycine,glycine,reporter,2,1,M+1,0.071836031533353925
condition0,theta0_sample_036,Glycine,glycine,reporter,2,2,M+2,0.66408198423332321
condition0,theta0_sample_036,Serine,serine,reporter,3,0,M+0,0.26408198423332313
condition0,theta0_sample_036,Serine,serine,reporter,3,1,M+1,0.035918015766676963
condition0,theta0_sample_036,Serine,serine,reporter,3,2,M+2,0.035918015766676963
condition0,theta0_sample_036,Serine,serine,reporter,3,3,M+3,0.66408198423332321
condition0,theta0_sample_037,Pyruvate,pyruvate,direct,3,0,M+0,0.26800788625436722
condition0,theta0_sample_037,Pyruvate,pyruvate,direct,3,1,M+1,0.031624901391506637
condition0,theta0_sample_037,Pyruvate,pyruvate,direct,3,2,M+2,0.032726538453884436
condition0,theta0_sample_037,Pyruvate,pyruvate,direct,3,3,M+3,0.66764067390024096
condition0,theta0_sample_037,Alanine,alanine,reporter,3,0,M+0,0.26800788625436722
condition0,theta0_sample_037,Alanine,alanine,reporter,3,1,M+1,0.031624901391506637
condition0,theta0_sample_037,Alanine,alanine,reporter,3,2,M+2,0.032726538453884436
condition0,theta0_sample_037,Alanine,alanine,reporter,3,3,M+3,0.66764067390024096
condition0,theta0_sample_037,Lactate,lactate,reporter,3,0,M+0,0.26800788625436722
condition0,theta0_sample_037,Lactate,lactate,reporter,3,1,M+1,0.031624901391506637
condition0,theta0_sample_037,Lactate,lactate,reporter,3,2,M+2,0.032726538453884436
condition0,theta0_sample_037,Lactate,lactate,reporter,3,3,M+3,0.66764067390024096
condition0,theta0_sample_037,Citrate,citrate,reporter,6,0,M+0,0.017054121676619037
condition0,theta0_sample_037,Citrate,citrate,reporter,6,1,M+1,0.035048478401299939
condition0,theta0_sample_037,Citrate,citrate,reporter,6,2,M+2,0.10237751041068491
condition0,theta0_sample_037,Citrate,citrate,reporter,6,3,M+3,0.14342323812200486
condition0,theta0_sample_037,Citrate,citrate,reporter,6,4,M+4,0.26890747776812413
condition0,theta0_sample_037,Citrate,citrate,reporter,6,5,M+5,0.14483816638878036
condition0,theta0_sample_037,Citrate,citrate,reporter,6,6,M+6,0.2883510072324848
condition0,theta0_sample_037,aKG,akg,direct,5,0,M+0,0.022508829758061167
condition0,theta0_sample_037,aKG,akg,direct,5,1,M+1,0.061429444732506215
condition0,theta0_sample_037,aKG,akg,direct,5,2,M+2,0.13191472846907076
condition0,theta0_sample_037,aKG,akg,direct,5,3,M+3,0.28028063192792363
condition0,theta0_sample_037,aKG,akg,direct,5,4,M+4,0.18543262301660729
condition0,theta0_sample_037,aKG,akg,direct,5,5,M+5,0.31843374209582914
condition0,theta0_sample_037,Succinate,succinate,direct,4,0,M+0,0.046925327806547464
condition0,theta0_sample_037,Succinate,succinate,direct,4,1,M+1,0.08541949372586316
condition0,theta0_sample_037,Succinate,succinate,direct,4,2,M+2,0.27739089356988017
condition0,theta0_sample_037,Succinate,succinate,direct,4,3,M+3,0.20125842045645836
condition0,theta0_sample_037,Succinate,succinate,direct,4,4,M+4,0.38900586444124913
condition0,theta0_sample_037,Fumarate,fumarate,direct,4,0,M+0,0.046925327806547464
condition0,theta0_sample_037,Fumarate,fumarate,direct,4,1,M+1,0.085419493725863174
condition0,theta0_sample_037,Fumarate,fumarate,direct,4,2,M+2,0.27739089356988017
condition0,theta0_sample_037,Fumarate,fumarate,direct,4,3,M+3,0.20125842045645836
condition0,theta0_sample_037,Fumarate,fumarate,direct,4,4,M+4,0.38900586444124913
condition0,theta0_sample_037,Malate,malate,direct,4,0,M+0,0.047696458722925869
condition0,theta0_sample_037,Malate,malate,direct,4,1,M+1,0.083890535541881445
condition0,theta0_sample_037,Malate,malate,direct,4,2,M+2,0.27994359175944145
condition0,theta0_sample_037,Malate,malate,direct,4,3,M+3,0.19765537496376748
condition0,theta0_sample_037,Malate,malate,direct,4,4,M+4,0.39081403901198208
condition0,theta0_sample_037,Glutamine,glutamine,direct,5,0,M+0,0.022508829758061163
condition0,theta0_sample_037,Glutamine,glutamine,direct,5,1,M+1,0.061429444732506215
condition0,theta0_sample_037,Glutamine,glutamine,direct,5,2,M+2,0.13191472846907076
condition0,theta0_sample_037,Glutamine,glutamine,direct,5,3,M+3,0.28028063192792363
condition0,theta0_sample_037,Glutamine,glutamine,direct,5,4,M+4,0.18543262301660729
condition0,theta0_sample_037,Glutamine,glutamine,direct,5,5,M+5,0.31843374209582909
condition0,theta0_sample_037,Aspartate,aspartate,reporter,4,0,M+0,0.057337438720489749
condition0,theta0_sample_037,Aspartate,aspartate,reporter,4,1,M+1,0.11684683656427911
condition0,theta0_sample_037,Aspartate,aspartate,reporter,4,2,M+2,0.20773940906548227
condition0,theta0_sample_037,Aspartate,aspartate,reporter,4,3,M+3,0.2046309172942376
condition0,theta0_sample_037,Aspartate,aspartate,reporter,4,4,M+4,0.41344539835550986
condition0,theta0_sample_037,Glycine,glycine,reporter,2,0,M+0,0.27048842342240037
condition0,theta0_sample_037,Glycine,glycine,reporter,2,1,M+1,0.059023153155199064
condition0,theta0_sample_037,Glycine,glycine,reporter,2,2,M+2,0.67048842342240011
condition0,theta0_sample_037,Serine,serine,reporter,3,0,M+0,0.27048842342240037
condition0,theta0_sample_037,Serine,serine,reporter,3,1,M+1,0.029511576577599528
condition0,theta0_sample_037,Serine,serine,reporter,3,2,M+2,0.029511576577599532
condition0,theta0_sample_037,Serine,serine,reporter,3,3,M+3,0.67048842342240011
condition0,theta0_sample_038,Pyruvate,pyruvate,direct,3,0,M+0,0.2627003745563794
condition0,theta0_sample_038,Pyruvate,pyruvate,direct,3,1,M+1,0.036859739834293775
condition0,theta0_sample_038,Pyruvate,pyruvate,direct,3,2,M+2,0.038179396662274559
condition0,theta0_sample_038,Pyruvate,pyruvate,direct,3,3,M+3,0.66226048894705247
condition0,theta0_sample_038,Alanine,alanine,reporter,3,0,M+0,0.2627003745563794
condition0,theta0_sample_038,Alanine,alanine,reporter,3,1,M+1,0.036859739834293775
condition0,theta0_sample_038,Alanine,alanine,reporter,3,2,M+2,0.038179396662274559
condition0,theta0_sample_038,Alanine,alanine,reporter,3,3,M+3,0.66226048894705247
condition0,theta0_sample_038,Lactate,lactate,reporter,3,0,M+0,0.2627003745563794
condition0,theta0_sample_038,Lactate,lactate,reporter,3,1,M+1,0.036859739834293775
condition0,theta0_sample_038,Lactate,lactate,reporter,3,2,M+2,0.038179396662274559
condition0,theta0_sample_038,Lactate,lactate,reporter,3,3,M+3,0.66226048894705247
condition0,theta0_sample_038,Citrate,citrate,reporter,6,0,M+0,0.017150247642311715
condition0,theta0_sample_038,Citrate,citrate,reporter,6,1,M+1,0.035092876565788703
condition0,theta0_sample_038,Citrate,citrate,reporter,6,2,M+2,0.10247272827395074
condition0,theta0_sample_038,Citrate,citrate,reporter,6,3,M+3,0.1433081030652662
condition0,theta0_sample_038,Citrate,citrate,reporter,6,4,M+4,0.26862689885672242
condition0,theta0_sample_038,Citrate,citrate,reporter,6,5,M+5,0.14456511131214125
condition0,theta0_sample_038,Citrate,citrate,reporter,6,6,M+6,0.28878403428381971
condition0,theta0_sample_038,aKG,akg,direct,5,0,M+0,0.022601022679209559
condition0,theta0_sample_038,aKG,akg,direct,5,1,M+1,0.061447380804900795
condition0,theta0_sample_038,aKG,akg,direct,5,2,M+2,0.13177900967288492
condition0,theta0_sample_038,aKG,akg,direct,5,3,M+3,0.28061152567604947
condition0,theta0_sample_038,aKG,akg,direct,5,4,M+4,0.18464528301359656
condition0,theta0_sample_038,aKG,akg,direct,5,5,M+5,0.31891577815335942
condition0,theta0_sample_038,Succinate,succinate,direct,4,0,M+0,0.047598439940946674
condition0,theta0_sample_038,Succinate,succinate,direct,4,1,M+1,0.083934367999446494
condition0,theta0_sample_038,Succinate,succinate,direct,4,2,M+2,0.27981980262803607
condition0,theta0_sample_038,Succinate,succinate,direct,4,3,M+3,0.19816353098180259
condition0,theta0_sample_038,Succinate,succinate,direct,4,4,M+4,0.39048385844976885
condition0,theta0_sample_038,Fumarate,fumarate,direct,4,0,M+0,0.047598439940946674
condition0,theta0_sample_038,Fumarate,fumarate,direct,4,1,M+1,0.083934367999446494
condition0,theta0_sample_038,Fumarate,fumarate,direct,4,2,M+2,0.27981980262803607
condition0,theta0_sample_038,Fumarate,fumarate,direct,4,3,M+3,0.19816353098180259
condition0,theta0_sample_038,Fumarate,fumarate,direct,4,4,M+4,0.39048385844976885
condition0,theta0_sample_038,Malate,malate,direct,4,0,M+0,0.048262016325600739
condition0,theta0_sample_038,Malate,malate,direct,4,1,M+1,0.082621116914893114
condition0,theta0_sample_038,Malate,malate,direct,4,2,M+2,0.28201318833054323
condition0,theta0_sample_038,Malate,malate,direct,4,3,M+3,0.19506220729183205
condition0,theta0_sample_038,Malate,malate,direct,4,4,M+4,0.3920414711371315
condition0,theta0_sample_038,Glutamine,glutamine,direct,5,0,M+0,0.022601022679209559
condition0,theta0_sample_038,Glutamine,glutamine,direct,5,1,M+1,0.061447380804900802
condition0,theta0_sample_038,Glutamine,glutamine,direct,5,2,M+2,0.13177900967288492
condition0,theta0_sample_038,Glutamine,glutamine,direct,5,3,M+3,0.28061152567604947
condition0,theta0_sample_038,Glutamine,glutamine,direct,5,4,M+4,0.18464528301359656
condition0,theta0_sample_038,Glutamine,glutamine,direct,5,5,M+5,0.31891577815335947
condition0,theta0_sample_038,Aspartate,aspartate,reporter,4,0,M+0,0.057766311261447607
condition0,theta0_sample_038,Aspartate,aspartate,reporter,4,1,M+1,0.11699137701017844
condition0,theta0_sample_038,Aspartate,aspartate,reporter,4,2,M+2,0.20710792969631817
condition0,theta0_sample_038,Aspartate,aspartate,reporter,4,3,M+3,0.20374476453103851
condition0,theta0_sample_038,Aspartate,aspartate,reporter,4,4,M+4,0.41438961750101772
condition0,theta0_sample_038,Glycine,glycine,reporter,2,0,M+0,0.26563119465478557
condition0,theta0_sample_038,Glycine,glycine,reporter,2,1,M+1,0.068737610690428982
condition0,theta0_sample_038,Glycine,glycine,reporter,2,2,M+2,0.6656311946547856
condition0,theta0_sample_038,Serine,serine,reporter,3,0,M+0,0.26563119465478557
condition0,theta0_sample_038,Serine,serine,reporter,3,1,M+1,0.034368805345214491
condition0,theta0_sample_038,Serine,serine,reporter,3,2,M+2,0.034368805345214484
condition0,theta0_sample_038,Serine,serine,reporter,3,3,M+3,0.6656311946547856
condition0,theta0_sample_039,Pyruvate,pyruvate,direct,3,0,M+0,0.2563938743093116
condition0,theta0_sample_039,Pyruvate,pyruvate,direct,3,1,M+1,0.042539254693862258
condition0,theta0_sample_039,Pyruvate,pyruvate,direct,3,2,M+2,0.045739867684340484
condition0,theta0_sample_039,Pyruvate,pyruvate,direct,3,3,M+3,0.65532700331248539
condition0,theta0_sample_039,Alanine,alanine,reporter,3,0,M+0,0.2563938743093116
condition0,theta0_sample_039,Alanine,alanine,reporter,3,1,M+1,0.042539254693862258
condition0,theta0_sample_039,Alanine,alanine,reporter,3,2,M+2,0.045739867684340484
condition0,theta0_sample_039,Alanine,alanine,reporter,3,3,M+3,0.65532700331248539
condition0,theta0_sample_039,Lactate,lactate,reporter,3,0,M+0,0.2563938743093116
condition0,theta0_sample_039,Lactate,lactate,reporter,3,1,M+1,0.042539254693862258
condition0,theta0_sample_039,Lactate,lactate,reporter,3,2,M+2,0.045739867684340484
condition0,theta0_sample_039,Lactate,lactate,reporter,3,3,M+3,0.65532700331248539
condition0,theta0_sample_039,Citrate,citrate,reporter,6,0,M+0,0.016800365517188699
condition0,theta0_sample_039,Citrate,citrate,reporter,6,1,M+1,0.033395820091258827
condition0,theta0_sample_039,Citrate,citrate,reporter,6,2,M+2,0.10527596269157674
condition0,theta0_sample_039,Citrate,citrate,reporter,6,3,M+3,0.13881808917468463
condition0,theta0_sample_039,Citrate,citrate,reporter,6,4,M+4,0.27499823257205369
condition0,theta0_sample_039,Citrate,citrate,reporter,6,5,M+5,0.14466412300610437
condition0,theta0_sample_039,Citrate,citrate,reporter,6,6,M+6,0.28604740694713243
condition0,theta0_sample_039,aKG,akg,direct,5,0,M+0,0.022360255205178089
condition0,theta0_sample_039,aKG,akg,direct,5,1,M+1,0.061254761069097205
condition0,theta0_sample_039,aKG,akg,direct,5,2,M+2,0.13198766906046699
condition0,theta0_sample_039,aKG,akg,direct,5,3,M+3,0.2802495025618309
condition0,theta0_sample_039,aKG,akg,direct,5,4,M+4,0.18671766739265708
condition0,theta0_sample_039,aKG,akg,direct,5,5,M+5,0.31743014471076919
condition0,theta0_sample_039,Succinate,succinate,direct,4,0,M+0,0.047836602768826834
condition0,theta0_sample_039,Succinate,succinate,direct,4,1,M+1,0.082332945970751512
condition0,theta0_sample_039,Succinate,succinate,direct,4,2,M+2,0.28211380721821577
condition0,theta0_sample_039,Succinate,succinate,direct,4,3,M+3,0.19742713657600625
condition0,theta0_sample_039,Succinate,succinate,direct,4,4,M+4,0.39028950746619934
condition0,theta0_sample_039,Fumarate,fumarate,direct,4,0,M+0,0.047836602768826834
condition0,theta0_sample_039,Fumarate,fumarate,direct,4,1,M+1,0.082332945970751512
condition0,theta0_sample_039,Fumarate,fumarate,direct,4,2,M+2,0.28211380721821577
condition0,theta0_sample_039,Fumarate,fumarate,direct,4,3,M+3,0.19742713657600625
condition0,theta0_sample_039,Fumarate,fumarate,direct,4,4,M+4,0.39028950746619934
condition0,theta0_sample_039,Malate,malate,direct,4,0,M+0,0.049358033112968124
condition0,theta0_sample_039,Malate,malate,direct,4,1,M+1,0.079365973203977133
condition0,theta0_sample_039,Malate,malate,direct,4,2,M+2,0.28708405780334245
condition0,theta0_sample_039,Malate,malate,direct,4,3,M+3,0.19030183232951078
condition0,theta0_sample_039,Malate,malate,direct,4,4,M+4,0.3938901035502011
condition0,theta0_sample_039,Glutamine,glutamine,direct,5,0,M+0,0.022360255205178096
condition0,theta0_sample_039,Glutamine,glutamine,direct,5,1,M+1,0.061254761069097219
condition0,theta0_sample_039,Glutamine,glutamine,direct,5,2,M+2,0.13198766906046705
condition0,theta0_sample_039,Glutamine,glutamine,direct,5,3,M+3,0.28024950256183095
condition0,theta0_sample_039,Glutamine,glutamine,direct,5,4,M+4,0.18671766739265711
condition0,theta0_sample_039,Glutamine,glutamine,direct,5,5,M+5,0.31743014471076925
condition0,theta0_sample_039,Aspartate,aspartate,reporter,4,0,M+0,0.057397869930398221
condition0,theta0_sample_039,Aspartate,aspartate,reporter,4,1,M+1,0.11123270156559691
condition0,theta0_sample_039,Aspartate,aspartate,reporter,4,2,M+2,0.21828647903585432
condition0,theta0_sample_039,Aspartate,aspartate,reporter,4,3,M+3,0.2001374575099073
condition0,theta0_sample_039,Aspartate,aspartate,reporter,4,4,M+4,0.41294549195824287
condition0,theta0_sample_039,Glycine,glycine,reporter,2,0,M+0,0.26321518826488377
condition0,theta0_sample_039,Glycine,glycine,reporter,2,1,M+1,0.073569623470232284
condition0,theta0_sample_039,Glycine,glycine,reporter,2,2,M+2,0.66321518826488357
condition0,theta0_sample_039,Serine,serine,reporter,3,0,M+0,0.26321518826488377
condition0,theta0_sample_039,Serine,serine,reporter,3,1,M+1,0.036784811735116142
condition0,theta0_sample_039,Serine,serine,reporter,3,2,M+2,0.036784811735116142
condition0,theta0_sample_039,Serine,serine,reporter,3,3,M+3,0.66321518826488357
condition0,theta0_sample_040,Pyruvate,pyruvate,direct,3,0,M+0,0.25903902289623443
condition0,theta0_sample_040,Pyruvate,pyruvate,direct,3,1,M+1,0.040530824256892639
condition0,theta0_sample_040,Pyruvate,pyruvate,direct,3,2,M+2,0.04182128279751126
condition0,theta0_sample_040,Pyruvate,pyruvate,direct,3,3,M+3,0.65860887004936153
condition0,theta0_sample_040,Alanine,alanine,reporter,3,0,M+0,0.25903902289623443
condition0,theta0_sample_040,Alanine,alanine,reporter,3,1,M+1,0.040530824256892639
condition0,theta0_sample_040,Alanine,alanine,reporter,3,2,M+2,0.04182128279751126
condition0,theta0_sample_040,Alanine,alanine,reporter,3,3,M+3,0.65860887004936153
condition0,theta0_sample_040,Lactate,lactate,reporter,3,0,M+0,0.25903902289623443
condition0,theta0_sample_040,Lactate,lactate,reporter,3,1,M+1,0.040530824256892639
condition0,theta0_sample_040,Lactate,lactate,reporter,3,2,M+2,0.04182128279751126
condition0,theta0_sample_040,Lactate,lactate,reporter,3,3,M+3,0.65860887004936153
condition0,theta0_sample_040,Citrate,citrate,reporter,6,0,M+0,0.016422694502253664
condition0,theta0_sample_040,Citrate,citrate,reporter,6,1,M+1,0.031192517252052378
condition0,theta0_sample_040,Citrate,citrate,reporter,6,2,M+2,0.10891648301205009
condition0,theta0_sample_040,Citrate,citrate,reporter,6,3,M+3,0.13245302752190885
condition0,theta0_sample_040,Citrate,citrate,reporter,6,4,M+4,0.28623576059081557
condition0,theta0_sample_040,Citrate,citrate,reporter,6,5,M+5,0.14000471093065733
condition0,theta0_sample_040,Citrate,citrate,reporter,6,6,M+6,0.28477480619026163
condition0,theta0_sample_040,aKG,akg,direct,5,0,M+0,0.022458431782645689
condition0,theta0_sample_040,aKG,akg,direct,5,1,M+1,0.06140143462195638
condition0,theta0_sample_040,aKG,akg,direct,5,2,M+2,0.13197071498421356
condition0,theta0_sample_040,aKG,akg,direct,5,3,M+3,0.28016245315415961
condition0,theta0_sample_040,aKG,akg,direct,5,4,M+4,0.18586505133798595
condition0,theta0_sample_040,aKG,akg,direct,5,5,M+5,0.31814191411903858
condition0,theta0_sample_040,Succinate,succinate,direct,4,0,M+0,0.046375807628189186
condition0,theta0_sample_040,Succinate,succinate,direct,4,1,M+1,0.086401813933493929
condition0,theta0_sample_040,Succinate,succinate,direct,4,2,M+2,0.27571478650746756
condition0,theta0_sample_040,Succinate,succinate,direct,4,3,M+3,0.2038617546718263
condition0,theta0_sample_040,Succinate,succinate,direct,4,4,M+4,0.38764583725902291
condition0,theta0_sample_040,Fumarate,fumarate,direct,4,0,M+0,0.046375807628189186
condition0,theta0_sample_040,Fumarate,fumarate,direct,4,1,M+1,0.086401813933493929
condition0,theta0_sample_040,Fumarate,fumarate,direct,4,2,M+2,0.27571478650746756
condition0,theta0_sample_040,Fumarate,fumarate,direct,4,3,M+3,0.2038617546718263
condition0,theta0_sample_040,Fumarate,fumarate,direct,4,4,M+4,0.38764583725902291
condition0,theta0_sample_040,Malate,malate,direct,4,0,M+0,0.049372938124653473
condition0,theta0_sample_040,Malate,malate,direct,4,1,M+1,0.080466916215460288
condition0,theta0_sample_040,Malate,malate,direct,4,2,M+2,0.28562607046248856
condition0,theta0_sample_040,Malate,malate,direct,4,3,M+3,0.18985535793002792
condition0,theta0_sample_040,Malate,malate,direct,4,4,M+4,0.39467871726736953
condition0,theta0_sample_040,Glutamine,glutamine,direct,5,0,M+0,0.022458431782645689
condition0,theta0_sample_040,Glutamine,glutamine,direct,5,1,M+1,0.06140143462195638
condition0,theta0_sample_040,Glutamine,glutamine,direct,5,2,M+2,0.13197071498421356
condition0,theta0_sample_040,Glutamine,glutamine,direct,5,3,M+3,0.28016245315415961
condition0,theta0_sample_040,Glutamine,glutamine,direct,5,4,M+4,0.18586505133798595
condition0,theta0_sample_040,Glutamine,glutamine,direct,5,5,M+5,0.31814191411903858
condition0,theta0_sample_040,Aspartate,aspartate,reporter,4,0,M+0,0.055284447406820598
condition0,theta0_sample_040,Aspartate,aspartate,reporter,4,1,M+1,0.10390975641682904
condition0,theta0_sample_040,Aspartate,aspartate,reporter,4,2,M+2,0.23486524872227471
condition0,theta0_sample_040,Aspartate,aspartate,reporter,4,3,M+3,0.19740244367768087
condition0,theta0_sample_040,Aspartate,aspartate,reporter,4,4,M+4,0.40853810377639455
condition0,theta0_sample_040,Glycine,glycine,reporter,2,0,M+0,0.2617679188727226
condition0,theta0_sample_040,Glycine,glycine,reporter,2,1,M+1,0.076464162254554741
condition0,theta0_sample_040,Glycine,glycine,reporter,2,2,M+2,0.66176791887272257
condition0,theta0_sample_040,Serine,serine,reporter,3,0,M+0,0.2617679188727226
condition0,theta0_sample_040,Serine,serine,reporter,3,1,M+1,0.03823208112727737
condition0,theta0_sample_040,Serine,serine,reporter,3,2,M+2,0.03823208112727737
condition0,theta0_sample_040,Serine,serine,reporter,3,3,M+3,0.66176791887272257
condition0,theta0_sample_041,Pyruvate,pyruvate,direct,3,0,M+0,0.24725231975227382
condition0,theta0_sample_041,Pyruvate,pyruvate,direct,3,1,M+1,0.051111862267071199
condition0,theta0_sample_041,Pyruvate,pyruvate,direct,3,2,M+2,0.056019316209035927
condition0,theta0_sample_041,Pyruvate,pyruvate,direct,3,3,M+3,0.64561650177161878
condition0,theta0_sample_041,Alanine,alanine,reporter,3,0,M+0,0.24725231975227382
condition0,theta0_sample_041,Alanine,alanine,reporter,3,1,M+1,0.051111862267071199
condition0,theta0_sample_041,Alanine,alanine,reporter,3,2,M+2,0.056019316209035927
condition0,theta0_sample_041,Alanine,alanine,reporter,3,3,M+3,0.64561650177161878
condition0,theta0_sample_041,Lactate,lactate,reporter,3,0,M+0,0.24725231975227382
condition0,theta0_sample_041,Lactate,lactate,reporter,3,1,M+1,0.051111862267071199
condition0,theta0_sample_041,Lactate,lactate,reporter,3,2,M+2,0.056019316209035927
condition0,theta0_sample_041,Lactate,lactate,reporter,3,3,M+3,0.64561650177161878
condition0,theta0_sample_041,Citrate,citrate,reporter,6,0,M+0,0.01658146231693703
condition0,theta0_sample_041,Citrate,citrate,reporter,6,1,M+1,0.032669644040404726
condition0,theta0_sample_041,Citrate,citrate,reporter,6,2,M+2,0.10635852117294826
condition0,theta0_sample_041,Citrate,citrate,reporter,6,3,M+3,0.1371673448322919
condition0,theta0_sample_041,Citrate,citrate,reporter,6,4,M+4,0.27715704825334142
condition0,theta0_sample_041,Citrate,citrate,reporter,6,5,M+5,0.14591279020100117
condition0,theta0_sample_041,Citrate,citrate,reporter,6,6,M+6,0.28415318918307469
condition0,theta0_sample_041,aKG,akg,direct,5,0,M+0,0.022162111443879522
condition0,theta0_sample_041,aKG,akg,direct,5,1,M+1,0.061092788055833139
condition0,theta0_sample_041,aKG,akg,direct,5,2,M+2,0.13215593564936717
condition0,theta0_sample_041,aKG,akg,direct,5,3,M+3,0.27996346395754274
condition0,theta0_sample_041,aKG,akg,direct,5,4,M+4,0.18842355569408156
condition0,theta0_sample_041,aKG,akg,direct,5,5,M+5,0.31620214519929501
condition0,theta0_sample_041,Succinate,succinate,direct,4,0,M+0,0.048436169548469112
condition0,theta0_sample_041,Succinate,succinate,direct,4,1,M+1,0.08019464146849746
condition0,theta0_sample_041,Succinate,succinate,direct,4,2,M+2,0.28536459107431594
condition0,theta0_sample_041,Succinate,succinate,direct,4,3,M+3,0.19494221525199862
condition0,theta0_sample_041,Succinate,succinate,direct,4,4,M+4,0.39106238265671833
condition0,theta0_sample_041,Fumarate,fumarate,direct,4,0,M+0,0.048436169548469112
condition0,theta0_sample_041,Fumarate,fumarate,direct,4,1,M+1,0.08019464146849746
condition0,theta0_sample_041,Fumarate,fumarate,direct,4,2,M+2,0.28536459107431594
condition0,theta0_sample_041,Fumarate,fumarate,direct,4,3,M+3,0.19494221525199862
condition0,theta0_sample_041,Fumarate,fumarate,direct,4,4,M+4,0.39106238265671833
condition0,theta0_sample_041,Malate,malate,direct,4,0,M+0,0.050159540368410659
condition0,theta0_sample_041,Malate,malate,direct,4,1,M+1,0.076880083661909293
condition0,theta0_sample_041,Malate,malate,direct,4,2,M+2,0.29093291536306115
condition0,theta0_sample_041,Malate,malate,direct,4,3,M+3,0.18685575681450639
condition0,theta0_sample_041,Malate,malate,direct,4,4,M+4,0.39517170379211186
condition0,theta0_sample_041,Glutamine,glutamine,direct,5,0,M+0,0.022162111443879525
condition0,theta0_sample_041,Glutamine,glutamine,direct,5,1,M+1,0.061092788055833153
condition0,theta0_sample_041,Glutamine,glutamine,direct,5,2,M+2,0.13215593564936717
condition0,theta0_sample_041,Glutamine,glutamine,direct,5,3,M+3,0.27996346395754279
condition0,theta0_sample_041,Glutamine,glutamine,direct,5,4,M+4,0.18842355569408162
condition0,theta0_sample_041,Glutamine,glutamine,direct,5,5,M+5,0.31620214519929507
condition0,theta0_sample_041,Aspartate,aspartate,reporter,4,0,M+0,0.057391225364796281
condition0,theta0_sample_041,Aspartate,aspartate,reporter,4,1,M+1,0.10867317377458681
condition0,theta0_sample_041,Aspartate,aspartate,reporter,4,2,M+2,0.22294189465764713
condition0,theta0_sample_041,Aspartate,aspartate,reporter,4,3,M+3,0.19853178790175954
condition0,theta0_sample_041,Aspartate,aspartate,reporter,4,4,M+4,0.41246191830120971
condition0,theta0_sample_041,Glycine,glycine,reporter,2,0,M+0,0.25730675213438692
condition0,theta0_sample_041,Glycine,glycine,reporter,2,1,M+1,0.085386495731226017
condition0,theta0_sample_041,Glycine,glycine,reporter,2,2,M+2,0.65730675213438683
condition0,theta0_sample_041,Serine,serine,reporter,3,0,M+0,0.25730675213438692
condition0,theta0_sample_041,Serine,serine,reporter,3,1,M+1,0.042693247865613002
condition0,theta0_sample_041,Serine,serine,reporter,3,2,M+2,0.042693247865613015
condition0,theta0_sample_041,Serine,serine,reporter,3,3,M+3,0.65730675213438683
condition0,theta0_sample_042,Pyruvate,pyruvate,direct,3,0,M+0,0.24465594616821654
condition0,theta0_sample_042,Pyruvate,pyruvate,direct,3,1,M+1,0.054798346909656723
condition0,theta0_sample_042,Pyruvate,pyruvate,direct,3,2,M+2,0.056435467676037285
condition0,theta0_sample_042,Pyruvate,pyruvate,direct,3,3,M+3,0.6441102392460899
condition0,theta0_sample_042,Alanine,alanine,reporter,3,0,M+0,0.24465594616821654
condition0,theta0_sample_042,Alanine,alanine,reporter,3,1,M+1,0.054798346909656723
condition0,theta0_sample_042,Alanine,alanine,reporter,3,2,M+2,0.056435467676037285
condition0,theta0_sample_042,Alanine,alanine,reporter,3,3,M+3,0.6441102392460899
condition0,theta0_sample_042,Lactate,lactate,reporter,3,0,M+0,0.24465594616821654
condition0,theta0_sample_042,Lactate,lactate,reporter,3,1,M+1,0.054798346909656723
condition0,theta0_sample_042,Lactate,lactate,reporter,3,2,M+2,0.056435467676037285
condition0,theta0_sample_042,Lactate,lactate,reporter,3,3,M+3,0.6441102392460899
condition0,theta0_sample_042,Citrate,citrate,reporter,6,0,M+0,0.016553519097542751
condition0,theta0_sample_042,Citrate,citrate,reporter,6,1,M+1,0.028541882426431783
condition0,theta0_sample_042,Citrate,citrate,reporter,6,2,M+2,0.11436663739941948
condition0,theta0_sample_042,Citrate,citrate,reporter,6,3,M+3,0.12340827991525806
condition0,theta0_sample_042,Citrate,citrate,reporter,6,4,M+4,0.29846243447276383
condition0,theta0_sample_042,Citrate,citrate,reporter,6,5,M+5,0.13335321499360772
condition0,theta0_sample_042,Citrate,citrate,reporter,6,6,M+6,0.28531403169497788
condition0,theta0_sample_042,aKG,akg,direct,5,0,M+0,0.022647535864933833
condition0,theta0_sample_042,aKG,akg,direct,5,1,M+1,0.061444275278274424
condition0,theta0_sample_042,aKG,akg,direct,5,2,M+2,0.13169838217005153
condition0,theta0_sample_042,aKG,akg,direct,5,3,M+3,0.28082033420695857
condition0,theta0_sample_042,aKG,akg,direct,5,4,M+4,0.18424940463816331
condition0,theta0_sample_042,aKG,akg,direct,5,5,M+5,0.31914006784161947
condition0,theta0_sample_042,Succinate,succinate,direct,4,0,M+0,0.047829772715050088
condition0,theta0_sample_042,Succinate,succinate,direct,4,1,M+1,0.083265911821528107
condition0,theta0_sample_042,Succinate,succinate,direct,4,2,M+2,0.28086529938132981
condition0,theta0_sample_042,Succinate,succinate,direct,4,3,M+3,0.1971525749125575
condition0,theta0_sample_042,Succinate,succinate,direct,4,4,M+4,0.39088644116953591
condition0,theta0_sample_042,Fumarate,fumarate,direct,4,0,M+0,0.047829772715050088
condition0,theta0_sample_042,Fumarate,fumarate,direct,4,1,M+1,0.083265911821528107
condition0,theta0_sample_042,Fumarate,fumarate,direct,4,2,M+2,0.28086529938132981
condition0,theta0_sample_042,Fumarate,fumarate,direct,4,3,M+3,0.1971525749125575
condition0,theta0_sample_042,Fumarate,fumarate,direct,4,4,M+4,0.39088644116953591
condition0,theta0_sample_042,Malate,malate,direct,4,0,M+0,0.052072149277269095
condition0,theta0_sample_042,Malate,malate,direct,4,1,M+1,0.074892327394912195
condition0,theta0_sample_042,Malate,malate,direct,4,2,M+2,0.294858329658297
condition0,theta0_sample_042,Malate,malate,direct,4,3,M+3,0.17731776138959476
condition0,theta0_sample_042,Malate,malate,direct,4,4,M+4,0.40085943227992837
condition0,theta0_sample_042,Glutamine,glutamine,direct,5,0,M+0,0.022647535864933829
condition0,theta0_sample_042,Glutamine,glutamine,direct,5,1,M+1,0.061444275278274424
condition0,theta0_sample_042,Glutamine,glutamine,direct,5,2,M+2,0.13169838217005153
condition0,theta0_sample_042,Glutamine,glutamine,direct,5,3,M+3,0.28082033420695857
condition0,theta0_sample_042,Glutamine,glutamine,direct,5,4,M+4,0.18424940463816331
condition0,theta0_sample_042,Glutamine,glutamine,direct,5,5,M+5,0.31914006784161947
condition0,theta0_sample_042,Aspartate,aspartate,reporter,4,0,M+0,0.05590135385944308
condition0,theta0_sample_042,Aspartate,aspartate,reporter,4,1,M+1,0.094921285284782553
condition0,theta0_sample_042,Aspartate,aspartate,reporter,4,2,M+2,0.25231654799809616
condition0,theta0_sample_042,Aspartate,aspartate,reporter,4,3,M+3,0.18699763271168934
condition0,theta0_sample_042,Aspartate,aspartate,reporter,4,4,M+4,0.40986318014599016
condition0,theta0_sample_042,Glycine,glycine,reporter,2,0,M+0,0.24798403226175603
condition0,theta0_sample_042,Glycine,glycine,reporter,2,1,M+1,0.10403193547648808
condition0,theta0_sample_042,Glycine,glycine,reporter,2,2,M+2,0.64798403226175616
condition0,theta0_sample_042,Serine,serine,reporter,3,0,M+0,0.24798403226175603
condition0,theta0_sample_042,Serine,serine,reporter,3,1,M+1,0.052015967738244039
condition0,theta0_sample_042,Serine,serine,reporter,3,2,M+2,0.052015967738244039
condition0,theta0_sample_042,Serine,serine,reporter,3,3,M+3,0.64798403226175616
condition0,theta0_sample_043,Pyruvate,pyruvate,direct,3,0,M+0,0.25396425446215304
condition0,theta0_sample_043,Pyruvate,pyruvate,direct,3,1,M+1,0.045087648616245986
condition0,theta0_sample_043,Pyruvate,pyruvate,direct,3,2,M+2,0.047931939381049046
condition0,theta0_sample_043,Pyruvate,pyruvate,direct,3,3,M+3,0.65301615754055209
condition0,theta0_sample_043,Alanine,alanine,reporter,3,0,M+0,0.25396425446215304
condition0,theta0_sample_043,Alanine,alanine,reporter,3,1,M+1,0.045087648616245986
condition0,theta0_sample_043,Alanine,alanine,reporter,3,2,M+2,0.047931939381049046
condition0,theta0_sample_043,Alanine,alanine,reporter,3,3,M+3,0.65301615754055209
condition0,theta0_sample_043,Lactate,lactate,reporter,3,0,M+0,0.25396425446215304
condition0,theta0_sample_043,Lactate,lactate,reporter,3,1,M+1,0.045087648616245986
condition0,theta0_sample_043,Lactate,lactate,reporter,3,2,M+2,0.047931939381049046
condition0,theta0_sample_043,Lactate,lactate,reporter,3,3,M+3,0.65301615754055209
condition0,theta0_sample_043,Citrate,citrate,reporter,6,0,M+0,0.016558032304785628
condition0,theta0_sample_043,Citrate,citrate,reporter,6,1,M+1,0.031582136945703998
condition0,theta0_sample_043,Citrate,citrate,reporter,6,2,M+2,0.10836388013533454
condition0,theta0_sample_043,Citrate,citrate,reporter,6,3,M+3,0.13357192424937561
condition0,theta0_sample_043,Citrate,citrate,reporter,6,4,M+4,0.28348031107719446
condition0,theta0_sample_043,Citrate,citrate,reporter,6,5,M+5,0.14160920599891266
condition0,theta0_sample_043,Citrate,citrate,reporter,6,6,M+6,0.28483450928869336
condition0,theta0_sample_043,aKG,akg,direct,5,0,M+0,0.022372033305530434
condition0,theta0_sample_043,aKG,akg,direct,5,1,M+1,0.061278777139725377
condition0,theta0_sample_043,aKG,akg,direct,5,2,M+2,0.13199205496384131
condition0,theta0_sample_043,aKG,akg,direct,5,3,M+3,0.28021694652376089
condition0,theta0_sample_043,aKG,akg,direct,5,4,M+4,0.18661466697440096
condition0,theta0_sample_043,aKG,akg,direct,5,5,M+5,0.3175255210927414
condition0,theta0_sample_043,Succinate,succinate,direct,4,0,M+0,0.047460315733575779
condition0,theta0_sample_043,Succinate,succinate,direct,4,1,M+1,0.083287187589218922
condition0,theta0_sample_043,Succinate,succinate,direct,4,2,M+2,0.28059062703675874
condition0,theta0_sample_043,Succinate,succinate,direct,4,3,M+3,0.19911592022452293
condition0,theta0_sample_043,Succinate,succinate,direct,4,4,M+4,0.38954594941592385
condition0,theta0_sample_043,Fumarate,fumarate,direct,4,0,M+0,0.047460315733575779
condition0,theta0_sample_043,Fumarate,fumarate,direct,4,1,M+1,0.083287187589218908
condition0,theta0_sample_043,Fumarate,fumarate,direct,4,2,M+2,0.28059062703675869
condition0,theta0_sample_043,Fumarate,fumarate,direct,4,3,M+3,0.1991159202245229
condition0,theta0_sample_043,Fumarate,fumarate,direct,4,4,M+4,0.3895459494159238
condition0,theta0_sample_043,Malate,malate,direct,4,0,M+0,0.050035181594169371
condition0,theta0_sample_043,Malate,malate,direct,4,1,M+1,0.078251127838349283
condition0,theta0_sample_043,Malate,malate,direct,4,2,M+2,0.28902195061164726
condition0,theta0_sample_043,Malate,malate,direct,4,3,M+3,0.1870619888849803
condition0,theta0_sample_043,Malate,malate,direct,4,4,M+4,0.39562975107085391
condition0,theta0_sample_043,Glutamine,glutamine,direct,5,0,M+0,0.022372033305530437
condition0,theta0_sample_043,Glutamine,glutamine,direct,5,1,M+1,0.061278777139725391
condition0,theta0_sample_043,Glutamine,glutamine,direct,5,2,M+2,0.13199205496384131
condition0,theta0_sample_043,Glutamine,glutamine,direct,5,3,M+3,0.28021694652376089
condition0,theta0_sample_043,Glutamine,glutamine,direct,5,4,M+4,0.18661466697440096
condition0,theta0_sample_043,Glutamine,glutamine,direct,5,5,M+5,0.3175255210927414
condition0,theta0_sample_043,Aspartate,aspartate,reporter,4,0,M+0,0.056411746653715081
condition0,theta0_sample_043,Aspartate,aspartate,reporter,4,1,M+1,0.10510714236681482
condition0,theta0_sample_043,Aspartate,aspartate,reporter,4,2,M+2,0.23125831137325212
condition0,theta0_sample_043,Aspartate,aspartate,reporter,4,3,M+3,0.19651496353819126
condition0,theta0_sample_043,Aspartate,aspartate,reporter,4,4,M+4,0.41070783606802697
condition0,theta0_sample_043,Glycine,glycine,reporter,2,0,M+0,0.25991769230840234
condition0,theta0_sample_043,Glycine,glycine,reporter,2,1,M+1,0.080164615383195428
condition0,theta0_sample_043,Glycine,glycine,reporter,2,2,M+2,0.65991769230840236
condition0,theta0_sample_043,Serine,serine,reporter,3,0,M+0,0.25991769230840234
condition0,theta0_sample_043,Serine,serine,reporter,3,1,M+1,0.040082307691597707
condition0,theta0_sample_043,Serine,serine,reporter,3,2,M+2,0.040082307691597714
condition0,theta0_sample_043,Serine,serine,reporter,3,3,M+3,0.65991769230840236
condition0,theta0_sample_044,Pyruvate,pyruvate,direct,3,0,M+0,0.24891501159202201
condition0,theta0_sample_044,Pyruvate,pyruvate,direct,3,1,M+1,0.050493958805333264
condition0,theta0_sample_044,Pyruvate,pyruvate,direct,3,2,M+2,0.052267047613267052
condition0,theta0_sample_044,Pyruvate,pyruvate,direct,3,3,M+3,0.64832398198937735
condition0,theta0_sample_044,Alanine,alanine,reporter,3,0,M+0,0.24891501159202201
condition0,theta0_sample_044,Alanine,alanine,reporter,3,1,M+1,0.050493958805333264
condition0,theta0_sample_044,Alanine,alanine,reporter,3,2,M+2,0.052267047613267052
condition0,theta0_sample_044,Alanine,alanine,reporter,3,3,M+3,0.64832398198937735
condition0,theta0_sample_044,Lactate,lactate,reporter,3,0,M+0,0.24891501159202201
condition0,theta0_sample_044,Lactate,lactate,reporter,3,1,M+1,0.050493958805333264
condition0,theta0_sample_044,Lactate,lactate,reporter,3,2,M+2,0.052267047613267052
condition0,theta0_sample_044,Lactate,lactate,reporter,3,3,M+3,0.64832398198937735
condition0,theta0_sample_044,Citrate,citrate,reporter,6,0,M+0,0.016496898845105142
condition0,theta0_sample_044,Citrate,citrate,reporter,6,1,M+1,0.030690763617485448
condition0,theta0_sample_044,Citrate,citrate,reporter,6,2,M+2,0.11002456958053901
condition0,theta0_sample_044,Citrate,citrate,reporter,6,3,M+3,0.13066681541589678
condition0,theta0_sample_044,Citrate,citrate,reporter,6,4,M+4,0.28830925620157977
condition0,theta0_sample_044,Citrate,citrate,reporter,6,5,M+5,0.1388475518689325
condition0,theta0_sample_044,Citrate,citrate,reporter,6,6,M+6,0.28496414447045942
condition0,theta0_sample_044,aKG,akg,direct,5,0,M+0,0.022568726405818886
condition0,theta0_sample_044,aKG,akg,direct,5,1,M+1,0.061410704089942127
condition0,theta0_sample_044,aKG,akg,direct,5,2,M+2,0.13179616008024381
condition0,theta0_sample_044,aKG,akg,direct,5,3,M+3,0.28060029838164952
condition0,theta0_sample_044,aKG,akg,direct,5,4,M+4,0.18492447460710415
condition0,theta0_sample_044,aKG,akg,direct,5,5,M+5,0.3186996364352398
condition0,theta0_sample_044,Succinate,succinate,direct,4,0,M+0,0.047326902617698341
condition0,theta0_sample_044,Succinate,succinate,direct,4,1,M+1,0.08420173694898421
condition0,theta0_sample_044,Succinate,succinate,direct,4,2,M+2,0.27928228581315262
condition0,theta0_sample_044,Succinate,succinate,direct,4,3,M+3,0.19952260705594665
condition0,theta0_sample_044,Succinate,succinate,direct,4,4,M+4,0.38966646756421647
condition0,theta0_sample_044,Fumarate,fumarate,direct,4,0,M+0,0.047326902617698341
condition0,theta0_sample_044,Fumarate,fumarate,direct,4,1,M+1,0.08420173694898421
condition0,theta0_sample_044,Fumarate,fumarate,direct,4,2,M+2,0.27928228581315268
condition0,theta0_sample_044,Fumarate,fumarate,direct,4,3,M+3,0.19952260705594665
condition0,theta0_sample_044,Fumarate,fumarate,direct,4,4,M+4,0.38966646756421652
condition0,theta0_sample_044,Malate,malate,direct,4,0,M+0,0.050423931847923861
condition0,theta0_sample_044,Malate,malate,direct,4,1,M+1,0.0780931944327969
condition0,theta0_sample_044,Malate,malate,direct,4,2,M+2,0.28949169532155278
condition0,theta0_sample_044,Malate,malate,direct,4,3,M+3,0.18504129866680627
condition0,theta0_sample_044,Malate,malate,direct,4,4,M+4,0.39694987973091855
condition0,theta0_sample_044,Glutamine,glutamine,direct,5,0,M+0,0.022568726405818886
condition0,theta0_sample_044,Glutamine,glutamine,direct,5,1,M+1,0.061410704089942127
condition0,theta0_sample_044,Glutamine,glutamine,direct,5,2,M+2,0.13179616008024383
condition0,theta0_sample_044,Glutamine,glutamine,direct,5,3,M+3,0.28060029838164952
condition0,theta0_sample_044,Glutamine,glutamine,direct,5,4,M+4,0.18492447460710415
condition0,theta0_sample_044,Glutamine,glutamine,direct,5,5,M+5,0.3186996364352398
condition0,theta0_sample_044,Aspartate,aspartate,reporter,4,0,M+0,0.055748856965823955
condition0,theta0_sample_044,Aspartate,aspartate,reporter,4,1,M+1,0.1021755957469893
condition0,theta0_sample_044,Aspartate,aspartate,reporter,4,2,M+2,0.23788374319075448
condition0,theta0_sample_044,Aspartate,aspartate,reporter,4,3,M+3,0.19471029851422536
condition0,theta0_sample_044,Aspartate,aspartate,reporter,4,4,M+4,0.40948150558220531
condition0,theta0_sample_044,Glycine,glycine,reporter,2,0,M+0,0.25252002059035156
condition0,theta0_sample_044,Glycine,glycine,reporter,2,1,M+1,0.094959958819296655
condition0,theta0_sample_044,Glycine,glycine,reporter,2,2,M+2,0.6525200205903513
condition0,theta0_sample_044,Serine,serine,reporter,3,0,M+0,0.25252002059035156
condition0,theta0_sample_044,Serine,serine,reporter,3,1,M+1,0.047479979409648328
condition0,theta0_sample_044,Serine,serine,reporter,3,2,M+2,0.047479979409648328
condition0,theta0_sample_044,Serine,serine,reporter,3,3,M+3,0.6525200205903513
condition0,theta0_sample_045,Pyruvate,pyruvate,direct,3,0,M+0,0.25845162868918936
condition0,theta0_sample_045,Pyruvate,pyruvate,direct,3,1,M+1,0.039702187469553611
condition0,theta0_sample_045,Pyruvate,pyruvate,direct,3,2,M+2,0.045240738993324738
condition0,theta0_sample_045,Pyruvate,pyruvate,direct,3,3,M+3,0.65660544484793237
condition0,theta0_sample_045,Alanine,alanine,reporter,3,0,M+0,0.25845162868918936
condition0,theta0_sample_045,Alanine,alanine,reporter,3,1,M+1,0.039702187469553611
condition0,theta0_sample_045,Alanine,alanine,reporter,3,2,M+2,0.045240738993324738
condition0,theta0_sample_045,Alanine,alanine,reporter,3,3,M+3,0.65660544484793237
condition0,theta0_sample_045,Lactate,lactate,reporter,3,0,M+0,0.25845162868918936
condition0,theta0_sample_045,Lactate,lactate,reporter,3,1,M+1,0.039702187469553611
condition0,theta0_sample_045,Lactate,lactate,reporter,3,2,M+2,0.045240738993324738
condition0,theta0_sample_045,Lactate,lactate,reporter,3,3,M+3,0.65660544484793237
condition0,theta0_sample_045,Citrate,citrate,reporter,6,0,M+0,0.018174908599074488
condition0,theta0_sample_045,Citrate,citrate,reporter,6,1,M+1,0.038249695861766797
condition0,theta0_sample_045,Citrate,citrate,reporter,6,2,M+2,0.098980782964462791
condition0,theta0_sample_045,Citrate,citrate,reporter,6,3,M+3,0.15003617182275014
condition0,theta0_sample_045,Citrate,citrate,reporter,6,4,M+4,0.25181820398457022
condition0,theta0_sample_045,Citrate,citrate,reporter,6,5,M+5,0.15003401380147788
condition0,theta0_sample_045,Citrate,citrate,reporter,6,6,M+6,0.29270622296589799
condition0,theta0_sample_045,aKG,akg,direct,5,0,M+0,0.022196787130219688
condition0,theta0_sample_045,aKG,akg,direct,5,1,M+1,0.061046852639653863
condition0,theta0_sample_045,aKG,akg,direct,5,2,M+2,0.13205220742262108
condition0,theta0_sample_045,aKG,akg,direct,5,3,M+3,0.28026937868472068
condition0,theta0_sample_045,aKG,akg,direct,5,4,M+4,0.18813327415298201
condition0,theta0_sample_045,aKG,akg,direct,5,5,M+5,0.31630149996980278
condition0,theta0_sample_045,Succinate,succinate,direct,4,0,M+0,0.05110219051175182
condition0,theta0_sample_045,Succinate,succinate,direct,4,1,M+1,0.074330059276284569
condition0,theta0_sample_045,Succinate,succinate,direct,4,2,M+2,0.29496138130612193
condition0,theta0_sample_045,Succinate,succinate,direct,4,3,M+3,0.18267829751189568
condition0,theta0_sample_045,Succinate,succinate,direct,4,4,M+4,0.39692807139394626
condition0,theta0_sample_045,Fumarate,fumarate,direct,4,0,M+0,0.05110219051175182
condition0,theta0_sample_045,Fumarate,fumarate,direct,4,1,M+1,0.074330059276284569
condition0,theta0_sample_045,Fumarate,fumarate,direct,4,2,M+2,0.29496138130612198
condition0,theta0_sample_045,Fumarate,fumarate,direct,4,3,M+3,0.18267829751189571
condition0,theta0_sample_045,Fumarate,fumarate,direct,4,4,M+4,0.39692807139394626
condition0,theta0_sample_045,Malate,malate,direct,4,0,M+0,0.051100681238328421
condition0,theta0_sample_045,Malate,malate,direct,4,1,M+1,0.074332926680698852
condition0,theta0_sample_045,Malate,malate,direct,4,2,M+2,0.29495655191795395
condition0,theta0_sample_045,Malate,malate,direct,4,3,M+3,0.18268539116868238
condition0,theta0_sample_045,Malate,malate,direct,4,4,M+4,0.3969244489943366
condition0,theta0_sample_045,Glutamine,glutamine,direct,5,0,M+0,0.022196787130219688
condition0,theta0_sample_045,Glutamine,glutamine,direct,5,1,M+1,0.061046852639653856
condition0,theta0_sample_045,Glutamine,glutamine,direct,5,2,M+2,0.13205220742262108
condition0,theta0_sample_045,Glutamine,glutamine,direct,5,3,M+3,0.28026937868472063
condition0,theta0_sample_045,Glutamine,glutamine,direct,5,4,M+4,0.18813327415298201
condition0,theta0_sample_045,Glutamine,glutamine,direct,5,5,M+5,0.31630149996980278
condition0,theta0_sample_045,Aspartate,aspartate,reporter,4,0,M+0,0.06361649701307831
condition0,theta0_sample_045,Aspartate,aspartate,reporter,4,1,M+1,0.12751230476846748
condition0,theta0_sample_045,Aspartate,aspartate,reporter,4,2,M+2,0.18100121087126186
condition0,theta0_sample_045,Aspartate,aspartate,reporter,4,3,M+3,0.200994675899761
condition0,theta0_sample_045,Aspartate,aspartate,reporter,4,4,M+4,0.42687531144743157
condition0,theta0_sample_045,Glycine,glycine,reporter,2,0,M+0,0.27225112876867152
condition0,theta0_sample_045,Glycine,glycine,reporter,2,1,M+1,0.055497742462656957
condition0,theta0_sample_045,Glycine,glycine,reporter,2,2,M+2,0.67225112876867166
condition0,theta0_sample_045,Serine,serine,reporter,3,0,M+0,0.27225112876867152
condition0,theta0_sample_045,Serine,serine,reporter,3,1,M+1,0.027748871231328475
condition0,theta0_sample_045,Serine,serine,reporter,3,2,M+2,0.027748871231328479
condition0,theta0_sample_045,Serine,serine,reporter,3,3,M+3,0.67225112876867166
condition0,theta0_sample_046,Pyruvate,pyruvate,direct,3,0,M+0,0.26168393029809156
condition0,theta0_sample_046,Pyruvate,pyruvate,direct,3,1,M+1,0.037149056554608435
condition0,theta0_sample_046,Pyruvate,pyruvate,direct,3,2,M+2,0.040650095996508373
condition0,theta0_sample_046,Pyruvate,pyruvate,direct,3,3,M+3,0.66051691715079153
condition0,theta0_sample_046,Alanine,alanine,reporter,3,0,M+0,0.26168393029809156
condition0,theta0_sample_046,Alanine,alanine,reporter,3,1,M+1,0.037149056554608435
condition0,theta0_sample_046,Alanine,alanine,reporter,3,2,M+2,0.040650095996508373
condition0,theta0_sample_046,Alanine,alanine,reporter,3,3,M+3,0.66051691715079153
condition0,theta0_sample_046,Lactate,lactate,reporter,3,0,M+0,0.26168393029809156
condition0,theta0_sample_046,Lactate,lactate,reporter,3,1,M+1,0.037149056554608435
condition0,theta0_sample_046,Lactate,lactate,reporter,3,2,M+2,0.040650095996508373
condition0,theta0_sample_046,Lactate,lactate,reporter,3,3,M+3,0.66051691715079153
condition0,theta0_sample_046,Citrate,citrate,reporter,6,0,M+0,0.018172918197711375
condition0,theta0_sample_046,Citrate,citrate,reporter,6,1,M+1,0.037437269229795726
condition0,theta0_sample_046,Citrate,citrate,reporter,6,2,M+2,0.10006578775163613
condition0,theta0_sample_046,Citrate,citrate,reporter,6,3,M+3,0.14784417322126808
condition0,theta0_sample_046,Citrate,citrate,reporter,6,4,M+4,0.25702874830203426
condition0,theta0_sample_046,Citrate,citrate,reporter,6,5,M+5,0.14592297739033544
condition0,theta0_sample_046,Citrate,citrate,reporter,6,6,M+6,0.29352812590721883
condition0,theta0_sample_046,aKG,akg,direct,5,0,M+0,0.022596552521278037
condition0,theta0_sample_046,aKG,akg,direct,5,1,M+1,0.061310086975606928
condition0,theta0_sample_046,aKG,akg,direct,5,2,M+2,0.13164916610681013
condition0,theta0_sample_046,aKG,akg,direct,5,3,M+3,0.28106538708205669
condition0,theta0_sample_046,aKG,akg,direct,5,4,M+4,0.18469861700663803
condition0,theta0_sample_046,aKG,akg,direct,5,5,M+5,0.31868019030760997
condition0,theta0_sample_046,Succinate,succinate,direct,4,0,M+0,0.050337107898619428
condition0,theta0_sample_046,Succinate,succinate,direct,4,1,M+1,0.077041595389975029
condition0,theta0_sample_046,Succinate,succinate,direct,4,2,M+2,0.29083594474577956
condition0,theta0_sample_046,Succinate,succinate,direct,4,3,M+3,0.18585489274403805
condition0,theta0_sample_046,Succinate,succinate,direct,4,4,M+4,0.39593045922158787
condition0,theta0_sample_046,Fumarate,fumarate,direct,4,0,M+0,0.050337107898619421
condition0,theta0_sample_046,Fumarate,fumarate,direct,4,1,M+1,0.077041595389975029
condition0,theta0_sample_046,Fumarate,fumarate,direct,4,2,M+2,0.29083594474577956
condition0,theta0_sample_046,Fumarate,fumarate,direct,4,3,M+3,0.18585489274403805
condition0,theta0_sample_046,Fumarate,fumarate,direct,4,4,M+4,0.39593045922158787
condition0,theta0_sample_046,Malate,malate,direct,4,0,M+0,0.050339257336041353
condition0,theta0_sample_046,Malate,malate,direct,4,1,M+1,0.077037429333869076
condition0,theta0_sample_046,Malate,malate,direct,4,2,M+2,0.29084293244553538
condition0,theta0_sample_046,Malate,malate,direct,4,3,M+3,0.18584481776315631
condition0,theta0_sample_046,Malate,malate,direct,4,4,M+4,0.3959355631213976
condition0,theta0_sample_046,Glutamine,glutamine,direct,5,0,M+0,0.022596552521278037
condition0,theta0_sample_046,Glutamine,glutamine,direct,5,1,M+1,0.061310086975606928
condition0,theta0_sample_046,Glutamine,glutamine,direct,5,2,M+2,0.13164916610681013
condition0,theta0_sample_046,Glutamine,glutamine,direct,5,3,M+3,0.28106538708205675
condition0,theta0_sample_046,Glutamine,glutamine,direct,5,4,M+4,0.18469861700663803
condition0,theta0_sample_046,Glutamine,glutamine,direct,5,5,M+5,0.31868019030760997
condition0,theta0_sample_046,Aspartate,aspartate,reporter,4,0,M+0,0.062447972135770767
condition0,theta0_sample_046,Aspartate,aspartate,reporter,4,1,M+1,0.12478765188839433
condition0,theta0_sample_046,Aspartate,aspartate,reporter,4,2,M+2,0.18786273091789243
condition0,theta0_sample_046,Aspartate,aspartate,reporter,4,3,M+3,0.20011969395594881
condition0,theta0_sample_046,Aspartate,aspartate,reporter,4,4,M+4,0.42478195110199346
condition0,theta0_sample_046,Glycine,glycine,reporter,2,0,M+0,0.2702777024331311
condition0,theta0_sample_046,Glycine,glycine,reporter,2,1,M+1,0.059444595133737711
condition0,theta0_sample_046,Glycine,glycine,reporter,2,2,M+2,0.67027770243313112
condition0,theta0_sample_046,Serine,serine,reporter,3,0,M+0,0.2702777024331311
condition0,theta0_sample_046,Serine,serine,reporter,3,1,M+1,0.029722297566868863
condition0,theta0_sample_046,Serine,serine,reporter,3,2,M+2,0.029722297566868856
condition0,theta0_sample_046,Serine,serine,reporter,3,3,M+3,0.67027770243313112
condition0,theta0_sample_047,Pyruvate,pyruvate,direct,3,0,M+0,0.26018988250637837
condition0,theta0_sample_047,Pyruvate,pyruvate,direct,3,1,M+1,0.039151175268342893
condition0,theta0_sample_047,Pyruvate,pyruvate,direct,3,2,M+2,0.04112800194417926
condition0,theta0_sample_047,Pyruvate,pyruvate,direct,3,3,M+3,0.65953094028109971
condition0,theta0_sample_047,Alanine,alanine,reporter,3,0,M+0,0.26018988250637837
condition0,theta0_sample_047,Alanine,alanine,reporter,3,1,M+1,0.039151175268342893
condition0,theta0_sample_047,Alanine,alanine,reporter,3,2,M+2,0.04112800194417926
condition0,theta0_sample_047,Alanine,alanine,reporter,3,3,M+3,0.65953094028109971
condition0,theta0_sample_047,Lactate,lactate,reporter,3,0,M+0,0.26018988250637837
condition0,theta0_sample_047,Lactate,lactate,reporter,3,1,M+1,0.039151175268342893
condition0,theta0_sample_047,Lactate,lactate,reporter,3,2,M+2,0.04112800194417926
condition0,theta0_sample_047,Lactate,lactate,reporter,3,3,M+3,0.65953094028109971
condition0,theta0_sample_047,Citrate,citrate,reporter,6,0,M+0,0.016919215963714616
condition0,theta0_sample_047,Citrate,citrate,reporter,6,1,M+1,0.034243837638080157
condition0,theta0_sample_047,Citrate,citrate,reporter,6,2,M+2,0.10375691474743025
condition0,theta0_sample_047,Citrate,citrate,reporter,6,3,M+3,0.14122647463038956
condition0,theta0_sample_047,Citrate,citrate,reporter,6,4,M+4,0.27188686970558906
condition0,theta0_sample_047,Citrate,citrate,reporter,6,5,M+5,0.14478469373524488
condition0,theta0_sample_047,Citrate,citrate,reporter,6,6,M+6,0.28718199357955215
condition0,theta0_sample_047,aKG,akg,direct,5,0,M+0,0.022471466575272058
condition0,theta0_sample_047,aKG,akg,direct,5,1,M+1,0.061363267141780864
condition0,theta0_sample_047,aKG,akg,direct,5,2,M+2,0.13191082284966077
condition0,theta0_sample_047,aKG,akg,direct,5,3,M+3,0.28034943748039531
condition0,theta0_sample_047,aKG,akg,direct,5,4,M+4,0.18575825504674398
condition0,theta0_sample_047,aKG,akg,direct,5,5,M+5,0.31814675090614752
condition0,theta0_sample_047,Succinate,succinate,direct,4,0,M+0,0.047529240924379372
condition0,theta0_sample_047,Succinate,succinate,direct,4,1,M+1,0.08367165731954071
condition0,theta0_sample_047,Succinate,succinate,direct,4,2,M+2,0.28012395085686559
condition0,theta0_sample_047,Succinate,succinate,direct,4,3,M+3,0.19862016263013002
condition0,theta0_sample_047,Succinate,succinate,direct,4,4,M+4,0.39005498826908502
condition0,theta0_sample_047,Fumarate,fumarate,direct,4,0,M+0,0.047529240924379372
condition0,theta0_sample_047,Fumarate,fumarate,direct,4,1,M+1,0.08367165731954071
condition0,theta0_sample_047,Fumarate,fumarate,direct,4,2,M+2,0.28012395085686559
condition0,theta0_sample_047,Fumarate,fumarate,direct,4,3,M+3,0.19862016263012999
condition0,theta0_sample_047,Fumarate,fumarate,direct,4,4,M+4,0.39005498826908502
condition0,theta0_sample_047,Malate,malate,direct,4,0,M+0,0.048645437885380741
condition0,theta0_sample_047,Malate,malate,direct,4,1,M+1,0.081473749028757855
condition0,theta0_sample_047,Malate,malate,direct,4,2,M+2,0.28379862655191024
condition0,theta0_sample_047,Malate,malate,direct,4,3,M+3,0.19339974826838363
condition0,theta0_sample_047,Malate,malate,direct,4,4,M+4,0.39268243826556815
condition0,theta0_sample_047,Glutamine,glutamine,direct,5,0,M+0,0.022471466575272058
condition0,theta0_sample_047,Glutamine,glutamine,direct,5,1,M+1,0.061363267141780864
condition0,theta0_sample_047,Glutamine,glutamine,direct,5,2,M+2,0.13191082284966077
condition0,theta0_sample_047,Glutamine,glutamine,direct,5,3,M+3,0.28034943748039531
condition0,theta0_sample_047,Glutamine,glutamine,direct,5,4,M+4,0.18575825504674398
condition0,theta0_sample_047,Glutamine,glutamine,direct,5,5,M+5,0.31814675090614752
condition0,theta0_sample_047,Aspartate,aspartate,reporter,4,0,M+0,0.057268603518227559
condition0,theta0_sample_047,Aspartate,aspartate,reporter,4,1,M+1,0.11414008410041557
condition0,theta0_sample_047,Aspartate,aspartate,reporter,4,2,M+2,0.21286637058864261
condition0,theta0_sample_047,Aspartate,aspartate,reporter,4,3,M+3,0.20277259244855839
condition0,theta0_sample_047,Aspartate,aspartate,reporter,4,4,M+4,0.41295234934415642
condition0,theta0_sample_047,Glycine,glycine,reporter,2,0,M+0,0.26447590428032647
condition0,theta0_sample_047,Glycine,glycine,reporter,2,1,M+1,0.071048191439347042
condition0,theta0_sample_047,Glycine,glycine,reporter,2,2,M+2,0.66447590428032655
condition0,theta0_sample_047,Serine,serine,reporter,3,0,M+0,0.26447590428032647
condition0,theta0_sample_047,Serine,serine,reporter,3,1,M+1,0.035524095719673521
condition0,theta0_sample_047,Serine,serine,reporter,3,2,M+2,0.035524095719673521
condition0,theta0_sample_047,Serine,serine,reporter,3,3,M+3,0.66447590428032655
condition0,theta0_sample_048,Pyruvate,pyruvate,direct,3,0,M+0,0.2526941827887364
condition0,theta0_sample_048,Pyruvate,pyruvate,direct,3,1,M+1,0.046065886411819697
condition0,theta0_sample_048,Pyruvate,pyruvate,direct,3,2,M+2,0.04978567881015164
condition0,theta0_sample_048,Pyruvate,pyruvate,direct,3,3,M+3,0.65145425198929252
condition0,theta0_sample_048,Alanine,alanine,reporter,3,0,M+0,0.2526941827887364
condition0,theta0_sample_048,Alanine,alanine,reporter,3,1,M+1,0.046065886411819697
condition0,theta0_sample_048,Alanine,alanine,reporter,3,2,M+2,0.04978567881015164
condition0,theta0_sample_048,Alanine,alanine,reporter,3,3,M+3,0.65145425198929252
condition0,theta0_sample_048,Lactate,lactate,reporter,3,0,M+0,0.2526941827887364
condition0,theta0_sample_048,Lactate,lactate,reporter,3,1,M+1,0.046065886411819697
condition0,theta0_sample_048,Lactate,lactate,reporter,3,2,M+2,0.04978567881015164
condition0,theta0_sample_048,Lactate,lactate,reporter,3,3,M+3,0.65145425198929252
condition0,theta0_sample_048,Citrate,citrate,reporter,6,0,M+0,0.016495684802232423
condition0,theta0_sample_048,Citrate,citrate,reporter,6,1,M+1,0.031392211322665009
condition0,theta0_sample_048,Citrate,citrate,reporter,6,2,M+2,0.10862789600257546
condition0,theta0_sample_048,Citrate,citrate,reporter,6,3,M+3,0.13321593613229191
condition0,theta0_sample_048,Citrate,citrate,reporter,6,4,M+4,0.28376809459288271
condition0,theta0_sample_048,Citrate,citrate,reporter,6,5,M+5,0.14236925298033887
condition0,theta0_sample_048,Citrate,citrate,reporter,6,6,M+6,0.28413092416701458
condition0,theta0_sample_048,aKG,akg,direct,5,0,M+0,0.022233396396371667
condition0,theta0_sample_048,aKG,akg,direct,5,1,M+1,0.061179249685165575
condition0,theta0_sample_048,aKG,akg,direct,5,2,M+2,0.13212358902454618
condition0,theta0_sample_048,aKG,akg,direct,5,3,M+3,0.27996927277267969
condition0,theta0_sample_048,aKG,akg,direct,5,4,M+4,0.18780670665848248
condition0,theta0_sample_048,aKG,akg,direct,5,5,M+5,0.31668778546275528
condition0,theta0_sample_048,Succinate,succinate,direct,4,0,M+0,0.047597014029411661
condition0,theta0_sample_048,Succinate,succinate,direct,4,1,M+1,0.082498822965034371
condition0,theta0_sample_048,Succinate,succinate,direct,4,2,M+2,0.28173291206622886
condition0,theta0_sample_048,Succinate,succinate,direct,4,3,M+3,0.19864965085479325
condition0,theta0_sample_048,Succinate,succinate,direct,4,4,M+4,0.38952160008453257
condition0,theta0_sample_048,Fumarate,fumarate,direct,4,0,M+0,0.047597014029411668
condition0,theta0_sample_048,Fumarate,fumarate,direct,4,1,M+1,0.082498822965034371
condition0,theta0_sample_048,Fumarate,fumarate,direct,4,2,M+2,0.28173291206622886
condition0,theta0_sample_048,Fumarate,fumarate,direct,4,3,M+3,0.19864965085479325
condition0,theta0_sample_048,Fumarate,fumarate,direct,4,4,M+4,0.38952160008453257
condition0,theta0_sample_048,Malate,malate,direct,4,0,M+0,0.050222575160048785
condition0,theta0_sample_048,Malate,malate,direct,4,1,M+1,0.07739962454993031
condition0,theta0_sample_048,Malate,malate,direct,4,2,M+2,0.29028221737345894
condition0,theta0_sample_048,Malate,malate,direct,4,3,M+3,0.18634639096309666
condition0,theta0_sample_048,Malate,malate,direct,4,4,M+4,0.39574919195346597
condition0,theta0_sample_048,Glutamine,glutamine,direct,5,0,M+0,0.022233396396371671
condition0,theta0_sample_048,Glutamine,glutamine,direct,5,1,M+1,0.061179249685165575
condition0,theta0_sample_048,Glutamine,glutamine,direct,5,2,M+2,0.13212358902454618
condition0,theta0_sample_048,Glutamine,glutamine,direct,5,3,M+3,0.27996927277267969
condition0,theta0_sample_048,Glutamine,glutamine,direct,5,4,M+4,0.18780670665848248
condition0,theta0_sample_048,Glutamine,glutamine,direct,5,5,M+5,0.31668778546275533
condition0,theta0_sample_048,Aspartate,aspartate,reporter,4,0,M+0,0.05657644285401725
condition0,theta0_sample_048,Aspartate,aspartate,reporter,4,1,M+1,0.10439443261060473
condition0,theta0_sample_048,Aspartate,aspartate,reporter,4,2,M+2,0.2323341645960787
condition0,theta0_sample_048,Aspartate,aspartate,reporter,4,3,M+3,0.19584260155996003
condition0,theta0_sample_048,Aspartate,aspartate,reporter,4,4,M+4,0.41085235837933992
condition0,theta0_sample_048,Glycine,glycine,reporter,2,0,M+0,0.26047178379219788
condition0,theta0_sample_048,Glycine,glycine,reporter,2,1,M+1,0.079056432415604255
condition0,theta0_sample_048,Glycine,glycine,reporter,2,2,M+2,0.66047178379219795
condition0,theta0_sample_048,Serine,serine,reporter,3,0,M+0,0.26047178379219788
condition0,theta0_sample_048,Serine,serine,reporter,3,1,M+1,0.039528216207802121
condition0,theta0_sample_048,Serine,serine,reporter,3,2,M+2,0.039528216207802128
condition0,theta0_sample_048,Serine,serine,reporter,3,3,M+3,0.66047178379219795
condition0,theta0_sample_049,Pyruvate,pyruvate,direct,3,0,M+0,0.24847773813896348
condition0,theta0_sample_049,Pyruvate,pyruvate,direct,3,1,M+1,0.049972886297960435
condition0,theta0_sample_049,Pyruvate,pyruvate,direct,3,2,M+2,0.054621012987188799
condition0,theta0_sample_049,Pyruvate,pyruvate,direct,3,3,M+3,0.64692836257588726
condition0,theta0_sample_049,Alanine,alanine,reporter,3,0,M+0,0.24847773813896348
condition0,theta0_sample_049,Alanine,alanine,reporter,3,1,M+1,0.049972886297960435
condition0,theta0_sample_049,Alanine,alanine,reporter,3,2,M+2,0.054621012987188799
condition0,theta0_sample_049,Alanine,alanine,reporter,3,3,M+3,0.64692836257588726
condition0,theta0_sample_049,Lactate,lactate,reporter,3,0,M+0,0.24847773813896348
condition0,theta0_sample_049,Lactate,lactate,reporter,3,1,M+1,0.049972886297960435
condition0,theta0_sample_049,Lactate,lactate,reporter,3,2,M+2,0.054621012987188799
condition0,theta0_sample_049,Lactate,lactate,reporter,3,3,M+3,0.64692836257588726
condition0,theta0_sample_049,Citrate,citrate,reporter,6,0,M+0,0.01658875008831702
condition0,theta0_sample_049,Citrate,citrate,reporter,6,1,M+1,0.032999116028521243
condition0,theta0_sample_049,Citrate,citrate,reporter,6,2,M+2,0.10573537352552452
condition0,theta0_sample_049,Citrate,citrate,reporter,6,3,M+3,0.13818203634457016
condition0,theta0_sample_049,Citrate,citrate,reporter,6,4,M+4,0.27581308478045036
condition0,theta0_sample_049,Citrate,citrate,reporter,6,5,M+5,0.14635814663078117
condition0,theta0_sample_049,Citrate,citrate,reporter,6,6,M+6,0.2843234926018347
condition0,theta0_sample_049,aKG,akg,direct,5,0,M+0,0.022179578212594499
condition0,theta0_sample_049,aKG,akg,direct,5,1,M+1,0.061112357752599412
condition0,theta0_sample_049,aKG,akg,direct,5,2,M+2,0.13214639406494183
condition0,theta0_sample_049,aKG,akg,direct,5,3,M+3,0.27997045272061533
condition0,theta0_sample_049,aKG,akg,direct,5,4,M+4,0.18827259029057256
condition0,theta0_sample_049,aKG,akg,direct,5,5,M+5,0.31631862695867546
condition0,theta0_sample_049,Succinate,succinate,direct,4,0,M+0,0.048110913956595218
condition0,theta0_sample_049,Succinate,succinate,direct,4,1,M+1,0.080971499453969475
condition0,theta0_sample_049,Succinate,succinate,direct,4,2,M+2,0.28411194336577061
condition0,theta0_sample_049,Succinate,succinate,direct,4,3,M+3,0.19641795908016865
condition0,theta0_sample_049,Succinate,succinate,direct,4,4,M+4,0.39038768414349523
condition0,theta0_sample_049,Fumarate,fumarate,direct,4,0,M+0,0.048110913956595218
condition0,theta0_sample_049,Fumarate,fumarate,direct,4,1,M+1,0.080971499453969475
condition0,theta0_sample_049,Fumarate,fumarate,direct,4,2,M+2,0.28411194336577061
condition0,theta0_sample_049,Fumarate,fumarate,direct,4,3,M+3,0.19641795908016865
condition0,theta0_sample_049,Fumarate,fumarate,direct,4,4,M+4,0.39038768414349523
condition0,theta0_sample_049,Malate,malate,direct,4,0,M+0,0.049710145059770235
condition0,theta0_sample_049,Malate,malate,direct,4,1,M+1,0.077888890615306752
condition0,theta0_sample_049,Malate,malate,direct,4,2,M+2,0.28928824255277091
condition0,theta0_sample_049,Malate,malate,direct,4,3,M+3,0.18891626280945617
condition0,theta0_sample_049,Malate,malate,direct,4,4,M+4,0.39419645896269512
condition0,theta0_sample_049,Glutamine,glutamine,direct,5,0,M+0,0.022179578212594499
condition0,theta0_sample_049,Glutamine,glutamine,direct,5,1,M+1,0.061112357752599412
condition0,theta0_sample_049,Glutamine,glutamine,direct,5,2,M+2,0.13214639406494183
condition0,theta0_sample_049,Glutamine,glutamine,direct,5,3,M+3,0.27997045272061533
condition0,theta0_sample_049,Glutamine,glutamine,direct,5,4,M+4,0.18827259029057256
condition0,theta0_sample_049,Glutamine,glutamine,direct,5,5,M+5,0.31631862695867546
condition0,theta0_sample_049,Aspartate,aspartate,reporter,4,0,M+0,0.057298736313936158
condition0,theta0_sample_049,Aspartate,aspartate,reporter,4,1,M+1,0.10983041895763455
condition0,theta0_sample_049,Aspartate,aspartate,reporter,4,2,M+2,0.22079680458996201
condition0,theta0_sample_049,Aspartate,aspartate,reporter,4,3,M+3,0.19972018869142708
condition0,theta0_sample_049,Aspartate,aspartate,reporter,4,4,M+4,0.41235385144703951
condition0,theta0_sample_049,Glycine,glycine,reporter,2,0,M+0,0.25803060429322705
condition0,theta0_sample_049,Glycine,glycine,reporter,2,1,M+1,0.083938791413545849
condition0,theta0_sample_049,Glycine,glycine,reporter,2,2,M+2,0.65803060429322691
condition0,theta0_sample_049,Serine,serine,reporter,3,0,M+0,0.25803060429322705
condition0,theta0_sample_049,Serine,serine,reporter,3,1,M+1,0.041969395706772925
condition0,theta0_sample_049,Serine,serine,reporter,3,2,M+2,0.041969395706772925
condition0,theta0_sample_049,Serine,serine,reporter,3,3,M+3,0.65803060429322691
condition0,theta0_sample_050,Pyruvate,pyruvate,direct,3,0,M+0,0.25669402052665485
condition0,theta0_sample_050,Pyruvate,pyruvate,direct,3,1,M+1,0.041780120558985084
condition0,theta0_sample_050,Pyruvate,pyruvate,direct,3,2,M+2,0.04635769730206532
condition0,theta0_sample_050,Pyruvate,pyruvate,direct,3,3,M+3,0.65516816161229474
condition0,theta0_sample_050,Alanine,alanine,reporter,3,0,M+0,0.25669402052665485
condition0,theta0_sample_050,Alanine,alanine,reporter,3,1,M+1,0.041780120558985084
condition0,theta0_sample_050,Alanine,alanine,reporter,3,2,M+2,0.04635769730206532
condition0,theta0_sample_050,Alanine,alanine,reporter,3,3,M+3,0.65516816161229474
condition0,theta0_sample_050,Lactate,lactate,reporter,3,0,M+0,0.25669402052665485
condition0,theta0_sample_050,Lactate,lactate,reporter,3,1,M+1,0.041780120558985084
condition0,theta0_sample_050,Lactate,lactate,reporter,3,2,M+2,0.04635769730206532
condition0,theta0_sample_050,Lactate,lactate,reporter,3,3,M+3,0.65516816161229474
condition0,theta0_sample_050,Citrate,citrate,reporter,6,0,M+0,0.017990306839851464
condition0,theta0_sample_050,Citrate,citrate,reporter,6,1,M+1,0.037375166600230103
condition0,theta0_sample_050,Citrate,citrate,reporter,6,2,M+2,0.1000666086519781
condition0,theta0_sample_050,Citrate,citrate,reporter,6,3,M+3,0.14798759032164105
condition0,theta0_sample_050,Citrate,citrate,reporter,6,4,M+4,0.25649318614827532
condition0,theta0_sample_050,Citrate,citrate,reporter,6,5,M+5,0.14796674809035487
condition0,theta0_sample_050,Citrate,citrate,reporter,6,6,M+6,0.29212039334766909
condition0,theta0_sample_050,aKG,akg,direct,5,0,M+0,0.022433722781482132
condition0,theta0_sample_050,aKG,akg,direct,5,1,M+1,0.061194631728022177
condition0,theta0_sample_050,aKG,akg,direct,5,2,M+2,0.13180509375888533
condition0,theta0_sample_050,aKG,akg,direct,5,3,M+3,0.28076953219127354
condition0,theta0_sample_050,aKG,akg,direct,5,4,M+4,0.18609851352129803
condition0,theta0_sample_050,aKG,akg,direct,5,5,M+5,0.31769850601903882
condition0,theta0_sample_050,Succinate,succinate,direct,4,0,M+0,0.050555056362859632
condition0,theta0_sample_050,Succinate,succinate,direct,4,1,M+1,0.075997630810870256
condition0,theta0_sample_050,Succinate,succinate,direct,4,2,M+2,0.29237319649407956
condition0,theta0_sample_050,Succinate,succinate,direct,4,3,M+3,0.18504048912779206
condition0,theta0_sample_050,Succinate,succinate,direct,4,4,M+4,0.39603362720439872
condition0,theta0_sample_050,Fumarate,fumarate,direct,4,0,M+0,0.050555056362859632
condition0,theta0_sample_050,Fumarate,fumarate,direct,4,1,M+1,0.075997630810870256
condition0,theta0_sample_050,Fumarate,fumarate,direct,4,2,M+2,0.29237319649407961
condition0,theta0_sample_050,Fumarate,fumarate,direct,4,3,M+3,0.18504048912779206
condition0,theta0_sample_050,Fumarate,fumarate,direct,4,4,M+4,0.39603362720439872
condition0,theta0_sample_050,Malate,malate,direct,4,0,M+0,0.050554551638756495
condition0,theta0_sample_050,Malate,malate,direct,4,1,M+1,0.075998599671082648
condition0,theta0_sample_050,Malate,malate,direct,4,2,M+2,0.29237156819772764
condition0,theta0_sample_050,Malate,malate,direct,4,3,M+3,0.18504285803627135
condition0,theta0_sample_050,Malate,malate,direct,4,4,M+4,0.3960324224561621
condition0,theta0_sample_050,Glutamine,glutamine,direct,5,0,M+0,0.022433722781482136
condition0,theta0_sample_050,Glutamine,glutamine,direct,5,1,M+1,0.061194631728022184
condition0,theta0_sample_050,Glutamine,glutamine,direct,5,2,M+2,0.13180509375888533
condition0,theta0_sample_050,Glutamine,glutamine,direct,5,3,M+3,0.28076953219127354
condition0,theta0_sample_050,Glutamine,glutamine,direct,5,4,M+4,0.18609851352129803
condition0,theta0_sample_050,Glutamine,glutamine,direct,5,5,M+5,0.31769850601903882
condition0,theta0_sample_050,Aspartate,aspartate,reporter,4,0,M+0,0.062378876289325036
condition0,theta0_sample_050,Aspartate,aspartate,reporter,4,1,M+1,0.12457689792999689
condition0,theta0_sample_050,Aspartate,aspartate,reporter,4,2,M+2,0.18805409598836112
condition0,theta0_sample_050,Aspartate,aspartate,reporter,4,3,M+3,0.20064560907598722
condition0,theta0_sample_050,Aspartate,aspartate,reporter,4,4,M+4,0.42434452071632978
condition0,theta0_sample_050,Glycine,glycine,reporter,2,0,M+0,0.26764811833480801
condition0,theta0_sample_050,Glycine,glycine,reporter,2,1,M+1,0.064703763330384065
condition0,theta0_sample_050,Glycine,glycine,reporter,2,2,M+2,0.66764811833480786
condition0,theta0_sample_050,Serine,serine,reporter,3,0,M+0,0.26764811833480801
condition0,theta0_sample_050,Serine,serine,reporter,3,1,M+1,0.032351881665192032
condition0,theta0_sample_050,Serine,serine,reporter,3,2,M+2,0.032351881665192032
condition0,theta0_sample_050,Serine,serine,reporter,3,3,M+3,0.66764811833480786
condition0,theta0_sample_051,Pyruvate,pyruvate,direct,3,0,M+0,0.26079111822521106
condition0,theta0_sample_051,Pyruvate,pyruvate,direct,3,1,M+1,0.038543363295179038
condition0,theta0_sample_051,Pyruvate,pyruvate,direct,3,2,M+2,0.040539918734008883
condition0,theta0_sample_051,Pyruvate,pyruvate,direct,3,3,M+3,0.66012559974560114
condition0,theta0_sample_051,Alanine,alanine,reporter,3,0,M+0,0.26079111822521106
condition0,theta0_sample_051,Alanine,alanine,reporter,3,1,M+1,0.038543363295179038
condition0,theta0_sample_051,Alanine,alanine,reporter,3,2,M+2,0.040539918734008883
condition0,theta0_sample_051,Alanine,alanine,reporter,3,3,M+3,0.66012559974560114
condition0,theta0_sample_051,Lactate,lactate,reporter,3,0,M+0,0.26079111822521106
condition0,theta0_sample_051,Lactate,lactate,reporter,3,1,M+1,0.038543363295179038
condition0,theta0_sample_051,Lactate,lactate,reporter,3,2,M+2,0.040539918734008883
condition0,theta0_sample_051,Lactate,lactate,reporter,3,3,M+3,0.66012559974560114
condition0,theta0_sample_051,Citrate,citrate,reporter,6,0,M+0,0.017441551069211626
condition0,theta0_sample_051,Citrate,citrate,reporter,6,1,M+1,0.036023638726306803
condition0,theta0_sample_051,Citrate,citrate,reporter,6,2,M+2,0.10121022577580585
condition0,theta0_sample_051,Citrate,citrate,reporter,6,3,M+3,0.14556215445402426
condition0,theta0_sample_051,Citrate,citrate,reporter,6,4,M+4,0.26402000283308891
condition0,theta0_sample_051,Citrate,citrate,reporter,6,5,M+5,0.14566512782172247
condition0,theta0_sample_051,Citrate,citrate,reporter,6,6,M+6,0.29007729931984017
condition0,theta0_sample_051,aKG,akg,direct,5,0,M+0,0.022576285708912302
condition0,theta0_sample_051,aKG,akg,direct,5,1,M+1,0.061394549572761963
condition0,theta0_sample_051,aKG,akg,direct,5,2,M+2,0.13176740672457482
condition0,theta0_sample_051,aKG,akg,direct,5,3,M+3,0.2806881387502983
condition0,theta0_sample_051,aKG,akg,direct,5,4,M+4,0.18486187549006994
condition0,theta0_sample_051,aKG,akg,direct,5,5,M+5,0.31871174375338279
condition0,theta0_sample_051,Succinate,succinate,direct,4,0,M+0,0.048455722231642469
condition0,theta0_sample_051,Succinate,succinate,direct,4,1,M+1,0.081772767299573959
condition0,theta0_sample_051,Succinate,succinate,direct,4,2,M+2,0.28327345842166302
condition0,theta0_sample_051,Succinate,succinate,direct,4,3,M+3,0.19431189233138219
condition0,theta0_sample_051,Succinate,succinate,direct,4,4,M+4,0.39218615971573834
condition0,theta0_sample_051,Fumarate,fumarate,direct,4,0,M+0,0.048455722231642469
condition0,theta0_sample_051,Fumarate,fumarate,direct,4,1,M+1,0.081772767299573945
condition0,theta0_sample_051,Fumarate,fumarate,direct,4,2,M+2,0.28327345842166302
condition0,theta0_sample_051,Fumarate,fumarate,direct,4,3,M+3,0.19431189233138216
condition0,theta0_sample_051,Fumarate,fumarate,direct,4,4,M+4,0.39218615971573834
condition0,theta0_sample_051,Malate,malate,direct,4,0,M+0,0.048687620317625031
condition0,theta0_sample_051,Malate,malate,direct,4,1,M+1,0.081316581988707753
condition0,theta0_sample_051,Malate,malate,direct,4,2,M+2,0.28403630422680626
condition0,theta0_sample_051,Malate,malate,direct,4,3,M+3,0.19322716430976375
condition0,theta0_sample_051,Malate,malate,direct,4,4,M+4,0.39273232915709683
condition0,theta0_sample_051,Glutamine,glutamine,direct,5,0,M+0,0.022576285708912305
condition0,theta0_sample_051,Glutamine,glutamine,direct,5,1,M+1,0.061394549572761963
condition0,theta0_sample_051,Glutamine,glutamine,direct,5,2,M+2,0.13176740672457485
condition0,theta0_sample_051,Glutamine,glutamine,direct,5,3,M+3,0.28068813875029835
condition0,theta0_sample_051,Glutamine,glutamine,direct,5,4,M+4,0.18486187549006994
condition0,theta0_sample_051,Glutamine,glutamine,direct,5,5,M+5,0.31871174375338279
condition0,theta0_sample_051,Aspartate,aspartate,reporter,4,0,M+0,0.059092552135103012
condition0,theta0_sample_051,Aspartate,aspartate,reporter,4,1,M+1,0.12010987109244926
condition0,theta0_sample_051,Aspartate,aspartate,reporter,4,2,M+2,0.1997860445950341
condition0,theta0_sample_051,Aspartate,aspartate,reporter,4,3,M+3,0.20372808899217187
condition0,theta0_sample_051,Aspartate,aspartate,reporter,4,4,M+4,0.41728344318524169
condition0,theta0_sample_051,Glycine,glycine,reporter,2,0,M+0,0.2653342125632478
condition0,theta0_sample_051,Glycine,glycine,reporter,2,1,M+1,0.069331574873504512
condition0,theta0_sample_051,Glycine,glycine,reporter,2,2,M+2,0.66533421256324787
condition0,theta0_sample_051,Serine,serine,reporter,3,0,M+0,0.2653342125632478
condition0,theta0_sample_051,Serine,serine,reporter,3,1,M+1,0.034665787436752256
condition0,theta0_sample_051,Serine,serine,reporter,3,2,M+2,0.034665787436752249
condition0,theta0_sample_051,Serine,serine,reporter,3,3,M+3,0.66533421256324787
condition0,theta0_sample_052,Pyruvate,pyruvate,direct,3,0,M+0,0.25622354296374178
condition0,theta0_sample_052,Pyruvate,pyruvate,direct,3,1,M+1,0.041760344195419019
condition0,theta0_sample_052,Pyruvate,pyruvate,direct,3,2,M+2,0.04780868271793659
condition0,theta0_sample_052,Pyruvate,pyruvate,direct,3,3,M+3,0.65420743012290239
condition0,theta0_sample_052,Alanine,alanine,reporter,3,0,M+0,0.25622354296374178
condition0,theta0_sample_052,Alanine,alanine,reporter,3,1,M+1,0.041760344195419019
condition0,theta0_sample_052,Alanine,alanine,reporter,3,2,M+2,0.04780868271793659
condition0,theta0_sample_052,Alanine,alanine,reporter,3,3,M+3,0.65420743012290239
condition0,theta0_sample_052,Lactate,lactate,reporter,3,0,M+0,0.25622354296374178
condition0,theta0_sample_052,Lactate,lactate,reporter,3,1,M+1,0.041760344195419019
condition0,theta0_sample_052,Lactate,lactate,reporter,3,2,M+2,0.04780868271793659
condition0,theta0_sample_052,Lactate,lactate,reporter,3,3,M+3,0.65420743012290239
condition0,theta0_sample_052,Citrate,citrate,reporter,6,0,M+0,0.017225315614306545
condition0,theta0_sample_052,Citrate,citrate,reporter,6,1,M+1,0.035888228127750901
condition0,theta0_sample_052,Citrate,citrate,reporter,6,2,M+2,0.10157566623377742
condition0,theta0_sample_052,Citrate,citrate,reporter,6,3,M+3,0.1454787379782041
condition0,theta0_sample_052,Citrate,citrate,reporter,6,4,M+4,0.26197164687668278
condition0,theta0_sample_052,Citrate,citrate,reporter,6,5,M+5,0.15052479305231858
condition0,theta0_sample_052,Citrate,citrate,reporter,6,6,M+6,0.28733561211695957
condition0,theta0_sample_052,aKG,akg,direct,5,0,M+0,0.022005821558143335
condition0,theta0_sample_052,aKG,akg,direct,5,1,M+1,0.060970086470463765
condition0,theta0_sample_052,aKG,akg,direct,5,2,M+2,0.13229371720689159
condition0,theta0_sample_052,aKG,akg,direct,5,3,M+3,0.27972042360864274
condition0,theta0_sample_052,aKG,akg,direct,5,4,M+4,0.18976854748946831
condition0,theta0_sample_052,aKG,akg,direct,5,5,M+5,0.31524140366639042
condition0,theta0_sample_052,Succinate,succinate,direct,4,0,M+0,0.04916840150508224
condition0,theta0_sample_052,Succinate,succinate,direct,4,1,M+1,0.078081991551005273
condition0,theta0_sample_052,Succinate,succinate,direct,4,2,M+2,0.28866961226871451
condition0,theta0_sample_052,Succinate,succinate,direct,4,3,M+3,0.19174119478922644
condition0,theta0_sample_052,Succinate,succinate,direct,4,4,M+4,0.3923387998859717
condition0,theta0_sample_052,Fumarate,fumarate,direct,4,0,M+0,0.04916840150508224
condition0,theta0_sample_052,Fumarate,fumarate,direct,4,1,M+1,0.078081991551005273
condition0,theta0_sample_052,Fumarate,fumarate,direct,4,2,M+2,0.28866961226871451
condition0,theta0_sample_052,Fumarate,fumarate,direct,4,3,M+3,0.19174119478922644
condition0,theta0_sample_052,Fumarate,fumarate,direct,4,4,M+4,0.39233879988597165
condition0,theta0_sample_052,Malate,malate,direct,4,0,M+0,0.049504726321371054
condition0,theta0_sample_052,Malate,malate,direct,4,1,M+1,0.077442216212084206
condition0,theta0_sample_052,Malate,malate,direct,4,2,M+2,0.28974686259813509
condition0,theta0_sample_052,Malate,malate,direct,4,3,M+3,0.19016072088199312
condition0,theta0_sample_052,Malate,malate,direct,4,4,M+4,0.39314547398641658
condition0,theta0_sample_052,Glutamine,glutamine,direct,5,0,M+0,0.022005821558143335
condition0,theta0_sample_052,Glutamine,glutamine,direct,5,1,M+1,0.060970086470463779
condition0,theta0_sample_052,Glutamine,glutamine,direct,5,2,M+2,0.13229371720689159
condition0,theta0_sample_052,Glutamine,glutamine,direct,5,3,M+3,0.27972042360864274
condition0,theta0_sample_052,Glutamine,glutamine,direct,5,4,M+4,0.18976854748946831
condition0,theta0_sample_052,Glutamine,glutamine,direct,5,5,M+5,0.31524140366639042
condition0,theta0_sample_052,Aspartate,aspartate,reporter,4,0,M+0,0.06022388533466777
condition0,theta0_sample_052,Aspartate,aspartate,reporter,4,1,M+1,0.11958733457726488
condition0,theta0_sample_052,Aspartate,aspartate,reporter,4,2,M+2,0.19899723073730294
condition0,theta0_sample_052,Aspartate,aspartate,reporter,4,3,M+3,0.20234799345492857
condition0,theta0_sample_052,Aspartate,aspartate,reporter,4,4,M+4,0.41884355589583594
condition0,theta0_sample_052,Glycine,glycine,reporter,2,0,M+0,0.26969719056985042
condition0,theta0_sample_052,Glycine,glycine,reporter,2,1,M+1,0.060605618860299068
condition0,theta0_sample_052,Glycine,glycine,reporter,2,2,M+2,0.66969719056985033
condition0,theta0_sample_052,Serine,serine,reporter,3,0,M+0,0.26969719056985042
condition0,theta0_sample_052,Serine,serine,reporter,3,1,M+1,0.030302809430149534
condition0,theta0_sample_052,Serine,serine,reporter,3,2,M+2,0.030302809430149534
condition0,theta0_sample_052,Serine,serine,reporter,3,3,M+3,0.66969719056985033
condition0,theta0_sample_053,Pyruvate,pyruvate,direct,3,0,M+0,0.26161518039125203
condition0,theta0_sample_053,Pyruvate,pyruvate,direct,3,1,M+1,0.0375857024265163
condition0,theta0_sample_053,Pyruvate,pyruvate,direct,3,2,M+2,0.039983053973211211
condition0,theta0_sample_053,Pyruvate,pyruvate,direct,3,3,M+3,0.6608160632090202
condition0,theta0_sample_053,Alanine,alanine,reporter,3,0,M+0,0.26161518039125203
condition0,theta0_sample_053,Alanine,alanine,reporter,3,1,M+1,0.0375857024265163
condition0,theta0_sample_053,Alanine,alanine,reporter,3,2,M+2,0.039983053973211211
condition0,theta0_sample_053,Alanine,alanine,reporter,3,3,M+3,0.6608160632090202
condition0,theta0_sample_053,Lactate,lactate,reporter,3,0,M+0,0.26161518039125203
condition0,theta0_sample_053,Lactate,lactate,reporter,3,1,M+1,0.0375857024265163
condition0,theta0_sample_053,Lactate,lactate,reporter,3,2,M+2,0.039983053973211211
condition0,theta0_sample_053,Lactate,lactate,reporter,3,3,M+3,0.6608160632090202
condition0,theta0_sample_053,Citrate,citrate,reporter,6,0,M+0,0.017368145017781431
condition0,theta0_sample_053,Citrate,citrate,reporter,6,1,M+1,0.035925640197446214
condition0,theta0_sample_053,Citrate,citrate,reporter,6,2,M+2,0.10130102168070926
condition0,theta0_sample_053,Citrate,citrate,reporter,6,3,M+3,0.14546064596168728
condition0,theta0_sample_053,Citrate,citrate,reporter,6,4,M+4,0.26411517955838143
condition0,theta0_sample_053,Citrate,citrate,reporter,6,5,M+5,0.14634654518141621
condition0,theta0_sample_053,Citrate,citrate,reporter,6,6,M+6,0.28948282240257667
condition0,theta0_sample_053,aKG,akg,direct,5,0,M+0,0.022469756880996849
condition0,theta0_sample_053,aKG,akg,direct,5,1,M+1,0.061333209744435721
condition0,theta0_sample_053,aKG,akg,direct,5,2,M+2,0.13188361494277412
condition0,theta0_sample_053,aKG,akg,direct,5,3,M+3,0.28044568648452234
condition0,theta0_sample_053,aKG,akg,direct,5,4,M+4,0.18577615881990386
condition0,theta0_sample_053,aKG,akg,direct,5,5,M+5,0.31809157312736558
condition0,theta0_sample_053,Succinate,succinate,direct,4,0,M+0,0.048329929538104929
condition0,theta0_sample_053,Succinate,succinate,direct,4,1,M+1,0.081780283956732328
condition0,theta0_sample_053,Succinate,succinate,direct,4,2,M+2,0.28317957441642638
condition0,theta0_sample_053,Succinate,succinate,direct,4,3,M+3,0.19498028114452909
condition0,theta0_sample_053,Succinate,succinate,direct,4,4,M+4,0.39172993094420583
condition0,theta0_sample_053,Fumarate,fumarate,direct,4,0,M+0,0.048329929538104929
condition0,theta0_sample_053,Fumarate,fumarate,direct,4,1,M+1,0.081780283956732328
condition0,theta0_sample_053,Fumarate,fumarate,direct,4,2,M+2,0.28317957441642638
condition0,theta0_sample_053,Fumarate,fumarate,direct,4,3,M+3,0.19498028114452909
condition0,theta0_sample_053,Fumarate,fumarate,direct,4,4,M+4,0.39172993094420583
condition0,theta0_sample_053,Malate,malate,direct,4,0,M+0,0.048635158639220827
condition0,theta0_sample_053,Malate,malate,direct,4,1,M+1,0.081181744529385438
condition0,theta0_sample_053,Malate,malate,direct,4,2,M+2,0.28418111305363286
condition0,theta0_sample_053,Malate,malate,direct,4,3,M+3,0.19355190574769326
condition0,theta0_sample_053,Malate,malate,direct,4,4,M+4,0.39245007803006615
condition0,theta0_sample_053,Glutamine,glutamine,direct,5,0,M+0,0.022469756880996845
condition0,theta0_sample_053,Glutamine,glutamine,direct,5,1,M+1,0.061333209744435714
condition0,theta0_sample_053,Glutamine,glutamine,direct,5,2,M+2,0.13188361494277412
condition0,theta0_sample_053,Glutamine,glutamine,direct,5,3,M+3,0.28044568648452234
condition0,theta0_sample_053,Glutamine,glutamine,direct,5,4,M+4,0.18577615881990386
condition0,theta0_sample_053,Glutamine,glutamine,direct,5,5,M+5,0.31809157312736558
condition0,theta0_sample_053,Aspartate,aspartate,reporter,4,0,M+0,0.059024153522562246
condition0,theta0_sample_053,Aspartate,aspartate,reporter,4,1,M+1,0.11978540003614412
condition0,theta0_sample_053,Aspartate,aspartate,reporter,4,2,M+2,0.20032582681359115
condition0,theta0_sample_053,Aspartate,aspartate,reporter,4,3,M+3,0.20389553217413517
condition0,theta0_sample_053,Aspartate,aspartate,reporter,4,4,M+4,0.41696908745356615
condition0,theta0_sample_053,Glycine,glycine,reporter,2,0,M+0,0.26705843513077082
condition0,theta0_sample_053,Glycine,glycine,reporter,2,1,M+1,0.06588312973845821
condition0,theta0_sample_053,Glycine,glycine,reporter,2,2,M+2,0.66705843513077068
condition0,theta0_sample_053,Serine,serine,reporter,3,0,M+0,0.26705843513077082
condition0,theta0_sample_053,Serine,serine,reporter,3,1,M+1,0.032941564869229112
condition0,theta0_sample_053,Serine,serine,reporter,3,2,M+2,0.032941564869229105
condition0,theta0_sample_053,Serine,serine,reporter,3,3,M+3,0.66705843513077068
condition0,theta0_sample_054,Pyruvate,pyruvate,direct,3,0,M+0,0.25902234226796861
condition0,theta0_sample_054,Pyruvate,pyruvate,direct,3,1,M+1,0.040401925093062084
condition0,theta0_sample_054,Pyruvate,pyruvate,direct,3,2,M+2,0.04212912300996971
condition0,theta0_sample_054,Pyruvate,pyruvate,direct,3,3,M+3,0.65844660962899937
condition0,theta0_sample_054,Alanine,alanine,reporter,3,0,M+0,0.25902234226796861
condition0,theta0_sample_054,Alanine,alanine,reporter,3,1,M+1,0.040401925093062084
condition0,theta0_sample_054,Alanine,alanine,reporter,3,2,M+2,0.04212912300996971
condition0,theta0_sample_054,Alanine,alanine,reporter,3,3,M+3,0.65844660962899937
condition0,theta0_sample_054,Lactate,lactate,reporter,3,0,M+0,0.25902234226796861
condition0,theta0_sample_054,Lactate,lactate,reporter,3,1,M+1,0.040401925093062084
condition0,theta0_sample_054,Lactate,lactate,reporter,3,2,M+2,0.04212912300996971
condition0,theta0_sample_054,Lactate,lactate,reporter,3,3,M+3,0.65844660962899937
condition0,theta0_sample_054,Citrate,citrate,reporter,6,0,M+0,0.017821923831675249
condition0,theta0_sample_054,Citrate,citrate,reporter,6,1,M+1,0.036695249473619046
condition0,theta0_sample_054,Citrate,citrate,reporter,6,2,M+2,0.10054482749640846
condition0,theta0_sample_054,Citrate,citrate,reporter,6,3,M+3,0.1466934696203753
condition0,theta0_sample_054,Citrate,citrate,reporter,6,4,M+4,0.26136297175639311
condition0,theta0_sample_054,Citrate,citrate,reporter,6,5,M+5,0.14460654728230718
condition0,theta0_sample_054,Citrate,citrate,reporter,6,6,M+6,0.29227501053922161
condition0,theta0_sample_054,aKG,akg,direct,5,0,M+0,0.022759835736756003
condition0,theta0_sample_054,aKG,akg,direct,5,1,M+1,0.06147200780081135
condition0,theta0_sample_054,aKG,akg,direct,5,2,M+2,0.13153894823955131
condition0,theta0_sample_054,aKG,akg,direct,5,3,M+3,0.28120312534264758
condition0,theta0_sample_054,aKG,akg,direct,5,4,M+4,0.18328969470902529
condition0,theta0_sample_054,aKG,akg,direct,5,5,M+5,0.31973638817120831
condition0,theta0_sample_054,Succinate,succinate,direct,4,0,M+0,0.049462459925949262
condition0,theta0_sample_054,Succinate,succinate,direct,4,1,M+1,0.079905780514852753
condition0,theta0_sample_054,Succinate,succinate,direct,4,2,M+2,0.28643393259749589
condition0,theta0_sample_054,Succinate,succinate,direct,4,3,M+3,0.18956495355665301
condition0,theta0_sample_054,Succinate,succinate,direct,4,4,M+4,0.39463287340504921
condition0,theta0_sample_054,Fumarate,fumarate,direct,4,0,M+0,0.049462459925949255
condition0,theta0_sample_054,Fumarate,fumarate,direct,4,1,M+1,0.079905780514852753
condition0,theta0_sample_054,Fumarate,fumarate,direct,4,2,M+2,0.28643393259749589
condition0,theta0_sample_054,Fumarate,fumarate,direct,4,3,M+3,0.18956495355665301
condition0,theta0_sample_054,Fumarate,fumarate,direct,4,4,M+4,0.39463287340504916
condition0,theta0_sample_054,Malate,malate,direct,4,0,M+0,0.049465947524891175
condition0,theta0_sample_054,Malate,malate,direct,4,1,M+1,0.079898909307766205
condition0,theta0_sample_054,Malate,malate,direct,4,2,M+2,0.2864454192729059
condition0,theta0_sample_054,Malate,malate,direct,4,3,M+3,0.18954864343132499
condition0,theta0_sample_054,Malate,malate,direct,4,4,M+4,0.3946410804631118
condition0,theta0_sample_054,Glutamine,glutamine,direct,5,0,M+0,0.022759835736756003
condition0,theta0_sample_054,Glutamine,glutamine,direct,5,1,M+1,0.061472007800811357
condition0,theta0_sample_054,Glutamine,glutamine,direct,5,2,M+2,0.13153894823955131
condition0,theta0_sample_054,Glutamine,glutamine,direct,5,3,M+3,0.28120312534264763
condition0,theta0_sample_054,Glutamine,glutamine,direct,5,4,M+4,0.18328969470902531
condition0,theta0_sample_054,Glutamine,glutamine,direct,5,5,M+5,0.31973638817120831
condition0,theta0_sample_054,Aspartate,aspartate,reporter,4,0,M+0,0.060292082301744626
condition0,theta0_sample_054,Aspartate,aspartate,reporter,4,1,M+1,0.12234333991331524
condition0,theta0_sample_054,Aspartate,aspartate,reporter,4,2,M+2,0.19461807897181319
condition0,theta0_sample_054,Aspartate,aspartate,reporter,4,3,M+3,0.20256549310944941
condition0,theta0_sample_054,Aspartate,aspartate,reporter,4,4,M+4,0.42018100570367756
condition0,theta0_sample_054,Glycine,glycine,reporter,2,0,M+0,0.26308639663558092
condition0,theta0_sample_054,Glycine,glycine,reporter,2,1,M+1,0.073827206728838107
condition0,theta0_sample_054,Glycine,glycine,reporter,2,2,M+2,0.663086396635581
condition0,theta0_sample_054,Serine,serine,reporter,3,0,M+0,0.26308639663558092
condition0,theta0_sample_054,Serine,serine,reporter,3,1,M+1,0.036913603364419054
condition0,theta0_sample_054,Serine,serine,reporter,3,2,M+2,0.036913603364419061
condition0,theta0_sample_054,Serine,serine,reporter,3,3,M+3,0.663086396635581
condition0,theta0_sample_055,Pyruvate,pyruvate,direct,3,0,M+0,0.25802032431531025
condition0,theta0_sample_055,Pyruvate,pyruvate,direct,3,1,M+1,0.041527723631723704
condition0,theta0_sample_055,Pyruvate,pyruvate,direct,3,2,M+2,0.042883579790622191
condition0,theta0_sample_055,Pyruvate,pyruvate,direct,3,3,M+3,0.6575683722623441
condition0,theta0_sample_055,Alanine,alanine,reporter,3,0,M+0,0.25802032431531025
condition0,theta0_sample_055,Alanine,alanine,reporter,3,1,M+1,0.041527723631723704
condition0,theta0_sample_055,Alanine,alanine,reporter,3,2,M+2,0.042883579790622191
condition0,theta0_sample_055,Alanine,alanine,reporter,3,3,M+3,0.6575683722623441
condition0,theta0_sample_055,Lactate,lactate,reporter,3,0,M+0,0.25802032431531025
condition0,theta0_sample_055,Lactate,lactate,reporter,3,1,M+1,0.041527723631723704
condition0,theta0_sample_055,Lactate,lactate,reporter,3,2,M+2,0.042883579790622191
condition0,theta0_sample_055,Lactate,lactate,reporter,3,3,M+3,0.6575683722623441
condition0,theta0_sample_055,Citrate,citrate,reporter,6,0,M+0,0.016813424696250582
condition0,theta0_sample_055,Citrate,citrate,reporter,6,1,M+1,0.033900365385410518
condition0,theta0_sample_055,Citrate,citrate,reporter,6,2,M+2,0.10424332525573721
condition0,theta0_sample_055,Citrate,citrate,reporter,6,3,M+3,0.14031248063121723
condition0,theta0_sample_055,Citrate,citrate,reporter,6,4,M+4,0.27388902218527167
condition0,theta0_sample_055,Citrate,citrate,reporter,6,5,M+5,0.14392883760830172
condition0,theta0_sample_055,Citrate,citrate,reporter,6,6,M+6,0.28691254423781204
condition0,theta0_sample_055,aKG,akg,direct,5,0,M+0,0.022569546383177683
condition0,theta0_sample_055,aKG,akg,direct,5,1,M+1,0.06143568127780797
condition0,theta0_sample_055,aKG,akg,direct,5,2,M+2,0.1318197706391786
condition0,theta0_sample_055,aKG,akg,direct,5,3,M+3,0.28051775834182596
condition0,theta0_sample_055,aKG,akg,direct,5,4,M+4,0.18491471437169321
condition0,theta0_sample_055,aKG,akg,direct,5,5,M+5,0.31874252898631744
condition0,theta0_sample_055,Succinate,succinate,direct,4,0,M+0,0.047216110273445092
condition0,theta0_sample_055,Succinate,succinate,direct,4,1,M+1,0.084685225565501662
condition0,theta0_sample_055,Succinate,succinate,direct,4,2,M+2,0.27856377276162797
condition0,theta0_sample_055,Succinate,succinate,direct,4,3,M+3,0.19995233668645918
condition0,theta0_sample_055,Succinate,succinate,direct,4,4,M+4,0.38958255471296666
condition0,theta0_sample_055,Fumarate,fumarate,direct,4,0,M+0,0.047216110273445092
condition0,theta0_sample_055,Fumarate,fumarate,direct,4,1,M+1,0.084685225565501662
condition0,theta0_sample_055,Fumarate,fumarate,direct,4,2,M+2,0.27856377276162797
condition0,theta0_sample_055,Fumarate,fumarate,direct,4,3,M+3,0.19995233668645918
condition0,theta0_sample_055,Fumarate,fumarate,direct,4,4,M+4,0.38958255471296666
condition0,theta0_sample_055,Malate,malate,direct,4,0,M+0,0.048485354197257087
condition0,theta0_sample_055,Malate,malate,direct,4,1,M+1,0.082173507569226159
condition0,theta0_sample_055,Malate,malate,direct,4,2,M+2,0.28275889270587007
condition0,theta0_sample_055,Malate,malate,direct,4,3,M+3,0.1940202750915537
condition0,theta0_sample_055,Malate,malate,direct,4,4,M+4,0.39256197043609364
condition0,theta0_sample_055,Glutamine,glutamine,direct,5,0,M+0,0.022569546383177687
condition0,theta0_sample_055,Glutamine,glutamine,direct,5,1,M+1,0.061435681277807977
condition0,theta0_sample_055,Glutamine,glutamine,direct,5,2,M+2,0.1318197706391786
condition0,theta0_sample_055,Glutamine,glutamine,direct,5,3,M+3,0.28051775834182596
condition0,theta0_sample_055,Glutamine,glutamine,direct,5,4,M+4,0.18491471437169324
condition0,theta0_sample_055,Glutamine,glutamine,direct,5,5,M+5,0.31874252898631744
condition0,theta0_sample_055,Aspartate,aspartate,reporter,4,0,M+0,0.056635773916245552
condition0,theta0_sample_055,Aspartate,aspartate,reporter,4,1,M+1,0.11299836716335317
condition0,theta0_sample_055,Aspartate,aspartate,reporter,4,2,M+2,0.21581235715997427
condition0,theta0_sample_055,Aspartate,aspartate,reporter,4,3,M+3,0.20283708852501051
condition0,theta0_sample_055,Aspartate,aspartate,reporter,4,4,M+4,0.41171641323541719
condition0,theta0_sample_055,Glycine,glycine,reporter,2,0,M+0,0.26090715780674223
condition0,theta0_sample_055,Glycine,glycine,reporter,2,1,M+1,0.078185684386515755
condition0,theta0_sample_055,Glycine,glycine,reporter,2,2,M+2,0.66090715780674236
condition0,theta0_sample_055,Serine,serine,reporter,3,0,M+0,0.26090715780674223
condition0,theta0_sample_055,Serine,serine,reporter,3,1,M+1,0.039092842193257878
condition0,theta0_sample_055,Serine,serine,reporter,3,2,M+2,0.039092842193257878
condition0,theta0_sample_055,Serine,serine,reporter,3,3,M+3,0.66090715780674236
condition0,theta0_sample_056,Pyruvate,pyruvate,direct,3,0,M+0,0.26199234462466586
condition0,theta0_sample_056,Pyruvate,pyruvate,direct,3,1,M+1,0.036563154051298979
condition0,theta0_sample_056,Pyruvate,pyruvate,direct,3,2,M+2,0.040896658023404683
condition0,theta0_sample_056,Pyruvate,pyruvate,direct,3,3,M+3,0.66054784330063065
condition0,theta0_sample_056,Alanine,alanine,reporter,3,0,M+0,0.26199234462466586
condition0,theta0_sample_056,Alanine,alanine,reporter,3,1,M+1,0.036563154051298979
condition0,theta0_sample_056,Alanine,alanine,reporter,3,2,M+2,0.040896658023404683
condition0,theta0_sample_056,Alanine,alanine,reporter,3,3,M+3,0.66054784330063065
condition0,theta0_sample_056,Lactate,lactate,reporter,3,0,M+0,0.26199234462466586
condition0,theta0_sample_056,Lactate,lactate,reporter,3,1,M+1,0.036563154051298979
condition0,theta0_sample_056,Lactate,lactate,reporter,3,2,M+2,0.040896658023404683
condition0,theta0_sample_056,Lactate,lactate,reporter,3,3,M+3,0.66054784330063065
condition0,theta0_sample_056,Citrate,citrate,reporter,6,0,M+0,0.0177298814056293
condition0,theta0_sample_056,Citrate,citrate,reporter,6,1,M+1,0.036912124684253013
condition0,theta0_sample_056,Citrate,citrate,reporter,6,2,M+2,0.10036048865601027
condition0,theta0_sample_056,Citrate,citrate,reporter,6,3,M+3,0.14738852540893699
condition0,theta0_sample_056,Citrate,citrate,reporter,6,4,M+4,0.25860786152699922
condition0,theta0_sample_056,Citrate,citrate,reporter,6,5,M+5,0.14823683424010875
condition0,theta0_sample_056,Citrate,citrate,reporter,6,6,M+6,0.29076428407806276
condition0,theta0_sample_056,aKG,akg,direct,5,0,M+0,0.022295235990797978
condition0,theta0_sample_056,aKG,akg,direct,5,1,M+1,0.061157890368528568
condition0,theta0_sample_056,aKG,akg,direct,5,2,M+2,0.13199916371719858
condition0,theta0_sample_056,aKG,akg,direct,5,3,M+3,0.28030623461735571
condition0,theta0_sample_056,aKG,akg,direct,5,4,M+4,0.18728229818558806
condition0,theta0_sample_056,aKG,akg,direct,5,5,M+5,0.31695917712053079
condition0,theta0_sample_056,Succinate,succinate,direct,4,0,M+0,0.049305823087769464
condition0,theta0_sample_056,Succinate,succinate,direct,4,1,M+1,0.078651283108061618
condition0,theta0_sample_056,Succinate,succinate,direct,4,2,M+2,0.28800217124776417
condition0,theta0_sample_056,Succinate,succinate,direct,4,3,M+3,0.19081851582920892
condition0,theta0_sample_056,Succinate,succinate,direct,4,4,M+4,0.39322220672719599
condition0,theta0_sample_056,Fumarate,fumarate,direct,4,0,M+0,0.049305823087769471
condition0,theta0_sample_056,Fumarate,fumarate,direct,4,1,M+1,0.078651283108061618
condition0,theta0_sample_056,Fumarate,fumarate,direct,4,2,M+2,0.28800217124776423
condition0,theta0_sample_056,Fumarate,fumarate,direct,4,3,M+3,0.19081851582920895
condition0,theta0_sample_056,Fumarate,fumarate,direct,4,4,M+4,0.39322220672719599
condition0,theta0_sample_056,Malate,malate,direct,4,0,M+0,0.049393195450088898
condition0,theta0_sample_056,Malate,malate,direct,4,1,M+1,0.07848291087826445
condition0,theta0_sample_056,Malate,malate,direct,4,2,M+2,0.28828491579570664
condition0,theta0_sample_056,Malate,malate,direct,4,3,M+3,0.19040865397343765
condition0,theta0_sample_056,Malate,malate,direct,4,4,M+4,0.39343032390250238
condition0,theta0_sample_056,Glutamine,glutamine,direct,5,0,M+0,0.022295235990797975
condition0,theta0_sample_056,Glutamine,glutamine,direct,5,1,M+1,0.061157890368528554
condition0,theta0_sample_056,Glutamine,glutamine,direct,5,2,M+2,0.13199916371719855
condition0,theta0_sample_056,Glutamine,glutamine,direct,5,3,M+3,0.2803062346173556
condition0,theta0_sample_056,Glutamine,glutamine,direct,5,4,M+4,0.187282298185588
condition0,theta0_sample_056,Glutamine,glutamine,direct,5,5,M+5,0.31695917712053079
condition0,theta0_sample_056,Aspartate,aspartate,reporter,4,0,M+0,0.06125481667700438
condition0,theta0_sample_056,Aspartate,aspartate,reporter,4,1,M+1,0.12305977189072236
condition0,theta0_sample_056,Aspartate,aspartate,reporter,4,2,M+2,0.19185293218389884
condition0,theta0_sample_056,Aspartate,aspartate,reporter,4,3,M+3,0.20209555325201764
condition0,theta0_sample_056,Aspartate,aspartate,reporter,4,4,M+4,0.42173692599635693
condition0,theta0_sample_056,Glycine,glycine,reporter,2,0,M+0,0.27223549288082799
condition0,theta0_sample_056,Glycine,glycine,reporter,2,1,M+1,0.055529014238343929
condition0,theta0_sample_056,Glycine,glycine,reporter,2,2,M+2,0.67223549288082807
condition0,theta0_sample_056,Serine,serine,reporter,3,0,M+0,0.27223549288082799
condition0,theta0_sample_056,Serine,serine,reporter,3,1,M+1,0.027764507119171965
condition0,theta0_sample_056,Serine,serine,reporter,3,2,M+2,0.027764507119171965
condition0,theta0_sample_056,Serine,serine,reporter,3,3,M+3,0.67223549288082807
condition0,theta0_sample_057,Pyruvate,pyruvate,direct,3,0,M+0,0.2644544272983152
condition0,theta0_sample_057,Pyruvate,pyruvate,direct,3,1,M+1,0.034913180483269274
condition0,theta0_sample_057,Pyruvate,pyruvate,direct,3,2,M+2,0.036810357138515742
condition0,theta0_sample_057,Pyruvate,pyruvate,direct,3,3,M+3,0.66382203507989967
condition0,theta0_sample_057,Alanine,alanine,reporter,3,0,M+0,0.2644544272983152
condition0,theta0_sample_057,Alanine,alanine,reporter,3,1,M+1,0.034913180483269274
condition0,theta0_sample_057,Alanine,alanine,reporter,3,2,M+2,0.036810357138515742
condition0,theta0_sample_057,Alanine,alanine,reporter,3,3,M+3,0.66382203507989967
condition0,theta0_sample_057,Lactate,lactate,reporter,3,0,M+0,0.2644544272983152
condition0,theta0_sample_057,Lactate,lactate,reporter,3,1,M+1,0.034913180483269274
condition0,theta0_sample_057,Lactate,lactate,reporter,3,2,M+2,0.036810357138515742
condition0,theta0_sample_057,Lactate,lactate,reporter,3,3,M+3,0.66382203507989967
condition0,theta0_sample_057,Citrate,citrate,reporter,6,0,M+0,0.017636163536990972
condition0,theta0_sample_057,Citrate,citrate,reporter,6,1,M+1,0.036598034679716687
condition0,theta0_sample_057,Citrate,citrate,reporter,6,2,M+2,0.10041352888737859
condition0,theta0_sample_057,Citrate,citrate,reporter,6,3,M+3,0.14691028884325549
condition0,theta0_sample_057,Citrate,citrate,reporter,6,4,M+4,0.26154130374740947
condition0,theta0_sample_057,Citrate,citrate,reporter,6,5,M+5,0.1457252558053703
condition0,theta0_sample_057,Citrate,citrate,reporter,6,6,M+6,0.29117542449987793
condition0,theta0_sample_057,aKG,akg,direct,5,0,M+0,0.022558041717388184
condition0,theta0_sample_057,aKG,akg,direct,5,1,M+1,0.061391784444525116
condition0,theta0_sample_057,aKG,akg,direct,5,2,M+2,0.13179504824887811
condition0,theta0_sample_057,aKG,akg,direct,5,3,M+3,0.28061995719106686
condition0,theta0_sample_057,aKG,akg,direct,5,4,M+4,0.18501759450619035
condition0,theta0_sample_057,aKG,akg,direct,5,5,M+5,0.318617573891951
condition0,theta0_sample_057,Succinate,succinate,direct,4,0,M+0,0.048506307242951886
condition0,theta0_sample_057,Succinate,succinate,direct,4,1,M+1,0.081715400608659811
condition0,theta0_sample_057,Succinate,succinate,direct,4,2,M+2,0.28338367068375486
condition0,theta0_sample_057,Succinate,succinate,direct,4,3,M+3,0.19406122783470336
condition0,theta0_sample_057,Succinate,succinate,direct,4,4,M+4,0.39233339362992986
condition0,theta0_sample_057,Fumarate,fumarate,direct,4,0,M+0,0.048506307242951879
condition0,theta0_sample_057,Fumarate,fumarate,direct,4,1,M+1,0.081715400608659797
condition0,theta0_sample_057,Fumarate,fumarate,direct,4,2,M+2,0.28338367068375486
condition0,theta0_sample_057,Fumarate,fumarate,direct,4,3,M+3,0.19406122783470336
condition0,theta0_sample_057,Fumarate,fumarate,direct,4,4,M+4,0.39233339362992986
condition0,theta0_sample_057,Malate,malate,direct,4,0,M+0,0.048574364745939368
condition0,theta0_sample_057,Malate,malate,direct,4,1,M+1,0.08158144504644485
condition0,theta0_sample_057,Malate,malate,direct,4,2,M+2,0.28360764976869979
condition0,theta0_sample_057,Malate,malate,direct,4,3,M+3,0.19374290633950841
condition0,theta0_sample_057,Malate,malate,direct,4,4,M+4,0.39249363409940724
condition0,theta0_sample_057,Glutamine,glutamine,direct,5,0,M+0,0.022558041717388181
condition0,theta0_sample_057,Glutamine,glutamine,direct,5,1,M+1,0.061391784444525116
condition0,theta0_sample_057,Glutamine,glutamine,direct,5,2,M+2,0.13179504824887811
condition0,theta0_sample_057,Glutamine,glutamine,direct,5,3,M+3,0.2806199571910668
condition0,theta0_sample_057,Glutamine,glutamine,direct,5,4,M+4,0.18501759450619035
condition0,theta0_sample_057,Glutamine,glutamine,direct,5,5,M+5,0.318617573891951
condition0,theta0_sample_057,Aspartate,aspartate,reporter,4,0,M+0,0.059719861917408072
condition0,theta0_sample_057,Aspartate,aspartate,reporter,4,1,M+1,0.12203396339063886
condition0,theta0_sample_057,Aspartate,aspartate,reporter,4,2,M+2,0.19554020711478506
condition0,theta0_sample_057,Aspartate,aspartate,reporter,4,3,M+3,0.20393824792888063
condition0,theta0_sample_057,Aspartate,aspartate,reporter,4,4,M+4,0.41876771964828685
condition0,theta0_sample_057,Glycine,glycine,reporter,2,0,M+0,0.26892045847853374
condition0,theta0_sample_057,Glycine,glycine,reporter,2,1,M+1,0.062159083042932335
condition0,theta0_sample_057,Glycine,glycine,reporter,2,2,M+2,0.66892045847853365
condition0,theta0_sample_057,Serine,serine,reporter,3,0,M+0,0.26892045847853374
condition0,theta0_sample_057,Serine,serine,reporter,3,1,M+1,0.031079541521466168
condition0,theta0_sample_057,Serine,serine,reporter,3,2,M+2,0.031079541521466168
condition0,theta0_sample_057,Serine,serine,reporter,3,3,M+3,0.66892045847853365
condition0,theta0_sample_058,Pyruvate,pyruvate,direct,3,0,M+0,0.25934358737064706
condition0,theta0_sample_058,Pyruvate,pyruvate,direct,3,1,M+1,0.040148189340628984
condition0,theta0_sample_058,Pyruvate,pyruvate,direct,3,2,M+2,0.041672859206800909
condition0,theta0_sample_058,Pyruvate,pyruvate,direct,3,3,M+3,0.658835364081923
condition0,theta0_sample_058,Alanine,alanine,reporter,3,0,M+0,0.25934358737064706
condition0,theta0_sample_058,Alanine,alanine,reporter,3,1,M+1,0.040148189340628984
condition0,theta0_sample_058,Alanine,alanine,reporter,3,2,M+2,0.041672859206800909
condition0,theta0_sample_058,Alanine,alanine,reporter,3,3,M+3,0.658835364081923
condition0,theta0_sample_058,Lactate,lactate,reporter,3,0,M+0,0.25934358737064706
condition0,theta0_sample_058,Lactate,lactate,reporter,3,1,M+1,0.040148189340628984
condition0,theta0_sample_058,Lactate,lactate,reporter,3,2,M+2,0.041672859206800909
condition0,theta0_sample_058,Lactate,lactate,reporter,3,3,M+3,0.658835364081923
condition0,theta0_sample_058,Citrate,citrate,reporter,6,0,M+0,0.017406148177914142
condition0,theta0_sample_058,Citrate,citrate,reporter,6,1,M+1,0.036076222891854637
condition0,theta0_sample_058,Citrate,citrate,reporter,6,2,M+2,0.1009985484425297
condition0,theta0_sample_058,Citrate,citrate,reporter,6,3,M+3,0.14584041706671647
condition0,theta0_sample_058,Citrate,citrate,reporter,6,4,M+4,0.26407410512588414
condition0,theta0_sample_058,Citrate,citrate,reporter,6,5,M+5,0.14551834125120383
condition0,theta0_sample_058,Citrate,citrate,reporter,6,6,M+6,0.2900862170438962
condition0,theta0_sample_058,aKG,akg,direct,5,0,M+0,0.022626852266281181
condition0,theta0_sample_058,aKG,akg,direct,5,1,M+1,0.061440550230380246
condition0,theta0_sample_058,aKG,akg,direct,5,2,M+2,0.13172912978657822
condition0,theta0_sample_058,aKG,akg,direct,5,3,M+3,0.28074506811840605
condition0,theta0_sample_058,aKG,akg,direct,5,4,M+4,0.18442601215052523
condition0,theta0_sample_058,aKG,akg,direct,5,5,M+5,0.3190323874478283
condition0,theta0_sample_058,Succinate,succinate,direct,4,0,M+0,0.048337479800924794
condition0,theta0_sample_058,Succinate,succinate,direct,4,1,M+1,0.082303399102604979
condition0,theta0_sample_058,Succinate,succinate,direct,4,2,M+2,0.28248712106380958
condition0,theta0_sample_058,Succinate,succinate,direct,4,3,M+3,0.19476564136086572
condition0,theta0_sample_058,Succinate,succinate,direct,4,4,M+4,0.39210635867179416
condition0,theta0_sample_058,Fumarate,fumarate,direct,4,0,M+0,0.048337479800924794
condition0,theta0_sample_058,Fumarate,fumarate,direct,4,1,M+1,0.082303399102604979
condition0,theta0_sample_058,Fumarate,fumarate,direct,4,2,M+2,0.28248712106380958
condition0,theta0_sample_058,Fumarate,fumarate,direct,4,3,M+3,0.19476564136086572
condition0,theta0_sample_058,Fumarate,fumarate,direct,4,4,M+4,0.39210635867179416
condition0,theta0_sample_058,Malate,malate,direct,4,0,M+0,0.048492737460762436
condition0,theta0_sample_058,Malate,malate,direct,4,1,M+1,0.08199679614603754
condition0,theta0_sample_058,Malate,malate,direct,4,2,M+2,0.28299943011245787
condition0,theta0_sample_058,Malate,malate,direct,4,3,M+3,0.19403980149392069
condition0,theta0_sample_058,Malate,malate,direct,4,4,M+4,0.39247123478682056
condition0,theta0_sample_058,Glutamine,glutamine,direct,5,0,M+0,0.022626852266281184
condition0,theta0_sample_058,Glutamine,glutamine,direct,5,1,M+1,0.061440550230380246
condition0,theta0_sample_058,Glutamine,glutamine,direct,5,2,M+2,0.13172912978657825
condition0,theta0_sample_058,Glutamine,glutamine,direct,5,3,M+3,0.2807450681184061
condition0,theta0_sample_058,Glutamine,glutamine,direct,5,4,M+4,0.18442601215052526
condition0,theta0_sample_058,Glutamine,glutamine,direct,5,5,M+5,0.31903238744782836
condition0,theta0_sample_058,Aspartate,aspartate,reporter,4,0,M+0,0.058751527873996942
condition0,theta0_sample_058,Aspartate,aspartate,reporter,4,1,M+1,0.12028873801418445
condition0,theta0_sample_058,Aspartate,aspartate,reporter,4,2,M+2,0.19979855951125308
condition0,theta0_sample_058,Aspartate,aspartate,reporter,4,3,M+3,0.20453055543895177
condition0,theta0_sample_058,Aspartate,aspartate,reporter,4,4,M+4,0.41663061916161304
condition0,theta0_sample_058,Glycine,glycine,reporter,2,0,M+0,0.26279628468742949
condition0,theta0_sample_058,Glycine,glycine,reporter,2,1,M+1,0.074407430625141033
condition0,theta0_sample_058,Glycine,glycine,reporter,2,2,M+2,0.66279628468742946
condition0,theta0_sample_058,Serine,serine,reporter,3,0,M+0,0.26279628468742949
condition0,theta0_sample_058,Serine,serine,reporter,3,1,M+1,0.037203715312570516
condition0,theta0_sample_058,Serine,serine,reporter,3,2,M+2,0.037203715312570523
condition0,theta0_sample_058,Serine,serine,reporter,3,3,M+3,0.66279628468742946
condition0,theta0_sample_059,Pyruvate,pyruvate,direct,3,0,M+0,0.25370439627006047
condition0,theta0_sample_059,Pyruvate,pyruvate,direct,3,1,M+1,0.045357288291650713
condition0,theta0_sample_059,Pyruvate,pyruvate,direct,3,2,M+2,0.048172234606517282
condition0,theta0_sample_059,Pyruvate,pyruvate,direct,3,3,M+3,0.65276608083177168
condition0,theta0_sample_059,Alanine,alanine,reporter,3,0,M+0,0.25370439627006047
condition0,theta0_sample_059,Alanine,alanine,reporter,3,1,M+1,0.045357288291650713
condition0,theta0_sample_059,Alanine,alanine,reporter,3,2,M+2,0.048172234606517282
condition0,theta0_sample_059,Alanine,alanine,reporter,3,3,M+3,0.65276608083177168
condition0,theta0_sample_059,Lactate,lactate,reporter,3,0,M+0,0.25370439627006047
condition0,theta0_sample_059,Lactate,lactate,reporter,3,1,M+1,0.045357288291650713
condition0,theta0_sample_059,Lactate,lactate,reporter,3,2,M+2,0.048172234606517282
condition0,theta0_sample_059,Lactate,lactate,reporter,3,3,M+3,0.65276608083177168
condition0,theta0_sample_059,Citrate,citrate,reporter,6,0,M+0,0.016887919529531104
condition0,theta0_sample_059,Citrate,citrate,reporter,6,1,M+1,0.034080094987672449
condition0,theta0_sample_059,Citrate,citrate,reporter,6,2,M+2,0.10409516891105358
condition0,theta0_sample_059,Citrate,citrate,reporter,6,3,M+3,0.14075869555395723
condition0,theta0_sample_059,Citrate,citrate,reporter,6,4,M+4,0.27215510111419194
condition0,theta0_sample_059,Citrate,citrate,reporter,6,5,M+5,0.14530504334998068
condition0,theta0_sample_059,Citrate,citrate,reporter,6,6,M+6,0.28671797655361264
condition0,theta0_sample_059,aKG,akg,direct,5,0,M+0,0.0224666426956113
condition0,theta0_sample_059,aKG,akg,direct,5,1,M+1,0.061314141461054801
condition0,theta0_sample_059,aKG,akg,direct,5,2,M+2,0.13186973696836929
condition0,theta0_sample_059,aKG,akg,direct,5,3,M+3,0.28049810200434078
condition0,theta0_sample_059,aKG,akg,direct,5,4,M+4,0.18580480576393463
condition0,theta0_sample_059,aKG,akg,direct,5,5,M+5,0.31804657110668899
condition0,theta0_sample_059,Succinate,succinate,direct,4,0,M+0,0.047993560359628248
condition0,theta0_sample_059,Succinate,succinate,direct,4,1,M+1,0.08224029948734525
condition0,theta0_sample_059,Succinate,succinate,direct,4,2,M+2,0.28234197425662511
condition0,theta0_sample_059,Succinate,succinate,direct,4,3,M+3,0.19662091158620079
condition0,theta0_sample_059,Succinate,succinate,direct,4,4,M+4,0.39080325431020035
condition0,theta0_sample_059,Fumarate,fumarate,direct,4,0,M+0,0.047993560359628248
condition0,theta0_sample_059,Fumarate,fumarate,direct,4,1,M+1,0.08224029948734525
condition0,theta0_sample_059,Fumarate,fumarate,direct,4,2,M+2,0.28234197425662511
condition0,theta0_sample_059,Fumarate,fumarate,direct,4,3,M+3,0.19662091158620079
condition0,theta0_sample_059,Fumarate,fumarate,direct,4,4,M+4,0.39080325431020035
condition0,theta0_sample_059,Malate,malate,direct,4,0,M+0,0.049086050581249235
condition0,theta0_sample_059,Malate,malate,direct,4,1,M+1,0.080103661746569174
condition0,theta0_sample_059,Malate,malate,direct,4,2,M+2,0.28591915139207386
condition0,theta0_sample_059,Malate,malate,direct,4,3,M+3,0.19150650965114752
condition0,theta0_sample_059,Malate,malate,direct,4,4,M+4,0.3933846266289599
condition0,theta0_sample_059,Glutamine,glutamine,direct,5,0,M+0,0.022466642695611296
condition0,theta0_sample_059,Glutamine,glutamine,direct,5,1,M+1,0.061314141461054801
condition0,theta0_sample_059,Glutamine,glutamine,direct,5,2,M+2,0.13186973696836929
condition0,theta0_sample_059,Glutamine,glutamine,direct,5,3,M+3,0.28049810200434078
condition0,theta0_sample_059,Glutamine,glutamine,direct,5,4,M+4,0.18580480576393463
condition0,theta0_sample_059,Glutamine,glutamine,direct,5,5,M+5,0.31804657110668899
condition0,theta0_sample_059,Aspartate,aspartate,reporter,4,0,M+0,0.057538549425477196
condition0,theta0_sample_059,Aspartate,aspartate,reporter,4,1,M+1,0.11356764281197192
condition0,theta0_sample_059,Aspartate,aspartate,reporter,4,2,M+2,0.21368154454931151
condition0,theta0_sample_059,Aspartate,aspartate,reporter,4,3,M+3,0.2017797847635521
condition0,theta0_sample_059,Aspartate,aspartate,reporter,4,4,M+4,0.41343247844968695
condition0,theta0_sample_059,Glycine,glycine,reporter,2,0,M+0,0.25965435068002746
condition0,theta0_sample_059,Glycine,glycine,reporter,2,1,M+1,0.08069129863994505
condition0,theta0_sample_059,Glycine,glycine,reporter,2,2,M+2,0.65965435068002742
condition0,theta0_sample_059,Serine,serine,reporter,3,0,M+0,0.25965435068002746
condition0,theta0_sample_059,Serine,serine,reporter,3,1,M+1,0.040345649319972525
condition0,theta0_sample_059,Serine,serine,reporter,3,2,M+2,0.040345649319972525
condition0,theta0_sample_059,Serine,serine,reporter,3,3,M+3,0.65965435068002742
condition0,theta0_sample_060,Pyruvate,pyruvate,direct,3,0,M+0,0.2621681384123899
condition0,theta0_sample_060,Pyruvate,pyruvate,direct,3,1,M+1,0.03705140279583452
condition0,theta0_sample_060,Pyruvate,pyruvate,direct,3,2,M+2,0.039392779171161039
condition0,theta0_sample_060,Pyruvate,pyruvate,direct,3,3,M+3,0.66138767962061429
condition0,theta0_sample_060,Alanine,alanine,reporter,3,0,M+0,0.2621681384123899
condition0,theta0_sample_060,Alanine,alanine,reporter,3,1,M+1,0.03705140279583452
condition0,theta0_sample_060,Alanine,alanine,reporter,3,2,M+2,0.039392779171161039
condition0,theta0_sample_060,Alanine,alanine,reporter,3,3,M+3,0.66138767962061429
condition0,theta0_sample_060,Lactate,lactate,reporter,3,0,M+0,0.2621681384123899
condition0,theta0_sample_060,Lactate,lactate,reporter,3,1,M+1,0.03705140279583452
condition0,theta0_sample_060,Lactate,lactate,reporter,3,2,M+2,0.039392779171161039
condition0,theta0_sample_060,Lactate,lactate,reporter,3,3,M+3,0.66138767962061429
condition0,theta0_sample_060,Citrate,citrate,reporter,6,0,M+0,0.017202006177228925
condition0,theta0_sample_060,Citrate,citrate,reporter,6,1,M+1,0.034912011766689253
condition0,theta0_sample_060,Citrate,citrate,reporter,6,2,M+2,0.1029939257746096
condition0,theta0_sample_060,Citrate,citrate,reporter,6,3,M+3,0.14258603818474566
condition0,theta0_sample_060,Citrate,citrate,reporter,6,4,M+4,0.26882512267039604
condition0,theta0_sample_060,Citrate,citrate,reporter,6,5,M+5,0.14484384110971191
condition0,theta0_sample_060,Citrate,citrate,reporter,6,6,M+6,0.2886370543166179
condition0,theta0_sample_060,aKG,akg,direct,5,0,M+0,0.022522463244708402
condition0,theta0_sample_060,aKG,akg,direct,5,1,M+1,0.061359359743056965
condition0,theta0_sample_060,aKG,akg,direct,5,2,M+2,0.13182192100187629
condition0,theta0_sample_060,aKG,akg,direct,5,3,M+3,0.28058010433470987
condition0,theta0_sample_060,aKG,akg,direct,5,4,M+4,0.18532427312918129
condition0,theta0_sample_060,aKG,akg,direct,5,5,M+5,0.31839187854646683
condition0,theta0_sample_060,Succinate,succinate,direct,4,0,M+0,0.048045807290302618
condition0,theta0_sample_060,Succinate,succinate,direct,4,1,M+1,0.0824098825528298
condition0,theta0_sample_060,Succinate,succinate,direct,4,2,M+2,0.28215069478976196
condition0,theta0_sample_060,Succinate,succinate,direct,4,3,M+3,0.19628573360077595
condition0,theta0_sample_060,Succinate,succinate,direct,4,4,M+4,0.39110788176632927
condition0,theta0_sample_060,Fumarate,fumarate,direct,4,0,M+0,0.048045807290302618
condition0,theta0_sample_060,Fumarate,fumarate,direct,4,1,M+1,0.0824098825528298
condition0,theta0_sample_060,Fumarate,fumarate,direct,4,2,M+2,0.28215069478976196
condition0,theta0_sample_060,Fumarate,fumarate,direct,4,3,M+3,0.19628573360077595
condition0,theta0_sample_060,Fumarate,fumarate,direct,4,4,M+4,0.39110788176632932
condition0,theta0_sample_060,Malate,malate,direct,4,0,M+0,0.048829838795008365
condition0,theta0_sample_060,Malate,malate,direct,4,1,M+1,0.080870964091950021
condition0,theta0_sample_060,Malate,malate,direct,4,2,M+2,0.2847252737407388
condition0,theta0_sample_060,Malate,malate,direct,4,3,M+3,0.19261720506263852
condition0,theta0_sample_060,Malate,malate,direct,4,4,M+4,0.39295671830966383
condition0,theta0_sample_060,Glutamine,glutamine,direct,5,0,M+0,0.022522463244708409
condition0,theta0_sample_060,Glutamine,glutamine,direct,5,1,M+1,0.061359359743056986
condition0,theta0_sample_060,Glutamine,glutamine,direct,5,2,M+2,0.13182192100187631
condition0,theta0_sample_060,Glutamine,glutamine,direct,5,3,M+3,0.28058010433470998
condition0,theta0_sample_060,Glutamine,glutamine,direct,5,4,M+4,0.18532427312918134
condition0,theta0_sample_060,Glutamine,glutamine,direct,5,5,M+5,0.31839187854646694
condition0,theta0_sample_060,Aspartate,aspartate,reporter,4,0,M+0,0.058405761573674733
condition0,theta0_sample_060,Aspartate,aspartate,reporter,4,1,M+1,0.11636522894079653
condition0,theta0_sample_060,Aspartate,aspartate,reporter,4,2,M+2,0.20764090269886412
condition0,theta0_sample_060,Aspartate,aspartate,reporter,4,3,M+3,0.20199946148518297
condition0,theta0_sample_060,Aspartate,aspartate,reporter,4,4,M+4,0.41558864530148121
condition0,theta0_sample_060,Glycine,glycine,reporter,2,0,M+0,0.2673772485306139
condition0,theta0_sample_060,Glycine,glycine,reporter,2,1,M+1,0.065245502938772112
condition0,theta0_sample_060,Glycine,glycine,reporter,2,2,M+2,0.66737724853061353
condition0,theta0_sample_060,Serine,serine,reporter,3,0,M+0,0.2673772485306139
condition0,theta0_sample_060,Serine,serine,reporter,3,1,M+1,0.032622751469386056
condition0,theta0_sample_060,Serine,serine,reporter,3,2,M+2,0.032622751469386056
condition0,theta0_sample_060,Serine,serine,reporter,3,3,M+3,0.66737724853061353
condition0,theta0_sample_061,Pyruvate,pyruvate,direct,3,0,M+0,0.25007217740307741
condition0,theta0_sample_061,Pyruvate,pyruvate,direct,3,1,M+1,0.048975631787195134
condition0,theta0_sample_061,Pyruvate,pyruvate,direct,3,2,M+2,0.05183220421637743
condition0,theta0_sample_061,Pyruvate,pyruvate,direct,3,3,M+3,0.6491199865933498
condition0,theta0_sample_061,Alanine,alanine,reporter,3,0,M+0,0.25007217740307741
condition0,theta0_sample_061,Alanine,alanine,reporter,3,1,M+1,0.048975631787195134
condition0,theta0_sample_061,Alanine,alanine,reporter,3,2,M+2,0.05183220421637743
condition0,theta0_sample_061,Alanine,alanine,reporter,3,3,M+3,0.6491199865933498
condition0,theta0_sample_061,Lactate,lactate,reporter,3,0,M+0,0.25007217740307741
condition0,theta0_sample_061,Lactate,lactate,reporter,3,1,M+1,0.048975631787195134
condition0,theta0_sample_061,Lactate,lactate,reporter,3,2,M+2,0.05183220421637743
condition0,theta0_sample_061,Lactate,lactate,reporter,3,3,M+3,0.6491199865933498
condition0,theta0_sample_061,Citrate,citrate,reporter,6,0,M+0,0.016555538755850689
condition0,theta0_sample_061,Citrate,citrate,reporter,6,1,M+1,0.026107625938348682
condition0,theta0_sample_061,Citrate,citrate,reporter,6,2,M+2,0.11904476533672298
condition0,theta0_sample_061,Citrate,citrate,reporter,6,3,M+3,0.11570921039454336
condition0,theta0_sample_061,Citrate,citrate,reporter,6,4,M+4,0.30895712633514827
condition0,theta0_sample_061,Citrate,citrate,reporter,6,5,M+5,0.12890769257233181
condition0,theta0_sample_061,Citrate,citrate,reporter,6,6,M+6,0.28471804066705286
condition0,theta0_sample_061,aKG,akg,direct,5,0,M+0,0.02232118230444206
condition0,theta0_sample_061,aKG,akg,direct,5,1,M+1,0.061247334287969413
condition0,theta0_sample_061,aKG,akg,direct,5,2,M+2,0.13204536378056589
condition0,theta0_sample_061,aKG,akg,direct,5,3,M+3,0.28010866208258028
condition0,theta0_sample_061,aKG,akg,direct,5,4,M+4,0.18705133581905212
condition0,theta0_sample_061,aKG,akg,direct,5,5,M+5,0.31722612172538894
condition0,theta0_sample_061,Succinate,succinate,direct,4,0,M+0,0.048216355166946473
condition0,theta0_sample_061,Succinate,succinate,direct,4,1,M+1,0.08167551528462684
condition0,theta0_sample_061,Succinate,succinate,direct,4,2,M+2,0.28324354973179477
condition0,theta0_sample_061,Succinate,succinate,direct,4,3,M+3,0.1956209340147429
condition0,theta0_sample_061,Succinate,succinate,direct,4,4,M+4,0.39124364580188792
condition0,theta0_sample_061,Fumarate,fumarate,direct,4,0,M+0,0.048216355166946466
condition0,theta0_sample_061,Fumarate,fumarate,direct,4,1,M+1,0.081675515284626826
condition0,theta0_sample_061,Fumarate,fumarate,direct,4,2,M+2,0.28324354973179472
condition0,theta0_sample_061,Fumarate,fumarate,direct,4,3,M+3,0.1956209340147429
condition0,theta0_sample_061,Fumarate,fumarate,direct,4,4,M+4,0.39124364580188792
condition0,theta0_sample_061,Malate,malate,direct,4,0,M+0,0.053656742882201618
condition0,theta0_sample_061,Malate,malate,direct,4,1,M+1,0.071054058093123817
condition0,theta0_sample_061,Malate,malate,direct,4,2,M+2,0.30103241779730217
condition0,theta0_sample_061,Malate,malate,direct,4,3,M+3,0.17014601859721645
condition0,theta0_sample_061,Malate,malate,direct,4,4,M+4,0.40411076263015477
condition0,theta0_sample_061,Glutamine,glutamine,direct,5,0,M+0,0.02232118230444206
condition0,theta0_sample_061,Glutamine,glutamine,direct,5,1,M+1,0.061247334287969406
condition0,theta0_sample_061,Glutamine,glutamine,direct,5,2,M+2,0.13204536378056592
condition0,theta0_sample_061,Glutamine,glutamine,direct,5,3,M+3,0.28010866208258028
condition0,theta0_sample_061,Glutamine,glutamine,direct,5,4,M+4,0.18705133581905212
condition0,theta0_sample_061,Glutamine,glutamine,direct,5,5,M+5,0.31722612172538894
condition0,theta0_sample_061,Aspartate,aspartate,reporter,4,0,M+0,0.056500339725283587
condition0,theta0_sample_061,Aspartate,aspartate,reporter,4,1,M+1,0.086406359265695301
condition0,theta0_sample_061,Aspartate,aspartate,reporter,4,2,M+2,0.2685249509134307
condition0,theta0_sample_061,Aspartate,aspartate,reporter,4,3,M+3,0.17772966147491728
condition0,theta0_sample_061,Aspartate,aspartate,reporter,4,4,M+4,0.41083868862067208
condition0,theta0_sample_061,Glycine,glycine,reporter,2,0,M+0,0.25631705707282487
condition0,theta0_sample_061,Glycine,glycine,reporter,2,1,M+1,0.087365885854350164
condition0,theta0_sample_061,Glycine,glycine,reporter,2,2,M+2,0.65631705707282473
condition0,theta0_sample_061,Serine,serine,reporter,3,0,M+0,0.25631705707282487
condition0,theta0_sample_061,Serine,serine,reporter,3,1,M+1,0.043682942927175089
condition0,theta0_sample_061,Serine,serine,reporter,3,2,M+2,0.043682942927175082
condition0,theta0_sample_061,Serine,serine,reporter,3,3,M+3,0.65631705707282473
condition0,theta0_sample_062,Pyruvate,pyruvate,direct,3,0,M+0,0.26370599488600466
condition0,theta0_sample_062,Pyruvate,pyruvate,direct,3,1,M+1,0.034299418093058823
condition0,theta0_sample_062,Pyruvate,pyruvate,direct,3,2,M+2,0.040283179155868674
condition0,theta0_sample_062,Pyruvate,pyruvate,direct,3,3,M+3,0.6617114078650681
condition0,theta0_sample_062,Alanine,alanine,reporter,3,0,M+0,0.26370599488600466
condition0,theta0_sample_062,Alanine,alanine,reporter,3,1,M+1,0.034299418093058823
condition0,theta0_sample_062,Alanine,alanine,reporter,3,2,M+2,0.040283179155868674
condition0,theta0_sample_062,Alanine,alanine,reporter,3,3,M+3,0.6617114078650681
condition0,theta0_sample_062,Lactate,lactate,reporter,3,0,M+0,0.26370599488600466
condition0,theta0_sample_062,Lactate,lactate,reporter,3,1,M+1,0.034299418093058823
condition0,theta0_sample_062,Lactate,lactate,reporter,3,2,M+2,0.040283179155868674
condition0,theta0_sample_062,Lactate,lactate,reporter,3,3,M+3,0.6617114078650681
condition0,theta0_sample_062,Citrate,citrate,reporter,6,0,M+0,0.018093291723896669
condition0,theta0_sample_062,Citrate,citrate,reporter,6,1,M+1,0.037843354942287653
condition0,theta0_sample_062,Citrate,citrate,reporter,6,2,M+2,0.099678525059072695
condition0,theta0_sample_062,Citrate,citrate,reporter,6,3,M+3,0.14886937128603883
condition0,theta0_sample_062,Citrate,citrate,reporter,6,4,M+4,0.25365824360852146
condition0,theta0_sample_062,Citrate,citrate,reporter,6,5,M+5,0.14958477363373282
condition0,theta0_sample_062,Citrate,citrate,reporter,6,6,M+6,0.29227243974645045
condition0,theta0_sample_062,aKG,akg,direct,5,0,M+0,0.022158661475892672
condition0,theta0_sample_062,aKG,akg,direct,5,1,M+1,0.061022533243946894
condition0,theta0_sample_062,aKG,akg,direct,5,2,M+2,0.13209143078412583
condition0,theta0_sample_062,aKG,akg,direct,5,3,M+3,0.28019075844594832
condition0,theta0_sample_062,aKG,akg,direct,5,4,M+4,0.18846075040047605
condition0,theta0_sample_062,aKG,akg,direct,5,5,M+5,0.31607586564961082
condition0,theta0_sample_062,Succinate,succinate,direct,4,0,M+0,0.050119414277832404
condition0,theta0_sample_062,Succinate,succinate,direct,4,1,M+1,0.076090356705475384
condition0,theta0_sample_062,Succinate,succinate,direct,4,2,M+2,0.29195913391125461
condition0,theta0_sample_062,Succinate,succinate,direct,4,3,M+3,0.18733300494973565
condition0,theta0_sample_062,Succinate,succinate,direct,4,4,M+4,0.39449809015570236
condition0,theta0_sample_062,Fumarate,fumarate,direct,4,0,M+0,0.050119414277832411
condition0,theta0_sample_062,Fumarate,fumarate,direct,4,1,M+1,0.076090356705475384
condition0,theta0_sample_062,Fumarate,fumarate,direct,4,2,M+2,0.29195913391125461
condition0,theta0_sample_062,Fumarate,fumarate,direct,4,3,M+3,0.18733300494973568
condition0,theta0_sample_062,Fumarate,fumarate,direct,4,4,M+4,0.39449809015570236
condition0,theta0_sample_062,Malate,malate,direct,4,0,M+0,0.050115475149946555
condition0,theta0_sample_062,Malate,malate,direct,4,1,M+1,0.076097827071532412
condition0,theta0_sample_062,Malate,malate,direct,4,2,M+2,0.2919465473379213
condition0,theta0_sample_062,Malate,malate,direct,4,3,M+3,0.18735152350977452
condition0,theta0_sample_062,Malate,malate,direct,4,4,M+4,0.39448862693082554
condition0,theta0_sample_062,Glutamine,glutamine,direct,5,0,M+0,0.022158661475892672
condition0,theta0_sample_062,Glutamine,glutamine,direct,5,1,M+1,0.061022533243946901
condition0,theta0_sample_062,Glutamine,glutamine,direct,5,2,M+2,0.13209143078412583
condition0,theta0_sample_062,Glutamine,glutamine,direct,5,3,M+3,0.28019075844594832
condition0,theta0_sample_062,Glutamine,glutamine,direct,5,4,M+4,0.18846075040047605
condition0,theta0_sample_062,Glutamine,glutamine,direct,5,5,M+5,0.31607586564961088
condition0,theta0_sample_062,Aspartate,aspartate,reporter,4,0,M+0,0.063433519591170204
condition0,theta0_sample_062,Aspartate,aspartate,reporter,4,1,M+1,0.12610710850103415
condition0,theta0_sample_062,Aspartate,aspartate,reporter,4,2,M+2,0.18401564222563568
condition0,theta0_sample_062,Aspartate,aspartate,reporter,4,3,M+3,0.19991331168094592
condition0,theta0_sample_062,Aspartate,aspartate,reporter,4,4,M+4,0.42653041800121438
condition0,theta0_sample_062,Glycine,glycine,reporter,2,0,M+0,0.27845445845136735
condition0,theta0_sample_062,Glycine,glycine,reporter,2,1,M+1,0.043091083097265385
condition0,theta0_sample_062,Glycine,glycine,reporter,2,2,M+2,0.67845445845136731
condition0,theta0_sample_062,Serine,serine,reporter,3,0,M+0,0.27845445845136735
condition0,theta0_sample_062,Serine,serine,reporter,3,1,M+1,0.0215455415486327
condition0,theta0_sample_062,Serine,serine,reporter,3,2,M+2,0.021545541548632693
condition0,theta0_sample_062,Serine,serine,reporter,3,3,M+3,0.67845445845136731
condition0,theta0_sample_063,Pyruvate,pyruvate,direct,3,0,M+0,0.25477629940477381
condition0,theta0_sample_063,Pyruvate,pyruvate,direct,3,1,M+1,0.043614125955965186
condition0,theta0_sample_063,Pyruvate,pyruvate,direct,3,2,M+2,0.048442849873748049
condition0,theta0_sample_063,Pyruvate,pyruvate,direct,3,3,M+3,0.65316672476551285
condition0,theta0_sample_063,Alanine,alanine,reporter,3,0,M+0,0.25477629940477381
condition0,theta0_sample_063,Alanine,alanine,reporter,3,1,M+1,0.043614125955965186
condition0,theta0_sample_063,Alanine,alanine,reporter,3,2,M+2,0.048442849873748049
condition0,theta0_sample_063,Alanine,alanine,reporter,3,3,M+3,0.65316672476551285
condition0,theta0_sample_063,Lactate,lactate,reporter,3,0,M+0,0.25477629940477381
condition0,theta0_sample_063,Lactate,lactate,reporter,3,1,M+1,0.043614125955965186
condition0,theta0_sample_063,Lactate,lactate,reporter,3,2,M+2,0.048442849873748049
condition0,theta0_sample_063,Lactate,lactate,reporter,3,3,M+3,0.65316672476551285
condition0,theta0_sample_063,Citrate,citrate,reporter,6,0,M+0,0.017927989954591037
condition0,theta0_sample_063,Citrate,citrate,reporter,6,1,M+1,0.037356163814627058
condition0,theta0_sample_063,Citrate,citrate,reporter,6,2,M+2,0.1000377026437811
condition0,theta0_sample_063,Citrate,citrate,reporter,6,3,M+3,0.14806677355314551
condition0,theta0_sample_063,Citrate,citrate,reporter,6,4,M+4,0.25636698043394524
condition0,theta0_sample_063,Citrate,citrate,reporter,6,5,M+5,0.14856614909686522
condition0,theta0_sample_063,Citrate,citrate,reporter,6,6,M+6,0.29167824050304386
condition0,theta0_sample_063,aKG,akg,direct,5,0,M+0,0.022393700535178574
condition0,theta0_sample_063,aKG,akg,direct,5,1,M+1,0.061166887113963141
condition0,theta0_sample_063,aKG,akg,direct,5,2,M+2,0.13184405288866538
condition0,theta0_sample_063,aKG,akg,direct,5,3,M+3,0.28069463184988713
condition0,theta0_sample_063,aKG,akg,direct,5,4,M+4,0.18644252650248255
condition0,theta0_sample_063,aKG,akg,direct,5,5,M+5,0.31745820110982231
condition0,theta0_sample_063,Succinate,succinate,direct,4,0,M+0,0.050638229152285656
condition0,theta0_sample_063,Succinate,succinate,direct,4,1,M+1,0.075693528712551666
condition0,theta0_sample_063,Succinate,succinate,direct,4,2,M+2,0.29283411448478791
condition0,theta0_sample_063,Succinate,succinate,direct,4,3,M+3,0.18469826828362557
condition0,theta0_sample_063,Succinate,succinate,direct,4,4,M+4,0.39613585936674844
condition0,theta0_sample_063,Fumarate,fumarate,direct,4,0,M+0,0.050638229152285656
condition0,theta0_sample_063,Fumarate,fumarate,direct,4,1,M+1,0.075693528712551666
condition0,theta0_sample_063,Fumarate,fumarate,direct,4,2,M+2,0.29283411448478791
condition0,theta0_sample_063,Fumarate,fumarate,direct,4,3,M+3,0.18469826828362554
condition0,theta0_sample_063,Fumarate,fumarate,direct,4,4,M+4,0.39613585936674839
condition0,theta0_sample_063,Malate,malate,direct,4,0,M+0,0.050631774252923353
condition0,theta0_sample_063,Malate,malate,direct,4,1,M+1,0.075705890620557104
condition0,theta0_sample_063,Malate,malate,direct,4,2,M+2,0.29281332867453913
condition0,theta0_sample_063,Malate,malate,direct,4,3,M+3,0.18472857377755603
condition0,theta0_sample_063,Malate,malate,direct,4,4,M+4,0.39612043267442359
condition0,theta0_sample_063,Glutamine,glutamine,direct,5,0,M+0,0.022393700535178574
condition0,theta0_sample_063,Glutamine,glutamine,direct,5,1,M+1,0.061166887113963141
condition0,theta0_sample_063,Glutamine,glutamine,direct,5,2,M+2,0.13184405288866538
condition0,theta0_sample_063,Glutamine,glutamine,direct,5,3,M+3,0.28069463184988713
condition0,theta0_sample_063,Glutamine,glutamine,direct,5,4,M+4,0.18644252650248255
condition0,theta0_sample_063,Glutamine,glutamine,direct,5,5,M+5,0.31745820110982231
condition0,theta0_sample_063,Aspartate,aspartate,reporter,4,0,M+0,0.062296174223169298
condition0,theta0_sample_063,Aspartate,aspartate,reporter,4,1,M+1,0.1245174987613368
condition0,theta0_sample_063,Aspartate,aspartate,reporter,4,2,M+2,0.1881590910321391
condition0,theta0_sample_063,Aspartate,aspartate,reporter,4,3,M+3,0.20094462475903355
condition0,theta0_sample_063,Aspartate,aspartate,reporter,4,4,M+4,0.42408261122432073
condition0,theta0_sample_063,Glycine,glycine,reporter,2,0,M+0,0.26623322865701537
condition0,theta0_sample_063,Glycine,glycine,reporter,2,1,M+1,0.067533542685969256
condition0,theta0_sample_063,Glycine,glycine,reporter,2,2,M+2,0.66623322865701529
condition0,theta0_sample_063,Serine,serine,reporter,3,0,M+0,0.26623322865701537
condition0,theta0_sample_063,Serine,serine,reporter,3,1,M+1,0.033766771342984628
condition0,theta0_sample_063,Serine,serine,reporter,3,2,M+2,0.033766771342984628
condition0,theta0_sample_063,Serine,serine,reporter,3,3,M+3,0.66623322865701529
condition0,theta0_sample_064,Pyruvate,pyruvate,direct,3,0,M+0,0.26160383954338945
condition0,theta0_sample_064,Pyruvate,pyruvate,direct,3,1,M+1,0.03783572314512245
condition0,theta0_sample_064,Pyruvate,pyruvate,direct,3,2,M+2,0.039517035079586295
condition0,theta0_sample_064,Pyruvate,pyruvate,direct,3,3,M+3,0.66104340223190139
condition0,theta0_sample_064,Alanine,alanine,reporter,3,0,M+0,0.26160383954338945
condition0,theta0_sample_064,Alanine,alanine,reporter,3,1,M+1,0.03783572314512245
condition0,theta0_sample_064,Alanine,alanine,reporter,3,2,M+2,0.039517035079586295
condition0,theta0_sample_064,Alanine,alanine,reporter,3,3,M+3,0.66104340223190139
condition0,theta0_sample_064,Lactate,lactate,reporter,3,0,M+0,0.26160383954338945
condition0,theta0_sample_064,Lactate,lactate,reporter,3,1,M+1,0.03783572314512245
condition0,theta0_sample_064,Lactate,lactate,reporter,3,2,M+2,0.039517035079586295
condition0,theta0_sample_064,Lactate,lactate,reporter,3,3,M+3,0.66104340223190139
condition0,theta0_sample_064,Citrate,citrate,reporter,6,0,M+0,0.01744916270766067
condition0,theta0_sample_064,Citrate,citrate,reporter,6,1,M+1,0.036125259170217784
condition0,theta0_sample_064,Citrate,citrate,reporter,6,2,M+2,0.10099077196358762
condition0,theta0_sample_064,Citrate,citrate,reporter,6,3,M+3,0.14588265485039759
condition0,theta0_sample_064,Citrate,citrate,reporter,6,4,M+4,0.26376881143586473
condition0,theta0_sample_064,Citrate,citrate,reporter,6,5,M+5,0.1455300526256729
condition0,theta0_sample_064,Citrate,citrate,reporter,6,6,M+6,0.29025328724659794
condition0,theta0_sample_064,aKG,akg,direct,5,0,M+0,0.022595378641685523
condition0,theta0_sample_064,aKG,akg,direct,5,1,M+1,0.061419998393852274
condition0,theta0_sample_064,aKG,akg,direct,5,2,M+2,0.13176103399104294
condition0,theta0_sample_064,aKG,akg,direct,5,3,M+3,0.28068180345057658
condition0,theta0_sample_064,aKG,akg,direct,5,4,M+4,0.18469640434188014
condition0,theta0_sample_064,aKG,akg,direct,5,5,M+5,0.3188453811809619
condition0,theta0_sample_064,Succinate,succinate,direct,4,0,M+0,0.048306124570161424
condition0,theta0_sample_064,Succinate,succinate,direct,4,1,M+1,0.082266850686099333
condition0,theta0_sample_064,Succinate,succinate,direct,4,2,M+2,0.28251494879864164
condition0,theta0_sample_064,Succinate,succinate,direct,4,3,M+3,0.19494505206377208
condition0,theta0_sample_064,Succinate,succinate,direct,4,4,M+4,0.39196702388132487
condition0,theta0_sample_064,Fumarate,fumarate,direct,4,0,M+0,0.048306124570161431
condition0,theta0_sample_064,Fumarate,fumarate,direct,4,1,M+1,0.082266850686099346
condition0,theta0_sample_064,Fumarate,fumarate,direct,4,2,M+2,0.28251494879864164
condition0,theta0_sample_064,Fumarate,fumarate,direct,4,3,M+3,0.19494505206377208
condition0,theta0_sample_064,Fumarate,fumarate,direct,4,4,M+4,0.39196702388132493
condition0,theta0_sample_064,Malate,malate,direct,4,0,M+0,0.048487045814549996
condition0,theta0_sample_064,Malate,malate,direct,4,1,M+1,0.081910019882616841
condition0,theta0_sample_064,Malate,malate,direct,4,2,M+2,0.28311133736621069
condition0,theta0_sample_064,Malate,malate,direct,4,3,M+3,0.19409908236152723
condition0,theta0_sample_064,Malate,malate,direct,4,4,M+4,0.39239251457509461
condition0,theta0_sample_064,Glutamine,glutamine,direct,5,0,M+0,0.022595378641685527
condition0,theta0_sample_064,Glutamine,glutamine,direct,5,1,M+1,0.061419998393852267
condition0,theta0_sample_064,Glutamine,glutamine,direct,5,2,M+2,0.13176103399104294
condition0,theta0_sample_064,Glutamine,glutamine,direct,5,3,M+3,0.28068180345057658
condition0,theta0_sample_064,Glutamine,glutamine,direct,5,4,M+4,0.18469640434188014
condition0,theta0_sample_064,Glutamine,glutamine,direct,5,5,M+5,0.3188453811809619
condition0,theta0_sample_064,Aspartate,aspartate,reporter,4,0,M+0,0.058969472186605476
condition0,theta0_sample_064,Aspartate,aspartate,reporter,4,1,M+1,0.12045186012891766
condition0,theta0_sample_064,Aspartate,aspartate,reporter,4,2,M+2,0.19927740052362469
condition0,theta0_sample_064,Aspartate,aspartate,reporter,4,3,M+3,0.20421172981957508
condition0,theta0_sample_064,Aspartate,aspartate,reporter,4,4,M+4,0.41708953734127663
condition0,theta0_sample_064,Glycine,glycine,reporter,2,0,M+0,0.26544822677070751
condition0,theta0_sample_064,Glycine,glycine,reporter,2,1,M+1,0.069103546458584908
condition0,theta0_sample_064,Glycine,glycine,reporter,2,2,M+2,0.66544822677070747
condition0,theta0_sample_064,Serine,serine,reporter,3,0,M+0,0.26544822677070751
condition0,theta0_sample_064,Serine,serine,reporter,3,1,M+1,0.034551773229292454
condition0,theta0_sample_064,Serine,serine,reporter,3,2,M+2,0.034551773229292461
condition0,theta0_sample_064,Serine,serine,reporter,3,3,M+3,0.66544822677070747
condition0,theta0_sample_065,Pyruvate,pyruvate,direct,3,0,M+0,0.26101636245498283
condition0,theta0_sample_065,Pyruvate,pyruvate,direct,3,1,M+1,0.038758291126747169
condition0,theta0_sample_065,Pyruvate,pyruvate,direct,3,2,M+2,0.039434330381557373
condition0,theta0_sample_065,Pyruvate,pyruvate,direct,3,3,M+3,0.66079101603671264
condition0,theta0_sample_065,Alanine,alanine,reporter,3,0,M+0,0.26101636245498283
condition0,theta0_sample_065,Alanine,alanine,reporter,3,1,M+1,0.038758291126747169
condition0,theta0_sample_065,Alanine,alanine,reporter,3,2,M+2,0.039434330381557373
condition0,theta0_sample_065,Alanine,alanine,reporter,3,3,M+3,0.66079101603671264
condition0,theta0_sample_065,Lactate,lactate,reporter,3,0,M+0,0.26101636245498283
condition0,theta0_sample_065,Lactate,lactate,reporter,3,1,M+1,0.038758291126747169
condition0,theta0_sample_065,Lactate,lactate,reporter,3,2,M+2,0.039434330381557373
condition0,theta0_sample_065,Lactate,lactate,reporter,3,3,M+3,0.66079101603671264
condition0,theta0_sample_065,Citrate,citrate,reporter,6,0,M+0,0.017448201422579541
condition0,theta0_sample_065,Citrate,citrate,reporter,6,1,M+1,0.036118496742154643
condition0,theta0_sample_065,Citrate,citrate,reporter,6,2,M+2,0.10090166562636355
condition0,theta0_sample_065,Citrate,citrate,reporter,6,3,M+3,0.14587693174524238
condition0,theta0_sample_065,Citrate,citrate,reporter,6,4,M+4,0.26451010310837725
condition0,theta0_sample_065,Citrate,citrate,reporter,6,5,M+5,0.14446064379581469
condition0,theta0_sample_065,Citrate,citrate,reporter,6,6,M+6,0.29068395755946846
condition0,theta0_sample_065,aKG,akg,direct,5,0,M+0,0.022739684822209297
condition0,theta0_sample_065,aKG,akg,direct,5,1,M+1,0.06153386206209565
condition0,theta0_sample_065,aKG,akg,direct,5,2,M+2,0.1316343873584136
condition0,theta0_sample_065,aKG,akg,direct,5,3,M+3,0.28090424380663631
condition0,theta0_sample_065,aKG,akg,direct,5,4,M+4,0.1834544779520586
condition0,theta0_sample_065,aKG,akg,direct,5,5,M+5,0.31973334399858722
condition0,theta0_sample_065,Succinate,succinate,direct,4,0,M+0,0.048201997210867896
condition0,theta0_sample_065,Succinate,succinate,direct,4,1,M+1,0.083133467320723284
condition0,theta0_sample_065,Succinate,succinate,direct,4,2,M+2,0.2812900417129478
condition0,theta0_sample_065,Succinate,succinate,direct,4,3,M+3,0.19521152576846365
condition0,theta0_sample_065,Succinate,succinate,direct,4,4,M+4,0.39216296798699785
condition0,theta0_sample_065,Fumarate,fumarate,direct,4,0,M+0,0.048201997210867896
condition0,theta0_sample_065,Fumarate,fumarate,direct,4,1,M+1,0.083133467320723284
condition0,theta0_sample_065,Fumarate,fumarate,direct,4,2,M+2,0.2812900417129478
condition0,theta0_sample_065,Fumarate,fumarate,direct,4,3,M+3,0.19521152576846365
condition0,theta0_sample_065,Fumarate,fumarate,direct,4,4,M+4,0.39216296798699785
condition0,theta0_sample_065,Malate,malate,direct,4,0,M+0,0.04831217607012335
condition0,theta0_sample_065,Malate,malate,direct,4,1,M+1,0.082914343643220936
condition0,theta0_sample_065,Malate,malate,direct,4,2,M+2,0.28165565918912128
condition0,theta0_sample_065,Malate,malate,direct,4,3,M+3,0.19469694641160201
condition0,theta0_sample_065,Malate,malate,direct,4,4,M+4,0.3924208746859329
condition0,theta0_sample_065,Glutamine,glutamine,direct,5,0,M+0,0.022739684822209297
condition0,theta0_sample_065,Glutamine,glutamine,direct,5,1,M+1,0.061533862062095657
condition0,theta0_sample_065,Glutamine,glutamine,direct,5,2,M+2,0.1316343873584136
condition0,theta0_sample_065,Glutamine,glutamine,direct,5,3,M+3,0.28090424380663631
condition0,theta0_sample_065,Glutamine,glutamine,direct,5,4,M+4,0.1834544779520586
condition0,theta0_sample_065,Glutamine,glutamine,direct,5,5,M+5,0.31973334399858722
condition0,theta0_sample_065,Aspartate,aspartate,reporter,4,0,M+0,0.058486381141337772
condition0,theta0_sample_065,Aspartate,aspartate,reporter,4,1,M+1,0.12041415419773099
condition0,theta0_sample_065,Aspartate,aspartate,reporter,4,2,M+2,0.19996882668257715
condition0,theta0_sample_065,Aspartate,aspartate,reporter,4,3,M+3,0.20487435947630223
condition0,theta0_sample_065,Aspartate,aspartate,reporter,4,4,M+4,0.41625627850205232
condition0,theta0_sample_065,Glycine,glycine,reporter,2,0,M+0,0.26255819204844261
condition0,theta0_sample_065,Glycine,glycine,reporter,2,1,M+1,0.074883615903114722
condition0,theta0_sample_065,Glycine,glycine,reporter,2,2,M+2,0.66255819204844246
condition0,theta0_sample_065,Serine,serine,reporter,3,0,M+0,0.26255819204844261
condition0,theta0_sample_065,Serine,serine,reporter,3,1,M+1,0.037441807951557361
condition0,theta0_sample_065,Serine,serine,reporter,3,2,M+2,0.037441807951557368
condition0,theta0_sample_065,Serine,serine,reporter,3,3,M+3,0.66255819204844246
condition0,theta0_sample_066,Pyruvate,pyruvate,direct,3,0,M+0,0.26106046762126511
condition0,theta0_sample_066,Pyruvate,pyruvate,direct,3,1,M+1,0.037432991383447481
condition0,theta0_sample_066,Pyruvate,pyruvate,direct,3,2,M+2,0.04195261436930979
condition0,theta0_sample_066,Pyruvate,pyruvate,direct,3,3,M+3,0.65955392662597767
condition0,theta0_sample_066,Alanine,alanine,reporter,3,0,M+0,0.26106046762126511
condition0,theta0_sample_066,Alanine,alanine,reporter,3,1,M+1,0.037432991383447481
condition0,theta0_sample_066,Alanine,alanine,reporter,3,2,M+2,0.04195261436930979
condition0,theta0_sample_066,Alanine,alanine,reporter,3,3,M+3,0.65955392662597767
condition0,theta0_sample_066,Lactate,lactate,reporter,3,0,M+0,0.26106046762126511
condition0,theta0_sample_066,Lactate,lactate,reporter,3,1,M+1,0.037432991383447481
condition0,theta0_sample_066,Lactate,lactate,reporter,3,2,M+2,0.04195261436930979
condition0,theta0_sample_066,Lactate,lactate,reporter,3,3,M+3,0.65955392662597767
condition0,theta0_sample_066,Citrate,citrate,reporter,6,0,M+0,0.017881698037333898
condition0,theta0_sample_066,Citrate,citrate,reporter,6,1,M+1,0.037210048699759649
condition0,theta0_sample_066,Citrate,citrate,reporter,6,2,M+2,0.10013386525991888
condition0,theta0_sample_066,Citrate,citrate,reporter,6,3,M+3,0.14783180273964616
condition0,theta0_sample_066,Citrate,citrate,reporter,6,4,M+4,0.2572344729280221
condition0,theta0_sample_066,Citrate,citrate,reporter,6,5,M+5,0.14815975316254043
condition0,theta0_sample_066,Citrate,citrate,reporter,6,6,M+6,0.29154835917277905
condition0,theta0_sample_066,aKG,akg,direct,5,0,M+0,0.022334182673868018
condition0,theta0_sample_066,aKG,akg,direct,5,1,M+1,0.061161328377567381
condition0,theta0_sample_066,aKG,akg,direct,5,2,M+2,0.13193769058778737
condition0,theta0_sample_066,aKG,akg,direct,5,3,M+3,0.28046027660670581
condition0,theta0_sample_066,aKG,akg,direct,5,4,M+4,0.18695014814361688
condition0,theta0_sample_066,aKG,akg,direct,5,5,M+5,0.31715637361045473
condition0,theta0_sample_066,Succinate,succinate,direct,4,0,M+0,0.049760409334209554
condition0,theta0_sample_066,Succinate,succinate,direct,4,1,M+1,0.077622589513362025
condition0,theta0_sample_066,Succinate,succinate,direct,4,2,M+2,0.28967682020499047
condition0,theta0_sample_066,Succinate,succinate,direct,4,3,M+3,0.18873695371309504
condition0,theta0_sample_066,Succinate,succinate,direct,4,4,M+4,0.3942032272343432
condition0,theta0_sample_066,Fumarate,fumarate,direct,4,0,M+0,0.049760409334209554
condition0,theta0_sample_066,Fumarate,fumarate,direct,4,1,M+1,0.077622589513362025
condition0,theta0_sample_066,Fumarate,fumarate,direct,4,2,M+2,0.28967682020499047
condition0,theta0_sample_066,Fumarate,fumarate,direct,4,3,M+3,0.18873695371309504
condition0,theta0_sample_066,Fumarate,fumarate,direct,4,4,M+4,0.39420322723434326
condition0,theta0_sample_066,Malate,malate,direct,4,0,M+0,0.049795130421836767
condition0,theta0_sample_066,Malate,malate,direct,4,1,M+1,0.07755583638802277
condition0,theta0_sample_066,Malate,malate,direct,4,2,M+2,0.28978897176386098
condition0,theta0_sample_066,Malate,malate,direct,4,3,M+3,0.18857402562086298
condition0,theta0_sample_066,Malate,malate,direct,4,4,M+4,0.39428603580541682
condition0,theta0_sample_066,Glutamine,glutamine,direct,5,0,M+0,0.022334182673868021
condition0,theta0_sample_066,Glutamine,glutamine,direct,5,1,M+1,0.061161328377567374
condition0,theta0_sample_066,Glutamine,glutamine,direct,5,2,M+2,0.1319376905877874
condition0,theta0_sample_066,Glutamine,glutamine,direct,5,3,M+3,0.28046027660670581
condition0,theta0_sample_066,Glutamine,glutamine,direct,5,4,M+4,0.18695014814361688
condition0,theta0_sample_066,Glutamine,glutamine,direct,5,5,M+5,0.31715637361045473
condition0,theta0_sample_066,Aspartate,aspartate,reporter,4,0,M+0,0.061913804918506364
condition0,theta0_sample_066,Aspartate,aspartate,reporter,4,1,M+1,0.12404146830307887
condition0,theta0_sample_066,Aspartate,aspartate,reporter,4,2,M+2,0.18943578686372961
condition0,theta0_sample_066,Aspartate,aspartate,reporter,4,3,M+3,0.20134880168927877
condition0,theta0_sample_066,Aspartate,aspartate,reporter,4,4,M+4,0.42326013822540648
condition0,theta0_sample_066,Glycine,glycine,reporter,2,0,M+0,0.27187659330213937
condition0,theta0_sample_066,Glycine,glycine,reporter,2,1,M+1,0.056246813395721275
condition0,theta0_sample_066,Glycine,glycine,reporter,2,2,M+2,0.67187659330213945
condition0,theta0_sample_066,Serine,serine,reporter,3,0,M+0,0.27187659330213937
condition0,theta0_sample_066,Serine,serine,reporter,3,1,M+1,0.028123406697860637
condition0,theta0_sample_066,Serine,serine,reporter,3,2,M+2,0.02812340669786063
condition0,theta0_sample_066,Serine,serine,reporter,3,3,M+3,0.67187659330213945
condition0,theta0_sample_067,Pyruvate,pyruvate,direct,3,0,M+0,0.26516886695630087
condition0,theta0_sample_067,Pyruvate,pyruvate,direct,3,1,M+1,0.033735480885461744
condition0,theta0_sample_067,Pyruvate,pyruvate,direct,3,2,M+2,0.037022437360173889
condition0,theta0_sample_067,Pyruvate,pyruvate,direct,3,3,M+3,0.66407321479806369
condition0,theta0_sample_067,Alanine,alanine,reporter,3,0,M+0,0.26516886695630087
condition0,theta0_sample_067,Alanine,alanine,reporter,3,1,M+1,0.033735480885461744
condition0,theta0_sample_067,Alanine,alanine,reporter,3,2,M+2,0.037022437360173889
condition0,theta0_sample_067,Alanine,alanine,reporter,3,3,M+3,0.66407321479806369
condition0,theta0_sample_067,Lactate,lactate,reporter,3,0,M+0,0.26516886695630087
condition0,theta0_sample_067,Lactate,lactate,reporter,3,1,M+1,0.033735480885461744
condition0,theta0_sample_067,Lactate,lactate,reporter,3,2,M+2,0.037022437360173889
condition0,theta0_sample_067,Lactate,lactate,reporter,3,3,M+3,0.66407321479806369
condition0,theta0_sample_067,Citrate,citrate,reporter,6,0,M+0,0.016602061032235573
condition0,theta0_sample_067,Citrate,citrate,reporter,6,1,M+1,0.033652705382344349
condition0,theta0_sample_067,Citrate,citrate,reporter,6,2,M+2,0.10441057080321783
condition0,theta0_sample_067,Citrate,citrate,reporter,6,3,M+3,0.1402442312683824
condition0,theta0_sample_067,Citrate,citrate,reporter,6,4,M+4,0.273578461449201
condition0,theta0_sample_067,Citrate,citrate,reporter,6,5,M+5,0.14659220697844519
condition0,theta0_sample_067,Citrate,citrate,reporter,6,6,M+6,0.28491976308617412
condition0,theta0_sample_067,aKG,akg,direct,5,0,M+0,0.02209307976324076
condition0,theta0_sample_067,aKG,akg,direct,5,1,M+1,0.061150879297097151
condition0,theta0_sample_067,aKG,akg,direct,5,2,M+2,0.13232907969169591
condition0,theta0_sample_067,aKG,akg,direct,5,3,M+3,0.27946934807935775
condition0,theta0_sample_067,aKG,akg,direct,5,4,M+4,0.18900514876160512
condition0,theta0_sample_067,aKG,akg,direct,5,5,M+5,0.31595246440700375
condition0,theta0_sample_067,Succinate,succinate,direct,4,0,M+0,0.046519252929048002
condition0,theta0_sample_067,Succinate,succinate,direct,4,1,M+1,0.084885682193244008
condition0,theta0_sample_067,Succinate,succinate,direct,4,2,M+2,0.27783192569504006
condition0,theta0_sample_067,Succinate,succinate,direct,4,3,M+3,0.20360209031399609
condition0,theta0_sample_067,Succinate,succinate,direct,4,4,M+4,0.38716104886867209
condition0,theta0_sample_067,Fumarate,fumarate,direct,4,0,M+0,0.046519252929048009
condition0,theta0_sample_067,Fumarate,fumarate,direct,4,1,M+1,0.084885682193244008
condition0,theta0_sample_067,Fumarate,fumarate,direct,4,2,M+2,0.27783192569504006
condition0,theta0_sample_067,Fumarate,fumarate,direct,4,3,M+3,0.20360209031399612
condition0,theta0_sample_067,Fumarate,fumarate,direct,4,4,M+4,0.38716104886867209
condition0,theta0_sample_067,Malate,malate,direct,4,0,M+0,0.048087392715129781
condition0,theta0_sample_067,Malate,malate,direct,4,1,M+1,0.081828271683931891
condition0,theta0_sample_067,Malate,malate,direct,4,2,M+2,0.28295389956484407
condition0,theta0_sample_067,Malate,malate,direct,4,3,M+3,0.19625781495799732
condition0,theta0_sample_067,Malate,malate,direct,4,4,M+4,0.39087262107809717
condition0,theta0_sample_067,Glutamine,glutamine,direct,5,0,M+0,0.02209307976324076
condition0,theta0_sample_067,Glutamine,glutamine,direct,5,1,M+1,0.061150879297097151
condition0,theta0_sample_067,Glutamine,glutamine,direct,5,2,M+2,0.13232907969169588
condition0,theta0_sample_067,Glutamine,glutamine,direct,5,3,M+3,0.27946934807935775
condition0,theta0_sample_067,Glutamine,glutamine,direct,5,4,M+4,0.1890051487616051
condition0,theta0_sample_067,Glutamine,glutamine,direct,5,5,M+5,0.31595246440700375
condition0,theta0_sample_067,Aspartate,aspartate,reporter,4,0,M+0,0.05673186189563742
condition0,theta0_sample_067,Aspartate,aspartate,reporter,4,1,M+1,0.1121432938591653
condition0,theta0_sample_067,Aspartate,aspartate,reporter,4,2,M+2,0.21687063329712047
condition0,theta0_sample_067,Aspartate,aspartate,reporter,4,3,M+3,0.20290140424571379
condition0,theta0_sample_067,Aspartate,aspartate,reporter,4,4,M+4,0.41135280670236335
condition0,theta0_sample_067,Glycine,glycine,reporter,2,0,M+0,0.27238190809341545
condition0,theta0_sample_067,Glycine,glycine,reporter,2,1,M+1,0.055236183813169061
condition0,theta0_sample_067,Glycine,glycine,reporter,2,2,M+2,0.67238190809341558
condition0,theta0_sample_067,Serine,serine,reporter,3,0,M+0,0.27238190809341545
condition0,theta0_sample_067,Serine,serine,reporter,3,1,M+1,0.027618091906584531
condition0,theta0_sample_067,Serine,serine,reporter,3,2,M+2,0.027618091906584531
condition0,theta0_sample_067,Serine,serine,reporter,3,3,M+3,0.67238190809341558
condition0,theta0_sample_068,Pyruvate,pyruvate,direct,3,0,M+0,0.26132720395796838
condition0,theta0_sample_068,Pyruvate,pyruvate,direct,3,1,M+1,0.03839235578690553
condition0,theta0_sample_068,Pyruvate,pyruvate,direct,3,2,M+2,0.039233676552284311
condition0,theta0_sample_068,Pyruvate,pyruvate,direct,3,3,M+3,0.66104676370284232
condition0,theta0_sample_068,Alanine,alanine,reporter,3,0,M+0,0.26132720395796838
condition0,theta0_sample_068,Alanine,alanine,reporter,3,1,M+1,0.03839235578690553
condition0,theta0_sample_068,Alanine,alanine,reporter,3,2,M+2,0.039233676552284311
condition0,theta0_sample_068,Alanine,alanine,reporter,3,3,M+3,0.66104676370284232
condition0,theta0_sample_068,Lactate,lactate,reporter,3,0,M+0,0.26132720395796838
condition0,theta0_sample_068,Lactate,lactate,reporter,3,1,M+1,0.03839235578690553
condition0,theta0_sample_068,Lactate,lactate,reporter,3,2,M+2,0.039233676552284311
condition0,theta0_sample_068,Lactate,lactate,reporter,3,3,M+3,0.66104676370284232
condition0,theta0_sample_068,Citrate,citrate,reporter,6,0,M+0,0.016205719454769289
condition0,theta0_sample_068,Citrate,citrate,reporter,6,1,M+1,0.030518703996549181
condition0,theta0_sample_068,Citrate,citrate,reporter,6,2,M+2,0.10991049264604075
condition0,theta0_sample_068,Citrate,citrate,reporter,6,3,M+3,0.13071335430925718
condition0,theta0_sample_068,Citrate,citrate,reporter,6,4,M+4,0.2895539313579526
condition0,theta0_sample_068,Citrate,citrate,reporter,6,5,M+5,0.13928226706080041
condition0,theta0_sample_068,Citrate,citrate,reporter,6,6,M+6,0.28381553117463171
condition0,theta0_sample_068,aKG,akg,direct,5,0,M+0,0.022393984071900786
condition0,theta0_sample_068,aKG,akg,direct,5,1,M+1,0.061407846049878013
condition0,theta0_sample_068,aKG,akg,direct,5,2,M+2,0.13208453926337679
condition0,theta0_sample_068,aKG,akg,direct,5,3,M+3,0.27986586983814626
condition0,theta0_sample_068,aKG,akg,direct,5,4,M+4,0.18641333797456272
condition0,theta0_sample_068,aKG,akg,direct,5,5,M+5,0.3178344228021367
condition0,theta0_sample_068,Succinate,succinate,direct,4,0,M+0,0.045491344938950823
condition0,theta0_sample_068,Succinate,succinate,direct,4,1,M+1,0.088454354849276356
condition0,theta0_sample_068,Succinate,succinate,direct,4,2,M+2,0.2723884234935991
condition0,theta0_sample_068,Succinate,succinate,direct,4,3,M+3,0.20789470870917054
condition0,theta0_sample_068,Succinate,succinate,direct,4,4,M+4,0.38577116800900424
condition0,theta0_sample_068,Fumarate,fumarate,direct,4,0,M+0,0.045491344938950823
condition0,theta0_sample_068,Fumarate,fumarate,direct,4,1,M+1,0.088454354849276356
condition0,theta0_sample_068,Fumarate,fumarate,direct,4,2,M+2,0.2723884234935991
condition0,theta0_sample_068,Fumarate,fumarate,direct,4,3,M+3,0.20789470870917054
condition0,theta0_sample_068,Fumarate,fumarate,direct,4,4,M+4,0.38577116800900424
condition0,theta0_sample_068,Malate,malate,direct,4,0,M+0,0.049051203966976799
condition0,theta0_sample_068,Malate,malate,direct,4,1,M+1,0.08138024981124059
condition0,theta0_sample_068,Malate,malate,direct,4,2,M+2,0.28419380289633073
condition0,theta0_sample_068,Malate,malate,direct,4,3,M+3,0.19126682890571053
condition0,theta0_sample_068,Malate,malate,direct,4,4,M+4,0.39410791441974236
condition0,theta0_sample_068,Glutamine,glutamine,direct,5,0,M+0,0.022393984071900786
condition0,theta0_sample_068,Glutamine,glutamine,direct,5,1,M+1,0.061407846049878013
condition0,theta0_sample_068,Glutamine,glutamine,direct,5,2,M+2,0.13208453926337682
condition0,theta0_sample_068,Glutamine,glutamine,direct,5,3,M+3,0.27986586983814626
condition0,theta0_sample_068,Glutamine,glutamine,direct,5,4,M+4,0.18641333797456272
condition0,theta0_sample_068,Glutamine,glutamine,direct,5,5,M+5,0.3178344228021367
condition0,theta0_sample_068,Aspartate,aspartate,reporter,4,0,M+0,0.054365142117851609
condition0,theta0_sample_068,Aspartate,aspartate,reporter,4,1,M+1,0.10168415914448581
condition0,theta0_sample_068,Aspartate,aspartate,reporter,4,2,M+2,0.24009618986008838
condition0,theta0_sample_068,Aspartate,aspartate,reporter,4,3,M+3,0.19729457437496015
condition0,theta0_sample_068,Aspartate,aspartate,reporter,4,4,M+4,0.40655993450261485
condition0,theta0_sample_068,Glycine,glycine,reporter,2,0,M+0,0.26311181135568057
condition0,theta0_sample_068,Glycine,glycine,reporter,2,1,M+1,0.073776377288639006
condition0,theta0_sample_068,Glycine,glycine,reporter,2,2,M+2,0.66311181135568065
condition0,theta0_sample_068,Serine,serine,reporter,3,0,M+0,0.26311181135568057
condition0,theta0_sample_068,Serine,serine,reporter,3,1,M+1,0.036888188644319503
condition0,theta0_sample_068,Serine,serine,reporter,3,2,M+2,0.036888188644319503
condition0,theta0_sample_068,Serine,serine,reporter,3,3,M+3,0.66311181135568065
condition0,theta0_sample_069,Pyruvate,pyruvate,direct,3,0,M+0,0.26327947869381868
condition0,theta0_sample_069,Pyruvate,pyruvate,direct,3,1,M+1,0.0360560108632305
condition0,theta0_sample_069,Pyruvate,pyruvate,direct,3,2,M+2,0.038049542192082425
condition0,theta0_sample_069,Pyruvate,pyruvate,direct,3,3,M+3,0.66261496825086796
condition0,theta0_sample_069,Alanine,alanine,reporter,3,0,M+0,0.26327947869381868
condition0,theta0_sample_069,Alanine,alanine,reporter,3,1,M+1,0.0360560108632305
condition0,theta0_sample_069,Alanine,alanine,reporter,3,2,M+2,0.038049542192082425
condition0,theta0_sample_069,Alanine,alanine,reporter,3,3,M+3,0.66261496825086796
condition0,theta0_sample_069,Lactate,lactate,reporter,3,0,M+0,0.26327947869381868
condition0,theta0_sample_069,Lactate,lactate,reporter,3,1,M+1,0.0360560108632305
condition0,theta0_sample_069,Lactate,lactate,reporter,3,2,M+2,0.038049542192082425
condition0,theta0_sample_069,Lactate,lactate,reporter,3,3,M+3,0.66261496825086796
condition0,theta0_sample_069,Citrate,citrate,reporter,6,0,M+0,0.016335073331279336
condition0,theta0_sample_069,Citrate,citrate,reporter,6,1,M+1,0.031100348965965776
condition0,theta0_sample_069,Citrate,citrate,reporter,6,2,M+2,0.10893186711198731
condition0,theta0_sample_069,Citrate,citrate,reporter,6,3,M+3,0.13249167396463427
condition0,theta0_sample_069,Citrate,citrate,reporter,6,4,M+4,0.2861431975741302
condition0,theta0_sample_069,Citrate,citrate,reporter,6,5,M+5,0.14099892969237743
condition0,theta0_sample_069,Citrate,citrate,reporter,6,6,M+6,0.2839989093596228
condition0,theta0_sample_069,aKG,akg,direct,5,0,M+0,0.022273402084703974
condition0,theta0_sample_069,aKG,akg,direct,5,1,M+1,0.06129283204120764
condition0,theta0_sample_069,aKG,akg,direct,5,2,M+2,0.13217049523336741
condition0,theta0_sample_069,aKG,akg,direct,5,3,M+3,0.2797484392558745
condition0,theta0_sample_069,aKG,akg,direct,5,4,M+4,0.18745329719979384
condition0,theta0_sample_069,aKG,akg,direct,5,5,M+5,0.31706153418504973
condition0,theta0_sample_069,Succinate,succinate,direct,4,0,M+0,0.045999273348571582
condition0,theta0_sample_069,Succinate,succinate,direct,4,1,M+1,0.086702308943911316
condition0,theta0_sample_069,Succinate,succinate,direct,4,2,M+2,0.27506310364049835
condition0,theta0_sample_069,Succinate,succinate,direct,4,3,M+3,0.20576977249297984
condition0,theta0_sample_069,Succinate,succinate,direct,4,4,M+4,0.38646554157403623
condition0,theta0_sample_069,Fumarate,fumarate,direct,4,0,M+0,0.045999273348571582
condition0,theta0_sample_069,Fumarate,fumarate,direct,4,1,M+1,0.086702308943911316
condition0,theta0_sample_069,Fumarate,fumarate,direct,4,2,M+2,0.2750631036404983
condition0,theta0_sample_069,Fumarate,fumarate,direct,4,3,M+3,0.20576977249297981
condition0,theta0_sample_069,Fumarate,fumarate,direct,4,4,M+4,0.38646554157403623
condition0,theta0_sample_069,Malate,malate,direct,4,0,M+0,0.049129725182426268
condition0,theta0_sample_069,Malate,malate,direct,4,1,M+1,0.080536759400485047
condition0,theta0_sample_069,Malate,malate,direct,4,2,M+2,0.28537080425430317
condition0,theta0_sample_069,Malate,malate,direct,4,3,M+3,0.19112921256023022
condition0,theta0_sample_069,Malate,malate,direct,4,4,M+4,0.39383349860255262
condition0,theta0_sample_069,Glutamine,glutamine,direct,5,0,M+0,0.022273402084703971
condition0,theta0_sample_069,Glutamine,glutamine,direct,5,1,M+1,0.061292832041207633
condition0,theta0_sample_069,Glutamine,glutamine,direct,5,2,M+2,0.13217049523336738
condition0,theta0_sample_069,Glutamine,glutamine,direct,5,3,M+3,0.27974843925587445
condition0,theta0_sample_069,Glutamine,glutamine,direct,5,4,M+4,0.18745329719979384
condition0,theta0_sample_069,Glutamine,glutamine,direct,5,5,M+5,0.31706153418504973
condition0,theta0_sample_069,Aspartate,aspartate,reporter,4,0,M+0,0.05527952654301127
condition0,theta0_sample_069,Aspartate,aspartate,reporter,4,1,M+1,0.10356287593927918
condition0,theta0_sample_069,Aspartate,aspartate,reporter,4,2,M+2,0.23537370881753561
condition0,theta0_sample_069,Aspartate,aspartate,reporter,4,3,M+3,0.1974458483750432
condition0,theta0_sample_069,Aspartate,aspartate,reporter,4,4,M+4,0.40833804032512827
condition0,theta0_sample_069,Glycine,glycine,reporter,2,0,M+0,0.26758363451619704
condition0,theta0_sample_069,Glycine,glycine,reporter,2,1,M+1,0.064832730967605584
condition0,theta0_sample_069,Glycine,glycine,reporter,2,2,M+2,0.66758363451619696
condition0,theta0_sample_069,Serine,serine,reporter,3,0,M+0,0.26758363451619704
condition0,theta0_sample_069,Serine,serine,reporter,3,1,M+1,0.032416365483802792
condition0,theta0_sample_069,Serine,serine,reporter,3,2,M+2,0.032416365483802792
condition0,theta0_sample_069,Serine,serine,reporter,3,3,M+3,0.66758363451619696
condition0,theta0_sample_070,Pyruvate,pyruvate,direct,3,0,M+0,0.25235704447769514
condition0,theta0_sample_070,Pyruvate,pyruvate,direct,3,1,M+1,0.046571228992343984
condition0,theta0_sample_070,Pyruvate,pyruvate,direct,3,2,M+2,0.049786408582226299
condition0,theta0_sample_070,Pyruvate,pyruvate,direct,3,3,M+3,0.65128531794773425
condition0,theta0_sample_070,Alanine,alanine,reporter,3,0,M+0,0.25235704447769514
condition0,theta0_sample_070,Alanine,alanine,reporter,3,1,M+1,0.046571228992343984
condition0,theta0_sample_070,Alanine,alanine,reporter,3,2,M+2,0.049786408582226299
condition0,theta0_sample_070,Alanine,alanine,reporter,3,3,M+3,0.65128531794773425
condition0,theta0_sample_070,Lactate,lactate,reporter,3,0,M+0,0.25235704447769514
condition0,theta0_sample_070,Lactate,lactate,reporter,3,1,M+1,0.046571228992343984
condition0,theta0_sample_070,Lactate,lactate,reporter,3,2,M+2,0.049786408582226299
condition0,theta0_sample_070,Lactate,lactate,reporter,3,3,M+3,0.65128531794773425
condition0,theta0_sample_070,Citrate,citrate,reporter,6,0,M+0,0.016347437256849461
condition0,theta0_sample_070,Citrate,citrate,reporter,6,1,M+1,0.028417717229351006
condition0,theta0_sample_070,Citrate,citrate,reporter,6,2,M+2,0.11414473354852389
condition0,theta0_sample_070,Citrate,citrate,reporter,6,3,M+3,0.123908056072982
condition0,theta0_sample_070,Citrate,citrate,reporter,6,4,M+4,0.29780202225318408
condition0,theta0_sample_070,Citrate,citrate,reporter,6,5,M+5,0.13591964339273707
condition0,theta0_sample_070,Citrate,citrate,reporter,6,6,M+6,0.28346039024637171
condition0,theta0_sample_070,aKG,akg,direct,5,0,M+0,0.022204949237987284
condition0,theta0_sample_070,aKG,akg,direct,5,1,M+1,0.06119043855656426
condition0,theta0_sample_070,aKG,akg,direct,5,2,M+2,0.13218218982658539
condition0,theta0_sample_070,aKG,akg,direct,5,3,M+3,0.27980956950400193
condition0,theta0_sample_070,aKG,akg,direct,5,4,M+4,0.18804779109604539
condition0,theta0_sample_070,aKG,akg,direct,5,5,M+5,0.31656506177881494
condition0,theta0_sample_070,Succinate,succinate,direct,4,0,M+0,0.047340374859164223
condition0,theta0_sample_070,Succinate,succinate,direct,4,1,M+1,0.083247772743110557
condition0,theta0_sample_070,Succinate,succinate,direct,4,2,M+2,0.28056321958196184
condition0,theta0_sample_070,Succinate,succinate,direct,4,3,M+3,0.19976874317008703
condition0,theta0_sample_070,Succinate,succinate,direct,4,4,M+4,0.3890798896456758
condition0,theta0_sample_070,Fumarate,fumarate,direct,4,0,M+0,0.047340374859164223
condition0,theta0_sample_070,Fumarate,fumarate,direct,4,1,M+1,0.083247772743110557
condition0,theta0_sample_070,Fumarate,fumarate,direct,4,2,M+2,0.28056321958196184
condition0,theta0_sample_070,Fumarate,fumarate,direct,4,3,M+3,0.19976874317008703
condition0,theta0_sample_070,Fumarate,fumarate,direct,4,4,M+4,0.3890798896456758
condition0,theta0_sample_070,Malate,malate,direct,4,0,M+0,0.051700648642368383
condition0,theta0_sample_070,Malate,malate,direct,4,1,M+1,0.074750736438806795
condition0,theta0_sample_070,Malate,malate,direct,4,2,M+2,0.2947994505098363
condition0,theta0_sample_070,Malate,malate,direct,4,3,M+3,0.17934629509443278
condition0,theta0_sample_070,Malate,malate,direct,4,4,M+4,0.39940286931455521
condition0,theta0_sample_070,Glutamine,glutamine,direct,5,0,M+0,0.022204949237987284
condition0,theta0_sample_070,Glutamine,glutamine,direct,5,1,M+1,0.06119043855656426
condition0,theta0_sample_070,Glutamine,glutamine,direct,5,2,M+2,0.13218218982658539
condition0,theta0_sample_070,Glutamine,glutamine,direct,5,3,M+3,0.27980956950400188
condition0,theta0_sample_070,Glutamine,glutamine,direct,5,4,M+4,0.18804779109604539
condition0,theta0_sample_070,Glutamine,glutamine,direct,5,5,M+5,0.31656506177881499
condition0,theta0_sample_070,Aspartate,aspartate,reporter,4,0,M+0,0.055888096249023418
condition0,theta0_sample_070,Aspartate,aspartate,reporter,4,1,M+1,0.094288713499295351
condition0,theta0_sample_070,Aspartate,aspartate,reporter,4,2,M+2,0.25308557915671243
condition0,theta0_sample_070,Aspartate,aspartate,reporter,4,3,M+3,0.18741031619259482
condition0,theta0_sample_070,Aspartate,aspartate,reporter,4,4,M+4,0.40932729490237352
condition0,theta0_sample_070,Glycine,glycine,reporter,2,0,M+0,0.2592013052153595
condition0,theta0_sample_070,Glycine,glycine,reporter,2,1,M+1,0.081597389569280879
condition0,theta0_sample_070,Glycine,glycine,reporter,2,2,M+2,0.65920130521535947
condition0,theta0_sample_070,Serine,serine,reporter,3,0,M+0,0.2592013052153595
condition0,theta0_sample_070,Serine,serine,reporter,3,1,M+1,0.040798694784640432
condition0,theta0_sample_070,Serine,serine,reporter,3,2,M+2,0.040798694784640446
condition0,theta0_sample_070,Serine,serine,reporter,3,3,M+3,0.65920130521535947
condition0,theta0_sample_071,Pyruvate,pyruvate,direct,3,0,M+0,0.25360311716814588
condition0,theta0_sample_071,Pyruvate,pyruvate,direct,3,1,M+1,0.045923004195697739
condition0,theta0_sample_071,Pyruvate,pyruvate,direct,3,2,M+2,0.047344640104166801
condition0,theta0_sample_071,Pyruvate,pyruvate,direct,3,3,M+3,0.65312923853198956
condition0,theta0_sample_071,Alanine,alanine,reporter,3,0,M+0,0.25360311716814588
condition0,theta0_sample_071,Alanine,alanine,reporter,3,1,M+1,0.045923004195697739
condition0,theta0_sample_071,Alanine,alanine,reporter,3,2,M+2,0.047344640104166801
condition0,theta0_sample_071,Alanine,alanine,reporter,3,3,M+3,0.65312923853198956
condition0,theta0_sample_071,Lactate,lactate,reporter,3,0,M+0,0.25360311716814588
condition0,theta0_sample_071,Lactate,lactate,reporter,3,1,M+1,0.045923004195697739
condition0,theta0_sample_071,Lactate,lactate,reporter,3,2,M+2,0.047344640104166801
condition0,theta0_sample_071,Lactate,lactate,reporter,3,3,M+3,0.65312923853198956
condition0,theta0_sample_071,Citrate,citrate,reporter,6,0,M+0,0.016767405118916789
condition0,theta0_sample_071,Citrate,citrate,reporter,6,1,M+1,0.025187877132627205
condition0,theta0_sample_071,Citrate,citrate,reporter,6,2,M+2,0.12138151582661945
condition0,theta0_sample_071,Citrate,citrate,reporter,6,3,M+3,0.11169926053743831
condition0,theta0_sample_071,Citrate,citrate,reporter,6,4,M+4,0.31443729288746924
condition0,theta0_sample_071,Citrate,citrate,reporter,6,5,M+5,0.12395775292963046
condition0,theta0_sample_071,Citrate,citrate,reporter,6,6,M+6,0.28656889556729792
condition0,theta0_sample_071,aKG,akg,direct,5,0,M+0,0.022616290217130432
condition0,theta0_sample_071,aKG,akg,direct,5,1,M+1,0.061441077275676159
condition0,theta0_sample_071,aKG,akg,direct,5,2,M+2,0.13174726024712533
condition0,theta0_sample_071,aKG,akg,direct,5,3,M+3,0.28069826623452249
condition0,theta0_sample_071,aKG,akg,direct,5,4,M+4,0.18451592660122082
condition0,theta0_sample_071,aKG,akg,direct,5,5,M+5,0.31898117942432397
condition0,theta0_sample_071,Succinate,succinate,direct,4,0,M+0,0.048078872167610177
condition0,theta0_sample_071,Succinate,succinate,direct,4,1,M+1,0.082860052239276963
condition0,theta0_sample_071,Succinate,succinate,direct,4,2,M+2,0.28157251179270382
condition0,theta0_sample_071,Succinate,succinate,direct,4,3,M+3,0.1959593310263196
condition0,theta0_sample_071,Succinate,succinate,direct,4,4,M+4,0.39152923277408863
condition0,theta0_sample_071,Fumarate,fumarate,direct,4,0,M+0,0.048078872167610177
condition0,theta0_sample_071,Fumarate,fumarate,direct,4,1,M+1,0.082860052239276949
condition0,theta0_sample_071,Fumarate,fumarate,direct,4,2,M+2,0.28157251179270382
condition0,theta0_sample_071,Fumarate,fumarate,direct,4,3,M+3,0.1959593310263196
condition0,theta0_sample_071,Fumarate,fumarate,direct,4,4,M+4,0.39152923277408858
condition0,theta0_sample_071,Malate,malate,direct,4,0,M+0,0.054171498540732908
condition0,theta0_sample_071,Malate,malate,direct,4,1,M+1,0.070821284158639267
condition0,theta0_sample_071,Malate,malate,direct,4,2,M+2,0.30168595348230259
condition0,theta0_sample_071,Malate,malate,direct,4,3,M+3,0.16747824639654424
condition0,theta0_sample_071,Malate,malate,direct,4,4,M+4,0.40584301742178019
condition0,theta0_sample_071,Glutamine,glutamine,direct,5,0,M+0,0.022616290217130432
condition0,theta0_sample_071,Glutamine,glutamine,direct,5,1,M+1,0.061441077275676159
condition0,theta0_sample_071,Glutamine,glutamine,direct,5,2,M+2,0.13174726024712533
condition0,theta0_sample_071,Glutamine,glutamine,direct,5,3,M+3,0.28069826623452249
condition0,theta0_sample_071,Glutamine,glutamine,direct,5,4,M+4,0.18451592660122079
condition0,theta0_sample_071,Glutamine,glutamine,direct,5,5,M+5,0.31898117942432391
condition0,theta0_sample_071,Aspartate,aspartate,reporter,4,0,M+0,0.056563246658508676
condition0,theta0_sample_071,Aspartate,aspartate,reporter,4,1,M+1,0.083608961357620984
condition0,theta0_sample_071,Aspartate,aspartate,reporter,4,2,M+2,0.27457125518702202
condition0,theta0_sample_071,Aspartate,aspartate,reporter,4,3,M+3,0.1737776189190573
condition0,theta0_sample_071,Aspartate,aspartate,reporter,4,4,M+4,0.4114789178777904
condition0,theta0_sample_071,Glycine,glycine,reporter,2,0,M+0,0.25678885489319886
condition0,theta0_sample_071,Glycine,glycine,reporter,2,1,M+1,0.08642229021360219
condition0,theta0_sample_071,Glycine,glycine,reporter,2,2,M+2,0.65678885489319894
condition0,theta0_sample_071,Serine,serine,reporter,3,0,M+0,0.25678885489319886
condition0,theta0_sample_071,Serine,serine,reporter,3,1,M+1,0.043211145106801095
condition0,theta0_sample_071,Serine,serine,reporter,3,2,M+2,0.043211145106801095
condition0,theta0_sample_071,Serine,serine,reporter,3,3,M+3,0.65678885489319894
condition0,theta0_sample_072,Pyruvate,pyruvate,direct,3,0,M+0,0.25435003434443615
condition0,theta0_sample_072,Pyruvate,pyruvate,direct,3,1,M+1,0.045106543949551048
condition0,theta0_sample_072,Pyruvate,pyruvate,direct,3,2,M+2,0.046736809067589057
condition0,theta0_sample_072,Pyruvate,pyruvate,direct,3,3,M+3,0.65380661263842343
condition0,theta0_sample_072,Alanine,alanine,reporter,3,0,M+0,0.25435003434443615
condition0,theta0_sample_072,Alanine,alanine,reporter,3,1,M+1,0.045106543949551048
condition0,theta0_sample_072,Alanine,alanine,reporter,3,2,M+2,0.046736809067589057
condition0,theta0_sample_072,Alanine,alanine,reporter,3,3,M+3,0.65380661263842343
condition0,theta0_sample_072,Lactate,lactate,reporter,3,0,M+0,0.25435003434443615
condition0,theta0_sample_072,Lactate,lactate,reporter,3,1,M+1,0.045106543949551048
condition0,theta0_sample_072,Lactate,lactate,reporter,3,2,M+2,0.046736809067589057
condition0,theta0_sample_072,Lactate,lactate,reporter,3,3,M+3,0.65380661263842343
condition0,theta0_sample_072,Citrate,citrate,reporter,6,0,M+0,0.016428935072946921
condition0,theta0_sample_072,Citrate,citrate,reporter,6,1,M+1,0.028663241099022668
condition0,theta0_sample_072,Citrate,citrate,reporter,6,2,M+2,0.11391894989213247
condition0,theta0_sample_072,Citrate,citrate,reporter,6,3,M+3,0.12413547124612823
condition0,theta0_sample_072,Citrate,citrate,reporter,6,4,M+4,0.29783256375385597
condition0,theta0_sample_072,Citrate,citrate,reporter,6,5,M+5,0.13436284325257764
condition0,theta0_sample_072,Citrate,citrate,reporter,6,6,M+6,0.28465799568333555
condition0,theta0_sample_072,aKG,akg,direct,5,0,M+0,0.022484110161854195
condition0,theta0_sample_072,aKG,akg,direct,5,1,M+1,0.061387192008291208
condition0,theta0_sample_072,aKG,akg,direct,5,2,M+2,0.13191367507186749
condition0,theta0_sample_072,aKG,akg,direct,5,3,M+3,0.28032088192007942
condition0,theta0_sample_072,aKG,akg,direct,5,4,M+4,0.18564789210180213
condition0,theta0_sample_072,aKG,akg,direct,5,5,M+5,0.31824624873610496
condition0,theta0_sample_072,Succinate,succinate,direct,4,0,M+0,0.046862276068467809
condition0,theta0_sample_072,Succinate,succinate,direct,4,1,M+1,0.085193419544447174
condition0,theta0_sample_072,Succinate,succinate,direct,4,2,M+2,0.27765029131971553
condition0,theta0_sample_072,Succinate,succinate,direct,4,3,M+3,0.20167005445335576
condition0,theta0_sample_072,Succinate,succinate,direct,4,4,M+4,0.38862395861401339
condition0,theta0_sample_072,Fumarate,fumarate,direct,4,0,M+0,0.046862276068467809
condition0,theta0_sample_072,Fumarate,fumarate,direct,4,1,M+1,0.085193419544447174
condition0,theta0_sample_072,Fumarate,fumarate,direct,4,2,M+2,0.27765029131971553
condition0,theta0_sample_072,Fumarate,fumarate,direct,4,3,M+3,0.20167005445335576
condition0,theta0_sample_072,Fumarate,fumarate,direct,4,4,M+4,0.38862395861401339
condition0,theta0_sample_072,Malate,malate,direct,4,0,M+0,0.051260015026560669
condition0,theta0_sample_072,Malate,malate,direct,4,1,M+1,0.076511257714039452
condition0,theta0_sample_072,Malate,malate,direct,4,2,M+2,0.29215833306565436
condition0,theta0_sample_072,Malate,malate,direct,4,3,M+3,0.18110950062032977
condition0,theta0_sample_072,Malate,malate,direct,4,4,M+4,0.39896089357341541
condition0,theta0_sample_072,Glutamine,glutamine,direct,5,0,M+0,0.022484110161854191
condition0,theta0_sample_072,Glutamine,glutamine,direct,5,1,M+1,0.061387192008291201
condition0,theta0_sample_072,Glutamine,glutamine,direct,5,2,M+2,0.13191367507186749
condition0,theta0_sample_072,Glutamine,glutamine,direct,5,3,M+3,0.28032088192007942
condition0,theta0_sample_072,Glutamine,glutamine,direct,5,4,M+4,0.18564789210180213
condition0,theta0_sample_072,Glutamine,glutamine,direct,5,5,M+5,0.31824624873610496
condition0,theta0_sample_072,Aspartate,aspartate,reporter,4,0,M+0,0.0554686547000783
condition0,theta0_sample_072,Aspartate,aspartate,reporter,4,1,M+1,0.095345819854560476
condition0,theta0_sample_072,Aspartate,aspartate,reporter,4,2,M+2,0.2517855990798657
condition0,theta0_sample_072,Aspartate,aspartate,reporter,4,3,M+3,0.18851672347627363
condition0,theta0_sample_072,Aspartate,aspartate,reporter,4,4,M+4,0.40888320288922164
condition0,theta0_sample_072,Glycine,glycine,reporter,2,0,M+0,0.25780678813694291
condition0,theta0_sample_072,Glycine,glycine,reporter,2,1,M+1,0.084386423726114004
condition0,theta0_sample_072,Glycine,glycine,reporter,2,2,M+2,0.65780678813694293
condition0,theta0_sample_072,Serine,serine,reporter,3,0,M+0,0.25780678813694291
condition0,theta0_sample_072,Serine,serine,reporter,3,1,M+1,0.042193211863057002
condition0,theta0_sample_072,Serine,serine,reporter,3,2,M+2,0.042193211863057002
condition0,theta0_sample_072,Serine,serine,reporter,3,3,M+3,0.65780678813694293
condition0,theta0_sample_073,Pyruvate,pyruvate,direct,3,0,M+0,0.25101269618245658
condition0,theta0_sample_073,Pyruvate,pyruvate,direct,3,1,M+1,0.04727705526147187
condition0,theta0_sample_073,Pyruvate,pyruvate,direct,3,2,M+2,0.052407800929686256
condition0,theta0_sample_073,Pyruvate,pyruvate,direct,3,3,M+3,0.64930244762638523
condition0,theta0_sample_073,Alanine,alanine,reporter,3,0,M+0,0.25101269618245658
condition0,theta0_sample_073,Alanine,alanine,reporter,3,1,M+1,0.04727705526147187
condition0,theta0_sample_073,Alanine,alanine,reporter,3,2,M+2,0.052407800929686256
condition0,theta0_sample_073,Alanine,alanine,reporter,3,3,M+3,0.64930244762638523
condition0,theta0_sample_073,Lactate,lactate,reporter,3,0,M+0,0.25101269618245658
condition0,theta0_sample_073,Lactate,lactate,reporter,3,1,M+1,0.04727705526147187
condition0,theta0_sample_073,Lactate,lactate,reporter,3,2,M+2,0.052407800929686256
condition0,theta0_sample_073,Lactate,lactate,reporter,3,3,M+3,0.64930244762638523
condition0,theta0_sample_073,Citrate,citrate,reporter,6,0,M+0,0.016418310841991992
condition0,theta0_sample_073,Citrate,citrate,reporter,6,1,M+1,0.030046028467181261
condition0,theta0_sample_073,Citrate,citrate,reporter,6,2,M+2,0.11109325517486758
condition0,theta0_sample_073,Citrate,citrate,reporter,6,3,M+3,0.12921523253003075
condition0,theta0_sample_073,Citrate,citrate,reporter,6,4,M+4,0.28913055265446314
condition0,theta0_sample_073,Citrate,citrate,reporter,6,5,M+5,0.14098016901365368
condition0,theta0_sample_073,Citrate,citrate,reporter,6,6,M+6,0.28311645131781205
condition0,theta0_sample_073,aKG,akg,direct,5,0,M+0,0.022017080325252947
condition0,theta0_sample_073,aKG,akg,direct,5,1,M+1,0.061019740437645353
condition0,theta0_sample_073,aKG,akg,direct,5,2,M+2,0.13232460656222381
condition0,theta0_sample_073,aKG,akg,direct,5,3,M+3,0.27959734728529911
condition0,theta0_sample_073,aKG,akg,direct,5,4,M+4,0.18966712236588476
condition0,theta0_sample_073,aKG,akg,direct,5,5,M+5,0.31537410302369445
condition0,theta0_sample_073,Succinate,succinate,direct,4,0,M+0,0.048138151298017032
condition0,theta0_sample_073,Succinate,succinate,direct,4,1,M+1,0.080607103490042492
condition0,theta0_sample_073,Succinate,succinate,direct,4,2,M+2,0.28461596287862151
condition0,theta0_sample_073,Succinate,succinate,direct,4,3,M+3,0.19639415858056178
condition0,theta0_sample_073,Succinate,succinate,direct,4,4,M+4,0.39024462375275759
condition0,theta0_sample_073,Fumarate,fumarate,direct,4,0,M+0,0.048138151298017025
condition0,theta0_sample_073,Fumarate,fumarate,direct,4,1,M+1,0.080607103490042492
condition0,theta0_sample_073,Fumarate,fumarate,direct,4,2,M+2,0.28461596287862151
condition0,theta0_sample_073,Fumarate,fumarate,direct,4,3,M+3,0.19639415858056175
condition0,theta0_sample_073,Fumarate,fumarate,direct,4,4,M+4,0.39024462375275759
condition0,theta0_sample_073,Malate,malate,direct,4,0,M+0,0.051350033737427352
condition0,theta0_sample_073,Malate,malate,direct,4,1,M+1,0.074444376770432738
condition0,theta0_sample_073,Malate,malate,direct,4,2,M+2,0.29497418679770809
condition0,theta0_sample_073,Malate,malate,direct,4,3,M+3,0.18131836114357666
condition0,theta0_sample_073,Malate,malate,direct,4,4,M+4,0.39791304155085561
condition0,theta0_sample_073,Glutamine,glutamine,direct,5,0,M+0,0.022017080325252951
condition0,theta0_sample_073,Glutamine,glutamine,direct,5,1,M+1,0.06101974043764536
condition0,theta0_sample_073,Glutamine,glutamine,direct,5,2,M+2,0.13232460656222383
condition0,theta0_sample_073,Glutamine,glutamine,direct,5,3,M+3,0.27959734728529917
condition0,theta0_sample_073,Glutamine,glutamine,direct,5,4,M+4,0.18966712236588479
condition0,theta0_sample_073,Glutamine,glutamine,direct,5,5,M+5,0.31537410302369451
condition0,theta0_sample_073,Aspartate,aspartate,reporter,4,0,M+0,0.056951635199555893
condition0,theta0_sample_073,Aspartate,aspartate,reporter,4,1,M+1,0.099594685250221096
condition0,theta0_sample_073,Aspartate,aspartate,reporter,4,2,M+2,0.24129170908839268
condition0,theta0_sample_073,Aspartate,aspartate,reporter,4,3,M+3,0.19082598527432829
condition0,theta0_sample_073,Aspartate,aspartate,reporter,4,4,M+4,0.41133598518750253
condition0,theta0_sample_073,Glycine,glycine,reporter,2,0,M+0,0.2618839252764798
condition0,theta0_sample_073,Glycine,glycine,reporter,2,1,M+1,0.076232149447040182
condition0,theta0_sample_073,Glycine,glycine,reporter,2,2,M+2,0.66188392527647977
condition0,theta0_sample_073,Serine,serine,reporter,3,0,M+0,0.2618839252764798
condition0,theta0_sample_073,Serine,serine,reporter,3,1,M+1,0.038116074723520077
condition0,theta0_sample_073,Serine,serine,reporter,3,2,M+2,0.038116074723520091
condition0,theta0_sample_073,Serine,serine,reporter,3,3,M+3,0.66188392527647977
condition0,theta0_sample_074,Pyruvate,pyruvate,direct,3,0,M+0,0.25532386713338612
condition0,theta0_sample_074,Pyruvate,pyruvate,direct,3,1,M+1,0.044041895496901018
condition0,theta0_sample_074,Pyruvate,pyruvate,direct,3,2,M+2,0.045944607606039529
condition0,theta0_sample_074,Pyruvate,pyruvate,direct,3,3,M+3,0.65468962976367329
condition0,theta0_sample_074,Alanine,alanine,reporter,3,0,M+0,0.25532386713338612
condition0,theta0_sample_074,Alanine,alanine,reporter,3,1,M+1,0.044041895496901018
condition0,theta0_sample_074,Alanine,alanine,reporter,3,2,M+2,0.045944607606039529
condition0,theta0_sample_074,Alanine,alanine,reporter,3,3,M+3,0.65468962976367329
condition0,theta0_sample_074,Lactate,lactate,reporter,3,0,M+0,0.25532386713338612
condition0,theta0_sample_074,Lactate,lactate,reporter,3,1,M+1,0.044041895496901018
condition0,theta0_sample_074,Lactate,lactate,reporter,3,2,M+2,0.045944607606039529
condition0,theta0_sample_074,Lactate,lactate,reporter,3,3,M+3,0.65468962976367329
condition0,theta0_sample_074,Citrate,citrate,reporter,6,0,M+0,0.01652564976272719
condition0,theta0_sample_074,Citrate,citrate,reporter,6,1,M+1,0.029611862126091935
condition0,theta0_sample_074,Citrate,citrate,reporter,6,2,M+2,0.11220080698524543
condition0,theta0_sample_074,Citrate,citrate,reporter,6,3,M+3,0.12704742023383797
condition0,theta0_sample_074,Citrate,citrate,reporter,6,4,M+4,0.29329496291326557
condition0,theta0_sample_074,Citrate,citrate,reporter,6,5,M+5,0.13625137632414899
condition0,theta0_sample_074,Citrate,citrate,reporter,6,6,M+6,0.28506792165468225
condition0,theta0_sample_074,aKG,akg,direct,5,0,M+0,0.022499146549715278
condition0,theta0_sample_074,aKG,akg,direct,5,1,M+1,0.061377013975577828
condition0,theta0_sample_074,aKG,akg,direct,5,2,M+2,0.13187843639271893
condition0,theta0_sample_074,aKG,akg,direct,5,3,M+3,0.28041998346253744
condition0,theta0_sample_074,aKG,akg,direct,5,4,M+4,0.1855209352458794
condition0,theta0_sample_074,aKG,akg,direct,5,5,M+5,0.3183044843735704
condition0,theta0_sample_074,Succinate,succinate,direct,4,0,M+0,0.047177608646492029
condition0,theta0_sample_074,Succinate,succinate,direct,4,1,M+1,0.08440384283355
condition0,theta0_sample_074,Succinate,succinate,direct,4,2,M+2,0.27891328198626109
condition0,theta0_sample_074,Succinate,succinate,direct,4,3,M+3,0.20025147294085879
condition0,theta0_sample_074,Succinate,succinate,direct,4,4,M+4,0.38925379359283752
condition0,theta0_sample_074,Fumarate,fumarate,direct,4,0,M+0,0.047177608646492029
condition0,theta0_sample_074,Fumarate,fumarate,direct,4,1,M+1,0.08440384283355
condition0,theta0_sample_074,Fumarate,fumarate,direct,4,2,M+2,0.27891328198626109
condition0,theta0_sample_074,Fumarate,fumarate,direct,4,3,M+3,0.20025147294085879
condition0,theta0_sample_074,Fumarate,fumarate,direct,4,4,M+4,0.38925379359283752
condition0,theta0_sample_074,Malate,malate,direct,4,0,M+0,0.05097708136927178
condition0,theta0_sample_074,Malate,malate,direct,4,1,M+1,0.076918519417648462
condition0,theta0_sample_074,Malate,malate,direct,4,2,M+2,0.29142669502264962
condition0,theta0_sample_074,Malate,malate,direct,4,3,M+3,0.1824827262246673
condition0,theta0_sample_074,Malate,malate,direct,4,4,M+4,0.3981949779657622
condition0,theta0_sample_074,Glutamine,glutamine,direct,5,0,M+0,0.022499146549715278
condition0,theta0_sample_074,Glutamine,glutamine,direct,5,1,M+1,0.061377013975577814
condition0,theta0_sample_074,Glutamine,glutamine,direct,5,2,M+2,0.13187843639271893
condition0,theta0_sample_074,Glutamine,glutamine,direct,5,3,M+3,0.28041998346253744
condition0,theta0_sample_074,Glutamine,glutamine,direct,5,4,M+4,0.1855209352458794
condition0,theta0_sample_074,Glutamine,glutamine,direct,5,5,M+5,0.31830448437357034
condition0,theta0_sample_074,Aspartate,aspartate,reporter,4,0,M+0,0.055909156421752516
condition0,theta0_sample_074,Aspartate,aspartate,reporter,4,1,M+1,0.098510150399920893
condition0,theta0_sample_074,Aspartate,aspartate,reporter,4,2,M+2,0.2450796623869621
condition0,theta0_sample_074,Aspartate,aspartate,reporter,4,3,M+3,0.19067359833930217
condition0,theta0_sample_074,Aspartate,aspartate,reporter,4,4,M+4,0.40982743245206171
condition0,theta0_sample_074,Glycine,glycine,reporter,2,0,M+0,0.25936394560416981
condition0,theta0_sample_074,Glycine,glycine,reporter,2,1,M+1,0.081272108791660275
condition0,theta0_sample_074,Glycine,glycine,reporter,2,2,M+2,0.65936394560416989
condition0,theta0_sample_074,Serine,serine,reporter,3,0,M+0,0.25936394560416981
condition0,theta0_sample_074,Serine,serine,reporter,3,1,M+1,0.040636054395830137
condition0,theta0_sample_074,Serine,serine,reporter,3,2,M+2,0.040636054395830137
condition0,theta0_sample_074,Serine,serine,reporter,3,3,M+3,0.65936394560416989
condition0,theta0_sample_075,Pyruvate,pyruvate,direct,3,0,M+0,0.24993039844692988
condition0,theta0_sample_075,Pyruvate,pyruvate,direct,3,1,M+1,0.049690265796151691
condition0,theta0_sample_075,Pyruvate,pyruvate,direct,3,2,M+2,0.050828273066906765
condition0,theta0_sample_075,Pyruvate,pyruvate,direct,3,3,M+3,0.64955106269001139
condition0,theta0_sample_075,Alanine,alanine,reporter,3,0,M+0,0.24993039844692988
condition0,theta0_sample_075,Alanine,alanine,reporter,3,1,M+1,0.049690265796151691
condition0,theta0_sample_075,Alanine,alanine,reporter,3,2,M+2,0.050828273066906765
condition0,theta0_sample_075,Alanine,alanine,reporter,3,3,M+3,0.64955106269001139
condition0,theta0_sample_075,Lactate,lactate,reporter,3,0,M+0,0.24993039844692988
condition0,theta0_sample_075,Lactate,lactate,reporter,3,1,M+1,0.049690265796151691
condition0,theta0_sample_075,Lactate,lactate,reporter,3,2,M+2,0.050828273066906765
condition0,theta0_sample_075,Lactate,lactate,reporter,3,3,M+3,0.64955106269001139
condition0,theta0_sample_075,Citrate,citrate,reporter,6,0,M+0,0.016447514865701732
condition0,theta0_sample_075,Citrate,citrate,reporter,6,1,M+1,0.030806906878369799
condition0,theta0_sample_075,Citrate,citrate,reporter,6,2,M+2,0.1097403581981761
condition0,theta0_sample_075,Citrate,citrate,reporter,6,3,M+3,0.13106046387679054
condition0,theta0_sample_075,Citrate,citrate,reporter,6,4,M+4,0.28819667200741805
condition0,theta0_sample_075,Citrate,citrate,reporter,6,5,M+5,0.13874420797602738
condition0,theta0_sample_075,Citrate,citrate,reporter,6,6,M+6,0.28500387619751572
condition0,theta0_sample_075,aKG,akg,direct,5,0,M+0,0.022621956629086452
condition0,theta0_sample_075,aKG,akg,direct,5,1,M+1,0.061467684307968833
condition0,theta0_sample_075,aKG,akg,direct,5,2,M+2,0.13176442325949139
condition0,theta0_sample_075,aKG,akg,direct,5,3,M+3,0.28063075450754932
condition0,theta0_sample_075,aKG,akg,direct,5,4,M+4,0.18446470082911876
condition0,theta0_sample_075,aKG,akg,direct,5,5,M+5,0.31905048046678458
condition0,theta0_sample_075,Succinate,succinate,direct,4,0,M+0,0.046867696927685741
condition0,theta0_sample_075,Succinate,succinate,direct,4,1,M+1,0.085518661191949147
condition0,theta0_sample_075,Succinate,succinate,direct,4,2,M+2,0.27722024969585812
condition0,theta0_sample_075,Succinate,succinate,direct,4,3,M+3,0.20153272932169281
condition0,theta0_sample_075,Succinate,succinate,direct,4,4,M+4,0.38886066286281362
condition0,theta0_sample_075,Fumarate,fumarate,direct,4,0,M+0,0.046867696927685741
condition0,theta0_sample_075,Fumarate,fumarate,direct,4,1,M+1,0.085518661191949147
condition0,theta0_sample_075,Fumarate,fumarate,direct,4,2,M+2,0.27722024969585812
condition0,theta0_sample_075,Fumarate,fumarate,direct,4,3,M+3,0.20153272932169281
condition0,theta0_sample_075,Fumarate,fumarate,direct,4,4,M+4,0.38886066286281362
condition0,theta0_sample_075,Malate,malate,direct,4,0,M+0,0.049966552644938531
condition0,theta0_sample_075,Malate,malate,direct,4,1,M+1,0.0793755368836008
condition0,theta0_sample_075,Malate,malate,direct,4,2,M+2,0.28747698591849113
condition0,theta0_sample_075,Malate,malate,direct,4,3,M+3,0.18705320693246064
condition0,theta0_sample_075,Malate,malate,direct,4,4,M+4,0.3961277176205083
condition0,theta0_sample_075,Glutamine,glutamine,direct,5,0,M+0,0.022621956629086452
condition0,theta0_sample_075,Glutamine,glutamine,direct,5,1,M+1,0.061467684307968826
condition0,theta0_sample_075,Glutamine,glutamine,direct,5,2,M+2,0.13176442325949136
condition0,theta0_sample_075,Glutamine,glutamine,direct,5,3,M+3,0.28063075450754932
condition0,theta0_sample_075,Glutamine,glutamine,direct,5,4,M+4,0.18446470082911876
condition0,theta0_sample_075,Glutamine,glutamine,direct,5,5,M+5,0.31905048046678458
condition0,theta0_sample_075,Aspartate,aspartate,reporter,4,0,M+0,0.055307928100028374
condition0,theta0_sample_075,Aspartate,aspartate,reporter,4,1,M+1,0.1026198788812068
condition0,theta0_sample_075,Aspartate,aspartate,reporter,4,2,M+2,0.23751401813850531
condition0,theta0_sample_075,Aspartate,aspartate,reporter,4,3,M+3,0.19588061467925491
condition0,theta0_sample_075,Aspartate,aspartate,reporter,4,4,M+4,0.40867756020100404
condition0,theta0_sample_075,Glycine,glycine,reporter,2,0,M+0,0.25223841408374015
condition0,theta0_sample_075,Glycine,glycine,reporter,2,1,M+1,0.095523171832519835
condition0,theta0_sample_075,Glycine,glycine,reporter,2,2,M+2,0.65223841408374017
condition0,theta0_sample_075,Serine,serine,reporter,3,0,M+0,0.25223841408374015
condition0,theta0_sample_075,Serine,serine,reporter,3,1,M+1,0.04776158591625991
condition0,theta0_sample_075,Serine,serine,reporter,3,2,M+2,0.047761585916259917
condition0,theta0_sample_075,Serine,serine,reporter,3,3,M+3,0.65223841408374017
condition0,theta0_sample_076,Pyruvate,pyruvate,direct,3,0,M+0,0.25454777309149257
condition0,theta0_sample_076,Pyruvate,pyruvate,direct,3,1,M+1,0.044239956176514189
condition0,theta0_sample_076,Pyruvate,pyruvate,direct,3,2,M+2,0.047876768372493661
condition0,theta0_sample_076,Pyruvate,pyruvate,direct,3,3,M+3,0.65333550235949933
condition0,theta0_sample_076,Alanine,alanine,reporter,3,0,M+0,0.25454777309149257
condition0,theta0_sample_076,Alanine,alanine,reporter,3,1,M+1,0.044239956176514189
condition0,theta0_sample_076,Alanine,alanine,reporter,3,2,M+2,0.047876768372493661
condition0,theta0_sample_076,Alanine,alanine,reporter,3,3,M+3,0.65333550235949933
condition0,theta0_sample_076,Lactate,lactate,reporter,3,0,M+0,0.25454777309149257
condition0,theta0_sample_076,Lactate,lactate,reporter,3,1,M+1,0.044239956176514189
condition0,theta0_sample_076,Lactate,lactate,reporter,3,2,M+2,0.047876768372493661
condition0,theta0_sample_076,Lactate,lactate,reporter,3,3,M+3,0.65333550235949933
condition0,theta0_sample_076,Citrate,citrate,reporter,6,0,M+0,0.016837183469169032
condition0,theta0_sample_076,Citrate,citrate,reporter,6,1,M+1,0.034264343657799227
condition0,theta0_sample_076,Citrate,citrate,reporter,6,2,M+2,0.10369768032145685
condition0,theta0_sample_076,Citrate,citrate,reporter,6,3,M+3,0.14151959195903199
condition0,theta0_sample_076,Citrate,citrate,reporter,6,4,M+4,0.27073942570202653
condition0,theta0_sample_076,Citrate,citrate,reporter,6,5,M+5,0.14682683232901333
condition0,theta0_sample_076,Citrate,citrate,reporter,6,6,M+6,0.28611494256150311
condition0,theta0_sample_076,aKG,akg,direct,5,0,M+0,0.022296971782822157
condition0,theta0_sample_076,aKG,akg,direct,5,1,M+1,0.06120680432342944
condition0,theta0_sample_076,aKG,akg,direct,5,2,M+2,0.13204518468539256
condition0,theta0_sample_076,aKG,akg,direct,5,3,M+3,0.28014514640539312
condition0,theta0_sample_076,aKG,akg,direct,5,4,M+4,0.18726207692520816
condition0,theta0_sample_076,aKG,akg,direct,5,5,M+5,0.31704381587775499
condition0,theta0_sample_076,Succinate,succinate,direct,4,0,M+0,0.047854526029905302
condition0,theta0_sample_076,Succinate,succinate,direct,4,1,M+1,0.082029735796645131
condition0,theta0_sample_076,Succinate,succinate,direct,4,2,M+2,0.28253003629107687
condition0,theta0_sample_076,Succinate,succinate,direct,4,3,M+3,0.19743261590829025
condition0,theta0_sample_076,Succinate,succinate,direct,4,4,M+4,0.39015308597408294
condition0,theta0_sample_076,Fumarate,fumarate,direct,4,0,M+0,0.047854526029905309
condition0,theta0_sample_076,Fumarate,fumarate,direct,4,1,M+1,0.082029735796645131
condition0,theta0_sample_076,Fumarate,fumarate,direct,4,2,M+2,0.28253003629107692
condition0,theta0_sample_076,Fumarate,fumarate,direct,4,3,M+3,0.19743261590829025
condition0,theta0_sample_076,Fumarate,fumarate,direct,4,4,M+4,0.39015308597408294
condition0,theta0_sample_076,Malate,malate,direct,4,0,M+0,0.048879410919776607
condition0,theta0_sample_076,Malate,malate,direct,4,1,M+1,0.080038414017831697
condition0,theta0_sample_076,Malate,malate,direct,4,2,M+2,0.28586838858940899
condition0,theta0_sample_076,Malate,malate,direct,4,3,M+3,0.19263033708858107
condition0,theta0_sample_076,Malate,malate,direct,4,4,M+4,0.39258344938440215
condition0,theta0_sample_076,Glutamine,glutamine,direct,5,0,M+0,0.022296971782822153
condition0,theta0_sample_076,Glutamine,glutamine,direct,5,1,M+1,0.061206804323429419
condition0,theta0_sample_076,Glutamine,glutamine,direct,5,2,M+2,0.13204518468539253
condition0,theta0_sample_076,Glutamine,glutamine,direct,5,3,M+3,0.28014514640539312
condition0,theta0_sample_076,Glutamine,glutamine,direct,5,4,M+4,0.1872620769252081
condition0,theta0_sample_076,Glutamine,glutamine,direct,5,5,M+5,0.31704381587775488
condition0,theta0_sample_076,Aspartate,aspartate,reporter,4,0,M+0,0.057724286758019258
condition0,theta0_sample_076,Aspartate,aspartate,reporter,4,1,M+1,0.11417928936324453
condition0,theta0_sample_076,Aspartate,aspartate,reporter,4,2,M+2,0.21211905092408231
condition0,theta0_sample_076,Aspartate,aspartate,reporter,4,3,M+3,0.20232688303002502
condition0,theta0_sample_076,Aspartate,aspartate,reporter,4,4,M+4,0.41365048992462916
condition0,theta0_sample_076,Glycine,glycine,reporter,2,0,M+0,0.26228023103510312
condition0,theta0_sample_076,Glycine,glycine,reporter,2,1,M+1,0.075439537929793507
condition0,theta0_sample_076,Glycine,glycine,reporter,2,2,M+2,0.66228023103510303
condition0,theta0_sample_076,Serine,serine,reporter,3,0,M+0,0.26228023103510312
condition0,theta0_sample_076,Serine,serine,reporter,3,1,M+1,0.037719768964896754
condition0,theta0_sample_076,Serine,serine,reporter,3,2,M+2,0.037719768964896754
condition0,theta0_sample_076,Serine,serine,reporter,3,3,M+3,0.66228023103510303
condition0,theta0_sample_077,Pyruvate,pyruvate,direct,3,0,M+0,0.25448406556137992
condition0,theta0_sample_077,Pyruvate,pyruvate,direct,3,1,M+1,0.045092682991270804
condition0,theta0_sample_077,Pyruvate,pyruvate,direct,3,2,M+2,0.046362437333318331
condition0,theta0_sample_077,Pyruvate,pyruvate,direct,3,3,M+3,0.65406081411403061
condition0,theta0_sample_077,Alanine,alanine,reporter,3,0,M+0,0.25448406556137992
condition0,theta0_sample_077,Alanine,alanine,reporter,3,1,M+1,0.045092682991270804
condition0,theta0_sample_077,Alanine,alanine,reporter,3,2,M+2,0.046362437333318331
condition0,theta0_sample_077,Alanine,alanine,reporter,3,3,M+3,0.65406081411403061
condition0,theta0_sample_077,Lactate,lactate,reporter,3,0,M+0,0.25448406556137992
condition0,theta0_sample_077,Lactate,lactate,reporter,3,1,M+1,0.045092682991270804
condition0,theta0_sample_077,Lactate,lactate,reporter,3,2,M+2,0.046362437333318331
condition0,theta0_sample_077,Lactate,lactate,reporter,3,3,M+3,0.65406081411403061
condition0,theta0_sample_077,Citrate,citrate,reporter,6,0,M+0,0.016620003175763683
condition0,theta0_sample_077,Citrate,citrate,reporter,6,1,M+1,0.033047083164606833
condition0,theta0_sample_077,Citrate,citrate,reporter,6,2,M+2,0.10559758994172072
condition0,theta0_sample_077,Citrate,citrate,reporter,6,3,M+3,0.13801417788650724
condition0,theta0_sample_077,Citrate,citrate,reporter,6,4,M+4,0.27778549878273728
condition0,theta0_sample_077,Citrate,citrate,reporter,6,5,M+5,0.14304067413050117
condition0,theta0_sample_077,Citrate,citrate,reporter,6,6,M+6,0.28589497291816124
condition0,theta0_sample_077,aKG,akg,direct,5,0,M+0,0.022572355715039443
condition0,theta0_sample_077,aKG,akg,direct,5,1,M+1,0.061442487488346992
condition0,theta0_sample_077,aKG,akg,direct,5,2,M+2,0.13182189462994776
condition0,theta0_sample_077,aKG,akg,direct,5,3,M+3,0.28050628040049058
condition0,theta0_sample_077,aKG,akg,direct,5,4,M+4,0.18489002678058769
condition0,theta0_sample_077,aKG,akg,direct,5,5,M+5,0.31876695498558572
condition0,theta0_sample_077,Succinate,succinate,direct,4,0,M+0,0.046968867980049379
condition0,theta0_sample_077,Succinate,succinate,direct,4,1,M+1,0.085236130959382206
condition0,theta0_sample_077,Succinate,succinate,direct,4,2,M+2,0.27766440404085602
condition0,theta0_sample_077,Succinate,succinate,direct,4,3,M+3,0.20108732711994182
condition0,theta0_sample_077,Succinate,succinate,direct,4,4,M+4,0.38904326989976884
condition0,theta0_sample_077,Fumarate,fumarate,direct,4,0,M+0,0.046968867980049372
condition0,theta0_sample_077,Fumarate,fumarate,direct,4,1,M+1,0.085236130959382206
condition0,theta0_sample_077,Fumarate,fumarate,direct,4,2,M+2,0.27766440404085602
condition0,theta0_sample_077,Fumarate,fumarate,direct,4,3,M+3,0.20108732711994182
condition0,theta0_sample_077,Fumarate,fumarate,direct,4,4,M+4,0.38904326989976884
condition0,theta0_sample_077,Malate,malate,direct,4,0,M+0,0.048708430938608174
condition0,theta0_sample_077,Malate,malate,direct,4,1,M+1,0.081791093833707487
condition0,theta0_sample_077,Malate,malate,direct,4,2,M+2,0.28341749551412809
condition0,theta0_sample_077,Malate,malate,direct,4,3,M+3,0.19295800371618643
condition0,theta0_sample_077,Malate,malate,direct,4,4,M+4,0.39312497599736795
condition0,theta0_sample_077,Glutamine,glutamine,direct,5,0,M+0,0.02257235571503944
condition0,theta0_sample_077,Glutamine,glutamine,direct,5,1,M+1,0.061442487488346985
condition0,theta0_sample_077,Glutamine,glutamine,direct,5,2,M+2,0.13182189462994773
condition0,theta0_sample_077,Glutamine,glutamine,direct,5,3,M+3,0.28050628040049053
condition0,theta0_sample_077,Glutamine,glutamine,direct,5,4,M+4,0.18489002678058766
condition0,theta0_sample_077,Glutamine,glutamine,direct,5,5,M+5,0.31876695498558566
condition0,theta0_sample_077,Aspartate,aspartate,reporter,4,0,M+0,0.055942824916772813
condition0,theta0_sample_077,Aspartate,aspartate,reporter,4,1,M+1,0.11014000586424152
condition0,theta0_sample_077,Aspartate,aspartate,reporter,4,2,M+2,0.22201839018452296
condition0,theta0_sample_077,Aspartate,aspartate,reporter,4,3,M+3,0.20177190237113635
condition0,theta0_sample_077,Aspartate,aspartate,reporter,4,4,M+4,0.41012687666332481
condition0,theta0_sample_077,Glycine,glycine,reporter,2,0,M+0,0.25711800310739336
condition0,theta0_sample_077,Glycine,glycine,reporter,2,1,M+1,0.085763993785213127
condition0,theta0_sample_077,Glycine,glycine,reporter,2,2,M+2,0.65711800310739332
condition0,theta0_sample_077,Serine,serine,reporter,3,0,M+0,0.25711800310739336
condition0,theta0_sample_077,Serine,serine,reporter,3,1,M+1,0.042881996892606571
condition0,theta0_sample_077,Serine,serine,reporter,3,2,M+2,0.042881996892606564
condition0,theta0_sample_077,Serine,serine,reporter,3,3,M+3,0.65711800310739332
condition0,theta0_sample_078,Pyruvate,pyruvate,direct,3,0,M+0,0.25696111510407493
condition0,theta0_sample_078,Pyruvate,pyruvate,direct,3,1,M+1,0.042427324078617511
condition0,theta0_sample_078,Pyruvate,pyruvate,direct,3,2,M+2,0.044262006530539973
condition0,theta0_sample_078,Pyruvate,pyruvate,direct,3,3,M+3,0.65634955428676744
condition0,theta0_sample_078,Alanine,alanine,reporter,3,0,M+0,0.25696111510407493
condition0,theta0_sample_078,Alanine,alanine,reporter,3,1,M+1,0.042427324078617511
condition0,theta0_sample_078,Alanine,alanine,reporter,3,2,M+2,0.044262006530539973
condition0,theta0_sample_078,Alanine,alanine,reporter,3,3,M+3,0.65634955428676744
condition0,theta0_sample_078,Lactate,lactate,reporter,3,0,M+0,0.25696111510407493
condition0,theta0_sample_078,Lactate,lactate,reporter,3,1,M+1,0.042427324078617511
condition0,theta0_sample_078,Lactate,lactate,reporter,3,2,M+2,0.044262006530539973
condition0,theta0_sample_078,Lactate,lactate,reporter,3,3,M+3,0.65634955428676744
condition0,theta0_sample_078,Citrate,citrate,reporter,6,0,M+0,0.016742892020338934
condition0,theta0_sample_078,Citrate,citrate,reporter,6,1,M+1,0.033113079976888615
condition0,theta0_sample_078,Citrate,citrate,reporter,6,2,M+2,0.10568093231423992
condition0,theta0_sample_078,Citrate,citrate,reporter,6,3,M+3,0.13796385694849031
condition0,theta0_sample_078,Citrate,citrate,reporter,6,4,M+4,0.27716568198249075
condition0,theta0_sample_078,Citrate,citrate,reporter,6,5,M+5,0.14303058392611009
condition0,theta0_sample_078,Citrate,citrate,reporter,6,6,M+6,0.28630297283144057
condition0,theta0_sample_078,aKG,akg,direct,5,0,M+0,0.022525762750280377
condition0,theta0_sample_078,aKG,akg,direct,5,1,M+1,0.061392104093290017
condition0,theta0_sample_078,aKG,akg,direct,5,2,M+2,0.13184916617615605
condition0,theta0_sample_078,aKG,akg,direct,5,3,M+3,0.28048137168912102
condition0,theta0_sample_078,aKG,akg,direct,5,4,M+4,0.18529252796872747
condition0,theta0_sample_078,aKG,akg,direct,5,5,M+5,0.31845906732242457
condition0,theta0_sample_078,Succinate,succinate,direct,4,0,M+0,0.047349637311302428
condition0,theta0_sample_078,Succinate,succinate,direct,4,1,M+1,0.084123611005968088
condition0,theta0_sample_078,Succinate,succinate,direct,4,2,M+2,0.27940161019957732
condition0,theta0_sample_078,Succinate,succinate,direct,4,3,M+3,0.19942739733773085
condition0,theta0_sample_078,Succinate,succinate,direct,4,4,M+4,0.38969774414542074
condition0,theta0_sample_078,Fumarate,fumarate,direct,4,0,M+0,0.047349637311302428
condition0,theta0_sample_078,Fumarate,fumarate,direct,4,1,M+1,0.084123611005968088
condition0,theta0_sample_078,Fumarate,fumarate,direct,4,2,M+2,0.27940161019957732
condition0,theta0_sample_078,Fumarate,fumarate,direct,4,3,M+3,0.19942739733773085
condition0,theta0_sample_078,Fumarate,fumarate,direct,4,4,M+4,0.38969774414542074
condition0,theta0_sample_078,Malate,malate,direct,4,0,M+0,0.049069801837107449
condition0,theta0_sample_078,Malate,malate,direct,4,1,M+1,0.080732204515535075
condition0,theta0_sample_078,Malate,malate,direct,4,2,M+2,0.2850702618706914
condition0,theta0_sample_078,Malate,malate,direct,4,3,M+3,0.19138365536358179
condition0,theta0_sample_078,Malate,malate,direct,4,4,M+4,0.39374407641308379
condition0,theta0_sample_078,Glutamine,glutamine,direct,5,0,M+0,0.022525762750280377
condition0,theta0_sample_078,Glutamine,glutamine,direct,5,1,M+1,0.061392104093290004
condition0,theta0_sample_078,Glutamine,glutamine,direct,5,2,M+2,0.13184916617615605
condition0,theta0_sample_078,Glutamine,glutamine,direct,5,3,M+3,0.28048137168912102
condition0,theta0_sample_078,Glutamine,glutamine,direct,5,4,M+4,0.18529252796872744
condition0,theta0_sample_078,Glutamine,glutamine,direct,5,5,M+5,0.31845906732242457
condition0,theta0_sample_078,Aspartate,aspartate,reporter,4,0,M+0,0.056603270702984064
condition0,theta0_sample_078,Aspartate,aspartate,reporter,4,1,M+1,0.1103366953384298
condition0,theta0_sample_078,Aspartate,aspartate,reporter,4,2,M+2,0.22099359629030194
condition0,theta0_sample_078,Aspartate,aspartate,reporter,4,3,M+3,0.20058963859216999
condition0,theta0_sample_078,Aspartate,aspartate,reporter,4,4,M+4,0.41147679907611368
condition0,theta0_sample_078,Glycine,glycine,reporter,2,0,M+0,0.26084172906491304
condition0,theta0_sample_078,Glycine,glycine,reporter,2,1,M+1,0.078316541870173825
condition0,theta0_sample_078,Glycine,glycine,reporter,2,2,M+2,0.66084172906491301
condition0,theta0_sample_078,Serine,serine,reporter,3,0,M+0,0.26084172906491304
condition0,theta0_sample_078,Serine,serine,reporter,3,1,M+1,0.039158270935086913
condition0,theta0_sample_078,Serine,serine,reporter,3,2,M+2,0.039158270935086913
condition0,theta0_sample_078,Serine,serine,reporter,3,3,M+3,0.66084172906491301
condition0,theta0_sample_079,Pyruvate,pyruvate,direct,3,0,M+0,0.25587879274117303
condition0,theta0_sample_079,Pyruvate,pyruvate,direct,3,1,M+1,0.042241725875266062
condition0,theta0_sample_079,Pyruvate,pyruvate,direct,3,2,M+2,0.0478801700259485
condition0,theta0_sample_079,Pyruvate,pyruvate,direct,3,3,M+3,0.65399931135761213
condition0,theta0_sample_079,Alanine,alanine,reporter,3,0,M+0,0.25587879274117303
condition0,theta0_sample_079,Alanine,alanine,reporter,3,1,M+1,0.042241725875266062
condition0,theta0_sample_079,Alanine,alanine,reporter,3,2,M+2,0.0478801700259485
condition0,theta0_sample_079,Alanine,alanine,reporter,3,3,M+3,0.65399931135761213
condition0,theta0_sample_079,Lactate,lactate,reporter,3,0,M+0,0.25587879274117303
condition0,theta0_sample_079,Lactate,lactate,reporter,3,1,M+1,0.042241725875266062
condition0,theta0_sample_079,Lactate,lactate,reporter,3,2,M+2,0.0478801700259485
condition0,theta0_sample_079,Lactate,lactate,reporter,3,3,M+3,0.65399931135761213
condition0,theta0_sample_079,Citrate,citrate,reporter,6,0,M+0,0.017472289632924944
condition0,theta0_sample_079,Citrate,citrate,reporter,6,1,M+1,0.036148546314811722
condition0,theta0_sample_079,Citrate,citrate,reporter,6,2,M+2,0.10154667427114059
condition0,theta0_sample_079,Citrate,citrate,reporter,6,3,M+3,0.14552058199047957
condition0,theta0_sample_079,Citrate,citrate,reporter,6,4,M+4,0.26129001158019421
condition0,theta0_sample_079,Citrate,citrate,reporter,6,5,M+5,0.1490950644120006
condition0,theta0_sample_079,Citrate,citrate,reporter,6,6,M+6,0.28892683179844747
condition0,theta0_sample_079,aKG,akg,direct,5,0,M+0,0.022217856641003553
condition0,theta0_sample_079,aKG,akg,direct,5,1,M+1,0.061073649703775414
condition0,theta0_sample_079,aKG,akg,direct,5,2,M+2,0.13204388863543606
condition0,theta0_sample_079,aKG,akg,direct,5,3,M+3,0.28026681819497357
condition0,theta0_sample_079,aKG,akg,direct,5,4,M+4,0.18795081568362398
condition0,theta0_sample_079,aKG,akg,direct,5,5,M+5,0.31644697114118664
condition0,theta0_sample_079,Succinate,succinate,direct,4,0,M+0,0.049678085671209009
condition0,theta0_sample_079,Succinate,succinate,direct,4,1,M+1,0.077277307607897847
condition0,theta0_sample_079,Succinate,succinate,direct,4,2,M+2,0.29008231363694192
condition0,theta0_sample_079,Succinate,succinate,direct,4,3,M+3,0.18929110721758566
condition0,theta0_sample_079,Succinate,succinate,direct,4,4,M+4,0.3936711858663649
condition0,theta0_sample_079,Fumarate,fumarate,direct,4,0,M+0,0.049678085671209002
condition0,theta0_sample_079,Fumarate,fumarate,direct,4,1,M+1,0.077277307607897847
condition0,theta0_sample_079,Fumarate,fumarate,direct,4,2,M+2,0.29008231363694192
condition0,theta0_sample_079,Fumarate,fumarate,direct,4,3,M+3,0.18929110721758566
condition0,theta0_sample_079,Fumarate,fumarate,direct,4,4,M+4,0.3936711858663649
condition0,theta0_sample_079,Malate,malate,direct,4,0,M+0,0.049915815651368024
condition0,theta0_sample_079,Malate,malate,direct,4,1,M+1,0.076823872412998984
condition0,theta0_sample_079,Malate,malate,direct,4,2,M+2,0.29084538055024645
condition0,theta0_sample_079,Malate,malate,direct,4,3,M+3,0.18817435905503718
condition0,theta0_sample_079,Malate,malate,direct,4,4,M+4,0.3942405723303487
condition0,theta0_sample_079,Glutamine,glutamine,direct,5,0,M+0,0.022217856641003553
condition0,theta0_sample_079,Glutamine,glutamine,direct,5,1,M+1,0.0610736497037754
condition0,theta0_sample_079,Glutamine,glutamine,direct,5,2,M+2,0.13204388863543606
condition0,theta0_sample_079,Glutamine,glutamine,direct,5,3,M+3,0.28026681819497357
condition0,theta0_sample_079,Glutamine,glutamine,direct,5,4,M+4,0.18795081568362398
condition0,theta0_sample_079,Glutamine,glutamine,direct,5,5,M+5,0.31644697114118664
condition0,theta0_sample_079,Aspartate,aspartate,reporter,4,0,M+0,0.060938865810576628
condition0,theta0_sample_079,Aspartate,aspartate,reporter,4,1,M+1,0.12043110915935969
condition0,theta0_sample_079,Aspartate,aspartate,reporter,4,2,M+2,0.19705676183274526
condition0,theta0_sample_079,Aspartate,aspartate,reporter,4,3,M+3,0.20083768561412335
condition0,theta0_sample_079,Aspartate,aspartate,reporter,4,4,M+4,0.42073557758319463
condition0,theta0_sample_079,Glycine,glycine,reporter,2,0,M+0,0.2685830806539064
condition0,theta0_sample_079,Glycine,glycine,reporter,2,1,M+1,0.062833838692187172
condition0,theta0_sample_079,Glycine,glycine,reporter,2,2,M+2,0.66858308065390626
condition0,theta0_sample_079,Serine,serine,reporter,3,0,M+0,0.2685830806539064
condition0,theta0_sample_079,Serine,serine,reporter,3,1,M+1,0.031416919346093586
condition0,theta0_sample_079,Serine,serine,reporter,3,2,M+2,0.031416919346093579
condition0,theta0_sample_079,Serine,serine,reporter,3,3,M+3,0.66858308065390626
condition0,theta0_sample_080,Pyruvate,pyruvate,direct,3,0,M+0,0.25774980705732103
condition0,theta0_sample_080,Pyruvate,pyruvate,direct,3,1,M+1,0.040245555840761373
condition0,theta0_sample_080,Pyruvate,pyruvate,direct,3,2,M+2,0.046259467146514119
condition0,theta0_sample_080,Pyruvate,pyruvate,direct,3,3,M+3,0.65574516995540355
condition0,theta0_sample_080,Alanine,alanine,reporter,3,0,M+0,0.25774980705732103
condition0,theta0_sample_080,Alanine,alanine,reporter,3,1,M+1,0.040245555840761373
condition0,theta0_sample_080,Alanine,alanine,reporter,3,2,M+2,0.046259467146514119
condition0,theta0_sample_080,Alanine,alanine,reporter,3,3,M+3,0.65574516995540355
condition0,theta0_sample_080,Lactate,lactate,reporter,3,0,M+0,0.25774980705732103
condition0,theta0_sample_080,Lactate,lactate,reporter,3,1,M+1,0.040245555840761373
condition0,theta0_sample_080,Lactate,lactate,reporter,3,2,M+2,0.046259467146514119
condition0,theta0_sample_080,Lactate,lactate,reporter,3,3,M+3,0.65574516995540355
condition0,theta0_sample_080,Citrate,citrate,reporter,6,0,M+0,0.017133965944634101
condition0,theta0_sample_080,Citrate,citrate,reporter,6,1,M+1,0.035699347350734031
condition0,theta0_sample_080,Citrate,citrate,reporter,6,2,M+2,0.10174732070336399
condition0,theta0_sample_080,Citrate,citrate,reporter,6,3,M+3,0.14516110144284505
condition0,theta0_sample_080,Citrate,citrate,reporter,6,4,M+4,0.26282416957567012
condition0,theta0_sample_080,Citrate,citrate,reporter,6,5,M+5,0.15057854128519418
condition0,theta0_sample_080,Citrate,citrate,reporter,6,6,M+6,0.28685555369755872
condition0,theta0_sample_080,aKG,akg,direct,5,0,M+0,0.021958128377137783
condition0,theta0_sample_080,aKG,akg,direct,5,1,M+1,0.060953306519017016
condition0,theta0_sample_080,aKG,akg,direct,5,2,M+2,0.13235642589045402
condition0,theta0_sample_080,aKG,akg,direct,5,3,M+3,0.27957508359638011
condition0,theta0_sample_080,aKG,akg,direct,5,4,M+4,0.19017668717412067
condition0,theta0_sample_080,aKG,akg,direct,5,5,M+5,0.31498036844289046
condition0,theta0_sample_080,Succinate,succinate,direct,4,0,M+0,0.048689920570557654
condition0,theta0_sample_080,Succinate,succinate,direct,4,1,M+1,0.079040385030589647
condition0,theta0_sample_080,Succinate,succinate,direct,4,2,M+2,0.28707276700625239
condition0,theta0_sample_080,Succinate,succinate,direct,4,3,M+3,0.19397362861349612
condition0,theta0_sample_080,Succinate,succinate,direct,4,4,M+4,0.39122329877910467
condition0,theta0_sample_080,Fumarate,fumarate,direct,4,0,M+0,0.048689920570557654
condition0,theta0_sample_080,Fumarate,fumarate,direct,4,1,M+1,0.07904038503058966
condition0,theta0_sample_080,Fumarate,fumarate,direct,4,2,M+2,0.28707276700625239
condition0,theta0_sample_080,Fumarate,fumarate,direct,4,3,M+3,0.19397362861349612
condition0,theta0_sample_080,Fumarate,fumarate,direct,4,4,M+4,0.39122329877910467
condition0,theta0_sample_080,Malate,malate,direct,4,0,M+0,0.049129992765259714
condition0,theta0_sample_080,Malate,malate,direct,4,1,M+1,0.078202616395840849
condition0,theta0_sample_080,Malate,malate,direct,4,2,M+2,0.28848317331571882
condition0,theta0_sample_080,Malate,malate,direct,4,3,M+3,0.19190583312000134
condition0,theta0_sample_080,Malate,malate,direct,4,4,M+4,0.39227838440317969
condition0,theta0_sample_080,Glutamine,glutamine,direct,5,0,M+0,0.021958128377137787
condition0,theta0_sample_080,Glutamine,glutamine,direct,5,1,M+1,0.060953306519017023
condition0,theta0_sample_080,Glutamine,glutamine,direct,5,2,M+2,0.13235642589045402
condition0,theta0_sample_080,Glutamine,glutamine,direct,5,3,M+3,0.27957508359638011
condition0,theta0_sample_080,Glutamine,glutamine,direct,5,4,M+4,0.1901766871741207
condition0,theta0_sample_080,Glutamine,glutamine,direct,5,5,M+5,0.31498036844289046
condition0,theta0_sample_080,Aspartate,aspartate,reporter,4,0,M+0,0.05986301384880318
condition0,theta0_sample_080,Aspartate,aspartate,reporter,4,1,M+1,0.11896276416426951
condition0,theta0_sample_080,Aspartate,aspartate,reporter,4,2,M+2,0.20050841752211901
condition0,theta0_sample_080,Aspartate,aspartate,reporter,4,3,M+3,0.20264281706774073
condition0,theta0_sample_080,Aspartate,aspartate,reporter,4,4,M+4,0.41802298739706761
condition0,theta0_sample_080,Glycine,glycine,reporter,2,0,M+0,0.27113988448445614
condition0,theta0_sample_080,Glycine,glycine,reporter,2,1,M+1,0.057720231031087782
condition0,theta0_sample_080,Glycine,glycine,reporter,2,2,M+2,0.67113988448445627
condition0,theta0_sample_080,Serine,serine,reporter,3,0,M+0,0.27113988448445614
condition0,theta0_sample_080,Serine,serine,reporter,3,1,M+1,0.028860115515543891
condition0,theta0_sample_080,Serine,serine,reporter,3,2,M+2,0.028860115515543891
condition0,theta0_sample_080,Serine,serine,reporter,3,3,M+3,0.67113988448445627
condition0,theta0_sample_081,Pyruvate,pyruvate,direct,3,0,M+0,0.26439601435759036
condition0,theta0_sample_081,Pyruvate,pyruvate,direct,3,1,M+1,0.03467333094328217
condition0,theta0_sample_081,Pyruvate,pyruvate,direct,3,2,M+2,0.037465295040664107
condition0,theta0_sample_081,Pyruvate,pyruvate,direct,3,3,M+3,0.66346535965846309
condition0,theta0_sample_081,Alanine,alanine,reporter,3,0,M+0,0.26439601435759036
condition0,theta0_sample_081,Alanine,alanine,reporter,3,1,M+1,0.03467333094328217
condition0,theta0_sample_081,Alanine,alanine,reporter,3,2,M+2,0.037465295040664107
condition0,theta0_sample_081,Alanine,alanine,reporter,3,3,M+3,0.66346535965846309
condition0,theta0_sample_081,Lactate,lactate,reporter,3,0,M+0,0.26439601435759036
condition0,theta0_sample_081,Lactate,lactate,reporter,3,1,M+1,0.03467333094328217
condition0,theta0_sample_081,Lactate,lactate,reporter,3,2,M+2,0.037465295040664107
condition0,theta0_sample_081,Lactate,lactate,reporter,3,3,M+3,0.66346535965846309
condition0,theta0_sample_081,Citrate,citrate,reporter,6,0,M+0,0.016510712463698535
condition0,theta0_sample_081,Citrate,citrate,reporter,6,1,M+1,0.032949022871887584
condition0,theta0_sample_081,Citrate,citrate,reporter,6,2,M+2,0.10557921507201544
condition0,theta0_sample_081,Citrate,citrate,reporter,6,3,M+3,0.13822264499067288
condition0,theta0_sample_081,Citrate,citrate,reporter,6,4,M+4,0.27702359386636333
condition0,theta0_sample_081,Citrate,citrate,reporter,6,5,M+5,0.14515862786556286
condition0,theta0_sample_081,Citrate,citrate,reporter,6,6,M+6,0.28455618286979895
condition0,theta0_sample_081,aKG,akg,direct,5,0,M+0,0.022139028992737373
condition0,theta0_sample_081,aKG,akg,direct,5,1,M+1,0.061196497897235212
condition0,theta0_sample_081,aKG,akg,direct,5,2,M+2,0.13229811624267288
condition0,theta0_sample_081,aKG,akg,direct,5,3,M+3,0.27950792702673755
condition0,theta0_sample_081,aKG,akg,direct,5,4,M+4,0.18860866066587753
condition0,theta0_sample_081,aKG,akg,direct,5,5,M+5,0.31624976917473885
condition0,theta0_sample_081,Succinate,succinate,direct,4,0,M+0,0.046504095991843325
condition0,theta0_sample_081,Succinate,succinate,direct,4,1,M+1,0.085217894454492835
condition0,theta0_sample_081,Succinate,succinate,direct,4,2,M+2,0.27737887138857159
condition0,theta0_sample_081,Succinate,succinate,direct,4,3,M+3,0.20357218989200448
condition0,theta0_sample_081,Succinate,succinate,direct,4,4,M+4,0.38732694827308745
condition0,theta0_sample_081,Fumarate,fumarate,direct,4,0,M+0,0.046504095991843325
condition0,theta0_sample_081,Fumarate,fumarate,direct,4,1,M+1,0.085217894454492821
condition0,theta0_sample_081,Fumarate,fumarate,direct,4,2,M+2,0.27737887138857154
condition0,theta0_sample_081,Fumarate,fumarate,direct,4,3,M+3,0.20357218989200448
condition0,theta0_sample_081,Fumarate,fumarate,direct,4,4,M+4,0.38732694827308739
condition0,theta0_sample_081,Malate,malate,direct,4,0,M+0,0.048474408631833575
condition0,theta0_sample_081,Malate,malate,direct,4,1,M+1,0.08136125150118026
condition0,theta0_sample_081,Malate,malate,direct,4,2,M+2,0.28383460375298181
condition0,theta0_sample_081,Malate,malate,direct,4,3,M+3,0.19434940346316062
condition0,theta0_sample_081,Malate,malate,direct,4,4,M+4,0.39198033265084331
condition0,theta0_sample_081,Glutamine,glutamine,direct,5,0,M+0,0.022139028992737373
condition0,theta0_sample_081,Glutamine,glutamine,direct,5,1,M+1,0.061196497897235219
condition0,theta0_sample_081,Glutamine,glutamine,direct,5,2,M+2,0.1322981162426729
condition0,theta0_sample_081,Glutamine,glutamine,direct,5,3,M+3,0.27950792702673755
condition0,theta0_sample_081,Glutamine,glutamine,direct,5,4,M+4,0.18860866066587753
condition0,theta0_sample_081,Glutamine,glutamine,direct,5,5,M+5,0.31624976917473885
condition0,theta0_sample_081,Aspartate,aspartate,reporter,4,0,M+0,0.056208625324993211
condition0,theta0_sample_081,Aspartate,aspartate,reporter,4,1,M+1,0.10977493856196241
condition0,theta0_sample_081,Aspartate,aspartate,reporter,4,2,M+2,0.22200132990440138
condition0,theta0_sample_081,Aspartate,aspartate,reporter,4,3,M+3,0.20183802320533673
condition0,theta0_sample_081,Aspartate,aspartate,reporter,4,4,M+4,0.41017708300330602
condition0,theta0_sample_081,Glycine,glycine,reporter,2,0,M+0,0.27047398878202761
condition0,theta0_sample_081,Glycine,glycine,reporter,2,1,M+1,0.059052022435944602
condition0,theta0_sample_081,Glycine,glycine,reporter,2,2,M+2,0.67047398878202769
condition0,theta0_sample_081,Serine,serine,reporter,3,0,M+0,0.27047398878202761
condition0,theta0_sample_081,Serine,serine,reporter,3,1,M+1,0.029526011217972298
condition0,theta0_sample_081,Serine,serine,reporter,3,2,M+2,0.029526011217972301
condition0,theta0_sample_081,Serine,serine,reporter,3,3,M+3,0.67047398878202769
condition0,theta0_sample_082,Pyruvate,pyruvate,direct,3,0,M+0,0.25648164878659169
condition0,theta0_sample_082,Pyruvate,pyruvate,direct,3,1,M+1,0.042287835437172669
condition0,theta0_sample_082,Pyruvate,pyruvate,direct,3,2,M+2,0.045979382765879373
condition0,theta0_sample_082,Pyruvate,pyruvate,direct,3,3,M+3,0.65525113301035598
condition0,theta0_sample_082,Alanine,alanine,reporter,3,0,M+0,0.25648164878659169
condition0,theta0_sample_082,Alanine,alanine,reporter,3,1,M+1,0.042287835437172669
condition0,theta0_sample_082,Alanine,alanine,reporter,3,2,M+2,0.045979382765879373
condition0,theta0_sample_082,Alanine,alanine,reporter,3,3,M+3,0.65525113301035598
condition0,theta0_sample_082,Lactate,lactate,reporter,3,0,M+0,0.25648164878659169
condition0,theta0_sample_082,Lactate,lactate,reporter,3,1,M+1,0.042287835437172669
condition0,theta0_sample_082,Lactate,lactate,reporter,3,2,M+2,0.045979382765879373
condition0,theta0_sample_082,Lactate,lactate,reporter,3,3,M+3,0.65525113301035598
condition0,theta0_sample_082,Citrate,citrate,reporter,6,0,M+0,0.016978824876025301
condition0,theta0_sample_082,Citrate,citrate,reporter,6,1,M+1,0.034903992557575002
condition0,theta0_sample_082,Citrate,citrate,reporter,6,2,M+2,0.10269841359767345
condition0,theta0_sample_082,Citrate,citrate,reporter,6,3,M+3,0.14323404831954462
condition0,theta0_sample_082,Citrate,citrate,reporter,6,4,M+4,0.26773879516019877
condition0,theta0_sample_082,Citrate,citrate,reporter,6,5,M+5,0.14763369828624645
condition0,theta0_sample_082,Citrate,citrate,reporter,6,6,M+6,0.28681222720273553
condition0,theta0_sample_082,aKG,akg,direct,5,0,M+0,0.022258096973908507
condition0,theta0_sample_082,aKG,akg,direct,5,1,M+1,0.061186957998224982
condition0,theta0_sample_082,aKG,akg,direct,5,2,M+2,0.13209012970837736
condition0,theta0_sample_082,aKG,akg,direct,5,3,M+3,0.28004792808016843
condition0,theta0_sample_082,aKG,akg,direct,5,4,M+4,0.18759543785208735
condition0,theta0_sample_082,aKG,akg,direct,5,5,M+5,0.31682144938723256
condition0,theta0_sample_082,Succinate,succinate,direct,4,0,M+0,0.048149444085043097
condition0,theta0_sample_082,Succinate,succinate,direct,4,1,M+1,0.081403690043031704
condition0,theta0_sample_082,Succinate,succinate,direct,4,2,M+2,0.28356137599931969
condition0,theta0_sample_082,Succinate,succinate,direct,4,3,M+3,0.19606840153209271
condition0,theta0_sample_082,Succinate,succinate,direct,4,4,M+4,0.39081708834051243
condition0,theta0_sample_082,Fumarate,fumarate,direct,4,0,M+0,0.048149444085043097
condition0,theta0_sample_082,Fumarate,fumarate,direct,4,1,M+1,0.081403690043031704
condition0,theta0_sample_082,Fumarate,fumarate,direct,4,2,M+2,0.28356137599931969
condition0,theta0_sample_082,Fumarate,fumarate,direct,4,3,M+3,0.19606840153209268
condition0,theta0_sample_082,Fumarate,fumarate,direct,4,4,M+4,0.39081708834051243
condition0,theta0_sample_082,Malate,malate,direct,4,0,M+0,0.048876222429772298
condition0,theta0_sample_082,Malate,malate,direct,4,1,M+1,0.079992625976050183
condition0,theta0_sample_082,Malate,malate,direct,4,2,M+2,0.2859273136517812
condition0,theta0_sample_082,Malate,malate,direct,4,3,M+3,0.19266260504919741
condition0,theta0_sample_082,Malate,malate,direct,4,4,M+4,0.39254123289319848
condition0,theta0_sample_082,Glutamine,glutamine,direct,5,0,M+0,0.022258096973908507
condition0,theta0_sample_082,Glutamine,glutamine,direct,5,1,M+1,0.061186957998224982
condition0,theta0_sample_082,Glutamine,glutamine,direct,5,2,M+2,0.13209012970837733
condition0,theta0_sample_082,Glutamine,glutamine,direct,5,3,M+3,0.28004792808016843
condition0,theta0_sample_082,Glutamine,glutamine,direct,5,4,M+4,0.18759543785208735
condition0,theta0_sample_082,Glutamine,glutamine,direct,5,5,M+5,0.3168214493872325
condition0,theta0_sample_082,Aspartate,aspartate,reporter,4,0,M+0,0.058250587352305948
condition0,theta0_sample_082,Aspartate,aspartate,reporter,4,1,M+1,0.11634212431486857
condition0,theta0_sample_082,Aspartate,aspartate,reporter,4,2,M+2,0.20734479031289557
condition0,theta0_sample_082,Aspartate,aspartate,reporter,4,3,M+3,0.20328169702037885
condition0,theta0_sample_082,Aspartate,aspartate,reporter,4,4,M+4,0.41478080099955061
condition0,theta0_sample_082,Glycine,glycine,reporter,2,0,M+0,0.26448442127114646
condition0,theta0_sample_082,Glycine,glycine,reporter,2,1,M+1,0.07103115745770687
condition0,theta0_sample_082,Glycine,glycine,reporter,2,2,M+2,0.66448442127114649
condition0,theta0_sample_082,Serine,serine,reporter,3,0,M+0,0.26448442127114646
condition0,theta0_sample_082,Serine,serine,reporter,3,1,M+1,0.035515578728853435
condition0,theta0_sample_082,Serine,serine,reporter,3,2,M+2,0.035515578728853435
condition0,theta0_sample_082,Serine,serine,reporter,3,3,M+3,0.66448442127114649
condition0,theta0_sample_083,Pyruvate,pyruvate,direct,3,0,M+0,0.25652528554639975
condition0,theta0_sample_083,Pyruvate,pyruvate,direct,3,1,M+1,0.042473754926362829
condition0,theta0_sample_083,Pyruvate,pyruvate,direct,3,2,M+2,0.045476633508074848
condition0,theta0_sample_083,Pyruvate,pyruvate,direct,3,3,M+3,0.65552432601916222
condition0,theta0_sample_083,Alanine,alanine,reporter,3,0,M+0,0.25652528554639975
condition0,theta0_sample_083,Alanine,alanine,reporter,3,1,M+1,0.042473754926362829
condition0,theta0_sample_083,Alanine,alanine,reporter,3,2,M+2,0.045476633508074848
condition0,theta0_sample_083,Alanine,alanine,reporter,3,3,M+3,0.65552432601916222
condition0,theta0_sample_083,Lactate,lactate,reporter,3,0,M+0,0.25652528554639975
condition0,theta0_sample_083,Lactate,lactate,reporter,3,1,M+1,0.042473754926362829
condition0,theta0_sample_083,Lactate,lactate,reporter,3,2,M+2,0.045476633508074848
condition0,theta0_sample_083,Lactate,lactate,reporter,3,3,M+3,0.65552432601916222
condition0,theta0_sample_083,Citrate,citrate,reporter,6,0,M+0,0.017351872703917616
condition0,theta0_sample_083,Citrate,citrate,reporter,6,1,M+1,0.036012817666171287
condition0,theta0_sample_083,Citrate,citrate,reporter,6,2,M+2,0.10116570189888432
condition0,theta0_sample_083,Citrate,citrate,reporter,6,3,M+3,0.14578010579041359
condition0,theta0_sample_083,Citrate,citrate,reporter,6,4,M+4,0.2632466033132565
condition0,theta0_sample_083,Citrate,citrate,reporter,6,5,M+5,0.14732834385234478
condition0,theta0_sample_083,Citrate,citrate,reporter,6,6,M+6,0.28911455477501075
condition0,theta0_sample_083,aKG,akg,direct,5,0,M+0,0.022424011995336779
condition0,theta0_sample_083,aKG,akg,direct,5,1,M+1,0.061280526004061725
condition0,theta0_sample_083,aKG,akg,direct,5,2,M+2,0.13190717267850027
condition0,theta0_sample_083,aKG,akg,direct,5,3,M+3,0.28043231337355479
condition0,theta0_sample_083,aKG,akg,direct,5,4,M+4,0.1861716912244572
condition0,theta0_sample_083,aKG,akg,direct,5,5,M+5,0.3177842847240881
condition0,theta0_sample_083,Succinate,succinate,direct,4,0,M+0,0.048869498095312887
condition0,theta0_sample_083,Succinate,succinate,direct,4,1,M+1,0.080333620111085219
condition0,theta0_sample_083,Succinate,succinate,direct,4,2,M+2,0.285468171915428
condition0,theta0_sample_083,Succinate,succinate,direct,4,3,M+3,0.1925848034546358
condition0,theta0_sample_083,Succinate,succinate,direct,4,4,M+4,0.39274390642353724
condition0,theta0_sample_083,Fumarate,fumarate,direct,4,0,M+0,0.048869498095312887
condition0,theta0_sample_083,Fumarate,fumarate,direct,4,1,M+1,0.080333620111085219
condition0,theta0_sample_083,Fumarate,fumarate,direct,4,2,M+2,0.285468171915428
condition0,theta0_sample_083,Fumarate,fumarate,direct,4,3,M+3,0.1925848034546358
condition0,theta0_sample_083,Fumarate,fumarate,direct,4,4,M+4,0.39274390642353724
condition0,theta0_sample_083,Malate,malate,direct,4,0,M+0,0.049101735274180852
condition0,theta0_sample_083,Malate,malate,direct,4,1,M+1,0.079880635328205496
condition0,theta0_sample_083,Malate,malate,direct,4,2,M+2,0.28622697641184625
condition0,theta0_sample_083,Malate,malate,direct,4,3,M+3,0.1914972000949666
condition0,theta0_sample_083,Malate,malate,direct,4,4,M+4,0.39329345289079992
condition0,theta0_sample_083,Glutamine,glutamine,direct,5,0,M+0,0.022424011995336782
condition0,theta0_sample_083,Glutamine,glutamine,direct,5,1,M+1,0.061280526004061732
condition0,theta0_sample_083,Glutamine,glutamine,direct,5,2,M+2,0.13190717267850027
condition0,theta0_sample_083,Glutamine,glutamine,direct,5,3,M+3,0.2804323133735549
condition0,theta0_sample_083,Glutamine,glutamine,direct,5,4,M+4,0.1861716912244572
condition0,theta0_sample_083,Glutamine,glutamine,direct,5,5,M+5,0.31778428472408815
condition0,theta0_sample_083,Aspartate,aspartate,reporter,4,0,M+0,0.059270337407158237
condition0,theta0_sample_083,Aspartate,aspartate,reporter,4,1,M+1,0.12007988137127691
condition0,theta0_sample_083,Aspartate,aspartate,reporter,4,2,M+2,0.19936760816293853
condition0,theta0_sample_083,Aspartate,aspartate,reporter,4,3,M+3,0.20394378993165826
condition0,theta0_sample_083,Aspartate,aspartate,reporter,4,4,M+4,0.41733838312696725
condition0,theta0_sample_083,Glycine,glycine,reporter,2,0,M+0,0.26325057385394135
condition0,theta0_sample_083,Glycine,glycine,reporter,2,1,M+1,0.073498852292117084
condition0,theta0_sample_083,Glycine,glycine,reporter,2,2,M+2,0.66325057385394126
condition0,theta0_sample_083,Serine,serine,reporter,3,0,M+0,0.26325057385394135
condition0,theta0_sample_083,Serine,serine,reporter,3,1,M+1,0.036749426146058542
condition0,theta0_sample_083,Serine,serine,reporter,3,2,M+2,0.036749426146058535
condition0,theta0_sample_083,Serine,serine,reporter,3,3,M+3,0.66325057385394126
condition0,theta0_sample_084,Pyruvate,pyruvate,direct,3,0,M+0,0.25574829916215713
condition0,theta0_sample_084,Pyruvate,pyruvate,direct,3,1,M+1,0.042319251327370667
condition0,theta0_sample_084,Pyruvate,pyruvate,direct,3,2,M+2,0.04811659985878701
condition0,theta0_sample_084,Pyruvate,pyruvate,direct,3,3,M+3,0.65381584965168504
condition0,theta0_sample_084,Alanine,alanine,reporter,3,0,M+0,0.25574829916215713
condition0,theta0_sample_084,Alanine,alanine,reporter,3,1,M+1,0.042319251327370667
condition0,theta0_sample_084,Alanine,alanine,reporter,3,2,M+2,0.04811659985878701
condition0,theta0_sample_084,Alanine,alanine,reporter,3,3,M+3,0.65381584965168504
condition0,theta0_sample_084,Lactate,lactate,reporter,3,0,M+0,0.25574829916215713
condition0,theta0_sample_084,Lactate,lactate,reporter,3,1,M+1,0.042319251327370667
condition0,theta0_sample_084,Lactate,lactate,reporter,3,2,M+2,0.04811659985878701
condition0,theta0_sample_084,Lactate,lactate,reporter,3,3,M+3,0.65381584965168504
condition0,theta0_sample_084,Citrate,citrate,reporter,6,0,M+0,0.017310503562487225
condition0,theta0_sample_084,Citrate,citrate,reporter,6,1,M+1,0.036389100502144986
condition0,theta0_sample_084,Citrate,citrate,reporter,6,2,M+2,0.10073100869489734
condition0,theta0_sample_084,Citrate,citrate,reporter,6,3,M+3,0.14690126894749567
condition0,theta0_sample_084,Citrate,citrate,reporter,6,4,M+4,0.25969149020400351
condition0,theta0_sample_084,Citrate,citrate,reporter,6,5,M+5,0.1511806540842654
condition0,theta0_sample_084,Citrate,citrate,reporter,6,6,M+6,0.28779597400470425
condition0,theta0_sample_084,aKG,akg,direct,5,0,M+0,0.021986394775292115
condition0,theta0_sample_084,aKG,akg,direct,5,1,M+1,0.060968468417610847
condition0,theta0_sample_084,aKG,akg,direct,5,2,M+2,0.13232447712545717
condition0,theta0_sample_084,aKG,akg,direct,5,3,M+3,0.27964325319706546
condition0,theta0_sample_084,aKG,akg,direct,5,4,M+4,0.18993421468259136
condition0,theta0_sample_084,aKG,akg,direct,5,5,M+5,0.31514319180198164
condition0,theta0_sample_084,Succinate,succinate,direct,4,0,M+0,0.049490364081971758
condition0,theta0_sample_084,Succinate,succinate,direct,4,1,M+1,0.077554218220743737
condition0,theta0_sample_084,Succinate,succinate,direct,4,2,M+2,0.28958795176032237
condition0,theta0_sample_084,Succinate,succinate,direct,4,3,M+3,0.19019998548923539
condition0,theta0_sample_084,Succinate,succinate,direct,4,4,M+4,0.39316748044772531
condition0,theta0_sample_084,Fumarate,fumarate,direct,4,0,M+0,0.049490364081971758
condition0,theta0_sample_084,Fumarate,fumarate,direct,4,1,M+1,0.077554218220743737
condition0,theta0_sample_084,Fumarate,fumarate,direct,4,2,M+2,0.28958795176032237
condition0,theta0_sample_084,Fumarate,fumarate,direct,4,3,M+3,0.19019998548923539
condition0,theta0_sample_084,Fumarate,fumarate,direct,4,4,M+4,0.39316748044772537
condition0,theta0_sample_084,Malate,malate,direct,4,0,M+0,0.049653300294206677
condition0,theta0_sample_084,Malate,malate,direct,4,1,M+1,0.077243846511741376
condition0,theta0_sample_084,Malate,malate,direct,4,2,M+2,0.29011040484714878
condition0,theta0_sample_084,Malate,malate,direct,4,3,M+3,0.18943444959364986
condition0,theta0_sample_084,Malate,malate,direct,4,4,M+4,0.39355799875325181
condition0,theta0_sample_084,Glutamine,glutamine,direct,5,0,M+0,0.021986394775292115
condition0,theta0_sample_084,Glutamine,glutamine,direct,5,1,M+1,0.060968468417610854
condition0,theta0_sample_084,Glutamine,glutamine,direct,5,2,M+2,0.13232447712545717
condition0,theta0_sample_084,Glutamine,glutamine,direct,5,3,M+3,0.27964325319706546
condition0,theta0_sample_084,Glutamine,glutamine,direct,5,4,M+4,0.18993421468259136
condition0,theta0_sample_084,Glutamine,glutamine,direct,5,5,M+5,0.31514319180198164
condition0,theta0_sample_084,Aspartate,aspartate,reporter,4,0,M+0,0.060446363988775946
condition0,theta0_sample_084,Aspartate,aspartate,reporter,4,1,M+1,0.12131623168859004
condition0,theta0_sample_084,Aspartate,aspartate,reporter,4,2,M+2,0.19532511575986627
condition0,theta0_sample_084,Aspartate,aspartate,reporter,4,3,M+3,0.20361561745939197
condition0,theta0_sample_084,Aspartate,aspartate,reporter,4,4,M+4,0.41929667110337449
condition0,theta0_sample_084,Glycine,glycine,reporter,2,0,M+0,0.2687955839866264
condition0,theta0_sample_084,Glycine,glycine,reporter,2,1,M+1,0.062408832026746963
condition0,theta0_sample_084,Glycine,glycine,reporter,2,2,M+2,0.66879558398662642
condition0,theta0_sample_084,Serine,serine,reporter,3,0,M+0,0.2687955839866264
condition0,theta0_sample_084,Serine,serine,reporter,3,1,M+1,0.031204416013373482
condition0,theta0_sample_084,Serine,serine,reporter,3,2,M+2,0.031204416013373482
condition0,theta0_sample_084,Serine,serine,reporter,3,3,M+3,0.66879558398662642
condition0,theta0_sample_085,Pyruvate,pyruvate,direct,3,0,M+0,0.24337970321956845
condition0,theta0_sample_085,Pyruvate,pyruvate,direct,3,1,M+1,0.055039631239919902
condition0,theta0_sample_085,Pyruvate,pyruvate,direct,3,2,M+2,0.059781627861454828
condition0,theta0_sample_085,Pyruvate,pyruvate,direct,3,3,M+3,0.64179903767905677
condition0,theta0_sample_085,Alanine,alanine,reporter,3,0,M+0,0.24337970321956845
condition0,theta0_sample_085,Alanine,alanine,reporter,3,1,M+1,0.055039631239919902
condition0,theta0_sample_085,Alanine,alanine,reporter,3,2,M+2,0.059781627861454828
condition0,theta0_sample_085,Alanine,alanine,reporter,3,3,M+3,0.64179903767905677
condition0,theta0_sample_085,Lactate,lactate,reporter,3,0,M+0,0.24337970321956845
condition0,theta0_sample_085,Lactate,lactate,reporter,3,1,M+1,0.055039631239919902
condition0,theta0_sample_085,Lactate,lactate,reporter,3,2,M+2,0.059781627861454828
condition0,theta0_sample_085,Lactate,lactate,reporter,3,3,M+3,0.64179903767905677
condition0,theta0_sample_085,Citrate,citrate,reporter,6,0,M+0,0.017567206904791549
condition0,theta0_sample_085,Citrate,citrate,reporter,6,1,M+1,0.036446456849318881
condition0,theta0_sample_085,Citrate,citrate,reporter,6,2,M+2,0.10106222654803151
condition0,theta0_sample_085,Citrate,citrate,reporter,6,3,M+3,0.14625758536674555
condition0,theta0_sample_085,Citrate,citrate,reporter,6,4,M+4,0.26038564174337991
condition0,theta0_sample_085,Citrate,citrate,reporter,6,5,M+5,0.14857152854553315
condition0,theta0_sample_085,Citrate,citrate,reporter,6,6,M+6,0.28970935404219922
condition0,theta0_sample_085,aKG,akg,direct,5,0,M+0,0.022541881342068922
condition0,theta0_sample_085,aKG,akg,direct,5,1,M+1,0.061235713296497685
condition0,theta0_sample_085,aKG,akg,direct,5,2,M+2,0.13166591105971612
condition0,theta0_sample_085,aKG,akg,direct,5,3,M+3,0.2810887043616162
condition0,theta0_sample_085,aKG,akg,direct,5,4,M+4,0.1851725982012834
condition0,theta0_sample_085,aKG,akg,direct,5,5,M+5,0.31829519173881748
condition0,theta0_sample_085,Succinate,succinate,direct,4,0,M+0,0.051200582884042022
condition0,theta0_sample_085,Succinate,succinate,direct,4,1,M+1,0.074709551414600714
condition0,theta0_sample_085,Succinate,succinate,direct,4,2,M+2,0.29452098670322702
condition0,theta0_sample_085,Succinate,succinate,direct,4,3,M+3,0.18202704081357546
condition0,theta0_sample_085,Succinate,succinate,direct,4,4,M+4,0.3975418381845548
condition0,theta0_sample_085,Fumarate,fumarate,direct,4,0,M+0,0.051200582884042022
condition0,theta0_sample_085,Fumarate,fumarate,direct,4,1,M+1,0.074709551414600714
condition0,theta0_sample_085,Fumarate,fumarate,direct,4,2,M+2,0.29452098670322702
condition0,theta0_sample_085,Fumarate,fumarate,direct,4,3,M+3,0.18202704081357546
condition0,theta0_sample_085,Fumarate,fumarate,direct,4,4,M+4,0.3975418381845548
condition0,theta0_sample_085,Malate,malate,direct,4,0,M+0,0.051190147381047393
condition0,theta0_sample_085,Malate,malate,direct,4,1,M+1,0.074729567235698832
condition0,theta0_sample_085,Malate,malate,direct,4,2,M+2,0.29448734193976644
condition0,theta0_sample_085,Malate,malate,direct,4,3,M+3,0.18207602488918082
condition0,theta0_sample_085,Malate,malate,direct,4,4,M+4,0.39751691855430654
condition0,theta0_sample_085,Glutamine,glutamine,direct,5,0,M+0,0.022541881342068922
condition0,theta0_sample_085,Glutamine,glutamine,direct,5,1,M+1,0.061235713296497671
condition0,theta0_sample_085,Glutamine,glutamine,direct,5,2,M+2,0.13166591105971612
condition0,theta0_sample_085,Glutamine,glutamine,direct,5,3,M+3,0.2810887043616162
condition0,theta0_sample_085,Glutamine,glutamine,direct,5,4,M+4,0.1851725982012834
condition0,theta0_sample_085,Glutamine,glutamine,direct,5,5,M+5,0.31829519173881748
condition0,theta0_sample_085,Aspartate,aspartate,reporter,4,0,M+0,0.060956731177787091
condition0,theta0_sample_085,Aspartate,aspartate,reporter,4,1,M+1,0.12147076403568756
condition0,theta0_sample_085,Aspartate,aspartate,reporter,4,2,M+2,0.19516033021819151
condition0,theta0_sample_085,Aspartate,aspartate,reporter,4,3,M+3,0.20144012274540554
condition0,theta0_sample_085,Aspartate,aspartate,reporter,4,4,M+4,0.42097205182292807
condition0,theta0_sample_085,Glycine,glycine,reporter,2,0,M+0,0.25377445870610216
condition0,theta0_sample_085,Glycine,glycine,reporter,2,1,M+1,0.092451082587795566
condition0,theta0_sample_085,Glycine,glycine,reporter,2,2,M+2,0.65377445870610196
condition0,theta0_sample_085,Serine,serine,reporter,3,0,M+0,0.25377445870610216
condition0,theta0_sample_085,Serine,serine,reporter,3,1,M+1,0.046225541293897783
condition0,theta0_sample_085,Serine,serine,reporter,3,2,M+2,0.046225541293897797
condition0,theta0_sample_085,Serine,serine,reporter,3,3,M+3,0.65377445870610196
condition0,theta0_sample_086,Pyruvate,pyruvate,direct,3,0,M+0,0.26477407190807334
condition0,theta0_sample_086,Pyruvate,pyruvate,direct,3,1,M+1,0.03453709593737396
condition0,theta0_sample_086,Pyruvate,pyruvate,direct,3,2,M+2,0.036603592401032128
condition0,theta0_sample_086,Pyruvate,pyruvate,direct,3,3,M+3,0.66408523975352063
condition0,theta0_sample_086,Alanine,alanine,reporter,3,0,M+0,0.26477407190807334
condition0,theta0_sample_086,Alanine,alanine,reporter,3,1,M+1,0.03453709593737396
condition0,theta0_sample_086,Alanine,alanine,reporter,3,2,M+2,0.036603592401032128
condition0,theta0_sample_086,Alanine,alanine,reporter,3,3,M+3,0.66408523975352063
condition0,theta0_sample_086,Lactate,lactate,reporter,3,0,M+0,0.26477407190807334
condition0,theta0_sample_086,Lactate,lactate,reporter,3,1,M+1,0.03453709593737396
condition0,theta0_sample_086,Lactate,lactate,reporter,3,2,M+2,0.036603592401032128
condition0,theta0_sample_086,Lactate,lactate,reporter,3,3,M+3,0.66408523975352063
condition0,theta0_sample_086,Citrate,citrate,reporter,6,0,M+0,0.017613786388552561
condition0,theta0_sample_086,Citrate,citrate,reporter,6,1,M+1,0.036641680145019548
condition0,theta0_sample_086,Citrate,citrate,reporter,6,2,M+2,0.100285985779711
condition0,theta0_sample_086,Citrate,citrate,reporter,6,3,M+3,0.14715392898793411
condition0,theta0_sample_086,Citrate,citrate,reporter,6,4,M+4,0.26112375415025846
condition0,theta0_sample_086,Citrate,citrate,reporter,6,5,M+5,0.14625564256042464
condition0,theta0_sample_086,Citrate,citrate,reporter,6,6,M+6,0.29092522198810039
condition0,theta0_sample_086,aKG,akg,direct,5,0,M+0,0.022485606990037106
condition0,theta0_sample_086,aKG,akg,direct,5,1,M+1,0.061355163010021571
condition0,theta0_sample_086,aKG,akg,direct,5,2,M+2,0.13187915135995978
condition0,theta0_sample_086,aKG,akg,direct,5,3,M+3,0.28043757940452851
condition0,theta0_sample_086,aKG,akg,direct,5,4,M+4,0.18563870012079289
condition0,theta0_sample_086,aKG,akg,direct,5,5,M+5,0.31820379911466096
condition0,theta0_sample_086,Succinate,succinate,direct,4,0,M+0,0.048551780499358169
condition0,theta0_sample_086,Succinate,succinate,direct,4,1,M+1,0.081518183841012157
condition0,theta0_sample_086,Succinate,succinate,direct,4,2,M+2,0.28367694187822273
condition0,theta0_sample_086,Succinate,succinate,direct,4,3,M+3,0.19388444272308586
condition0,theta0_sample_086,Succinate,succinate,direct,4,4,M+4,0.39236865105832158
condition0,theta0_sample_086,Fumarate,fumarate,direct,4,0,M+0,0.048551780499358169
condition0,theta0_sample_086,Fumarate,fumarate,direct,4,1,M+1,0.081518183841012157
condition0,theta0_sample_086,Fumarate,fumarate,direct,4,2,M+2,0.28367694187822273
condition0,theta0_sample_086,Fumarate,fumarate,direct,4,3,M+3,0.19388444272308586
condition0,theta0_sample_086,Fumarate,fumarate,direct,4,4,M+4,0.39236865105832158
condition0,theta0_sample_086,Malate,malate,direct,4,0,M+0,0.048630850144567958
condition0,theta0_sample_086,Malate,malate,direct,4,1,M+1,0.081362774397280638
condition0,theta0_sample_086,Malate,malate,direct,4,2,M+2,0.2839368675666713
condition0,theta0_sample_086,Malate,malate,direct,4,3,M+3,0.19351454109654406
condition0,theta0_sample_086,Malate,malate,direct,4,4,M+4,0.39255496679493651
condition0,theta0_sample_086,Glutamine,glutamine,direct,5,0,M+0,0.022485606990037106
condition0,theta0_sample_086,Glutamine,glutamine,direct,5,1,M+1,0.061355163010021571
condition0,theta0_sample_086,Glutamine,glutamine,direct,5,2,M+2,0.13187915135995978
condition0,theta0_sample_086,Glutamine,glutamine,direct,5,3,M+3,0.28043757940452851
condition0,theta0_sample_086,Glutamine,glutamine,direct,5,4,M+4,0.18563870012079289
condition0,theta0_sample_086,Glutamine,glutamine,direct,5,5,M+5,0.31820379911466101
condition0,theta0_sample_086,Aspartate,aspartate,reporter,4,0,M+0,0.059726135737829145
condition0,theta0_sample_086,Aspartate,aspartate,reporter,4,1,M+1,0.12218531176793117
condition0,theta0_sample_086,Aspartate,aspartate,reporter,4,2,M+2,0.19510311206289038
condition0,theta0_sample_086,Aspartate,aspartate,reporter,4,3,M+3,0.20433329761910962
condition0,theta0_sample_086,Aspartate,aspartate,reporter,4,4,M+4,0.41865214281224028
condition0,theta0_sample_086,Glycine,glycine,reporter,2,0,M+0,0.26964565637882199
condition0,theta0_sample_086,Glycine,glycine,reporter,2,1,M+1,0.06070868724235591
condition0,theta0_sample_086,Glycine,glycine,reporter,2,2,M+2,0.66964565637882201
condition0,theta0_sample_086,Serine,serine,reporter,3,0,M+0,0.26964565637882199
condition0,theta0_sample_086,Serine,serine,reporter,3,1,M+1,0.030354343621177955
condition0,theta0_sample_086,Serine,serine,reporter,3,2,M+2,0.030354343621177952
condition0,theta0_sample_086,Serine,serine,reporter,3,3,M+3,0.66964565637882201
condition0,theta0_sample_087,Pyruvate,pyruvate,direct,3,0,M+0,0.27124541785327189
condition0,theta0_sample_087,Pyruvate,pyruvate,direct,3,1,M+1,0.028196561397441432
condition0,theta0_sample_087,Pyruvate,pyruvate,direct,3,2,M+2,0.029870623645301349
condition0,theta0_sample_087,Pyruvate,pyruvate,direct,3,3,M+3,0.67068739710398506
condition0,theta0_sample_087,Alanine,alanine,reporter,3,0,M+0,0.27124541785327189
condition0,theta0_sample_087,Alanine,alanine,reporter,3,1,M+1,0.028196561397441432
condition0,theta0_sample_087,Alanine,alanine,reporter,3,2,M+2,0.029870623645301349
condition0,theta0_sample_087,Alanine,alanine,reporter,3,3,M+3,0.67068739710398506
condition0,theta0_sample_087,Lactate,lactate,reporter,3,0,M+0,0.27124541785327189
condition0,theta0_sample_087,Lactate,lactate,reporter,3,1,M+1,0.028196561397441432
condition0,theta0_sample_087,Lactate,lactate,reporter,3,2,M+2,0.029870623645301349
condition0,theta0_sample_087,Lactate,lactate,reporter,3,3,M+3,0.67068739710398506
condition0,theta0_sample_087,Citrate,citrate,reporter,6,0,M+0,0.017001442837724964
condition0,theta0_sample_087,Citrate,citrate,reporter,6,1,M+1,0.035202845263196808
condition0,theta0_sample_087,Citrate,citrate,reporter,6,2,M+2,0.10199620617692348
condition0,theta0_sample_087,Citrate,citrate,reporter,6,3,M+3,0.1441375414509205
condition0,theta0_sample_087,Citrate,citrate,reporter,6,4,M+4,0.26769234436971207
condition0,theta0_sample_087,Citrate,citrate,reporter,6,5,M+5,0.14619497885778607
condition0,theta0_sample_087,Citrate,citrate,reporter,6,6,M+6,0.28777464104373568
condition0,theta0_sample_087,aKG,akg,direct,5,0,M+0,0.022319654964599363
condition0,theta0_sample_087,aKG,akg,direct,5,1,M+1,0.061326932911685721
condition0,theta0_sample_087,aKG,akg,direct,5,2,M+2,0.13212750797068679
condition0,theta0_sample_087,aKG,akg,direct,5,3,M+3,0.27982798370896861
condition0,theta0_sample_087,aKG,akg,direct,5,4,M+4,0.18705550220026254
condition0,theta0_sample_087,aKG,akg,direct,5,5,M+5,0.31734241824379683
condition0,theta0_sample_087,Succinate,succinate,direct,4,0,M+0,0.046664267796246169
condition0,theta0_sample_087,Succinate,succinate,direct,4,1,M+1,0.085571968175833665
condition0,theta0_sample_087,Succinate,succinate,direct,4,2,M+2,0.27701355429638597
condition0,theta0_sample_087,Succinate,succinate,direct,4,3,M+3,0.20259991569474262
condition0,theta0_sample_087,Succinate,succinate,direct,4,4,M+4,0.38815029403679152
condition0,theta0_sample_087,Fumarate,fumarate,direct,4,0,M+0,0.046664267796246162
condition0,theta0_sample_087,Fumarate,fumarate,direct,4,1,M+1,0.085571968175833665
condition0,theta0_sample_087,Fumarate,fumarate,direct,4,2,M+2,0.27701355429638597
condition0,theta0_sample_087,Fumarate,fumarate,direct,4,3,M+3,0.20259991569474262
condition0,theta0_sample_087,Fumarate,fumarate,direct,4,4,M+4,0.38815029403679152
condition0,theta0_sample_087,Malate,malate,direct,4,0,M+0,0.047426272917274213
condition0,theta0_sample_087,Malate,malate,direct,4,1,M+1,0.084067821999330619
condition0,theta0_sample_087,Malate,malate,direct,4,2,M+2,0.27952708594574194
condition0,theta0_sample_087,Malate,malate,direct,4,3,M+3,0.1990372704414273
condition0,theta0_sample_087,Malate,malate,direct,4,4,M+4,0.38994154869622566
condition0,theta0_sample_087,Glutamine,glutamine,direct,5,0,M+0,0.022319654964599363
condition0,theta0_sample_087,Glutamine,glutamine,direct,5,1,M+1,0.061326932911685707
condition0,theta0_sample_087,Glutamine,glutamine,direct,5,2,M+2,0.13212750797068679
condition0,theta0_sample_087,Glutamine,glutamine,direct,5,3,M+3,0.27982798370896861
condition0,theta0_sample_087,Glutamine,glutamine,direct,5,4,M+4,0.18705550220026254
condition0,theta0_sample_087,Glutamine,glutamine,direct,5,5,M+5,0.31734241824379683
condition0,theta0_sample_087,Aspartate,aspartate,reporter,4,0,M+0,0.057410136461281819
condition0,theta0_sample_087,Aspartate,aspartate,reporter,4,1,M+1,0.11737569658268464
condition0,theta0_sample_087,Aspartate,aspartate,reporter,4,2,M+2,0.20640430491918654
condition0,theta0_sample_087,Aspartate,aspartate,reporter,4,3,M+3,0.20542375456844558
condition0,theta0_sample_087,Aspartate,aspartate,reporter,4,4,M+4,0.41338610746840115
condition0,theta0_sample_087,Glycine,glycine,reporter,2,0,M+0,0.27506553708780856
condition0,theta0_sample_087,Glycine,glycine,reporter,2,1,M+1,0.049868925824382654
condition0,theta0_sample_087,Glycine,glycine,reporter,2,2,M+2,0.67506553708780848
condition0,theta0_sample_087,Serine,serine,reporter,3,0,M+0,0.27506553708780856
condition0,theta0_sample_087,Serine,serine,reporter,3,1,M+1,0.024934462912191327
condition0,theta0_sample_087,Serine,serine,reporter,3,2,M+2,0.024934462912191327
condition0,theta0_sample_087,Serine,serine,reporter,3,3,M+3,0.67506553708780848
condition0,theta0_sample_088,Pyruvate,pyruvate,direct,3,0,M+0,0.25699365619279685
condition0,theta0_sample_088,Pyruvate,pyruvate,direct,3,1,M+1,0.041633340268740812
condition0,theta0_sample_088,Pyruvate,pyruvate,direct,3,2,M+2,0.045752350884127609
condition0,theta0_sample_088,Pyruvate,pyruvate,direct,3,3,M+3,0.65562065265433456
condition0,theta0_sample_088,Alanine,alanine,reporter,3,0,M+0,0.25699365619279685
condition0,theta0_sample_088,Alanine,alanine,reporter,3,1,M+1,0.041633340268740812
condition0,theta0_sample_088,Alanine,alanine,reporter,3,2,M+2,0.045752350884127609
condition0,theta0_sample_088,Alanine,alanine,reporter,3,3,M+3,0.65562065265433456
condition0,theta0_sample_088,Lactate,lactate,reporter,3,0,M+0,0.25699365619279685
condition0,theta0_sample_088,Lactate,lactate,reporter,3,1,M+1,0.041633340268740812
condition0,theta0_sample_088,Lactate,lactate,reporter,3,2,M+2,0.045752350884127609
condition0,theta0_sample_088,Lactate,lactate,reporter,3,3,M+3,0.65562065265433456
condition0,theta0_sample_088,Citrate,citrate,reporter,6,0,M+0,0.017643104171718865
condition0,theta0_sample_088,Citrate,citrate,reporter,6,1,M+1,0.036467660469929788
condition0,theta0_sample_088,Citrate,citrate,reporter,6,2,M+2,0.10102002420003525
condition0,theta0_sample_088,Citrate,citrate,reporter,6,3,M+3,0.1462325492926792
condition0,theta0_sample_088,Citrate,citrate,reporter,6,4,M+4,0.26075688027082616
condition0,theta0_sample_088,Citrate,citrate,reporter,6,5,M+5,0.14751156740020424
condition0,theta0_sample_088,Citrate,citrate,reporter,6,6,M+6,0.29036821419460501
condition0,theta0_sample_088,aKG,akg,direct,5,0,M+0,0.022426452972426472
condition0,theta0_sample_088,aKG,akg,direct,5,1,M+1,0.061221720953209331
condition0,theta0_sample_088,aKG,akg,direct,5,2,M+2,0.13184429933249836
condition0,theta0_sample_088,aKG,akg,direct,5,3,M+3,0.28064526085853919
condition0,theta0_sample_088,aKG,akg,direct,5,4,M+4,0.18615743161045428
condition0,theta0_sample_088,aKG,akg,direct,5,5,M+5,0.31770483427287066
condition0,theta0_sample_088,Succinate,succinate,direct,4,0,M+0,0.049709217518994965
condition0,theta0_sample_088,Succinate,succinate,direct,4,1,M+1,0.078004690029233367
condition0,theta0_sample_088,Succinate,succinate,direct,4,2,M+2,0.28913322497368499
condition0,theta0_sample_088,Succinate,succinate,direct,4,3,M+3,0.18888260988894839
condition0,theta0_sample_088,Succinate,succinate,direct,4,4,M+4,0.39427025758913686
condition0,theta0_sample_088,Fumarate,fumarate,direct,4,0,M+0,0.049709217518994972
condition0,theta0_sample_088,Fumarate,fumarate,direct,4,1,M+1,0.078004690029233367
condition0,theta0_sample_088,Fumarate,fumarate,direct,4,2,M+2,0.28913322497368499
condition0,theta0_sample_088,Fumarate,fumarate,direct,4,3,M+3,0.18888260988894839
condition0,theta0_sample_088,Fumarate,fumarate,direct,4,4,M+4,0.39427025758913686
condition0,theta0_sample_088,Malate,malate,direct,4,0,M+0,0.049847511476328578
condition0,theta0_sample_088,Malate,malate,direct,4,1,M+1,0.077737660128089872
condition0,theta0_sample_088,Malate,malate,direct,4,2,M+2,0.28958146081343206
condition0,theta0_sample_088,Malate,malate,direct,4,3,M+3,0.18823405208355024
condition0,theta0_sample_088,Malate,malate,direct,4,4,M+4,0.39459931549859772
condition0,theta0_sample_088,Glutamine,glutamine,direct,5,0,M+0,0.022426452972426476
condition0,theta0_sample_088,Glutamine,glutamine,direct,5,1,M+1,0.061221720953209345
condition0,theta0_sample_088,Glutamine,glutamine,direct,5,2,M+2,0.13184429933249839
condition0,theta0_sample_088,Glutamine,glutamine,direct,5,3,M+3,0.28064526085853925
condition0,theta0_sample_088,Glutamine,glutamine,direct,5,4,M+4,0.18615743161045431
condition0,theta0_sample_088,Glutamine,glutamine,direct,5,5,M+5,0.31770483427287066
condition0,theta0_sample_088,Aspartate,aspartate,reporter,4,0,M+0,0.060842648957389861
condition0,theta0_sample_088,Aspartate,aspartate,reporter,4,1,M+1,0.12155449921860803
condition0,theta0_sample_088,Aspartate,aspartate,reporter,4,2,M+2,0.19519922455093811
condition0,theta0_sample_088,Aspartate,aspartate,reporter,4,3,M+3,0.20156745741273888
condition0,theta0_sample_088,Aspartate,aspartate,reporter,4,4,M+4,0.42083616986032402
condition0,theta0_sample_088,Glycine,glycine,reporter,2,0,M+0,0.26644290758443517
condition0,theta0_sample_088,Glycine,glycine,reporter,2,1,M+1,0.067114184831129325
condition0,theta0_sample_088,Glycine,glycine,reporter,2,2,M+2,0.66644290758443525
condition0,theta0_sample_088,Serine,serine,reporter,3,0,M+0,0.26644290758443517
condition0,theta0_sample_088,Serine,serine,reporter,3,1,M+1,0.03355709241556467
condition0,theta0_sample_088,Serine,serine,reporter,3,2,M+2,0.033557092415564663
condition0,theta0_sample_088,Serine,serine,reporter,3,3,M+3,0.66644290758443525
condition0,theta0_sample_089,Pyruvate,pyruvate,direct,3,0,M+0,0.25016608397474333
condition0,theta0_sample_089,Pyruvate,pyruvate,direct,3,1,M+1,0.047902158446408293
condition0,theta0_sample_089,Pyruvate,pyruvate,direct,3,2,M+2,0.053697431182953344
condition0,theta0_sample_089,Pyruvate,pyruvate,direct,3,3,M+3,0.64823432639589496
condition0,theta0_sample_089,Alanine,alanine,reporter,3,0,M+0,0.25016608397474333
condition0,theta0_sample_089,Alanine,alanine,reporter,3,1,M+1,0.047902158446408293
condition0,theta0_sample_089,Alanine,alanine,reporter,3,2,M+2,0.053697431182953344
condition0,theta0_sample_089,Alanine,alanine,reporter,3,3,M+3,0.64823432639589496
condition0,theta0_sample_089,Lactate,lactate,reporter,3,0,M+0,0.25016608397474333
condition0,theta0_sample_089,Lactate,lactate,reporter,3,1,M+1,0.047902158446408293
condition0,theta0_sample_089,Lactate,lactate,reporter,3,2,M+2,0.053697431182953344
condition0,theta0_sample_089,Lactate,lactate,reporter,3,3,M+3,0.64823432639589496
condition0,theta0_sample_089,Citrate,citrate,reporter,6,0,M+0,0.017750979269361349
condition0,theta0_sample_089,Citrate,citrate,reporter,6,1,M+1,0.037144053706309056
condition0,theta0_sample_089,Citrate,citrate,reporter,6,2,M+2,0.10029849560208043
condition0,theta0_sample_089,Citrate,citrate,reporter,6,3,M+3,0.14773611756119903
condition0,theta0_sample_089,Citrate,citrate,reporter,6,4,M+4,0.25668966036063146
condition0,theta0_sample_089,Citrate,citrate,reporter,6,5,M+5,0.14999220003910432
condition0,theta0_sample_089,Citrate,citrate,reporter,6,6,M+6,0.29038849346131412
condition0,theta0_sample_089,aKG,akg,direct,5,0,M+0,0.022300973368323016
condition0,theta0_sample_089,aKG,akg,direct,5,1,M+1,0.061091020780345444
condition0,theta0_sample_089,aKG,akg,direct,5,2,M+2,0.13192273183314038
condition0,theta0_sample_089,aKG,akg,direct,5,3,M+3,0.28056100017722291
condition0,theta0_sample_089,aKG,akg,direct,5,4,M+4,0.18724085418313577
condition0,theta0_sample_089,aKG,akg,direct,5,5,M+5,0.31688341965783223
condition0,theta0_sample_089,Succinate,succinate,direct,4,0,M+0,0.050924656406206865
condition0,theta0_sample_089,Succinate,succinate,direct,4,1,M+1,0.074653360282773751
condition0,theta0_sample_089,Succinate,succinate,direct,4,2,M+2,0.29441195722710617
condition0,theta0_sample_089,Succinate,succinate,direct,4,3,M+3,0.18351737907263857
condition0,theta0_sample_089,Succinate,succinate,direct,4,4,M+4,0.3964926470112744
condition0,theta0_sample_089,Fumarate,fumarate,direct,4,0,M+0,0.050924656406206872
condition0,theta0_sample_089,Fumarate,fumarate,direct,4,1,M+1,0.074653360282773751
condition0,theta0_sample_089,Fumarate,fumarate,direct,4,2,M+2,0.29441195722710617
condition0,theta0_sample_089,Fumarate,fumarate,direct,4,3,M+3,0.18351737907263857
condition0,theta0_sample_089,Fumarate,fumarate,direct,4,4,M+4,0.3964926470112744
condition0,theta0_sample_089,Malate,malate,direct,4,0,M+0,0.050884600810896054
condition0,theta0_sample_089,Malate,malate,direct,4,1,M+1,0.074729441941690053
condition0,theta0_sample_089,Malate,malate,direct,4,2,M+2,0.29428381128501052
condition0,theta0_sample_089,Malate,malate,direct,4,3,M+3,0.18370564836132416
condition0,theta0_sample_089,Malate,malate,direct,4,4,M+4,0.39639649760107892
condition0,theta0_sample_089,Glutamine,glutamine,direct,5,0,M+0,0.02230097336832302
condition0,theta0_sample_089,Glutamine,glutamine,direct,5,1,M+1,0.061091020780345451
condition0,theta0_sample_089,Glutamine,glutamine,direct,5,2,M+2,0.13192273183314041
condition0,theta0_sample_089,Glutamine,glutamine,direct,5,3,M+3,0.28056100017722291
condition0,theta0_sample_089,Glutamine,glutamine,direct,5,4,M+4,0.1872408541831358
condition0,theta0_sample_089,Glutamine,glutamine,direct,5,5,M+5,0.31688341965783223
condition0,theta0_sample_089,Aspartate,aspartate,reporter,4,0,M+0,0.062146133232461986
condition0,theta0_sample_089,Aspartate,aspartate,reporter,4,1,M+1,0.12378943138823895
condition0,theta0_sample_089,Aspartate,aspartate,reporter,4,2,M+2,0.18951623512470314
condition0,theta0_sample_089,Aspartate,aspartate,reporter,4,3,M+3,0.20101470265602842
condition0,theta0_sample_089,Aspartate,aspartate,reporter,4,4,M+4,0.42353349759856718
condition0,theta0_sample_089,Glycine,glycine,reporter,2,0,M+0,0.26348376584876537
condition0,theta0_sample_089,Glycine,glycine,reporter,2,1,M+1,0.073032468302469122
condition0,theta0_sample_089,Glycine,glycine,reporter,2,2,M+2,0.66348376584876545
condition0,theta0_sample_089,Serine,serine,reporter,3,0,M+0,0.26348376584876537
condition0,theta0_sample_089,Serine,serine,reporter,3,1,M+1,0.036516234151234561
condition0,theta0_sample_089,Serine,serine,reporter,3,2,M+2,0.036516234151234561
condition0,theta0_sample_089,Serine,serine,reporter,3,3,M+3,0.66348376584876545
condition0,theta0_sample_090,Pyruvate,pyruvate,direct,3,0,M+0,0.25891692520555604
condition0,theta0_sample_090,Pyruvate,pyruvate,direct,3,1,M+1,0.039178456013396923
condition0,theta0_sample_090,Pyruvate,pyruvate,direct,3,2,M+2,0.044892312356538129
condition0,theta0_sample_090,Pyruvate,pyruvate,direct,3,3,M+3,0.65701230642450892
condition0,theta0_sample_090,Alanine,alanine,reporter,3,0,M+0,0.25891692520555604
condition0,theta0_sample_090,Alanine,alanine,reporter,3,1,M+1,0.039178456013396923
condition0,theta0_sample_090,Alanine,alanine,reporter,3,2,M+2,0.044892312356538129
condition0,theta0_sample_090,Alanine,alanine,reporter,3,3,M+3,0.65701230642450892
condition0,theta0_sample_090,Lactate,lactate,reporter,3,0,M+0,0.25891692520555604
condition0,theta0_sample_090,Lactate,lactate,reporter,3,1,M+1,0.039178456013396923
condition0,theta0_sample_090,Lactate,lactate,reporter,3,2,M+2,0.044892312356538129
condition0,theta0_sample_090,Lactate,lactate,reporter,3,3,M+3,0.65701230642450892
condition0,theta0_sample_090,Citrate,citrate,reporter,6,0,M+0,0.016397437586141664
condition0,theta0_sample_090,Citrate,citrate,reporter,6,1,M+1,0.031938606712389496
condition0,theta0_sample_090,Citrate,citrate,reporter,6,2,M+2,0.10744037920629403
condition0,theta0_sample_090,Citrate,citrate,reporter,6,3,M+3,0.13539734726859948
condition0,theta0_sample_090,Citrate,citrate,reporter,6,4,M+4,0.27997953801130177
condition0,theta0_sample_090,Citrate,citrate,reporter,6,5,M+5,0.14600970626762402
condition0,theta0_sample_090,Citrate,citrate,reporter,6,6,M+6,0.28283698494764942
condition0,theta0_sample_090,aKG,akg,direct,5,0,M+0,0.021817054502635474
condition0,theta0_sample_090,aKG,akg,direct,5,1,M+1,0.06091554585630287
condition0,theta0_sample_090,aKG,akg,direct,5,2,M+2,0.13255378835191037
condition0,theta0_sample_090,aKG,akg,direct,5,3,M+3,0.27910427789507081
condition0,theta0_sample_090,aKG,akg,direct,5,4,M+4,0.19138262321573818
condition0,theta0_sample_090,aKG,akg,direct,5,5,M+5,0.31422671017834219
condition0,theta0_sample_090,Succinate,succinate,direct,4,0,M+0,0.047218693189041733
condition0,theta0_sample_090,Succinate,succinate,direct,4,1,M+1,0.082121541043401927
condition0,theta0_sample_090,Succinate,succinate,direct,4,2,M+2,0.28198374073482524
condition0,theta0_sample_090,Succinate,succinate,direct,4,3,M+3,0.20079312264397681
condition0,theta0_sample_090,Succinate,succinate,direct,4,4,M+4,0.38788290238875439
condition0,theta0_sample_090,Fumarate,fumarate,direct,4,0,M+0,0.047218693189041726
condition0,theta0_sample_090,Fumarate,fumarate,direct,4,1,M+1,0.082121541043401927
condition0,theta0_sample_090,Fumarate,fumarate,direct,4,2,M+2,0.28198374073482524
condition0,theta0_sample_090,Fumarate,fumarate,direct,4,3,M+3,0.20079312264397681
condition0,theta0_sample_090,Fumarate,fumarate,direct,4,4,M+4,0.38788290238875434
condition0,theta0_sample_090,Malate,malate,direct,4,0,M+0,0.04958700850895565
condition0,theta0_sample_090,Malate,malate,direct,4,1,M+1,0.077593999650621318
condition0,theta0_sample_090,Malate,malate,direct,4,2,M+2,0.28959933947180866
condition0,theta0_sample_090,Malate,malate,direct,4,3,M+3,0.18967128806869601
condition0,theta0_sample_090,Malate,malate,direct,4,4,M+4,0.39354836429991835
condition0,theta0_sample_090,Glutamine,glutamine,direct,5,0,M+0,0.021817054502635474
condition0,theta0_sample_090,Glutamine,glutamine,direct,5,1,M+1,0.060915545856302877
condition0,theta0_sample_090,Glutamine,glutamine,direct,5,2,M+2,0.13255378835191037
condition0,theta0_sample_090,Glutamine,glutamine,direct,5,3,M+3,0.27910427789507081
condition0,theta0_sample_090,Glutamine,glutamine,direct,5,4,M+4,0.19138262321573818
condition0,theta0_sample_090,Glutamine,glutamine,direct,5,5,M+5,0.31422671017834219
condition0,theta0_sample_090,Aspartate,aspartate,reporter,4,0,M+0,0.05707090076623296
condition0,theta0_sample_090,Aspartate,aspartate,reporter,4,1,M+1,0.10612301362269334
condition0,theta0_sample_090,Aspartate,aspartate,reporter,4,2,M+2,0.22805008272149341
condition0,theta0_sample_090,Aspartate,aspartate,reporter,4,3,M+3,0.19724719062400103
condition0,theta0_sample_090,Aspartate,aspartate,reporter,4,4,M+4,0.41150881226557917
condition0,theta0_sample_090,Glycine,glycine,reporter,2,0,M+0,0.27129476631378552
condition0,theta0_sample_090,Glycine,glycine,reporter,2,1,M+1,0.057410467372428775
condition0,theta0_sample_090,Glycine,glycine,reporter,2,2,M+2,0.67129476631378548
condition0,theta0_sample_090,Serine,serine,reporter,3,0,M+0,0.27129476631378552
condition0,theta0_sample_090,Serine,serine,reporter,3,1,M+1,0.028705233686214391
condition0,theta0_sample_090,Serine,serine,reporter,3,2,M+2,0.028705233686214377
condition0,theta0_sample_090,Serine,serine,reporter,3,3,M+3,0.67129476631378548
condition0,theta0_sample_091,Pyruvate,pyruvate,direct,3,0,M+0,0.25785482256182063
condition0,theta0_sample_091,Pyruvate,pyruvate,direct,3,1,M+1,0.040935402298538308
condition0,theta0_sample_091,Pyruvate,pyruvate,direct,3,2,M+2,0.044564727717461422
condition0,theta0_sample_091,Pyruvate,pyruvate,direct,3,3,M+3,0.65664504742217955
condition0,theta0_sample_091,Alanine,alanine,reporter,3,0,M+0,0.25785482256182063
condition0,theta0_sample_091,Alanine,alanine,reporter,3,1,M+1,0.040935402298538308
condition0,theta0_sample_091,Alanine,alanine,reporter,3,2,M+2,0.044564727717461422
condition0,theta0_sample_091,Alanine,alanine,reporter,3,3,M+3,0.65664504742217955
condition0,theta0_sample_091,Lactate,lactate,reporter,3,0,M+0,0.25785482256182063
condition0,theta0_sample_091,Lactate,lactate,reporter,3,1,M+1,0.040935402298538308
condition0,theta0_sample_091,Lactate,lactate,reporter,3,2,M+2,0.044564727717461422
condition0,theta0_sample_091,Lactate,lactate,reporter,3,3,M+3,0.65664504742217955
condition0,theta0_sample_091,Citrate,citrate,reporter,6,0,M+0,0.016699741326589239
condition0,theta0_sample_091,Citrate,citrate,reporter,6,1,M+1,0.033380429471467896
condition0,theta0_sample_091,Citrate,citrate,reporter,6,2,M+2,0.10514948797496118
condition0,theta0_sample_091,Citrate,citrate,reporter,6,3,M+3,0.13906208066588965
condition0,theta0_sample_091,Citrate,citrate,reporter,6,4,M+4,0.2747498853544505
condition0,theta0_sample_091,Citrate,citrate,reporter,6,5,M+5,0.14561544007670862
condition0,theta0_sample_091,Citrate,citrate,reporter,6,6,M+6,0.28534293512993192
condition0,theta0_sample_091,aKG,akg,direct,5,0,M+0,0.022229877930213256
condition0,theta0_sample_091,aKG,akg,direct,5,1,M+1,0.061183299060357792
condition0,theta0_sample_091,aKG,akg,direct,5,2,M+2,0.13213350251000225
condition0,theta0_sample_091,aKG,akg,direct,5,3,M+3,0.27994033886523106
condition0,theta0_sample_091,aKG,akg,direct,5,4,M+4,0.18783622884703216
condition0,theta0_sample_091,aKG,akg,direct,5,5,M+5,0.31667675278716251
condition0,theta0_sample_091,Succinate,succinate,direct,4,0,M+0,0.047421545329638735
condition0,theta0_sample_091,Succinate,succinate,direct,4,1,M+1,0.082901642875310974
condition0,theta0_sample_091,Succinate,succinate,direct,4,2,M+2,0.28107883971934416
condition0,theta0_sample_091,Succinate,succinate,direct,4,3,M+3,0.19945121061682269
condition0,theta0_sample_091,Succinate,succinate,direct,4,4,M+4,0.3891467614588825
condition0,theta0_sample_091,Fumarate,fumarate,direct,4,0,M+0,0.047421545329638735
condition0,theta0_sample_091,Fumarate,fumarate,direct,4,1,M+1,0.082901642875310974
condition0,theta0_sample_091,Fumarate,fumarate,direct,4,2,M+2,0.28107883971934416
condition0,theta0_sample_091,Fumarate,fumarate,direct,4,3,M+3,0.19945121061682269
condition0,theta0_sample_091,Fumarate,fumarate,direct,4,4,M+4,0.3891467614588825
condition0,theta0_sample_091,Malate,malate,direct,4,0,M+0,0.048997538104662092
condition0,theta0_sample_091,Malate,malate,direct,4,1,M+1,0.079838253285848745
condition0,theta0_sample_091,Malate,malate,direct,4,2,M+2,0.28621402102197602
condition0,theta0_sample_091,Malate,malate,direct,4,3,M+3,0.19206704567985217
condition0,theta0_sample_091,Malate,malate,direct,4,4,M+4,0.39288314190765999
condition0,theta0_sample_091,Glutamine,glutamine,direct,5,0,M+0,0.022229877930213259
condition0,theta0_sample_091,Glutamine,glutamine,direct,5,1,M+1,0.061183299060357792
condition0,theta0_sample_091,Glutamine,glutamine,direct,5,2,M+2,0.13213350251000228
condition0,theta0_sample_091,Glutamine,glutamine,direct,5,3,M+3,0.27994033886523106
condition0,theta0_sample_091,Glutamine,glutamine,direct,5,4,M+4,0.18783622884703216
condition0,theta0_sample_091,Glutamine,glutamine,direct,5,5,M+5,0.31667675278716256
condition0,theta0_sample_091,Aspartate,aspartate,reporter,4,0,M+0,0.057230457982764806
condition0,theta0_sample_091,Aspartate,aspartate,reporter,4,1,M+1,0.1111783545674416
condition0,theta0_sample_091,Aspartate,aspartate,reporter,4,2,M+2,0.21841751584240052
condition0,theta0_sample_091,Aspartate,aspartate,reporter,4,3,M+3,0.20070807268181401
condition0,theta0_sample_091,Aspartate,aspartate,reporter,4,4,M+4,0.41246559892557827
condition0,theta0_sample_091,Glycine,glycine,reporter,2,0,M+0,0.26562130109591109
condition0,theta0_sample_091,Glycine,glycine,reporter,2,1,M+1,0.068757397808177689
condition0,theta0_sample_091,Glycine,glycine,reporter,2,2,M+2,0.66562130109591089
condition0,theta0_sample_091,Serine,serine,reporter,3,0,M+0,0.26562130109591109
condition0,theta0_sample_091,Serine,serine,reporter,3,1,M+1,0.034378698904088845
condition0,theta0_sample_091,Serine,serine,reporter,3,2,M+2,0.034378698904088845
condition0,theta0_sample_091,Serine,serine,reporter,3,3,M+3,0.66562130109591089
condition0,theta0_sample_092,Pyruvate,pyruvate,direct,3,0,M+0,0.24404523687091934
condition0,theta0_sample_092,Pyruvate,pyruvate,direct,3,1,M+1,0.05453919483910992
condition0,theta0_sample_092,Pyruvate,pyruvate,direct,3,2,M+2,0.058785899709022114
condition0,theta0_sample_092,Pyruvate,pyruvate,direct,3,3,M+3,0.64262966858094861
condition0,theta0_sample_092,Alanine,alanine,reporter,3,0,M+0,0.24404523687091934
condition0,theta0_sample_092,Alanine,alanine,reporter,3,1,M+1,0.05453919483910992
condition0,theta0_sample_092,Alanine,alanine,reporter,3,2,M+2,0.058785899709022114
condition0,theta0_sample_092,Alanine,alanine,reporter,3,3,M+3,0.64262966858094861
condition0,theta0_sample_092,Lactate,lactate,reporter,3,0,M+0,0.24404523687091934
condition0,theta0_sample_092,Lactate,lactate,reporter,3,1,M+1,0.05453919483910992
condition0,theta0_sample_092,Lactate,lactate,reporter,3,2,M+2,0.058785899709022114
condition0,theta0_sample_092,Lactate,lactate,reporter,3,3,M+3,0.64262966858094861
condition0,theta0_sample_092,Citrate,citrate,reporter,6,0,M+0,0.016598738528911253
condition0,theta0_sample_092,Citrate,citrate,reporter,6,1,M+1,0.032972893033274442
condition0,theta0_sample_092,Citrate,citrate,reporter,6,2,M+2,0.10579052934517177
condition0,theta0_sample_092,Citrate,citrate,reporter,6,3,M+3,0.13804650959866133
condition0,theta0_sample_092,Citrate,citrate,reporter,6,4,M+4,0.27618675792593139
condition0,theta0_sample_092,Citrate,citrate,reporter,6,5,M+5,0.14586794163162653
condition0,theta0_sample_092,Citrate,citrate,reporter,6,6,M+6,0.28453662993642331
condition0,theta0_sample_092,aKG,akg,direct,5,0,M+0,0.022310948333315442
condition0,theta0_sample_092,aKG,akg,direct,5,1,M+1,0.061183027211036953
condition0,theta0_sample_092,aKG,akg,direct,5,2,M+2,0.13199811332217787
condition0,theta0_sample_092,aKG,akg,direct,5,3,M+3,0.28028657510017924
condition0,theta0_sample_092,aKG,akg,direct,5,4,M+4,0.18714565932238283
condition0,theta0_sample_092,aKG,akg,direct,5,5,M+5,0.31707567671090753
condition0,theta0_sample_092,Succinate,succinate,direct,4,0,M+0,0.04841159322309363
condition0,theta0_sample_092,Succinate,succinate,direct,4,1,M+1,0.080604831663757259
condition0,theta0_sample_092,Succinate,succinate,direct,4,2,M+2,0.28480128659705284
condition0,theta0_sample_092,Succinate,succinate,direct,4,3,M+3,0.19493655892224834
condition0,theta0_sample_092,Succinate,succinate,direct,4,4,M+4,0.39124572959384818
condition0,theta0_sample_092,Fumarate,fumarate,direct,4,0,M+0,0.04841159322309363
condition0,theta0_sample_092,Fumarate,fumarate,direct,4,1,M+1,0.080604831663757259
condition0,theta0_sample_092,Fumarate,fumarate,direct,4,2,M+2,0.28480128659705284
condition0,theta0_sample_092,Fumarate,fumarate,direct,4,3,M+3,0.19493655892224834
condition0,theta0_sample_092,Fumarate,fumarate,direct,4,4,M+4,0.39124572959384818
condition0,theta0_sample_092,Malate,malate,direct,4,0,M+0,0.049939101114907763
condition0,theta0_sample_092,Malate,malate,direct,4,1,M+1,0.077651350476196784
condition0,theta0_sample_092,Malate,malate,direct,4,2,M+2,0.28975760010834284
condition0,theta0_sample_092,Malate,malate,direct,4,3,M+3,0.18777434389509304
condition0,theta0_sample_092,Malate,malate,direct,4,4,M+4,0.39487760440545971
condition0,theta0_sample_092,Glutamine,glutamine,direct,5,0,M+0,0.022310948333315438
condition0,theta0_sample_092,Glutamine,glutamine,direct,5,1,M+1,0.061183027211036946
condition0,theta0_sample_092,Glutamine,glutamine,direct,5,2,M+2,0.13199811332217787
condition0,theta0_sample_092,Glutamine,glutamine,direct,5,3,M+3,0.28028657510017918
condition0,theta0_sample_092,Glutamine,glutamine,direct,5,4,M+4,0.18714565932238283
condition0,theta0_sample_092,Glutamine,glutamine,direct,5,5,M+5,0.31707567671090753
condition0,theta0_sample_092,Aspartate,aspartate,reporter,4,0,M+0,0.057168012777209058
condition0,theta0_sample_092,Aspartate,aspartate,reporter,4,1,M+1,0.10976253097366567
condition0,theta0_sample_092,Aspartate,aspartate,reporter,4,2,M+2,0.22113369618810699
condition0,theta0_sample_092,Aspartate,aspartate,reporter,4,3,M+3,0.19977296359395275
condition0,theta0_sample_092,Aspartate,aspartate,reporter,4,4,M+4,0.4121627964670655
condition0,theta0_sample_092,Glycine,glycine,reporter,2,0,M+0,0.25257766224731226
condition0,theta0_sample_092,Glycine,glycine,reporter,2,1,M+1,0.094844675505375411
condition0,theta0_sample_092,Glycine,glycine,reporter,2,2,M+2,0.65257766224731217
condition0,theta0_sample_092,Serine,serine,reporter,3,0,M+0,0.25257766224731226
condition0,theta0_sample_092,Serine,serine,reporter,3,1,M+1,0.047422337752687706
condition0,theta0_sample_092,Serine,serine,reporter,3,2,M+2,0.047422337752687706
condition0,theta0_sample_092,Serine,serine,reporter,3,3,M+3,0.65257766224731217
condition0,theta0_sample_093,Pyruvate,pyruvate,direct,3,0,M+0,0.26250327773384852
condition0,theta0_sample_093,Pyruvate,pyruvate,direct,3,1,M+1,0.037039927059773409
condition0,theta0_sample_093,Pyruvate,pyruvate,direct,3,2,M+2,0.038410312678907599
condition0,theta0_sample_093,Pyruvate,pyruvate,direct,3,3,M+3,0.66204648252747045
condition0,theta0_sample_093,Alanine,alanine,reporter,3,0,M+0,0.26250327773384852
condition0,theta0_sample_093,Alanine,alanine,reporter,3,1,M+1,0.037039927059773409
condition0,theta0_sample_093,Alanine,alanine,reporter,3,2,M+2,0.038410312678907599
condition0,theta0_sample_093,Alanine,alanine,reporter,3,3,M+3,0.66204648252747045
condition0,theta0_sample_093,Lactate,lactate,reporter,3,0,M+0,0.26250327773384852
condition0,theta0_sample_093,Lactate,lactate,reporter,3,1,M+1,0.037039927059773409
condition0,theta0_sample_093,Lactate,lactate,reporter,3,2,M+2,0.038410312678907599
condition0,theta0_sample_093,Lactate,lactate,reporter,3,3,M+3,0.66204648252747045
condition0,theta0_sample_093,Citrate,citrate,reporter,6,0,M+0,0.017517464296689347
condition0,theta0_sample_093,Citrate,citrate,reporter,6,1,M+1,0.036233578768674057
condition0,theta0_sample_093,Citrate,citrate,reporter,6,2,M+2,0.10084528178819285
condition0,theta0_sample_093,Citrate,citrate,reporter,6,3,M+3,0.14609345578161967
condition0,theta0_sample_093,Citrate,citrate,reporter,6,4,M+4,0.26347231354591472
condition0,theta0_sample_093,Citrate,citrate,reporter,6,5,M+5,0.14512119878703381
condition0,theta0_sample_093,Citrate,citrate,reporter,6,6,M+6,0.29071670703187569
condition0,theta0_sample_093,aKG,akg,direct,5,0,M+0,0.022633296449117195
condition0,theta0_sample_093,aKG,akg,direct,5,1,M+1,0.061452136880142748
condition0,theta0_sample_093,aKG,akg,direct,5,2,M+2,0.13172997613161411
condition0,theta0_sample_093,aKG,akg,direct,5,3,M+3,0.28073260599241484
condition0,theta0_sample_093,aKG,akg,direct,5,4,M+4,0.184369829854171
condition0,theta0_sample_093,aKG,akg,direct,5,5,M+5,0.31908215469254014
condition0,theta0_sample_093,Succinate,succinate,direct,4,0,M+0,0.048456407505060556
condition0,theta0_sample_093,Succinate,succinate,direct,4,1,M+1,0.082166553916152865
condition0,theta0_sample_093,Succinate,succinate,direct,4,2,M+2,0.28274886644850322
condition0,theta0_sample_093,Succinate,succinate,direct,4,3,M+3,0.19417697533429271
condition0,theta0_sample_093,Succinate,succinate,direct,4,4,M+4,0.39245119679599072
condition0,theta0_sample_093,Fumarate,fumarate,direct,4,0,M+0,0.048456407505060556
condition0,theta0_sample_093,Fumarate,fumarate,direct,4,1,M+1,0.082166553916152865
condition0,theta0_sample_093,Fumarate,fumarate,direct,4,2,M+2,0.28274886644850322
condition0,theta0_sample_093,Fumarate,fumarate,direct,4,3,M+3,0.19417697533429271
condition0,theta0_sample_093,Fumarate,fumarate,direct,4,4,M+4,0.39245119679599072
condition0,theta0_sample_093,Malate,malate,direct,4,0,M+0,0.048603622808372125
condition0,theta0_sample_093,Malate,malate,direct,4,1,M+1,0.081875467030813304
condition0,theta0_sample_093,Malate,malate,direct,4,2,M+2,0.28323512583116373
condition0,theta0_sample_093,Malate,malate,direct,4,3,M+3,0.19348885601174429
condition0,theta0_sample_093,Malate,malate,direct,4,4,M+4,0.3927969283179068
condition0,theta0_sample_093,Glutamine,glutamine,direct,5,0,M+0,0.022633296449117195
condition0,theta0_sample_093,Glutamine,glutamine,direct,5,1,M+1,0.061452136880142748
condition0,theta0_sample_093,Glutamine,glutamine,direct,5,2,M+2,0.13172997613161411
condition0,theta0_sample_093,Glutamine,glutamine,direct,5,3,M+3,0.28073260599241484
condition0,theta0_sample_093,Glutamine,glutamine,direct,5,4,M+4,0.184369829854171
condition0,theta0_sample_093,Glutamine,glutamine,direct,5,5,M+5,0.3190821546925402
condition0,theta0_sample_093,Aspartate,aspartate,reporter,4,0,M+0,0.059054675252705816
condition0,theta0_sample_093,Aspartate,aspartate,reporter,4,1,M+1,0.12080890936307082
condition0,theta0_sample_093,Aspartate,aspartate,reporter,4,2,M+2,0.19853605760686835
condition0,theta0_sample_093,Aspartate,aspartate,reporter,4,3,M+3,0.20428245568622769
condition0,theta0_sample_093,Aspartate,aspartate,reporter,4,4,M+4,0.41731790209112757
condition0,theta0_sample_093,Glycine,glycine,reporter,2,0,M+0,0.26566378342836894
condition0,theta0_sample_093,Glycine,glycine,reporter,2,1,M+1,0.068672433143262102
condition0,theta0_sample_093,Glycine,glycine,reporter,2,2,M+2,0.66566378342836896
condition0,theta0_sample_093,Serine,serine,reporter,3,0,M+0,0.26566378342836894
condition0,theta0_sample_093,Serine,serine,reporter,3,1,M+1,0.034336216571631051
condition0,theta0_sample_093,Serine,serine,reporter,3,2,M+2,0.034336216571631051
condition0,theta0_sample_093,Serine,serine,reporter,3,3,M+3,0.66566378342836896
condition0,theta0_sample_094,Pyruvate,pyruvate,direct,3,0,M+0,0.25438152553165422
condition0,theta0_sample_094,Pyruvate,pyruvate,direct,3,1,M+1,0.044120603567778985
condition0,theta0_sample_094,Pyruvate,pyruvate,direct,3,2,M+2,0.048614216269479503
condition0,theta0_sample_094,Pyruvate,pyruvate,direct,3,3,M+3,0.65288365463108744
condition0,theta0_sample_094,Alanine,alanine,reporter,3,0,M+0,0.25438152553165422
condition0,theta0_sample_094,Alanine,alanine,reporter,3,1,M+1,0.044120603567778985
condition0,theta0_sample_094,Alanine,alanine,reporter,3,2,M+2,0.048614216269479503
condition0,theta0_sample_094,Alanine,alanine,reporter,3,3,M+3,0.65288365463108744
condition0,theta0_sample_094,Lactate,lactate,reporter,3,0,M+0,0.25438152553165422
condition0,theta0_sample_094,Lactate,lactate,reporter,3,1,M+1,0.044120603567778985
condition0,theta0_sample_094,Lactate,lactate,reporter,3,2,M+2,0.048614216269479503
condition0,theta0_sample_094,Lactate,lactate,reporter,3,3,M+3,0.65288365463108744
condition0,theta0_sample_094,Citrate,citrate,reporter,6,0,M+0,0.016675009289087616
condition0,theta0_sample_094,Citrate,citrate,reporter,6,1,M+1,0.033516821472950799
condition0,theta0_sample_094,Citrate,citrate,reporter,6,2,M+2,0.10488475182762194
condition0,theta0_sample_094,Citrate,citrate,reporter,6,3,M+3,0.13960592191983329
condition0,theta0_sample_094,Citrate,citrate,reporter,6,4,M+4,0.27355134957807048
condition0,theta0_sample_094,Citrate,citrate,reporter,6,5,M+5,0.14690636467459389
condition0,theta0_sample_094,Citrate,citrate,reporter,6,6,M+6,0.28485978123784328
condition0,theta0_sample_094,aKG,akg,direct,5,0,M+0,0.022134298537536096
condition0,theta0_sample_094,aKG,akg,direct,5,1,M+1,0.061101863731617696
condition0,theta0_sample_094,aKG,akg,direct,5,2,M+2,0.13221136616905763
condition0,theta0_sample_094,aKG,akg,direct,5,3,M+3,0.27981374091763761
condition0,theta0_sample_094,aKG,akg,direct,5,4,M+4,0.18865947204340205
condition0,theta0_sample_094,aKG,akg,direct,5,5,M+5,0.31607925860074998
condition0,theta0_sample_094,Succinate,succinate,direct,4,0,M+0,0.047781574159970593
condition0,theta0_sample_094,Succinate,succinate,direct,4,1,M+1,0.081699916796729985
condition0,theta0_sample_094,Succinate,succinate,direct,4,2,M+2,0.28292116037767412
condition0,theta0_sample_094,Succinate,succinate,direct,4,3,M+3,0.19793163221458068
condition0,theta0_sample_094,Succinate,succinate,direct,4,4,M+4,0.38966571645104575
condition0,theta0_sample_094,Fumarate,fumarate,direct,4,0,M+0,0.0477815741599706
condition0,theta0_sample_094,Fumarate,fumarate,direct,4,1,M+1,0.081699916796729999
condition0,theta0_sample_094,Fumarate,fumarate,direct,4,2,M+2,0.28292116037767412
condition0,theta0_sample_094,Fumarate,fumarate,direct,4,3,M+3,0.19793163221458071
condition0,theta0_sample_094,Fumarate,fumarate,direct,4,4,M+4,0.38966571645104581
condition0,theta0_sample_094,Malate,malate,direct,4,0,M+0,0.049212393443341079
condition0,theta0_sample_094,Malate,malate,direct,4,1,M+1,0.078938225876451787
condition0,theta0_sample_094,Malate,malate,direct,4,2,M+2,0.2875572944602921
condition0,theta0_sample_094,Malate,malate,direct,4,3,M+3,0.19122115967669753
condition0,theta0_sample_094,Malate,malate,direct,4,4,M+4,0.39307092654321873
condition0,theta0_sample_094,Glutamine,glutamine,direct,5,0,M+0,0.022134298537536096
condition0,theta0_sample_094,Glutamine,glutamine,direct,5,1,M+1,0.061101863731617696
condition0,theta0_sample_094,Glutamine,glutamine,direct,5,2,M+2,0.13221136616905763
condition0,theta0_sample_094,Glutamine,glutamine,direct,5,3,M+3,0.27981374091763761
condition0,theta0_sample_094,Glutamine,glutamine,direct,5,4,M+4,0.18865947204340205
condition0,theta0_sample_094,Glutamine,glutamine,direct,5,5,M+5,0.31607925860074992
condition0,theta0_sample_094,Aspartate,aspartate,reporter,4,0,M+0,0.057524708849876857
condition0,theta0_sample_094,Aspartate,aspartate,reporter,4,1,M+1,0.11160654824416454
condition0,theta0_sample_094,Aspartate,aspartate,reporter,4,2,M+2,0.21712748607664284
condition0,theta0_sample_094,Aspartate,aspartate,reporter,4,3,M+3,0.20082654771471439
condition0,theta0_sample_094,Aspartate,aspartate,reporter,4,4,M+4,0.41291470911460237
condition0,theta0_sample_094,Glycine,glycine,reporter,2,0,M+0,0.26388833676509416
condition0,theta0_sample_094,Glycine,glycine,reporter,2,1,M+1,0.072223326469811666
condition0,theta0_sample_094,Glycine,glycine,reporter,2,2,M+2,0.66388833676509418
condition0,theta0_sample_094,Serine,serine,reporter,3,0,M+0,0.26388833676509416
condition0,theta0_sample_094,Serine,serine,reporter,3,1,M+1,0.03611166323490584
condition0,theta0_sample_094,Serine,serine,reporter,3,2,M+2,0.036111663234905826
condition0,theta0_sample_094,Serine,serine,reporter,3,3,M+3,0.66388833676509418
condition0,theta0_sample_095,Pyruvate,pyruvate,direct,3,0,M+0,0.25232747898534835
condition0,theta0_sample_095,Pyruvate,pyruvate,direct,3,1,M+1,0.046298275646654632
condition0,theta0_sample_095,Pyruvate,pyruvate,direct,3,2,M+2,0.050421011750645346
condition0,theta0_sample_095,Pyruvate,pyruvate,direct,3,3,M+3,0.65095323361735147
condition0,theta0_sample_095,Alanine,alanine,reporter,3,0,M+0,0.25232747898534835
condition0,theta0_sample_095,Alanine,alanine,reporter,3,1,M+1,0.046298275646654632
condition0,theta0_sample_095,Alanine,alanine,reporter,3,2,M+2,0.050421011750645346
condition0,theta0_sample_095,Alanine,alanine,reporter,3,3,M+3,0.65095323361735147
condition0,theta0_sample_095,Lactate,lactate,reporter,3,0,M+0,0.25232747898534835
condition0,theta0_sample_095,Lactate,lactate,reporter,3,1,M+1,0.046298275646654632
condition0,theta0_sample_095,Lactate,lactate,reporter,3,2,M+2,0.050421011750645346
condition0,theta0_sample_095,Lactate,lactate,reporter,3,3,M+3,0.65095323361735147
condition0,theta0_sample_095,Citrate,citrate,reporter,6,0,M+0,0.018029939883984838
condition0,theta0_sample_095,Citrate,citrate,reporter,6,1,M+1,0.037352797733765764
condition0,theta0_sample_095,Citrate,citrate,reporter,6,2,M+2,0.10010720294972196
condition0,theta0_sample_095,Citrate,citrate,reporter,6,3,M+3,0.14786775816144737
condition0,theta0_sample_095,Citrate,citrate,reporter,6,4,M+4,0.25685089495404612
condition0,theta0_sample_095,Citrate,citrate,reporter,6,5,M+5,0.14732249583593915
condition0,theta0_sample_095,Citrate,citrate,reporter,6,6,M+6,0.29246891048109441
condition0,theta0_sample_095,aKG,akg,direct,5,0,M+0,0.022577875084477856
condition0,theta0_sample_095,aKG,akg,direct,5,1,M+1,0.061269799674944794
condition0,theta0_sample_095,aKG,akg,direct,5,2,M+2,0.13164000786748159
condition0,theta0_sample_095,aKG,akg,direct,5,3,M+3,0.2811246024053734
condition0,theta0_sample_095,aKG,akg,direct,5,4,M+4,0.18486219746463894
condition0,theta0_sample_095,aKG,akg,direct,5,5,M+5,0.31852551750308278
condition0,theta0_sample_095,Succinate,succinate,direct,4,0,M+0,0.051176615890876367
condition0,theta0_sample_095,Succinate,succinate,direct,4,1,M+1,0.075008768520714586
condition0,theta0_sample_095,Succinate,succinate,direct,4,2,M+2,0.29410605256629796
condition0,theta0_sample_095,Succinate,succinate,direct,4,3,M+3,0.18205512574175423
condition0,theta0_sample_095,Succinate,succinate,direct,4,4,M+4,0.39765343728035646
condition0,theta0_sample_095,Fumarate,fumarate,direct,4,0,M+0,0.051176615890876367
condition0,theta0_sample_095,Fumarate,fumarate,direct,4,1,M+1,0.075008768520714586
condition0,theta0_sample_095,Fumarate,fumarate,direct,4,2,M+2,0.29410605256629796
condition0,theta0_sample_095,Fumarate,fumarate,direct,4,3,M+3,0.18205512574175423
condition0,theta0_sample_095,Fumarate,fumarate,direct,4,4,M+4,0.39765343728035646
condition0,theta0_sample_095,Malate,malate,direct,4,0,M+0,0.051170043989658562
condition0,theta0_sample_095,Malate,malate,direct,4,1,M+1,0.07502142545728939
condition0,theta0_sample_095,Malate,malate,direct,4,2,M+2,0.29408479538338633
condition0,theta0_sample_095,Malate,malate,direct,4,3,M+3,0.18208595690272419
condition0,theta0_sample_095,Malate,malate,direct,4,4,M+4,0.39763777826694102
condition0,theta0_sample_095,Glutamine,glutamine,direct,5,0,M+0,0.022577875084477853
condition0,theta0_sample_095,Glutamine,glutamine,direct,5,1,M+1,0.061269799674944787
condition0,theta0_sample_095,Glutamine,glutamine,direct,5,2,M+2,0.13164000786748159
condition0,theta0_sample_095,Glutamine,glutamine,direct,5,3,M+3,0.2811246024053734
condition0,theta0_sample_095,Glutamine,glutamine,direct,5,4,M+4,0.18486219746463894
condition0,theta0_sample_095,Glutamine,glutamine,direct,5,5,M+5,0.31852551750308278
condition0,theta0_sample_095,Aspartate,aspartate,reporter,4,0,M+0,0.062325984982015081
condition0,theta0_sample_095,Aspartate,aspartate,reporter,4,1,M+1,0.12450404202787224
condition0,theta0_sample_095,Aspartate,aspartate,reporter,4,2,M+2,0.18832195112299877
condition0,theta0_sample_095,Aspartate,aspartate,reporter,4,3,M+3,0.20054003174232501
condition0,theta0_sample_095,Aspartate,aspartate,reporter,4,4,M+4,0.42430799012478865
condition0,theta0_sample_095,Glycine,glycine,reporter,2,0,M+0,0.2621419298868915
condition0,theta0_sample_095,Glycine,glycine,reporter,2,1,M+1,0.075716140226216949
condition0,theta0_sample_095,Glycine,glycine,reporter,2,2,M+2,0.66214192988689158
condition0,theta0_sample_095,Serine,serine,reporter,3,0,M+0,0.2621419298868915
condition0,theta0_sample_095,Serine,serine,reporter,3,1,M+1,0.037858070113108482
condition0,theta0_sample_095,Serine,serine,reporter,3,2,M+2,0.037858070113108468
condition0,theta0_sample_095,Serine,serine,reporter,3,3,M+3,0.66214192988689158
condition0,theta0_sample_096,Pyruvate,pyruvate,direct,3,0,M+0,0.25149810552265683
condition0,theta0_sample_096,Pyruvate,pyruvate,direct,3,1,M+1,0.047696778415703293
condition0,theta0_sample_096,Pyruvate,pyruvate,direct,3,2,M+2,0.050112126600622781
condition0,theta0_sample_096,Pyruvate,pyruvate,direct,3,3,M+3,0.65069298946101717
condition0,theta0_sample_096,Alanine,alanine,reporter,3,0,M+0,0.25149810552265683
condition0,theta0_sample_096,Alanine,alanine,reporter,3,1,M+1,0.047696778415703293
condition0,theta0_sample_096,Alanine,alanine,reporter,3,2,M+2,0.050112126600622781
condition0,theta0_sample_096,Alanine,alanine,reporter,3,3,M+3,0.65069298946101717
condition0,theta0_sample_096,Lactate,lactate,reporter,3,0,M+0,0.25149810552265683
condition0,theta0_sample_096,Lactate,lactate,reporter,3,1,M+1,0.047696778415703293
condition0,theta0_sample_096,Lactate,lactate,reporter,3,2,M+2,0.050112126600622781
condition0,theta0_sample_096,Lactate,lactate,reporter,3,3,M+3,0.65069298946101717
condition0,theta0_sample_096,Citrate,citrate,reporter,6,0,M+0,0.017807845209740422
condition0,theta0_sample_096,Citrate,citrate,reporter,6,1,M+1,0.036636166448323439
condition0,theta0_sample_096,Citrate,citrate,reporter,6,2,M+2,0.10075050811762029
condition0,theta0_sample_096,Citrate,citrate,reporter,6,3,M+3,0.14646537280206778
condition0,theta0_sample_096,Citrate,citrate,reporter,6,4,M+4,0.26113712302556047
condition0,theta0_sample_096,Citrate,citrate,reporter,6,5,M+5,0.14529969957213459
condition0,theta0_sample_096,Citrate,citrate,reporter,6,6,M+6,0.29190328482455291
condition0,theta0_sample_096,aKG,akg,direct,5,0,M+0,0.022782658286766504
condition0,theta0_sample_096,aKG,akg,direct,5,1,M+1,0.061438929900945086
condition0,theta0_sample_096,aKG,akg,direct,5,2,M+2,0.1314678327563342
condition0,theta0_sample_096,aKG,akg,direct,5,3,M+3,0.28141426748852799
condition0,theta0_sample_096,aKG,akg,direct,5,4,M+4,0.18309895571632839
condition0,theta0_sample_096,aKG,akg,direct,5,5,M+5,0.31979735585109764
condition0,theta0_sample_096,Succinate,succinate,direct,4,0,M+0,0.050349086558397614
condition0,theta0_sample_096,Succinate,succinate,direct,4,1,M+1,0.077697069062161186
condition0,theta0_sample_096,Succinate,succinate,direct,4,2,M+2,0.28996996562271676
condition0,theta0_sample_096,Succinate,succinate,direct,4,3,M+3,0.1855725153344924
condition0,theta0_sample_096,Succinate,succinate,direct,4,4,M+4,0.39641136342223199
condition0,theta0_sample_096,Fumarate,fumarate,direct,4,0,M+0,0.050349086558397621
condition0,theta0_sample_096,Fumarate,fumarate,direct,4,1,M+1,0.0776970690621612
condition0,theta0_sample_096,Fumarate,fumarate,direct,4,2,M+2,0.28996996562271682
condition0,theta0_sample_096,Fumarate,fumarate,direct,4,3,M+3,0.1855725153344924
condition0,theta0_sample_096,Fumarate,fumarate,direct,4,4,M+4,0.39641136342223204
condition0,theta0_sample_096,Malate,malate,direct,4,0,M+0,0.050359784141752559
condition0,theta0_sample_096,Malate,malate,direct,4,1,M+1,0.077676128299886224
condition0,theta0_sample_096,Malate,malate,direct,4,2,M+2,0.29000501836132003
condition0,theta0_sample_096,Malate,malate,direct,4,3,M+3,0.185522441810691
condition0,theta0_sample_096,Malate,malate,direct,4,4,M+4,0.39643662738635016
condition0,theta0_sample_096,Glutamine,glutamine,direct,5,0,M+0,0.022782658286766504
condition0,theta0_sample_096,Glutamine,glutamine,direct,5,1,M+1,0.061438929900945086
condition0,theta0_sample_096,Glutamine,glutamine,direct,5,2,M+2,0.1314678327563342
condition0,theta0_sample_096,Glutamine,glutamine,direct,5,3,M+3,0.28141426748852799
condition0,theta0_sample_096,Glutamine,glutamine,direct,5,4,M+4,0.18309895571632839
condition0,theta0_sample_096,Glutamine,glutamine,direct,5,5,M+5,0.31979735585109764
condition0,theta0_sample_096,Aspartate,aspartate,reporter,4,0,M+0,0.060620199275513917
condition0,theta0_sample_096,Aspartate,aspartate,reporter,4,1,M+1,0.12213924815792455
condition0,theta0_sample_096,Aspartate,aspartate,reporter,4,2,M+2,0.19461577758910967
condition0,theta0_sample_096,Aspartate,aspartate,reporter,4,3,M+3,0.20186990324595108
condition0,theta0_sample_096,Aspartate,aspartate,reporter,4,4,M+4,0.42075487173150061
condition0,theta0_sample_096,Glycine,glycine,reporter,2,0,M+0,0.25706544496509226
condition0,theta0_sample_096,Glycine,glycine,reporter,2,1,M+1,0.085869110069815402
condition0,theta0_sample_096,Glycine,glycine,reporter,2,2,M+2,0.65706544496509223
condition0,theta0_sample_096,Serine,serine,reporter,3,0,M+0,0.25706544496509226
condition0,theta0_sample_096,Serine,serine,reporter,3,1,M+1,0.042934555034907701
condition0,theta0_sample_096,Serine,serine,reporter,3,2,M+2,0.042934555034907715
condition0,theta0_sample_096,Serine,serine,reporter,3,3,M+3,0.65706544496509223
condition0,theta0_sample_097,Pyruvate,pyruvate,direct,3,0,M+0,0.25123143930495551
condition0,theta0_sample_097,Pyruvate,pyruvate,direct,3,1,M+1,0.048339001762001794
condition0,theta0_sample_097,Pyruvate,pyruvate,direct,3,2,M+2,0.049627678561130151
condition0,theta0_sample_097,Pyruvate,pyruvate,direct,3,3,M+3,0.65080188037191278
condition0,theta0_sample_097,Alanine,alanine,reporter,3,0,M+0,0.25123143930495551
condition0,theta0_sample_097,Alanine,alanine,reporter,3,1,M+1,0.048339001762001794
condition0,theta0_sample_097,Alanine,alanine,reporter,3,2,M+2,0.049627678561130151
condition0,theta0_sample_097,Alanine,alanine,reporter,3,3,M+3,0.65080188037191278
condition0,theta0_sample_097,Lactate,lactate,reporter,3,0,M+0,0.25123143930495551
condition0,theta0_sample_097,Lactate,lactate,reporter,3,1,M+1,0.048339001762001794
condition0,theta0_sample_097,Lactate,lactate,reporter,3,2,M+2,0.049627678561130151
condition0,theta0_sample_097,Lactate,lactate,reporter,3,3,M+3,0.65080188037191278
condition0,theta0_sample_097,Citrate,citrate,reporter,6,0,M+0,0.016894437880695418
condition0,theta0_sample_097,Citrate,citrate,reporter,6,1,M+1,0.033992120873716065
condition0,theta0_sample_097,Citrate,citrate,reporter,6,2,M+2,0.10420047609141661
condition0,theta0_sample_097,Citrate,citrate,reporter,6,3,M+3,0.14038750634776173
condition0,theta0_sample_097,Citrate,citrate,reporter,6,4,M+4,0.27356280134240751
condition0,theta0_sample_097,Citrate,citrate,reporter,6,5,M+5,0.14358274225348319
condition0,theta0_sample_097,Citrate,citrate,reporter,6,6,M+6,0.28737991521052103
condition0,theta0_sample_097,aKG,akg,direct,5,0,M+0,0.02271714107852716
condition0,theta0_sample_097,aKG,akg,direct,5,1,M+1,0.061490858187500469
condition0,theta0_sample_097,aKG,akg,direct,5,2,M+2,0.13162895638995536
condition0,theta0_sample_097,aKG,akg,direct,5,3,M+3,0.28095634861455904
condition0,theta0_sample_097,aKG,akg,direct,5,4,M+4,0.18365129545838024
condition0,theta0_sample_097,aKG,akg,direct,5,5,M+5,0.3195554002710792
condition0,theta0_sample_097,Succinate,succinate,direct,4,0,M+0,0.047956400141936535
condition0,theta0_sample_097,Succinate,succinate,direct,4,1,M+1,0.083251132039204256
condition0,theta0_sample_097,Succinate,succinate,direct,4,2,M+2,0.28096942404235253
condition0,theta0_sample_097,Succinate,succinate,direct,4,3,M+3,0.19648215522993775
condition0,theta0_sample_097,Succinate,succinate,direct,4,4,M+4,0.39134088854657045
condition0,theta0_sample_097,Fumarate,fumarate,direct,4,0,M+0,0.047956400141936535
condition0,theta0_sample_097,Fumarate,fumarate,direct,4,1,M+1,0.083251132039204256
condition0,theta0_sample_097,Fumarate,fumarate,direct,4,2,M+2,0.28096942404235253
condition0,theta0_sample_097,Fumarate,fumarate,direct,4,3,M+3,0.19648215522993775
condition0,theta0_sample_097,Fumarate,fumarate,direct,4,4,M+4,0.39134088854657045
condition0,theta0_sample_097,Malate,malate,direct,4,0,M+0,0.049033030474064744
condition0,theta0_sample_097,Malate,malate,direct,4,1,M+1,0.081119752127246494
condition0,theta0_sample_097,Malate,malate,direct,4,2,M+2,0.28452901747971499
condition0,theta0_sample_097,Malate,malate,direct,4,3,M+3,0.1914505867625732
condition0,theta0_sample_097,Malate,malate,direct,4,4,M+4,0.39386761315640206
condition0,theta0_sample_097,Glutamine,glutamine,direct,5,0,M+0,0.02271714107852716
condition0,theta0_sample_097,Glutamine,glutamine,direct,5,1,M+1,0.061490858187500462
condition0,theta0_sample_097,Glutamine,glutamine,direct,5,2,M+2,0.13162895638995534
condition0,theta0_sample_097,Glutamine,glutamine,direct,5,3,M+3,0.28095634861455904
condition0,theta0_sample_097,Glutamine,glutamine,direct,5,4,M+4,0.18365129545838027
condition0,theta0_sample_097,Glutamine,glutamine,direct,5,5,M+5,0.3195554002710792
condition0,theta0_sample_097,Aspartate,aspartate,reporter,4,0,M+0,0.056887046009991123
condition0,theta0_sample_097,Aspartate,aspartate,reporter,4,1,M+1,0.11330232384505229
condition0,theta0_sample_097,Aspartate,aspartate,reporter,4,2,M+2,0.21505454486932871
condition0,theta0_sample_097,Aspartate,aspartate,reporter,4,3,M+3,0.20243575468622257
condition0,theta0_sample_097,Aspartate,aspartate,reporter,4,4,M+4,0.41232033058940654
condition0,theta0_sample_097,Glycine,glycine,reporter,2,0,M+0,0.2539090902987885
condition0,theta0_sample_097,Glycine,glycine,reporter,2,1,M+1,0.092181819402422926
condition0,theta0_sample_097,Glycine,glycine,reporter,2,2,M+2,0.65390909029878863
condition0,theta0_sample_097,Serine,serine,reporter,3,0,M+0,0.2539090902987885
condition0,theta0_sample_097,Serine,serine,reporter,3,1,M+1,0.04609090970121147
condition0,theta0_sample_097,Serine,serine,reporter,3,2,M+2,0.046090909701211463
condition0,theta0_sample_097,Serine,serine,reporter,3,3,M+3,0.65390909029878863
condition0,theta0_sample_098,Pyruvate,pyruvate,direct,3,0,M+0,0.25078646382455744
condition0,theta0_sample_098,Pyruvate,pyruvate,direct,3,1,M+1,0.048334168884275261
condition0,theta0_sample_098,Pyruvate,pyruvate,direct,3,2,M+2,0.050972270757776723
condition0,theta0_sample_098,Pyruvate,pyruvate,direct,3,3,M+3,0.64990709653338996
condition0,theta0_sample_098,Alanine,alanine,reporter,3,0,M+0,0.25078646382455744
condition0,theta0_sample_098,Alanine,alanine,reporter,3,1,M+1,0.048334168884275261
condition0,theta0_sample_098,Alanine,alanine,reporter,3,2,M+2,0.050972270757776723
condition0,theta0_sample_098,Alanine,alanine,reporter,3,3,M+3,0.64990709653338996
condition0,theta0_sample_098,Lactate,lactate,reporter,3,0,M+0,0.25078646382455744
condition0,theta0_sample_098,Lactate,lactate,reporter,3,1,M+1,0.048334168884275261
condition0,theta0_sample_098,Lactate,lactate,reporter,3,2,M+2,0.050972270757776723
condition0,theta0_sample_098,Lactate,lactate,reporter,3,3,M+3,0.64990709653338996
condition0,theta0_sample_098,Citrate,citrate,reporter,6,0,M+0,0.017065738971690118
condition0,theta0_sample_098,Citrate,citrate,reporter,6,1,M+1,0.034696497135908513
condition0,theta0_sample_098,Citrate,citrate,reporter,6,2,M+2,0.10320494828979637
condition0,theta0_sample_098,Citrate,citrate,reporter,6,3,M+3,0.14225574570011743
condition0,theta0_sample_098,Citrate,citrate,reporter,6,4,M+4,0.2695265477482241
condition0,theta0_sample_098,Citrate,citrate,reporter,6,5,M+5,0.14548295473432885
condition0,theta0_sample_098,Citrate,citrate,reporter,6,6,M+6,0.28776756741993353
condition0,theta0_sample_098,aKG,akg,direct,5,0,M+0,0.022589451720951392
condition0,theta0_sample_098,aKG,akg,direct,5,1,M+1,0.061367025050631678
condition0,theta0_sample_098,aKG,akg,direct,5,2,M+2,0.13171793884904595
condition0,theta0_sample_098,aKG,akg,direct,5,3,M+3,0.28083902289632057
condition0,theta0_sample_098,aKG,akg,direct,5,4,M+4,0.18475277885293617
condition0,theta0_sample_098,aKG,akg,direct,5,5,M+5,0.31873378263011354
condition0,theta0_sample_098,Succinate,succinate,direct,4,0,M+0,0.048633144362613144
condition0,theta0_sample_098,Succinate,succinate,direct,4,1,M+1,0.08106409944516331
condition0,theta0_sample_098,Succinate,succinate,direct,4,2,M+2,0.28433663031485751
condition0,theta0_sample_098,Succinate,succinate,direct,4,3,M+3,0.19360186358434187
condition0,theta0_sample_098,Succinate,succinate,direct,4,4,M+4,0.39236426229302368
condition0,theta0_sample_098,Fumarate,fumarate,direct,4,0,M+0,0.048633144362613151
condition0,theta0_sample_098,Fumarate,fumarate,direct,4,1,M+1,0.081064099445163323
condition0,theta0_sample_098,Fumarate,fumarate,direct,4,2,M+2,0.28433663031485751
condition0,theta0_sample_098,Fumarate,fumarate,direct,4,3,M+3,0.19360186358434189
condition0,theta0_sample_098,Fumarate,fumarate,direct,4,4,M+4,0.39236426229302368
condition0,theta0_sample_098,Malate,malate,direct,4,0,M+0,0.04933603934160298
condition0,theta0_sample_098,Malate,malate,direct,4,1,M+1,0.079688016652496238
condition0,theta0_sample_098,Malate,malate,direct,4,2,M+2,0.28664000402440681
condition0,theta0_sample_098,Malate,malate,direct,4,3,M+3,0.19031178462728507
condition0,theta0_sample_098,Malate,malate,direct,4,4,M+4,0.39402415535420832
condition0,theta0_sample_098,Glutamine,glutamine,direct,5,0,M+0,0.022589451720951392
condition0,theta0_sample_098,Glutamine,glutamine,direct,5,1,M+1,0.061367025050631678
condition0,theta0_sample_098,Glutamine,glutamine,direct,5,2,M+2,0.13171793884904595
condition0,theta0_sample_098,Glutamine,glutamine,direct,5,3,M+3,0.28083902289632062
condition0,theta0_sample_098,Glutamine,glutamine,direct,5,4,M+4,0.1847527788529362
condition0,theta0_sample_098,Glutamine,glutamine,direct,5,5,M+5,0.31873378263011359
condition0,theta0_sample_098,Aspartate,aspartate,reporter,4,0,M+0,0.058087907707837123
condition0,theta0_sample_098,Aspartate,aspartate,reporter,4,1,M+1,0.1156439843755014
condition0,theta0_sample_098,Aspartate,aspartate,reporter,4,2,M+2,0.20922353759449028
condition0,theta0_sample_098,Aspartate,aspartate,reporter,4,3,M+3,0.20226934085316603
condition0,theta0_sample_098,Aspartate,aspartate,reporter,4,4,M+4,0.41477522946900452
condition0,theta0_sample_098,Glycine,glycine,reporter,2,0,M+0,0.2563643586091765
condition0,theta0_sample_098,Glycine,glycine,reporter,2,1,M+1,0.087271282781646781
condition0,theta0_sample_098,Glycine,glycine,reporter,2,2,M+2,0.6563643586091763
condition0,theta0_sample_098,Serine,serine,reporter,3,0,M+0,0.2563643586091765
condition0,theta0_sample_098,Serine,serine,reporter,3,1,M+1,0.04363564139082339
condition0,theta0_sample_098,Serine,serine,reporter,3,2,M+2,0.04363564139082339
condition0,theta0_sample_098,Serine,serine,reporter,3,3,M+3,0.6563643586091763
condition0,theta0_sample_099,Pyruvate,pyruvate,direct,3,0,M+0,0.24957126193769011
condition0,theta0_sample_099,Pyruvate,pyruvate,direct,3,1,M+1,0.048809740489436225
condition0,theta0_sample_099,Pyruvate,pyruvate,direct,3,2,M+2,0.053666733208056989
condition0,theta0_sample_099,Pyruvate,pyruvate,direct,3,3,M+3,0.64795226436481657
condition0,theta0_sample_099,Alanine,alanine,reporter,3,0,M+0,0.24957126193769011
condition0,theta0_sample_099,Alanine,alanine,reporter,3,1,M+1,0.048809740489436225
condition0,theta0_sample_099,Alanine,alanine,reporter,3,2,M+2,0.053666733208056989
condition0,theta0_sample_099,Alanine,alanine,reporter,3,3,M+3,0.64795226436481657
condition0,theta0_sample_099,Lactate,lactate,reporter,3,0,M+0,0.24957126193769011
condition0,theta0_sample_099,Lactate,lactate,reporter,3,1,M+1,0.048809740489436225
condition0,theta0_sample_099,Lactate,lactate,reporter,3,2,M+2,0.053666733208056989
condition0,theta0_sample_099,Lactate,lactate,reporter,3,3,M+3,0.64795226436481657
condition0,theta0_sample_099,Citrate,citrate,reporter,6,0,M+0,0.01774169767662474
condition0,theta0_sample_099,Citrate,citrate,reporter,6,1,M+1,0.036756753071079611
condition0,theta0_sample_099,Citrate,citrate,reporter,6,2,M+2,0.10082811198383664
condition0,theta0_sample_099,Citrate,citrate,reporter,6,3,M+3,0.14669562948953796
condition0,theta0_sample_099,Citrate,citrate,reporter,6,4,M+4,0.25905882155327425
condition0,theta0_sample_099,Citrate,citrate,reporter,6,5,M+5,0.14824906907434304
condition0,theta0_sample_099,Citrate,citrate,reporter,6,6,M+6,0.29066991715130297
condition0,theta0_sample_099,aKG,akg,direct,5,0,M+0,0.022490750267559662
condition0,theta0_sample_099,aKG,akg,direct,5,1,M+1,0.061209778727585637
condition0,theta0_sample_099,aKG,akg,direct,5,2,M+2,0.13172519494831939
condition0,theta0_sample_099,aKG,akg,direct,5,3,M+3,0.2809602540408847
condition0,theta0_sample_099,aKG,akg,direct,5,4,M+4,0.18561104082512994
condition0,theta0_sample_099,aKG,akg,direct,5,5,M+5,0.31800298119051962
condition0,theta0_sample_099,Succinate,succinate,direct,4,0,M+0,0.050879372355890996
condition0,theta0_sample_099,Succinate,succinate,direct,4,1,M+1,0.075262839467626574
condition0,theta0_sample_099,Succinate,succinate,direct,4,2,M+2,0.29356912894709153
condition0,theta0_sample_099,Succinate,succinate,direct,4,3,M+3,0.18355573427937213
condition0,theta0_sample_099,Succinate,succinate,direct,4,4,M+4,0.39673292495001794
condition0,theta0_sample_099,Fumarate,fumarate,direct,4,0,M+0,0.050879372355890996
condition0,theta0_sample_099,Fumarate,fumarate,direct,4,1,M+1,0.075262839467626574
condition0,theta0_sample_099,Fumarate,fumarate,direct,4,2,M+2,0.29356912894709153
condition0,theta0_sample_099,Fumarate,fumarate,direct,4,3,M+3,0.18355573427937213
condition0,theta0_sample_099,Fumarate,fumarate,direct,4,4,M+4,0.39673292495001794
condition0,theta0_sample_099,Malate,malate,direct,4,0,M+0,0.050885718209945731
condition0,theta0_sample_099,Malate,malate,direct,4,1,M+1,0.075250680217566951
condition0,theta0_sample_099,Malate,malate,direct,4,2,M+2,0.29358957184987411
condition0,theta0_sample_099,Malate,malate,direct,4,3,M+3,0.18352594280776671
condition0,theta0_sample_099,Malate,malate,direct,4,4,M+4,0.39674808691484553
condition0,theta0_sample_099,Glutamine,glutamine,direct,5,0,M+0,0.022490750267559662
condition0,theta0_sample_099,Glutamine,glutamine,direct,5,1,M+1,0.061209778727585637
condition0,theta0_sample_099,Glutamine,glutamine,direct,5,2,M+2,0.13172519494831939
condition0,theta0_sample_099,Glutamine,glutamine,direct,5,3,M+3,0.2809602540408847
condition0,theta0_sample_099,Glutamine,glutamine,direct,5,4,M+4,0.18561104082512991
condition0,theta0_sample_099,Glutamine,glutamine,direct,5,5,M+5,0.31800298119051962
condition0,theta0_sample_099,Aspartate,aspartate,reporter,4,0,M+0,0.06162006353564034
condition0,theta0_sample_099,Aspartate,aspartate,reporter,4,1,M+1,0.12249240389845713
condition0,theta0_sample_099,Aspartate,aspartate,reporter,4,2,M+2,0.19268898994900996
condition0,theta0_sample_099,Aspartate,aspartate,reporter,4,3,M+3,0.20066455426404647
condition0,theta0_sample_099,Aspartate,aspartate,reporter,4,4,M+4,0.42253398835284539
condition0,theta0_sample_099,Glycine,glycine,reporter,2,0,M+0,0.26059833019123285
condition0,theta0_sample_099,Glycine,glycine,reporter,2,1,M+1,0.07880333961753419
condition0,theta0_sample_099,Glycine,glycine,reporter,2,2,M+2,0.66059833019123282
condition0,theta0_sample_099,Serine,serine,reporter,3,0,M+0,0.26059833019123285
condition0,theta0_sample_099,Serine,serine,reporter,3,1,M+1,0.039401669808767095
condition0,theta0_sample_099,Serine,serine,reporter,3,2,M+2,0.039401669808767095
condition0,theta0_sample_099,Serine,serine,reporter,3,3,M+3,0.66059833019123282
condition1,theta1_sample_000,Pyruvate,pyruvate,direct,3,0,M+0,0.2984462108317138
condition1,theta1_sample_000,Pyruvate,pyruvate,direct,3,1,M+1,0.0014827336764318625
condition1,theta1_sample_000,Pyruvate,pyruvate,direct,3,2,M+2,0.0016959001519950649
condition1,theta1_sample_000,Pyruvate,pyruvate,direct,3,3,M+3,0.69837515533985928
condition1,theta1_sample_000,Alanine,alanine,reporter,3,0,M+0,0.2984462108317138
condition1,theta1_sample_000,Alanine,alanine,reporter,3,1,M+1,0.0014827336764318625
condition1,theta1_sample_000,Alanine,alanine,reporter,3,2,M+2,0.0016959001519950649
condition1,theta1_sample_000,Alanine,alanine,reporter,3,3,M+3,0.69837515533985928
condition1,theta1_sample_000,Lactate,lactate,reporter,3,0,M+0,0.2984462108317138
condition1,theta1_sample_000,Lactate,lactate,reporter,3,1,M+1,0.0014827336764318625
condition1,theta1_sample_000,Lactate,lactate,reporter,3,2,M+2,0.0016959001519950649
condition1,theta1_sample_000,Lactate,lactate,reporter,3,3,M+3,0.69837515533985928
condition1,theta1_sample_000,Citrate,citrate,reporter,6,0,M+0,0.026669942798999386
condition1,theta1_sample_000,Citrate,citrate,reporter,6,1,M+1,0.059436688655943634
condition1,theta1_sample_000,Citrate,citrate,reporter,6,2,M+2,0.070162276632328074
condition1,theta1_sample_000,Citrate,citrate,reporter,6,3,M+3,0.1982248678105836
condition1,theta1_sample_000,Citrate,citrate,reporter,6,4,M+4,0.16315785947231698
condition1,theta1_sample_000,Citrate,citrate,reporter,6,5,M+5,0.1411574710205894
condition1,theta1_sample_000,Citrate,citrate,reporter,6,6,M+6,0.34119089360923932
condition1,theta1_sample_000,aKG,akg,direct,5,0,M+0,0.026805564551121167
condition1,theta1_sample_000,aKG,akg,direct,5,1,M+1,0.062934591093573203
condition1,theta1_sample_000,aKG,akg,direct,5,2,M+2,0.12625865017503793
condition1,theta1_sample_000,aKG,akg,direct,5,3,M+3,0.29339714635839376
condition1,theta1_sample_000,aKG,akg,direct,5,4,M+4,0.14866356962820057
condition1,theta1_sample_000,aKG,akg,direct,5,5,M+5,0.34194047819367368
condition1,theta1_sample_000,Succinate,succinate,direct,4,0,M+0,0.085975416812211047
condition1,theta1_sample_000,Succinate,succinate,direct,4,1,M+1,0.008013230440690803
condition1,theta1_sample_000,Succinate,succinate,direct,4,2,M+2,0.40663263728721877
condition1,theta1_sample_000,Succinate,succinate,direct,4,3,M+3,0.01879336685464314
condition1,theta1_sample_000,Succinate,succinate,direct,4,4,M+4,0.48058534860523394
condition1,theta1_sample_000,Fumarate,fumarate,direct,4,0,M+0,0.085975416812211047
condition1,theta1_sample_000,Fumarate,fumarate,direct,4,1,M+1,0.0080132304406908012
condition1,theta1_sample_000,Fumarate,fumarate,direct,4,2,M+2,0.40663263728721871
condition1,theta1_sample_000,Fumarate,fumarate,direct,4,3,M+3,0.018793366854643136
condition1,theta1_sample_000,Fumarate,fumarate,direct,4,4,M+4,0.48058534860523389
condition1,theta1_sample_000,Malate,malate,direct,4,0,M+0,0.080713979317957166
condition1,theta1_sample_000,Malate,malate,direct,4,1,M+1,0.018483209032376397
condition1,theta1_sample_000,Malate,malate,direct,4,2,M+2,0.38916504083546882
condition1,theta1_sample_000,Malate,malate,direct,4,3,M+3,0.04336437396010201
condition1,theta1_sample_000,Malate,malate,direct,4,4,M+4,0.46827339685409353
condition1,theta1_sample_000,Glutamine,glutamine,direct,5,0,M+0,0.026805564551121167
condition1,theta1_sample_000,Glutamine,glutamine,direct,5,1,M+1,0.062934591093573203
condition1,theta1_sample_000,Glutamine,glutamine,direct,5,2,M+2,0.12625865017503793
condition1,theta1_sample_000,Glutamine,glutamine,direct,5,3,M+3,0.29339714635839376
condition1,theta1_sample_000,Glutamine,glutamine,direct,5,4,M+4,0.14866356962820057
condition1,theta1_sample_000,Glutamine,glutamine,direct,5,5,M+5,0.34194047819367368
condition1,theta1_sample_000,Aspartate,aspartate,reporter,4,0,M+0,0.089346690966135539
condition1,theta1_sample_000,Aspartate,aspartate,reporter,4,1,M+1,0.19821996079893711
condition1,theta1_sample_000,Aspartate,aspartate,reporter,4,2,M+2,0.023982620598233563
condition1,theta1_sample_000,Aspartate,aspartate,reporter,4,3,M+3,0.19998811254217991
condition1,theta1_sample_000,Aspartate,aspartate,reporter,4,4,M+4,0.48846261509451416
condition1,theta1_sample_000,Glycine,glycine,reporter,2,0,M+0,0.3000000000000001
condition1,theta1_sample_000,Glycine,glycine,reporter,2,1,M+1,-0
condition1,theta1_sample_000,Glycine,glycine,reporter,2,2,M+2,0.70000000000000007
condition1,theta1_sample_000,Serine,serine,reporter,3,0,M+0,0.3000000000000001
condition1,theta1_sample_000,Serine,serine,reporter,3,1,M+1,-0
condition1,theta1_sample_000,Serine,serine,reporter,3,2,M+2,-0
condition1,theta1_sample_000,Serine,serine,reporter,3,3,M+3,0.70000000000000007
condition1,theta1_sample_001,Pyruvate,pyruvate,direct,3,0,M+0,0.29726099406284456
condition1,theta1_sample_001,Pyruvate,pyruvate,direct,3,1,M+1,0.0024236071745654285
condition1,theta1_sample_001,Pyruvate,pyruvate,direct,3,2,M+2,0.003369803462335101
condition1,theta1_sample_001,Pyruvate,pyruvate,direct,3,3,M+3,0.69694559530025446
condition1,theta1_sample_001,Alanine,alanine,reporter,3,0,M+0,0.29726099406284456
condition1,theta1_sample_001,Alanine,alanine,reporter,3,1,M+1,0.0024236071745654285
condition1,theta1_sample_001,Alanine,alanine,reporter,3,2,M+2,0.003369803462335101
condition1,theta1_sample_001,Alanine,alanine,reporter,3,3,M+3,0.69694559530025446
condition1,theta1_sample_001,Lactate,lactate,reporter,3,0,M+0,0.29726099406284456
condition1,theta1_sample_001,Lactate,lactate,reporter,3,1,M+1,0.0024236071745654285
condition1,theta1_sample_001,Lactate,lactate,reporter,3,2,M+2,0.003369803462335101
condition1,theta1_sample_001,Lactate,lactate,reporter,3,3,M+3,0.69694559530025446
condition1,theta1_sample_001,Citrate,citrate,reporter,6,0,M+0,0.026394162577838855
condition1,theta1_sample_001,Citrate,citrate,reporter,6,1,M+1,0.060019742901183872
condition1,theta1_sample_001,Citrate,citrate,reporter,6,2,M+2,0.068926377671021652
condition1,theta1_sample_001,Citrate,citrate,reporter,6,3,M+3,0.20038966839521222
condition1,theta1_sample_001,Citrate,citrate,reporter,6,4,M+4,0.16006083682986419
condition1,theta1_sample_001,Citrate,citrate,reporter,6,5,M+5,0.14454012049759421
condition1,theta1_sample_001,Citrate,citrate,reporter,6,6,M+6,0.33966909112728411
condition1,theta1_sample_001,aKG,akg,direct,5,0,M+0,0.026731573331079443
condition1,theta1_sample_001,aKG,akg,direct,5,1,M+1,0.062909797580360291
condition1,theta1_sample_001,aKG,akg,direct,5,2,M+2,0.12635717536189431
condition1,theta1_sample_001,aKG,akg,direct,5,3,M+3,0.29316739844817064
condition1,theta1_sample_001,aKG,akg,direct,5,4,M+4,0.14929662004113428
condition1,theta1_sample_001,aKG,akg,direct,5,5,M+5,0.34153743523735897
condition1,theta1_sample_001,Succinate,succinate,direct,4,0,M+0,0.08664089912744094
condition1,theta1_sample_001,Succinate,succinate,direct,4,1,M+1,0.006674320253781816
condition1,theta1_sample_001,Succinate,succinate,direct,4,2,M+2,0.40886150574658464
condition1,theta1_sample_001,Succinate,succinate,direct,4,3,M+3,0.015690431235720725
condition1,theta1_sample_001,Succinate,succinate,direct,4,4,M+4,0.48213284363647124
condition1,theta1_sample_001,Fumarate,fumarate,direct,4,0,M+0,0.086640899127440926
condition1,theta1_sample_001,Fumarate,fumarate,direct,4,1,M+1,0.0066743202537818151
condition1,theta1_sample_001,Fumarate,fumarate,direct,4,2,M+2,0.40886150574658464
condition1,theta1_sample_001,Fumarate,fumarate,direct,4,3,M+3,0.015690431235720722
condition1,theta1_sample_001,Fumarate,fumarate,direct,4,4,M+4,0.48213284363647124
condition1,theta1_sample_001,Malate,malate,direct,4,0,M+0,0.068925204388053538
condition1,theta1_sample_001,Malate,malate,direct,4,1,M+1,0.041807671896980196
condition1,theta1_sample_001,Malate,malate,direct,4,2,M+2,0.35020657372939518
condition1,theta1_sample_001,Malate,malate,direct,4,3,M+3,0.098463019298054039
condition1,theta1_sample_001,Malate,malate,direct,4,4,M+4,0.44059753068751634
condition1,theta1_sample_001,Glutamine,glutamine,direct,5,0,M+0,0.026731573331079433
condition1,theta1_sample_001,Glutamine,glutamine,direct,5,1,M+1,0.062909797580360277
condition1,theta1_sample_001,Glutamine,glutamine,direct,5,2,M+2,0.12635717536189425
condition1,theta1_sample_001,Glutamine,glutamine,direct,5,3,M+3,0.29316739844817058
condition1,theta1_sample_001,Glutamine,glutamine,direct,5,4,M+4,0.14929662004113425
condition1,theta1_sample_001,Glutamine,glutamine,direct,5,5,M+5,0.34153743523735891
condition1,theta1_sample_001,Aspartate,aspartate,reporter,4,0,M+0,0.088720606898862575
condition1,theta1_sample_001,Aspartate,aspartate,reporter,4,1,M+1,0.20025612073896057
condition1,theta1_sample_001,Aspartate,aspartate,reporter,4,2,M+2,0.020308428976209155
condition1,theta1_sample_001,Aspartate,aspartate,reporter,4,3,M+3,0.20373235223524874
condition1,theta1_sample_001,Aspartate,aspartate,reporter,4,4,M+4,0.48698249115071823
condition1,theta1_sample_001,Glycine,glycine,reporter,2,0,M+0,0.29999999999999993
condition1,theta1_sample_001,Glycine,glycine,reporter,2,1,M+1,-0
condition1,theta1_sample_001,Glycine,glycine,reporter,2,2,M+2,0.69999999999999984
condition1,theta1_sample_001,Serine,serine,reporter,3,0,M+0,0.29999999999999993
condition1,theta1_sample_001,Serine,serine,reporter,3,1,M+1,-0
condition1,theta1_sample_001,Serine,serine,reporter,3,2,M+2,-0
condition1,theta1_sample_001,Serine,serine,reporter,3,3,M+3,0.69999999999999984
condition1,theta1_sample_002,Pyruvate,pyruvate,direct,3,0,M+0,0.29862516393729099
condition1,theta1_sample_002,Pyruvate,pyruvate,direct,3,1,M+1,0.001274069698864029
condition1,theta1_sample_002,Pyruvate,pyruvate,direct,3,2,M+2,0.0015763687903990527
condition1,theta1_sample_002,Pyruvate,pyruvate,direct,3,3,M+3,0.69852439757344598
condition1,theta1_sample_002,Alanine,alanine,reporter,3,0,M+0,0.29862516393729099
condition1,theta1_sample_002,Alanine,alanine,reporter,3,1,M+1,0.001274069698864029
condition1,theta1_sample_002,Alanine,alanine,reporter,3,2,M+2,0.0015763687903990527
condition1,theta1_sample_002,Alanine,alanine,reporter,3,3,M+3,0.69852439757344598
condition1,theta1_sample_002,Lactate,lactate,reporter,3,0,M+0,0.29862516393729099
condition1,theta1_sample_002,Lactate,lactate,reporter,3,1,M+1,0.001274069698864029
condition1,theta1_sample_002,Lactate,lactate,reporter,3,2,M+2,0.0015763687903990527
condition1,theta1_sample_002,Lactate,lactate,reporter,3,3,M+3,0.69852439757344598
condition1,theta1_sample_002,Citrate,citrate,reporter,6,0,M+0,0.026620559917887036
condition1,theta1_sample_002,Citrate,citrate,reporter,6,1,M+1,0.059894426898821025
condition1,theta1_sample_002,Citrate,citrate,reporter,6,2,M+2,0.06908387227304405
condition1,theta1_sample_002,Citrate,citrate,reporter,6,3,M+3,0.19999258594177691
condition1,theta1_sample_002,Citrate,citrate,reporter,6,4,M+4,0.16099502850680758
condition1,theta1_sample_002,Citrate,citrate,reporter,6,5,M+5,0.14250120206745101
condition1,theta1_sample_002,Citrate,citrate,reporter,6,6,M+6,0.34091232439421265
condition1,theta1_sample_002,aKG,akg,direct,5,0,M+0,0.026822797934689637
condition1,theta1_sample_002,aKG,akg,direct,5,1,M+1,0.062940408343595239
condition1,theta1_sample_002,aKG,akg,direct,5,2,M+2,0.12623574511911245
condition1,theta1_sample_002,aKG,akg,direct,5,3,M+3,0.29345051061240557
condition1,theta1_sample_002,aKG,akg,direct,5,4,M+4,0.14851612037002204
condition1,theta1_sample_002,aKG,akg,direct,5,5,M+5,0.34203441762017489
condition1,theta1_sample_002,Succinate,succinate,direct,4,0,M+0,0.086614647675342285
condition1,theta1_sample_002,Succinate,succinate,direct,4,1,M+1,0.0067446448995143625
condition1,theta1_sample_002,Succinate,succinate,direct,4,2,M+2,0.40875023858420878
condition1,theta1_sample_002,Succinate,succinate,direct,4,3,M+3,0.015806997431669433
condition1,theta1_sample_002,Succinate,succinate,direct,4,4,M+4,0.4820834714092645
condition1,theta1_sample_002,Fumarate,fumarate,direct,4,0,M+0,0.086614647675342285
condition1,theta1_sample_002,Fumarate,fumarate,direct,4,1,M+1,0.0067446448995143616
condition1,theta1_sample_002,Fumarate,fumarate,direct,4,2,M+2,0.40875023858420878
condition1,theta1_sample_002,Fumarate,fumarate,direct,4,3,M+3,0.015806997431669433
condition1,theta1_sample_002,Fumarate,fumarate,direct,4,4,M+4,0.48208347140926455
condition1,theta1_sample_002,Malate,malate,direct,4,0,M+0,0.076380959706845442
condition1,theta1_sample_002,Malate,malate,direct,4,1,M+1,0.027122993707301573
condition1,theta1_sample_002,Malate,malate,direct,4,2,M+2,0.37475664819482801
condition1,theta1_sample_002,Malate,malate,direct,4,3,M+3,0.063593883661057005
condition1,theta1_sample_002,Malate,malate,direct,4,4,M+4,0.45814551472996762
condition1,theta1_sample_002,Glutamine,glutamine,direct,5,0,M+0,0.02682279793468963
condition1,theta1_sample_002,Glutamine,glutamine,direct,5,1,M+1,0.062940408343595225
condition1,theta1_sample_002,Glutamine,glutamine,direct,5,2,M+2,0.12623574511911242
condition1,theta1_sample_002,Glutamine,glutamine,direct,5,3,M+3,0.29345051061240551
condition1,theta1_sample_002,Glutamine,glutamine,direct,5,4,M+4,0.14851612037002201
condition1,theta1_sample_002,Glutamine,glutamine,direct,5,5,M+5,0.34203441762017484
condition1,theta1_sample_002,Aspartate,aspartate,reporter,4,0,M+0,0.089121172022666492
condition1,theta1_sample_002,Aspartate,aspartate,reporter,4,1,M+1,0.19974119842698232
condition1,theta1_sample_002,Aspartate,aspartate,reporter,4,2,M+2,0.021077321599797479
condition1,theta1_sample_002,Aspartate,aspartate,reporter,4,3,M+3,0.20213707342879236
condition1,theta1_sample_002,Aspartate,aspartate,reporter,4,4,M+4,0.48792323452176151
condition1,theta1_sample_002,Glycine,glycine,reporter,2,0,M+0,0.30000000000000004
condition1,theta1_sample_002,Glycine,glycine,reporter,2,1,M+1,-0
condition1,theta1_sample_002,Glycine,glycine,reporter,2,2,M+2,0.70000000000000007
condition1,theta1_sample_002,Serine,serine,reporter,3,0,M+0,0.30000000000000004
condition1,theta1_sample_002,Serine,serine,reporter,3,1,M+1,-0
condition1,theta1_sample_002,Serine,serine,reporter,3,2,M+2,-0
condition1,theta1_sample_002,Serine,serine,reporter,3,3,M+3,0.70000000000000007
condition1,theta1_sample_003,Pyruvate,pyruvate,direct,3,0,M+0,0.29784654863960425
condition1,theta1_sample_003,Pyruvate,pyruvate,direct,3,1,M+1,0.0019256070782169214
condition1,theta1_sample_003,Pyruvate,pyruvate,direct,3,2,M+2,0.0026091399247531637
condition1,theta1_sample_003,Pyruvate,pyruvate,direct,3,3,M+3,0.69761870435742535
condition1,theta1_sample_003,Alanine,alanine,reporter,3,0,M+0,0.29784654863960425
condition1,theta1_sample_003,Alanine,alanine,reporter,3,1,M+1,0.0019256070782169214
condition1,theta1_sample_003,Alanine,alanine,reporter,3,2,M+2,0.0026091399247531637
condition1,theta1_sample_003,Alanine,alanine,reporter,3,3,M+3,0.69761870435742535
condition1,theta1_sample_003,Lactate,lactate,reporter,3,0,M+0,0.29784654863960425
condition1,theta1_sample_003,Lactate,lactate,reporter,3,1,M+1,0.0019256070782169214
condition1,theta1_sample_003,Lactate,lactate,reporter,3,2,M+2,0.0026091399247531637
condition1,theta1_sample_003,Lactate,lactate,reporter,3,3,M+3,0.69761870435742535
condition1,theta1_sample_003,Citrate,citrate,reporter,6,0,M+0,0.026402740001391541
condition1,theta1_sample_003,Citrate,citrate,reporter,6,1,M+1,0.059435675264544109
condition1,theta1_sample_003,Citrate,citrate,reporter,6,2,M+2,0.069895134576032872
condition1,theta1_sample_003,Citrate,citrate,reporter,6,3,M+3,0.19870430005687348
condition1,theta1_sample_003,Citrate,citrate,reporter,6,4,M+4,0.16286729681506262
condition1,theta1_sample_003,Citrate,citrate,reporter,6,5,M+5,0.14297715156405066
condition1,theta1_sample_003,Citrate,citrate,reporter,6,6,M+6,0.33971770172204346
condition1,theta1_sample_003,aKG,akg,direct,5,0,M+0,0.026768338261309834
condition1,theta1_sample_003,aKG,akg,direct,5,1,M+1,0.062922071184666889
condition1,theta1_sample_003,aKG,akg,direct,5,2,M+2,0.12630817408248371
condition1,theta1_sample_003,aKG,akg,direct,5,3,M+3,0.29328171406950371
condition1,theta1_sample_003,aKG,akg,direct,5,4,M+4,0.14898207356832313
condition1,theta1_sample_003,aKG,akg,direct,5,5,M+5,0.34173762883371173
condition1,theta1_sample_003,Succinate,succinate,direct,4,0,M+0,0.086204571210657915
condition1,theta1_sample_003,Succinate,succinate,direct,4,1,M+1,0.0075482726651108986
condition1,theta1_sample_003,Succinate,succinate,direct,4,2,M+2,0.40740535058695665
condition1,theta1_sample_003,Succinate,succinate,direct,4,3,M+3,0.017726195988119756
condition1,theta1_sample_003,Succinate,succinate,direct,4,4,M+4,0.48111560954915278
condition1,theta1_sample_003,Fumarate,fumarate,direct,4,0,M+0,0.086204571210657915
condition1,theta1_sample_003,Fumarate,fumarate,direct,4,1,M+1,0.0075482726651108986
condition1,theta1_sample_003,Fumarate,fumarate,direct,4,2,M+2,0.4074053505869567
condition1,theta1_sample_003,Fumarate,fumarate,direct,4,3,M+3,0.017726195988119756
condition1,theta1_sample_003,Fumarate,fumarate,direct,4,4,M+4,0.48111560954915278
condition1,theta1_sample_003,Malate,malate,direct,4,0,M+0,0.070490657993582742
condition1,theta1_sample_003,Malate,malate,direct,4,1,M+1,0.038767024726376102
condition1,theta1_sample_003,Malate,malate,direct,4,2,M+2,0.35530440569388633
condition1,theta1_sample_003,Malate,malate,direct,4,3,M+3,0.091127482458765799
condition1,theta1_sample_003,Malate,malate,direct,4,4,M+4,0.44431042912738727
condition1,theta1_sample_003,Glutamine,glutamine,direct,5,0,M+0,0.026768338261309838
condition1,theta1_sample_003,Glutamine,glutamine,direct,5,1,M+1,0.062922071184666889
condition1,theta1_sample_003,Glutamine,glutamine,direct,5,2,M+2,0.12630817408248371
condition1,theta1_sample_003,Glutamine,glutamine,direct,5,3,M+3,0.29328171406950371
condition1,theta1_sample_003,Glutamine,glutamine,direct,5,4,M+4,0.14898207356832313
condition1,theta1_sample_003,Glutamine,glutamine,direct,5,5,M+5,0.34173762883371173
condition1,theta1_sample_003,Aspartate,aspartate,reporter,4,0,M+0,0.088594616218862776
condition1,theta1_sample_003,Aspartate,aspartate,reporter,4,1,M+1,0.19825815278316605
condition1,theta1_sample_003,Aspartate,aspartate,reporter,4,2,M+2,0.024389269594283246
condition1,theta1_sample_003,Aspartate,aspartate,reporter,4,3,M+3,0.20206853758648319
condition1,theta1_sample_003,Aspartate,aspartate,reporter,4,4,M+4,0.48668942381720381
condition1,theta1_sample_003,Glycine,glycine,reporter,2,0,M+0,0.29999999999999993
condition1,theta1_sample_003,Glycine,glycine,reporter,2,1,M+1,-0
condition1,theta1_sample_003,Glycine,glycine,reporter,2,2,M+2,0.69999999999999996
condition1,theta1_sample_003,Serine,serine,reporter,3,0,M+0,0.29999999999999993
condition1,theta1_sample_003,Serine,serine,reporter,3,1,M+1,-0
condition1,theta1_sample_003,Serine,serine,reporter,3,2,M+2,-0
condition1,theta1_sample_003,Serine,serine,reporter,3,3,M+3,0.69999999999999996
condition1,theta1_sample_004,Pyruvate,pyruvate,direct,3,0,M+0,0.29719955189400449
condition1,theta1_sample_004,Pyruvate,pyruvate,direct,3,1,M+1,0.0024896924653358948
condition1,theta1_sample_004,Pyruvate,pyruvate,direct,3,2,M+2,0.0034219593873142263
condition1,theta1_sample_004,Pyruvate,pyruvate,direct,3,3,M+3,0.69688879625334488
condition1,theta1_sample_004,Alanine,alanine,reporter,3,0,M+0,0.29719955189400449
condition1,theta1_sample_004,Alanine,alanine,reporter,3,1,M+1,0.0024896924653358948
condition1,theta1_sample_004,Alanine,alanine,reporter,3,2,M+2,0.0034219593873142263
condition1,theta1_sample_004,Alanine,alanine,reporter,3,3,M+3,0.69688879625334488
condition1,theta1_sample_004,Lactate,lactate,reporter,3,0,M+0,0.29719955189400449
condition1,theta1_sample_004,Lactate,lactate,reporter,3,1,M+1,0.0024896924653358948
condition1,theta1_sample_004,Lactate,lactate,reporter,3,2,M+2,0.0034219593873142263
condition1,theta1_sample_004,Lactate,lactate,reporter,3,3,M+3,0.69688879625334488
condition1,theta1_sample_004,Citrate,citrate,reporter,6,0,M+0,0.026447983874816075
condition1,theta1_sample_004,Citrate,citrate,reporter,6,1,M+1,0.061011813004587592
condition1,theta1_sample_004,Citrate,citrate,reporter,6,2,M+2,0.067054535030128953
condition1,theta1_sample_004,Citrate,citrate,reporter,6,3,M+3,0.20353736425746913
condition1,theta1_sample_004,Citrate,citrate,reporter,6,4,M+4,0.15538439087931633
condition1,theta1_sample_004,Citrate,citrate,reporter,6,5,M+5,0.14665401707660727
condition1,theta1_sample_004,Citrate,citrate,reporter,6,6,M+6,0.33990989587707321
condition1,theta1_sample_004,aKG,akg,direct,5,0,M+0,0.02665050201734397
condition1,theta1_sample_004,aKG,akg,direct,5,1,M+1,0.062881456079145345
condition1,theta1_sample_004,aKG,akg,direct,5,2,M+2,0.12646395271690511
condition1,theta1_sample_004,aKG,akg,direct,5,3,M+3,0.29291971543088924
condition1,theta1_sample_004,aKG,akg,direct,5,4,M+4,0.14999037658420092
condition1,theta1_sample_004,aKG,akg,direct,5,5,M+5,0.34109399717151268
condition1,theta1_sample_004,Succinate,succinate,direct,4,0,M+0,0.087434138322747074
condition1,theta1_sample_004,Succinate,succinate,direct,4,1,M+1,0.0051007239882258212
condition1,theta1_sample_004,Succinate,succinate,direct,4,2,M+2,0.41148846023086255
condition1,theta1_sample_004,Succinate,succinate,direct,4,3,M+3,0.011984354282605643
condition1,theta1_sample_004,Succinate,succinate,direct,4,4,M+4,0.48399232317555596
condition1,theta1_sample_004,Fumarate,fumarate,direct,4,0,M+0,0.08743413832274706
condition1,theta1_sample_004,Fumarate,fumarate,direct,4,1,M+1,0.0051007239882258212
condition1,theta1_sample_004,Fumarate,fumarate,direct,4,2,M+2,0.41148846023086255
condition1,theta1_sample_004,Fumarate,fumarate,direct,4,3,M+3,0.011984354282605641
condition1,theta1_sample_004,Fumarate,fumarate,direct,4,4,M+4,0.48399232317555591
condition1,theta1_sample_004,Malate,malate,direct,4,0,M+0,0.069967044056158459
condition1,theta1_sample_004,Malate,malate,direct,4,1,M+1,0.039733367299419467
condition1,theta1_sample_004,Malate,malate,direct,4,2,M+2,0.35366687297154542
condition1,theta1_sample_004,Malate,malate,direct,4,3,M+3,0.093597975934013949
condition1,theta1_sample_004,Malate,malate,direct,4,4,M+4,0.44303473973886015
condition1,theta1_sample_004,Glutamine,glutamine,direct,5,0,M+0,0.026650502017343963
condition1,theta1_sample_004,Glutamine,glutamine,direct,5,1,M+1,0.062881456079145318
condition1,theta1_sample_004,Glutamine,glutamine,direct,5,2,M+2,0.12646395271690508
condition1,theta1_sample_004,Glutamine,glutamine,direct,5,3,M+3,0.29291971543088913
condition1,theta1_sample_004,Glutamine,glutamine,direct,5,4,M+4,0.14999037658420086
condition1,theta1_sample_004,Glutamine,glutamine,direct,5,5,M+5,0.34109399717151256
condition1,theta1_sample_004,Aspartate,aspartate,reporter,4,0,M+0,0.088920926013854457
condition1,theta1_sample_004,Aspartate,aspartate,reporter,4,1,M+1,0.20359308748969621
condition1,theta1_sample_004,Aspartate,aspartate,reporter,4,2,M+2,0.013424144823901824
condition1,theta1_sample_004,Aspartate,aspartate,reporter,4,3,M+3,0.20668874382768893
condition1,theta1_sample_004,Aspartate,aspartate,reporter,4,4,M+4,0.48737309784485772
condition1,theta1_sample_004,Glycine,glycine,reporter,2,0,M+0,0.29999999999999999
condition1,theta1_sample_004,Glycine,glycine,reporter,2,1,M+1,-0
condition1,theta1_sample_004,Glycine,glycine,reporter,2,2,M+2,0.69999999999999996
condition1,theta1_sample_004,Serine,serine,reporter,3,0,M+0,0.29999999999999999
condition1,theta1_sample_004,Serine,serine,reporter,3,1,M+1,-0
condition1,theta1_sample_004,Serine,serine,reporter,3,2,M+2,-0
condition1,theta1_sample_004,Serine,serine,reporter,3,3,M+3,0.69999999999999996
condition1,theta1_sample_005,Pyruvate,pyruvate,direct,3,0,M+0,0.29832816672059265
condition1,theta1_sample_005,Pyruvate,pyruvate,direct,3,1,M+1,0.0015508640840803691
condition1,theta1_sample_005,Pyruvate,pyruvate,direct,3,2,M+2,0.0019137716700610237
condition1,theta1_sample_005,Pyruvate,pyruvate,direct,3,3,M+3,0.69820719752526572
condition1,theta1_sample_005,Alanine,alanine,reporter,3,0,M+0,0.29832816672059265
condition1,theta1_sample_005,Alanine,alanine,reporter,3,1,M+1,0.0015508640840803691
condition1,theta1_sample_005,Alanine,alanine,reporter,3,2,M+2,0.0019137716700610237
condition1,theta1_sample_005,Alanine,alanine,reporter,3,3,M+3,0.69820719752526572
condition1,theta1_sample_005,Lactate,lactate,reporter,3,0,M+0,0.29832816672059265
condition1,theta1_sample_005,Lactate,lactate,reporter,3,1,M+1,0.0015508640840803691
condition1,theta1_sample_005,Lactate,lactate,reporter,3,2,M+2,0.0019137716700610237
condition1,theta1_sample_005,Lactate,lactate,reporter,3,3,M+3,0.69820719752526572
condition1,theta1_sample_005,Citrate,citrate,reporter,6,0,M+0,0.026687028464062817
condition1,theta1_sample_005,Citrate,citrate,reporter,6,1,M+1,0.061577661381771329
condition1,theta1_sample_005,Citrate,citrate,reporter,6,2,M+2,0.065953103186819545
condition1,theta1_sample_005,Citrate,citrate,reporter,6,3,M+3,0.20526381481808809
condition1,theta1_sample_005,Citrate,citrate,reporter,6,4,M+4,0.15312622456632663
condition1,theta1_sample_005,Citrate,citrate,reporter,6,5,M+5,0.14613321597256976
condition1,theta1_sample_005,Citrate,citrate,reporter,6,6,M+6,0.34125895161036146
condition1,theta1_sample_005,aKG,akg,direct,5,0,M+0,0.026773160682528076
condition1,theta1_sample_005,aKG,akg,direct,5,1,M+1,0.062923491063984649
condition1,theta1_sample_005,aKG,akg,direct,5,2,M+2,0.12630155659310441
condition1,theta1_sample_005,aKG,akg,direct,5,3,M+3,0.29329736331630185
condition1,theta1_sample_005,aKG,akg,direct,5,4,M+4,0.14894083591950302
condition1,theta1_sample_005,aKG,akg,direct,5,5,M+5,0.34176359242457743
condition1,theta1_sample_005,Succinate,succinate,direct,4,0,M+0,0.088124694773719051
condition1,theta1_sample_005,Succinate,succinate,direct,4,1,M+1,0.0037357649592477662
condition1,theta1_sample_005,Succinate,succinate,direct,4,2,M+2,0.41376877657014854
condition1,theta1_sample_005,Succinate,succinate,direct,4,3,M+3,0.0087563728870816478
condition1,theta1_sample_005,Succinate,succinate,direct,4,4,M+4,0.48561439080980168
condition1,theta1_sample_005,Fumarate,fumarate,direct,4,0,M+0,0.088124694773719051
condition1,theta1_sample_005,Fumarate,fumarate,direct,4,1,M+1,0.0037357649592477662
condition1,theta1_sample_005,Fumarate,fumarate,direct,4,2,M+2,0.41376877657014854
condition1,theta1_sample_005,Fumarate,fumarate,direct,4,3,M+3,0.0087563728870816478
condition1,theta1_sample_005,Fumarate,fumarate,direct,4,4,M+4,0.48561439080980168
condition1,theta1_sample_005,Malate,malate,direct,4,0,M+0,0.077159511683288051
condition1,theta1_sample_005,Malate,malate,direct,4,1,M+1,0.025549937954323598
condition1,theta1_sample_005,Malate,malate,direct,4,2,M+2,0.37737309051642681
condition1,theta1_sample_005,Malate,malate,direct,4,3,M+3,0.059965958371021789
condition1,theta1_sample_005,Malate,malate,direct,4,4,M+4,0.45995150147493857
condition1,theta1_sample_005,Glutamine,glutamine,direct,5,0,M+0,0.02677316068252808
condition1,theta1_sample_005,Glutamine,glutamine,direct,5,1,M+1,0.062923491063984649
condition1,theta1_sample_005,Glutamine,glutamine,direct,5,2,M+2,0.12630155659310441
condition1,theta1_sample_005,Glutamine,glutamine,direct,5,3,M+3,0.29329736331630185
condition1,theta1_sample_005,Glutamine,glutamine,direct,5,4,M+4,0.14894083591950302
condition1,theta1_sample_005,Glutamine,glutamine,direct,5,5,M+5,0.34176359242457743
condition1,theta1_sample_005,Aspartate,aspartate,reporter,4,0,M+0,0.089428079236517494
condition1,theta1_sample_005,Aspartate,aspartate,reporter,4,1,M+1,0.20539876019591494
condition1,theta1_sample_005,Aspartate,aspartate,reporter,4,2,M+2,0.0095346792962267488
condition1,theta1_sample_005,Aspartate,aspartate,reporter,4,3,M+3,0.20702204387373108
condition1,theta1_sample_005,Aspartate,aspartate,reporter,4,4,M+4,0.48861643739760935
condition1,theta1_sample_005,Glycine,glycine,reporter,2,0,M+0,0.29999999999999993
condition1,theta1_sample_005,Glycine,glycine,reporter,2,1,M+1,-0
condition1,theta1_sample_005,Glycine,glycine,reporter,2,2,M+2,0.70000000000000007
condition1,theta1_sample_005,Serine,serine,reporter,3,0,M+0,0.29999999999999993
condition1,theta1_sample_005,Serine,serine,reporter,3,1,M+1,-0
condition1,theta1_sample_005,Serine,serine,reporter,3,2,M+2,-0
condition1,theta1_sample_005,Serine,serine,reporter,3,3,M+3,0.70000000000000007
condition1,theta1_sample_006,Pyruvate,pyruvate,direct,3,0,M+0,0.29838916795101944
condition1,theta1_sample_006,Pyruvate,pyruvate,direct,3,1,M+1,0.0015189076818090611
condition1,theta1_sample_006,Pyruvate,pyruvate,direct,3,2,M+2,0.0017946807833237773
condition1,theta1_sample_006,Pyruvate,pyruvate,direct,3,3,M+3,0.69829724358384793
condition1,theta1_sample_006,Alanine,alanine,reporter,3,0,M+0,0.29838916795101944
condition1,theta1_sample_006,Alanine,alanine,reporter,3,1,M+1,0.0015189076818090611
condition1,theta1_sample_006,Alanine,alanine,reporter,3,2,M+2,0.0017946807833237773
condition1,theta1_sample_006,Alanine,alanine,reporter,3,3,M+3,0.69829724358384793
condition1,theta1_sample_006,Lactate,lactate,reporter,3,0,M+0,0.29838916795101944
condition1,theta1_sample_006,Lactate,lactate,reporter,3,1,M+1,0.0015189076818090611
condition1,theta1_sample_006,Lactate,lactate,reporter,3,2,M+2,0.0017946807833237773
condition1,theta1_sample_006,Lactate,lactate,reporter,3,3,M+3,0.69829724358384793
condition1,theta1_sample_006,Citrate,citrate,reporter,6,0,M+0,0.026715412558689467
condition1,theta1_sample_006,Citrate,citrate,reporter,6,1,M+1,0.061508677159048043
condition1,theta1_sample_006,Citrate,citrate,reporter,6,2,M+2,0.066126752551659035
condition1,theta1_sample_006,Citrate,citrate,reporter,6,3,M+3,0.20497065576748807
condition1,theta1_sample_006,Citrate,citrate,reporter,6,4,M+4,0.15349092916502263
condition1,theta1_sample_006,Citrate,citrate,reporter,6,5,M+5,0.14576330301347701
condition1,theta1_sample_006,Citrate,citrate,reporter,6,6,M+6,0.3414242697846156
condition1,theta1_sample_006,aKG,akg,direct,5,0,M+0,0.026784631652966059
condition1,theta1_sample_006,aKG,akg,direct,5,1,M+1,0.062927419108954261
condition1,theta1_sample_006,aKG,akg,direct,5,2,M+2,0.12628636635401075
condition1,theta1_sample_006,aKG,akg,direct,5,3,M+3,0.29333269122067934
condition1,theta1_sample_006,aKG,akg,direct,5,4,M+4,0.14884268379596061
condition1,theta1_sample_006,aKG,akg,direct,5,5,M+5,0.34182620786742812
condition1,theta1_sample_006,Succinate,succinate,direct,4,0,M+0,0.08805352073475424
condition1,theta1_sample_006,Succinate,succinate,direct,4,1,M+1,0.0038776262064967875
condition1,theta1_sample_006,Succinate,succinate,direct,4,2,M+2,0.41353217888117361
condition1,theta1_sample_006,Succinate,succinate,direct,4,3,M+3,0.0090886806791450163
condition1,theta1_sample_006,Succinate,succinate,direct,4,4,M+4,0.48544799349842993
condition1,theta1_sample_006,Fumarate,fumarate,direct,4,0,M+0,0.08805352073475424
condition1,theta1_sample_006,Fumarate,fumarate,direct,4,1,M+1,0.0038776262064967875
condition1,theta1_sample_006,Fumarate,fumarate,direct,4,2,M+2,0.41353217888117361
condition1,theta1_sample_006,Fumarate,fumarate,direct,4,3,M+3,0.0090886806791450163
condition1,theta1_sample_006,Fumarate,fumarate,direct,4,4,M+4,0.48544799349842993
condition1,theta1_sample_006,Malate,malate,direct,4,0,M+0,0.079755109266679558
condition1,theta1_sample_006,Malate,malate,direct,4,1,M+1,0.020388706942986855
condition1,theta1_sample_006,Malate,malate,direct,4,2,M+2,0.38598513025380371
condition1,theta1_sample_006,Malate,malate,direct,4,3,M+3,0.047843181596713275
condition1,theta1_sample_006,Malate,malate,direct,4,4,M+4,0.46602787193981615
condition1,theta1_sample_006,Glutamine,glutamine,direct,5,0,M+0,0.026784631652966052
condition1,theta1_sample_006,Glutamine,glutamine,direct,5,1,M+1,0.062927419108954247
condition1,theta1_sample_006,Glutamine,glutamine,direct,5,2,M+2,0.12628636635401072
condition1,theta1_sample_006,Glutamine,glutamine,direct,5,3,M+3,0.29333269122067929
condition1,theta1_sample_006,Glutamine,glutamine,direct,5,4,M+4,0.14884268379596058
condition1,theta1_sample_006,Glutamine,glutamine,direct,5,5,M+5,0.34182620786742807
condition1,theta1_sample_006,Aspartate,aspartate,reporter,4,0,M+0,0.089511430762973132
condition1,theta1_sample_006,Aspartate,aspartate,reporter,4,1,M+1,0.20516327590170438
condition1,theta1_sample_006,Aspartate,aspartate,reporter,4,2,M+2,0.0099648482389135574
condition1,theta1_sample_006,Aspartate,aspartate,reporter,4,3,M+3,0.20653475276516681
condition1,theta1_sample_006,Aspartate,aspartate,reporter,4,4,M+4,0.48882569233124185
condition1,theta1_sample_006,Glycine,glycine,reporter,2,0,M+0,0.30000000000000004
condition1,theta1_sample_006,Glycine,glycine,reporter,2,1,M+1,-0
condition1,theta1_sample_006,Glycine,glycine,reporter,2,2,M+2,0.70000000000000007
condition1,theta1_sample_006,Serine,serine,reporter,3,0,M+0,0.30000000000000004
condition1,theta1_sample_006,Serine,serine,reporter,3,1,M+1,-0
condition1,theta1_sample_006,Serine,serine,reporter,3,2,M+2,-0
condition1,theta1_sample_006,Serine,serine,reporter,3,3,M+3,0.70000000000000007
condition1,theta1_sample_007,Pyruvate,pyruvate,direct,3,0,M+0,0.29762917304325209
condition1,theta1_sample_007,Pyruvate,pyruvate,direct,3,1,M+1,0.002157122722541678
condition1,theta1_sample_007,Pyruvate,pyruvate,direct,3,2,M+2,0.0027982354251608606
condition1,theta1_sample_007,Pyruvate,pyruvate,direct,3,3,M+3,0.69741546880904581
condition1,theta1_sample_007,Alanine,alanine,reporter,3,0,M+0,0.29762917304325209
condition1,theta1_sample_007,Alanine,alanine,reporter,3,1,M+1,0.002157122722541678
condition1,theta1_sample_007,Alanine,alanine,reporter,3,2,M+2,0.0027982354251608606
condition1,theta1_sample_007,Alanine,alanine,reporter,3,3,M+3,0.69741546880904581
condition1,theta1_sample_007,Lactate,lactate,reporter,3,0,M+0,0.29762917304325209
condition1,theta1_sample_007,Lactate,lactate,reporter,3,1,M+1,0.002157122722541678
condition1,theta1_sample_007,Lactate,lactate,reporter,3,2,M+2,0.0027982354251608606
condition1,theta1_sample_007,Lactate,lactate,reporter,3,3,M+3,0.69741546880904581
condition1,theta1_sample_007,Citrate,citrate,reporter,6,0,M+0,0.026529038805681322
condition1,theta1_sample_007,Citrate,citrate,reporter,6,1,M+1,0.06086723654702958
condition1,theta1_sample_007,Citrate,citrate,reporter,6,2,M+2,0.067345901261238794
condition1,theta1_sample_007,Citrate,citrate,reporter,6,3,M+3,0.20300889925883642
condition1,theta1_sample_007,Citrate,citrate,reporter,6,4,M+4,0.15620902934319941
condition1,theta1_sample_007,Citrate,citrate,reporter,6,5,M+5,0.14566122292290337
condition1,theta1_sample_007,Citrate,citrate,reporter,6,6,M+6,0.34037867186111231
condition1,theta1_sample_007,aKG,akg,direct,5,0,M+0,0.026699357992922737
condition1,theta1_sample_007,aKG,akg,direct,5,1,M+1,0.062898276229654562
condition1,theta1_sample_007,aKG,akg,direct,5,2,M+2,0.12639934624145011
condition1,theta1_sample_007,aKG,akg,direct,5,3,M+3,0.29306986962326842
condition1,theta1_sample_007,aKG,akg,direct,5,4,M+4,0.14957232714588212
condition1,theta1_sample_007,aKG,akg,direct,5,5,M+5,0.34136082276682289
condition1,theta1_sample_007,Succinate,succinate,direct,4,0,M+0,0.087342200096551553
condition1,theta1_sample_007,Succinate,succinate,direct,4,1,M+1,0.0052859866789312284
condition1,theta1_sample_007,Succinate,succinate,direct,4,2,M+2,0.41118015115912593
condition1,theta1_sample_007,Succinate,succinate,direct,4,3,M+3,0.012412937258747873
condition1,theta1_sample_007,Succinate,succinate,direct,4,4,M+4,0.48377872480664308
condition1,theta1_sample_007,Fumarate,fumarate,direct,4,0,M+0,0.087342200096551567
condition1,theta1_sample_007,Fumarate,fumarate,direct,4,1,M+1,0.0052859866789312284
condition1,theta1_sample_007,Fumarate,fumarate,direct,4,2,M+2,0.41118015115912598
condition1,theta1_sample_007,Fumarate,fumarate,direct,4,3,M+3,0.012412937258747874
condition1,theta1_sample_007,Fumarate,fumarate,direct,4,4,M+4,0.48377872480664308
condition1,theta1_sample_007,Malate,malate,direct,4,0,M+0,0.073710792798534347
condition1,theta1_sample_007,Malate,malate,direct,4,1,M+1,0.032346424121148631
condition1,theta1_sample_007,Malate,malate,direct,4,2,M+2,0.36601196303749145
condition1,theta1_sample_007,Malate,malate,direct,4,3,M+3,0.076093630367434051
condition1,theta1_sample_007,Malate,malate,direct,4,4,M+4,0.4518371896753916
condition1,theta1_sample_007,Glutamine,glutamine,direct,5,0,M+0,0.026699357992922734
condition1,theta1_sample_007,Glutamine,glutamine,direct,5,1,M+1,0.062898276229654548
condition1,theta1_sample_007,Glutamine,glutamine,direct,5,2,M+2,0.12639934624145005
condition1,theta1_sample_007,Glutamine,glutamine,direct,5,3,M+3,0.29306986962326836
condition1,theta1_sample_007,Glutamine,glutamine,direct,5,4,M+4,0.14957232714588209
condition1,theta1_sample_007,Glutamine,glutamine,direct,5,5,M+5,0.34136082276682278
condition1,theta1_sample_007,Aspartate,aspartate,reporter,4,0,M+0,0.089086563332223812
condition1,theta1_sample_007,Aspartate,aspartate,reporter,4,1,M+1,0.20307427248188034
condition1,theta1_sample_007,Aspartate,aspartate,reporter,4,2,M+2,0.014387433584764494
condition1,theta1_sample_007,Aspartate,aspartate,reporter,4,3,M+3,0.20565606205593598
condition1,theta1_sample_007,Aspartate,aspartate,reporter,4,4,M+4,0.48779566854519618
condition1,theta1_sample_007,Glycine,glycine,reporter,2,0,M+0,0.3000000000000001
condition1,theta1_sample_007,Glycine,glycine,reporter,2,1,M+1,-0
condition1,theta1_sample_007,Glycine,glycine,reporter,2,2,M+2,0.70000000000000007
condition1,theta1_sample_007,Serine,serine,reporter,3,0,M+0,0.3000000000000001
condition1,theta1_sample_007,Serine,serine,reporter,3,1,M+1,-0
condition1,theta1_sample_007,Serine,serine,reporter,3,2,M+2,-0
condition1,theta1_sample_007,Serine,serine,reporter,3,3,M+3,0.70000000000000007
condition1,theta1_sample_008,Pyruvate,pyruvate,direct,3,0,M+0,0.2979682272336947
condition1,theta1_sample_008,Pyruvate,pyruvate,direct,3,1,M+1,0.0018643029201452855
condition1,theta1_sample_008,Pyruvate,pyruvate,direct,3,2,M+2,0.0023667124586257827
condition1,theta1_sample_008,Pyruvate,pyruvate,direct,3,3,M+3,0.69780075738753478
condition1,theta1_sample_008,Alanine,alanine,reporter,3,0,M+0,0.2979682272336947
condition1,theta1_sample_008,Alanine,alanine,reporter,3,1,M+1,0.0018643029201452855
condition1,theta1_sample_008,Alanine,alanine,reporter,3,2,M+2,0.0023667124586257827
condition1,theta1_sample_008,Alanine,alanine,reporter,3,3,M+3,0.69780075738753478
condition1,theta1_sample_008,Lactate,lactate,reporter,3,0,M+0,0.2979682272336947
condition1,theta1_sample_008,Lactate,lactate,reporter,3,1,M+1,0.0018643029201452855
condition1,theta1_sample_008,Lactate,lactate,reporter,3,2,M+2,0.0023667124586257827
condition1,theta1_sample_008,Lactate,lactate,reporter,3,3,M+3,0.69780075738753478
condition1,theta1_sample_008,Citrate,citrate,reporter,6,0,M+0,0.026584820655557118
condition1,theta1_sample_008,Citrate,citrate,reporter,6,1,M+1,0.060983232257722952
condition1,theta1_sample_008,Citrate,citrate,reporter,6,2,M+2,0.067089633504124696
condition1,theta1_sample_008,Citrate,citrate,reporter,6,3,M+3,0.20340110555673041
condition1,theta1_sample_008,Citrate,citrate,reporter,6,4,M+4,0.15576162950806335
condition1,theta1_sample_008,Citrate,citrate,reporter,6,5,M+5,0.14548980507522902
condition1,theta1_sample_008,Citrate,citrate,reporter,6,6,M+6,0.34068977344257428
condition1,theta1_sample_008,aKG,akg,direct,5,0,M+0,0.026729547207069947
condition1,theta1_sample_008,aKG,akg,direct,5,1,M+1,0.062908584263196274
condition1,theta1_sample_008,aKG,akg,direct,5,2,M+2,0.12635933891807988
condition1,theta1_sample_008,aKG,akg,direct,5,3,M+3,0.29316294786428926
condition1,theta1_sample_008,aKG,akg,direct,5,4,M+4,0.14931401442904962
condition1,theta1_sample_008,aKG,akg,direct,5,5,M+5,0.34152556731831685
condition1,theta1_sample_008,Succinate,succinate,direct,4,0,M+0,0.087496001044295585
condition1,theta1_sample_008,Succinate,succinate,direct,4,1,M+1,0.0049832875509655964
condition1,theta1_sample_008,Succinate,succinate,direct,4,2,M+2,0.41168628396157703
condition1,theta1_sample_008,Succinate,succinate,direct,4,3,M+3,0.011693565246769145
condition1,theta1_sample_008,Succinate,succinate,direct,4,4,M+4,0.48414086219639463
condition1,theta1_sample_008,Fumarate,fumarate,direct,4,0,M+0,0.087496001044295585
condition1,theta1_sample_008,Fumarate,fumarate,direct,4,1,M+1,0.0049832875509655964
condition1,theta1_sample_008,Fumarate,fumarate,direct,4,2,M+2,0.41168628396157703
condition1,theta1_sample_008,Fumarate,fumarate,direct,4,3,M+3,0.011693565246769145
condition1,theta1_sample_008,Fumarate,fumarate,direct,4,4,M+4,0.48414086219639457
condition1,theta1_sample_008,Malate,malate,direct,4,0,M+0,0.075140506758673065
condition1,theta1_sample_008,Malate,malate,direct,4,1,M+1,0.029536260927541962
condition1,theta1_sample_008,Malate,malate,direct,4,2,M+2,0.3707119899357269
condition1,theta1_sample_008,Malate,malate,direct,4,3,M+3,0.069405210311230495
condition1,theta1_sample_008,Malate,malate,direct,4,4,M+4,0.45520603206682958
condition1,theta1_sample_008,Glutamine,glutamine,direct,5,0,M+0,0.02672954720706994
condition1,theta1_sample_008,Glutamine,glutamine,direct,5,1,M+1,0.062908584263196274
condition1,theta1_sample_008,Glutamine,glutamine,direct,5,2,M+2,0.12635933891807988
condition1,theta1_sample_008,Glutamine,glutamine,direct,5,3,M+3,0.2931629478642892
condition1,theta1_sample_008,Glutamine,glutamine,direct,5,4,M+4,0.1493140144290496
condition1,theta1_sample_008,Glutamine,glutamine,direct,5,5,M+5,0.34152556731831679
condition1,theta1_sample_008,Aspartate,aspartate,reporter,4,0,M+0,0.089182727095011807
condition1,theta1_sample_008,Aspartate,aspartate,reporter,4,1,M+1,0.20343674134241177
condition1,theta1_sample_008,Aspartate,aspartate,reporter,4,2,M+2,0.013606963397965761
condition1,theta1_sample_008,Aspartate,aspartate,reporter,4,3,M+3,0.20574494079678737
condition1,theta1_sample_008,Aspartate,aspartate,reporter,4,4,M+4,0.48802862736782449
condition1,theta1_sample_008,Glycine,glycine,reporter,2,0,M+0,0.3000000000000001
condition1,theta1_sample_008,Glycine,glycine,reporter,2,1,M+1,-0
condition1,theta1_sample_008,Glycine,glycine,reporter,2,2,M+2,0.70000000000000029
condition1,theta1_sample_008,Serine,serine,reporter,3,0,M+0,0.3000000000000001
condition1,theta1_sample_008,Serine,serine,reporter,3,1,M+1,-0
condition1,theta1_sample_008,Serine,serine,reporter,3,2,M+2,-0
condition1,theta1_sample_008,Serine,serine,reporter,3,3,M+3,0.70000000000000029
condition1,theta1_sample_009,Pyruvate,pyruvate,direct,3,0,M+0,0.29908747098102106
condition1,theta1_sample_009,Pyruvate,pyruvate,direct,3,1,M+1,0.00084978028592304919
condition1,theta1_sample_009,Pyruvate,pyruvate,direct,3,2,M+2,0.0010380264850911275
condition1,theta1_sample_009,Pyruvate,pyruvate,direct,3,3,M+3,0.69902472224796508
condition1,theta1_sample_009,Alanine,alanine,reporter,3,0,M+0,0.29908747098102106
condition1,theta1_sample_009,Alanine,alanine,reporter,3,1,M+1,0.00084978028592304919
condition1,theta1_sample_009,Alanine,alanine,reporter,3,2,M+2,0.0010380264850911275
condition1,theta1_sample_009,Alanine,alanine,reporter,3,3,M+3,0.69902472224796508
condition1,theta1_sample_009,Lactate,lactate,reporter,3,0,M+0,0.29908747098102106
condition1,theta1_sample_009,Lactate,lactate,reporter,3,1,M+1,0.00084978028592304919
condition1,theta1_sample_009,Lactate,lactate,reporter,3,2,M+2,0.0010380264850911275
condition1,theta1_sample_009,Lactate,lactate,reporter,3,3,M+3,0.69902472224796508
condition1,theta1_sample_009,Citrate,citrate,reporter,6,0,M+0,0.026721827676099253
condition1,theta1_sample_009,Citrate,citrate,reporter,6,1,M+1,0.060457507516021261
condition1,theta1_sample_009,Citrate,citrate,reporter,6,2,M+2,0.06796136166153563
condition1,theta1_sample_009,Citrate,citrate,reporter,6,3,M+3,0.20181787182993294
condition1,theta1_sample_009,Citrate,citrate,reporter,6,4,M+4,0.15851102556626884
condition1,theta1_sample_009,Citrate,citrate,reporter,6,5,M+5,0.14306038309481914
condition1,theta1_sample_009,Citrate,citrate,reporter,6,6,M+6,0.34147002265532295
condition1,theta1_sample_009,aKG,akg,direct,5,0,M+0,0.026875519693935222
condition1,theta1_sample_009,aKG,akg,direct,5,1,M+1,0.062958236982925478
condition1,theta1_sample_009,aKG,akg,direct,5,2,M+2,0.12616570415970016
condition1,theta1_sample_009,aKG,akg,direct,5,3,M+3,0.29361365649594373
condition1,theta1_sample_009,aKG,akg,direct,5,4,M+4,0.14806502812763428
condition1,theta1_sample_009,aKG,akg,direct,5,5,M+5,0.3423218545398613
condition1,theta1_sample_009,Succinate,succinate,direct,4,0,M+0,0.087272493102485568
condition1,theta1_sample_009,Succinate,succinate,direct,4,1,M+1,0.0054407335426509646
condition1,theta1_sample_009,Succinate,succinate,direct,4,2,M+2,0.41092735067812208
condition1,theta1_sample_009,Succinate,succinate,direct,4,3,M+3,0.012733125605859503
condition1,theta1_sample_009,Succinate,succinate,direct,4,4,M+4,0.48362629707088095
condition1,theta1_sample_009,Fumarate,fumarate,direct,4,0,M+0,0.087272493102485568
condition1,theta1_sample_009,Fumarate,fumarate,direct,4,1,M+1,0.0054407335426509646
condition1,theta1_sample_009,Fumarate,fumarate,direct,4,2,M+2,0.41092735067812208
condition1,theta1_sample_009,Fumarate,fumarate,direct,4,3,M+3,0.012733125605859503
condition1,theta1_sample_009,Fumarate,fumarate,direct,4,4,M+4,0.48362629707088095
condition1,theta1_sample_009,Malate,malate,direct,4,0,M+0,0.077438217369925066
condition1,theta1_sample_009,Malate,malate,direct,4,1,M+1,0.025052379202497446
condition1,theta1_sample_009,Malate,malate,direct,4,2,M+2,0.37822230597661982
condition1,theta1_sample_009,Malate,malate,direct,4,3,M+3,0.058645380959566777
condition1,theta1_sample_009,Malate,malate,direct,4,4,M+4,0.46064171649139013
condition1,theta1_sample_009,Glutamine,glutamine,direct,5,0,M+0,0.026875519693935226
condition1,theta1_sample_009,Glutamine,glutamine,direct,5,1,M+1,0.062958236982925492
condition1,theta1_sample_009,Glutamine,glutamine,direct,5,2,M+2,0.12616570415970016
condition1,theta1_sample_009,Glutamine,glutamine,direct,5,3,M+3,0.29361365649594373
condition1,theta1_sample_009,Glutamine,glutamine,direct,5,4,M+4,0.14806502812763431
condition1,theta1_sample_009,Glutamine,glutamine,direct,5,5,M+5,0.3423218545398613
condition1,theta1_sample_009,Aspartate,aspartate,reporter,4,0,M+0,0.089330467632809052
condition1,theta1_sample_009,Aspartate,aspartate,reporter,4,1,M+1,0.20159117631235945
condition1,theta1_sample_009,Aspartate,aspartate,reporter,4,2,M+2,0.017244434062237184
condition1,theta1_sample_009,Aspartate,aspartate,reporter,4,3,M+3,0.20341573240721092
condition1,theta1_sample_009,Aspartate,aspartate,reporter,4,4,M+4,0.4884181895853833
condition1,theta1_sample_009,Glycine,glycine,reporter,2,0,M+0,0.30000000000000004
condition1,theta1_sample_009,Glycine,glycine,reporter,2,1,M+1,-0
condition1,theta1_sample_009,Glycine,glycine,reporter,2,2,M+2,0.70000000000000018
condition1,theta1_sample_009,Serine,serine,reporter,3,0,M+0,0.3000000000000001
condition1,theta1_sample_009,Serine,serine,reporter,3,1,M+1,-0
condition1,theta1_sample_009,Serine,serine,reporter,3,2,M+2,-0
condition1,theta1_sample_009,Serine,serine,reporter,3,3,M+3,0.70000000000000018
condition1,theta1_sample_010,Pyruvate,pyruvate,direct,3,0,M+0,0.2997540923714983
condition1,theta1_sample_010,Pyruvate,pyruvate,direct,3,1,M+1,0.00023225477498842303
condition1,theta1_sample_010,Pyruvate,pyruvate,direct,3,2,M+2,0.00027321333552825884
condition1,theta1_sample_010,Pyruvate,pyruvate,direct,3,3,M+3,0.69974043951798504
condition1,theta1_sample_010,Alanine,alanine,reporter,3,0,M+0,0.2997540923714983
condition1,theta1_sample_010,Alanine,alanine,reporter,3,1,M+1,0.00023225477498842303
condition1,theta1_sample_010,Alanine,alanine,reporter,3,2,M+2,0.00027321333552825884
condition1,theta1_sample_010,Alanine,alanine,reporter,3,3,M+3,0.69974043951798504
condition1,theta1_sample_010,Lactate,lactate,reporter,3,0,M+0,0.2997540923714983
condition1,theta1_sample_010,Lactate,lactate,reporter,3,1,M+1,0.00023225477498842303
condition1,theta1_sample_010,Lactate,lactate,reporter,3,2,M+2,0.00027321333552825884
condition1,theta1_sample_010,Lactate,lactate,reporter,3,3,M+3,0.69974043951798504
condition1,theta1_sample_010,Citrate,citrate,reporter,6,0,M+0,0.02675086718516476
condition1,theta1_sample_010,Citrate,citrate,reporter,6,1,M+1,0.059092019533976956
condition1,theta1_sample_010,Citrate,citrate,reporter,6,2,M+2,0.070491947842401093
condition1,theta1_sample_010,Citrate,citrate,reporter,6,3,M+3,0.1975167555087613
condition1,theta1_sample_010,Citrate,citrate,reporter,6,4,M+4,0.16500968844711345
condition1,theta1_sample_010,Citrate,citrate,reporter,6,5,M+5,0.13949726442901159
condition1,theta1_sample_010,Citrate,citrate,reporter,6,6,M+6,0.34164145705357085
condition1,theta1_sample_010,aKG,akg,direct,5,0,M+0,0.026939592952423267
condition1,theta1_sample_010,aKG,akg,direct,5,1,M+1,0.062979802685983688
condition1,theta1_sample_010,aKG,akg,direct,5,2,M+2,0.12608048109861159
condition1,theta1_sample_010,aKG,akg,direct,5,3,M+3,0.29381227924934022
condition1,theta1_sample_010,aKG,akg,direct,5,4,M+4,0.14751682269943317
condition1,theta1_sample_010,aKG,akg,direct,5,5,M+5,0.34267102131420774
condition1,theta1_sample_010,Succinate,succinate,direct,4,0,M+0,0.086056133398643167
condition1,theta1_sample_010,Succinate,succinate,direct,4,1,M+1,0.0078816432100717124
condition1,theta1_sample_010,Succinate,succinate,direct,4,2,M+2,0.40686189798566619
condition1,theta1_sample_010,Succinate,succinate,direct,4,3,M+3,0.018406740803878691
condition1,theta1_sample_010,Succinate,succinate,direct,4,4,M+4,0.48079358460173932
condition1,theta1_sample_010,Fumarate,fumarate,direct,4,0,M+0,0.086056133398643153
condition1,theta1_sample_010,Fumarate,fumarate,direct,4,1,M+1,0.0078816432100717124
condition1,theta1_sample_010,Fumarate,fumarate,direct,4,2,M+2,0.40686189798566619
condition1,theta1_sample_010,Fumarate,fumarate,direct,4,3,M+3,0.018406740803878691
condition1,theta1_sample_010,Fumarate,fumarate,direct,4,4,M+4,0.48079358460173927
condition1,theta1_sample_010,Malate,malate,direct,4,0,M+0,0.079150194524142167
condition1,theta1_sample_010,Malate,malate,direct,4,1,M+1,0.021682662370852659
condition1,theta1_sample_010,Malate,malate,direct,4,2,M+2,0.38385657985495758
condition1,theta1_sample_010,Malate,malate,direct,4,3,M+3,0.050638075080957065
condition1,theta1_sample_010,Malate,malate,direct,4,4,M+4,0.46467248816908957
condition1,theta1_sample_010,Glutamine,glutamine,direct,5,0,M+0,0.02693959295242326
condition1,theta1_sample_010,Glutamine,glutamine,direct,5,1,M+1,0.062979802685983674
condition1,theta1_sample_010,Glutamine,glutamine,direct,5,2,M+2,0.12608048109861156
condition1,theta1_sample_010,Glutamine,glutamine,direct,5,3,M+3,0.29381227924934017
condition1,theta1_sample_010,Glutamine,glutamine,direct,5,4,M+4,0.14751682269943314
condition1,theta1_sample_010,Glutamine,glutamine,direct,5,5,M+5,0.34267102131420768
condition1,theta1_sample_010,Aspartate,aspartate,reporter,4,0,M+0,0.089239660388036476
condition1,theta1_sample_010,Aspartate,aspartate,reporter,4,1,M+1,0.19698793807527773
condition1,theta1_sample_010,Aspartate,aspartate,reporter,4,2,M+2,0.026528736579359603
condition1,theta1_sample_010,Aspartate,aspartate,reporter,4,3,M+3,0.19902007106330186
condition1,theta1_sample_010,Aspartate,aspartate,reporter,4,4,M+4,0.48822359389402437
condition1,theta1_sample_010,Glycine,glycine,reporter,2,0,M+0,0.30000000000000004
condition1,theta1_sample_010,Glycine,glycine,reporter,2,1,M+1,-0
condition1,theta1_sample_010,Glycine,glycine,reporter,2,2,M+2,0.69999999999999996
condition1,theta1_sample_010,Serine,serine,reporter,3,0,M+0,0.30000000000000004
condition1,theta1_sample_010,Serine,serine,reporter,3,1,M+1,-0
condition1,theta1_sample_010,Serine,serine,reporter,3,2,M+2,-0
condition1,theta1_sample_010,Serine,serine,reporter,3,3,M+3,0.69999999999999996
condition1,theta1_sample_011,Pyruvate,pyruvate,direct,3,0,M+0,0.29895957068004186
condition1,theta1_sample_011,Pyruvate,pyruvate,direct,3,1,M+1,0.00097099510078811472
condition1,theta1_sample_011,Pyruvate,pyruvate,direct,3,2,M+2,0.0011792977582983334
condition1,theta1_sample_011,Pyruvate,pyruvate,direct,3,3,M+3,0.69889013646087195
condition1,theta1_sample_011,Alanine,alanine,reporter,3,0,M+0,0.29895957068004186
condition1,theta1_sample_011,Alanine,alanine,reporter,3,1,M+1,0.00097099510078811472
condition1,theta1_sample_011,Alanine,alanine,reporter,3,2,M+2,0.0011792977582983334
condition1,theta1_sample_011,Alanine,alanine,reporter,3,3,M+3,0.69889013646087195
condition1,theta1_sample_011,Lactate,lactate,reporter,3,0,M+0,0.29895957068004186
condition1,theta1_sample_011,Lactate,lactate,reporter,3,1,M+1,0.00097099510078811472
condition1,theta1_sample_011,Lactate,lactate,reporter,3,2,M+2,0.0011792977582983334
condition1,theta1_sample_011,Lactate,lactate,reporter,3,3,M+3,0.69889013646087195
condition1,theta1_sample_011,Citrate,citrate,reporter,6,0,M+0,0.02663537432556257
condition1,theta1_sample_011,Citrate,citrate,reporter,6,1,M+1,0.059922998917974674
condition1,theta1_sample_011,Citrate,citrate,reporter,6,2,M+2,0.068923446292393178
condition1,theta1_sample_011,Citrate,citrate,reporter,6,3,M+3,0.20022215886312489
condition1,theta1_sample_011,Citrate,citrate,reporter,6,4,M+4,0.16089815575423741
condition1,theta1_sample_011,Citrate,citrate,reporter,6,5,M+5,0.14241618618933061
condition1,theta1_sample_011,Citrate,citrate,reporter,6,6,M+6,0.34098167965737763
condition1,theta1_sample_011,aKG,akg,direct,5,0,M+0,0.026814145459285454
condition1,theta1_sample_011,aKG,akg,direct,5,1,M+1,0.062937407881619112
condition1,theta1_sample_011,aKG,akg,direct,5,2,M+2,0.1262471654494767
condition1,theta1_sample_011,aKG,akg,direct,5,3,M+3,0.29342399240100936
condition1,theta1_sample_011,aKG,akg,direct,5,4,M+4,0.14859016002664777
condition1,theta1_sample_011,aKG,akg,direct,5,5,M+5,0.34198712878196191
condition1,theta1_sample_011,Succinate,succinate,direct,4,0,M+0,0.086661406821270728
condition1,theta1_sample_011,Succinate,succinate,direct,4,1,M+1,0.0066570757167870752
condition1,theta1_sample_011,Succinate,succinate,direct,4,2,M+2,0.40889817025846498
condition1,theta1_sample_011,Succinate,succinate,direct,4,3,M+3,0.015586805047627729
condition1,theta1_sample_011,Succinate,succinate,direct,4,4,M+4,0.48219654215585106
condition1,theta1_sample_011,Fumarate,fumarate,direct,4,0,M+0,0.086661406821270728
condition1,theta1_sample_011,Fumarate,fumarate,direct,4,1,M+1,0.0066570757167870752
condition1,theta1_sample_011,Fumarate,fumarate,direct,4,2,M+2,0.40889817025846498
condition1,theta1_sample_011,Fumarate,fumarate,direct,4,3,M+3,0.015586805047627727
condition1,theta1_sample_011,Fumarate,fumarate,direct,4,4,M+4,0.48219654215585106
condition1,theta1_sample_011,Malate,malate,direct,4,0,M+0,0.077524022128154069
condition1,theta1_sample_011,Malate,malate,direct,4,1,M+1,0.024871439646080486
condition1,theta1_sample_011,Malate,malate,direct,4,2,M+2,0.37852076189066258
condition1,theta1_sample_011,Malate,malate,direct,4,3,M+3,0.058248068767818677
condition1,theta1_sample_011,Malate,malate,direct,4,4,M+4,0.46083570756728559
condition1,theta1_sample_011,Glutamine,glutamine,direct,5,0,M+0,0.026814145459285451
condition1,theta1_sample_011,Glutamine,glutamine,direct,5,1,M+1,0.062937407881619112
condition1,theta1_sample_011,Glutamine,glutamine,direct,5,2,M+2,0.12624716544947664
condition1,theta1_sample_011,Glutamine,glutamine,direct,5,3,M+3,0.2934239924010093
condition1,theta1_sample_011,Glutamine,glutamine,direct,5,4,M+4,0.14859016002664771
condition1,theta1_sample_011,Glutamine,glutamine,direct,5,5,M+5,0.3419871287819618
condition1,theta1_sample_011,Aspartate,aspartate,reporter,4,0,M+0,0.089078049805733528
condition1,theta1_sample_011,Aspartate,aspartate,reporter,4,1,M+1,0.1998146841974163
condition1,theta1_sample_011,Aspartate,aspartate,reporter,4,2,M+2,0.020941916390085889
condition1,theta1_sample_011,Aspartate,aspartate,reporter,4,3,M+3,0.20235991540464598
condition1,theta1_sample_011,Aspartate,aspartate,reporter,4,4,M+4,0.48780543420211897
condition1,theta1_sample_011,Glycine,glycine,reporter,2,0,M+0,0.29999999999999999
condition1,theta1_sample_011,Glycine,glycine,reporter,2,1,M+1,-0
condition1,theta1_sample_011,Glycine,glycine,reporter,2,2,M+2,0.70000000000000007
condition1,theta1_sample_011,Serine,serine,reporter,3,0,M+0,0.29999999999999999
condition1,theta1_sample_011,Serine,serine,reporter,3,1,M+1,-0
condition1,theta1_sample_011,Serine,serine,reporter,3,2,M+2,-0
condition1,theta1_sample_011,Serine,serine,reporter,3,3,M+3,0.70000000000000007
condition1,theta1_sample_012,Pyruvate,pyruvate,direct,3,0,M+0,0.29853417608276306
condition1,theta1_sample_012,Pyruvate,pyruvate,direct,3,1,M+1,0.0013923080101018598
condition1,theta1_sample_012,Pyruvate,pyruvate,direct,3,2,M+2,0.0016128557315073166
condition1,theta1_sample_012,Pyruvate,pyruvate,direct,3,3,M+3,0.69846066017562802
condition1,theta1_sample_012,Alanine,alanine,reporter,3,0,M+0,0.29853417608276306
condition1,theta1_sample_012,Alanine,alanine,reporter,3,1,M+1,0.0013923080101018598
condition1,theta1_sample_012,Alanine,alanine,reporter,3,2,M+2,0.0016128557315073166
condition1,theta1_sample_012,Alanine,alanine,reporter,3,3,M+3,0.69846066017562802
condition1,theta1_sample_012,Lactate,lactate,reporter,3,0,M+0,0.29853417608276306
condition1,theta1_sample_012,Lactate,lactate,reporter,3,1,M+1,0.0013923080101018598
condition1,theta1_sample_012,Lactate,lactate,reporter,3,2,M+2,0.0016128557315073166
condition1,theta1_sample_012,Lactate,lactate,reporter,3,3,M+3,0.69846066017562802
condition1,theta1_sample_012,Citrate,citrate,reporter,6,0,M+0,0.026731296771986691
condition1,theta1_sample_012,Citrate,citrate,reporter,6,1,M+1,0.061299950223234416
condition1,theta1_sample_012,Citrate,citrate,reporter,6,2,M+2,0.066517237205291693
condition1,theta1_sample_012,Citrate,citrate,reporter,6,3,M+3,0.20430245073165157
condition1,theta1_sample_012,Citrate,citrate,reporter,6,4,M+4,0.15450268481071827
condition1,theta1_sample_012,Citrate,citrate,reporter,6,5,M+5,0.14513079761435108
condition1,theta1_sample_012,Citrate,citrate,reporter,6,6,M+6,0.34151558264276699
condition1,theta1_sample_012,aKG,akg,direct,5,0,M+0,0.026800413961374663
condition1,theta1_sample_012,aKG,akg,direct,5,1,M+1,0.06293278509343507
condition1,theta1_sample_012,aKG,akg,direct,5,2,M+2,0.12626542849114397
condition1,theta1_sample_012,aKG,akg,direct,5,3,M+3,0.29338142932846761
condition1,theta1_sample_012,aKG,akg,direct,5,4,M+4,0.1487076456890194
condition1,theta1_sample_012,aKG,akg,direct,5,5,M+5,0.34191229743655943
condition1,theta1_sample_012,Succinate,succinate,direct,4,0,M+0,0.087855367143829785
condition1,theta1_sample_012,Succinate,succinate,direct,4,1,M+1,0.0042729999303882877
condition1,theta1_sample_012,Succinate,succinate,direct,4,2,M+2,0.41287291152203537
condition1,theta1_sample_012,Succinate,succinate,direct,4,3,M+3,0.010013708589445058
condition1,theta1_sample_012,Succinate,succinate,direct,4,4,M+4,0.48498501281430123
condition1,theta1_sample_012,Fumarate,fumarate,direct,4,0,M+0,0.087855367143829785
condition1,theta1_sample_012,Fumarate,fumarate,direct,4,1,M+1,0.0042729999303882877
condition1,theta1_sample_012,Fumarate,fumarate,direct,4,2,M+2,0.41287291152203537
condition1,theta1_sample_012,Fumarate,fumarate,direct,4,3,M+3,0.010013708589445058
condition1,theta1_sample_012,Fumarate,fumarate,direct,4,4,M+4,0.48498501281430123
condition1,theta1_sample_012,Malate,malate,direct,4,0,M+0,0.080834375245504811
condition1,theta1_sample_012,Malate,malate,direct,4,1,M+1,0.018248642290996552
condition1,theta1_sample_012,Malate,malate,direct,4,2,M+2,0.38955806044234109
condition1,theta1_sample_012,Malate,malate,direct,4,3,M+3,0.042800451260308861
condition1,theta1_sample_012,Malate,malate,direct,4,4,M+4,0.4685584707608485
condition1,theta1_sample_012,Glutamine,glutamine,direct,5,0,M+0,0.026800413961374659
condition1,theta1_sample_012,Glutamine,glutamine,direct,5,1,M+1,0.062932785093435056
condition1,theta1_sample_012,Glutamine,glutamine,direct,5,2,M+2,0.12626542849114394
condition1,theta1_sample_012,Glutamine,glutamine,direct,5,3,M+3,0.29338142932846756
condition1,theta1_sample_012,Glutamine,glutamine,direct,5,4,M+4,0.14870764568901937
condition1,theta1_sample_012,Glutamine,glutamine,direct,5,5,M+5,0.34191229743655938
condition1,theta1_sample_012,Aspartate,aspartate,reporter,4,0,M+0,0.089525296475740285
condition1,theta1_sample_012,Aspartate,aspartate,reporter,4,1,M+1,0.20445261508432594
condition1,theta1_sample_012,Aspartate,aspartate,reporter,4,2,M+2,0.011383476929032566
condition1,theta1_sample_012,Aspartate,aspartate,reporter,4,3,M+3,0.20577401498599632
condition1,theta1_sample_012,Aspartate,aspartate,reporter,4,4,M+4,0.48886459652490527
condition1,theta1_sample_012,Glycine,glycine,reporter,2,0,M+0,0.30000000000000004
condition1,theta1_sample_012,Glycine,glycine,reporter,2,1,M+1,-0
condition1,theta1_sample_012,Glycine,glycine,reporter,2,2,M+2,0.70000000000000018
condition1,theta1_sample_012,Serine,serine,reporter,3,0,M+0,0.30000000000000004
condition1,theta1_sample_012,Serine,serine,reporter,3,1,M+1,-0
condition1,theta1_sample_012,Serine,serine,reporter,3,2,M+2,-0
condition1,theta1_sample_012,Serine,serine,reporter,3,3,M+3,0.70000000000000018
condition1,theta1_sample_013,Pyruvate,pyruvate,direct,3,0,M+0,0.29797396271799886
condition1,theta1_sample_013,Pyruvate,pyruvate,direct,3,1,M+1,0.0018705450714003645
condition1,theta1_sample_013,Pyruvate,pyruvate,direct,3,2,M+2,0.0023370217032027039
condition1,theta1_sample_013,Pyruvate,pyruvate,direct,3,3,M+3,0.6978184705073982
condition1,theta1_sample_013,Alanine,alanine,reporter,3,0,M+0,0.29797396271799886
condition1,theta1_sample_013,Alanine,alanine,reporter,3,1,M+1,0.0018705450714003645
condition1,theta1_sample_013,Alanine,alanine,reporter,3,2,M+2,0.0023370217032027039
condition1,theta1_sample_013,Alanine,alanine,reporter,3,3,M+3,0.6978184705073982
condition1,theta1_sample_013,Lactate,lactate,reporter,3,0,M+0,0.29797396271799886
condition1,theta1_sample_013,Lactate,lactate,reporter,3,1,M+1,0.0018705450714003645
condition1,theta1_sample_013,Lactate,lactate,reporter,3,2,M+2,0.0023370217032027039
condition1,theta1_sample_013,Lactate,lactate,reporter,3,3,M+3,0.6978184705073982
condition1,theta1_sample_013,Citrate,citrate,reporter,6,0,M+0,0.0266189836724657
condition1,theta1_sample_013,Citrate,citrate,reporter,6,1,M+1,0.061117005108623779
condition1,theta1_sample_013,Citrate,citrate,reporter,6,2,M+2,0.066887091624785552
condition1,theta1_sample_013,Citrate,citrate,reporter,6,3,M+3,0.20374243374344847
condition1,theta1_sample_013,Citrate,citrate,reporter,6,4,M+4,0.15517643682942467
condition1,theta1_sample_013,Citrate,citrate,reporter,6,5,M+5,0.14557253103375087
condition1,theta1_sample_013,Citrate,citrate,reporter,6,6,M+6,0.34088551798750161
condition1,theta1_sample_013,aKG,akg,direct,5,0,M+0,0.026742978525161373
condition1,theta1_sample_013,aKG,akg,direct,5,1,M+1,0.062913235013570074
condition1,theta1_sample_013,aKG,akg,direct,5,2,M+2,0.12634160413830117
condition1,theta1_sample_013,aKG,akg,direct,5,3,M+3,0.29320413607894635
condition1,theta1_sample_013,aKG,akg,direct,5,4,M+4,0.14919908274711774
condition1,theta1_sample_013,aKG,akg,direct,5,5,M+5,0.34159896349690416
condition1,theta1_sample_013,Succinate,succinate,direct,4,0,M+0,0.087613792904701282
condition1,theta1_sample_013,Succinate,succinate,direct,4,1,M+1,0.0047491829715364219
condition1,theta1_sample_013,Succinate,succinate,direct,4,2,M+2,0.41207695130775202
condition1,theta1_sample_013,Succinate,succinate,direct,4,3,M+3,0.011143376851080538
condition1,theta1_sample_013,Succinate,succinate,direct,4,4,M+4,0.48441669596492887
condition1,theta1_sample_013,Fumarate,fumarate,direct,4,0,M+0,0.087613792904701268
condition1,theta1_sample_013,Fumarate,fumarate,direct,4,1,M+1,0.004749182971536421
condition1,theta1_sample_013,Fumarate,fumarate,direct,4,2,M+2,0.41207695130775202
condition1,theta1_sample_013,Fumarate,fumarate,direct,4,3,M+3,0.011143376851080538
condition1,theta1_sample_013,Fumarate,fumarate,direct,4,4,M+4,0.48441669596492887
condition1,theta1_sample_013,Malate,malate,direct,4,0,M+0,0.076181644277882002
condition1,theta1_sample_013,Malate,malate,direct,4,1,M+1,0.027467023053348152
condition1,theta1_sample_013,Malate,malate,direct,4,2,M+2,0.37416506544745681
condition1,theta1_sample_013,Malate,malate,direct,4,3,M+3,0.064542222833512922
condition1,theta1_sample_013,Malate,malate,direct,4,4,M+4,0.45764404438779932
condition1,theta1_sample_013,Glutamine,glutamine,direct,5,0,M+0,0.026742978525161373
condition1,theta1_sample_013,Glutamine,glutamine,direct,5,1,M+1,0.062913235013570074
condition1,theta1_sample_013,Glutamine,glutamine,direct,5,2,M+2,0.12634160413830117
condition1,theta1_sample_013,Glutamine,glutamine,direct,5,3,M+3,0.29320413607894635
condition1,theta1_sample_013,Glutamine,glutamine,direct,5,4,M+4,0.14919908274711774
condition1,theta1_sample_013,Glutamine,glutamine,direct,5,5,M+5,0.34159896349690411
condition1,theta1_sample_013,Aspartate,aspartate,reporter,4,0,M+0,0.089298304914387436
condition1,theta1_sample_013,Aspartate,aspartate,reporter,4,1,M+1,0.2038842996059993
condition1,theta1_sample_013,Aspartate,aspartate,reporter,4,2,M+2,0.012647783801434307
condition1,theta1_sample_013,Aspartate,aspartate,reporter,4,3,M+3,0.20585831392158435
condition1,theta1_sample_013,Aspartate,aspartate,reporter,4,4,M+4,0.48831129775659521
condition1,theta1_sample_013,Glycine,glycine,reporter,2,0,M+0,0.29999999999999999
condition1,theta1_sample_013,Glycine,glycine,reporter,2,1,M+1,-0
condition1,theta1_sample_013,Glycine,glycine,reporter,2,2,M+2,0.70000000000000007
condition1,theta1_sample_013,Serine,serine,reporter,3,0,M+0,0.29999999999999999
condition1,theta1_sample_013,Serine,serine,reporter,3,1,M+1,-0
condition1,theta1_sample_013,Serine,serine,reporter,3,2,M+2,-0
condition1,theta1_sample_013,Serine,serine,reporter,3,3,M+3,0.70000000000000007
condition1,theta1_sample_014,Pyruvate,pyruvate,direct,3,0,M+0,0.298640339204645
condition1,theta1_sample_014,Pyruvate,pyruvate,direct,3,1,M+1,0.0012811794892202296
condition1,theta1_sample_014,Pyruvate,pyruvate,direct,3,2,M+2,0.0015166234076244495
condition1,theta1_sample_014,Pyruvate,pyruvate,direct,3,3,M+3,0.69856185789851022
condition1,theta1_sample_014,Alanine,alanine,reporter,3,0,M+0,0.298640339204645
condition1,theta1_sample_014,Alanine,alanine,reporter,3,1,M+1,0.0012811794892202296
condition1,theta1_sample_014,Alanine,alanine,reporter,3,2,M+2,0.0015166234076244495
condition1,theta1_sample_014,Alanine,alanine,reporter,3,3,M+3,0.69856185789851022
condition1,theta1_sample_014,Lactate,lactate,reporter,3,0,M+0,0.298640339204645
condition1,theta1_sample_014,Lactate,lactate,reporter,3,1,M+1,0.0012811794892202296
condition1,theta1_sample_014,Lactate,lactate,reporter,3,2,M+2,0.0015166234076244495
condition1,theta1_sample_014,Lactate,lactate,reporter,3,3,M+3,0.69856185789851022
condition1,theta1_sample_014,Citrate,citrate,reporter,6,0,M+0,0.026712117284853849
condition1,theta1_sample_014,Citrate,citrate,reporter,6,1,M+1,0.060950722542272261
condition1,theta1_sample_014,Citrate,citrate,reporter,6,2,M+2,0.06713447329803636
condition1,theta1_sample_014,Citrate,citrate,reporter,6,3,M+3,0.20325581327502051
condition1,theta1_sample_014,Citrate,citrate,reporter,6,4,M+4,0.15613039842666548
condition1,theta1_sample_014,Citrate,citrate,reporter,6,5,M+5,0.1444075537089769
condition1,theta1_sample_014,Citrate,citrate,reporter,6,6,M+6,0.34140892146417429
condition1,theta1_sample_014,aKG,akg,direct,5,0,M+0,0.026810988465175795
condition1,theta1_sample_014,aKG,akg,direct,5,1,M+1,0.062936369578521598
condition1,theta1_sample_014,aKG,akg,direct,5,2,M+2,0.12625138880322853
condition1,theta1_sample_014,aKG,akg,direct,5,3,M+3,0.29341412232195152
condition1,theta1_sample_014,aKG,akg,direct,5,4,M+4,0.14861716830644411
condition1,theta1_sample_014,aKG,akg,direct,5,5,M+5,0.34196996252467726
condition1,theta1_sample_014,Succinate,succinate,direct,4,0,M+0,0.087573577002929281
condition1,theta1_sample_014,Succinate,succinate,direct,4,1,M+1,0.0048351113196745009
condition1,theta1_sample_014,Succinate,succinate,direct,4,2,M+2,0.41193556957571925
condition1,theta1_sample_014,Succinate,succinate,direct,4,3,M+3,0.011329218877817751
condition1,theta1_sample_014,Succinate,succinate,direct,4,4,M+4,0.48432652322385672
condition1,theta1_sample_014,Fumarate,fumarate,direct,4,0,M+0,0.087573577002929295
condition1,theta1_sample_014,Fumarate,fumarate,direct,4,1,M+1,0.0048351113196745009
condition1,theta1_sample_014,Fumarate,fumarate,direct,4,2,M+2,0.41193556957571931
condition1,theta1_sample_014,Fumarate,fumarate,direct,4,3,M+3,0.011329218877817751
condition1,theta1_sample_014,Fumarate,fumarate,direct,4,4,M+4,0.48432652322385678
condition1,theta1_sample_014,Malate,malate,direct,4,0,M+0,0.07943904931097405
condition1,theta1_sample_014,Malate,malate,direct,4,1,M+1,0.02103331688466074
condition1,theta1_sample_014,Malate,malate,direct,4,2,M+2,0.38491494369443424
condition1,theta1_sample_014,Malate,malate,direct,4,3,M+3,0.049313964713250391
condition1,theta1_sample_014,Malate,malate,direct,4,4,M+4,0.46529872539667844
condition1,theta1_sample_014,Glutamine,glutamine,direct,5,0,M+0,0.026810988465175791
condition1,theta1_sample_014,Glutamine,glutamine,direct,5,1,M+1,0.062936369578521584
condition1,theta1_sample_014,Glutamine,glutamine,direct,5,2,M+2,0.1262513888032285
condition1,theta1_sample_014,Glutamine,glutamine,direct,5,3,M+3,0.29341412232195146
condition1,theta1_sample_014,Glutamine,glutamine,direct,5,4,M+4,0.14861716830644409
condition1,theta1_sample_014,Glutamine,glutamine,direct,5,5,M+5,0.34196996252467715
condition1,theta1_sample_014,Aspartate,aspartate,reporter,4,0,M+0,0.089428151358882352
condition1,theta1_sample_014,Aspartate,aspartate,reporter,4,1,M+1,0.20327495439960325
condition1,theta1_sample_014,Aspartate,aspartate,reporter,4,2,M+2,0.013800691199126303
condition1,theta1_sample_014,Aspartate,aspartate,reporter,4,3,M+3,0.20486114896740798
condition1,theta1_sample_014,Aspartate,aspartate,reporter,4,4,M+4,0.48863505407497992
condition1,theta1_sample_014,Glycine,glycine,reporter,2,0,M+0,0.29999999999999999
condition1,theta1_sample_014,Glycine,glycine,reporter,2,1,M+1,-0
condition1,theta1_sample_014,Glycine,glycine,reporter,2,2,M+2,0.70000000000000007
condition1,theta1_sample_014,Serine,serine,reporter,3,0,M+0,0.29999999999999999
condition1,theta1_sample_014,Serine,serine,reporter,3,1,M+1,-0
condition1,theta1_sample_014,Serine,serine,reporter,3,2,M+2,-0
condition1,theta1_sample_014,Serine,serine,reporter,3,3,M+3,0.70000000000000007
condition1,theta1_sample_015,Pyruvate,pyruvate,direct,3,0,M+0,0.29781980501263505
condition1,theta1_sample_015,Pyruvate,pyruvate,direct,3,1,M+1,0.0019150562524671468
condition1,theta1_sample_015,Pyruvate,pyruvate,direct,3,2,M+2,0.0027104724571608294
condition1,theta1_sample_015,Pyruvate,pyruvate,direct,3,3,M+3,0.6975546662777371
condition1,theta1_sample_015,Alanine,alanine,reporter,3,0,M+0,0.29781980501263505
condition1,theta1_sample_015,Alanine,alanine,reporter,3,1,M+1,0.0019150562524671468
condition1,theta1_sample_015,Alanine,alanine,reporter,3,2,M+2,0.0027104724571608294
condition1,theta1_sample_015,Alanine,alanine,reporter,3,3,M+3,0.6975546662777371
condition1,theta1_sample_015,Lactate,lactate,reporter,3,0,M+0,0.29781980501263505
condition1,theta1_sample_015,Lactate,lactate,reporter,3,1,M+1,0.0019150562524671468
condition1,theta1_sample_015,Lactate,lactate,reporter,3,2,M+2,0.0027104724571608294
condition1,theta1_sample_015,Lactate,lactate,reporter,3,3,M+3,0.6975546662777371
condition1,theta1_sample_015,Citrate,citrate,reporter,6,0,M+0,0.026503974975866047
condition1,theta1_sample_015,Citrate,citrate,reporter,6,1,M+1,0.06104930919367528
condition1,theta1_sample_015,Citrate,citrate,reporter,6,2,M+2,0.066844265156868338
condition1,theta1_sample_015,Citrate,citrate,reporter,6,3,M+3,0.20381331362869828
condition1,theta1_sample_015,Citrate,citrate,reporter,6,4,M+4,0.15535491338422372
condition1,theta1_sample_015,Citrate,citrate,reporter,6,5,M+5,0.14620277589441313
condition1,theta1_sample_015,Citrate,citrate,reporter,6,6,M+6,0.34023144776625569
condition1,theta1_sample_015,aKG,akg,direct,5,0,M+0,0.026733527442292498
condition1,theta1_sample_015,aKG,akg,direct,5,1,M+1,0.062910003680003546
condition1,theta1_sample_015,aKG,akg,direct,5,2,M+2,0.12635412460951614
condition1,theta1_sample_015,aKG,akg,direct,5,3,M+3,0.29317501161567822
condition1,theta1_sample_015,aKG,akg,direct,5,4,M+4,0.14927995100861935
condition1,theta1_sample_015,aKG,akg,direct,5,5,M+5,0.34154738164389048
condition1,theta1_sample_015,Succinate,succinate,direct,4,0,M+0,0.087600473851658978
condition1,theta1_sample_015,Succinate,succinate,direct,4,1,M+1,0.0047750500021633982
condition1,theta1_sample_015,Succinate,succinate,direct,4,2,M+2,0.4120335825648892
condition1,theta1_sample_015,Succinate,succinate,direct,4,3,M+3,0.011205789457099286
condition1,theta1_sample_015,Succinate,succinate,direct,4,4,M+4,0.48438510412419206
condition1,theta1_sample_015,Fumarate,fumarate,direct,4,0,M+0,0.087600473851658978
condition1,theta1_sample_015,Fumarate,fumarate,direct,4,1,M+1,0.0047750500021633982
condition1,theta1_sample_015,Fumarate,fumarate,direct,4,2,M+2,0.4120335825648892
condition1,theta1_sample_015,Fumarate,fumarate,direct,4,3,M+3,0.011205789457099286
condition1,theta1_sample_015,Fumarate,fumarate,direct,4,4,M+4,0.48438510412419206
condition1,theta1_sample_015,Malate,malate,direct,4,0,M+0,0.068063677765987499
condition1,theta1_sample_015,Malate,malate,direct,4,1,M+1,0.043588866131508246
condition1,theta1_sample_015,Malate,malate,direct,4,2,M+2,0.34725729700198149
condition1,theta1_sample_015,Malate,malate,direct,4,3,M+3,0.10246409653756516
condition1,theta1_sample_015,Malate,malate,direct,4,4,M+4,0.43862606256295972
condition1,theta1_sample_015,Glutamine,glutamine,direct,5,0,M+0,0.026733527442292494
condition1,theta1_sample_015,Glutamine,glutamine,direct,5,1,M+1,0.062910003680003532
condition1,theta1_sample_015,Glutamine,glutamine,direct,5,2,M+2,0.12635412460951612
condition1,theta1_sample_015,Glutamine,glutamine,direct,5,3,M+3,0.29317501161567816
condition1,theta1_sample_015,Glutamine,glutamine,direct,5,4,M+4,0.14927995100861932
condition1,theta1_sample_015,Glutamine,glutamine,direct,5,5,M+5,0.34154738164389037
condition1,theta1_sample_015,Aspartate,aspartate,reporter,4,0,M+0,0.088933944804413426
condition1,theta1_sample_015,Aspartate,aspartate,reporter,4,1,M+1,0.2036680939825434
condition1,theta1_sample_015,Aspartate,aspartate,reporter,4,2,M+2,0.013286551948351879
condition1,theta1_sample_015,Aspartate,aspartate,reporter,4,3,M+3,0.20668683493801324
condition1,theta1_sample_015,Aspartate,aspartate,reporter,4,4,M+4,0.48742457432667852
condition1,theta1_sample_015,Glycine,glycine,reporter,2,0,M+0,0.3000000000000001
condition1,theta1_sample_015,Glycine,glycine,reporter,2,1,M+1,-0
condition1,theta1_sample_015,Glycine,glycine,reporter,2,2,M+2,0.69999999999999996
condition1,theta1_sample_015,Serine,serine,reporter,3,0,M+0,0.3000000000000001
condition1,theta1_sample_015,Serine,serine,reporter,3,1,M+1,-0
condition1,theta1_sample_015,Serine,serine,reporter,3,2,M+2,-0
condition1,theta1_sample_015,Serine,serine,reporter,3,3,M+3,0.69999999999999996
condition1,theta1_sample_016,Pyruvate,pyruvate,direct,3,0,M+0,0.29847487361782266
condition1,theta1_sample_016,Pyruvate,pyruvate,direct,3,1,M+1,0.0013917220087439719
condition1,theta1_sample_016,Pyruvate,pyruvate,direct,3,2,M+2,0.0017919351290440794
condition1,theta1_sample_016,Pyruvate,pyruvate,direct,3,3,M+3,0.69834146924438945
condition1,theta1_sample_016,Alanine,alanine,reporter,3,0,M+0,0.29847487361782266
condition1,theta1_sample_016,Alanine,alanine,reporter,3,1,M+1,0.0013917220087439719
condition1,theta1_sample_016,Alanine,alanine,reporter,3,2,M+2,0.0017919351290440794
condition1,theta1_sample_016,Alanine,alanine,reporter,3,3,M+3,0.69834146924438945
condition1,theta1_sample_016,Lactate,lactate,reporter,3,0,M+0,0.29847487361782266
condition1,theta1_sample_016,Lactate,lactate,reporter,3,1,M+1,0.0013917220087439719
condition1,theta1_sample_016,Lactate,lactate,reporter,3,2,M+2,0.0017919351290440794
condition1,theta1_sample_016,Lactate,lactate,reporter,3,3,M+3,0.69834146924438945
condition1,theta1_sample_016,Citrate,citrate,reporter,6,0,M+0,0.026589820459290762
condition1,theta1_sample_016,Citrate,citrate,reporter,6,1,M+1,0.060401751281201059
condition1,theta1_sample_016,Citrate,citrate,reporter,6,2,M+2,0.068065829098767197
condition1,theta1_sample_016,Citrate,citrate,reporter,6,3,M+3,0.20170610719097065
condition1,theta1_sample_016,Citrate,citrate,reporter,6,4,M+4,0.15856399924758213
condition1,theta1_sample_016,Citrate,citrate,reporter,6,5,M+5,0.14394268437510649
condition1,theta1_sample_016,Citrate,citrate,reporter,6,6,M+6,0.3407298083470825
condition1,theta1_sample_016,aKG,akg,direct,5,0,M+0,0.026796645506602365
condition1,theta1_sample_016,aKG,akg,direct,5,1,M+1,0.062931498296766558
condition1,theta1_sample_016,aKG,akg,direct,5,2,M+2,0.12627042245242931
condition1,theta1_sample_016,aKG,akg,direct,5,3,M+3,0.29336981080222169
condition1,theta1_sample_016,aKG,akg,direct,5,4,M+4,0.14873989031819113
condition1,theta1_sample_016,aKG,akg,direct,5,5,M+5,0.34189173262378936
condition1,theta1_sample_016,Succinate,succinate,direct,4,0,M+0,0.087056678192941189
condition1,theta1_sample_016,Succinate,succinate,direct,4,1,M+1,0.0058626282102020224
condition1,theta1_sample_016,Succinate,succinate,direct,4,2,M+2,0.41022094784835683
condition1,theta1_sample_016,Succinate,succinate,direct,4,3,M+3,0.013743506900911334
condition1,theta1_sample_016,Succinate,succinate,direct,4,4,M+4,0.4831162388475852
condition1,theta1_sample_016,Fumarate,fumarate,direct,4,0,M+0,0.087056678192941189
condition1,theta1_sample_016,Fumarate,fumarate,direct,4,1,M+1,0.0058626282102020224
condition1,theta1_sample_016,Fumarate,fumarate,direct,4,2,M+2,0.41022094784835683
condition1,theta1_sample_016,Fumarate,fumarate,direct,4,3,M+3,0.013743506900911336
condition1,theta1_sample_016,Fumarate,fumarate,direct,4,4,M+4,0.4831162388475852
condition1,theta1_sample_016,Malate,malate,direct,4,0,M+0,0.074089776736902438
condition1,theta1_sample_016,Malate,malate,direct,4,1,M+1,0.031672651254528589
condition1,theta1_sample_016,Malate,malate,direct,4,2,M+2,0.36716298281856258
condition1,theta1_sample_016,Malate,malate,direct,4,3,M+3,0.07429697365167634
condition1,theta1_sample_016,Malate,malate,direct,4,4,M+4,0.45277761553832763
condition1,theta1_sample_016,Glutamine,glutamine,direct,5,0,M+0,0.026796645506602362
condition1,theta1_sample_016,Glutamine,glutamine,direct,5,1,M+1,0.062931498296766544
condition1,theta1_sample_016,Glutamine,glutamine,direct,5,2,M+2,0.12627042245242928
condition1,theta1_sample_016,Glutamine,glutamine,direct,5,3,M+3,0.29336981080222169
condition1,theta1_sample_016,Glutamine,glutamine,direct,5,4,M+4,0.14873989031819113
condition1,theta1_sample_016,Glutamine,glutamine,direct,5,5,M+5,0.3418917326237893
condition1,theta1_sample_016,Aspartate,aspartate,reporter,4,0,M+0,0.089055771479376628
condition1,theta1_sample_016,Aspartate,aspartate,reporter,4,1,M+1,0.20145003445893872
condition1,theta1_sample_016,Aspartate,aspartate,reporter,4,2,M+2,0.017682455963494732
condition1,theta1_sample_016,Aspartate,aspartate,reporter,4,3,M+3,0.20406189877868858
condition1,theta1_sample_016,Aspartate,aspartate,reporter,4,4,M+4,0.48774983931950189
condition1,theta1_sample_016,Glycine,glycine,reporter,2,0,M+0,0.29999999999999999
condition1,theta1_sample_016,Glycine,glycine,reporter,2,1,M+1,-0
condition1,theta1_sample_016,Glycine,glycine,reporter,2,2,M+2,0.70000000000000007
condition1,theta1_sample_016,Serine,serine,reporter,3,0,M+0,0.29999999999999999
condition1,theta1_sample_016,Serine,serine,reporter,3,1,M+1,-0
condition1,theta1_sample_016,Serine,serine,reporter,3,2,M+2,-0
condition1,theta1_sample_016,Serine,serine,reporter,3,3,M+3,0.70000000000000007
condition1,theta1_sample_017,Pyruvate,pyruvate,direct,3,0,M+0,0.29871654495350086
condition1,theta1_sample_017,Pyruvate,pyruvate,direct,3,1,M+1,0.00117979962944843
condition1,theta1_sample_017,Pyruvate,pyruvate,direct,3,2,M+2,0.0014907658806006131
condition1,theta1_sample_017,Pyruvate,pyruvate,direct,3,3,M+3,0.69861288953644995
condition1,theta1_sample_017,Alanine,alanine,reporter,3,0,M+0,0.29871654495350086
condition1,theta1_sample_017,Alanine,alanine,reporter,3,1,M+1,0.00117979962944843
condition1,theta1_sample_017,Alanine,alanine,reporter,3,2,M+2,0.0014907658806006131
condition1,theta1_sample_017,Alanine,alanine,reporter,3,3,M+3,0.69861288953644995
condition1,theta1_sample_017,Lactate,lactate,reporter,3,0,M+0,0.29871654495350086
condition1,theta1_sample_017,Lactate,lactate,reporter,3,1,M+1,0.00117979962944843
condition1,theta1_sample_017,Lactate,lactate,reporter,3,2,M+2,0.0014907658806006131
condition1,theta1_sample_017,Lactate,lactate,reporter,3,3,M+3,0.69861288953644995
condition1,theta1_sample_017,Citrate,citrate,reporter,6,0,M+0,0.026638414154871684
condition1,theta1_sample_017,Citrate,citrate,reporter,6,1,M+1,0.060150992862541997
condition1,theta1_sample_017,Citrate,citrate,reporter,6,2,M+2,0.068567590186907987
condition1,theta1_sample_017,Citrate,citrate,reporter,6,3,M+3,0.20084280515815853
condition1,theta1_sample_017,Citrate,citrate,reporter,6,4,M+4,0.15982961737734283
condition1,theta1_sample_017,Citrate,citrate,reporter,6,5,M+5,0.14295653978126682
condition1,theta1_sample_017,Citrate,citrate,reporter,6,6,M+6,0.34101404047890999
condition1,theta1_sample_017,aKG,akg,direct,5,0,M+0,0.026847160075276107
condition1,theta1_sample_017,aKG,akg,direct,5,1,M+1,0.062948695626634202
condition1,theta1_sample_017,aKG,akg,direct,5,2,M+2,0.12620342883450744
condition1,theta1_sample_017,aKG,akg,direct,5,3,M+3,0.29352573019925088
condition1,theta1_sample_017,aKG,akg,direct,5,4,M+4,0.14830767021505922
condition1,theta1_sample_017,aKG,akg,direct,5,5,M+5,0.34216731504927234
condition1,theta1_sample_017,Succinate,succinate,direct,4,0,M+0,0.086902589692074372
condition1,theta1_sample_017,Succinate,succinate,direct,4,1,M+1,0.0061727421088633508
condition1,theta1_sample_017,Succinate,succinate,direct,4,2,M+2,0.40970473698289855
condition1,theta1_sample_017,Succinate,succinate,direct,4,3,M+3,0.01446194093931579
condition1,theta1_sample_017,Succinate,succinate,direct,4,4,M+4,0.48275799027684807
condition1,theta1_sample_017,Fumarate,fumarate,direct,4,0,M+0,0.086902589692074372
condition1,theta1_sample_017,Fumarate,fumarate,direct,4,1,M+1,0.0061727421088633508
condition1,theta1_sample_017,Fumarate,fumarate,direct,4,2,M+2,0.40970473698289855
condition1,theta1_sample_017,Fumarate,fumarate,direct,4,3,M+3,0.01446194093931579
condition1,theta1_sample_017,Fumarate,fumarate,direct,4,4,M+4,0.48275799027684801
condition1,theta1_sample_017,Malate,malate,direct,4,0,M+0,0.075208982345525227
condition1,theta1_sample_017,Malate,malate,direct,4,1,M+1,0.029465583243381617
condition1,theta1_sample_017,Malate,malate,direct,4,2,M+2,0.37085187723917473
condition1,theta1_sample_017,Malate,malate,direct,4,3,M+3,0.069063566409405072
condition1,theta1_sample_017,Malate,malate,direct,4,4,M+4,0.45540999076251337
condition1,theta1_sample_017,Glutamine,glutamine,direct,5,0,M+0,0.026847160075276103
condition1,theta1_sample_017,Glutamine,glutamine,direct,5,1,M+1,0.062948695626634202
condition1,theta1_sample_017,Glutamine,glutamine,direct,5,2,M+2,0.12620342883450744
condition1,theta1_sample_017,Glutamine,glutamine,direct,5,3,M+3,0.29352573019925088
condition1,theta1_sample_017,Glutamine,glutamine,direct,5,4,M+4,0.14830767021505922
condition1,theta1_sample_017,Glutamine,glutamine,direct,5,5,M+5,0.34216731504927234
condition1,theta1_sample_017,Aspartate,aspartate,reporter,4,0,M+0,0.089153023859509017
condition1,theta1_sample_017,Aspartate,aspartate,reporter,4,1,M+1,0.20059288132777761
condition1,theta1_sample_017,Aspartate,aspartate,reporter,4,2,M+2,0.019358641265085352
condition1,theta1_sample_017,Aspartate,aspartate,reporter,4,3,M+3,0.20289197804846029
condition1,theta1_sample_017,Aspartate,aspartate,reporter,4,4,M+4,0.48800347549916745
condition1,theta1_sample_017,Glycine,glycine,reporter,2,0,M+0,0.30000000000000004
condition1,theta1_sample_017,Glycine,glycine,reporter,2,1,M+1,-0
condition1,theta1_sample_017,Glycine,glycine,reporter,2,2,M+2,0.69999999999999996
condition1,theta1_sample_017,Serine,serine,reporter,3,0,M+0,0.30000000000000004
condition1,theta1_sample_017,Serine,serine,reporter,3,1,M+1,-0
condition1,theta1_sample_017,Serine,serine,reporter,3,2,M+2,-0
condition1,theta1_sample_017,Serine,serine,reporter,3,3,M+3,0.69999999999999996
condition1,theta1_sample_018,Pyruvate,pyruvate,direct,3,0,M+0,0.29963405589416564
condition1,theta1_sample_018,Pyruvate,pyruvate,direct,3,1,M+1,0.00033733339495252846
condition1,theta1_sample_018,Pyruvate,pyruvate,direct,3,2,M+2,0.00042316552759808065
condition1,theta1_sample_018,Pyruvate,pyruvate,direct,3,3,M+3,0.69960544518328371
condition1,theta1_sample_018,Alanine,alanine,reporter,3,0,M+0,0.29963405589416564
condition1,theta1_sample_018,Alanine,alanine,reporter,3,1,M+1,0.00033733339495252846
condition1,theta1_sample_018,Alanine,alanine,reporter,3,2,M+2,0.00042316552759808065
condition1,theta1_sample_018,Alanine,alanine,reporter,3,3,M+3,0.69960544518328371
condition1,theta1_sample_018,Lactate,lactate,reporter,3,0,M+0,0.29963405589416564
condition1,theta1_sample_018,Lactate,lactate,reporter,3,1,M+1,0.00033733339495252846
condition1,theta1_sample_018,Lactate,lactate,reporter,3,2,M+2,0.00042316552759808065
condition1,theta1_sample_018,Lactate,lactate,reporter,3,3,M+3,0.69960544518328371
condition1,theta1_sample_018,Citrate,citrate,reporter,6,0,M+0,0.026625910898297842
condition1,theta1_sample_018,Citrate,citrate,reporter,6,1,M+1,0.058984547145450934
condition1,theta1_sample_018,Citrate,citrate,reporter,6,2,M+2,0.070536818083418329
condition1,theta1_sample_018,Citrate,citrate,reporter,6,3,M+3,0.19744319697646978
condition1,theta1_sample_018,Citrate,citrate,reporter,6,4,M+4,0.16538818251351317
condition1,theta1_sample_018,Citrate,citrate,reporter,6,5,M+5,0.14006857059284888
condition1,theta1_sample_018,Citrate,citrate,reporter,6,6,M+6,0.34095277379000077
condition1,theta1_sample_018,aKG,akg,direct,5,0,M+0,0.026914725567212534
condition1,theta1_sample_018,aKG,akg,direct,5,1,M+1,0.062971450409150559
condition1,theta1_sample_018,aKG,akg,direct,5,2,M+2,0.12611357446379631
condition1,theta1_sample_018,aKG,akg,direct,5,3,M+3,0.29373513156216413
condition1,theta1_sample_018,aKG,akg,direct,5,4,M+4,0.14772958401161712
condition1,theta1_sample_018,aKG,akg,direct,5,5,M+5,0.34253553398605874
condition1,theta1_sample_018,Succinate,succinate,direct,4,0,M+0,0.085957642963339478
condition1,theta1_sample_018,Succinate,succinate,direct,4,1,M+1,0.0080756574436877376
condition1,theta1_sample_018,Succinate,succinate,direct,4,2,M+2,0.4065375520506429
condition1,theta1_sample_018,Succinate,succinate,direct,4,3,M+3,0.018867351714293761
condition1,theta1_sample_018,Succinate,succinate,direct,4,4,M+4,0.4805617958280366
condition1,theta1_sample_018,Fumarate,fumarate,direct,4,0,M+0,0.085957642963339478
condition1,theta1_sample_018,Fumarate,fumarate,direct,4,1,M+1,0.0080756574436877376
condition1,theta1_sample_018,Fumarate,fumarate,direct,4,2,M+2,0.4065375520506429
condition1,theta1_sample_018,Fumarate,fumarate,direct,4,3,M+3,0.018867351714293761
condition1,theta1_sample_018,Fumarate,fumarate,direct,4,4,M+4,0.4805617958280366
condition1,theta1_sample_018,Malate,malate,direct,4,0,M+0,0.07528844496080446
condition1,theta1_sample_018,Malate,malate,direct,4,1,M+1,0.029389522679606903
condition1,theta1_sample_018,Malate,malate,direct,4,2,M+2,0.37100626640106066
condition1,theta1_sample_018,Malate,malate,direct,4,3,M+3,0.068665119315840711
condition1,theta1_sample_018,Malate,malate,direct,4,4,M+4,0.45565064664268762
condition1,theta1_sample_018,Glutamine,glutamine,direct,5,0,M+0,0.026914725567212534
condition1,theta1_sample_018,Glutamine,glutamine,direct,5,1,M+1,0.062971450409150559
condition1,theta1_sample_018,Glutamine,glutamine,direct,5,2,M+2,0.12611357446379631
condition1,theta1_sample_018,Glutamine,glutamine,direct,5,3,M+3,0.29373513156216413
condition1,theta1_sample_018,Glutamine,glutamine,direct,5,4,M+4,0.14772958401161712
condition1,theta1_sample_018,Glutamine,glutamine,direct,5,5,M+5,0.34253553398605874
condition1,theta1_sample_018,Aspartate,aspartate,reporter,4,0,M+0,0.088855067438389293
condition1,theta1_sample_018,Aspartate,aspartate,reporter,4,1,M+1,0.19663689049721023
condition1,theta1_sample_018,Aspartate,aspartate,reporter,4,2,M+2,0.027476226823116436
condition1,theta1_sample_018,Aspartate,aspartate,reporter,4,3,M+3,0.19971660510857928
condition1,theta1_sample_018,Aspartate,aspartate,reporter,4,4,M+4,0.48731521013270473
condition1,theta1_sample_018,Glycine,glycine,reporter,2,0,M+0,0.30000000000000004
condition1,theta1_sample_018,Glycine,glycine,reporter,2,1,M+1,-0
condition1,theta1_sample_018,Glycine,glycine,reporter,2,2,M+2,0.70000000000000007
condition1,theta1_sample_018,Serine,serine,reporter,3,0,M+0,0.30000000000000004
condition1,theta1_sample_018,Serine,serine,reporter,3,1,M+1,-0
condition1,theta1_sample_018,Serine,serine,reporter,3,2,M+2,-0
condition1,theta1_sample_018,Serine,serine,reporter,3,3,M+3,0.70000000000000007
condition1,theta1_sample_019,Pyruvate,pyruvate,direct,3,0,M+0,0.29870341196533173
condition1,theta1_sample_019,Pyruvate,pyruvate,direct,3,1,M+1,0.001193147133021473
condition1,theta1_sample_019,Pyruvate,pyruvate,direct,3,2,M+2,0.0015034698379614755
condition1,theta1_sample_019,Pyruvate,pyruvate,direct,3,3,M+3,0.69859997106368488
condition1,theta1_sample_019,Alanine,alanine,reporter,3,0,M+0,0.29870341196533173
condition1,theta1_sample_019,Alanine,alanine,reporter,3,1,M+1,0.001193147133021473
condition1,theta1_sample_019,Alanine,alanine,reporter,3,2,M+2,0.0015034698379614755
condition1,theta1_sample_019,Alanine,alanine,reporter,3,3,M+3,0.69859997106368488
condition1,theta1_sample_019,Lactate,lactate,reporter,3,0,M+0,0.29870341196533173
condition1,theta1_sample_019,Lactate,lactate,reporter,3,1,M+1,0.001193147133021473
condition1,theta1_sample_019,Lactate,lactate,reporter,3,2,M+2,0.0015034698379614755
condition1,theta1_sample_019,Lactate,lactate,reporter,3,3,M+3,0.69859997106368488
condition1,theta1_sample_019,Citrate,citrate,reporter,6,0,M+0,0.026626996696494411
condition1,theta1_sample_019,Citrate,citrate,reporter,6,1,M+1,0.060115766263648236
condition1,theta1_sample_019,Citrate,citrate,reporter,6,2,M+2,0.068621735009472454
condition1,theta1_sample_019,Citrate,citrate,reporter,6,3,M+3,0.20075359566896445
condition1,theta1_sample_019,Citrate,citrate,reporter,6,4,M+4,0.15997648452506177
condition1,theta1_sample_019,Citrate,citrate,reporter,6,5,M+5,0.14295849240788372
condition1,theta1_sample_019,Citrate,citrate,reporter,6,6,M+6,0.34094692942847382
condition1,theta1_sample_019,aKG,akg,direct,5,0,M+0,0.026834761410702526
condition1,theta1_sample_019,aKG,akg,direct,5,1,M+1,0.06294446736944577
condition1,theta1_sample_019,aKG,akg,direct,5,2,M+2,0.12621986501827484
condition1,theta1_sample_019,aKG,akg,direct,5,3,M+3,0.29348748506934552
condition1,theta1_sample_019,aKG,akg,direct,5,4,M+4,0.14841375827518796
condition1,theta1_sample_019,aKG,akg,direct,5,5,M+5,0.34209966285704291
condition1,theta1_sample_019,Succinate,succinate,direct,4,0,M+0,0.08683652634362915
condition1,theta1_sample_019,Succinate,succinate,direct,4,1,M+1,0.0063041178552638499
condition1,theta1_sample_019,Succinate,succinate,direct,4,2,M+2,0.40948552708873442
condition1,theta1_sample_019,Succinate,succinate,direct,4,3,M+3,0.014770486882223264
condition1,theta1_sample_019,Succinate,succinate,direct,4,4,M+4,0.48260334183014936
condition1,theta1_sample_019,Fumarate,fumarate,direct,4,0,M+0,0.08683652634362915
condition1,theta1_sample_019,Fumarate,fumarate,direct,4,1,M+1,0.0063041178552638499
condition1,theta1_sample_019,Fumarate,fumarate,direct,4,2,M+2,0.40948552708873442
condition1,theta1_sample_019,Fumarate,fumarate,direct,4,3,M+3,0.014770486882223263
condition1,theta1_sample_019,Fumarate,fumarate,direct,4,4,M+4,0.48260334183014936
condition1,theta1_sample_019,Malate,malate,direct,4,0,M+0,0.075353026777839935
condition1,theta1_sample_019,Malate,malate,direct,4,1,M+1,0.029177413097933549
condition1,theta1_sample_019,Malate,malate,direct,4,2,M+2,0.37133213372131529
condition1,theta1_sample_019,Malate,malate,direct,4,3,M+3,0.068391386152209133
condition1,theta1_sample_019,Malate,malate,direct,4,4,M+4,0.45574604025070198
condition1,theta1_sample_019,Glutamine,glutamine,direct,5,0,M+0,0.026834761410702526
condition1,theta1_sample_019,Glutamine,glutamine,direct,5,1,M+1,0.062944467369445783
condition1,theta1_sample_019,Glutamine,glutamine,direct,5,2,M+2,0.12621986501827487
condition1,theta1_sample_019,Glutamine,glutamine,direct,5,3,M+3,0.29348748506934558
condition1,theta1_sample_019,Glutamine,glutamine,direct,5,4,M+4,0.14841375827518799
condition1,theta1_sample_019,Glutamine,glutamine,direct,5,5,M+5,0.34209966285704302
condition1,theta1_sample_019,Aspartate,aspartate,reporter,4,0,M+0,0.089118777138670072
condition1,theta1_sample_019,Aspartate,aspartate,reporter,4,1,M+1,0.20047625132999133
condition1,theta1_sample_019,Aspartate,aspartate,reporter,4,2,M+2,0.019607885209128623
condition1,theta1_sample_019,Aspartate,aspartate,reporter,4,3,M+3,0.20288036703708767
condition1,theta1_sample_019,Aspartate,aspartate,reporter,4,4,M+4,0.48791671928512165
condition1,theta1_sample_019,Glycine,glycine,reporter,2,0,M+0,0.29999999999999993
condition1,theta1_sample_019,Glycine,glycine,reporter,2,1,M+1,-0
condition1,theta1_sample_019,Glycine,glycine,reporter,2,2,M+2,0.69999999999999984
condition1,theta1_sample_019,Serine,serine,reporter,3,0,M+0,0.29999999999999993
condition1,theta1_sample_019,Serine,serine,reporter,3,1,M+1,-0
condition1,theta1_sample_019,Serine,serine,reporter,3,2,M+2,-0
condition1,theta1_sample_019,Serine,serine,reporter,3,3,M+3,0.69999999999999984
condition1,theta1_sample_020,Pyruvate,pyruvate,direct,3,0,M+0,0.29868205930090469
condition1,theta1_sample_020,Pyruvate,pyruvate,direct,3,1,M+1,0.0011942415093626798
condition1,theta1_sample_020,Pyruvate,pyruvate,direct,3,2,M+2,0.0015653390785605264
condition1,theta1_sample_020,Pyruvate,pyruvate,direct,3,3,M+3,0.69855836011117223
condition1,theta1_sample_020,Alanine,alanine,reporter,3,0,M+0,0.29868205930090469
condition1,theta1_sample_020,Alanine,alanine,reporter,3,1,M+1,0.0011942415093626798
condition1,theta1_sample_020,Alanine,alanine,reporter,3,2,M+2,0.0015653390785605264
condition1,theta1_sample_020,Alanine,alanine,reporter,3,3,M+3,0.69855836011117223
condition1,theta1_sample_020,Lactate,lactate,reporter,3,0,M+0,0.29868205930090469
condition1,theta1_sample_020,Lactate,lactate,reporter,3,1,M+1,0.0011942415093626798
condition1,theta1_sample_020,Lactate,lactate,reporter,3,2,M+2,0.0015653390785605264
condition1,theta1_sample_020,Lactate,lactate,reporter,3,3,M+3,0.69855836011117223
condition1,theta1_sample_020,Citrate,citrate,reporter,6,0,M+0,0.026599279514773311
condition1,theta1_sample_020,Citrate,citrate,reporter,6,1,M+1,0.060324892518443897
condition1,theta1_sample_020,Citrate,citrate,reporter,6,2,M+2,0.068158578224096822
condition1,theta1_sample_020,Citrate,citrate,reporter,6,3,M+3,0.20152447474139409
condition1,theta1_sample_020,Citrate,citrate,reporter,6,4,M+4,0.15896969234401379
condition1,theta1_sample_020,Citrate,citrate,reporter,6,5,M+5,0.14363273851054331
condition1,theta1_sample_020,Citrate,citrate,reporter,6,6,M+6,0.3407903441467347
condition1,theta1_sample_020,aKG,akg,direct,5,0,M+0,0.026833920257587383
condition1,theta1_sample_020,aKG,akg,direct,5,1,M+1,0.062944182333911525
condition1,theta1_sample_020,aKG,akg,direct,5,2,M+2,0.12622098190459924
condition1,theta1_sample_020,aKG,akg,direct,5,3,M+3,0.29348488416921398
condition1,theta1_sample_020,aKG,akg,direct,5,4,M+4,0.1484209553241915
condition1,theta1_sample_020,aKG,akg,direct,5,5,M+5,0.34209507601049655
condition1,theta1_sample_020,Succinate,succinate,direct,4,0,M+0,0.087083347730195618
condition1,theta1_sample_020,Succinate,succinate,direct,4,1,M+1,0.0058123986667331555
condition1,theta1_sample_020,Succinate,succinate,direct,4,2,M+2,0.41030570026448621
condition1,theta1_sample_020,Succinate,succinate,direct,4,3,M+3,0.013618012550045671
condition1,theta1_sample_020,Succinate,succinate,direct,4,4,M+4,0.4831805407885395
condition1,theta1_sample_020,Fumarate,fumarate,direct,4,0,M+0,0.087083347730195618
condition1,theta1_sample_020,Fumarate,fumarate,direct,4,1,M+1,0.0058123986667331555
condition1,theta1_sample_020,Fumarate,fumarate,direct,4,2,M+2,0.41030570026448621
condition1,theta1_sample_020,Fumarate,fumarate,direct,4,3,M+3,0.013618012550045671
condition1,theta1_sample_020,Fumarate,fumarate,direct,4,4,M+4,0.4831805407885395
condition1,theta1_sample_020,Malate,malate,direct,4,0,M+0,0.072973203526758706
condition1,theta1_sample_020,Malate,malate,direct,4,1,M+1,0.033916965993297805
condition1,theta1_sample_020,Malate,malate,direct,4,2,M+2,0.36342618102677537
condition1,theta1_sample_020,Malate,malate,direct,4,3,M+3,0.079503925859520944
condition1,theta1_sample_020,Malate,malate,direct,4,4,M+4,0.45017972359364722
condition1,theta1_sample_020,Glutamine,glutamine,direct,5,0,M+0,0.026833920257587386
condition1,theta1_sample_020,Glutamine,glutamine,direct,5,1,M+1,0.062944182333911525
condition1,theta1_sample_020,Glutamine,glutamine,direct,5,2,M+2,0.12622098190459927
condition1,theta1_sample_020,Glutamine,glutamine,direct,5,3,M+3,0.29348488416921398
condition1,theta1_sample_020,Glutamine,glutamine,direct,5,4,M+4,0.14842095532419153
condition1,theta1_sample_020,Glutamine,glutamine,direct,5,5,M+5,0.3420950760104966
condition1,theta1_sample_020,Aspartate,aspartate,reporter,4,0,M+0,0.089027844768501105
condition1,theta1_sample_020,Aspartate,aspartate,reporter,4,1,M+1,0.20117740153647029
condition1,theta1_sample_020,Aspartate,aspartate,reporter,4,2,M+2,0.018258596905194109
condition1,theta1_sample_020,Aspartate,aspartate,reporter,4,3,M+3,0.2038392225061964
condition1,theta1_sample_020,Aspartate,aspartate,reporter,4,4,M+4,0.48769693428363797
condition1,theta1_sample_020,Glycine,glycine,reporter,2,0,M+0,0.29999999999999999
condition1,theta1_sample_020,Glycine,glycine,reporter,2,1,M+1,-0
condition1,theta1_sample_020,Glycine,glycine,reporter,2,2,M+2,0.69999999999999996
condition1,theta1_sample_020,Serine,serine,reporter,3,0,M+0,0.29999999999999999
condition1,theta1_sample_020,Serine,serine,reporter,3,1,M+1,-0
condition1,theta1_sample_020,Serine,serine,reporter,3,2,M+2,-0
condition1,theta1_sample_020,Serine,serine,reporter,3,3,M+3,0.69999999999999996
condition1,theta1_sample_021,Pyruvate,pyruvate,direct,3,0,M+0,0.29927524499450425
condition1,theta1_sample_021,Pyruvate,pyruvate,direct,3,1,M+1,0.00067821922809615056
condition1,theta1_sample_021,Pyruvate,pyruvate,direct,3,2,M+2,0.00081782656029489675
condition1,theta1_sample_021,Pyruvate,pyruvate,direct,3,3,M+3,0.69922870921710467
condition1,theta1_sample_021,Alanine,alanine,reporter,3,0,M+0,0.29927524499450425
condition1,theta1_sample_021,Alanine,alanine,reporter,3,1,M+1,0.00067821922809615056
condition1,theta1_sample_021,Alanine,alanine,reporter,3,2,M+2,0.00081782656029489675
condition1,theta1_sample_021,Alanine,alanine,reporter,3,3,M+3,0.69922870921710467
condition1,theta1_sample_021,Lactate,lactate,reporter,3,0,M+0,0.29927524499450425
condition1,theta1_sample_021,Lactate,lactate,reporter,3,1,M+1,0.00067821922809615056
condition1,theta1_sample_021,Lactate,lactate,reporter,3,2,M+2,0.00081782656029489675
condition1,theta1_sample_021,Lactate,lactate,reporter,3,3,M+3,0.69922870921710467
condition1,theta1_sample_021,Citrate,citrate,reporter,6,0,M+0,0.026697221792040128
condition1,theta1_sample_021,Citrate,citrate,reporter,6,1,M+1,0.059601488013439251
condition1,theta1_sample_021,Citrate,citrate,reporter,6,2,M+2,0.069559595160777518
condition1,theta1_sample_021,Citrate,citrate,reporter,6,3,M+3,0.1991259163672518
condition1,theta1_sample_021,Citrate,citrate,reporter,6,4,M+4,0.16251776021657771
condition1,theta1_sample_021,Citrate,citrate,reporter,6,5,M+5,0.14115757900254158
condition1,theta1_sample_021,Citrate,citrate,reporter,6,6,M+6,0.34134043944737175
condition1,theta1_sample_021,aKG,akg,direct,5,0,M+0,0.026889100505760852
condition1,theta1_sample_021,aKG,akg,direct,5,1,M+1,0.062962808493832026
condition1,theta1_sample_021,aKG,akg,direct,5,2,M+2,0.12614764098423059
condition1,theta1_sample_021,aKG,akg,direct,5,3,M+3,0.2936557543791154
condition1,theta1_sample_021,aKG,akg,direct,5,4,M+4,0.1479488317849447
condition1,theta1_sample_021,aKG,akg,direct,5,5,M+5,0.34239586385211623
condition1,theta1_sample_021,Succinate,succinate,direct,4,0,M+0,0.086471428729474123
condition1,theta1_sample_021,Succinate,succinate,direct,4,1,M+1,0.0070418311532513926
condition1,theta1_sample_021,Succinate,succinate,direct,4,2,M+2,0.40825851094864735
condition1,theta1_sample_021,Succinate,succinate,direct,4,3,M+3,0.016471769725053938
condition1,theta1_sample_021,Succinate,succinate,direct,4,4,M+4,0.4817564594435727
condition1,theta1_sample_021,Fumarate,fumarate,direct,4,0,M+0,0.086471428729474123
condition1,theta1_sample_021,Fumarate,fumarate,direct,4,1,M+1,0.0070418311532513926
condition1,theta1_sample_021,Fumarate,fumarate,direct,4,2,M+2,0.40825851094864735
condition1,theta1_sample_021,Fumarate,fumarate,direct,4,3,M+3,0.016471769725053938
condition1,theta1_sample_021,Fumarate,fumarate,direct,4,4,M+4,0.4817564594435727
condition1,theta1_sample_021,Malate,malate,direct,4,0,M+0,0.077875112523929674
condition1,theta1_sample_021,Malate,malate,direct,4,1,M+1,0.024194837804448057
condition1,theta1_sample_021,Malate,malate,direct,4,2,M+2,0.37965695794335547
condition1,theta1_sample_021,Malate,malate,direct,4,3,M+3,0.056601120604225376
condition1,theta1_sample_021,Malate,malate,direct,4,4,M+4,0.46167197112404085
condition1,theta1_sample_021,Glutamine,glutamine,direct,5,0,M+0,0.026889100505760849
condition1,theta1_sample_021,Glutamine,glutamine,direct,5,1,M+1,0.062962808493832026
condition1,theta1_sample_021,Glutamine,glutamine,direct,5,2,M+2,0.12614764098423054
condition1,theta1_sample_021,Glutamine,glutamine,direct,5,3,M+3,0.29365575437911534
condition1,theta1_sample_021,Glutamine,glutamine,direct,5,4,M+4,0.1479488317849447
condition1,theta1_sample_021,Glutamine,glutamine,direct,5,5,M+5,0.34239586385211618
condition1,theta1_sample_021,Aspartate,aspartate,reporter,4,0,M+0,0.089195846098133122
condition1,theta1_sample_021,Aspartate,aspartate,reporter,4,1,M+1,0.19871836811769647
condition1,theta1_sample_021,Aspartate,aspartate,reporter,4,2,M+2,0.023085959528550925
condition1,theta1_sample_021,Aspartate,aspartate,reporter,4,3,M+3,0.20088959219727601
condition1,theta1_sample_021,Aspartate,aspartate,reporter,4,4,M+4,0.4881102340583432
condition1,theta1_sample_021,Glycine,glycine,reporter,2,0,M+0,0.29999999999999999
condition1,theta1_sample_021,Glycine,glycine,reporter,2,1,M+1,-0
condition1,theta1_sample_021,Glycine,glycine,reporter,2,2,M+2,0.69999999999999996
condition1,theta1_sample_021,Serine,serine,reporter,3,0,M+0,0.29999999999999999
condition1,theta1_sample_021,Serine,serine,reporter,3,1,M+1,-0
condition1,theta1_sample_021,Serine,serine,reporter,3,2,M+2,-0
condition1,theta1_sample_021,Serine,serine,reporter,3,3,M+3,0.69999999999999996
condition1,theta1_sample_022,Pyruvate,pyruvate,direct,3,0,M+0,0.29850418849714822
condition1,theta1_sample_022,Pyruvate,pyruvate,direct,3,1,M+1,0.0013675136152573306
condition1,theta1_sample_022,Pyruvate,pyruvate,direct,3,2,M+2,0.001752407278041048
condition1,theta1_sample_022,Pyruvate,pyruvate,direct,3,3,M+3,0.69837589060955374
condition1,theta1_sample_022,Alanine,alanine,reporter,3,0,M+0,0.29850418849714822
condition1,theta1_sample_022,Alanine,alanine,reporter,3,1,M+1,0.0013675136152573306
condition1,theta1_sample_022,Alanine,alanine,reporter,3,2,M+2,0.001752407278041048
condition1,theta1_sample_022,Alanine,alanine,reporter,3,3,M+3,0.69837589060955374
condition1,theta1_sample_022,Lactate,lactate,reporter,3,0,M+0,0.29850418849714822
condition1,theta1_sample_022,Lactate,lactate,reporter,3,1,M+1,0.0013675136152573306
condition1,theta1_sample_022,Lactate,lactate,reporter,3,2,M+2,0.001752407278041048
condition1,theta1_sample_022,Lactate,lactate,reporter,3,3,M+3,0.69837589060955374
condition1,theta1_sample_022,Citrate,citrate,reporter,6,0,M+0,0.026603157980618141
condition1,theta1_sample_022,Citrate,citrate,reporter,6,1,M+1,0.060657473931880361
condition1,theta1_sample_022,Citrate,citrate,reporter,6,2,M+2,0.067565606754455859
condition1,theta1_sample_022,Citrate,citrate,reporter,6,3,M+3,0.2025398820871554
condition1,theta1_sample_022,Citrate,citrate,reporter,6,4,M+4,0.15737212338780596
condition1,theta1_sample_022,Citrate,citrate,reporter,6,5,M+5,0.14446736240198957
condition1,theta1_sample_022,Citrate,citrate,reporter,6,6,M+6,0.3407943934560958
condition1,theta1_sample_022,aKG,akg,direct,5,0,M+0,0.026783417879348206
condition1,theta1_sample_022,aKG,akg,direct,5,1,M+1,0.062926956466361761
condition1,theta1_sample_022,aKG,akg,direct,5,2,M+2,0.12628792666744815
condition1,theta1_sample_022,aKG,akg,direct,5,3,M+3,0.29332911499086728
condition1,theta1_sample_022,aKG,akg,direct,5,4,M+4,0.14885307475373469
condition1,theta1_sample_022,aKG,akg,direct,5,5,M+5,0.34181950924224125
condition1,theta1_sample_022,Succinate,succinate,direct,4,0,M+0,0.087315057228892448
condition1,theta1_sample_022,Succinate,succinate,direct,4,1,M+1,0.005348652082738636
condition1,theta1_sample_022,Succinate,succinate,direct,4,2,M+2,0.41107850204227719
condition1,theta1_sample_022,Succinate,succinate,direct,4,3,M+3,0.012536810751661107
condition1,theta1_sample_022,Succinate,succinate,direct,4,4,M+4,0.48372097789443175
condition1,theta1_sample_022,Fumarate,fumarate,direct,4,0,M+0,0.087315057228892448
condition1,theta1_sample_022,Fumarate,fumarate,direct,4,1,M+1,0.005348652082738636
condition1,theta1_sample_022,Fumarate,fumarate,direct,4,2,M+2,0.41107850204227719
condition1,theta1_sample_022,Fumarate,fumarate,direct,4,3,M+3,0.012536810751661107
condition1,theta1_sample_022,Fumarate,fumarate,direct,4,4,M+4,0.48372097789443175
condition1,theta1_sample_022,Malate,malate,direct,4,0,M+0,0.074490605928922538
condition1,theta1_sample_022,Malate,malate,direct,4,1,M+1,0.030877334156867602
condition1,theta1_sample_022,Malate,malate,direct,4,2,M+2,0.36849062507679192
condition1,theta1_sample_022,Malate,malate,direct,4,3,M+3,0.072424323660124315
condition1,theta1_sample_022,Malate,malate,direct,4,4,M+4,0.45371711117729463
condition1,theta1_sample_022,Glutamine,glutamine,direct,5,0,M+0,0.026783417879348209
condition1,theta1_sample_022,Glutamine,glutamine,direct,5,1,M+1,0.062926956466361775
condition1,theta1_sample_022,Glutamine,glutamine,direct,5,2,M+2,0.12628792666744815
condition1,theta1_sample_022,Glutamine,glutamine,direct,5,3,M+3,0.29332911499086728
condition1,theta1_sample_022,Glutamine,glutamine,direct,5,4,M+4,0.14885307475373472
condition1,theta1_sample_022,Glutamine,glutamine,direct,5,5,M+5,0.3418195092422413
condition1,theta1_sample_022,Aspartate,aspartate,reporter,4,0,M+0,0.08909283751551926
condition1,theta1_sample_022,Aspartate,aspartate,reporter,4,1,M+1,0.20230409930391213
condition1,theta1_sample_022,Aspartate,aspartate,reporter,4,2,M+2,0.01593778428638579
condition1,theta1_sample_022,Aspartate,aspartate,reporter,4,3,M+3,0.2048407834534158
condition1,theta1_sample_022,Aspartate,aspartate,reporter,4,4,M+4,0.48782449544076778
condition1,theta1_sample_022,Glycine,glycine,reporter,2,0,M+0,0.30000000000000004
condition1,theta1_sample_022,Glycine,glycine,reporter,2,1,M+1,-0
condition1,theta1_sample_022,Glycine,glycine,reporter,2,2,M+2,0.70000000000000029
condition1,theta1_sample_022,Serine,serine,reporter,3,0,M+0,0.30000000000000004
condition1,theta1_sample_022,Serine,serine,reporter,3,1,M+1,-0
condition1,theta1_sample_022,Serine,serine,reporter,3,2,M+2,-0
condition1,theta1_sample_022,Serine,serine,reporter,3,3,M+3,0.70000000000000029
condition1,theta1_sample_023,Pyruvate,pyruvate,direct,3,0,M+0,0.29883948815497102
condition1,theta1_sample_023,Pyruvate,pyruvate,direct,3,1,M+1,0.0010946230061792182
condition1,theta1_sample_023,Pyruvate,pyruvate,direct,3,2,M+2,0.0012922895227287048
condition1,theta1_sample_023,Pyruvate,pyruvate,direct,3,3,M+3,0.69877359931612104
condition1,theta1_sample_023,Alanine,alanine,reporter,3,0,M+0,0.29883948815497102
condition1,theta1_sample_023,Alanine,alanine,reporter,3,1,M+1,0.0010946230061792182
condition1,theta1_sample_023,Alanine,alanine,reporter,3,2,M+2,0.0012922895227287048
condition1,theta1_sample_023,Alanine,alanine,reporter,3,3,M+3,0.69877359931612104
condition1,theta1_sample_023,Lactate,lactate,reporter,3,0,M+0,0.29883948815497102
condition1,theta1_sample_023,Lactate,lactate,reporter,3,1,M+1,0.0010946230061792182
condition1,theta1_sample_023,Lactate,lactate,reporter,3,2,M+2,0.0012922895227287048
condition1,theta1_sample_023,Lactate,lactate,reporter,3,3,M+3,0.69877359931612104
condition1,theta1_sample_023,Citrate,citrate,reporter,6,0,M+0,0.02661364203107907
condition1,theta1_sample_023,Citrate,citrate,reporter,6,1,M+1,0.059427915623502275
condition1,theta1_sample_023,Citrate,citrate,reporter,6,2,M+2,0.06992268692270058
condition1,theta1_sample_023,Citrate,citrate,reporter,6,3,M+3,0.19856909122624156
condition1,theta1_sample_023,Citrate,citrate,reporter,6,4,M+4,0.16317844659072722
condition1,theta1_sample_023,Citrate,citrate,reporter,6,5,M+5,0.14142365514503319
condition1,theta1_sample_023,Citrate,citrate,reporter,6,6,M+6,0.34086456246071634
condition1,theta1_sample_023,aKG,akg,direct,5,0,M+0,0.026786410699634857
condition1,theta1_sample_023,aKG,akg,direct,5,1,M+1,0.062927959037921158
condition1,theta1_sample_023,aKG,akg,direct,5,2,M+2,0.12628394120519637
condition1,theta1_sample_023,aKG,akg,direct,5,3,M+3,0.29333840888634594
condition1,theta1_sample_023,aKG,akg,direct,5,4,M+4,0.14882746896185986
condition1,theta1_sample_023,aKG,akg,direct,5,5,M+5,0.34183581120904172
condition1,theta1_sample_023,Succinate,succinate,direct,4,0,M+0,0.086058597694003411
condition1,theta1_sample_023,Succinate,succinate,direct,4,1,M+1,0.0078559791701096164
condition1,theta1_sample_023,Succinate,succinate,direct,4,2,M+2,0.40689775956918944
condition1,theta1_sample_023,Succinate,succinate,direct,4,3,M+3,0.018402152575278611
condition1,theta1_sample_023,Succinate,succinate,direct,4,4,M+4,0.4807855109914187
condition1,theta1_sample_023,Fumarate,fumarate,direct,4,0,M+0,0.086058597694003411
condition1,theta1_sample_023,Fumarate,fumarate,direct,4,1,M+1,0.0078559791701096164
condition1,theta1_sample_023,Fumarate,fumarate,direct,4,2,M+2,0.40689775956918944
condition1,theta1_sample_023,Fumarate,fumarate,direct,4,3,M+3,0.018402152575278611
condition1,theta1_sample_023,Fumarate,fumarate,direct,4,4,M+4,0.48078551099141864
condition1,theta1_sample_023,Malate,malate,direct,4,0,M+0,0.078933874839807669
condition1,theta1_sample_023,Malate,malate,direct,4,1,M+1,0.022052453721986831
condition1,theta1_sample_023,Malate,malate,direct,4,2,M+2,0.38321931159722272
condition1,theta1_sample_023,Malate,malate,direct,4,3,M+3,0.051668516280363529
condition1,theta1_sample_023,Malate,malate,direct,4,4,M+4,0.46412584356061909
condition1,theta1_sample_023,Glutamine,glutamine,direct,5,0,M+0,0.026786410699634854
condition1,theta1_sample_023,Glutamine,glutamine,direct,5,1,M+1,0.062927959037921144
condition1,theta1_sample_023,Glutamine,glutamine,direct,5,2,M+2,0.12628394120519634
condition1,theta1_sample_023,Glutamine,glutamine,direct,5,3,M+3,0.29333840888634588
condition1,theta1_sample_023,Glutamine,glutamine,direct,5,4,M+4,0.14882746896185986
condition1,theta1_sample_023,Glutamine,glutamine,direct,5,5,M+5,0.34183581120904172
condition1,theta1_sample_023,Aspartate,aspartate,reporter,4,0,M+0,0.08904192027570404
condition1,theta1_sample_023,Aspartate,aspartate,reporter,4,1,M+1,0.1981674346962484
condition1,theta1_sample_023,Aspartate,aspartate,reporter,4,2,M+2,0.024262897979786091
condition1,theta1_sample_023,Aspartate,aspartate,reporter,4,3,M+3,0.20080421884886671
condition1,theta1_sample_023,Aspartate,aspartate,reporter,4,4,M+4,0.48772352819939485
condition1,theta1_sample_023,Glycine,glycine,reporter,2,0,M+0,0.3000000000000001
condition1,theta1_sample_023,Glycine,glycine,reporter,2,1,M+1,-0
condition1,theta1_sample_023,Glycine,glycine,reporter,2,2,M+2,0.70000000000000007
condition1,theta1_sample_023,Serine,serine,reporter,3,0,M+0,0.3000000000000001
condition1,theta1_sample_023,Serine,serine,reporter,3,1,M+1,-0
condition1,theta1_sample_023,Serine,serine,reporter,3,2,M+2,-0
condition1,theta1_sample_023,Serine,serine,reporter,3,3,M+3,0.70000000000000007
condition1,theta1_sample_024,Pyruvate,pyruvate,direct,3,0,M+0,0.29877311014987401
condition1,theta1_sample_024,Pyruvate,pyruvate,direct,3,1,M+1,0.0011253379205595575
condition1,theta1_sample_024,Pyruvate,pyruvate,direct,3,2,M+2,0.0014299937092591183
condition1,theta1_sample_024,Pyruvate,pyruvate,direct,3,3,M+3,0.69867155822030758
condition1,theta1_sample_024,Alanine,alanine,reporter,3,0,M+0,0.29877311014987401
condition1,theta1_sample_024,Alanine,alanine,reporter,3,1,M+1,0.0011253379205595575
condition1,theta1_sample_024,Alanine,alanine,reporter,3,2,M+2,0.0014299937092591183
condition1,theta1_sample_024,Alanine,alanine,reporter,3,3,M+3,0.69867155822030758
condition1,theta1_sample_024,Lactate,lactate,reporter,3,0,M+0,0.29877311014987401
condition1,theta1_sample_024,Lactate,lactate,reporter,3,1,M+1,0.0011253379205595575
condition1,theta1_sample_024,Lactate,lactate,reporter,3,2,M+2,0.0014299937092591183
condition1,theta1_sample_024,Lactate,lactate,reporter,3,3,M+3,0.69867155822030758
condition1,theta1_sample_024,Citrate,citrate,reporter,6,0,M+0,0.02659865661918813
condition1,theta1_sample_024,Citrate,citrate,reporter,6,1,M+1,0.060115238120241381
condition1,theta1_sample_024,Citrate,citrate,reporter,6,2,M+2,0.068541940029486853
condition1,theta1_sample_024,Citrate,citrate,reporter,6,3,M+3,0.2008761491593376
condition1,theta1_sample_024,Citrate,citrate,reporter,6,4,M+4,0.15994639912575864
condition1,theta1_sample_024,Citrate,citrate,reporter,6,5,M+5,0.14314286383618888
condition1,theta1_sample_024,Citrate,citrate,reporter,6,6,M+6,0.34077875310979983
condition1,theta1_sample_024,aKG,akg,direct,5,0,M+0,0.026814739052158941
condition1,theta1_sample_024,aKG,akg,direct,5,1,M+1,0.062937617209073413
condition1,theta1_sample_024,aKG,akg,direct,5,2,M+2,0.12624638545547529
condition1,theta1_sample_024,aKG,akg,direct,5,3,M+3,0.29342579965016535
condition1,theta1_sample_024,aKG,akg,direct,5,4,M+4,0.14858508023615685
condition1,theta1_sample_024,aKG,akg,direct,5,5,M+5,0.34199037839697133
condition1,theta1_sample_024,Succinate,succinate,direct,4,0,M+0,0.086937013178391906
condition1,theta1_sample_024,Succinate,succinate,direct,4,1,M+1,0.0061050439805668743
condition1,theta1_sample_024,Succinate,succinate,direct,4,2,M+2,0.40981795014483874
condition1,theta1_sample_024,Succinate,succinate,direct,4,3,M+3,0.014300915055053922
condition1,theta1_sample_024,Succinate,succinate,direct,4,4,M+4,0.48283907764114847
condition1,theta1_sample_024,Fumarate,fumarate,direct,4,0,M+0,0.086937013178391906
condition1,theta1_sample_024,Fumarate,fumarate,direct,4,1,M+1,0.0061050439805668743
condition1,theta1_sample_024,Fumarate,fumarate,direct,4,2,M+2,0.40981795014483874
condition1,theta1_sample_024,Fumarate,fumarate,direct,4,3,M+3,0.014300915055053922
condition1,theta1_sample_024,Fumarate,fumarate,direct,4,4,M+4,0.48283907764114842
condition1,theta1_sample_024,Malate,malate,direct,4,0,M+0,0.074873423990031829
condition1,theta1_sample_024,Malate,malate,direct,4,1,M+1,0.030139320110135565
condition1,theta1_sample_024,Malate,malate,direct,4,2,M+2,0.36972985584650714
condition1,theta1_sample_024,Malate,malate,direct,4,3,M+3,0.070628632016451601
condition1,theta1_sample_024,Malate,malate,direct,4,4,M+4,0.45462876803687391
condition1,theta1_sample_024,Glutamine,glutamine,direct,5,0,M+0,0.026814739052158944
condition1,theta1_sample_024,Glutamine,glutamine,direct,5,1,M+1,0.062937617209073413
condition1,theta1_sample_024,Glutamine,glutamine,direct,5,2,M+2,0.12624638545547529
condition1,theta1_sample_024,Glutamine,glutamine,direct,5,3,M+3,0.29342579965016535
condition1,theta1_sample_024,Glutamine,glutamine,direct,5,4,M+4,0.14858508023615685
condition1,theta1_sample_024,Glutamine,glutamine,direct,5,5,M+5,0.34199037839697133
condition1,theta1_sample_024,Aspartate,aspartate,reporter,4,0,M+0,0.089003584497750643
condition1,theta1_sample_024,Aspartate,aspartate,reporter,4,1,M+1,0.2004702900516728
condition1,theta1_sample_024,Aspartate,aspartate,reporter,4,2,M+2,0.019677066032355858
condition1,theta1_sample_024,Aspartate,aspartate,reporter,4,3,M+3,0.20322065978926832
condition1,theta1_sample_024,Aspartate,aspartate,reporter,4,4,M+4,0.48762839962895338
condition1,theta1_sample_024,Glycine,glycine,reporter,2,0,M+0,0.30000000000000004
condition1,theta1_sample_024,Glycine,glycine,reporter,2,1,M+1,-0
condition1,theta1_sample_024,Glycine,glycine,reporter,2,2,M+2,0.70000000000000018
condition1,theta1_sample_024,Serine,serine,reporter,3,0,M+0,0.30000000000000004
condition1,theta1_sample_024,Serine,serine,reporter,3,1,M+1,-0
condition1,theta1_sample_024,Serine,serine,reporter,3,2,M+2,-0
condition1,theta1_sample_024,Serine,serine,reporter,3,3,M+3,0.70000000000000018
condition1,theta1_sample_025,Pyruvate,pyruvate,direct,3,0,M+0,0.29879830023595744
condition1,theta1_sample_025,Pyruvate,pyruvate,direct,3,1,M+1,0.0011373799987916353
condition1,theta1_sample_025,Pyruvate,pyruvate,direct,3,2,M+2,0.0013303392945442493
condition1,theta1_sample_025,Pyruvate,pyruvate,direct,3,3,M+3,0.69873398047070667
condition1,theta1_sample_025,Alanine,alanine,reporter,3,0,M+0,0.29879830023595744
condition1,theta1_sample_025,Alanine,alanine,reporter,3,1,M+1,0.0011373799987916353
condition1,theta1_sample_025,Alanine,alanine,reporter,3,2,M+2,0.0013303392945442493
condition1,theta1_sample_025,Alanine,alanine,reporter,3,3,M+3,0.69873398047070667
condition1,theta1_sample_025,Lactate,lactate,reporter,3,0,M+0,0.29879830023595744
condition1,theta1_sample_025,Lactate,lactate,reporter,3,1,M+1,0.0011373799987916353
condition1,theta1_sample_025,Lactate,lactate,reporter,3,2,M+2,0.0013303392945442493
condition1,theta1_sample_025,Lactate,lactate,reporter,3,3,M+3,0.69873398047070667
condition1,theta1_sample_025,Citrate,citrate,reporter,6,0,M+0,0.026734373511652212
condition1,theta1_sample_025,Citrate,citrate,reporter,6,1,M+1,0.061160456841971078
condition1,theta1_sample_025,Citrate,citrate,reporter,6,2,M+2,0.066693798691489822
condition1,theta1_sample_025,Citrate,citrate,reporter,6,3,M+3,0.20397362594161308
condition1,theta1_sample_025,Citrate,citrate,reporter,6,4,M+4,0.15518666540192799
condition1,theta1_sample_025,Citrate,citrate,reporter,6,5,M+5,0.14472207132557621
condition1,theta1_sample_025,Citrate,citrate,reporter,6,6,M+6,0.34152900828576921
condition1,theta1_sample_025,aKG,akg,direct,5,0,M+0,0.026815397048522972
condition1,theta1_sample_025,aKG,akg,direct,5,1,M+1,0.062937842019442886
condition1,theta1_sample_025,aKG,akg,direct,5,2,M+2,0.12624551360523789
condition1,theta1_sample_025,aKG,akg,direct,5,3,M+3,0.2934278278804428
condition1,theta1_sample_025,aKG,akg,direct,5,4,M+4,0.14857945010301432
condition1,theta1_sample_025,aKG,akg,direct,5,5,M+5,0.34199396934333914
condition1,theta1_sample_025,Succinate,succinate,direct,4,0,M+0,0.087800359514562124
condition1,theta1_sample_025,Succinate,succinate,direct,4,1,M+1,0.0043849722475281724
condition1,theta1_sample_025,Succinate,succinate,direct,4,2,M+2,0.41268694334633704
condition1,theta1_sample_025,Succinate,succinate,direct,4,3,M+3,0.010269758506492747
condition1,theta1_sample_025,Succinate,succinate,direct,4,4,M+4,0.48485796638507972
condition1,theta1_sample_025,Fumarate,fumarate,direct,4,0,M+0,0.087800359514562137
condition1,theta1_sample_025,Fumarate,fumarate,direct,4,1,M+1,0.0043849722475281724
condition1,theta1_sample_025,Fumarate,fumarate,direct,4,2,M+2,0.41268694334633704
condition1,theta1_sample_025,Fumarate,fumarate,direct,4,3,M+3,0.010269758506492747
condition1,theta1_sample_025,Fumarate,fumarate,direct,4,4,M+4,0.48485796638507972
condition1,theta1_sample_025,Malate,malate,direct,4,0,M+0,0.080247179654107395
condition1,theta1_sample_025,Malate,malate,direct,4,1,M+1,0.019433025853281043
condition1,theta1_sample_025,Malate,malate,direct,4,2,M+2,0.38758741863169671
condition1,theta1_sample_025,Malate,malate,direct,4,3,M+3,0.045537366560333629
condition1,theta1_sample_025,Malate,malate,direct,4,4,M+4,0.467195009300581
condition1,theta1_sample_025,Glutamine,glutamine,direct,5,0,M+0,0.026815397048522975
condition1,theta1_sample_025,Glutamine,glutamine,direct,5,1,M+1,0.062937842019442886
condition1,theta1_sample_025,Glutamine,glutamine,direct,5,2,M+2,0.12624551360523792
condition1,theta1_sample_025,Glutamine,glutamine,direct,5,3,M+3,0.29342782788044286
condition1,theta1_sample_025,Glutamine,glutamine,direct,5,4,M+4,0.14857945010301432
condition1,theta1_sample_025,Glutamine,glutamine,direct,5,5,M+5,0.3419939693433392
condition1,theta1_sample_025,Aspartate,aspartate,reporter,4,0,M+0,0.089458534491629188
condition1,theta1_sample_025,Aspartate,aspartate,reporter,4,1,M+1,0.20396449347575324
condition1,theta1_sample_025,Aspartate,aspartate,reporter,4,2,M+2,0.012399279033270351
condition1,theta1_sample_025,Aspartate,aspartate,reporter,4,3,M+3,0.20547382353968283
condition1,theta1_sample_025,Aspartate,aspartate,reporter,4,4,M+4,0.48870386945966443
condition1,theta1_sample_025,Glycine,glycine,reporter,2,0,M+0,0.29999999999999993
condition1,theta1_sample_025,Glycine,glycine,reporter,2,1,M+1,-0
condition1,theta1_sample_025,Glycine,glycine,reporter,2,2,M+2,0.69999999999999996
condition1,theta1_sample_025,Serine,serine,reporter,3,0,M+0,0.29999999999999993
condition1,theta1_sample_025,Serine,serine,reporter,3,1,M+1,-0
condition1,theta1_sample_025,Serine,serine,reporter,3,2,M+2,-0
condition1,theta1_sample_025,Serine,serine,reporter,3,3,M+3,0.69999999999999996
condition1,theta1_sample_026,Pyruvate,pyruvate,direct,3,0,M+0,0.29868052199137202
condition1,theta1_sample_026,Pyruvate,pyruvate,direct,3,1,M+1,0.0012275723367815598
condition1,theta1_sample_026,Pyruvate,pyruvate,direct,3,2,M+2,0.0015032893523209052
condition1,theta1_sample_026,Pyruvate,pyruvate,direct,3,3,M+3,0.69858861631952562
condition1,theta1_sample_026,Alanine,alanine,reporter,3,0,M+0,0.29868052199137202
condition1,theta1_sample_026,Alanine,alanine,reporter,3,1,M+1,0.0012275723367815598
condition1,theta1_sample_026,Alanine,alanine,reporter,3,2,M+2,0.0015032893523209052
condition1,theta1_sample_026,Alanine,alanine,reporter,3,3,M+3,0.69858861631952562
condition1,theta1_sample_026,Lactate,lactate,reporter,3,0,M+0,0.29868052199137202
condition1,theta1_sample_026,Lactate,lactate,reporter,3,1,M+1,0.0012275723367815598
condition1,theta1_sample_026,Lactate,lactate,reporter,3,2,M+2,0.0015032893523209052
condition1,theta1_sample_026,Lactate,lactate,reporter,3,3,M+3,0.69858861631952562
condition1,theta1_sample_026,Citrate,citrate,reporter,6,0,M+0,0.026702124180313286
condition1,theta1_sample_026,Citrate,citrate,reporter,6,1,M+1,0.061232280824141241
condition1,theta1_sample_026,Citrate,citrate,reporter,6,2,M+2,0.066532623570925015
condition1,theta1_sample_026,Citrate,citrate,reporter,6,3,M+3,0.20425297668457418
condition1,theta1_sample_026,Citrate,citrate,reporter,6,4,M+4,0.15480189997485844
condition1,theta1_sample_026,Citrate,citrate,reporter,6,5,M+5,0.14513262651027473
condition1,theta1_sample_026,Citrate,citrate,reporter,6,6,M+6,0.34134546825491319
condition1,theta1_sample_026,aKG,akg,direct,5,0,M+0,0.026807031260447225
condition1,theta1_sample_026,aKG,akg,direct,5,1,M+1,0.062935003824859184
condition1,theta1_sample_026,aKG,akg,direct,5,2,M+2,0.12625661839078051
condition1,theta1_sample_026,aKG,akg,direct,5,3,M+3,0.2934019718236861
condition1,theta1_sample_026,aKG,akg,direct,5,4,M+4,0.14865102957861343
condition1,theta1_sample_026,aKG,akg,direct,5,5,M+5,0.34194834512161359
condition1,theta1_sample_026,Succinate,succinate,direct,4,0,M+0,0.087898233795134506
condition1,theta1_sample_026,Succinate,succinate,direct,4,1,M+1,0.0041890774914382792
condition1,theta1_sample_026,Succinate,succinate,direct,4,2,M+2,0.41301338587483849
condition1,theta1_sample_026,Succinate,succinate,direct,4,3,M+3,0.0098130605954696633
condition1,theta1_sample_026,Succinate,succinate,direct,4,4,M+4,0.48508624224311875
condition1,theta1_sample_026,Fumarate,fumarate,direct,4,0,M+0,0.087898233795134506
condition1,theta1_sample_026,Fumarate,fumarate,direct,4,1,M+1,0.0041890774914382792
condition1,theta1_sample_026,Fumarate,fumarate,direct,4,2,M+2,0.41301338587483849
condition1,theta1_sample_026,Fumarate,fumarate,direct,4,3,M+3,0.0098130605954696633
condition1,theta1_sample_026,Fumarate,fumarate,direct,4,4,M+4,0.48508624224311869
condition1,theta1_sample_026,Malate,malate,direct,4,0,M+0,0.077539922528388636
condition1,theta1_sample_026,Malate,malate,direct,4,1,M+1,0.024818981383594452
condition1,theta1_sample_026,Malate,malate,direct,4,2,M+2,0.37860130650746637
condition1,theta1_sample_026,Malate,malate,direct,4,3,M+3,0.058180752720728986
condition1,theta1_sample_026,Malate,malate,direct,4,4,M+4,0.46085903685982132
condition1,theta1_sample_026,Glutamine,glutamine,direct,5,0,M+0,0.026807031260447225
condition1,theta1_sample_026,Glutamine,glutamine,direct,5,1,M+1,0.062935003824859184
condition1,theta1_sample_026,Glutamine,glutamine,direct,5,2,M+2,0.12625661839078051
condition1,theta1_sample_026,Glutamine,glutamine,direct,5,3,M+3,0.29340197182368605
condition1,theta1_sample_026,Glutamine,glutamine,direct,5,4,M+4,0.14865102957861343
condition1,theta1_sample_026,Glutamine,glutamine,direct,5,5,M+5,0.34194834512161359
condition1,theta1_sample_026,Aspartate,aspartate,reporter,4,0,M+0,0.089379659340001
condition1,theta1_sample_026,Aspartate,aspartate,reporter,4,1,M+1,0.20421370926864879
condition1,theta1_sample_026,Aspartate,aspartate,reporter,4,2,M+2,0.011942707309033716
condition1,theta1_sample_026,Aspartate,aspartate,reporter,4,3,M+3,0.20595482021598244
condition1,theta1_sample_026,Aspartate,aspartate,reporter,4,4,M+4,0.48850910386633423
condition1,theta1_sample_026,Glycine,glycine,reporter,2,0,M+0,0.29999999999999999
condition1,theta1_sample_026,Glycine,glycine,reporter,2,1,M+1,-0
condition1,theta1_sample_026,Glycine,glycine,reporter,2,2,M+2,0.70000000000000007
condition1,theta1_sample_026,Serine,serine,reporter,3,0,M+0,0.29999999999999999
condition1,theta1_sample_026,Serine,serine,reporter,3,1,M+1,-0
condition1,theta1_sample_026,Serine,serine,reporter,3,2,M+2,-0
condition1,theta1_sample_026,Serine,serine,reporter,3,3,M+3,0.70000000000000007
condition1,theta1_sample_027,Pyruvate,pyruvate,direct,3,0,M+0,0.29820097401614964
condition1,theta1_sample_027,Pyruvate,pyruvate,direct,3,1,M+1,0.0016012927327034067
condition1,theta1_sample_027,Pyruvate,pyruvate,direct,3,2,M+2,0.0021944924861442977
condition1,theta1_sample_027,Pyruvate,pyruvate,direct,3,3,M+3,0.69800324076500264
condition1,theta1_sample_027,Alanine,alanine,reporter,3,0,M+0,0.29820097401614964
condition1,theta1_sample_027,Alanine,alanine,reporter,3,1,M+1,0.0016012927327034067
condition1,theta1_sample_027,Alanine,alanine,reporter,3,2,M+2,0.0021944924861442977
condition1,theta1_sample_027,Alanine,alanine,reporter,3,3,M+3,0.69800324076500264
condition1,theta1_sample_027,Lactate,lactate,reporter,3,0,M+0,0.29820097401614964
condition1,theta1_sample_027,Lactate,lactate,reporter,3,1,M+1,0.0016012927327034067
condition1,theta1_sample_027,Lactate,lactate,reporter,3,2,M+2,0.0021944924861442977
condition1,theta1_sample_027,Lactate,lactate,reporter,3,3,M+3,0.69800324076500264
condition1,theta1_sample_027,Citrate,citrate,reporter,6,0,M+0,0.02631697651024947
condition1,theta1_sample_027,Citrate,citrate,reporter,6,1,M+1,0.059114260148559958
condition1,theta1_sample_027,Citrate,citrate,reporter,6,2,M+2,0.07024148265737637
condition1,theta1_sample_027,Citrate,citrate,reporter,6,3,M+3,0.19807794365927045
condition1,theta1_sample_027,Citrate,citrate,reporter,6,4,M+4,0.16428718980069326
condition1,theta1_sample_027,Citrate,citrate,reporter,6,5,M+5,0.14275269898700044
condition1,theta1_sample_027,Citrate,citrate,reporter,6,6,M+6,0.33920944823685012
condition1,theta1_sample_027,aKG,akg,direct,5,0,M+0,0.026733430727819994
condition1,theta1_sample_027,aKG,akg,direct,5,1,M+1,0.062909837776499139
condition1,theta1_sample_027,aKG,akg,direct,5,2,M+2,0.12635411989679921
condition1,theta1_sample_027,aKG,akg,direct,5,3,M+3,0.29317517112906982
condition1,theta1_sample_027,aKG,akg,direct,5,4,M+4,0.14928079330636704
condition1,theta1_sample_027,aKG,akg,direct,5,5,M+5,0.34154664716344524
condition1,theta1_sample_027,Succinate,succinate,direct,4,0,M+0,0.086044528680589441
condition1,theta1_sample_027,Succinate,succinate,direct,4,1,M+1,0.0078726524126695365
condition1,theta1_sample_027,Succinate,succinate,direct,4,2,M+2,0.40686614923683379
condition1,theta1_sample_027,Succinate,succinate,direct,4,3,M+3,0.018471629565966888
condition1,theta1_sample_027,Succinate,succinate,direct,4,4,M+4,0.48074504010394103
condition1,theta1_sample_027,Fumarate,fumarate,direct,4,0,M+0,0.086044528680589441
condition1,theta1_sample_027,Fumarate,fumarate,direct,4,1,M+1,0.0078726524126695365
condition1,theta1_sample_027,Fumarate,fumarate,direct,4,2,M+2,0.40686614923683373
condition1,theta1_sample_027,Fumarate,fumarate,direct,4,3,M+3,0.018471629565966888
condition1,theta1_sample_027,Fumarate,fumarate,direct,4,4,M+4,0.48074504010394098
condition1,theta1_sample_027,Malate,malate,direct,4,0,M+0,0.069701598735430581
condition1,theta1_sample_027,Malate,malate,direct,4,1,M+1,0.040377665875828091
condition1,theta1_sample_027,Malate,malate,direct,4,2,M+2,0.35263084465584976
condition1,theta1_sample_027,Malate,malate,direct,4,3,M+3,0.094798918119094466
condition1,theta1_sample_027,Malate,malate,direct,4,4,M+4,0.44249097261379755
condition1,theta1_sample_027,Glutamine,glutamine,direct,5,0,M+0,0.026733430727819994
condition1,theta1_sample_027,Glutamine,glutamine,direct,5,1,M+1,0.062909837776499139
condition1,theta1_sample_027,Glutamine,glutamine,direct,5,2,M+2,0.12635411989679921
condition1,theta1_sample_027,Glutamine,glutamine,direct,5,3,M+3,0.29317517112906982
condition1,theta1_sample_027,Glutamine,glutamine,direct,5,4,M+4,0.14928079330636704
condition1,theta1_sample_027,Glutamine,glutamine,direct,5,5,M+5,0.34154664716344524
condition1,theta1_sample_027,Aspartate,aspartate,reporter,4,0,M+0,0.088208615899839901
condition1,theta1_sample_027,Aspartate,aspartate,reporter,4,1,M+1,0.19716167849003668
condition1,theta1_sample_027,Aspartate,aspartate,reporter,4,2,M+2,0.026781161038444794
condition1,theta1_sample_027,Aspartate,aspartate,reporter,4,3,M+3,0.20211817885364103
condition1,theta1_sample_027,Aspartate,aspartate,reporter,4,4,M+4,0.48573036571803757
condition1,theta1_sample_027,Glycine,glycine,reporter,2,0,M+0,0.30000000000000004
condition1,theta1_sample_027,Glycine,glycine,reporter,2,1,M+1,-0
condition1,theta1_sample_027,Glycine,glycine,reporter,2,2,M+2,0.69999999999999996
condition1,theta1_sample_027,Serine,serine,reporter,3,0,M+0,0.30000000000000004
condition1,theta1_sample_027,Serine,serine,reporter,3,1,M+1,-0
condition1,theta1_sample_027,Serine,serine,reporter,3,2,M+2,-0
condition1,theta1_sample_027,Serine,serine,reporter,3,3,M+3,0.69999999999999996
condition1,theta1_sample_028,Pyruvate,pyruvate,direct,3,0,M+0,0.29833055638485817
condition1,theta1_sample_028,Pyruvate,pyruvate,direct,3,1,M+1,0.0016041946583564655
condition1,theta1_sample_028,Pyruvate,pyruvate,direct,3,2,M+2,0.0017999415287124751
condition1,theta1_sample_028,Pyruvate,pyruvate,direct,3,3,M+3,0.6982653074280728
condition1,theta1_sample_028,Alanine,alanine,reporter,3,0,M+0,0.29833055638485817
condition1,theta1_sample_028,Alanine,alanine,reporter,3,1,M+1,0.0016041946583564655
condition1,theta1_sample_028,Alanine,alanine,reporter,3,2,M+2,0.0017999415287124751
condition1,theta1_sample_028,Alanine,alanine,reporter,3,3,M+3,0.6982653074280728
condition1,theta1_sample_028,Lactate,lactate,reporter,3,0,M+0,0.29833055638485817
condition1,theta1_sample_028,Lactate,lactate,reporter,3,1,M+1,0.0016041946583564655
condition1,theta1_sample_028,Lactate,lactate,reporter,3,2,M+2,0.0017999415287124751
condition1,theta1_sample_028,Lactate,lactate,reporter,3,3,M+3,0.6982653074280728
condition1,theta1_sample_028,Citrate,citrate,reporter,6,0,M+0,0.026715180635362049
condition1,theta1_sample_028,Citrate,citrate,reporter,6,1,M+1,0.060873918366879866
condition1,theta1_sample_028,Citrate,citrate,reporter,6,2,M+2,0.06742534608553484
condition1,theta1_sample_028,Citrate,citrate,reporter,6,3,M+3,0.20281344557754569
condition1,theta1_sample_028,Citrate,citrate,reporter,6,4,M+4,0.15645805271407651
condition1,theta1_sample_028,Citrate,citrate,reporter,6,5,M+5,0.14428149785049818
condition1,theta1_sample_028,Citrate,citrate,reporter,6,6,M+6,0.34143255877010248
condition1,theta1_sample_028,aKG,akg,direct,5,0,M+0,0.026781368500333066
condition1,theta1_sample_028,aKG,akg,direct,5,1,M+1,0.062926332229388024
condition1,theta1_sample_028,aKG,akg,direct,5,2,M+2,0.12629071806216619
condition1,theta1_sample_028,aKG,akg,direct,5,3,M+3,0.29332253630389671
condition1,theta1_sample_028,aKG,akg,direct,5,4,M+4,0.14887060178648984
condition1,theta1_sample_028,aKG,akg,direct,5,5,M+5,0.34180844311772568
condition1,theta1_sample_028,Succinate,succinate,direct,4,0,M+0,0.087358977670561749
condition1,theta1_sample_028,Succinate,succinate,direct,4,1,M+1,0.005258638344430213
condition1,theta1_sample_028,Succinate,succinate,direct,4,2,M+2,0.41122780065446751
condition1,theta1_sample_028,Succinate,succinate,direct,4,3,M+3,0.012332572975527279
condition1,theta1_sample_028,Succinate,succinate,direct,4,4,M+4,0.48382201035501321
condition1,theta1_sample_028,Fumarate,fumarate,direct,4,0,M+0,0.087358977670561749
condition1,theta1_sample_028,Fumarate,fumarate,direct,4,1,M+1,0.005258638344430213
condition1,theta1_sample_028,Fumarate,fumarate,direct,4,2,M+2,0.41122780065446751
condition1,theta1_sample_028,Fumarate,fumarate,direct,4,3,M+3,0.01233257297552728
condition1,theta1_sample_028,Fumarate,fumarate,direct,4,4,M+4,0.48382201035501327
condition1,theta1_sample_028,Malate,malate,direct,4,0,M+0,0.082441135539276275
condition1,theta1_sample_028,Malate,malate,direct,4,1,M+1,0.015040904746330122
condition1,theta1_sample_028,Malate,malate,direct,4,2,M+2,0.39490621736441062
condition1,theta1_sample_028,Malate,malate,direct,4,3,M+3,0.035300308875083231
condition1,theta1_sample_028,Malate,malate,direct,4,4,M+4,0.47231143347489973
condition1,theta1_sample_028,Glutamine,glutamine,direct,5,0,M+0,0.02678136850033307
condition1,theta1_sample_028,Glutamine,glutamine,direct,5,1,M+1,0.062926332229388038
condition1,theta1_sample_028,Glutamine,glutamine,direct,5,2,M+2,0.12629071806216619
condition1,theta1_sample_028,Glutamine,glutamine,direct,5,3,M+3,0.29332253630389676
condition1,theta1_sample_028,Glutamine,glutamine,direct,5,4,M+4,0.14887060178648984
condition1,theta1_sample_028,Glutamine,glutamine,direct,5,5,M+5,0.34180844311772568
condition1,theta1_sample_028,Aspartate,aspartate,reporter,4,0,M+0,0.089534238286910442
condition1,theta1_sample_028,Aspartate,aspartate,reporter,4,1,M+1,0.20304256179112348
condition1,theta1_sample_028,Aspartate,aspartate,reporter,4,2,M+2,0.014204750961872474
condition1,theta1_sample_028,Aspartate,aspartate,reporter,4,3,M+3,0.20432585955524266
condition1,theta1_sample_028,Aspartate,aspartate,reporter,4,4,M+4,0.48889258940485075
condition1,theta1_sample_028,Glycine,glycine,reporter,2,0,M+0,0.30000000000000004
condition1,theta1_sample_028,Glycine,glycine,reporter,2,1,M+1,-0
condition1,theta1_sample_028,Glycine,glycine,reporter,2,2,M+2,0.70000000000000007
condition1,theta1_sample_028,Serine,serine,reporter,3,0,M+0,0.30000000000000004
condition1,theta1_sample_028,Serine,serine,reporter,3,1,M+1,-0
condition1,theta1_sample_028,Serine,serine,reporter,3,2,M+2,-0
condition1,theta1_sample_028,Serine,serine,reporter,3,3,M+3,0.70000000000000007
condition1,theta1_sample_029,Pyruvate,pyruvate,direct,3,0,M+0,0.29699281509917064
condition1,theta1_sample_029,Pyruvate,pyruvate,direct,3,1,M+1,0.0026397113338771918
condition1,theta1_sample_029,Pyruvate,pyruvate,direct,3,2,M+2,0.0037421320347336552
condition1,theta1_sample_029,Pyruvate,pyruvate,direct,3,3,M+3,0.69662534153221845
condition1,theta1_sample_029,Alanine,alanine,reporter,3,0,M+0,0.29699281509917064
condition1,theta1_sample_029,Alanine,alanine,reporter,3,1,M+1,0.0026397113338771918
condition1,theta1_sample_029,Alanine,alanine,reporter,3,2,M+2,0.0037421320347336552
condition1,theta1_sample_029,Alanine,alanine,reporter,3,3,M+3,0.69662534153221845
condition1,theta1_sample_029,Lactate,lactate,reporter,3,0,M+0,0.29699281509917064
condition1,theta1_sample_029,Lactate,lactate,reporter,3,1,M+1,0.0026397113338771918
condition1,theta1_sample_029,Lactate,lactate,reporter,3,2,M+2,0.0037421320347336552
condition1,theta1_sample_029,Lactate,lactate,reporter,3,3,M+3,0.69662534153221845
condition1,theta1_sample_029,Citrate,citrate,reporter,6,0,M+0,0.02638553211183095
condition1,theta1_sample_029,Citrate,citrate,reporter,6,1,M+1,0.060424053845502222
condition1,theta1_sample_029,Citrate,citrate,reporter,6,2,M+2,0.068195044460443513
condition1,theta1_sample_029,Citrate,citrate,reporter,6,3,M+3,0.20164260144949583
condition1,theta1_sample_029,Citrate,citrate,reporter,6,4,M+4,0.15811176126540241
condition1,theta1_sample_029,Citrate,citrate,reporter,6,5,M+5,0.14563503338043693
condition1,theta1_sample_029,Citrate,citrate,reporter,6,6,M+6,0.33960597348688826
condition1,theta1_sample_029,aKG,akg,direct,5,0,M+0,0.0266962461092904
condition1,theta1_sample_029,aKG,akg,direct,5,1,M+1,0.062897684409301144
condition1,theta1_sample_029,aKG,akg,direct,5,2,M+2,0.12640394089381715
condition1,theta1_sample_029,aKG,akg,direct,5,3,M+3,0.29305865379642199
condition1,theta1_sample_029,aKG,akg,direct,5,4,M+4,0.14959890154204838
condition1,theta1_sample_029,aKG,akg,direct,5,5,M+5,0.34134457324912121
condition1,theta1_sample_029,Succinate,succinate,direct,4,0,M+0,0.087043088853790737
condition1,theta1_sample_029,Succinate,succinate,direct,4,1,M+1,0.0058745407555988085
condition1,theta1_sample_029,Succinate,succinate,direct,4,2,M+2,0.41019600489506258
condition1,theta1_sample_029,Succinate,succinate,direct,4,3,M+3,0.013812012527917182
condition1,theta1_sample_029,Succinate,succinate,direct,4,4,M+4,0.48307435296763218
condition1,theta1_sample_029,Fumarate,fumarate,direct,4,0,M+0,0.087043088853790751
condition1,theta1_sample_029,Fumarate,fumarate,direct,4,1,M+1,0.0058745407555988094
condition1,theta1_sample_029,Fumarate,fumarate,direct,4,2,M+2,0.41019600489506258
condition1,theta1_sample_029,Fumarate,fumarate,direct,4,3,M+3,0.013812012527917182
condition1,theta1_sample_029,Fumarate,fumarate,direct,4,4,M+4,0.48307435296763218
condition1,theta1_sample_029,Malate,malate,direct,4,0,M+0,0.067745855864342897
condition1,theta1_sample_029,Malate,malate,direct,4,1,M+1,0.04411436475573461
condition1,theta1_sample_029,Malate,malate,direct,4,2,M+2,0.34634475090191608
condition1,theta1_sample_029,Malate,malate,direct,4,3,M+3,0.10398398047159343
condition1,theta1_sample_029,Malate,malate,direct,4,4,M+4,0.43781104800641385
condition1,theta1_sample_029,Glutamine,glutamine,direct,5,0,M+0,0.026696246109290403
condition1,theta1_sample_029,Glutamine,glutamine,direct,5,1,M+1,0.062897684409301144
condition1,theta1_sample_029,Glutamine,glutamine,direct,5,2,M+2,0.12640394089381715
condition1,theta1_sample_029,Glutamine,glutamine,direct,5,3,M+3,0.29305865379642199
condition1,theta1_sample_029,Glutamine,glutamine,direct,5,4,M+4,0.14959890154204838
condition1,theta1_sample_029,Glutamine,glutamine,direct,5,5,M+5,0.34134457324912121
condition1,theta1_sample_029,Aspartate,aspartate,reporter,4,0,M+0,0.088759956699997158
condition1,theta1_sample_029,Aspartate,aspartate,reporter,4,1,M+1,0.20163306951286913
condition1,theta1_sample_029,Aspartate,aspartate,reporter,4,2,M+2,0.017505983496062194
condition1,theta1_sample_029,Aspartate,aspartate,reporter,4,3,M+3,0.20504899766927956
condition1,theta1_sample_029,Aspartate,aspartate,reporter,4,4,M+4,0.487051992621792
condition1,theta1_sample_029,Glycine,glycine,reporter,2,0,M+0,0.29999999999999999
condition1,theta1_sample_029,Glycine,glycine,reporter,2,1,M+1,-0
condition1,theta1_sample_029,Glycine,glycine,reporter,2,2,M+2,0.69999999999999996
condition1,theta1_sample_029,Serine,serine,reporter,3,0,M+0,0.29999999999999999
condition1,theta1_sample_029,Serine,serine,reporter,3,1,M+1,-0
condition1,theta1_sample_029,Serine,serine,reporter,3,2,M+2,-0
condition1,theta1_sample_029,Serine,serine,reporter,3,3,M+3,0.69999999999999996
condition1,theta1_sample_030,Pyruvate,pyruvate,direct,3,0,M+0,0.29761945671267143
condition1,theta1_sample_030,Pyruvate,pyruvate,direct,3,1,M+1,0.0021160854128351087
condition1,theta1_sample_030,Pyruvate,pyruvate,direct,3,2,M+2,0.0029094590363158263
condition1,theta1_sample_030,Pyruvate,pyruvate,direct,3,3,M+3,0.69735499883817786
condition1,theta1_sample_030,Alanine,alanine,reporter,3,0,M+0,0.29761945671267143
condition1,theta1_sample_030,Alanine,alanine,reporter,3,1,M+1,0.0021160854128351087
condition1,theta1_sample_030,Alanine,alanine,reporter,3,2,M+2,0.0029094590363158263
condition1,theta1_sample_030,Alanine,alanine,reporter,3,3,M+3,0.69735499883817786
condition1,theta1_sample_030,Lactate,lactate,reporter,3,0,M+0,0.29761945671267143
condition1,theta1_sample_030,Lactate,lactate,reporter,3,1,M+1,0.0021160854128351087
condition1,theta1_sample_030,Lactate,lactate,reporter,3,2,M+2,0.0029094590363158263
condition1,theta1_sample_030,Lactate,lactate,reporter,3,3,M+3,0.69735499883817786
condition1,theta1_sample_030,Citrate,citrate,reporter,6,0,M+0,0.026446552918527443
condition1,theta1_sample_030,Citrate,citrate,reporter,6,1,M+1,0.060312234733951239
condition1,theta1_sample_030,Citrate,citrate,reporter,6,2,M+2,0.068300053214964546
condition1,theta1_sample_030,Citrate,citrate,reporter,6,3,M+3,0.20140099044506615
condition1,theta1_sample_030,Citrate,citrate,reporter,6,4,M+4,0.15875430582160338
condition1,theta1_sample_030,Citrate,citrate,reporter,6,5,M+5,0.144847712980817
condition1,theta1_sample_030,Citrate,citrate,reporter,6,6,M+6,0.33993814988507087
condition1,theta1_sample_030,aKG,akg,direct,5,0,M+0,0.026734007755316574
condition1,theta1_sample_030,aKG,akg,direct,5,1,M+1,0.062910316042691233
condition1,theta1_sample_030,aKG,akg,direct,5,2,M+2,0.12635363645049694
condition1,theta1_sample_030,aKG,akg,direct,5,3,M+3,0.29317598147744922
condition1,theta1_sample_030,aKG,akg,direct,5,4,M+4,0.14927582474626352
condition1,theta1_sample_030,aKG,akg,direct,5,5,M+5,0.34155023352778285
condition1,theta1_sample_030,Succinate,succinate,direct,4,0,M+0,0.087026231904925824
condition1,theta1_sample_030,Succinate,succinate,direct,4,1,M+1,0.0059135505956960429
condition1,theta1_sample_030,Succinate,succinate,direct,4,2,M+2,0.4101327538090227
condition1,theta1_sample_030,Succinate,succinate,direct,4,3,M+3,0.013888912975163785
condition1,theta1_sample_030,Succinate,succinate,direct,4,4,M+4,0.48303855071519208
condition1,theta1_sample_030,Fumarate,fumarate,direct,4,0,M+0,0.087026231904925824
condition1,theta1_sample_030,Fumarate,fumarate,direct,4,1,M+1,0.0059135505956960429
condition1,theta1_sample_030,Fumarate,fumarate,direct,4,2,M+2,0.41013275380902264
condition1,theta1_sample_030,Fumarate,fumarate,direct,4,3,M+3,0.013888912975163783
condition1,theta1_sample_030,Fumarate,fumarate,direct,4,4,M+4,0.48303855071519203
condition1,theta1_sample_030,Malate,malate,direct,4,0,M+0,0.069813731790303257
condition1,theta1_sample_030,Malate,malate,direct,4,1,M+1,0.04008630857686344
condition1,theta1_sample_030,Malate,malate,direct,4,2,M+2,0.35309407642438451
condition1,theta1_sample_030,Malate,malate,direct,4,3,M+3,0.094297994259428364
condition1,theta1_sample_030,Malate,malate,direct,4,4,M+4,0.44270788894902097
condition1,theta1_sample_030,Glutamine,glutamine,direct,5,0,M+0,0.026734007755316574
condition1,theta1_sample_030,Glutamine,glutamine,direct,5,1,M+1,0.062910316042691233
condition1,theta1_sample_030,Glutamine,glutamine,direct,5,2,M+2,0.12635363645049694
condition1,theta1_sample_030,Glutamine,glutamine,direct,5,3,M+3,0.29317598147744922
condition1,theta1_sample_030,Glutamine,glutamine,direct,5,4,M+4,0.14927582474626352
condition1,theta1_sample_030,Glutamine,glutamine,direct,5,5,M+5,0.34155023352778285
condition1,theta1_sample_030,Aspartate,aspartate,reporter,4,0,M+0,0.088801115675425771
condition1,theta1_sample_030,Aspartate,aspartate,reporter,4,1,M+1,0.20121252370374973
condition1,theta1_sample_030,Aspartate,aspartate,reporter,4,2,M+2,0.018316172281666782
condition1,theta1_sample_030,Aspartate,aspartate,reporter,4,3,M+3,0.20452562162371465
condition1,theta1_sample_030,Aspartate,aspartate,reporter,4,4,M+4,0.48714456671544343
condition1,theta1_sample_030,Glycine,glycine,reporter,2,0,M+0,0.30000000000000004
condition1,theta1_sample_030,Glycine,glycine,reporter,2,1,M+1,-0
condition1,theta1_sample_030,Glycine,glycine,reporter,2,2,M+2,0.70000000000000007
condition1,theta1_sample_030,Serine,serine,reporter,3,0,M+0,0.30000000000000004
condition1,theta1_sample_030,Serine,serine,reporter,3,1,M+1,-0
condition1,theta1_sample_030,Serine,serine,reporter,3,2,M+2,-0
condition1,theta1_sample_030,Serine,serine,reporter,3,3,M+3,0.70000000000000007
condition1,theta1_sample_031,Pyruvate,pyruvate,direct,3,0,M+0,0.29829654754580515
condition1,theta1_sample_031,Pyruvate,pyruvate,direct,3,1,M+1,0.0015438923408641711
condition1,theta1_sample_031,Pyruvate,pyruvate,direct,3,2,M+2,0.0020225726808563581
condition1,theta1_sample_031,Pyruvate,pyruvate,direct,3,3,M+3,0.69813698743247443
condition1,theta1_sample_031,Alanine,alanine,reporter,3,0,M+0,0.29829654754580515
condition1,theta1_sample_031,Alanine,alanine,reporter,3,1,M+1,0.0015438923408641711
condition1,theta1_sample_031,Alanine,alanine,reporter,3,2,M+2,0.0020225726808563581
condition1,theta1_sample_031,Alanine,alanine,reporter,3,3,M+3,0.69813698743247443
condition1,theta1_sample_031,Lactate,lactate,reporter,3,0,M+0,0.29829654754580515
condition1,theta1_sample_031,Lactate,lactate,reporter,3,1,M+1,0.0015438923408641711
condition1,theta1_sample_031,Lactate,lactate,reporter,3,2,M+2,0.0020225726808563581
condition1,theta1_sample_031,Lactate,lactate,reporter,3,3,M+3,0.69813698743247443
condition1,theta1_sample_031,Citrate,citrate,reporter,6,0,M+0,0.02642821065429082
condition1,theta1_sample_031,Citrate,citrate,reporter,6,1,M+1,0.05953491856060486
condition1,theta1_sample_031,Citrate,citrate,reporter,6,2,M+2,0.069568203291868677
condition1,theta1_sample_031,Citrate,citrate,reporter,6,3,M+3,0.19920541327396635
condition1,theta1_sample_031,Citrate,citrate,reporter,6,4,M+4,0.16242331844140598
condition1,theta1_sample_031,Citrate,citrate,reporter,6,5,M+5,0.14302045339904593
condition1,theta1_sample_031,Citrate,citrate,reporter,6,6,M+6,0.33981948237881787
condition1,theta1_sample_031,aKG,akg,direct,5,0,M+0,0.026728700652302116
condition1,theta1_sample_031,aKG,akg,direct,5,1,M+1,0.062908200161260308
condition1,theta1_sample_031,aKG,akg,direct,5,2,M+2,0.12636036574075685
condition1,theta1_sample_031,aKG,akg,direct,5,3,M+3,0.29316066518583456
condition1,theta1_sample_031,aKG,akg,direct,5,4,M+4,0.14932126849950875
condition1,theta1_sample_031,aKG,akg,direct,5,5,M+5,0.34152079976033767
condition1,theta1_sample_031,Succinate,succinate,direct,4,0,M+0,0.086266766282142596
condition1,theta1_sample_031,Succinate,succinate,direct,4,1,M+1,0.0074318840621602012
condition1,theta1_sample_031,Succinate,succinate,direct,4,2,M+2,0.40760199877188147
condition1,theta1_sample_031,Succinate,succinate,direct,4,3,M+3,0.017433285141186097
condition1,theta1_sample_031,Succinate,succinate,direct,4,4,M+4,0.48126606574262965
condition1,theta1_sample_031,Fumarate,fumarate,direct,4,0,M+0,0.086266766282142596
condition1,theta1_sample_031,Fumarate,fumarate,direct,4,1,M+1,0.0074318840621602012
condition1,theta1_sample_031,Fumarate,fumarate,direct,4,2,M+2,0.40760199877188152
condition1,theta1_sample_031,Fumarate,fumarate,direct,4,3,M+3,0.017433285141186097
condition1,theta1_sample_031,Fumarate,fumarate,direct,4,4,M+4,0.48126606574262965
condition1,theta1_sample_031,Malate,malate,direct,4,0,M+0,0.072688457014219485
condition1,theta1_sample_031,Malate,malate,direct,4,1,M+1,0.034444374460515945
condition1,theta1_sample_031,Malate,malate,direct,4,2,M+2,0.36253313872879178
condition1,theta1_sample_031,Malate,malate,direct,4,3,M+3,0.080846771103990731
condition1,theta1_sample_031,Malate,malate,direct,4,4,M+4,0.44948725869248213
condition1,theta1_sample_031,Glutamine,glutamine,direct,5,0,M+0,0.02672870065230212
condition1,theta1_sample_031,Glutamine,glutamine,direct,5,1,M+1,0.062908200161260322
condition1,theta1_sample_031,Glutamine,glutamine,direct,5,2,M+2,0.12636036574075685
condition1,theta1_sample_031,Glutamine,glutamine,direct,5,3,M+3,0.29316066518583456
condition1,theta1_sample_031,Glutamine,glutamine,direct,5,4,M+4,0.14932126849950877
condition1,theta1_sample_031,Glutamine,glutamine,direct,5,5,M+5,0.34152079976033767
condition1,theta1_sample_031,Aspartate,aspartate,reporter,4,0,M+0,0.088561576391895269
condition1,theta1_sample_031,Aspartate,aspartate,reporter,4,1,M+1,0.19856291492628639
condition1,theta1_sample_031,Aspartate,aspartate,reporter,4,2,M+2,0.023746702673893508
condition1,theta1_sample_031,Aspartate,aspartate,reporter,4,3,M+3,0.20257154430577323
condition1,theta1_sample_031,Aspartate,aspartate,reporter,4,4,M+4,0.48655726170215208
condition1,theta1_sample_031,Glycine,glycine,reporter,2,0,M+0,0.29999999999999999
condition1,theta1_sample_031,Glycine,glycine,reporter,2,1,M+1,-0
condition1,theta1_sample_031,Glycine,glycine,reporter,2,2,M+2,0.70000000000000007
condition1,theta1_sample_031,Serine,serine,reporter,3,0,M+0,0.29999999999999999
condition1,theta1_sample_031,Serine,serine,reporter,3,1,M+1,-0
condition1,theta1_sample_031,Serine,serine,reporter,3,2,M+2,-0
condition1,theta1_sample_031,Serine,serine,reporter,3,3,M+3,0.70000000000000007
condition1,theta1_sample_032,Pyruvate,pyruvate,direct,3,0,M+0,0.29869872615509657
condition1,theta1_sample_032,Pyruvate,pyruvate,direct,3,1,M+1,0.0012205221170498257
condition1,theta1_sample_032,Pyruvate,pyruvate,direct,3,2,M+2,0.0014627773006103747
condition1,theta1_sample_032,Pyruvate,pyruvate,direct,3,3,M+3,0.69861797442724316
condition1,theta1_sample_032,Alanine,alanine,reporter,3,0,M+0,0.29869872615509657
condition1,theta1_sample_032,Alanine,alanine,reporter,3,1,M+1,0.0012205221170498257
condition1,theta1_sample_032,Alanine,alanine,reporter,3,2,M+2,0.0014627773006103747
condition1,theta1_sample_032,Alanine,alanine,reporter,3,3,M+3,0.69861797442724316
condition1,theta1_sample_032,Lactate,lactate,reporter,3,0,M+0,0.29869872615509657
condition1,theta1_sample_032,Lactate,lactate,reporter,3,1,M+1,0.0012205221170498257
condition1,theta1_sample_032,Lactate,lactate,reporter,3,2,M+2,0.0014627773006103747
condition1,theta1_sample_032,Lactate,lactate,reporter,3,3,M+3,0.69861797442724316
condition1,theta1_sample_032,Citrate,citrate,reporter,6,0,M+0,0.026732998487211796
condition1,theta1_sample_032,Citrate,citrate,reporter,6,1,M+1,0.061282441328134443
condition1,theta1_sample_032,Citrate,citrate,reporter,6,2,M+2,0.066484516682500799
condition1,theta1_sample_032,Citrate,citrate,reporter,6,3,M+3,0.20433430880240705
condition1,theta1_sample_032,Citrate,citrate,reporter,6,4,M+4,0.15460561762446579
condition1,theta1_sample_032,Citrate,citrate,reporter,6,5,M+5,0.14503757404990117
condition1,theta1_sample_032,Citrate,citrate,reporter,6,6,M+6,0.34152254302537915
condition1,theta1_sample_032,aKG,akg,direct,5,0,M+0,0.026822460174857635
condition1,theta1_sample_032,aKG,akg,direct,5,1,M+1,0.062940272909329562
condition1,theta1_sample_032,aKG,akg,direct,5,2,M+2,0.12623617261790007
condition1,theta1_sample_032,aKG,akg,direct,5,3,M+3,0.29344953850151761
condition1,theta1_sample_032,aKG,akg,direct,5,4,M+4,0.1485190126316574
condition1,theta1_sample_032,aKG,akg,direct,5,5,M+5,0.34203254316473747
condition1,theta1_sample_032,Succinate,succinate,direct,4,0,M+0,0.087942896518707916
condition1,theta1_sample_032,Succinate,succinate,direct,4,1,M+1,0.004100212682883307
condition1,theta1_sample_032,Succinate,succinate,direct,4,2,M+2,0.41316164743529404
condition1,theta1_sample_032,Succinate,succinate,direct,4,3,M+3,0.0096044810059296541
condition1,theta1_sample_032,Succinate,succinate,direct,4,4,M+4,0.48519076235718461
condition1,theta1_sample_032,Fumarate,fumarate,direct,4,0,M+0,0.087942896518707916
condition1,theta1_sample_032,Fumarate,fumarate,direct,4,1,M+1,0.004100212682883307
condition1,theta1_sample_032,Fumarate,fumarate,direct,4,2,M+2,0.41316164743529404
condition1,theta1_sample_032,Fumarate,fumarate,direct,4,3,M+3,0.0096044810059296541
condition1,theta1_sample_032,Fumarate,fumarate,direct,4,4,M+4,0.48519076235718467
condition1,theta1_sample_032,Malate,malate,direct,4,0,M+0,0.07886279138392438
condition1,theta1_sample_032,Malate,malate,direct,4,1,M+1,0.022185005865412388
condition1,theta1_sample_032,Malate,malate,direct,4,2,M+2,0.38299518643539959
condition1,theta1_sample_032,Malate,malate,direct,4,3,M+3,0.052003443997265517
condition1,theta1_sample_032,Malate,malate,direct,4,4,M+4,0.46395357231799766
condition1,theta1_sample_032,Glutamine,glutamine,direct,5,0,M+0,0.026822460174857628
condition1,theta1_sample_032,Glutamine,glutamine,direct,5,1,M+1,0.062940272909329548
condition1,theta1_sample_032,Glutamine,glutamine,direct,5,2,M+2,0.12623617261790002
condition1,theta1_sample_032,Glutamine,glutamine,direct,5,3,M+3,0.2934495385015175
condition1,theta1_sample_032,Glutamine,glutamine,direct,5,4,M+4,0.14851901263165737
condition1,theta1_sample_032,Glutamine,glutamine,direct,5,5,M+5,0.34203254316473741
condition1,theta1_sample_032,Aspartate,aspartate,reporter,4,0,M+0,0.089480057646399894
condition1,theta1_sample_032,Aspartate,aspartate,reporter,4,1,M+1,0.20437993317207115
condition1,theta1_sample_032,Aspartate,aspartate,reporter,4,2,M+2,0.011555599370613517
condition1,theta1_sample_032,Aspartate,aspartate,reporter,4,3,M+3,0.20582877115695997
condition1,theta1_sample_032,Aspartate,aspartate,reporter,4,4,M+4,0.48875563865395572
condition1,theta1_sample_032,Glycine,glycine,reporter,2,0,M+0,0.29999999999999999
condition1,theta1_sample_032,Glycine,glycine,reporter,2,1,M+1,-0
condition1,theta1_sample_032,Glycine,glycine,reporter,2,2,M+2,0.70000000000000018
condition1,theta1_sample_032,Serine,serine,reporter,3,0,M+0,0.29999999999999999
condition1,theta1_sample_032,Serine,serine,reporter,3,1,M+1,-0
condition1,theta1_sample_032,Serine,serine,reporter,3,2,M+2,-0
condition1,theta1_sample_032,Serine,serine,reporter,3,3,M+3,0.70000000000000018
condition1,theta1_sample_033,Pyruvate,pyruvate,direct,3,0,M+0,0.29877805287652348
condition1,theta1_sample_033,Pyruvate,pyruvate,direct,3,1,M+1,0.0011395739620781867
condition1,theta1_sample_033,Pyruvate,pyruvate,direct,3,2,M+2,0.0013866934462728661
condition1,theta1_sample_033,Pyruvate,pyruvate,direct,3,3,M+3,0.69869567971512503
condition1,theta1_sample_033,Alanine,alanine,reporter,3,0,M+0,0.29877805287652348
condition1,theta1_sample_033,Alanine,alanine,reporter,3,1,M+1,0.0011395739620781867
condition1,theta1_sample_033,Alanine,alanine,reporter,3,2,M+2,0.0013866934462728661
condition1,theta1_sample_033,Alanine,alanine,reporter,3,3,M+3,0.69869567971512503
condition1,theta1_sample_033,Lactate,lactate,reporter,3,0,M+0,0.29877805287652348
condition1,theta1_sample_033,Lactate,lactate,reporter,3,1,M+1,0.0011395739620781867
condition1,theta1_sample_033,Lactate,lactate,reporter,3,2,M+2,0.0013866934462728661
condition1,theta1_sample_033,Lactate,lactate,reporter,3,3,M+3,0.69869567971512503
condition1,theta1_sample_033,Citrate,citrate,reporter,6,0,M+0,0.026714453175428702
condition1,theta1_sample_033,Citrate,citrate,reporter,6,1,M+1,0.060842421289674577
condition1,theta1_sample_033,Citrate,citrate,reporter,6,2,M+2,0.0672983865205488
condition1,theta1_sample_033,Citrate,citrate,reporter,6,3,M+3,0.20296317758436117
condition1,theta1_sample_033,Citrate,citrate,reporter,6,4,M+4,0.15666120955295937
condition1,theta1_sample_033,Citrate,citrate,reporter,6,5,M+5,0.14409567655785582
condition1,theta1_sample_033,Citrate,citrate,reporter,6,6,M+6,0.34142467531917059
condition1,theta1_sample_033,aKG,akg,direct,5,0,M+0,0.026840145850609665
condition1,theta1_sample_033,aKG,akg,direct,5,1,M+1,0.062946284828038837
condition1,theta1_sample_033,aKG,akg,direct,5,2,M+2,0.12621270841035589
condition1,theta1_sample_033,aKG,akg,direct,5,3,M+3,0.29350415865972179
condition1,theta1_sample_033,aKG,akg,direct,5,4,M+4,0.14836768888428323
condition1,theta1_sample_033,aKG,akg,direct,5,5,M+5,0.34212901336698942
condition1,theta1_sample_033,Succinate,succinate,direct,4,0,M+0,0.087587053262386555
condition1,theta1_sample_033,Succinate,succinate,direct,4,1,M+1,0.0048098606368415309
condition1,theta1_sample_033,Succinate,succinate,direct,4,2,M+2,0.41197822132580203
condition1,theta1_sample_033,Succinate,succinate,direct,4,3,M+3,0.011265762388324082
condition1,theta1_sample_033,Succinate,succinate,direct,4,4,M+4,0.48435910238664476
condition1,theta1_sample_033,Fumarate,fumarate,direct,4,0,M+0,0.087587053262386555
condition1,theta1_sample_033,Fumarate,fumarate,direct,4,1,M+1,0.0048098606368415309
condition1,theta1_sample_033,Fumarate,fumarate,direct,4,2,M+2,0.41197822132580203
condition1,theta1_sample_033,Fumarate,fumarate,direct,4,3,M+3,0.011265762388324082
condition1,theta1_sample_033,Fumarate,fumarate,direct,4,4,M+4,0.48435910238664476
condition1,theta1_sample_033,Malate,malate,direct,4,0,M+0,0.077797424644761165
condition1,theta1_sample_033,Malate,malate,direct,4,1,M+1,0.02431310654233633
condition1,theta1_sample_033,Malate,malate,direct,4,2,M+2,0.37944747437339205
condition1,theta1_sample_033,Malate,malate,direct,4,3,M+3,0.056976033047161208
condition1,theta1_sample_033,Malate,malate,direct,4,4,M+4,0.4614659613923483
condition1,theta1_sample_033,Glutamine,glutamine,direct,5,0,M+0,0.026840145850609662
condition1,theta1_sample_033,Glutamine,glutamine,direct,5,1,M+1,0.062946284828038823
condition1,theta1_sample_033,Glutamine,glutamine,direct,5,2,M+2,0.12621270841035589
condition1,theta1_sample_033,Glutamine,glutamine,direct,5,3,M+3,0.29350415865972179
condition1,theta1_sample_033,Glutamine,glutamine,direct,5,4,M+4,0.14836768888428326
condition1,theta1_sample_033,Glutamine,glutamine,direct,5,5,M+5,0.34212901336698937
condition1,theta1_sample_033,Aspartate,aspartate,reporter,4,0,M+0,0.089393883438538144
condition1,theta1_sample_033,Aspartate,aspartate,reporter,4,1,M+1,0.20290132349467296
condition1,theta1_sample_033,Aspartate,aspartate,reporter,4,2,M+2,0.014574968094693217
condition1,theta1_sample_033,Aspartate,aspartate,reporter,4,3,M+3,0.20457055957244138
condition1,theta1_sample_033,Aspartate,aspartate,reporter,4,4,M+4,0.48855926539965366
condition1,theta1_sample_033,Glycine,glycine,reporter,2,0,M+0,0.29999999999999993
condition1,theta1_sample_033,Glycine,glycine,reporter,2,1,M+1,-0
condition1,theta1_sample_033,Glycine,glycine,reporter,2,2,M+2,0.69999999999999984
condition1,theta1_sample_033,Serine,serine,reporter,3,0,M+0,0.29999999999999993
condition1,theta1_sample_033,Serine,serine,reporter,3,1,M+1,-0
condition1,theta1_sample_033,Serine,serine,reporter,3,2,M+2,-0
condition1,theta1_sample_033,Serine,serine,reporter,3,3,M+3,0.69999999999999984
condition1,theta1_sample_034,Pyruvate,pyruvate,direct,3,0,M+0,0.2983699695879346
condition1,theta1_sample_034,Pyruvate,pyruvate,direct,3,1,M+1,0.0014837207276312437
condition1,theta1_sample_034,Pyruvate,pyruvate,direct,3,2,M+2,0.0019226497809335381
condition1,theta1_sample_034,Pyruvate,pyruvate,direct,3,3,M+3,0.69822365990350044
condition1,theta1_sample_034,Alanine,alanine,reporter,3,0,M+0,0.2983699695879346
condition1,theta1_sample_034,Alanine,alanine,reporter,3,1,M+1,0.0014837207276312437
condition1,theta1_sample_034,Alanine,alanine,reporter,3,2,M+2,0.0019226497809335381
condition1,theta1_sample_034,Alanine,alanine,reporter,3,3,M+3,0.69822365990350044
condition1,theta1_sample_034,Lactate,lactate,reporter,3,0,M+0,0.2983699695879346
condition1,theta1_sample_034,Lactate,lactate,reporter,3,1,M+1,0.0014837207276312437
condition1,theta1_sample_034,Lactate,lactate,reporter,3,2,M+2,0.0019226497809335381
condition1,theta1_sample_034,Lactate,lactate,reporter,3,3,M+3,0.69822365990350044
condition1,theta1_sample_034,Citrate,citrate,reporter,6,0,M+0,0.02660586805947399
condition1,theta1_sample_034,Citrate,citrate,reporter,6,1,M+1,0.060611167092711887
condition1,theta1_sample_034,Citrate,citrate,reporter,6,2,M+2,0.067716552256389659
condition1,theta1_sample_034,Citrate,citrate,reporter,6,3,M+3,0.20230286759776606
condition1,theta1_sample_034,Citrate,citrate,reporter,6,4,M+4,0.15759280089975375
condition1,theta1_sample_034,Citrate,citrate,reporter,6,5,M+5,0.14434854256123233
condition1,theta1_sample_034,Citrate,citrate,reporter,6,6,M+6,0.34082220153267206
condition1,theta1_sample_034,aKG,akg,direct,5,0,M+0,0.026801722386431984
condition1,theta1_sample_034,aKG,akg,direct,5,1,M+1,0.062933281466427946
condition1,theta1_sample_034,aKG,akg,direct,5,2,M+2,0.12626374415570799
condition1,theta1_sample_034,aKG,akg,direct,5,3,M+3,0.29338529252081041
condition1,theta1_sample_034,aKG,akg,direct,5,4,M+4,0.14869644469338381
condition1,theta1_sample_034,aKG,akg,direct,5,5,M+5,0.34191951477723781
condition1,theta1_sample_034,Succinate,succinate,direct,4,0,M+0,0.087333046291826644
condition1,theta1_sample_034,Succinate,succinate,direct,4,1,M+1,0.0053113854637574873
condition1,theta1_sample_034,Succinate,succinate,direct,4,2,M+2,0.4111401835762078
condition1,theta1_sample_034,Succinate,succinate,direct,4,3,M+3,0.012453291289005795
condition1,theta1_sample_034,Succinate,succinate,direct,4,4,M+4,0.48376209337920234
condition1,theta1_sample_034,Fumarate,fumarate,direct,4,0,M+0,0.087333046291826644
condition1,theta1_sample_034,Fumarate,fumarate,direct,4,1,M+1,0.0053113854637574873
condition1,theta1_sample_034,Fumarate,fumarate,direct,4,2,M+2,0.4111401835762078
condition1,theta1_sample_034,Fumarate,fumarate,direct,4,3,M+3,0.012453291289005795
condition1,theta1_sample_034,Fumarate,fumarate,direct,4,4,M+4,0.48376209337920234
condition1,theta1_sample_034,Malate,malate,direct,4,0,M+0,0.073790484676642717
condition1,theta1_sample_034,Malate,malate,direct,4,1,M+1,0.032258551364195955
condition1,theta1_sample_034,Malate,malate,direct,4,2,M+2,0.36618225463216725
condition1,theta1_sample_034,Malate,malate,direct,4,3,M+3,0.075697897936507205
condition1,theta1_sample_034,Malate,malate,direct,4,4,M+4,0.45207081139048694
condition1,theta1_sample_034,Glutamine,glutamine,direct,5,0,M+0,0.026801722386431984
condition1,theta1_sample_034,Glutamine,glutamine,direct,5,1,M+1,0.062933281466427932
condition1,theta1_sample_034,Glutamine,glutamine,direct,5,2,M+2,0.12626374415570799
condition1,theta1_sample_034,Glutamine,glutamine,direct,5,3,M+3,0.29338529252081036
condition1,theta1_sample_034,Glutamine,glutamine,direct,5,4,M+4,0.14869644469338378
condition1,theta1_sample_034,Glutamine,glutamine,direct,5,5,M+5,0.34191951477723781
condition1,theta1_sample_034,Aspartate,aspartate,reporter,4,0,M+0,0.089137947721256938
condition1,theta1_sample_034,Aspartate,aspartate,reporter,4,1,M+1,0.20215825131376836
condition1,theta1_sample_034,Aspartate,aspartate,reporter,4,2,M+2,0.016218266930511857
condition1,theta1_sample_034,Aspartate,aspartate,reporter,4,3,M+3,0.20453692131264387
condition1,theta1_sample_034,Aspartate,aspartate,reporter,4,4,M+4,0.48794861272181905
condition1,theta1_sample_034,Glycine,glycine,reporter,2,0,M+0,0.30000000000000004
condition1,theta1_sample_034,Glycine,glycine,reporter,2,1,M+1,-0
condition1,theta1_sample_034,Glycine,glycine,reporter,2,2,M+2,0.69999999999999996
condition1,theta1_sample_034,Serine,serine,reporter,3,0,M+0,0.30000000000000004
condition1,theta1_sample_034,Serine,serine,reporter,3,1,M+1,-0
condition1,theta1_sample_034,Serine,serine,reporter,3,2,M+2,-0
condition1,theta1_sample_034,Serine,serine,reporter,3,3,M+3,0.69999999999999996
condition1,theta1_sample_035,Pyruvate,pyruvate,direct,3,0,M+0,0.298961791524329
condition1,theta1_sample_035,Pyruvate,pyruvate,direct,3,1,M+1,0.00099575298944151389
condition1,theta1_sample_035,Pyruvate,pyruvate,direct,3,2,M+2,0.00112311944812984
condition1,theta1_sample_035,Pyruvate,pyruvate,direct,3,3,M+3,0.69891933603809953
condition1,theta1_sample_035,Alanine,alanine,reporter,3,0,M+0,0.298961791524329
condition1,theta1_sample_035,Alanine,alanine,reporter,3,1,M+1,0.00099575298944151389
condition1,theta1_sample_035,Alanine,alanine,reporter,3,2,M+2,0.00112311944812984
condition1,theta1_sample_035,Alanine,alanine,reporter,3,3,M+3,0.69891933603809953
condition1,theta1_sample_035,Lactate,lactate,reporter,3,0,M+0,0.298961791524329
condition1,theta1_sample_035,Lactate,lactate,reporter,3,1,M+1,0.00099575298944151389
condition1,theta1_sample_035,Lactate,lactate,reporter,3,2,M+2,0.00112311944812984
condition1,theta1_sample_035,Lactate,lactate,reporter,3,3,M+3,0.69891933603809953
condition1,theta1_sample_035,Citrate,citrate,reporter,6,0,M+0,0.026761874763296088
condition1,theta1_sample_035,Citrate,citrate,reporter,6,1,M+1,0.060751554884845446
condition1,theta1_sample_035,Citrate,citrate,reporter,6,2,M+2,0.067498856352978059
condition1,theta1_sample_035,Citrate,citrate,reporter,6,3,M+3,0.2026129661578791
condition1,theta1_sample_035,Citrate,citrate,reporter,6,4,M+4,0.15714927068748941
condition1,theta1_sample_035,Citrate,citrate,reporter,6,5,M+5,0.14353811173546696
condition1,theta1_sample_035,Citrate,citrate,reporter,6,6,M+6,0.34168736541804445
condition1,theta1_sample_035,aKG,akg,direct,5,0,M+0,0.026836375987145607
condition1,theta1_sample_035,aKG,akg,direct,5,1,M+1,0.062944966905416205
condition1,theta1_sample_035,aKG,akg,direct,5,2,M+2,0.12621767359350694
condition1,theta1_sample_035,aKG,akg,direct,5,3,M+3,0.29349264134511277
condition1,theta1_sample_035,aKG,akg,direct,5,4,M+4,0.14839994897186182
condition1,theta1_sample_035,aKG,akg,direct,5,5,M+5,0.34210839319695735
condition1,theta1_sample_035,Succinate,succinate,direct,4,0,M+0,0.087414627665416689
condition1,theta1_sample_035,Succinate,succinate,direct,4,1,M+1,0.0051553730992837847
condition1,theta1_sample_035,Succinate,succinate,direct,4,2,M+2,0.4114025876445665
condition1,theta1_sample_035,Succinate,succinate,direct,4,3,M+3,0.012070194751350323
condition1,theta1_sample_035,Succinate,succinate,direct,4,4,M+4,0.48395721683938397
condition1,theta1_sample_035,Fumarate,fumarate,direct,4,0,M+0,0.087414627665416689
condition1,theta1_sample_035,Fumarate,fumarate,direct,4,1,M+1,0.0051553730992837847
condition1,theta1_sample_035,Fumarate,fumarate,direct,4,2,M+2,0.4114025876445665
condition1,theta1_sample_035,Fumarate,fumarate,direct,4,3,M+3,0.012070194751350323
condition1,theta1_sample_035,Fumarate,fumarate,direct,4,4,M+4,0.48395721683938397
condition1,theta1_sample_035,Malate,malate,direct,4,0,M+0,0.082173854274740984
condition1,theta1_sample_035,Malate,malate,direct,4,1,M+1,0.015601640596517924
condition1,theta1_sample_035,Malate,malate,direct,4,2,M+2,0.39398038205447045
condition1,theta1_sample_035,Malate,malate,direct,4,3,M+3,0.036538897002542668
condition1,theta1_sample_035,Malate,malate,direct,4,4,M+4,0.4717052260717291
condition1,theta1_sample_035,Glutamine,glutamine,direct,5,0,M+0,0.026836375987145618
condition1,theta1_sample_035,Glutamine,glutamine,direct,5,1,M+1,0.062944966905416233
condition1,theta1_sample_035,Glutamine,glutamine,direct,5,2,M+2,0.126217673593507
condition1,theta1_sample_035,Glutamine,glutamine,direct,5,3,M+3,0.29349264134511294
condition1,theta1_sample_035,Glutamine,glutamine,direct,5,4,M+4,0.1483999489718619
condition1,theta1_sample_035,Glutamine,glutamine,direct,5,5,M+5,0.34210839319695757
condition1,theta1_sample_035,Aspartate,aspartate,reporter,4,0,M+0,0.089506503808576374
condition1,theta1_sample_035,Aspartate,aspartate,reporter,4,1,M+1,0.20258425402032684
condition1,theta1_sample_035,Aspartate,aspartate,reporter,4,2,M+2,0.015139559525451627
condition1,theta1_sample_035,Aspartate,aspartate,reporter,4,3,M+3,0.20394210365381024
condition1,theta1_sample_035,Aspartate,aspartate,reporter,4,4,M+4,0.48882757899183454
condition1,theta1_sample_035,Glycine,glycine,reporter,2,0,M+0,0.29999999999999993
condition1,theta1_sample_035,Glycine,glycine,reporter,2,1,M+1,-0
condition1,theta1_sample_035,Glycine,glycine,reporter,2,2,M+2,0.69999999999999973
condition1,theta1_sample_035,Serine,serine,reporter,3,0,M+0,0.29999999999999993
condition1,theta1_sample_035,Serine,serine,reporter,3,1,M+1,-0
condition1,theta1_sample_035,Serine,serine,reporter,3,2,M+2,-0
condition1,theta1_sample_035,Serine,serine,reporter,3,3,M+3,0.69999999999999973
condition1,theta1_sample_036,Pyruvate,pyruvate,direct,3,0,M+0,0.29852292014715098
condition1,theta1_sample_036,Pyruvate,pyruvate,direct,3,1,M+1,0.0013271381059568987
condition1,theta1_sample_036,Pyruvate,pyruvate,direct,3,2,M+2,0.0017769633466334393
condition1,theta1_sample_036,Pyruvate,pyruvate,direct,3,3,M+3,0.69837297840025891
condition1,theta1_sample_036,Alanine,alanine,reporter,3,0,M+0,0.29852292014715098
condition1,theta1_sample_036,Alanine,alanine,reporter,3,1,M+1,0.0013271381059568987
condition1,theta1_sample_036,Alanine,alanine,reporter,3,2,M+2,0.0017769633466334393
condition1,theta1_sample_036,Alanine,alanine,reporter,3,3,M+3,0.69837297840025891
condition1,theta1_sample_036,Lactate,lactate,reporter,3,0,M+0,0.29852292014715098
condition1,theta1_sample_036,Lactate,lactate,reporter,3,1,M+1,0.0013271381059568987
condition1,theta1_sample_036,Lactate,lactate,reporter,3,2,M+2,0.0017769633466334393
condition1,theta1_sample_036,Lactate,lactate,reporter,3,3,M+3,0.69837297840025891
condition1,theta1_sample_036,Citrate,citrate,reporter,6,0,M+0,0.026510225514751441
condition1,theta1_sample_036,Citrate,citrate,reporter,6,1,M+1,0.060093394184157989
condition1,theta1_sample_036,Citrate,citrate,reporter,6,2,M+2,0.068515900311137246
condition1,theta1_sample_036,Citrate,citrate,reporter,6,3,M+3,0.20093942988267138
condition1,theta1_sample_036,Citrate,citrate,reporter,6,4,M+4,0.15993237768081345
condition1,theta1_sample_036,Citrate,citrate,reporter,6,5,M+5,0.14372502973651344
condition1,theta1_sample_036,Citrate,citrate,reporter,6,6,M+6,0.34028364268995615
condition1,theta1_sample_036,aKG,akg,direct,5,0,M+0,0.026789933285307588
condition1,theta1_sample_036,aKG,akg,direct,5,1,M+1,0.062929180373203844
condition1,theta1_sample_036,aKG,akg,direct,5,2,M+2,0.12627929156435802
condition1,theta1_sample_036,aKG,akg,direct,5,3,M+3,0.29334920567046041
condition1,theta1_sample_036,aKG,akg,direct,5,4,M+4,0.14879732604665416
condition1,theta1_sample_036,aKG,akg,direct,5,5,M+5,0.34185506306001745
condition1,theta1_sample_036,Succinate,succinate,direct,4,0,M+0,0.086915205179846411
condition1,theta1_sample_036,Succinate,succinate,direct,4,1,M+1,0.0061451389241514521
condition1,theta1_sample_036,Succinate,succinate,direct,4,2,M+2,0.40974995155436283
condition1,theta1_sample_036,Succinate,succinate,direct,4,3,M+3,0.014403859399436031
condition1,theta1_sample_036,Succinate,succinate,direct,4,4,M+4,0.48278584494220456
condition1,theta1_sample_036,Fumarate,fumarate,direct,4,0,M+0,0.086915205179846411
condition1,theta1_sample_036,Fumarate,fumarate,direct,4,1,M+1,0.0061451389241514521
condition1,theta1_sample_036,Fumarate,fumarate,direct,4,2,M+2,0.40974995155436283
condition1,theta1_sample_036,Fumarate,fumarate,direct,4,3,M+3,0.014403859399436029
condition1,theta1_sample_036,Fumarate,fumarate,direct,4,4,M+4,0.48278584494220456
condition1,theta1_sample_036,Malate,malate,direct,4,0,M+0,0.071536866509493605
condition1,theta1_sample_036,Malate,malate,direct,4,1,M+1,0.036761272681268109
condition1,theta1_sample_036,Malate,malate,direct,4,2,M+2,0.35867621409797207
condition1,theta1_sample_036,Malate,malate,direct,4,3,M+3,0.086216287722278656
condition1,theta1_sample_036,Malate,malate,direct,4,4,M+4,0.44680935898898871
condition1,theta1_sample_036,Glutamine,glutamine,direct,5,0,M+0,0.026789933285307592
condition1,theta1_sample_036,Glutamine,glutamine,direct,5,1,M+1,0.062929180373203858
condition1,theta1_sample_036,Glutamine,glutamine,direct,5,2,M+2,0.12627929156435802
condition1,theta1_sample_036,Glutamine,glutamine,direct,5,3,M+3,0.29334920567046041
condition1,theta1_sample_036,Glutamine,glutamine,direct,5,4,M+4,0.14879732604665419
condition1,theta1_sample_036,Glutamine,glutamine,direct,5,5,M+5,0.34185506306001751
condition1,theta1_sample_036,Aspartate,aspartate,reporter,4,0,M+0,0.088771216020149507
condition1,theta1_sample_036,Aspartate,aspartate,reporter,4,1,M+1,0.2004153570537375
condition1,theta1_sample_036,Aspartate,aspartate,reporter,4,2,M+2,0.019924650019071323
condition1,theta1_sample_036,Aspartate,aspartate,reporter,4,3,M+3,0.2038197647200477
condition1,theta1_sample_036,Aspartate,aspartate,reporter,4,4,M+4,0.48706901218699472
condition1,theta1_sample_036,Glycine,glycine,reporter,2,0,M+0,0.30000000000000004
condition1,theta1_sample_036,Glycine,glycine,reporter,2,1,M+1,-0
condition1,theta1_sample_036,Glycine,glycine,reporter,2,2,M+2,0.70000000000000007
condition1,theta1_sample_036,Serine,serine,reporter,3,0,M+0,0.30000000000000004
condition1,theta1_sample_036,Serine,serine,reporter,3,1,M+1,-0
condition1,theta1_sample_036,Serine,serine,reporter,3,2,M+2,-0
condition1,theta1_sample_036,Serine,serine,reporter,3,3,M+3,0.70000000000000007
condition1,theta1_sample_037,Pyruvate,pyruvate,direct,3,0,M+0,0.29919201402377354
condition1,theta1_sample_037,Pyruvate,pyruvate,direct,3,1,M+1,0.00075142690135259133
condition1,theta1_sample_037,Pyruvate,pyruvate,direct,3,2,M+2,0.00092110412597458998
condition1,theta1_sample_037,Pyruvate,pyruvate,direct,3,3,M+3,0.69913545494889973
condition1,theta1_sample_037,Alanine,alanine,reporter,3,0,M+0,0.29919201402377354
condition1,theta1_sample_037,Alanine,alanine,reporter,3,1,M+1,0.00075142690135259133
condition1,theta1_sample_037,Alanine,alanine,reporter,3,2,M+2,0.00092110412597458998
condition1,theta1_sample_037,Alanine,alanine,reporter,3,3,M+3,0.69913545494889973
condition1,theta1_sample_037,Lactate,lactate,reporter,3,0,M+0,0.29919201402377354
condition1,theta1_sample_037,Lactate,lactate,reporter,3,1,M+1,0.00075142690135259133
condition1,theta1_sample_037,Lactate,lactate,reporter,3,2,M+2,0.00092110412597458998
condition1,theta1_sample_037,Lactate,lactate,reporter,3,3,M+3,0.69913545494889973
condition1,theta1_sample_037,Citrate,citrate,reporter,6,0,M+0,0.026707503965795142
condition1,theta1_sample_037,Citrate,citrate,reporter,6,1,M+1,0.060511106370715051
condition1,theta1_sample_037,Citrate,citrate,reporter,6,2,M+2,0.067785998655660568
condition1,theta1_sample_037,Citrate,citrate,reporter,6,3,M+3,0.20209664098979843
condition1,theta1_sample_037,Citrate,citrate,reporter,6,4,M+4,0.15824875300405522
condition1,theta1_sample_037,Citrate,citrate,reporter,6,5,M+5,0.14326802075150885
condition1,theta1_sample_037,Citrate,citrate,reporter,6,6,M+6,0.34138197626246819
condition1,theta1_sample_037,aKG,akg,direct,5,0,M+0,0.026860380445797156
condition1,theta1_sample_037,aKG,akg,direct,5,1,M+1,0.062953098293399415
condition1,theta1_sample_037,aKG,akg,direct,5,2,M+2,0.12618579755040429
condition1,theta1_sample_037,aKG,akg,direct,5,3,M+3,0.29356687444372381
condition1,theta1_sample_037,aKG,akg,direct,5,4,M+4,0.14819456305875822
condition1,theta1_sample_037,aKG,akg,direct,5,5,M+5,0.34223928620791838
condition1,theta1_sample_037,Succinate,succinate,direct,4,0,M+0,0.087303291302108926
condition1,theta1_sample_037,Succinate,succinate,direct,4,1,M+1,0.0053807939648550752
condition1,theta1_sample_037,Succinate,succinate,direct,4,2,M+2,0.41102780224826607
condition1,theta1_sample_037,Succinate,succinate,direct,4,3,M+3,0.01258884840046787
condition1,theta1_sample_037,Succinate,succinate,direct,4,4,M+4,0.48369926408430275
condition1,theta1_sample_037,Fumarate,fumarate,direct,4,0,M+0,0.08730329130210894
condition1,theta1_sample_037,Fumarate,fumarate,direct,4,1,M+1,0.0053807939648550752
condition1,theta1_sample_037,Fumarate,fumarate,direct,4,2,M+2,0.41102780224826613
condition1,theta1_sample_037,Fumarate,fumarate,direct,4,3,M+3,0.012588848400467872
condition1,theta1_sample_037,Fumarate,fumarate,direct,4,4,M+4,0.48369926408430275
condition1,theta1_sample_037,Malate,malate,direct,4,0,M+0,0.077240264555400659
condition1,theta1_sample_037,Malate,malate,direct,4,1,M+1,0.025455356606823933
condition1,theta1_sample_037,Malate,malate,direct,4,2,M+2,0.37755303422783548
condition1,theta1_sample_037,Malate,malate,direct,4,3,M+3,0.059566803502255711
condition1,theta1_sample_037,Malate,malate,direct,4,4,M+4,0.46018454110768503
condition1,theta1_sample_037,Glutamine,glutamine,direct,5,0,M+0,0.026860380445797159
condition1,theta1_sample_037,Glutamine,glutamine,direct,5,1,M+1,0.062953098293399415
condition1,theta1_sample_037,Glutamine,glutamine,direct,5,2,M+2,0.12618579755040429
condition1,theta1_sample_037,Glutamine,glutamine,direct,5,3,M+3,0.29356687444372387
condition1,theta1_sample_037,Glutamine,glutamine,direct,5,4,M+4,0.14819456305875822
condition1,theta1_sample_037,Glutamine,glutamine,direct,5,5,M+5,0.34223928620791844
condition1,theta1_sample_037,Aspartate,aspartate,reporter,4,0,M+0,0.089252776388698732
condition1,theta1_sample_037,Aspartate,aspartate,reporter,4,1,M+1,0.20176303842184687
condition1,theta1_sample_037,Aspartate,aspartate,reporter,4,2,M+2,0.016938084173827278
condition1,theta1_sample_037,Aspartate,aspartate,reporter,4,3,M+3,0.20382361083201136
condition1,theta1_sample_037,Aspartate,aspartate,reporter,4,4,M+4,0.48822249018361674
condition1,theta1_sample_037,Glycine,glycine,reporter,2,0,M+0,0.3000000000000001
condition1,theta1_sample_037,Glycine,glycine,reporter,2,1,M+1,-0
condition1,theta1_sample_037,Glycine,glycine,reporter,2,2,M+2,0.70000000000000018
condition1,theta1_sample_037,Serine,serine,reporter,3,0,M+0,0.3000000000000001
condition1,theta1_sample_037,Serine,serine,reporter,3,1,M+1,-0
condition1,theta1_sample_037,Serine,serine,reporter,3,2,M+2,-0
condition1,theta1_sample_037,Serine,serine,reporter,3,3,M+3,0.70000000000000018
condition1,theta1_sample_038,Pyruvate,pyruvate,direct,3,0,M+0,0.29751790873723538
condition1,theta1_sample_038,Pyruvate,pyruvate,direct,3,1,M+1,0.0022054181683582555
condition1,theta1_sample_038,Pyruvate,pyruvate,direct,3,2,M+2,0.0030354374515773165
condition1,theta1_sample_038,Pyruvate,pyruvate,direct,3,3,M+3,0.69724123564282903
condition1,theta1_sample_038,Alanine,alanine,reporter,3,0,M+0,0.29751790873723538
condition1,theta1_sample_038,Alanine,alanine,reporter,3,1,M+1,0.0022054181683582555
condition1,theta1_sample_038,Alanine,alanine,reporter,3,2,M+2,0.0030354374515773165
condition1,theta1_sample_038,Alanine,alanine,reporter,3,3,M+3,0.69724123564282903
condition1,theta1_sample_038,Lactate,lactate,reporter,3,0,M+0,0.29751790873723538
condition1,theta1_sample_038,Lactate,lactate,reporter,3,1,M+1,0.0022054181683582555
condition1,theta1_sample_038,Lactate,lactate,reporter,3,2,M+2,0.0030354374515773165
condition1,theta1_sample_038,Lactate,lactate,reporter,3,3,M+3,0.69724123564282903
condition1,theta1_sample_038,Citrate,citrate,reporter,6,0,M+0,0.026494801310734801
condition1,theta1_sample_038,Citrate,citrate,reporter,6,1,M+1,0.06075697776133232
condition1,theta1_sample_038,Citrate,citrate,reporter,6,2,M+2,0.06753798187093929
condition1,theta1_sample_038,Citrate,citrate,reporter,6,3,M+3,0.20269099671829799
condition1,theta1_sample_038,Citrate,citrate,reporter,6,4,M+4,0.15670700812813171
condition1,theta1_sample_038,Citrate,citrate,reporter,6,5,M+5,0.145607369434015
condition1,theta1_sample_038,Citrate,citrate,reporter,6,6,M+6,0.34020486477654888
condition1,theta1_sample_038,aKG,akg,direct,5,0,M+0,0.026733429423059289
condition1,theta1_sample_038,aKG,akg,direct,5,1,M+1,0.062910197968720966
condition1,theta1_sample_038,aKG,akg,direct,5,2,M+2,0.12635448226362203
condition1,theta1_sample_038,aKG,akg,direct,5,3,M+3,0.2931739249096576
condition1,theta1_sample_038,aKG,akg,direct,5,4,M+4,0.14928076439963656
condition1,theta1_sample_038,aKG,akg,direct,5,5,M+5,0.34154720103530239
condition1,theta1_sample_038,Succinate,succinate,direct,4,0,M+0,0.087318994120229573
condition1,theta1_sample_038,Succinate,succinate,direct,4,1,M+1,0.0053314731734922204
condition1,theta1_sample_038,Succinate,succinate,direct,4,2,M+2,0.41110403184882965
condition1,theta1_sample_038,Succinate,succinate,direct,4,3,M+3,0.012521540300944017
condition1,theta1_sample_038,Succinate,succinate,direct,4,4,M+4,0.48372396055650319
condition1,theta1_sample_038,Fumarate,fumarate,direct,4,0,M+0,0.087318994120229573
condition1,theta1_sample_038,Fumarate,fumarate,direct,4,1,M+1,0.0053314731734922204
condition1,theta1_sample_038,Fumarate,fumarate,direct,4,2,M+2,0.4111040318488296
condition1,theta1_sample_038,Fumarate,fumarate,direct,4,3,M+3,0.012521540300944017
condition1,theta1_sample_038,Fumarate,fumarate,direct,4,4,M+4,0.48372396055650319
condition1,theta1_sample_038,Malate,malate,direct,4,0,M+0,0.069843523083654421
condition1,theta1_sample_038,Malate,malate,direct,4,1,M+1,0.040015394242210248
condition1,theta1_sample_038,Malate,malate,direct,4,2,M+2,0.35320848973282226
condition1,theta1_sample_038,Malate,malate,direct,4,3,M+3,0.094162745473105769
condition1,theta1_sample_038,Malate,malate,direct,4,4,M+4,0.44276984746820636
condition1,theta1_sample_038,Glutamine,glutamine,direct,5,0,M+0,0.026733429423059282
condition1,theta1_sample_038,Glutamine,glutamine,direct,5,1,M+1,0.062910197968720952
condition1,theta1_sample_038,Glutamine,glutamine,direct,5,2,M+2,0.126354482263622
condition1,theta1_sample_038,Glutamine,glutamine,direct,5,3,M+3,0.29317392490965749
condition1,theta1_sample_038,Glutamine,glutamine,direct,5,4,M+4,0.1492807643996365
condition1,theta1_sample_038,Glutamine,glutamine,direct,5,5,M+5,0.34154720103530228
condition1,theta1_sample_038,Aspartate,aspartate,reporter,4,0,M+0,0.088990728047371639
condition1,theta1_sample_038,Aspartate,aspartate,reporter,4,1,M+1,0.20271075563595981
condition1,theta1_sample_038,Aspartate,aspartate,reporter,4,2,M+2,0.015197638032857341
condition1,theta1_sample_038,Aspartate,aspartate,reporter,4,3,M+3,0.20550954483691936
condition1,theta1_sample_038,Aspartate,aspartate,reporter,4,4,M+4,0.48759133344689187
condition1,theta1_sample_038,Glycine,glycine,reporter,2,0,M+0,0.29999999999999999
condition1,theta1_sample_038,Glycine,glycine,reporter,2,1,M+1,-0
condition1,theta1_sample_038,Glycine,glycine,reporter,2,2,M+2,0.69999999999999996
condition1,theta1_sample_038,Serine,serine,reporter,3,0,M+0,0.29999999999999999
condition1,theta1_sample_038,Serine,serine,reporter,3,1,M+1,-0
condition1,theta1_sample_038,Serine,serine,reporter,3,2,M+2,-0
condition1,theta1_sample_038,Serine,serine,reporter,3,3,M+3,0.69999999999999996
condition1,theta1_sample_039,Pyruvate,pyruvate,direct,3,0,M+0,0.29787472301732404
condition1,theta1_sample_039,Pyruvate,pyruvate,direct,3,1,M+1,0.0018598637685678589
condition1,theta1_sample_039,Pyruvate,pyruvate,direct,3,2,M+2,0.002656103410892128
condition1,theta1_sample_039,Pyruvate,pyruvate,direct,3,3,M+3,0.69760930980321589
condition1,theta1_sample_039,Alanine,alanine,reporter,3,0,M+0,0.29787472301732404
condition1,theta1_sample_039,Alanine,alanine,reporter,3,1,M+1,0.0018598637685678589
condition1,theta1_sample_039,Alanine,alanine,reporter,3,2,M+2,0.002656103410892128
condition1,theta1_sample_039,Alanine,alanine,reporter,3,3,M+3,0.69760930980321589
condition1,theta1_sample_039,Lactate,lactate,reporter,3,0,M+0,0.29787472301732404
condition1,theta1_sample_039,Lactate,lactate,reporter,3,1,M+1,0.0018598637685678589
condition1,theta1_sample_039,Lactate,lactate,reporter,3,2,M+2,0.002656103410892128
condition1,theta1_sample_039,Lactate,lactate,reporter,3,3,M+3,0.69760930980321589
condition1,theta1_sample_039,Citrate,citrate,reporter,6,0,M+0,0.026129090631072032
condition1,theta1_sample_039,Citrate,citrate,reporter,6,1,M+1,0.058518227735586584
condition1,theta1_sample_039,Citrate,citrate,reporter,6,2,M+2,0.071208223533243895
condition1,theta1_sample_039,Citrate,citrate,reporter,6,3,M+3,0.19647966451955934
condition1,theta1_sample_039,Citrate,citrate,reporter,6,4,M+4,0.16686772102682779
condition1,theta1_sample_039,Citrate,citrate,reporter,6,5,M+5,0.14262698779032515
condition1,theta1_sample_039,Citrate,citrate,reporter,6,6,M+6,0.33817008476338484
condition1,theta1_sample_039,aKG,akg,direct,5,0,M+0,0.026700815280614302
condition1,theta1_sample_039,aKG,akg,direct,5,1,M+1,0.062898645541266535
condition1,theta1_sample_039,aKG,akg,direct,5,2,M+2,0.12639728674024275
condition1,theta1_sample_039,aKG,akg,direct,5,3,M+3,0.29307480451603185
condition1,theta1_sample_039,aKG,akg,direct,5,4,M+4,0.14955987217907091
condition1,theta1_sample_039,aKG,akg,direct,5,5,M+5,0.34136857574277402
condition1,theta1_sample_039,Succinate,succinate,direct,4,0,M+0,0.085572218455755855
condition1,theta1_sample_039,Succinate,succinate,direct,4,1,M+1,0.008805805107987362
condition1,theta1_sample_039,Succinate,succinate,direct,4,2,M+2,0.40530707215985406
condition1,theta1_sample_039,Succinate,succinate,direct,4,3,M+3,0.020679566533306291
condition1,theta1_sample_039,Succinate,succinate,direct,4,4,M+4,0.4796353377430963
condition1,theta1_sample_039,Fumarate,fumarate,direct,4,0,M+0,0.085572218455755855
condition1,theta1_sample_039,Fumarate,fumarate,direct,4,1,M+1,0.008805805107987362
condition1,theta1_sample_039,Fumarate,fumarate,direct,4,2,M+2,0.40530707215985406
condition1,theta1_sample_039,Fumarate,fumarate,direct,4,3,M+3,0.020679566533306291
condition1,theta1_sample_039,Fumarate,fumarate,direct,4,4,M+4,0.4796353377430963
condition1,theta1_sample_039,Malate,malate,direct,4,0,M+0,0.066797519562529467
condition1,theta1_sample_039,Malate,malate,direct,4,1,M+1,0.046112550587508974
condition1,theta1_sample_039,Malate,malate,direct,4,2,M+2,0.34304827892500755
condition1,theta1_sample_039,Malate,malate,direct,4,3,M+3,0.10837571213733974
condition1,theta1_sample_039,Malate,malate,direct,4,4,M+4,0.43566593878761389
condition1,theta1_sample_039,Glutamine,glutamine,direct,5,0,M+0,0.026700815280614309
condition1,theta1_sample_039,Glutamine,glutamine,direct,5,1,M+1,0.062898645541266548
condition1,theta1_sample_039,Glutamine,glutamine,direct,5,2,M+2,0.12639728674024278
condition1,theta1_sample_039,Glutamine,glutamine,direct,5,3,M+3,0.29307480451603196
condition1,theta1_sample_039,Glutamine,glutamine,direct,5,4,M+4,0.14955987217907094
condition1,theta1_sample_039,Glutamine,glutamine,direct,5,5,M+5,0.34136857574277407
condition1,theta1_sample_039,Aspartate,aspartate,reporter,4,0,M+0,0.087659808166999559
condition1,theta1_sample_039,Aspartate,aspartate,reporter,4,1,M+1,0.19518833064095067
condition1,theta1_sample_039,Aspartate,aspartate,reporter,4,2,M+2,0.031077068754161268
condition1,theta1_sample_039,Aspartate,aspartate,reporter,4,3,M+3,0.20164163790082681
condition1,theta1_sample_039,Aspartate,aspartate,reporter,4,4,M+4,0.48443315453706132
condition1,theta1_sample_039,Glycine,glycine,reporter,2,0,M+0,0.29999999999999999
condition1,theta1_sample_039,Glycine,glycine,reporter,2,1,M+1,-0
condition1,theta1_sample_039,Glycine,glycine,reporter,2,2,M+2,0.69999999999999984
condition1,theta1_sample_039,Serine,serine,reporter,3,0,M+0,0.29999999999999999
condition1,theta1_sample_039,Serine,serine,reporter,3,1,M+1,-0
condition1,theta1_sample_039,Serine,serine,reporter,3,2,M+2,-0
condition1,theta1_sample_039,Serine,serine,reporter,3,3,M+3,0.69999999999999984
condition1,theta1_sample_040,Pyruvate,pyruvate,direct,3,0,M+0,0.29846450707212241
condition1,theta1_sample_040,Pyruvate,pyruvate,direct,3,1,M+1,0.0013842846328133221
condition1,theta1_sample_040,Pyruvate,pyruvate,direct,3,2,M+2,0.0018379095180058786
condition1,theta1_sample_040,Pyruvate,pyruvate,direct,3,3,M+3,0.69831329877705828
condition1,theta1_sample_040,Alanine,alanine,reporter,3,0,M+0,0.29846450707212241
condition1,theta1_sample_040,Alanine,alanine,reporter,3,1,M+1,0.0013842846328133221
condition1,theta1_sample_040,Alanine,alanine,reporter,3,2,M+2,0.0018379095180058786
condition1,theta1_sample_040,Alanine,alanine,reporter,3,3,M+3,0.69831329877705828
condition1,theta1_sample_040,Lactate,lactate,reporter,3,0,M+0,0.29846450707212241
condition1,theta1_sample_040,Lactate,lactate,reporter,3,1,M+1,0.0013842846328133221
condition1,theta1_sample_040,Lactate,lactate,reporter,3,2,M+2,0.0018379095180058786
condition1,theta1_sample_040,Lactate,lactate,reporter,3,3,M+3,0.69831329877705828
condition1,theta1_sample_040,Citrate,citrate,reporter,6,0,M+0,0.026511428739088228
condition1,theta1_sample_040,Citrate,citrate,reporter,6,1,M+1,0.060051341755658315
condition1,theta1_sample_040,Citrate,citrate,reporter,6,2,M+2,0.068625032431704092
condition1,theta1_sample_040,Citrate,citrate,reporter,6,3,M+3,0.20076498905511903
condition1,theta1_sample_040,Citrate,citrate,reporter,6,4,M+4,0.16012386597215303
condition1,theta1_sample_040,Citrate,citrate,reporter,6,5,M+5,0.14363188995069892
condition1,theta1_sample_040,Citrate,citrate,reporter,6,6,M+6,0.34029145209557804
condition1,theta1_sample_040,aKG,akg,direct,5,0,M+0,0.026784348966763332
condition1,theta1_sample_040,aKG,akg,direct,5,1,M+1,0.062927281265755058
condition1,theta1_sample_040,aKG,akg,direct,5,2,M+2,0.12628669965448275
condition1,theta1_sample_040,aKG,akg,direct,5,3,M+3,0.29333196198009481
condition1,theta1_sample_040,aKG,akg,direct,5,4,M+4,0.14884510717952454
condition1,theta1_sample_040,aKG,akg,direct,5,5,M+5,0.34182460095337919
condition1,theta1_sample_040,Succinate,succinate,direct,4,0,M+0,0.086870667929597439
condition1,theta1_sample_040,Succinate,succinate,direct,4,1,M+1,0.0062329188851356753
condition1,theta1_sample_040,Succinate,succinate,direct,4,2,M+2,0.4096032201062173
condition1,theta1_sample_040,Succinate,succinate,direct,4,3,M+3,0.014612131413768227
condition1,theta1_sample_040,Succinate,succinate,direct,4,4,M+4,0.48268106166528091
condition1,theta1_sample_040,Fumarate,fumarate,direct,4,0,M+0,0.086870667929597439
condition1,theta1_sample_040,Fumarate,fumarate,direct,4,1,M+1,0.0062329188851356753
condition1,theta1_sample_040,Fumarate,fumarate,direct,4,2,M+2,0.4096032201062173
condition1,theta1_sample_040,Fumarate,fumarate,direct,4,3,M+3,0.014612131413768228
condition1,theta1_sample_040,Fumarate,fumarate,direct,4,4,M+4,0.48268106166528091
condition1,theta1_sample_040,Malate,malate,direct,4,0,M+0,0.07206444466282623
condition1,theta1_sample_040,Malate,malate,direct,4,1,M+1,0.035704325292500838
condition1,theta1_sample_040,Malate,malate,direct,4,2,M+2,0.3604371960518829
condition1,theta1_sample_040,Malate,malate,direct,4,3,M+3,0.083754853367426288
condition1,theta1_sample_040,Malate,malate,direct,4,4,M+4,0.44803918062536324
condition1,theta1_sample_040,Glutamine,glutamine,direct,5,0,M+0,0.026784348966763332
condition1,theta1_sample_040,Glutamine,glutamine,direct,5,1,M+1,0.062927281265755058
condition1,theta1_sample_040,Glutamine,glutamine,direct,5,2,M+2,0.12628669965448275
condition1,theta1_sample_040,Glutamine,glutamine,direct,5,3,M+3,0.29333196198009481
condition1,theta1_sample_040,Glutamine,glutamine,direct,5,4,M+4,0.14884510717952454
condition1,theta1_sample_040,Glutamine,glutamine,direct,5,5,M+5,0.34182460095337919
condition1,theta1_sample_040,Aspartate,aspartate,reporter,4,0,M+0,0.08879233043950821
condition1,theta1_sample_040,Aspartate,aspartate,reporter,4,1,M+1,0.20027871556381321
condition1,theta1_sample_040,Aspartate,aspartate,reporter,4,2,M+2,0.020185833748732351
condition1,theta1_sample_040,Aspartate,aspartate,reporter,4,3,M+3,0.20362286405306268
condition1,theta1_sample_040,Aspartate,aspartate,reporter,4,4,M+4,0.48712025619488347
condition1,theta1_sample_040,Glycine,glycine,reporter,2,0,M+0,0.30000000000000004
condition1,theta1_sample_040,Glycine,glycine,reporter,2,1,M+1,-0
condition1,theta1_sample_040,Glycine,glycine,reporter,2,2,M+2,0.70000000000000007
condition1,theta1_sample_040,Serine,serine,reporter,3,0,M+0,0.30000000000000004
condition1,theta1_sample_040,Serine,serine,reporter,3,1,M+1,-0
condition1,theta1_sample_040,Serine,serine,reporter,3,2,M+2,-0
condition1,theta1_sample_040,Serine,serine,reporter,3,3,M+3,0.70000000000000007
condition1,theta1_sample_041,Pyruvate,pyruvate,direct,3,0,M+0,0.29683372008820214
condition1,theta1_sample_041,Pyruvate,pyruvate,direct,3,1,M+1,0.0027662140040653174
condition1,theta1_sample_041,Pyruvate,pyruvate,direct,3,2,M+2,0.00396641172726291
condition1,theta1_sample_041,Pyruvate,pyruvate,direct,3,3,M+3,0.69643365418046954
condition1,theta1_sample_041,Alanine,alanine,reporter,3,0,M+0,0.29683372008820214
condition1,theta1_sample_041,Alanine,alanine,reporter,3,1,M+1,0.0027662140040653174
condition1,theta1_sample_041,Alanine,alanine,reporter,3,2,M+2,0.00396641172726291
condition1,theta1_sample_041,Alanine,alanine,reporter,3,3,M+3,0.69643365418046954
condition1,theta1_sample_041,Lactate,lactate,reporter,3,0,M+0,0.29683372008820214
condition1,theta1_sample_041,Lactate,lactate,reporter,3,1,M+1,0.0027662140040653174
condition1,theta1_sample_041,Lactate,lactate,reporter,3,2,M+2,0.00396641172726291
condition1,theta1_sample_041,Lactate,lactate,reporter,3,3,M+3,0.69643365418046954
condition1,theta1_sample_041,Citrate,citrate,reporter,6,0,M+0,0.026024234724444404
condition1,theta1_sample_041,Citrate,citrate,reporter,6,1,M+1,0.058892599090377175
condition1,theta1_sample_041,Citrate,citrate,reporter,6,2,M+2,0.070618461596538923
condition1,theta1_sample_041,Citrate,citrate,reporter,6,3,M+3,0.19758221949242843
condition1,theta1_sample_041,Citrate,citrate,reporter,6,4,M+4,0.16481464510497551
condition1,theta1_sample_041,Citrate,citrate,reporter,6,5,M+5,0.14454180112805598
condition1,theta1_sample_041,Citrate,citrate,reporter,6,6,M+6,0.33752603886317972
condition1,theta1_sample_041,aKG,akg,direct,5,0,M+0,0.026539957698866069
condition1,theta1_sample_041,aKG,akg,direct,5,1,M+1,0.062842753902587978
condition1,theta1_sample_041,aKG,akg,direct,5,2,M+2,0.12660949107114455
condition1,theta1_sample_041,aKG,akg,direct,5,3,M+3,0.29258218601588581
condition1,theta1_sample_041,aKG,akg,direct,5,4,M+4,0.15093635065011268
condition1,theta1_sample_041,aKG,akg,direct,5,5,M+5,0.34048926066140295
condition1,theta1_sample_041,Succinate,succinate,direct,4,0,M+0,0.085650880661703566
condition1,theta1_sample_041,Succinate,succinate,direct,4,1,M+1,0.0086309222266448531
condition1,theta1_sample_041,Succinate,succinate,direct,4,2,M+2,0.40559269080560945
condition1,theta1_sample_041,Succinate,succinate,direct,4,3,M+3,0.020318329062033031
condition1,theta1_sample_041,Succinate,succinate,direct,4,4,M+4,0.47980717724400973
condition1,theta1_sample_041,Fumarate,fumarate,direct,4,0,M+0,0.085650880661703579
condition1,theta1_sample_041,Fumarate,fumarate,direct,4,1,M+1,0.0086309222266448549
condition1,theta1_sample_041,Fumarate,fumarate,direct,4,2,M+2,0.40559269080560945
condition1,theta1_sample_041,Fumarate,fumarate,direct,4,3,M+3,0.020318329062033031
condition1,theta1_sample_041,Fumarate,fumarate,direct,4,4,M+4,0.47980717724400973
condition1,theta1_sample_041,Malate,malate,direct,4,0,M+0,0.066513072812035973
condition1,theta1_sample_041,Malate,malate,direct,4,1,M+1,0.046537321271225472
condition1,theta1_sample_041,Malate,malate,direct,4,2,M+2,0.34229228684639013
condition1,theta1_sample_041,Malate,malate,direct,4,3,M+3,0.10975117124539997
condition1,theta1_sample_041,Malate,malate,direct,4,4,M+4,0.43490614782494891
condition1,theta1_sample_041,Glutamine,glutamine,direct,5,0,M+0,0.026539957698866069
condition1,theta1_sample_041,Glutamine,glutamine,direct,5,1,M+1,0.062842753902587978
condition1,theta1_sample_041,Glutamine,glutamine,direct,5,2,M+2,0.12660949107114455
condition1,theta1_sample_041,Glutamine,glutamine,direct,5,3,M+3,0.29258218601588581
condition1,theta1_sample_041,Glutamine,glutamine,direct,5,4,M+4,0.15093635065011268
condition1,theta1_sample_041,Glutamine,glutamine,direct,5,5,M+5,0.34048926066140289
condition1,theta1_sample_041,Aspartate,aspartate,reporter,4,0,M+0,0.087584237788159464
condition1,theta1_sample_041,Aspartate,aspartate,reporter,4,1,M+1,0.19651258744804581
condition1,theta1_sample_041,Aspartate,aspartate,reporter,4,2,M+2,0.028384626339835958
condition1,theta1_sample_041,Aspartate,aspartate,reporter,4,3,M+3,0.20335603382355272
condition1,theta1_sample_041,Aspartate,aspartate,reporter,4,4,M+4,0.48416251460040599
condition1,theta1_sample_041,Glycine,glycine,reporter,2,0,M+0,0.29999999999999999
condition1,theta1_sample_041,Glycine,glycine,reporter,2,1,M+1,-0
condition1,theta1_sample_041,Glycine,glycine,reporter,2,2,M+2,0.69999999999999996
condition1,theta1_sample_041,Serine,serine,reporter,3,0,M+0,0.29999999999999999
condition1,theta1_sample_041,Serine,serine,reporter,3,1,M+1,-0
condition1,theta1_sample_041,Serine,serine,reporter,3,2,M+2,-0
condition1,theta1_sample_041,Serine,serine,reporter,3,3,M+3,0.69999999999999996
condition1,theta1_sample_042,Pyruvate,pyruvate,direct,3,0,M+0,0.2974055327922544
condition1,theta1_sample_042,Pyruvate,pyruvate,direct,3,1,M+1,0.0022839510164280158
condition1,theta1_sample_042,Pyruvate,pyruvate,direct,3,2,M+2,0.0032154995903805913
condition1,theta1_sample_042,Pyruvate,pyruvate,direct,3,3,M+3,0.69709501660093665
condition1,theta1_sample_042,Alanine,alanine,reporter,3,0,M+0,0.2974055327922544
condition1,theta1_sample_042,Alanine,alanine,reporter,3,1,M+1,0.0022839510164280158
condition1,theta1_sample_042,Alanine,alanine,reporter,3,2,M+2,0.0032154995903805913
condition1,theta1_sample_042,Alanine,alanine,reporter,3,3,M+3,0.69709501660093665
condition1,theta1_sample_042,Lactate,lactate,reporter,3,0,M+0,0.2974055327922544
condition1,theta1_sample_042,Lactate,lactate,reporter,3,1,M+1,0.0022839510164280158
condition1,theta1_sample_042,Lactate,lactate,reporter,3,2,M+2,0.0032154995903805913
condition1,theta1_sample_042,Lactate,lactate,reporter,3,3,M+3,0.69709501660093665
condition1,theta1_sample_042,Citrate,citrate,reporter,6,0,M+0,0.026453084930450524
condition1,theta1_sample_042,Citrate,citrate,reporter,6,1,M+1,0.061049760988571782
condition1,theta1_sample_042,Citrate,citrate,reporter,6,2,M+2,0.066903004779012398
condition1,theta1_sample_042,Citrate,citrate,reporter,6,3,M+3,0.20376334274714025
condition1,theta1_sample_042,Citrate,citrate,reporter,6,4,M+4,0.15523441704659832
condition1,theta1_sample_042,Citrate,citrate,reporter,6,5,M+5,0.14666180402376897
condition1,theta1_sample_042,Citrate,citrate,reporter,6,6,M+6,0.33993458548445654
condition1,theta1_sample_042,aKG,akg,direct,5,0,M+0,0.026673386183165886
condition1,theta1_sample_042,aKG,akg,direct,5,1,M+1,0.06288931854983823
condition1,theta1_sample_042,aKG,akg,direct,5,2,M+2,0.12643367491122839
condition1,theta1_sample_042,aKG,akg,direct,5,3,M+3,0.29299010318255991
condition1,theta1_sample_042,aKG,akg,direct,5,4,M+4,0.14979456378601219
condition1,theta1_sample_042,aKG,akg,direct,5,5,M+5,0.34121895338719505
condition1,theta1_sample_042,Succinate,succinate,direct,4,0,M+0,0.087543838792774886
condition1,theta1_sample_042,Succinate,succinate,direct,4,1,M+1,0.0048845887420130105
condition1,theta1_sample_042,Succinate,succinate,direct,4,2,M+2,0.41184977420583252
condition1,theta1_sample_042,Succinate,succinate,direct,4,3,M+3,0.011471330191196293
condition1,theta1_sample_042,Succinate,succinate,direct,4,4,M+4,0.484250468068183
condition1,theta1_sample_042,Fumarate,fumarate,direct,4,0,M+0,0.087543838792774886
condition1,theta1_sample_042,Fumarate,fumarate,direct,4,1,M+1,0.0048845887420130097
condition1,theta1_sample_042,Fumarate,fumarate,direct,4,2,M+2,0.41184977420583252
condition1,theta1_sample_042,Fumarate,fumarate,direct,4,3,M+3,0.011471330191196293
condition1,theta1_sample_042,Fumarate,fumarate,direct,4,4,M+4,0.48425046806818295
condition1,theta1_sample_042,Malate,malate,direct,4,0,M+0,0.068393595069621352
condition1,theta1_sample_042,Malate,malate,direct,4,1,M+1,0.042881185085739695
condition1,theta1_sample_042,Malate,malate,direct,4,2,M+2,0.34842081659876123
condition1,theta1_sample_042,Malate,malate,direct,4,3,M+3,0.10094043126677274
condition1,theta1_sample_042,Malate,malate,direct,4,4,M+4,0.43936397197910454
condition1,theta1_sample_042,Glutamine,glutamine,direct,5,0,M+0,0.026673386183165889
condition1,theta1_sample_042,Glutamine,glutamine,direct,5,1,M+1,0.062889318549838244
condition1,theta1_sample_042,Glutamine,glutamine,direct,5,2,M+2,0.12643367491122842
condition1,theta1_sample_042,Glutamine,glutamine,direct,5,3,M+3,0.29299010318255997
condition1,theta1_sample_042,Glutamine,glutamine,direct,5,4,M+4,0.14979456378601222
condition1,theta1_sample_042,Glutamine,glutamine,direct,5,5,M+5,0.34121895338719516
condition1,theta1_sample_042,Aspartate,aspartate,reporter,4,0,M+0,0.088876580302238883
condition1,theta1_sample_042,Aspartate,aspartate,reporter,4,1,M+1,0.2037034825047753
condition1,theta1_sample_042,Aspartate,aspartate,reporter,4,2,M+2,0.013228008541068609
condition1,theta1_sample_042,Aspartate,aspartate,reporter,4,3,M+3,0.20692721419458029
condition1,theta1_sample_042,Aspartate,aspartate,reporter,4,4,M+4,0.48726471445733593
condition1,theta1_sample_042,Glycine,glycine,reporter,2,0,M+0,0.29999999999999999
condition1,theta1_sample_042,Glycine,glycine,reporter,2,1,M+1,-0
condition1,theta1_sample_042,Glycine,glycine,reporter,2,2,M+2,0.69999999999999984
condition1,theta1_sample_042,Serine,serine,reporter,3,0,M+0,0.29999999999999999
condition1,theta1_sample_042,Serine,serine,reporter,3,1,M+1,-0
condition1,theta1_sample_042,Serine,serine,reporter,3,2,M+2,-0
condition1,theta1_sample_042,Serine,serine,reporter,3,3,M+3,0.69999999999999984
condition1,theta1_sample_043,Pyruvate,pyruvate,direct,3,0,M+0,0.29767614547968546
condition1,theta1_sample_043,Pyruvate,pyruvate,direct,3,1,M+1,0.0020634303790290319
condition1,theta1_sample_043,Pyruvate,pyruvate,direct,3,2,M+2,0.0028447028028857086
condition1,theta1_sample_043,Pyruvate,pyruvate,direct,3,3,M+3,0.6974157213383998
condition1,theta1_sample_043,Alanine,alanine,reporter,3,0,M+0,0.29767614547968546
condition1,theta1_sample_043,Alanine,alanine,reporter,3,1,M+1,0.0020634303790290319
condition1,theta1_sample_043,Alanine,alanine,reporter,3,2,M+2,0.0028447028028857086
condition1,theta1_sample_043,Alanine,alanine,reporter,3,3,M+3,0.6974157213383998
condition1,theta1_sample_043,Lactate,lactate,reporter,3,0,M+0,0.29767614547968546
condition1,theta1_sample_043,Lactate,lactate,reporter,3,1,M+1,0.0020634303790290319
condition1,theta1_sample_043,Lactate,lactate,reporter,3,2,M+2,0.0028447028028857086
condition1,theta1_sample_043,Lactate,lactate,reporter,3,3,M+3,0.6974157213383998
condition1,theta1_sample_043,Citrate,citrate,reporter,6,0,M+0,0.026555946006013801
condition1,theta1_sample_043,Citrate,citrate,reporter,6,1,M+1,0.06138662270935049
condition1,theta1_sample_043,Citrate,citrate,reporter,6,2,M+2,0.066325290942012477
condition1,theta1_sample_043,Citrate,citrate,reporter,6,3,M+3,0.20470507894429707
condition1,theta1_sample_043,Citrate,citrate,reporter,6,4,M+4,0.15380911616757739
condition1,theta1_sample_043,Citrate,citrate,reporter,6,5,M+5,0.14669657748106843
condition1,theta1_sample_043,Citrate,citrate,reporter,6,6,M+6,0.34052136774968006
condition1,theta1_sample_043,aKG,akg,direct,5,0,M+0,0.026723152246140382
condition1,theta1_sample_043,aKG,akg,direct,5,1,M+1,0.062906498631485286
condition1,theta1_sample_043,aKG,akg,direct,5,2,M+2,0.12636791155458463
condition1,theta1_sample_043,aKG,akg,direct,5,3,M+3,0.29314289391029652
condition1,theta1_sample_043,aKG,akg,direct,5,4,M+4,0.14936872175900942
condition1,theta1_sample_043,aKG,akg,direct,5,5,M+5,0.34149082189848329
condition1,theta1_sample_043,Succinate,succinate,direct,4,0,M+0,0.087861357104632706
condition1,theta1_sample_043,Succinate,succinate,direct,4,1,M+1,0.0042558471536695754
condition1,theta1_sample_043,Succinate,succinate,direct,4,2,M+2,0.41289977519819576
condition1,theta1_sample_043,Succinate,succinate,direct,4,3,M+3,0.0099874797240690032
condition1,theta1_sample_043,Succinate,succinate,direct,4,4,M+4,0.48499554081943286
condition1,theta1_sample_043,Fumarate,fumarate,direct,4,0,M+0,0.087861357104632706
condition1,theta1_sample_043,Fumarate,fumarate,direct,4,1,M+1,0.0042558471536695754
condition1,theta1_sample_043,Fumarate,fumarate,direct,4,2,M+2,0.41289977519819576
condition1,theta1_sample_043,Fumarate,fumarate,direct,4,3,M+3,0.0099874797240690032
condition1,theta1_sample_043,Fumarate,fumarate,direct,4,4,M+4,0.48499554081943286
condition1,theta1_sample_043,Malate,malate,direct,4,0,M+0,0.069926100665189464
condition1,theta1_sample_043,Malate,malate,direct,4,1,M+1,0.039870035737690601
condition1,theta1_sample_043,Malate,malate,direct,4,2,M+2,0.3534573527932055
condition1,theta1_sample_043,Malate,malate,direct,4,3,M+3,0.093770784539759303
condition1,theta1_sample_043,Malate,malate,direct,4,4,M+4,0.44297572626415499
condition1,theta1_sample_043,Glutamine,glutamine,direct,5,0,M+0,0.026723152246140379
condition1,theta1_sample_043,Glutamine,glutamine,direct,5,1,M+1,0.062906498631485286
condition1,theta1_sample_043,Glutamine,glutamine,direct,5,2,M+2,0.1263679115545846
condition1,theta1_sample_043,Glutamine,glutamine,direct,5,3,M+3,0.29314289391029652
condition1,theta1_sample_043,Glutamine,glutamine,direct,5,4,M+4,0.14936872175900939
condition1,theta1_sample_043,Glutamine,glutamine,direct,5,5,M+5,0.34149082189848323
condition1,theta1_sample_043,Aspartate,aspartate,reporter,4,0,M+0,0.089152366884510045
condition1,theta1_sample_043,Aspartate,aspartate,reporter,4,1,M+1,0.20481013473494475
condition1,theta1_sample_043,Aspartate,aspartate,reporter,4,2,M+2,0.010865446738711707
condition1,theta1_sample_043,Aspartate,aspartate,reporter,4,3,M+3,0.20722923477970215
condition1,theta1_sample_043,Aspartate,aspartate,reporter,4,4,M+4,0.48794281686213126
condition1,theta1_sample_043,Glycine,glycine,reporter,2,0,M+0,0.30000000000000004
condition1,theta1_sample_043,Glycine,glycine,reporter,2,1,M+1,-0
condition1,theta1_sample_043,Glycine,glycine,reporter,2,2,M+2,0.69999999999999996
condition1,theta1_sample_043,Serine,serine,reporter,3,0,M+0,0.30000000000000004
condition1,theta1_sample_043,Serine,serine,reporter,3,1,M+1,-0
condition1,theta1_sample_043,Serine,serine,reporter,3,2,M+2,-0
condition1,theta1_sample_043,Serine,serine,reporter,3,3,M+3,0.69999999999999996
condition1,theta1_sample_044,Pyruvate,pyruvate,direct,3,0,M+0,0.29690214672249987
condition1,theta1_sample_044,Pyruvate,pyruvate,direct,3,1,M+1,0.0027078898311845706
condition1,theta1_sample_044,Pyruvate,pyruvate,direct,3,2,M+2,0.0038777801701309587
condition1,theta1_sample_044,Pyruvate,pyruvate,direct,3,3,M+3,0.69651218327618436
condition1,theta1_sample_044,Alanine,alanine,reporter,3,0,M+0,0.29690214672249987
condition1,theta1_sample_044,Alanine,alanine,reporter,3,1,M+1,0.0027078898311845706
condition1,theta1_sample_044,Alanine,alanine,reporter,3,2,M+2,0.0038777801701309587
condition1,theta1_sample_044,Alanine,alanine,reporter,3,3,M+3,0.69651218327618436
condition1,theta1_sample_044,Lactate,lactate,reporter,3,0,M+0,0.29690214672249987
condition1,theta1_sample_044,Lactate,lactate,reporter,3,1,M+1,0.0027078898311845706
condition1,theta1_sample_044,Lactate,lactate,reporter,3,2,M+2,0.0038777801701309587
condition1,theta1_sample_044,Lactate,lactate,reporter,3,3,M+3,0.69651218327618436
condition1,theta1_sample_044,Citrate,citrate,reporter,6,0,M+0,0.026460847277068985
condition1,theta1_sample_044,Citrate,citrate,reporter,6,1,M+1,0.061384532376064532
condition1,theta1_sample_044,Citrate,citrate,reporter,6,2,M+2,0.06643696309770003
condition1,theta1_sample_044,Citrate,citrate,reporter,6,3,M+3,0.20460212861890734
condition1,theta1_sample_044,Citrate,citrate,reporter,6,4,M+4,0.15362735508984107
condition1,theta1_sample_044,Citrate,citrate,reporter,6,5,M+5,0.1475033060300576
condition1,theta1_sample_044,Citrate,citrate,reporter,6,6,M+6,0.33998486751035961
condition1,theta1_sample_044,aKG,akg,direct,5,0,M+0,0.026652142683623488
condition1,theta1_sample_044,aKG,akg,direct,5,1,M+1,0.062882247005565051
condition1,theta1_sample_044,aKG,akg,direct,5,2,M+2,0.12646200919952574
condition1,theta1_sample_044,aKG,akg,direct,5,3,M+3,0.29292397915181956
condition1,theta1_sample_044,aKG,akg,direct,5,4,M+4,0.14997631265740299
condition1,theta1_sample_044,aKG,akg,direct,5,5,M+5,0.34110330930206123
condition1,theta1_sample_044,Succinate,succinate,direct,4,0,M+0,0.087713670887514195
condition1,theta1_sample_044,Succinate,succinate,direct,4,1,M+1,0.0045453833348034151
condition1,theta1_sample_044,Succinate,succinate,direct,4,2,M+2,0.4124152694786048
condition1,theta1_sample_044,Succinate,succinate,direct,4,3,M+3,0.010678627488322797
condition1,theta1_sample_044,Succinate,succinate,direct,4,4,M+4,0.48464704881075443
condition1,theta1_sample_044,Fumarate,fumarate,direct,4,0,M+0,0.087713670887514195
condition1,theta1_sample_044,Fumarate,fumarate,direct,4,1,M+1,0.0045453833348034151
condition1,theta1_sample_044,Fumarate,fumarate,direct,4,2,M+2,0.4124152694786048
condition1,theta1_sample_044,Fumarate,fumarate,direct,4,3,M+3,0.010678627488322797
condition1,theta1_sample_044,Fumarate,fumarate,direct,4,4,M+4,0.48464704881075443
condition1,theta1_sample_044,Malate,malate,direct,4,0,M+0,0.067269700589865922
condition1,theta1_sample_044,Malate,malate,direct,4,1,M+1,0.045047360552363531
condition1,theta1_sample_044,Malate,malate,direct,4,2,M+2,0.34478331965675907
condition1,theta1_sample_044,Malate,malate,direct,4,3,M+3,0.10621247666992682
condition1,theta1_sample_044,Malate,malate,direct,4,4,M+4,0.4366871425310842
condition1,theta1_sample_044,Glutamine,glutamine,direct,5,0,M+0,0.026652142683623481
condition1,theta1_sample_044,Glutamine,glutamine,direct,5,1,M+1,0.062882247005565023
condition1,theta1_sample_044,Glutamine,glutamine,direct,5,2,M+2,0.12646200919952572
condition1,theta1_sample_044,Glutamine,glutamine,direct,5,3,M+3,0.29292397915181945
condition1,theta1_sample_044,Glutamine,glutamine,direct,5,4,M+4,0.14997631265740297
condition1,theta1_sample_044,Glutamine,glutamine,direct,5,5,M+5,0.34110330930206112
condition1,theta1_sample_044,Aspartate,aspartate,reporter,4,0,M+0,0.089035418402760733
condition1,theta1_sample_044,Aspartate,aspartate,reporter,4,1,M+1,0.20486567364668168
condition1,theta1_sample_044,Aspartate,aspartate,reporter,4,2,M+2,0.010809401785598824
condition1,theta1_sample_044,Aspartate,aspartate,reporter,4,3,M+3,0.20764250187771391
condition1,theta1_sample_044,Aspartate,aspartate,reporter,4,4,M+4,0.48764700428724439
condition1,theta1_sample_044,Glycine,glycine,reporter,2,0,M+0,0.29999999999999999
condition1,theta1_sample_044,Glycine,glycine,reporter,2,1,M+1,-0
condition1,theta1_sample_044,Glycine,glycine,reporter,2,2,M+2,0.70000000000000007
condition1,theta1_sample_044,Serine,serine,reporter,3,0,M+0,0.29999999999999999
condition1,theta1_sample_044,Serine,serine,reporter,3,1,M+1,-0
condition1,theta1_sample_044,Serine,serine,reporter,3,2,M+2,-0
condition1,theta1_sample_044,Serine,serine,reporter,3,3,M+3,0.70000000000000007
condition1,theta1_sample_045,Pyruvate,pyruvate,direct,3,0,M+0,0.29705766668996014
condition1,theta1_sample_045,Pyruvate,pyruvate,direct,3,1,M+1,0.0025833867945427467
condition1,theta1_sample_045,Pyruvate,pyruvate,direct,3,2,M+2,0.0036602263410341258
condition1,theta1_sample_045,Pyruvate,pyruvate,direct,3,3,M+3,0.69669872017446288
condition1,theta1_sample_045,Alanine,alanine,reporter,3,0,M+0,0.29705766668996014
condition1,theta1_sample_045,Alanine,alanine,reporter,3,1,M+1,0.0025833867945427467
condition1,theta1_sample_045,Alanine,alanine,reporter,3,2,M+2,0.0036602263410341258
condition1,theta1_sample_045,Alanine,alanine,reporter,3,3,M+3,0.69669872017446288
condition1,theta1_sample_045,Lactate,lactate,reporter,3,0,M+0,0.29705766668996014
condition1,theta1_sample_045,Lactate,lactate,reporter,3,1,M+1,0.0025833867945427467
condition1,theta1_sample_045,Lactate,lactate,reporter,3,2,M+2,0.0036602263410341258
condition1,theta1_sample_045,Lactate,lactate,reporter,3,3,M+3,0.69669872017446288
condition1,theta1_sample_045,Citrate,citrate,reporter,6,0,M+0,0.026451743896232692
condition1,theta1_sample_045,Citrate,citrate,reporter,6,1,M+1,0.061201158797274238
condition1,theta1_sample_045,Citrate,citrate,reporter,6,2,M+2,0.066730235072146621
condition1,theta1_sample_045,Citrate,citrate,reporter,6,3,M+3,0.20409326107994036
condition1,theta1_sample_045,Citrate,citrate,reporter,6,4,M+4,0.15449352653821591
condition1,theta1_sample_045,Citrate,citrate,reporter,6,5,M+5,0.14709596603139294
condition1,theta1_sample_045,Citrate,citrate,reporter,6,6,M+6,0.33993410858479706
condition1,theta1_sample_045,aKG,akg,direct,5,0,M+0,0.026658452155211124
condition1,theta1_sample_045,aKG,akg,direct,5,1,M+1,0.062884335231341654
condition1,theta1_sample_045,aKG,akg,direct,5,2,M+2,0.12645358163932299
condition1,theta1_sample_045,aKG,akg,direct,5,3,M+3,0.2929436600494259
condition1,theta1_sample_045,aKG,akg,direct,5,4,M+4,0.14992233328175589
condition1,theta1_sample_045,aKG,akg,direct,5,5,M+5,0.34113763764294164
condition1,theta1_sample_045,Succinate,succinate,direct,4,0,M+0,0.087574462566361783
condition1,theta1_sample_045,Succinate,succinate,direct,4,1,M+1,0.0048218808413129071
condition1,theta1_sample_045,Succinate,succinate,direct,4,2,M+2,0.41195380058915704
condition1,theta1_sample_045,Succinate,succinate,direct,4,3,M+3,0.011328906032299002
condition1,theta1_sample_045,Succinate,succinate,direct,4,4,M+4,0.48432094997086833
condition1,theta1_sample_045,Fumarate,fumarate,direct,4,0,M+0,0.087574462566361783
condition1,theta1_sample_045,Fumarate,fumarate,direct,4,1,M+1,0.0048218808413129071
condition1,theta1_sample_045,Fumarate,fumarate,direct,4,2,M+2,0.41195380058915704
condition1,theta1_sample_045,Fumarate,fumarate,direct,4,3,M+3,0.011328906032299002
condition1,theta1_sample_045,Fumarate,fumarate,direct,4,4,M+4,0.48432094997086833
condition1,theta1_sample_045,Malate,malate,direct,4,0,M+0,0.067961100786373019
condition1,theta1_sample_045,Malate,malate,direct,4,1,M+1,0.043695935733124976
condition1,theta1_sample_045,Malate,malate,direct,4,2,M+2,0.34704615288008184
condition1,theta1_sample_045,Malate,malate,direct,4,3,M+3,0.10297548389496861
condition1,theta1_sample_045,Malate,malate,direct,4,4,M+4,0.43832132670545088
condition1,theta1_sample_045,Glutamine,glutamine,direct,5,0,M+0,0.026658452155211114
condition1,theta1_sample_045,Glutamine,glutamine,direct,5,1,M+1,0.062884335231341626
condition1,theta1_sample_045,Glutamine,glutamine,direct,5,2,M+2,0.12645358163932297
condition1,theta1_sample_045,Glutamine,glutamine,direct,5,3,M+3,0.29294366004942579
condition1,theta1_sample_045,Glutamine,glutamine,direct,5,4,M+4,0.14992233328175583
condition1,theta1_sample_045,Glutamine,glutamine,direct,5,5,M+5,0.34113763764294153
condition1,theta1_sample_045,Aspartate,aspartate,reporter,4,0,M+0,0.088965196153128367
condition1,theta1_sample_045,Aspartate,aspartate,reporter,4,1,M+1,0.20423827673117009
condition1,theta1_sample_045,Aspartate,aspartate,reporter,4,2,M+2,0.012109582938286267
condition1,theta1_sample_045,Aspartate,aspartate,reporter,4,3,M+3,0.20720521931740352
condition1,theta1_sample_045,Aspartate,aspartate,reporter,4,4,M+4,0.48748172486001157
condition1,theta1_sample_045,Glycine,glycine,reporter,2,0,M+0,0.29999999999999993
condition1,theta1_sample_045,Glycine,glycine,reporter,2,1,M+1,-0
condition1,theta1_sample_045,Glycine,glycine,reporter,2,2,M+2,0.69999999999999984
condition1,theta1_sample_045,Serine,serine,reporter,3,0,M+0,0.29999999999999993
condition1,theta1_sample_045,Serine,serine,reporter,3,1,M+1,-0
condition1,theta1_sample_045,Serine,serine,reporter,3,2,M+2,-0
condition1,theta1_sample_045,Serine,serine,reporter,3,3,M+3,0.69999999999999984
condition1,theta1_sample_046,Pyruvate,pyruvate,direct,3,0,M+0,0.29775607693878836
condition1,theta1_sample_046,Pyruvate,pyruvate,direct,3,1,M+1,0.0019722727048784193
condition1,theta1_sample_046,Pyruvate,pyruvate,direct,3,2,M+2,0.0027872237738781683
condition1,theta1_sample_046,Pyruvate,pyruvate,direct,3,3,M+3,0.69748442658245524
condition1,theta1_sample_046,Alanine,alanine,reporter,3,0,M+0,0.29775607693878836
condition1,theta1_sample_046,Alanine,alanine,reporter,3,1,M+1,0.0019722727048784193
condition1,theta1_sample_046,Alanine,alanine,reporter,3,2,M+2,0.0027872237738781683
condition1,theta1_sample_046,Alanine,alanine,reporter,3,3,M+3,0.69748442658245524
condition1,theta1_sample_046,Lactate,lactate,reporter,3,0,M+0,0.29775607693878836
condition1,theta1_sample_046,Lactate,lactate,reporter,3,1,M+1,0.0019722727048784193
condition1,theta1_sample_046,Lactate,lactate,reporter,3,2,M+2,0.0027872237738781683
condition1,theta1_sample_046,Lactate,lactate,reporter,3,3,M+3,0.69748442658245524
condition1,theta1_sample_046,Citrate,citrate,reporter,6,0,M+0,0.026290832467154149
condition1,theta1_sample_046,Citrate,citrate,reporter,6,1,M+1,0.059752744123995817
condition1,theta1_sample_046,Citrate,citrate,reporter,6,2,M+2,0.069068144027556247
condition1,theta1_sample_046,Citrate,citrate,reporter,6,3,M+3,0.2000878767625561
condition1,theta1_sample_046,Citrate,citrate,reporter,6,4,M+4,0.16119209622637259
condition1,theta1_sample_046,Citrate,citrate,reporter,6,5,M+5,0.14457088572645818
condition1,theta1_sample_046,Citrate,citrate,reporter,6,6,M+6,0.33903742066590731
condition1,theta1_sample_046,aKG,akg,direct,5,0,M+0,0.026678536266269641
condition1,theta1_sample_046,aKG,akg,direct,5,1,M+1,0.062890957694113292
condition1,theta1_sample_046,aKG,akg,direct,5,2,M+2,0.12642673058366399
condition1,theta1_sample_046,aKG,akg,direct,5,3,M+3,0.2930063927803141
condition1,theta1_sample_046,aKG,akg,direct,5,4,M+4,0.1497505105805797
condition1,theta1_sample_046,aKG,akg,direct,5,5,M+5,0.34124687209506011
condition1,theta1_sample_046,Succinate,succinate,direct,4,0,M+0,0.086455016137102603
condition1,theta1_sample_046,Succinate,succinate,direct,4,1,M+1,0.0070498031342024993
condition1,theta1_sample_046,Succinate,succinate,direct,4,2,M+2,0.40823693991246524
condition1,theta1_sample_046,Succinate,succinate,direct,4,3,M+3,0.016556646224052191
condition1,theta1_sample_046,Succinate,succinate,direct,4,4,M+4,0.48170159459217793
condition1,theta1_sample_046,Fumarate,fumarate,direct,4,0,M+0,0.086455016137102617
condition1,theta1_sample_046,Fumarate,fumarate,direct,4,1,M+1,0.0070498031342025001
condition1,theta1_sample_046,Fumarate,fumarate,direct,4,2,M+2,0.40823693991246524
condition1,theta1_sample_046,Fumarate,fumarate,direct,4,3,M+3,0.016556646224052191
condition1,theta1_sample_046,Fumarate,fumarate,direct,4,4,M+4,0.48170159459217798
condition1,theta1_sample_046,Malate,malate,direct,4,0,M+0,0.067785030054677883
condition1,theta1_sample_046,Malate,malate,direct,4,1,M+1,0.044134101686948146
condition1,theta1_sample_046,Malate,malate,direct,4,2,M+2,0.3463445511205212
condition1,theta1_sample_046,Malate,malate,direct,4,3,M+3,0.10376847247940212
condition1,theta1_sample_046,Malate,malate,direct,4,4,M+4,0.43796784465845107
condition1,theta1_sample_046,Glutamine,glutamine,direct,5,0,M+0,0.026678536266269648
condition1,theta1_sample_046,Glutamine,glutamine,direct,5,1,M+1,0.062890957694113292
condition1,theta1_sample_046,Glutamine,glutamine,direct,5,2,M+2,0.12642673058366399
condition1,theta1_sample_046,Glutamine,glutamine,direct,5,3,M+3,0.2930063927803141
condition1,theta1_sample_046,Glutamine,glutamine,direct,5,4,M+4,0.1497505105805797
condition1,theta1_sample_046,Glutamine,glutamine,direct,5,5,M+5,0.34124687209506016
condition1,theta1_sample_046,Aspartate,aspartate,reporter,4,0,M+0,0.088236168669564366
condition1,theta1_sample_046,Aspartate,aspartate,reporter,4,1,M+1,0.19933126859795244
condition1,theta1_sample_046,Aspartate,aspartate,reporter,4,2,M+2,0.022383886409366321
condition1,theta1_sample_046,Aspartate,aspartate,reporter,4,3,M+3,0.20429374670915262
condition1,theta1_sample_046,Aspartate,aspartate,reporter,4,4,M+4,0.48575492961396438
condition1,theta1_sample_046,Glycine,glycine,reporter,2,0,M+0,0.29999999999999993
condition1,theta1_sample_046,Glycine,glycine,reporter,2,1,M+1,-0
condition1,theta1_sample_046,Glycine,glycine,reporter,2,2,M+2,0.69999999999999996
condition1,theta1_sample_046,Serine,serine,reporter,3,0,M+0,0.29999999999999993
condition1,theta1_sample_046,Serine,serine,reporter,3,1,M+1,-0
condition1,theta1_sample_046,Serine,serine,reporter,3,2,M+2,-0
condition1,theta1_sample_046,Serine,serine,reporter,3,3,M+3,0.69999999999999996
condition1,theta1_sample_047,Pyruvate,pyruvate,direct,3,0,M+0,0.2978885380540261
condition1,theta1_sample_047,Pyruvate,pyruvate,direct,3,1,M+1,0.0019107950879257627
condition1,theta1_sample_047,Pyruvate,pyruvate,direct,3,2,M+2,0.0025127956620705641
condition1,theta1_sample_047,Pyruvate,pyruvate,direct,3,3,M+3,0.69768787119597797
condition1,theta1_sample_047,Alanine,alanine,reporter,3,0,M+0,0.2978885380540261
condition1,theta1_sample_047,Alanine,alanine,reporter,3,1,M+1,0.0019107950879257627
condition1,theta1_sample_047,Alanine,alanine,reporter,3,2,M+2,0.0025127956620705641
condition1,theta1_sample_047,Alanine,alanine,reporter,3,3,M+3,0.69768787119597797
condition1,theta1_sample_047,Lactate,lactate,reporter,3,0,M+0,0.2978885380540261
condition1,theta1_sample_047,Lactate,lactate,reporter,3,1,M+1,0.0019107950879257627
condition1,theta1_sample_047,Lactate,lactate,reporter,3,2,M+2,0.0025127956620705641
condition1,theta1_sample_047,Lactate,lactate,reporter,3,3,M+3,0.69768787119597797
condition1,theta1_sample_047,Citrate,citrate,reporter,6,0,M+0,0.026535321483793933
condition1,theta1_sample_047,Citrate,citrate,reporter,6,1,M+1,0.060891865659107869
condition1,theta1_sample_047,Citrate,citrate,reporter,6,2,M+2,0.067203919999548833
condition1,theta1_sample_047,Citrate,citrate,reporter,6,3,M+3,0.20321354347882561
condition1,theta1_sample_047,Citrate,citrate,reporter,6,4,M+4,0.15612398318915111
condition1,theta1_sample_047,Citrate,citrate,reporter,6,5,M+5,0.14562446598872386
condition1,theta1_sample_047,Citrate,citrate,reporter,6,6,M+6,0.3404069002008494
condition1,theta1_sample_047,aKG,akg,direct,5,0,M+0,0.0267153876411588
condition1,theta1_sample_047,aKG,akg,direct,5,1,M+1,0.062903706376239529
condition1,theta1_sample_047,aKG,akg,direct,5,2,M+2,0.12637806030764148
condition1,theta1_sample_047,aKG,akg,direct,5,3,M+3,0.29311944021270303
condition1,theta1_sample_047,aKG,akg,direct,5,4,M+4,0.14943517494091682
condition1,theta1_sample_047,aKG,akg,direct,5,5,M+5,0.3414482305213401
condition1,theta1_sample_047,Succinate,succinate,direct,4,0,M+0,0.08737871677136029
condition1,theta1_sample_047,Succinate,succinate,direct,4,1,M+1,0.0052158140898602582
condition1,theta1_sample_047,Succinate,succinate,direct,4,2,M+2,0.41129805906109301
condition1,theta1_sample_047,Succinate,succinate,direct,4,3,M+3,0.012241572522791516
condition1,theta1_sample_047,Succinate,succinate,direct,4,4,M+4,0.48386583755489448
condition1,theta1_sample_047,Fumarate,fumarate,direct,4,0,M+0,0.08737871677136029
condition1,theta1_sample_047,Fumarate,fumarate,direct,4,1,M+1,0.0052158140898602582
condition1,theta1_sample_047,Fumarate,fumarate,direct,4,2,M+2,0.41129805906109307
condition1,theta1_sample_047,Fumarate,fumarate,direct,4,3,M+3,0.012241572522791516
condition1,theta1_sample_047,Fumarate,fumarate,direct,4,4,M+4,0.48386583755489454
condition1,theta1_sample_047,Malate,malate,direct,4,0,M+0,0.072856004620695247
condition1,theta1_sample_047,Malate,malate,direct,4,1,M+1,0.034070132662440973
condition1,theta1_sample_047,Malate,malate,direct,4,2,M+2,0.36314382619720875
condition1,theta1_sample_047,Malate,malate,direct,4,3,M+3,0.080077931135478175
condition1,theta1_sample_047,Malate,malate,direct,4,4,M+4,0.44985210538417653
condition1,theta1_sample_047,Glutamine,glutamine,direct,5,0,M+0,0.026715387641158796
condition1,theta1_sample_047,Glutamine,glutamine,direct,5,1,M+1,0.062903706376239515
condition1,theta1_sample_047,Glutamine,glutamine,direct,5,2,M+2,0.12637806030764145
condition1,theta1_sample_047,Glutamine,glutamine,direct,5,3,M+3,0.29311944021270298
condition1,theta1_sample_047,Glutamine,glutamine,direct,5,4,M+4,0.14943517494091679
condition1,theta1_sample_047,Glutamine,glutamine,direct,5,5,M+5,0.34144823052134005
condition1,theta1_sample_047,Aspartate,aspartate,reporter,4,0,M+0,0.089033039578541293
condition1,theta1_sample_047,Aspartate,aspartate,reporter,4,1,M+1,0.20313676102873079
condition1,theta1_sample_047,Aspartate,aspartate,reporter,4,2,M+2,0.014289053715905654
condition1,theta1_sample_047,Aspartate,aspartate,reporter,4,3,M+3,0.20587945116783193
condition1,theta1_sample_047,Aspartate,aspartate,reporter,4,4,M+4,0.48766169450899094
condition1,theta1_sample_047,Glycine,glycine,reporter,2,0,M+0,0.30000000000000004
condition1,theta1_sample_047,Glycine,glycine,reporter,2,1,M+1,-0
condition1,theta1_sample_047,Glycine,glycine,reporter,2,2,M+2,0.70000000000000007
condition1,theta1_sample_047,Serine,serine,reporter,3,0,M+0,0.30000000000000004
condition1,theta1_sample_047,Serine,serine,reporter,3,1,M+1,-0
condition1,theta1_sample_047,Serine,serine,reporter,3,2,M+2,-0
condition1,theta1_sample_047,Serine,serine,reporter,3,3,M+3,0.70000000000000007
condition1,theta1_sample_048,Pyruvate,pyruvate,direct,3,0,M+0,0.29862081086769438
condition1,theta1_sample_048,Pyruvate,pyruvate,direct,3,1,M+1,0.0012731586753266585
condition1,theta1_sample_048,Pyruvate,pyruvate,direct,3,2,M+2,0.0015912500462640041
condition1,theta1_sample_048,Pyruvate,pyruvate,direct,3,3,M+3,0.69851478041071524
condition1,theta1_sample_048,Alanine,alanine,reporter,3,0,M+0,0.29862081086769438
condition1,theta1_sample_048,Alanine,alanine,reporter,3,1,M+1,0.0012731586753266585
condition1,theta1_sample_048,Alanine,alanine,reporter,3,2,M+2,0.0015912500462640041
condition1,theta1_sample_048,Alanine,alanine,reporter,3,3,M+3,0.69851478041071524
condition1,theta1_sample_048,Lactate,lactate,reporter,3,0,M+0,0.29862081086769438
condition1,theta1_sample_048,Lactate,lactate,reporter,3,1,M+1,0.0012731586753266585
condition1,theta1_sample_048,Lactate,lactate,reporter,3,2,M+2,0.0015912500462640041
condition1,theta1_sample_048,Lactate,lactate,reporter,3,3,M+3,0.69851478041071524
condition1,theta1_sample_048,Citrate,citrate,reporter,6,0,M+0,0.02666854838221407
condition1,theta1_sample_048,Citrate,citrate,reporter,6,1,M+1,0.060740297881921701
condition1,theta1_sample_048,Citrate,citrate,reporter,6,2,M+2,0.067478556886888058
condition1,theta1_sample_048,Citrate,citrate,reporter,6,3,M+3,0.2026768450103677
condition1,theta1_sample_048,Citrate,citrate,reporter,6,4,M+4,0.15707583675678519
condition1,theta1_sample_048,Citrate,citrate,reporter,6,5,M+5,0.14419078420488218
condition1,theta1_sample_048,Citrate,citrate,reporter,6,6,M+6,0.3411691308769414
condition1,theta1_sample_048,aKG,akg,direct,5,0,M+0,0.026822140776689773
condition1,theta1_sample_048,aKG,akg,direct,5,1,M+1,0.062940183725295695
condition1,theta1_sample_048,aKG,akg,direct,5,2,M+2,0.12623661576414616
condition1,theta1_sample_048,aKG,akg,direct,5,3,M+3,0.29344848529136408
condition1,theta1_sample_048,aKG,akg,direct,5,4,M+4,0.14852174334020268
condition1,theta1_sample_048,aKG,akg,direct,5,5,M+5,0.34203083110230215
condition1,theta1_sample_048,Succinate,succinate,direct,4,0,M+0,0.087414407603754934
condition1,theta1_sample_048,Succinate,succinate,direct,4,1,M+1,0.0051520775655162021
condition1,theta1_sample_048,Succinate,succinate,direct,4,2,M+2,0.41140683498181496
condition1,theta1_sample_048,Succinate,succinate,direct,4,3,M+3,0.012072466924801619
condition1,theta1_sample_048,Succinate,succinate,direct,4,4,M+4,0.48395421292411206
condition1,theta1_sample_048,Fumarate,fumarate,direct,4,0,M+0,0.087414407603754934
condition1,theta1_sample_048,Fumarate,fumarate,direct,4,1,M+1,0.0051520775655162021
condition1,theta1_sample_048,Fumarate,fumarate,direct,4,2,M+2,0.41140683498181496
condition1,theta1_sample_048,Fumarate,fumarate,direct,4,3,M+3,0.012072466924801619
condition1,theta1_sample_048,Fumarate,fumarate,direct,4,4,M+4,0.483954212924112
condition1,theta1_sample_048,Malate,malate,direct,4,0,M+0,0.076088891972903416
condition1,theta1_sample_048,Malate,malate,direct,4,1,M+1,0.027704552587294179
condition1,theta1_sample_048,Malate,malate,direct,4,2,M+2,0.37378652453220995
condition1,theta1_sample_048,Malate,malate,direct,4,3,M+3,0.064957725282083767
condition1,theta1_sample_048,Malate,malate,direct,4,4,M+4,0.45746230562550844
condition1,theta1_sample_048,Glutamine,glutamine,direct,5,0,M+0,0.026822140776689776
condition1,theta1_sample_048,Glutamine,glutamine,direct,5,1,M+1,0.062940183725295695
condition1,theta1_sample_048,Glutamine,glutamine,direct,5,2,M+2,0.12623661576414619
condition1,theta1_sample_048,Glutamine,glutamine,direct,5,3,M+3,0.29344848529136408
condition1,theta1_sample_048,Glutamine,glutamine,direct,5,4,M+4,0.14852174334020266
condition1,theta1_sample_048,Glutamine,glutamine,direct,5,5,M+5,0.34203083110230215
condition1,theta1_sample_048,Aspartate,aspartate,reporter,4,0,M+0,0.089281950411436647
condition1,theta1_sample_048,Aspartate,aspartate,reporter,4,1,M+1,0.20257166655242773
condition1,theta1_sample_048,Aspartate,aspartate,reporter,4,2,M+2,0.015301881825312301
condition1,theta1_sample_048,Aspartate,aspartate,reporter,4,3,M+3,0.20455343504634599
condition1,theta1_sample_048,Aspartate,aspartate,reporter,4,4,M+4,0.48829106616447743
condition1,theta1_sample_048,Glycine,glycine,reporter,2,0,M+0,0.3000000000000001
condition1,theta1_sample_048,Glycine,glycine,reporter,2,1,M+1,-0
condition1,theta1_sample_048,Glycine,glycine,reporter,2,2,M+2,0.70000000000000007
condition1,theta1_sample_048,Serine,serine,reporter,3,0,M+0,0.3000000000000001
condition1,theta1_sample_048,Serine,serine,reporter,3,1,M+1,-0
condition1,theta1_sample_048,Serine,serine,reporter,3,2,M+2,-0
condition1,theta1_sample_048,Serine,serine,reporter,3,3,M+3,0.70000000000000007
condition1,theta1_sample_049,Pyruvate,pyruvate,direct,3,0,M+0,0.29857320630503587
condition1,theta1_sample_049,Pyruvate,pyruvate,direct,3,1,M+1,0.0013105856236969124
condition1,theta1_sample_049,Pyruvate,pyruvate,direct,3,2,M+2,0.0016592098374987056
condition1,theta1_sample_049,Pyruvate,pyruvate,direct,3,3,M+3,0.6984569982337685
condition1,theta1_sample_049,Alanine,alanine,reporter,3,0,M+0,0.29857320630503587
condition1,theta1_sample_049,Alanine,alanine,reporter,3,1,M+1,0.0013105856236969124
condition1,theta1_sample_049,Alanine,alanine,reporter,3,2,M+2,0.0016592098374987056
condition1,theta1_sample_049,Alanine,alanine,reporter,3,3,M+3,0.6984569982337685
condition1,theta1_sample_049,Lactate,lactate,reporter,3,0,M+0,0.29857320630503587
condition1,theta1_sample_049,Lactate,lactate,reporter,3,1,M+1,0.0013105856236969124
condition1,theta1_sample_049,Lactate,lactate,reporter,3,2,M+2,0.0016592098374987056
condition1,theta1_sample_049,Lactate,lactate,reporter,3,3,M+3,0.6984569982337685
condition1,theta1_sample_049,Citrate,citrate,reporter,6,0,M+0,0.026687390260832125
condition1,theta1_sample_049,Citrate,citrate,reporter,6,1,M+1,0.061332537804300584
condition1,theta1_sample_049,Citrate,citrate,reporter,6,2,M+2,0.066343405585594595
condition1,theta1_sample_049,Citrate,citrate,reporter,6,3,M+3,0.20457937805770476
condition1,theta1_sample_049,Citrate,citrate,reporter,6,4,M+4,0.15430657002573211
condition1,theta1_sample_049,Citrate,citrate,reporter,6,5,M+5,0.14548807284654688
condition1,theta1_sample_049,Citrate,citrate,reporter,6,6,M+6,0.34126264541928858
condition1,theta1_sample_049,aKG,akg,direct,5,0,M+0,0.026806292204895568
condition1,theta1_sample_049,aKG,akg,direct,5,1,M+1,0.062934774594042758
condition1,theta1_sample_049,aKG,akg,direct,5,2,M+2,0.12625762091921683
condition1,theta1_sample_049,aKG,akg,direct,5,3,M+3,0.29339961356729688
condition1,theta1_sample_049,aKG,akg,direct,5,4,M+4,0.14865735070710709
condition1,theta1_sample_049,aKG,akg,direct,5,5,M+5,0.341944348007441
condition1,theta1_sample_049,Succinate,succinate,direct,4,0,M+0,0.087934296182438379
condition1,theta1_sample_049,Succinate,succinate,direct,4,1,M+1,0.0041164816109970715
condition1,theta1_sample_049,Succinate,succinate,direct,4,2,M+2,0.41313422197362953
condition1,theta1_sample_049,Succinate,succinate,direct,4,3,M+3,0.0096449264899964547
condition1,theta1_sample_049,Succinate,succinate,direct,4,4,M+4,0.48517007374293891
condition1,theta1_sample_049,Fumarate,fumarate,direct,4,0,M+0,0.087934296182438365
condition1,theta1_sample_049,Fumarate,fumarate,direct,4,1,M+1,0.0041164816109970715
condition1,theta1_sample_049,Fumarate,fumarate,direct,4,2,M+2,0.41313422197362953
condition1,theta1_sample_049,Fumarate,fumarate,direct,4,3,M+3,0.0096449264899964547
condition1,theta1_sample_049,Fumarate,fumarate,direct,4,4,M+4,0.48517007374293886
condition1,theta1_sample_049,Malate,malate,direct,4,0,M+0,0.075497278502394682
condition1,theta1_sample_049,Malate,malate,direct,4,1,M+1,0.028878944769800092
condition1,theta1_sample_049,Malate,malate,direct,4,2,M+2,0.37182625930852969
condition1,theta1_sample_049,Malate,malate,direct,4,3,M+3,0.067721533063961753
condition1,theta1_sample_049,Malate,malate,direct,4,4,M+4,0.45607598435531393
condition1,theta1_sample_049,Glutamine,glutamine,direct,5,0,M+0,0.026806292204895572
condition1,theta1_sample_049,Glutamine,glutamine,direct,5,1,M+1,0.062934774594042772
condition1,theta1_sample_049,Glutamine,glutamine,direct,5,2,M+2,0.12625762091921683
condition1,theta1_sample_049,Glutamine,glutamine,direct,5,3,M+3,0.29339961356729694
condition1,theta1_sample_049,Glutamine,glutamine,direct,5,4,M+4,0.14865735070710712
condition1,theta1_sample_049,Glutamine,glutamine,direct,5,5,M+5,0.34194434800744111
condition1,theta1_sample_049,Aspartate,aspartate,reporter,4,0,M+0,0.089356987482653888
condition1,theta1_sample_049,Aspartate,aspartate,reporter,4,1,M+1,0.20455719451328325
condition1,theta1_sample_049,Aspartate,aspartate,reporter,4,2,M+2,0.01126749887364297
condition1,theta1_sample_049,Aspartate,aspartate,reporter,4,3,M+3,0.20636546878224873
condition1,theta1_sample_049,Aspartate,aspartate,reporter,4,4,M+4,0.4884528503481711
condition1,theta1_sample_049,Glycine,glycine,reporter,2,0,M+0,0.29999999999999999
condition1,theta1_sample_049,Glycine,glycine,reporter,2,1,M+1,-0
condition1,theta1_sample_049,Glycine,glycine,reporter,2,2,M+2,0.69999999999999996
condition1,theta1_sample_049,Serine,serine,reporter,3,0,M+0,0.29999999999999999
condition1,theta1_sample_049,Serine,serine,reporter,3,1,M+1,-0
condition1,theta1_sample_049,Serine,serine,reporter,3,2,M+2,-0
condition1,theta1_sample_049,Serine,serine,reporter,3,3,M+3,0.69999999999999996
condition1,theta1_sample_050,Pyruvate,pyruvate,direct,3,0,M+0,0.29884232486525464
condition1,theta1_sample_050,Pyruvate,pyruvate,direct,3,1,M+1,0.0011102623677913856
condition1,theta1_sample_050,Pyruvate,pyruvate,direct,3,2,M+2,0.0012525006686538039
condition1,theta1_sample_050,Pyruvate,pyruvate,direct,3,3,M+3,0.69879491209830058
condition1,theta1_sample_050,Alanine,alanine,reporter,3,0,M+0,0.29884232486525464
condition1,theta1_sample_050,Alanine,alanine,reporter,3,1,M+1,0.0011102623677913856
condition1,theta1_sample_050,Alanine,alanine,reporter,3,2,M+2,0.0012525006686538039
condition1,theta1_sample_050,Alanine,alanine,reporter,3,3,M+3,0.69879491209830058
condition1,theta1_sample_050,Lactate,lactate,reporter,3,0,M+0,0.29884232486525464
condition1,theta1_sample_050,Lactate,lactate,reporter,3,1,M+1,0.0011102623677913856
condition1,theta1_sample_050,Lactate,lactate,reporter,3,2,M+2,0.0012525006686538039
condition1,theta1_sample_050,Lactate,lactate,reporter,3,3,M+3,0.69879491209830058
condition1,theta1_sample_050,Citrate,citrate,reporter,6,0,M+0,0.02673648718578742
condition1,theta1_sample_050,Citrate,citrate,reporter,6,1,M+1,0.061000016937875177
condition1,theta1_sample_050,Citrate,citrate,reporter,6,2,M+2,0.067005212098085895
condition1,theta1_sample_050,Citrate,citrate,reporter,6,3,M+3,0.20344988433761732
condition1,theta1_sample_050,Citrate,citrate,reporter,6,4,M+4,0.15594483045689247
condition1,theta1_sample_050,Citrate,citrate,reporter,6,5,M+5,0.14432082987691991
condition1,theta1_sample_050,Citrate,citrate,reporter,6,6,M+6,0.34154273910682242
condition1,theta1_sample_050,aKG,akg,direct,5,0,M+0,0.026802007429371371
condition1,theta1_sample_050,aKG,akg,direct,5,1,M+1,0.062933274101088885
condition1,theta1_sample_050,aKG,akg,direct,5,2,M+2,0.1262632617188032
condition1,theta1_sample_050,aKG,akg,direct,5,3,M+3,0.29338653196209052
condition1,theta1_sample_050,aKG,akg,direct,5,4,M+4,0.1486940173681969
condition1,theta1_sample_050,aKG,akg,direct,5,5,M+5,0.34192090742044923
condition1,theta1_sample_050,Succinate,succinate,direct,4,0,M+0,0.08755179211305969
condition1,theta1_sample_050,Succinate,succinate,direct,4,1,M+1,0.0048805602737745568
condition1,theta1_sample_050,Succinate,succinate,direct,4,2,M+2,0.41186044771034036
condition1,theta1_sample_050,Succinate,succinate,direct,4,3,M+3,0.011430255305756715
condition1,theta1_sample_050,Succinate,succinate,direct,4,4,M+4,0.48427694459706877
condition1,theta1_sample_050,Fumarate,fumarate,direct,4,0,M+0,0.08755179211305969
condition1,theta1_sample_050,Fumarate,fumarate,direct,4,1,M+1,0.0048805602737745568
condition1,theta1_sample_050,Fumarate,fumarate,direct,4,2,M+2,0.41186044771034036
condition1,theta1_sample_050,Fumarate,fumarate,direct,4,3,M+3,0.011430255305756715
condition1,theta1_sample_050,Fumarate,fumarate,direct,4,4,M+4,0.48427694459706877
condition1,theta1_sample_050,Malate,malate,direct,4,0,M+0,0.082225887189922284
condition1,theta1_sample_050,Malate,malate,direct,4,1,M+1,0.015492378664716264
condition1,theta1_sample_050,Malate,malate,direct,4,2,M+2,0.39416075324032651
condition1,theta1_sample_050,Malate,malate,direct,4,3,M+3,0.036297808765509032
condition1,theta1_sample_050,Malate,malate,direct,4,4,M+4,0.47182317213952607
condition1,theta1_sample_050,Glutamine,glutamine,direct,5,0,M+0,0.026802007429371364
condition1,theta1_sample_050,Glutamine,glutamine,direct,5,1,M+1,0.062933274101088871
condition1,theta1_sample_050,Glutamine,glutamine,direct,5,2,M+2,0.12626326171880317
condition1,theta1_sample_050,Glutamine,glutamine,direct,5,3,M+3,0.29338653196209052
condition1,theta1_sample_050,Glutamine,glutamine,direct,5,4,M+4,0.14869401736819687
condition1,theta1_sample_050,Glutamine,glutamine,direct,5,5,M+5,0.34192090742044917
condition1,theta1_sample_050,Aspartate,aspartate,reporter,4,0,M+0,0.089456224691368005
condition1,theta1_sample_050,Aspartate,aspartate,reporter,4,1,M+1,0.20342507646041327
condition1,theta1_sample_050,Aspartate,aspartate,reporter,4,2,M+2,0.013482771253904194
condition1,theta1_sample_050,Aspartate,aspartate,reporter,4,3,M+3,0.20493432934547989
condition1,theta1_sample_050,Aspartate,aspartate,reporter,4,4,M+4,0.48870159824883491
condition1,theta1_sample_050,Glycine,glycine,reporter,2,0,M+0,0.29999999999999999
condition1,theta1_sample_050,Glycine,glycine,reporter,2,1,M+1,-0
condition1,theta1_sample_050,Glycine,glycine,reporter,2,2,M+2,0.70000000000000007
condition1,theta1_sample_050,Serine,serine,reporter,3,0,M+0,0.29999999999999999
condition1,theta1_sample_050,Serine,serine,reporter,3,1,M+1,-0
condition1,theta1_sample_050,Serine,serine,reporter,3,2,M+2,-0
condition1,theta1_sample_050,Serine,serine,reporter,3,3,M+3,0.70000000000000007
condition1,theta1_sample_051,Pyruvate,pyruvate,direct,3,0,M+0,0.29853473680827031
condition1,theta1_sample_051,Pyruvate,pyruvate,direct,3,1,M+1,0.0013655060806649993
condition1,theta1_sample_051,Pyruvate,pyruvate,direct,3,2,M+2,0.0016647774138597955
condition1,theta1_sample_051,Pyruvate,pyruvate,direct,3,3,M+3,0.69843497969720547
condition1,theta1_sample_051,Alanine,alanine,reporter,3,0,M+0,0.29853473680827031
condition1,theta1_sample_051,Alanine,alanine,reporter,3,1,M+1,0.0013655060806649993
condition1,theta1_sample_051,Alanine,alanine,reporter,3,2,M+2,0.0016647774138597955
condition1,theta1_sample_051,Alanine,alanine,reporter,3,3,M+3,0.69843497969720547
condition1,theta1_sample_051,Lactate,lactate,reporter,3,0,M+0,0.29853473680827031
condition1,theta1_sample_051,Lactate,lactate,reporter,3,1,M+1,0.0013655060806649993
condition1,theta1_sample_051,Lactate,lactate,reporter,3,2,M+2,0.0016647774138597955
condition1,theta1_sample_051,Lactate,lactate,reporter,3,3,M+3,0.69843497969720547
condition1,theta1_sample_051,Citrate,citrate,reporter,6,0,M+0,0.026643702674397977
condition1,theta1_sample_051,Citrate,citrate,reporter,6,1,M+1,0.061030463178081605
condition1,theta1_sample_051,Citrate,citrate,reporter,6,2,M+2,0.066886802008059618
condition1,theta1_sample_051,Citrate,citrate,reporter,6,3,M+3,0.20367621312840042
condition1,theta1_sample_051,Citrate,citrate,reporter,6,4,M+4,0.15565973189697335
condition1,theta1_sample_051,Citrate,citrate,reporter,6,5,M+5,0.14509015685182114
condition1,theta1_sample_051,Citrate,citrate,reporter,6,6,M+6,0.34101293026226759
condition1,theta1_sample_051,aKG,akg,direct,5,0,M+0,0.026756615956613324
condition1,theta1_sample_051,aKG,akg,direct,5,1,M+1,0.062917770803312789
condition1,theta1_sample_051,aKG,akg,direct,5,2,M+2,0.12632341087562424
condition1,theta1_sample_051,aKG,akg,direct,5,3,M+3,0.29324659815935067
condition1,theta1_sample_051,aKG,akg,direct,5,4,M+4,0.14908240805811215
condition1,theta1_sample_051,aKG,akg,direct,5,5,M+5,0.34167319614698938
condition1,theta1_sample_051,Succinate,succinate,direct,4,0,M+0,0.087548618137779602
condition1,theta1_sample_051,Succinate,succinate,direct,4,1,M+1,0.004883819179635731
condition1,theta1_sample_051,Succinate,succinate,direct,4,2,M+2,0.41185398651900618
condition1,theta1_sample_051,Succinate,succinate,direct,4,3,M+3,0.011446096871964764
condition1,theta1_sample_051,Succinate,succinate,direct,4,4,M+4,0.48426747929161584
condition1,theta1_sample_051,Fumarate,fumarate,direct,4,0,M+0,0.087548618137779602
condition1,theta1_sample_051,Fumarate,fumarate,direct,4,1,M+1,0.004883819179635731
condition1,theta1_sample_051,Fumarate,fumarate,direct,4,2,M+2,0.41185398651900618
condition1,theta1_sample_051,Fumarate,fumarate,direct,4,3,M+3,0.011446096871964764
condition1,theta1_sample_051,Fumarate,fumarate,direct,4,4,M+4,0.48426747929161584
condition1,theta1_sample_051,Malate,malate,direct,4,0,M+0,0.077662244668473365
condition1,theta1_sample_051,Malate,malate,direct,4,1,M+1,0.024564496310779275
condition1,theta1_sample_051,Malate,malate,direct,4,2,M+2,0.37902216803127731
condition1,theta1_sample_051,Malate,malate,direct,4,3,M+3,0.057613196331216816
condition1,theta1_sample_051,Malate,malate,direct,4,4,M+4,0.46113789465825539
condition1,theta1_sample_051,Glutamine,glutamine,direct,5,0,M+0,0.026756615956613331
condition1,theta1_sample_051,Glutamine,glutamine,direct,5,1,M+1,0.062917770803312817
condition1,theta1_sample_051,Glutamine,glutamine,direct,5,2,M+2,0.12632341087562426
condition1,theta1_sample_051,Glutamine,glutamine,direct,5,3,M+3,0.29324659815935078
condition1,theta1_sample_051,Glutamine,glutamine,direct,5,4,M+4,0.14908240805811221
condition1,theta1_sample_051,Glutamine,glutamine,direct,5,5,M+5,0.34167319614698949
condition1,theta1_sample_051,Aspartate,aspartate,reporter,4,0,M+0,0.089225887987339533
condition1,theta1_sample_051,Aspartate,aspartate,reporter,4,1,M+1,0.20355120855872436
condition1,theta1_sample_051,Aspartate,aspartate,reporter,4,2,M+2,0.013350846985536294
condition1,theta1_sample_051,Aspartate,aspartate,reporter,4,3,M+3,0.20574112840339789
condition1,theta1_sample_051,Aspartate,aspartate,reporter,4,4,M+4,0.48813092806500302
condition1,theta1_sample_051,Glycine,glycine,reporter,2,0,M+0,0.3000000000000001
condition1,theta1_sample_051,Glycine,glycine,reporter,2,1,M+1,-0
condition1,theta1_sample_051,Glycine,glycine,reporter,2,2,M+2,0.70000000000000007
condition1,theta1_sample_051,Serine,serine,reporter,3,0,M+0,0.3000000000000001
condition1,theta1_sample_051,Serine,serine,reporter,3,1,M+1,-0
condition1,theta1_sample_051,Serine,serine,reporter,3,2,M+2,-0
condition1,theta1_sample_051,Serine,serine,reporter,3,3,M+3,0.70000000000000007
condition1,theta1_sample_052,Pyruvate,pyruvate,direct,3,0,M+0,0.29800188263117061
condition1,theta1_sample_052,Pyruvate,pyruvate,direct,3,1,M+1,0.0018210039005910367
condition1,theta1_sample_052,Pyruvate,pyruvate,direct,3,2,M+2,0.0023523443053058615
condition1,theta1_sample_052,Pyruvate,pyruvate,direct,3,3,M+3,0.69782476916293201
condition1,theta1_sample_052,Alanine,alanine,reporter,3,0,M+0,0.29800188263117061
condition1,theta1_sample_052,Alanine,alanine,reporter,3,1,M+1,0.0018210039005910367
condition1,theta1_sample_052,Alanine,alanine,reporter,3,2,M+2,0.0023523443053058615
condition1,theta1_sample_052,Alanine,alanine,reporter,3,3,M+3,0.69782476916293201
condition1,theta1_sample_052,Lactate,lactate,reporter,3,0,M+0,0.29800188263117061
condition1,theta1_sample_052,Lactate,lactate,reporter,3,1,M+1,0.0018210039005910367
condition1,theta1_sample_052,Lactate,lactate,reporter,3,2,M+2,0.0023523443053058615
condition1,theta1_sample_052,Lactate,lactate,reporter,3,3,M+3,0.69782476916293201
condition1,theta1_sample_052,Citrate,citrate,reporter,6,0,M+0,0.026616658980328195
condition1,theta1_sample_052,Citrate,citrate,reporter,6,1,M+1,0.061435980910335503
condition1,theta1_sample_052,Citrate,citrate,reporter,6,2,M+2,0.066226087246383653
condition1,theta1_sample_052,Citrate,citrate,reporter,6,3,M+3,0.20484081487126243
condition1,theta1_sample_052,Citrate,citrate,reporter,6,4,M+4,0.15367374983302054
condition1,theta1_sample_052,Citrate,citrate,reporter,6,5,M+5,0.14634584830098862
condition1,theta1_sample_052,Citrate,citrate,reporter,6,6,M+6,0.34086085985768
condition1,theta1_sample_052,aKG,akg,direct,5,0,M+0,0.026737036572797388
condition1,theta1_sample_052,aKG,akg,direct,5,1,M+1,0.06291115568629764
condition1,theta1_sample_052,aKG,akg,direct,5,2,M+2,0.12634942806496852
condition1,theta1_sample_052,aKG,akg,direct,5,3,M+3,0.29318598989059269
condition1,theta1_sample_052,aKG,akg,direct,5,4,M+4,0.14924993041472934
condition1,theta1_sample_052,aKG,akg,direct,5,5,M+5,0.34156645937061286
condition1,theta1_sample_052,Succinate,succinate,direct,4,0,M+0,0.087897536386619152
condition1,theta1_sample_052,Succinate,succinate,direct,4,1,M+1,0.0041856211577674047
condition1,theta1_sample_052,Succinate,succinate,direct,4,2,M+2,0.41301752938072223
condition1,theta1_sample_052,Succinate,succinate,direct,4,3,M+3,0.0098179322187744722
condition1,theta1_sample_052,Succinate,succinate,direct,4,4,M+4,0.48508138085611474
condition1,theta1_sample_052,Fumarate,fumarate,direct,4,0,M+0,0.087897536386619152
condition1,theta1_sample_052,Fumarate,fumarate,direct,4,1,M+1,0.0041856211577674047
condition1,theta1_sample_052,Fumarate,fumarate,direct,4,2,M+2,0.41301752938072223
condition1,theta1_sample_052,Fumarate,fumarate,direct,4,3,M+3,0.0098179322187744722
condition1,theta1_sample_052,Fumarate,fumarate,direct,4,4,M+4,0.48508138085611469
condition1,theta1_sample_052,Malate,malate,direct,4,0,M+0,0.074198611800766021
condition1,theta1_sample_052,Malate,malate,direct,4,1,M+1,0.031412055465010885
condition1,theta1_sample_052,Malate,malate,direct,4,2,M+2,0.36758300058049548
condition1,theta1_sample_052,Malate,malate,direct,4,3,M+3,0.073803385240910097
condition1,theta1_sample_052,Malate,malate,direct,4,4,M+4,0.45300294691281551
condition1,theta1_sample_052,Glutamine,glutamine,direct,5,0,M+0,0.026737036572797385
condition1,theta1_sample_052,Glutamine,glutamine,direct,5,1,M+1,0.062911155686297626
condition1,theta1_sample_052,Glutamine,glutamine,direct,5,2,M+2,0.12634942806496849
condition1,theta1_sample_052,Glutamine,glutamine,direct,5,3,M+3,0.29318598989059258
condition1,theta1_sample_052,Glutamine,glutamine,direct,5,4,M+4,0.14924993041472931
condition1,theta1_sample_052,Glutamine,glutamine,direct,5,5,M+5,0.34156645937061275
condition1,theta1_sample_052,Aspartate,aspartate,reporter,4,0,M+0,0.089277287740179664
condition1,theta1_sample_052,Aspartate,aspartate,reporter,4,1,M+1,0.20495072392655492
condition1,theta1_sample_052,Aspartate,aspartate,reporter,4,2,M+2,0.010511795780296797
condition1,theta1_sample_052,Aspartate,aspartate,reporter,4,3,M+3,0.20701508569902219
condition1,theta1_sample_052,Aspartate,aspartate,reporter,4,4,M+4,0.48824510685394562
condition1,theta1_sample_052,Glycine,glycine,reporter,2,0,M+0,0.29999999999999999
condition1,theta1_sample_052,Glycine,glycine,reporter,2,1,M+1,-0
condition1,theta1_sample_052,Glycine,glycine,reporter,2,2,M+2,0.69999999999999984
condition1,theta1_sample_052,Serine,serine,reporter,3,0,M+0,0.29999999999999999
condition1,theta1_sample_052,Serine,serine,reporter,3,1,M+1,-0
condition1,theta1_sample_052,Serine,serine,reporter,3,2,M+2,-0
condition1,theta1_sample_052,Serine,serine,reporter,3,3,M+3,0.69999999999999984
condition1,theta1_sample_053,Pyruvate,pyruvate,direct,3,0,M+0,0.29818768587771449
condition1,theta1_sample_053,Pyruvate,pyruvate,direct,3,1,M+1,0.0016217598772487215
condition1,theta1_sample_053,Pyruvate,pyruvate,direct,3,2,M+2,0.0021934226123591378
condition1,theta1_sample_053,Pyruvate,pyruvate,direct,3,3,M+3,0.69799713163267785
condition1,theta1_sample_053,Alanine,alanine,reporter,3,0,M+0,0.29818768587771449
condition1,theta1_sample_053,Alanine,alanine,reporter,3,1,M+1,0.0016217598772487215
condition1,theta1_sample_053,Alanine,alanine,reporter,3,2,M+2,0.0021934226123591378
condition1,theta1_sample_053,Alanine,alanine,reporter,3,3,M+3,0.69799713163267785
condition1,theta1_sample_053,Lactate,lactate,reporter,3,0,M+0,0.29818768587771449
condition1,theta1_sample_053,Lactate,lactate,reporter,3,1,M+1,0.0016217598772487215
condition1,theta1_sample_053,Lactate,lactate,reporter,3,2,M+2,0.0021934226123591378
condition1,theta1_sample_053,Lactate,lactate,reporter,3,3,M+3,0.69799713163267785
condition1,theta1_sample_053,Citrate,citrate,reporter,6,0,M+0,0.026649391286514033
condition1,theta1_sample_053,Citrate,citrate,reporter,6,1,M+1,0.061714633540291219
condition1,theta1_sample_053,Citrate,citrate,reporter,6,2,M+2,0.065647304354079367
condition1,theta1_sample_053,Citrate,citrate,reporter,6,3,M+3,0.20578357618109913
condition1,theta1_sample_053,Citrate,citrate,reporter,6,4,M+4,0.15242522007111139
condition1,theta1_sample_053,Citrate,citrate,reporter,6,5,M+5,0.14674009847762412
condition1,theta1_sample_053,Citrate,citrate,reporter,6,6,M+6,0.34103977608928188
condition1,theta1_sample_053,aKG,akg,direct,5,0,M+0,0.026771294288002609
condition1,theta1_sample_053,aKG,akg,direct,5,1,M+1,0.062922886671351375
condition1,theta1_sample_053,aKG,akg,direct,5,2,M+2,0.12630406285801379
condition1,theta1_sample_053,aKG,akg,direct,5,3,M+3,0.29329149565498669
condition1,theta1_sample_053,aKG,akg,direct,5,4,M+4,0.14895680199056888
condition1,theta1_sample_053,aKG,akg,direct,5,5,M+5,0.34175345853707811
condition1,theta1_sample_053,Succinate,succinate,direct,4,0,M+0,0.088260159303072253
condition1,theta1_sample_053,Succinate,succinate,direct,4,1,M+1,0.0034658147640973993
condition1,theta1_sample_053,Succinate,succinate,direct,4,2,M+2,0.41421901984991938
condition1,theta1_sample_053,Succinate,succinate,direct,4,3,M+3,0.0081238787955835237
condition1,theta1_sample_053,Succinate,succinate,direct,4,4,M+4,0.4859311272873304
condition1,theta1_sample_053,Fumarate,fumarate,direct,4,0,M+0,0.088260159303072253
condition1,theta1_sample_053,Fumarate,fumarate,direct,4,1,M+1,0.0034658147640973989
condition1,theta1_sample_053,Fumarate,fumarate,direct,4,2,M+2,0.41421901984991932
condition1,theta1_sample_053,Fumarate,fumarate,direct,4,3,M+3,0.0081238787955835237
condition1,theta1_sample_053,Fumarate,fumarate,direct,4,4,M+4,0.48593112728733034
condition1,theta1_sample_053,Malate,malate,direct,4,0,M+0,0.071355085535158902
condition1,theta1_sample_053,Malate,malate,direct,4,1,M+1,0.037086767469736957
condition1,theta1_sample_053,Malate,malate,direct,4,2,M+2,0.35812103373045756
condition1,theta1_sample_053,Malate,malate,direct,4,3,M+3,0.087077287989241317
condition1,theta1_sample_053,Malate,malate,direct,4,4,M+4,0.44635982527540768
condition1,theta1_sample_053,Glutamine,glutamine,direct,5,0,M+0,0.026771294288002605
condition1,theta1_sample_053,Glutamine,glutamine,direct,5,1,M+1,0.062922886671351361
condition1,theta1_sample_053,Glutamine,glutamine,direct,5,2,M+2,0.12630406285801379
condition1,theta1_sample_053,Glutamine,glutamine,direct,5,3,M+3,0.29329149565498663
condition1,theta1_sample_053,Glutamine,glutamine,direct,5,4,M+4,0.14895680199056885
condition1,theta1_sample_053,Glutamine,glutamine,direct,5,5,M+5,0.34175345853707811
condition1,theta1_sample_053,Aspartate,aspartate,reporter,4,0,M+0,0.089328386518273545
condition1,theta1_sample_053,Aspartate,aspartate,reporter,4,1,M+1,0.20586686005691557
condition1,theta1_sample_053,Aspartate,aspartate,reporter,4,2,M+2,0.0086454785976261966
condition1,theta1_sample_053,Aspartate,aspartate,reporter,4,3,M+3,0.20779491656090779
condition1,theta1_sample_053,Aspartate,aspartate,reporter,4,4,M+4,0.48836435826627783
condition1,theta1_sample_053,Glycine,glycine,reporter,2,0,M+0,0.30000000000000004
condition1,theta1_sample_053,Glycine,glycine,reporter,2,1,M+1,-0
condition1,theta1_sample_053,Glycine,glycine,reporter,2,2,M+2,0.70000000000000018
condition1,theta1_sample_053,Serine,serine,reporter,3,0,M+0,0.30000000000000004
condition1,theta1_sample_053,Serine,serine,reporter,3,1,M+1,-0
condition1,theta1_sample_053,Serine,serine,reporter,3,2,M+2,-0
condition1,theta1_sample_053,Serine,serine,reporter,3,3,M+3,0.70000000000000018
condition1,theta1_sample_054,Pyruvate,pyruvate,direct,3,0,M+0,0.2985942170974637
condition1,theta1_sample_054,Pyruvate,pyruvate,direct,3,1,M+1,0.0013400594932524753
condition1,theta1_sample_054,Pyruvate,pyruvate,direct,3,2,M+2,0.0015372297211044762
condition1,theta1_sample_054,Pyruvate,pyruvate,direct,3,3,M+3,0.69852849368817993
condition1,theta1_sample_054,Alanine,alanine,reporter,3,0,M+0,0.2985942170974637
condition1,theta1_sample_054,Alanine,alanine,reporter,3,1,M+1,0.0013400594932524753
condition1,theta1_sample_054,Alanine,alanine,reporter,3,2,M+2,0.0015372297211044762
condition1,theta1_sample_054,Alanine,alanine,reporter,3,3,M+3,0.69852849368817993
condition1,theta1_sample_054,Lactate,lactate,reporter,3,0,M+0,0.2985942170974637
condition1,theta1_sample_054,Lactate,lactate,reporter,3,1,M+1,0.0013400594932524753
condition1,theta1_sample_054,Lactate,lactate,reporter,3,2,M+2,0.0015372297211044762
condition1,theta1_sample_054,Lactate,lactate,reporter,3,3,M+3,0.69852849368817993
condition1,theta1_sample_054,Citrate,citrate,reporter,6,0,M+0,0.026712417052757436
condition1,theta1_sample_054,Citrate,citrate,reporter,6,1,M+1,0.06124079167184792
condition1,theta1_sample_054,Citrate,citrate,reporter,6,2,M+2,0.066578524028604563
condition1,theta1_sample_054,Citrate,citrate,reporter,6,3,M+3,0.20419135235844052
condition1,theta1_sample_054,Citrate,citrate,reporter,6,4,M+4,0.15476335637251315
condition1,theta1_sample_054,Citrate,citrate,reporter,6,5,M+5,0.14510667338945163
condition1,theta1_sample_054,Citrate,citrate,reporter,6,6,M+6,0.34140688512638584
condition1,theta1_sample_054,aKG,akg,direct,5,0,M+0,0.026778224679307093
condition1,theta1_sample_054,aKG,akg,direct,5,1,M+1,0.062925169263936931
condition1,theta1_sample_054,aKG,akg,direct,5,2,M+2,0.12629479479842523
condition1,theta1_sample_054,aKG,akg,direct,5,3,M+3,0.29331315172497036
condition1,theta1_sample_054,aKG,akg,direct,5,4,M+4,0.14889751170250268
condition1,theta1_sample_054,aKG,akg,direct,5,5,M+5,0.34179114783085918
condition1,theta1_sample_054,Succinate,succinate,direct,4,0,M+0,0.087759113068387379
condition1,theta1_sample_054,Succinate,succinate,direct,4,1,M+1,0.0044651137210121629
condition1,theta1_sample_054,Succinate,succinate,direct,4,2,M+2,0.4125525904175758
condition1,theta1_sample_054,Succinate,succinate,direct,4,3,M+3,0.010463025728263908
condition1,theta1_sample_054,Succinate,succinate,direct,4,4,M+4,0.48476015706476178
condition1,theta1_sample_054,Fumarate,fumarate,direct,4,0,M+0,0.087759113068387379
condition1,theta1_sample_054,Fumarate,fumarate,direct,4,1,M+1,0.004465113721012162
condition1,theta1_sample_054,Fumarate,fumarate,direct,4,2,M+2,0.41255259041757575
condition1,theta1_sample_054,Fumarate,fumarate,direct,4,3,M+3,0.010463025728263908
condition1,theta1_sample_054,Fumarate,fumarate,direct,4,4,M+4,0.48476015706476172
condition1,theta1_sample_054,Malate,malate,direct,4,0,M+0,0.081359353078177973
condition1,theta1_sample_054,Malate,malate,direct,4,1,M+1,0.017206496073389067
condition1,theta1_sample_054,Malate,malate,direct,4,2,M+2,0.39129757395426695
condition1,theta1_sample_054,Malate,malate,direct,4,3,M+3,0.040347951558588391
condition1,theta1_sample_054,Malate,malate,direct,4,4,M+4,0.46978862533557864
condition1,theta1_sample_054,Glutamine,glutamine,direct,5,0,M+0,0.026778224679307096
condition1,theta1_sample_054,Glutamine,glutamine,direct,5,1,M+1,0.062925169263936945
condition1,theta1_sample_054,Glutamine,glutamine,direct,5,2,M+2,0.12629479479842523
condition1,theta1_sample_054,Glutamine,glutamine,direct,5,3,M+3,0.29331315172497041
condition1,theta1_sample_054,Glutamine,glutamine,direct,5,4,M+4,0.14889751170250271
condition1,theta1_sample_054,Glutamine,glutamine,direct,5,5,M+5,0.34179114783085918
condition1,theta1_sample_054,Aspartate,aspartate,reporter,4,0,M+0,0.08944583153227581
condition1,theta1_sample_054,Aspartate,aspartate,reporter,4,1,M+1,0.20425063624714576
condition1,theta1_sample_054,Aspartate,aspartate,reporter,4,2,M+2,0.011832322539782449
condition1,theta1_sample_054,Aspartate,aspartate,reporter,4,3,M+3,0.20580012004989531
condition1,theta1_sample_054,Aspartate,aspartate,reporter,4,4,M+4,0.48867108963090128
condition1,theta1_sample_054,Glycine,glycine,reporter,2,0,M+0,0.3000000000000001
condition1,theta1_sample_054,Glycine,glycine,reporter,2,1,M+1,-0
condition1,theta1_sample_054,Glycine,glycine,reporter,2,2,M+2,0.70000000000000018
condition1,theta1_sample_054,Serine,serine,reporter,3,0,M+0,0.3000000000000001
condition1,theta1_sample_054,Serine,serine,reporter,3,1,M+1,-0
condition1,theta1_sample_054,Serine,serine,reporter,3,2,M+2,-0
condition1,theta1_sample_054,Serine,serine,reporter,3,3,M+3,0.70000000000000018
condition1,theta1_sample_055,Pyruvate,pyruvate,direct,3,0,M+0,0.29919235977253833
condition1,theta1_sample_055,Pyruvate,pyruvate,direct,3,1,M+1,0.00078006935266295091
condition1,theta1_sample_055,Pyruvate,pyruvate,direct,3,2,M+2,0.00086278197705893448
condition1,theta1_sample_055,Pyruvate,pyruvate,direct,3,3,M+3,0.69916478889773959
condition1,theta1_sample_055,Alanine,alanine,reporter,3,0,M+0,0.29919235977253833
condition1,theta1_sample_055,Alanine,alanine,reporter,3,1,M+1,0.00078006935266295091
condition1,theta1_sample_055,Alanine,alanine,reporter,3,2,M+2,0.00086278197705893448
condition1,theta1_sample_055,Alanine,alanine,reporter,3,3,M+3,0.69916478889773959
condition1,theta1_sample_055,Lactate,lactate,reporter,3,0,M+0,0.29919235977253833
condition1,theta1_sample_055,Lactate,lactate,reporter,3,1,M+1,0.00078006935266295091
condition1,theta1_sample_055,Lactate,lactate,reporter,3,2,M+2,0.00086278197705893448
condition1,theta1_sample_055,Lactate,lactate,reporter,3,3,M+3,0.69916478889773959
condition1,theta1_sample_055,Citrate,citrate,reporter,6,0,M+0,0.026801321211993613
condition1,theta1_sample_055,Citrate,citrate,reporter,6,1,M+1,0.060932171478323457
condition1,theta1_sample_055,Citrate,citrate,reporter,6,2,M+2,0.067117347403902142
condition1,theta1_sample_055,Citrate,citrate,reporter,6,3,M+3,0.20322366422026675
condition1,theta1_sample_055,Citrate,citrate,reporter,6,4,M+4,0.15637053868688466
condition1,theta1_sample_055,Citrate,citrate,reporter,6,5,M+5,0.14364975568624141
condition1,theta1_sample_055,Citrate,citrate,reporter,6,6,M+6,0.34190520131238705
condition1,theta1_sample_055,aKG,akg,direct,5,0,M+0,0.026857663197880206
condition1,theta1_sample_055,aKG,akg,direct,5,1,M+1,0.062952178240367487
condition1,theta1_sample_055,aKG,akg,direct,5,2,M+2,0.12618940624390032
condition1,theta1_sample_055,aKG,akg,direct,5,3,M+3,0.29355847005192692
condition1,theta1_sample_055,aKG,akg,direct,5,4,M+4,0.14821781221357164
condition1,theta1_sample_055,aKG,akg,direct,5,5,M+5,0.34222447005235163
condition1,theta1_sample_055,Succinate,succinate,direct,4,0,M+0,0.087633404870335899
condition1,theta1_sample_055,Succinate,succinate,direct,4,1,M+1,0.0047219833425013744
condition1,theta1_sample_055,Succinate,succinate,direct,4,2,M+2,0.41212629212355545
condition1,theta1_sample_055,Succinate,succinate,direct,4,3,M+3,0.011047846244041482
condition1,theta1_sample_055,Succinate,succinate,direct,4,4,M+4,0.48447047341956578
condition1,theta1_sample_055,Fumarate,fumarate,direct,4,0,M+0,0.087633404870335899
condition1,theta1_sample_055,Fumarate,fumarate,direct,4,1,M+1,0.0047219833425013744
condition1,theta1_sample_055,Fumarate,fumarate,direct,4,2,M+2,0.41212629212355545
condition1,theta1_sample_055,Fumarate,fumarate,direct,4,3,M+3,0.01104784624404148
condition1,theta1_sample_055,Fumarate,fumarate,direct,4,4,M+4,0.48447047341956573
condition1,theta1_sample_055,Malate,malate,direct,4,0,M+0,0.083381611774532835
condition1,theta1_sample_055,Malate,malate,direct,4,1,M+1,0.01320320419919534
condition1,theta1_sample_055,Malate,malate,direct,4,2,M+2,0.39798346891742814
condition1,theta1_sample_055,Malate,malate,direct,4,3,M+3,0.030897002469426473
condition1,theta1_sample_055,Malate,malate,direct,4,4,M+4,0.4745347126394171
condition1,theta1_sample_055,Glutamine,glutamine,direct,5,0,M+0,0.026857663197880199
condition1,theta1_sample_055,Glutamine,glutamine,direct,5,1,M+1,0.062952178240367473
condition1,theta1_sample_055,Glutamine,glutamine,direct,5,2,M+2,0.12618940624390029
condition1,theta1_sample_055,Glutamine,glutamine,direct,5,3,M+3,0.29355847005192687
condition1,theta1_sample_055,Glutamine,glutamine,direct,5,4,M+4,0.14821781221357158
condition1,theta1_sample_055,Glutamine,glutamine,direct,5,5,M+5,0.34222447005235146
condition1,theta1_sample_055,Aspartate,aspartate,reporter,4,0,M+0,0.089572705111819889
condition1,theta1_sample_055,Aspartate,aspartate,reporter,4,1,M+1,0.20317026041397809
condition1,theta1_sample_055,Aspartate,aspartate,reporter,4,2,M+2,0.013927098892746527
condition1,theta1_sample_055,Aspartate,aspartate,reporter,4,3,M+3,0.20434420052529234
condition1,theta1_sample_055,Aspartate,aspartate,reporter,4,4,M+4,0.48898573505616244
condition1,theta1_sample_055,Glycine,glycine,reporter,2,0,M+0,0.30000000000000004
condition1,theta1_sample_055,Glycine,glycine,reporter,2,1,M+1,-0
condition1,theta1_sample_055,Glycine,glycine,reporter,2,2,M+2,0.69999999999999996
condition1,theta1_sample_055,Serine,serine,reporter,3,0,M+0,0.30000000000000004
condition1,theta1_sample_055,Serine,serine,reporter,3,1,M+1,-0
condition1,theta1_sample_055,Serine,serine,reporter,3,2,M+2,-0
condition1,theta1_sample_055,Serine,serine,reporter,3,3,M+3,0.69999999999999996
condition1,theta1_sample_056,Pyruvate,pyruvate,direct,3,0,M+0,0.29909132170401842
condition1,theta1_sample_056,Pyruvate,pyruvate,direct,3,1,M+1,0.00086610614457554907
condition1,theta1_sample_056,Pyruvate,pyruvate,direct,3,2,M+2,0.0009938225987933568
condition1,theta1_sample_056,Pyruvate,pyruvate,direct,3,3,M+3,0.69904874955261254
condition1,theta1_sample_056,Alanine,alanine,reporter,3,0,M+0,0.29909132170401842
condition1,theta1_sample_056,Alanine,alanine,reporter,3,1,M+1,0.00086610614457554907
condition1,theta1_sample_056,Alanine,alanine,reporter,3,2,M+2,0.0009938225987933568
condition1,theta1_sample_056,Alanine,alanine,reporter,3,3,M+3,0.69904874955261254
condition1,theta1_sample_056,Lactate,lactate,reporter,3,0,M+0,0.29909132170401842
condition1,theta1_sample_056,Lactate,lactate,reporter,3,1,M+1,0.00086610614457554907
condition1,theta1_sample_056,Lactate,lactate,reporter,3,2,M+2,0.0009938225987933568
condition1,theta1_sample_056,Lactate,lactate,reporter,3,3,M+3,0.69904874955261254
condition1,theta1_sample_056,Citrate,citrate,reporter,6,0,M+0,0.026723176768351235
condition1,theta1_sample_056,Citrate,citrate,reporter,6,1,M+1,0.059977743859594028
condition1,theta1_sample_056,Citrate,citrate,reporter,6,2,M+2,0.068923744034955936
condition1,theta1_sample_056,Citrate,citrate,reporter,6,3,M+3,0.2002149985339558
condition1,theta1_sample_056,Citrate,citrate,reporter,6,4,M+4,0.16074664154725907
condition1,theta1_sample_056,Citrate,citrate,reporter,6,5,M+5,0.14193896525571328
condition1,theta1_sample_056,Citrate,citrate,reporter,6,6,M+6,0.34147473000017059
condition1,theta1_sample_056,aKG,akg,direct,5,0,M+0,0.026841038063013915
condition1,theta1_sample_056,aKG,akg,direct,5,1,M+1,0.06294654339799563
condition1,theta1_sample_056,aKG,akg,direct,5,2,M+2,0.12621147995963924
condition1,theta1_sample_056,aKG,akg,direct,5,3,M+3,0.29350706819381545
condition1,theta1_sample_056,aKG,akg,direct,5,4,M+4,0.14836005982640091
condition1,theta1_sample_056,aKG,akg,direct,5,5,M+5,0.34213381055913589
condition1,theta1_sample_056,Succinate,succinate,direct,4,0,M+0,0.086681087164297552
condition1,theta1_sample_056,Succinate,succinate,direct,4,1,M+1,0.006619911668603492
condition1,theta1_sample_056,Succinate,succinate,direct,4,2,M+2,0.40896084255139398
condition1,theta1_sample_056,Succinate,succinate,direct,4,3,M+3,0.015494231234212376
condition1,theta1_sample_056,Succinate,succinate,direct,4,4,M+4,0.48224392738149341
condition1,theta1_sample_056,Fumarate,fumarate,direct,4,0,M+0,0.086681087164297552
condition1,theta1_sample_056,Fumarate,fumarate,direct,4,1,M+1,0.006619911668603492
condition1,theta1_sample_056,Fumarate,fumarate,direct,4,2,M+2,0.40896084255139398
condition1,theta1_sample_056,Fumarate,fumarate,direct,4,3,M+3,0.015494231234212376
condition1,theta1_sample_056,Fumarate,fumarate,direct,4,4,M+4,0.48224392738149346
condition1,theta1_sample_056,Malate,malate,direct,4,0,M+0,0.080858388963349265
condition1,theta1_sample_056,Malate,malate,direct,4,1,M+1,0.018231174676501087
condition1,theta1_sample_056,Malate,malate,direct,4,2,M+2,0.38959735974023157
condition1,theta1_sample_056,Malate,malate,direct,4,3,M+3,0.042678200636637277
condition1,theta1_sample_056,Malate,malate,direct,4,4,M+4,0.46863487598328146
condition1,theta1_sample_056,Glutamine,glutamine,direct,5,0,M+0,0.026841038063013925
condition1,theta1_sample_056,Glutamine,glutamine,direct,5,1,M+1,0.062946543397995644
condition1,theta1_sample_056,Glutamine,glutamine,direct,5,2,M+2,0.12621147995963927
condition1,theta1_sample_056,Glutamine,glutamine,direct,5,3,M+3,0.29350706819381556
condition1,theta1_sample_056,Glutamine,glutamine,direct,5,4,M+4,0.14836005982640096
condition1,theta1_sample_056,Glutamine,glutamine,direct,5,5,M+5,0.342133810559136
condition1,theta1_sample_056,Aspartate,aspartate,reporter,4,0,M+0,0.089338346970055382
condition1,theta1_sample_056,Aspartate,aspartate,reporter,4,1,M+1,0.19998809537793671
condition1,theta1_sample_056,Aspartate,aspartate,reporter,4,2,M+2,0.020441572708355515
condition1,theta1_sample_056,Aspartate,aspartate,reporter,4,3,M+3,0.20179918056925752
condition1,theta1_sample_056,Aspartate,aspartate,reporter,4,4,M+4,0.48843280437439496
condition1,theta1_sample_056,Glycine,glycine,reporter,2,0,M+0,0.29999999999999999
condition1,theta1_sample_056,Glycine,glycine,reporter,2,1,M+1,-0
condition1,theta1_sample_056,Glycine,glycine,reporter,2,2,M+2,0.69999999999999996
condition1,theta1_sample_056,Serine,serine,reporter,3,0,M+0,0.29999999999999999
condition1,theta1_sample_056,Serine,serine,reporter,3,1,M+1,-0
condition1,theta1_sample_056,Serine,serine,reporter,3,2,M+2,-0
condition1,theta1_sample_056,Serine,serine,reporter,3,3,M+3,0.69999999999999996
condition1,theta1_sample_057,Pyruvate,pyruvate,direct,3,0,M+0,0.29874909781934672
condition1,theta1_sample_057,Pyruvate,pyruvate,direct,3,1,M+1,0.0011403627615212987
condition1,theta1_sample_057,Pyruvate,pyruvate,direct,3,2,M+2,0.0014719810189175013
condition1,theta1_sample_057,Pyruvate,pyruvate,direct,3,3,M+3,0.69863855840021472
condition1,theta1_sample_057,Alanine,alanine,reporter,3,0,M+0,0.29874909781934672
condition1,theta1_sample_057,Alanine,alanine,reporter,3,1,M+1,0.0011403627615212987
condition1,theta1_sample_057,Alanine,alanine,reporter,3,2,M+2,0.0014719810189175013
condition1,theta1_sample_057,Alanine,alanine,reporter,3,3,M+3,0.69863855840021472
condition1,theta1_sample_057,Lactate,lactate,reporter,3,0,M+0,0.29874909781934672
condition1,theta1_sample_057,Lactate,lactate,reporter,3,1,M+1,0.0011403627615212987
condition1,theta1_sample_057,Lactate,lactate,reporter,3,2,M+2,0.0014719810189175013
condition1,theta1_sample_057,Lactate,lactate,reporter,3,3,M+3,0.69863855840021472
condition1,theta1_sample_057,Citrate,citrate,reporter,6,0,M+0,0.026574776522619116
condition1,theta1_sample_057,Citrate,citrate,reporter,6,1,M+1,0.059883129755908635
condition1,theta1_sample_057,Citrate,citrate,reporter,6,2,M+2,0.068973958108275141
condition1,theta1_sample_057,Citrate,citrate,reporter,6,3,M+3,0.20015408520397812
condition1,theta1_sample_057,Citrate,citrate,reporter,6,4,M+4,0.16101908540371826
condition1,theta1_sample_057,Citrate,citrate,reporter,6,5,M+5,0.14273943323227192
condition1,theta1_sample_057,Citrate,citrate,reporter,6,6,M+6,0.34065553177322933
condition1,theta1_sample_057,aKG,akg,direct,5,0,M+0,0.026829461223994554
condition1,theta1_sample_057,aKG,akg,direct,5,1,M+1,0.062942642355506742
condition1,theta1_sample_057,aKG,akg,direct,5,2,M+2,0.12622687364884924
condition1,theta1_sample_057,aKG,akg,direct,5,3,M+3,0.29347119635915753
condition1,theta1_sample_057,aKG,akg,direct,5,4,M+4,0.14845911079313848
condition1,theta1_sample_057,aKG,akg,direct,5,5,M+5,0.34207071561935398
condition1,theta1_sample_057,Succinate,succinate,direct,4,0,M+0,0.086785695774116642
condition1,theta1_sample_057,Succinate,succinate,direct,4,1,M+1,0.0064062210627476839
condition1,theta1_sample_057,Succinate,succinate,direct,4,2,M+2,0.40931550243241482
condition1,theta1_sample_057,Succinate,succinate,direct,4,3,M+3,0.01500754885046292
condition1,theta1_sample_057,Succinate,succinate,direct,4,4,M+4,0.48248503188025954
condition1,theta1_sample_057,Fumarate,fumarate,direct,4,0,M+0,0.086785695774116642
condition1,theta1_sample_057,Fumarate,fumarate,direct,4,1,M+1,0.0064062210627476839
condition1,theta1_sample_057,Fumarate,fumarate,direct,4,2,M+2,0.40931550243241482
condition1,theta1_sample_057,Fumarate,fumarate,direct,4,3,M+3,0.015007548850462918
condition1,theta1_sample_057,Fumarate,fumarate,direct,4,4,M+4,0.48248503188025954
condition1,theta1_sample_057,Malate,malate,direct,4,0,M+0,0.073833129825767341
condition1,theta1_sample_057,Malate,malate,direct,4,1,M+1,0.032210101647458099
condition1,theta1_sample_057,Malate,malate,direct,4,2,M+2,0.36627528435390133
condition1,theta1_sample_057,Malate,malate,direct,4,3,M+3,0.075486607046755597
condition1,theta1_sample_057,Malate,malate,direct,4,4,M+4,0.45219487712611905
condition1,theta1_sample_057,Glutamine,glutamine,direct,5,0,M+0,0.026829461223994558
condition1,theta1_sample_057,Glutamine,glutamine,direct,5,1,M+1,0.062942642355506742
condition1,theta1_sample_057,Glutamine,glutamine,direct,5,2,M+2,0.12622687364884924
condition1,theta1_sample_057,Glutamine,glutamine,direct,5,3,M+3,0.29347119635915753
condition1,theta1_sample_057,Glutamine,glutamine,direct,5,4,M+4,0.14845911079313848
condition1,theta1_sample_057,Glutamine,glutamine,direct,5,5,M+5,0.34207071561935398
condition1,theta1_sample_057,Aspartate,aspartate,reporter,4,0,M+0,0.088928817230550503
condition1,theta1_sample_057,Aspartate,aspartate,reporter,4,1,M+1,0.19969545425792196
condition1,theta1_sample_057,Aspartate,aspartate,reporter,4,2,M+2,0.021286766522910946
condition1,theta1_sample_057,Aspartate,aspartate,reporter,4,3,M+3,0.20262483525821084
condition1,theta1_sample_057,Aspartate,aspartate,reporter,4,4,M+4,0.48746412673040607
condition1,theta1_sample_057,Glycine,glycine,reporter,2,0,M+0,0.30000000000000004
condition1,theta1_sample_057,Glycine,glycine,reporter,2,1,M+1,-0
condition1,theta1_sample_057,Glycine,glycine,reporter,2,2,M+2,0.69999999999999996
condition1,theta1_sample_057,Serine,serine,reporter,3,0,M+0,0.30000000000000004
condition1,theta1_sample_057,Serine,serine,reporter,3,1,M+1,-0
condition1,theta1_sample_057,Serine,serine,reporter,3,2,M+2,-0
condition1,theta1_sample_057,Serine,serine,reporter,3,3,M+3,0.69999999999999996
condition1,theta1_sample_058,Pyruvate,pyruvate,direct,3,0,M+0,0.29843212237444278
condition1,theta1_sample_058,Pyruvate,pyruvate,direct,3,1,M+1,0.0014026824870056269
condition1,theta1_sample_058,Pyruvate,pyruvate,direct,3,2,M+2,0.001898267902660463
condition1,theta1_sample_058,Pyruvate,pyruvate,direct,3,3,M+3,0.69826692723589101
condition1,theta1_sample_058,Alanine,alanine,reporter,3,0,M+0,0.29843212237444278
condition1,theta1_sample_058,Alanine,alanine,reporter,3,1,M+1,0.0014026824870056269
condition1,theta1_sample_058,Alanine,alanine,reporter,3,2,M+2,0.001898267902660463
condition1,theta1_sample_058,Alanine,alanine,reporter,3,3,M+3,0.69826692723589101
condition1,theta1_sample_058,Lactate,lactate,reporter,3,0,M+0,0.29843212237444278
condition1,theta1_sample_058,Lactate,lactate,reporter,3,1,M+1,0.0014026824870056269
condition1,theta1_sample_058,Lactate,lactate,reporter,3,2,M+2,0.001898267902660463
condition1,theta1_sample_058,Lactate,lactate,reporter,3,3,M+3,0.69826692723589101
condition1,theta1_sample_058,Citrate,citrate,reporter,6,0,M+0,0.026443710608077924
condition1,theta1_sample_058,Citrate,citrate,reporter,6,1,M+1,0.059210110773437033
condition1,theta1_sample_058,Citrate,citrate,reporter,6,2,M+2,0.070208424849285384
condition1,theta1_sample_058,Citrate,citrate,reporter,6,3,M+3,0.19811353200319259
condition1,theta1_sample_058,Citrate,citrate,reporter,6,4,M+4,0.16404542463990665
condition1,theta1_sample_058,Citrate,citrate,reporter,6,5,M+5,0.14202203779781386
condition1,theta1_sample_058,Citrate,citrate,reporter,6,6,M+6,0.33995675932828628
condition1,theta1_sample_058,aKG,akg,direct,5,0,M+0,0.026834923081943338
condition1,theta1_sample_058,aKG,akg,direct,5,1,M+1,0.062944634654845774
condition1,theta1_sample_058,aKG,akg,direct,5,2,M+2,0.12621976285160696
condition1,theta1_sample_058,aKG,akg,direct,5,3,M+3,0.29348759746380859
condition1,theta1_sample_058,aKG,akg,direct,5,4,M+4,0.1484123624884631
condition1,theta1_sample_058,aKG,akg,direct,5,5,M+5,0.34210071945933285
condition1,theta1_sample_058,Succinate,succinate,direct,4,0,M+0,0.086247094124806967
condition1,theta1_sample_058,Succinate,succinate,direct,4,1,M+1,0.0074736998455946241
condition1,theta1_sample_058,Succinate,succinate,direct,4,2,M+2,0.40753312962241195
condition1,theta1_sample_058,Succinate,succinate,direct,4,3,M+3,0.017524264719164712
condition1,theta1_sample_058,Succinate,succinate,direct,4,4,M+4,0.48122181168802219
condition1,theta1_sample_058,Fumarate,fumarate,direct,4,0,M+0,0.086247094124806967
condition1,theta1_sample_058,Fumarate,fumarate,direct,4,1,M+1,0.0074736998455946233
condition1,theta1_sample_058,Fumarate,fumarate,direct,4,2,M+2,0.40753312962241189
condition1,theta1_sample_058,Fumarate,fumarate,direct,4,3,M+3,0.017524264719164712
condition1,theta1_sample_058,Fumarate,fumarate,direct,4,4,M+4,0.48122181168802219
condition1,theta1_sample_058,Malate,malate,direct,4,0,M+0,0.070602377686563994
condition1,theta1_sample_058,Malate,malate,direct,4,1,M+1,0.03861179979881061
condition1,theta1_sample_058,Malate,malate,direct,4,2,M+2,0.35558585205929522
condition1,theta1_sample_058,Malate,malate,direct,4,3,M+3,0.090583385738721836
condition1,theta1_sample_058,Malate,malate,direct,4,4,M+4,0.44461658471660853
condition1,theta1_sample_058,Glutamine,glutamine,direct,5,0,M+0,0.026834923081943345
condition1,theta1_sample_058,Glutamine,glutamine,direct,5,1,M+1,0.062944634654845802
condition1,theta1_sample_058,Glutamine,glutamine,direct,5,2,M+2,0.12621976285160699
condition1,theta1_sample_058,Glutamine,glutamine,direct,5,3,M+3,0.2934875974638087
condition1,theta1_sample_058,Glutamine,glutamine,direct,5,4,M+4,0.14841236248846315
condition1,theta1_sample_058,Glutamine,glutamine,direct,5,5,M+5,0.34210071945933296
condition1,theta1_sample_058,Aspartate,aspartate,reporter,4,0,M+0,0.088572023169085551
condition1,theta1_sample_058,Aspartate,aspartate,reporter,4,1,M+1,0.19746484542246534
condition1,theta1_sample_058,Aspartate,aspartate,reporter,4,2,M+2,0.026010642590470825
condition1,theta1_sample_058,Aspartate,aspartate,reporter,4,3,M+3,0.20129608587531969
condition1,theta1_sample_058,Aspartate,aspartate,reporter,4,4,M+4,0.48665640294265849
condition1,theta1_sample_058,Glycine,glycine,reporter,2,0,M+0,0.29999999999999999
condition1,theta1_sample_058,Glycine,glycine,reporter,2,1,M+1,-0
condition1,theta1_sample_058,Glycine,glycine,reporter,2,2,M+2,0.70000000000000007
condition1,theta1_sample_058,Serine,serine,reporter,3,0,M+0,0.29999999999999999
condition1,theta1_sample_058,Serine,serine,reporter,3,1,M+1,-0
condition1,theta1_sample_058,Serine,serine,reporter,3,2,M+2,-0
condition1,theta1_sample_058,Serine,serine,reporter,3,3,M+3,0.70000000000000007
condition1,theta1_sample_059,Pyruvate,pyruvate,direct,3,0,M+0,0.29865332723586946
condition1,theta1_sample_059,Pyruvate,pyruvate,direct,3,1,M+1,0.0012393658200751097
condition1,theta1_sample_059,Pyruvate,pyruvate,direct,3,2,M+2,0.0015612866522415364
condition1,theta1_sample_059,Pyruvate,pyruvate,direct,3,3,M+3,0.69854602029181401
condition1,theta1_sample_059,Alanine,alanine,reporter,3,0,M+0,0.29865332723586946
condition1,theta1_sample_059,Alanine,alanine,reporter,3,1,M+1,0.0012393658200751097
condition1,theta1_sample_059,Alanine,alanine,reporter,3,2,M+2,0.0015612866522415364
condition1,theta1_sample_059,Alanine,alanine,reporter,3,3,M+3,0.69854602029181401
condition1,theta1_sample_059,Lactate,lactate,reporter,3,0,M+0,0.29865332723586946
condition1,theta1_sample_059,Lactate,lactate,reporter,3,1,M+1,0.0012393658200751097
condition1,theta1_sample_059,Lactate,lactate,reporter,3,2,M+2,0.0015612866522415364
condition1,theta1_sample_059,Lactate,lactate,reporter,3,3,M+3,0.69854602029181401
condition1,theta1_sample_059,Citrate,citrate,reporter,6,0,M+0,0.02660607446168417
condition1,theta1_sample_059,Citrate,citrate,reporter,6,1,M+1,0.059751913791434595
condition1,theta1_sample_059,Citrate,citrate,reporter,6,2,M+2,0.069332579357708438
condition1,theta1_sample_059,Citrate,citrate,reporter,6,3,M+3,0.19957081131477172
condition1,theta1_sample_059,Citrate,citrate,reporter,6,4,M+4,0.16166174647269438
condition1,theta1_sample_059,Citrate,citrate,reporter,6,5,M+5,0.14223773995218558
condition1,theta1_sample_059,Citrate,citrate,reporter,6,6,M+6,0.34083913464952181
condition1,theta1_sample_059,aKG,akg,direct,5,0,M+0,0.026841044114404116
condition1,theta1_sample_059,aKG,akg,direct,5,1,M+1,0.062946633249240283
condition1,theta1_sample_059,aKG,akg,direct,5,2,M+2,0.12621155972523346
condition1,theta1_sample_059,aKG,akg,direct,5,3,M+3,0.29350678448063444
condition1,theta1_sample_059,aKG,akg,direct,5,4,M+4,0.14835999829404953
condition1,theta1_sample_059,aKG,akg,direct,5,5,M+5,0.34213398013643853
condition1,theta1_sample_059,Succinate,succinate,direct,4,0,M+0,0.086607271273842504
condition1,theta1_sample_059,Succinate,succinate,direct,4,1,M+1,0.0067599171573358976
condition1,theta1_sample_059,Succinate,succinate,direct,4,2,M+2,0.40872495797278025
condition1,theta1_sample_059,Succinate,succinate,direct,4,3,M+3,0.015841247487061141
condition1,theta1_sample_059,Succinate,succinate,direct,4,4,M+4,0.48206660610897961
condition1,theta1_sample_059,Fumarate,fumarate,direct,4,0,M+0,0.086607271273842504
condition1,theta1_sample_059,Fumarate,fumarate,direct,4,1,M+1,0.0067599171573358985
condition1,theta1_sample_059,Fumarate,fumarate,direct,4,2,M+2,0.40872495797278025
condition1,theta1_sample_059,Fumarate,fumarate,direct,4,3,M+3,0.015841247487061141
condition1,theta1_sample_059,Fumarate,fumarate,direct,4,4,M+4,0.48206660610897967
condition1,theta1_sample_059,Malate,malate,direct,4,0,M+0,0.075277389814560933
condition1,theta1_sample_059,Malate,malate,direct,4,1,M+1,0.029323635964334592
condition1,theta1_sample_059,Malate,malate,direct,4,2,M+2,0.37108674525726099
condition1,theta1_sample_059,Malate,malate,direct,4,3,M+3,0.06874604233423004
condition1,theta1_sample_059,Malate,malate,direct,4,4,M+4,0.45556618662961301
condition1,theta1_sample_059,Glutamine,glutamine,direct,5,0,M+0,0.026841044114404116
condition1,theta1_sample_059,Glutamine,glutamine,direct,5,1,M+1,0.062946633249240283
condition1,theta1_sample_059,Glutamine,glutamine,direct,5,2,M+2,0.12621155972523346
condition1,theta1_sample_059,Glutamine,glutamine,direct,5,3,M+3,0.29350678448063444
condition1,theta1_sample_059,Glutamine,glutamine,direct,5,4,M+4,0.14835999829404956
condition1,theta1_sample_059,Glutamine,glutamine,direct,5,5,M+5,0.34213398013643853
condition1,theta1_sample_059,Aspartate,aspartate,reporter,4,0,M+0,0.089062817125844074
condition1,theta1_sample_059,Aspartate,aspartate,reporter,4,1,M+1,0.19926225608219078
condition1,theta1_sample_059,Aspartate,aspartate,reporter,4,2,M+2,0.02208243295731999
condition1,theta1_sample_059,Aspartate,aspartate,reporter,4,3,M+3,0.20179709733541201
condition1,theta1_sample_059,Aspartate,aspartate,reporter,4,4,M+4,0.48779539649923365
condition1,theta1_sample_059,Glycine,glycine,reporter,2,0,M+0,0.30000000000000004
condition1,theta1_sample_059,Glycine,glycine,reporter,2,1,M+1,-0
condition1,theta1_sample_059,Glycine,glycine,reporter,2,2,M+2,0.70000000000000007
condition1,theta1_sample_059,Serine,serine,reporter,3,0,M+0,0.30000000000000004
condition1,theta1_sample_059,Serine,serine,reporter,3,1,M+1,-0
condition1,theta1_sample_059,Serine,serine,reporter,3,2,M+2,-0
condition1,theta1_sample_059,Serine,serine,reporter,3,3,M+3,0.70000000000000007
condition1,theta1_sample_060,Pyruvate,pyruvate,direct,3,0,M+0,0.29821942620445629
condition1,theta1_sample_060,Pyruvate,pyruvate,direct,3,1,M+1,0.0016524730822624575
condition1,theta1_sample_060,Pyruvate,pyruvate,direct,3,2,M+2,0.002036775222106007
condition1,theta1_sample_060,Pyruvate,pyruvate,direct,3,3,M+3,0.69809132549117514
condition1,theta1_sample_060,Alanine,alanine,reporter,3,0,M+0,0.29821942620445629
condition1,theta1_sample_060,Alanine,alanine,reporter,3,1,M+1,0.0016524730822624575
condition1,theta1_sample_060,Alanine,alanine,reporter,3,2,M+2,0.002036775222106007
condition1,theta1_sample_060,Alanine,alanine,reporter,3,3,M+3,0.69809132549117514
condition1,theta1_sample_060,Lactate,lactate,reporter,3,0,M+0,0.29821942620445629
condition1,theta1_sample_060,Lactate,lactate,reporter,3,1,M+1,0.0016524730822624575
condition1,theta1_sample_060,Lactate,lactate,reporter,3,2,M+2,0.002036775222106007
condition1,theta1_sample_060,Lactate,lactate,reporter,3,3,M+3,0.69809132549117514
condition1,theta1_sample_060,Citrate,citrate,reporter,6,0,M+0,0.026605417051913473
condition1,theta1_sample_060,Citrate,citrate,reporter,6,1,M+1,0.060451911598864011
condition1,theta1_sample_060,Citrate,citrate,reporter,6,2,M+2,0.068097418312001709
condition1,theta1_sample_060,Citrate,citrate,reporter,6,3,M+3,0.20168990306643481
condition1,theta1_sample_060,Citrate,citrate,reporter,6,4,M+4,0.1583099483364698
condition1,theta1_sample_060,Citrate,citrate,reporter,6,5,M+5,0.14402866057394734
condition1,theta1_sample_060,Citrate,citrate,reporter,6,6,M+6,0.34081674106036852
condition1,theta1_sample_060,aKG,akg,direct,5,0,M+0,0.026764465248297533
condition1,theta1_sample_060,aKG,akg,direct,5,1,M+1,0.062920540562007563
condition1,theta1_sample_060,aKG,akg,direct,5,2,M+2,0.12631309848151165
condition1,theta1_sample_060,aKG,akg,direct,5,3,M+3,0.29327049004768568
condition1,theta1_sample_060,aKG,akg,direct,5,4,M+4,0.14901523597057567
condition1,theta1_sample_060,aKG,akg,direct,5,5,M+5,0.34171616968992186
condition1,theta1_sample_060,Succinate,succinate,direct,4,0,M+0,0.087052509850787191
condition1,theta1_sample_060,Succinate,succinate,direct,4,1,M+1,0.0058674002250572923
condition1,theta1_sample_060,Succinate,succinate,direct,4,2,M+2,0.41021180626711534
condition1,theta1_sample_060,Succinate,succinate,direct,4,3,M+3,0.013764147387449592
condition1,theta1_sample_060,Succinate,succinate,direct,4,4,M+4,0.48310413626959131
condition1,theta1_sample_060,Fumarate,fumarate,direct,4,0,M+0,0.087052509850787205
condition1,theta1_sample_060,Fumarate,fumarate,direct,4,1,M+1,0.0058674002250572932
condition1,theta1_sample_060,Fumarate,fumarate,direct,4,2,M+2,0.41021180626711534
condition1,theta1_sample_060,Fumarate,fumarate,direct,4,3,M+3,0.013764147387449594
condition1,theta1_sample_060,Fumarate,fumarate,direct,4,4,M+4,0.48310413626959131
condition1,theta1_sample_060,Malate,malate,direct,4,0,M+0,0.076787776856023809
condition1,theta1_sample_060,Malate,malate,direct,4,1,M+1,0.026280942470935414
condition1,theta1_sample_060,Malate,malate,direct,4,2,M+2,0.37615059460943551
condition1,theta1_sample_060,Malate,malate,direct,4,3,M+3,0.061704875944228195
condition1,theta1_sample_060,Malate,malate,direct,4,4,M+4,0.45907581011937759
condition1,theta1_sample_060,Glutamine,glutamine,direct,5,0,M+0,0.026764465248297536
condition1,theta1_sample_060,Glutamine,glutamine,direct,5,1,M+1,0.062920540562007563
condition1,theta1_sample_060,Glutamine,glutamine,direct,5,2,M+2,0.12631309848151165
condition1,theta1_sample_060,Glutamine,glutamine,direct,5,3,M+3,0.29327049004768568
condition1,theta1_sample_060,Glutamine,glutamine,direct,5,4,M+4,0.1490152359705757
condition1,theta1_sample_060,Glutamine,glutamine,direct,5,5,M+5,0.34171616968992191
condition1,theta1_sample_060,Aspartate,aspartate,reporter,4,0,M+0,0.089185499569357521
condition1,theta1_sample_060,Aspartate,aspartate,reporter,4,1,M+1,0.20163701051519461
condition1,theta1_sample_060,Aspartate,aspartate,reporter,4,2,M+2,0.017225008473980914
condition1,theta1_sample_060,Aspartate,aspartate,reporter,4,3,M+3,0.20389695322902349
condition1,theta1_sample_060,Aspartate,aspartate,reporter,4,4,M+4,0.48805552821244308
condition1,theta1_sample_060,Glycine,glycine,reporter,2,0,M+0,0.29999999999999999
condition1,theta1_sample_060,Glycine,glycine,reporter,2,1,M+1,-0
condition1,theta1_sample_060,Glycine,glycine,reporter,2,2,M+2,0.70000000000000007
condition1,theta1_sample_060,Serine,serine,reporter,3,0,M+0,0.29999999999999999
condition1,theta1_sample_060,Serine,serine,reporter,3,1,M+1,-0
condition1,theta1_sample_060,Serine,serine,reporter,3,2,M+2,-0
condition1,theta1_sample_060,Serine,serine,reporter,3,3,M+3,0.70000000000000007
condition1,theta1_sample_061,Pyruvate,pyruvate,direct,3,0,M+0,0.29788912010783231
condition1,theta1_sample_061,Pyruvate,pyruvate,direct,3,1,M+1,0.0019287465558363167
condition1,theta1_sample_061,Pyruvate,pyruvate,direct,3,2,M+2,0.0024751465648302881
condition1,theta1_sample_061,Pyruvate,pyruvate,direct,3,3,M+3,0.69770698677150111
condition1,theta1_sample_061,Alanine,alanine,reporter,3,0,M+0,0.29788912010783231
condition1,theta1_sample_061,Alanine,alanine,reporter,3,1,M+1,0.0019287465558363167
condition1,theta1_sample_061,Alanine,alanine,reporter,3,2,M+2,0.0024751465648302881
condition1,theta1_sample_061,Alanine,alanine,reporter,3,3,M+3,0.69770698677150111
condition1,theta1_sample_061,Lactate,lactate,reporter,3,0,M+0,0.29788912010783231
condition1,theta1_sample_061,Lactate,lactate,reporter,3,1,M+1,0.0019287465558363167
condition1,theta1_sample_061,Lactate,lactate,reporter,3,2,M+2,0.0024751465648302881
condition1,theta1_sample_061,Lactate,lactate,reporter,3,3,M+3,0.69770698677150111
condition1,theta1_sample_061,Citrate,citrate,reporter,6,0,M+0,0.02655199494917947
condition1,theta1_sample_061,Citrate,citrate,reporter,6,1,M+1,0.060498207354396816
condition1,theta1_sample_061,Citrate,citrate,reporter,6,2,M+2,0.068029569477445304
condition1,theta1_sample_061,Citrate,citrate,reporter,6,3,M+3,0.20183633860928818
condition1,theta1_sample_061,Citrate,citrate,reporter,6,4,M+4,0.15800673274918392
condition1,theta1_sample_061,Citrate,citrate,reporter,6,5,M+5,0.14455623429692502
condition1,theta1_sample_061,Citrate,citrate,reporter,6,6,M+6,0.34052092256358113
condition1,theta1_sample_061,aKG,akg,direct,5,0,M+0,0.026745626432862574
condition1,theta1_sample_061,aKG,akg,direct,5,1,M+1,0.062914192762268631
condition1,theta1_sample_061,aKG,akg,direct,5,2,M+2,0.12633814870749774
condition1,theta1_sample_061,aKG,akg,direct,5,3,M+3,0.29321211529215613
condition1,theta1_sample_061,aKG,akg,direct,5,4,M+4,0.14917642007980753
condition1,theta1_sample_061,aKG,akg,direct,5,5,M+5,0.34161349672540781
condition1,theta1_sample_061,Succinate,succinate,direct,4,0,M+0,0.087091255294836301
condition1,theta1_sample_061,Succinate,succinate,direct,4,1,M+1,0.0057867984897618839
condition1,theta1_sample_061,Succinate,succinate,direct,4,2,M+2,0.41034510554354187
condition1,theta1_sample_061,Succinate,succinate,direct,4,3,M+3,0.013584372264285811
condition1,theta1_sample_061,Succinate,succinate,direct,4,4,M+4,0.48319246840757468
condition1,theta1_sample_061,Fumarate,fumarate,direct,4,0,M+0,0.087091255294836287
condition1,theta1_sample_061,Fumarate,fumarate,direct,4,1,M+1,0.0057867984897618839
condition1,theta1_sample_061,Fumarate,fumarate,direct,4,2,M+2,0.41034510554354181
condition1,theta1_sample_061,Fumarate,fumarate,direct,4,3,M+3,0.013584372264285811
condition1,theta1_sample_061,Fumarate,fumarate,direct,4,4,M+4,0.48319246840757468
condition1,theta1_sample_061,Malate,malate,direct,4,0,M+0,0.074301409872994814
condition1,theta1_sample_061,Malate,malate,direct,4,1,M+1,0.031197035941286661
condition1,theta1_sample_061,Malate,malate,direct,4,2,M+2,0.3679382253269477
condition1,theta1_sample_061,Malate,malate,direct,4,3,M+3,0.073326802030265426
condition1,theta1_sample_061,Malate,malate,direct,4,4,M+4,0.45323652682850563
condition1,theta1_sample_061,Glutamine,glutamine,direct,5,0,M+0,0.026745626432862574
condition1,theta1_sample_061,Glutamine,glutamine,direct,5,1,M+1,0.062914192762268631
condition1,theta1_sample_061,Glutamine,glutamine,direct,5,2,M+2,0.12633814870749774
condition1,theta1_sample_061,Glutamine,glutamine,direct,5,3,M+3,0.29321211529215613
condition1,theta1_sample_061,Glutamine,glutamine,direct,5,4,M+4,0.14917642007980753
condition1,theta1_sample_061,Glutamine,glutamine,direct,5,5,M+5,0.34161349672540781
condition1,theta1_sample_061,Aspartate,aspartate,reporter,4,0,M+0,0.089092964658795362
condition1,theta1_sample_061,Aspartate,aspartate,reporter,4,1,M+1,0.20181620041136869
condition1,theta1_sample_061,Aspartate,aspartate,reporter,4,2,M+2,0.016923053926421718
condition1,theta1_sample_061,Aspartate,aspartate,reporter,4,3,M+3,0.20433343227786868
condition1,theta1_sample_061,Aspartate,aspartate,reporter,4,4,M+4,0.48783434872554537
condition1,theta1_sample_061,Glycine,glycine,reporter,2,0,M+0,0.29999999999999993
condition1,theta1_sample_061,Glycine,glycine,reporter,2,1,M+1,-0
condition1,theta1_sample_061,Glycine,glycine,reporter,2,2,M+2,0.70000000000000007
condition1,theta1_sample_061,Serine,serine,reporter,3,0,M+0,0.29999999999999993
condition1,theta1_sample_061,Serine,serine,reporter,3,1,M+1,-0
condition1,theta1_sample_061,Serine,serine,reporter,3,2,M+2,-0
condition1,theta1_sample_061,Serine,serine,reporter,3,3,M+3,0.70000000000000007
condition1,theta1_sample_062,Pyruvate,pyruvate,direct,3,0,M+0,0.29831151749606294
condition1,theta1_sample_062,Pyruvate,pyruvate,direct,3,1,M+1,0.001547596433219541
condition1,theta1_sample_062,Pyruvate,pyruvate,direct,3,2,M+2,0.0019702546453720569
condition1,theta1_sample_062,Pyruvate,pyruvate,direct,3,3,M+3,0.69817063142534541
condition1,theta1_sample_062,Alanine,alanine,reporter,3,0,M+0,0.29831151749606294
condition1,theta1_sample_062,Alanine,alanine,reporter,3,1,M+1,0.001547596433219541
condition1,theta1_sample_062,Alanine,alanine,reporter,3,2,M+2,0.0019702546453720569
condition1,theta1_sample_062,Alanine,alanine,reporter,3,3,M+3,0.69817063142534541
condition1,theta1_sample_062,Lactate,lactate,reporter,3,0,M+0,0.29831151749606294
condition1,theta1_sample_062,Lactate,lactate,reporter,3,1,M+1,0.001547596433219541
condition1,theta1_sample_062,Lactate,lactate,reporter,3,2,M+2,0.0019702546453720569
condition1,theta1_sample_062,Lactate,lactate,reporter,3,3,M+3,0.69817063142534541
condition1,theta1_sample_062,Citrate,citrate,reporter,6,0,M+0,0.026603938544350319
condition1,theta1_sample_062,Citrate,citrate,reporter,6,1,M+1,0.060507770669050255
condition1,theta1_sample_062,Citrate,citrate,reporter,6,2,M+2,0.067944083835998384
condition1,theta1_sample_062,Citrate,citrate,reporter,6,3,M+3,0.20193148214603732
condition1,theta1_sample_062,Citrate,citrate,reporter,6,4,M+4,0.15806545993332732
condition1,theta1_sample_062,Citrate,citrate,reporter,6,5,M+5,0.14413581373988585
condition1,theta1_sample_062,Citrate,citrate,reporter,6,6,M+6,0.34081145113134997
condition1,theta1_sample_062,aKG,akg,direct,5,0,M+0,0.02679064219876412
condition1,theta1_sample_062,aKG,akg,direct,5,1,M+1,0.062929504340726666
condition1,theta1_sample_062,aKG,akg,direct,5,2,M+2,0.12627843400945299
condition1,theta1_sample_062,aKG,akg,direct,5,3,M+3,0.29335110922852908
condition1,theta1_sample_062,aKG,akg,direct,5,4,M+4,0.14879125115785402
condition1,theta1_sample_062,aKG,akg,direct,5,5,M+5,0.34185905906467207
condition1,theta1_sample_062,Succinate,succinate,direct,4,0,M+0,0.087210920286896684
condition1,theta1_sample_062,Succinate,succinate,direct,4,1,M+1,0.0055536098234558419
condition1,theta1_sample_062,Succinate,succinate,direct,4,2,M+2,0.41073580042665697
condition1,theta1_sample_062,Succinate,succinate,direct,4,3,M+3,0.013023888528732829
condition1,theta1_sample_062,Succinate,succinate,direct,4,4,M+4,0.48347578093425847
condition1,theta1_sample_062,Fumarate,fumarate,direct,4,0,M+0,0.087210920286896684
condition1,theta1_sample_062,Fumarate,fumarate,direct,4,1,M+1,0.0055536098234558419
condition1,theta1_sample_062,Fumarate,fumarate,direct,4,2,M+2,0.41073580042665697
condition1,theta1_sample_062,Fumarate,fumarate,direct,4,3,M+3,0.013023888528732827
condition1,theta1_sample_062,Fumarate,fumarate,direct,4,4,M+4,0.48347578093425841
condition1,theta1_sample_062,Malate,malate,direct,4,0,M+0,0.074856528662124042
condition1,theta1_sample_062,Malate,malate,direct,4,1,M+1,0.030131336592259233
condition1,theta1_sample_062,Malate,malate,direct,4,2,M+2,0.36972923698507065
condition1,theta1_sample_062,Malate,malate,direct,4,3,M+3,0.070721401604585621
condition1,theta1_sample_062,Malate,malate,direct,4,4,M+4,0.45456149615596098
condition1,theta1_sample_062,Glutamine,glutamine,direct,5,0,M+0,0.026790642198764113
condition1,theta1_sample_062,Glutamine,glutamine,direct,5,1,M+1,0.062929504340726652
condition1,theta1_sample_062,Glutamine,glutamine,direct,5,2,M+2,0.12627843400945296
condition1,theta1_sample_062,Glutamine,glutamine,direct,5,3,M+3,0.29335110922852897
condition1,theta1_sample_062,Glutamine,glutamine,direct,5,4,M+4,0.14879125115785399
condition1,theta1_sample_062,Glutamine,glutamine,direct,5,5,M+5,0.34185905906467196
condition1,theta1_sample_062,Aspartate,aspartate,reporter,4,0,M+0,0.089150156709049508
condition1,theta1_sample_062,Aspartate,aspartate,reporter,4,1,M+1,0.20181664245596878
condition1,theta1_sample_062,Aspartate,aspartate,reporter,4,2,M+2,0.016893144571882891
condition1,theta1_sample_062,Aspartate,aspartate,reporter,4,3,M+3,0.20416315665212936
condition1,theta1_sample_062,Aspartate,aspartate,reporter,4,4,M+4,0.48797689961096896
condition1,theta1_sample_062,Glycine,glycine,reporter,2,0,M+0,0.30000000000000004
condition1,theta1_sample_062,Glycine,glycine,reporter,2,1,M+1,-0
condition1,theta1_sample_062,Glycine,glycine,reporter,2,2,M+2,0.70000000000000007
condition1,theta1_sample_062,Serine,serine,reporter,3,0,M+0,0.30000000000000004
condition1,theta1_sample_062,Serine,serine,reporter,3,1,M+1,-0
condition1,theta1_sample_062,Serine,serine,reporter,3,2,M+2,-0
condition1,theta1_sample_062,Serine,serine,reporter,3,3,M+3,0.70000000000000007
condition1,theta1_sample_063,Pyruvate,pyruvate,direct,3,0,M+0,0.29875534883144889
condition1,theta1_sample_063,Pyruvate,pyruvate,direct,3,1,M+1,0.0012236190496146006
condition1,theta1_sample_063,Pyruvate,pyruvate,direct,3,2,M+2,0.0012867154064244914
condition1,theta1_sample_063,Pyruvate,pyruvate,direct,3,3,M+3,0.69873431671251252
condition1,theta1_sample_063,Alanine,alanine,reporter,3,0,M+0,0.29875534883144889
condition1,theta1_sample_063,Alanine,alanine,reporter,3,1,M+1,0.0012236190496146006
condition1,theta1_sample_063,Alanine,alanine,reporter,3,2,M+2,0.0012867154064244914
condition1,theta1_sample_063,Alanine,alanine,reporter,3,3,M+3,0.69873431671251252
condition1,theta1_sample_063,Lactate,lactate,reporter,3,0,M+0,0.29875534883144889
condition1,theta1_sample_063,Lactate,lactate,reporter,3,1,M+1,0.0012236190496146006
condition1,theta1_sample_063,Lactate,lactate,reporter,3,2,M+2,0.0012867154064244914
condition1,theta1_sample_063,Lactate,lactate,reporter,3,3,M+3,0.69873431671251252
condition1,theta1_sample_063,Citrate,citrate,reporter,6,0,M+0,0.026791269666597686
condition1,theta1_sample_063,Citrate,citrate,reporter,6,1,M+1,0.060226399159170795
condition1,theta1_sample_063,Citrate,citrate,reporter,6,2,M+2,0.068688880363812946
condition1,theta1_sample_063,Citrate,citrate,reporter,6,3,M+3,0.2006601422983802
condition1,theta1_sample_063,Citrate,citrate,reporter,6,4,M+4,0.15960899320569996
condition1,theta1_sample_063,Citrate,citrate,reporter,6,5,M+5,0.14216645144276965
condition1,theta1_sample_063,Citrate,citrate,reporter,6,6,M+6,0.34185786386356992
condition1,theta1_sample_063,aKG,akg,direct,5,0,M+0,0.026827440958766338
condition1,theta1_sample_063,aKG,akg,direct,5,1,M+1,0.062941970622727883
condition1,theta1_sample_063,aKG,akg,direct,5,2,M+2,0.12622956902478419
condition1,theta1_sample_063,aKG,akg,direct,5,3,M+3,0.2934649052720168
condition1,theta1_sample_063,aKG,akg,direct,5,4,M+4,0.14847639509687324
condition1,theta1_sample_063,aKG,akg,direct,5,5,M+5,0.34205971902483334
condition1,theta1_sample_063,Succinate,succinate,direct,4,0,M+0,0.086753883713351798
condition1,theta1_sample_063,Succinate,succinate,direct,4,1,M+1,0.0064685620377767658
condition1,theta1_sample_063,Succinate,succinate,direct,4,2,M+2,0.40921117309186628
condition1,theta1_sample_063,Succinate,succinate,direct,4,3,M+3,0.01515643284953239
condition1,theta1_sample_063,Succinate,succinate,direct,4,4,M+4,0.4824099483074748
condition1,theta1_sample_063,Fumarate,fumarate,direct,4,0,M+0,0.086753883713351798
condition1,theta1_sample_063,Fumarate,fumarate,direct,4,1,M+1,0.0064685620377767658
condition1,theta1_sample_063,Fumarate,fumarate,direct,4,2,M+2,0.40921117309186628
condition1,theta1_sample_063,Fumarate,fumarate,direct,4,3,M+3,0.015156432849532392
condition1,theta1_sample_063,Fumarate,fumarate,direct,4,4,M+4,0.4824099483074748
condition1,theta1_sample_063,Malate,malate,direct,4,0,M+0,0.085714462036096992
condition1,theta1_sample_063,Malate,malate,direct,4,1,M+1,0.0085388548907354232
condition1,theta1_sample_063,Malate,malate,direct,4,2,M+2,0.40575783483641814
condition1,theta1_sample_063,Malate,malate,direct,4,3,M+3,0.020009917510571802
condition1,theta1_sample_063,Malate,malate,direct,4,4,M+4,0.47997893072617953
condition1,theta1_sample_063,Glutamine,glutamine,direct,5,0,M+0,0.026827440958766345
condition1,theta1_sample_063,Glutamine,glutamine,direct,5,1,M+1,0.062941970622727897
condition1,theta1_sample_063,Glutamine,glutamine,direct,5,2,M+2,0.12622956902478422
condition1,theta1_sample_063,Glutamine,glutamine,direct,5,3,M+3,0.29346490527201685
condition1,theta1_sample_063,Glutamine,glutamine,direct,5,4,M+4,0.1484763950968733
condition1,theta1_sample_063,Glutamine,glutamine,direct,5,5,M+5,0.3420597190248334
condition1,theta1_sample_063,Aspartate,aspartate,reporter,4,0,M+0,0.089671549929920782
condition1,theta1_sample_063,Aspartate,aspartate,reporter,4,1,M+1,0.20084273188058499
condition1,theta1_sample_063,Aspartate,aspartate,reporter,4,2,M+2,0.018527120732458994
condition1,theta1_sample_063,Aspartate,aspartate,reporter,4,3,M+3,0.20173136317364485
condition1,theta1_sample_063,Aspartate,aspartate,reporter,4,4,M+4,0.48922723428339121
condition1,theta1_sample_063,Glycine,glycine,reporter,2,0,M+0,0.3000000000000001
condition1,theta1_sample_063,Glycine,glycine,reporter,2,1,M+1,-0
condition1,theta1_sample_063,Glycine,glycine,reporter,2,2,M+2,0.70000000000000029
condition1,theta1_sample_063,Serine,serine,reporter,3,0,M+0,0.3000000000000001
condition1,theta1_sample_063,Serine,serine,reporter,3,1,M+1,-0
condition1,theta1_sample_063,Serine,serine,reporter,3,2,M+2,-0
condition1,theta1_sample_063,Serine,serine,reporter,3,3,M+3,0.70000000000000029
condition1,theta1_sample_064,Pyruvate,pyruvate,direct,3,0,M+0,0.29884117879327549
condition1,theta1_sample_064,Pyruvate,pyruvate,direct,3,1,M+1,0.0011368982910659217
condition1,theta1_sample_064,Pyruvate,pyruvate,direct,3,2,M+2,0.0012026670380413675
condition1,theta1_sample_064,Pyruvate,pyruvate,direct,3,3,M+3,0.69881925587761695
condition1,theta1_sample_064,Alanine,alanine,reporter,3,0,M+0,0.29884117879327549
condition1,theta1_sample_064,Alanine,alanine,reporter,3,1,M+1,0.0011368982910659217
condition1,theta1_sample_064,Alanine,alanine,reporter,3,2,M+2,0.0012026670380413675
condition1,theta1_sample_064,Alanine,alanine,reporter,3,3,M+3,0.69881925587761695
condition1,theta1_sample_064,Lactate,lactate,reporter,3,0,M+0,0.29884117879327549
condition1,theta1_sample_064,Lactate,lactate,reporter,3,1,M+1,0.0011368982910659217
condition1,theta1_sample_064,Lactate,lactate,reporter,3,2,M+2,0.0012026670380413675
condition1,theta1_sample_064,Lactate,lactate,reporter,3,3,M+3,0.69881925587761695
condition1,theta1_sample_064,Citrate,citrate,reporter,6,0,M+0,0.026774768908180376
condition1,theta1_sample_064,Citrate,citrate,reporter,6,1,M+1,0.059743466860076429
condition1,theta1_sample_064,Citrate,citrate,reporter,6,2,M+2,0.069587968878307399
condition1,theta1_sample_064,Citrate,citrate,reporter,6,3,M+3,0.19914711234264998
condition1,theta1_sample_064,Citrate,citrate,reporter,6,4,M+4,0.16186085662315583
condition1,theta1_sample_064,Citrate,citrate,reporter,6,5,M+5,0.1411191264630437
condition1,theta1_sample_064,Citrate,citrate,reporter,6,6,M+6,0.34176669992458591
condition1,theta1_sample_064,aKG,akg,direct,5,0,M+0,0.026822813927481513
condition1,theta1_sample_064,aKG,akg,direct,5,1,M+1,0.062940369404295884
condition1,theta1_sample_064,aKG,akg,direct,5,2,M+2,0.12623567952516004
condition1,theta1_sample_064,aKG,akg,direct,5,3,M+3,0.29345071285410596
condition1,theta1_sample_064,aKG,akg,direct,5,4,M+4,0.14851598846171732
condition1,theta1_sample_064,aKG,akg,direct,5,5,M+5,0.34203443582723969
condition1,theta1_sample_064,Succinate,succinate,direct,4,0,M+0,0.086259582684525257
condition1,theta1_sample_064,Succinate,succinate,direct,4,1,M+1,0.0074548592831783682
condition1,theta1_sample_064,Succinate,succinate,direct,4,2,M+2,0.40756657607878016
condition1,theta1_sample_064,Succinate,succinate,direct,4,3,M+3,0.017463939254807281
condition1,theta1_sample_064,Succinate,succinate,direct,4,4,M+4,0.481255042698712
condition1,theta1_sample_064,Fumarate,fumarate,direct,4,0,M+0,0.086259582684525257
condition1,theta1_sample_064,Fumarate,fumarate,direct,4,1,M+1,0.0074548592831783682
condition1,theta1_sample_064,Fumarate,fumarate,direct,4,2,M+2,0.40756657607878016
condition1,theta1_sample_064,Fumarate,fumarate,direct,4,3,M+3,0.017463939254807281
condition1,theta1_sample_064,Fumarate,fumarate,direct,4,4,M+4,0.481255042698712
condition1,theta1_sample_064,Malate,malate,direct,4,0,M+0,0.085148375284326797
condition1,theta1_sample_064,Malate,malate,direct,4,1,M+1,0.0096687789345028287
condition1,theta1_sample_064,Malate,malate,direct,4,2,M+2,0.40387387827688187
condition1,theta1_sample_064,Malate,malate,direct,4,3,M+3,0.022652405505424262
condition1,theta1_sample_064,Malate,malate,direct,4,4,M+4,0.4786565619988673
condition1,theta1_sample_064,Glutamine,glutamine,direct,5,0,M+0,0.026822813927481513
condition1,theta1_sample_064,Glutamine,glutamine,direct,5,1,M+1,0.062940369404295884
condition1,theta1_sample_064,Glutamine,glutamine,direct,5,2,M+2,0.12623567952516004
condition1,theta1_sample_064,Glutamine,glutamine,direct,5,3,M+3,0.29345071285410601
condition1,theta1_sample_064,Glutamine,glutamine,direct,5,4,M+4,0.14851598846171732
condition1,theta1_sample_064,Glutamine,glutamine,direct,5,5,M+5,0.34203443582723975
condition1,theta1_sample_064,Aspartate,aspartate,reporter,4,0,M+0,0.089590383609359073
condition1,theta1_sample_064,Aspartate,aspartate,reporter,4,1,M+1,0.19922120210815139
condition1,theta1_sample_064,Aspartate,aspartate,reporter,4,2,M+2,0.021822680183792683
condition1,theta1_sample_064,Aspartate,aspartate,reporter,4,3,M+3,0.20032949887052395
condition1,theta1_sample_064,Aspartate,aspartate,reporter,4,4,M+4,0.4890362352281728
condition1,theta1_sample_064,Glycine,glycine,reporter,2,0,M+0,0.29999999999999993
condition1,theta1_sample_064,Glycine,glycine,reporter,2,1,M+1,-0
condition1,theta1_sample_064,Glycine,glycine,reporter,2,2,M+2,0.69999999999999996
condition1,theta1_sample_064,Serine,serine,reporter,3,0,M+0,0.29999999999999993
condition1,theta1_sample_064,Serine,serine,reporter,3,1,M+1,-0
condition1,theta1_sample_064,Serine,serine,reporter,3,2,M+2,-0
condition1,theta1_sample_064,Serine,serine,reporter,3,3,M+3,0.69999999999999996
condition1,theta1_sample_065,Pyruvate,pyruvate,direct,3,0,M+0,0.29903533562145196
condition1,theta1_sample_065,Pyruvate,pyruvate,direct,3,1,M+1,0.00089146383620328012
condition1,theta1_sample_065,Pyruvate,pyruvate,direct,3,2,M+2,0.0011110654632375465
condition1,theta1_sample_065,Pyruvate,pyruvate,direct,3,3,M+3,0.69896213507910721
condition1,theta1_sample_065,Alanine,alanine,reporter,3,0,M+0,0.29903533562145196
condition1,theta1_sample_065,Alanine,alanine,reporter,3,1,M+1,0.00089146383620328012
condition1,theta1_sample_065,Alanine,alanine,reporter,3,2,M+2,0.0011110654632375465
condition1,theta1_sample_065,Alanine,alanine,reporter,3,3,M+3,0.69896213507910721
condition1,theta1_sample_065,Lactate,lactate,reporter,3,0,M+0,0.29903533562145196
condition1,theta1_sample_065,Lactate,lactate,reporter,3,1,M+1,0.00089146383620328012
condition1,theta1_sample_065,Lactate,lactate,reporter,3,2,M+2,0.0011110654632375465
condition1,theta1_sample_065,Lactate,lactate,reporter,3,3,M+3,0.69896213507910721
condition1,theta1_sample_065,Citrate,citrate,reporter,6,0,M+0,0.026613224612058967
condition1,theta1_sample_065,Citrate,citrate,reporter,6,1,M+1,0.059850910671967635
condition1,theta1_sample_065,Citrate,citrate,reporter,6,2,M+2,0.068997987684254219
condition1,theta1_sample_065,Citrate,citrate,reporter,6,3,M+3,0.20008509091968096
condition1,theta1_sample_065,Citrate,citrate,reporter,6,4,M+4,0.16122531206689567
condition1,theta1_sample_065,Citrate,citrate,reporter,6,5,M+5,0.142368251337957
condition1,theta1_sample_065,Citrate,citrate,reporter,6,6,M+6,0.34085922270718555
condition1,theta1_sample_065,aKG,akg,direct,5,0,M+0,0.026826749915121354
condition1,theta1_sample_065,aKG,akg,direct,5,1,M+1,0.062941694110420277
condition1,theta1_sample_065,aKG,akg,direct,5,2,M+2,0.12623044425188473
condition1,theta1_sample_065,aKG,akg,direct,5,3,M+3,0.29346291436925437
condition1,theta1_sample_065,aKG,akg,direct,5,4,M+4,0.14848231248854926
condition1,theta1_sample_065,aKG,akg,direct,5,5,M+5,0.34205588486476995
condition1,theta1_sample_065,Succinate,succinate,direct,4,0,M+0,0.086694466472597792
condition1,theta1_sample_065,Succinate,succinate,direct,4,1,M+1,0.0065926180796582693
condition1,theta1_sample_065,Succinate,succinate,direct,4,2,M+2,0.4090061535421875
condition1,theta1_sample_065,Succinate,succinate,direct,4,3,M+3,0.015431972786258897
condition1,theta1_sample_065,Succinate,succinate,direct,4,4,M+4,0.4822747891192975
condition1,theta1_sample_065,Fumarate,fumarate,direct,4,0,M+0,0.086694466472597792
condition1,theta1_sample_065,Fumarate,fumarate,direct,4,1,M+1,0.0065926180796582693
condition1,theta1_sample_065,Fumarate,fumarate,direct,4,2,M+2,0.4090061535421875
condition1,theta1_sample_065,Fumarate,fumarate,direct,4,3,M+3,0.015431972786258897
condition1,theta1_sample_065,Fumarate,fumarate,direct,4,4,M+4,0.4822747891192975
condition1,theta1_sample_065,Malate,malate,direct,4,0,M+0,0.075975099569835017
condition1,theta1_sample_065,Malate,malate,direct,4,1,M+1,0.027966140168893594
condition1,theta1_sample_065,Malate,malate,direct,4,2,M+2,0.3733618794880319
condition1,theta1_sample_065,Malate,malate,direct,4,3,M+3,0.065477422237915292
condition1,theta1_sample_065,Malate,malate,direct,4,4,M+4,0.45721945853532425
condition1,theta1_sample_065,Glutamine,glutamine,direct,5,0,M+0,0.026826749915121354
condition1,theta1_sample_065,Glutamine,glutamine,direct,5,1,M+1,0.062941694110420277
condition1,theta1_sample_065,Glutamine,glutamine,direct,5,2,M+2,0.12623044425188473
condition1,theta1_sample_065,Glutamine,glutamine,direct,5,3,M+3,0.29346291436925431
condition1,theta1_sample_065,Glutamine,glutamine,direct,5,4,M+4,0.14848231248854926
condition1,theta1_sample_065,Glutamine,glutamine,direct,5,5,M+5,0.34205588486476995
condition1,theta1_sample_065,Aspartate,aspartate,reporter,4,0,M+0,0.088980586479422169
condition1,theta1_sample_065,Aspartate,aspartate,reporter,4,1,M+1,0.19956856098372389
condition1,theta1_sample_065,Aspartate,aspartate,reporter,4,2,M+2,0.021496548976109808
condition1,theta1_sample_065,Aspartate,aspartate,reporter,4,3,M+3,0.20237887317892045
condition1,theta1_sample_065,Aspartate,aspartate,reporter,4,4,M+4,0.48757543038182388
condition1,theta1_sample_065,Glycine,glycine,reporter,2,0,M+0,0.30000000000000004
condition1,theta1_sample_065,Glycine,glycine,reporter,2,1,M+1,-0
condition1,theta1_sample_065,Glycine,glycine,reporter,2,2,M+2,0.70000000000000007
condition1,theta1_sample_065,Serine,serine,reporter,3,0,M+0,0.30000000000000004
condition1,theta1_sample_065,Serine,serine,reporter,3,1,M+1,-0
condition1,theta1_sample_065,Serine,serine,reporter,3,2,M+2,-0
condition1,theta1_sample_065,Serine,serine,reporter,3,3,M+3,0.70000000000000007
condition1,theta1_sample_066,Pyruvate,pyruvate,direct,3,0,M+0,0.29844268556034936
condition1,theta1_sample_066,Pyruvate,pyruvate,direct,3,1,M+1,0.001423310075926999
condition1,theta1_sample_066,Pyruvate,pyruvate,direct,3,2,M+2,0.0018253231670980164
condition1,theta1_sample_066,Pyruvate,pyruvate,direct,3,3,M+3,0.6983086811966257
condition1,theta1_sample_066,Alanine,alanine,reporter,3,0,M+0,0.29844268556034936
condition1,theta1_sample_066,Alanine,alanine,reporter,3,1,M+1,0.001423310075926999
condition1,theta1_sample_066,Alanine,alanine,reporter,3,2,M+2,0.0018253231670980164
condition1,theta1_sample_066,Alanine,alanine,reporter,3,3,M+3,0.6983086811966257
condition1,theta1_sample_066,Lactate,lactate,reporter,3,0,M+0,0.29844268556034936
condition1,theta1_sample_066,Lactate,lactate,reporter,3,1,M+1,0.001423310075926999
condition1,theta1_sample_066,Lactate,lactate,reporter,3,2,M+2,0.0018253231670980164
condition1,theta1_sample_066,Lactate,lactate,reporter,3,3,M+3,0.6983086811966257
condition1,theta1_sample_066,Citrate,citrate,reporter,6,0,M+0,0.026613833811443346
condition1,theta1_sample_066,Citrate,citrate,reporter,6,1,M+1,0.060670917539710947
condition1,theta1_sample_066,Citrate,citrate,reporter,6,2,M+2,0.067583236556584186
condition1,theta1_sample_066,Citrate,citrate,reporter,6,3,M+3,0.2025184002502983
condition1,theta1_sample_066,Citrate,citrate,reporter,6,4,M+4,0.1573209494115477
condition1,theta1_sample_066,Citrate,citrate,reporter,6,5,M+5,0.14443236363245773
condition1,theta1_sample_066,Citrate,citrate,reporter,6,6,M+6,0.34086029879795748
condition1,theta1_sample_066,aKG,akg,direct,5,0,M+0,0.026794346837578864
condition1,theta1_sample_066,aKG,akg,direct,5,1,M+1,0.062930721473669696
condition1,theta1_sample_066,aKG,akg,direct,5,2,M+2,0.12627347674437159
condition1,theta1_sample_066,aKG,akg,direct,5,3,M+3,0.29336269589889952
condition1,theta1_sample_066,aKG,akg,direct,5,4,M+4,0.14875955788651307
condition1,theta1_sample_066,aKG,akg,direct,5,5,M+5,0.34187920115896714
condition1,theta1_sample_066,Succinate,succinate,direct,4,0,M+0,0.087380794980910836
condition1,theta1_sample_066,Succinate,succinate,direct,4,1,M+1,0.0052171133038615434
condition1,theta1_sample_066,Succinate,succinate,direct,4,2,M+2,0.41129771224879175
condition1,theta1_sample_066,Succinate,succinate,direct,4,3,M+3,0.0122300556671884
condition1,theta1_sample_066,Succinate,succinate,direct,4,4,M+4,0.48387432379924733
condition1,theta1_sample_066,Fumarate,fumarate,direct,4,0,M+0,0.087380794980910836
condition1,theta1_sample_066,Fumarate,fumarate,direct,4,1,M+1,0.0052171133038615434
condition1,theta1_sample_066,Fumarate,fumarate,direct,4,2,M+2,0.41129771224879175
condition1,theta1_sample_066,Fumarate,fumarate,direct,4,3,M+3,0.0122300556671884
condition1,theta1_sample_066,Fumarate,fumarate,direct,4,4,M+4,0.48387432379924739
condition1,theta1_sample_066,Malate,malate,direct,4,0,M+0,0.074466651522197058
condition1,theta1_sample_066,Malate,malate,direct,4,1,M+1,0.03091936506721581
condition1,theta1_sample_066,Malate,malate,direct,4,2,M+2,0.36841861425851025
condition1,theta1_sample_066,Malate,malate,direct,4,3,M+3,0.07253807019254381
condition1,theta1_sample_066,Malate,malate,direct,4,4,M+4,0.45365729895953305
condition1,theta1_sample_066,Glutamine,glutamine,direct,5,0,M+0,0.026794346837578868
condition1,theta1_sample_066,Glutamine,glutamine,direct,5,1,M+1,0.06293072147366971
condition1,theta1_sample_066,Glutamine,glutamine,direct,5,2,M+2,0.12627347674437162
condition1,theta1_sample_066,Glutamine,glutamine,direct,5,3,M+3,0.29336269589889957
condition1,theta1_sample_066,Glutamine,glutamine,direct,5,4,M+4,0.1487595578865131
condition1,theta1_sample_066,Glutamine,glutamine,direct,5,5,M+5,0.34187920115896725
condition1,theta1_sample_066,Aspartate,aspartate,reporter,4,0,M+0,0.08914567408308216
condition1,theta1_sample_066,Aspartate,aspartate,reporter,4,1,M+1,0.20235323722797288
condition1,theta1_sample_066,Aspartate,aspartate,reporter,4,2,M+2,0.015815307055153653
condition1,theta1_sample_066,Aspartate,aspartate,reporter,4,3,M+3,0.20472697787344488
condition1,theta1_sample_066,Aspartate,aspartate,reporter,4,4,M+4,0.48795880376034595
condition1,theta1_sample_066,Glycine,glycine,reporter,2,0,M+0,0.29999999999999999
condition1,theta1_sample_066,Glycine,glycine,reporter,2,1,M+1,-0
condition1,theta1_sample_066,Glycine,glycine,reporter,2,2,M+2,0.69999999999999996
condition1,theta1_sample_066,Serine,serine,reporter,3,0,M+0,0.29999999999999999
condition1,theta1_sample_066,Serine,serine,reporter,3,1,M+1,-0
condition1,theta1_sample_066,Serine,serine,reporter,3,2,M+2,-0
condition1,theta1_sample_066,Serine,serine,reporter,3,3,M+3,0.69999999999999996
condition1,theta1_sample_067,Pyruvate,pyruvate,direct,3,0,M+0,0.29928523666023227
condition1,theta1_sample_067,Pyruvate,pyruvate,direct,3,1,M+1,0.00067373596865596508
condition1,theta1_sample_067,Pyruvate,pyruvate,direct,3,2,M+2,0.00079681808199134072
condition1,theta1_sample_067,Pyruvate,pyruvate,direct,3,3,M+3,0.69924420928912057
condition1,theta1_sample_067,Alanine,alanine,reporter,3,0,M+0,0.29928523666023227
condition1,theta1_sample_067,Alanine,alanine,reporter,3,1,M+1,0.00067373596865596508
condition1,theta1_sample_067,Alanine,alanine,reporter,3,2,M+2,0.00079681808199134072
condition1,theta1_sample_067,Alanine,alanine,reporter,3,3,M+3,0.69924420928912057
condition1,theta1_sample_067,Lactate,lactate,reporter,3,0,M+0,0.29928523666023227
condition1,theta1_sample_067,Lactate,lactate,reporter,3,1,M+1,0.00067373596865596508
condition1,theta1_sample_067,Lactate,lactate,reporter,3,2,M+2,0.00079681808199134072
condition1,theta1_sample_067,Lactate,lactate,reporter,3,3,M+3,0.69924420928912057
condition1,theta1_sample_067,Citrate,citrate,reporter,6,0,M+0,0.026735912666994995
condition1,theta1_sample_067,Citrate,citrate,reporter,6,1,M+1,0.059699671254168502
condition1,theta1_sample_067,Citrate,citrate,reporter,6,2,M+2,0.069428027687026259
condition1,theta1_sample_067,Citrate,citrate,reporter,6,3,M+3,0.199348388360721
condition1,theta1_sample_067,Citrate,citrate,reporter,6,4,M+4,0.16209625275927611
condition1,theta1_sample_067,Citrate,citrate,reporter,6,5,M+5,0.14113638637836803
condition1,theta1_sample_067,Citrate,citrate,reporter,6,6,M+6,0.34155536089344557
condition1,theta1_sample_067,aKG,akg,direct,5,0,M+0,0.026899754598205514
condition1,theta1_sample_067,aKG,akg,direct,5,1,M+1,0.062966408056418427
condition1,theta1_sample_067,aKG,akg,direct,5,2,M+2,0.12613348372607608
condition1,theta1_sample_067,aKG,akg,direct,5,3,M+3,0.29368873442765692
condition1,theta1_sample_067,aKG,akg,direct,5,4,M+4,0.14785767474975908
condition1,theta1_sample_067,aKG,akg,direct,5,5,M+5,0.34245394444188565
condition1,theta1_sample_067,Succinate,succinate,direct,4,0,M+0,0.086572706030353871
condition1,theta1_sample_067,Succinate,succinate,direct,4,1,M+1,0.0068398617600361252
condition1,theta1_sample_067,Succinate,succinate,direct,4,2,M+2,0.40859532167352158
condition1,theta1_sample_067,Succinate,succinate,direct,4,3,M+3,0.015998947251434636
condition1,theta1_sample_067,Succinate,succinate,direct,4,4,M+4,0.48199316328465519
condition1,theta1_sample_067,Fumarate,fumarate,direct,4,0,M+0,0.086572706030353871
condition1,theta1_sample_067,Fumarate,fumarate,direct,4,1,M+1,0.0068398617600361252
condition1,theta1_sample_067,Fumarate,fumarate,direct,4,2,M+2,0.40859532167352158
condition1,theta1_sample_067,Fumarate,fumarate,direct,4,3,M+3,0.015998947251434636
condition1,theta1_sample_067,Fumarate,fumarate,direct,4,4,M+4,0.48199316328465519
condition1,theta1_sample_067,Malate,malate,direct,4,0,M+0,0.079062499382061988
condition1,theta1_sample_067,Malate,malate,direct,4,1,M+1,0.021825950615317394
condition1,theta1_sample_067,Malate,malate,direct,4,2,M+2,0.38360706543428524
condition1,theta1_sample_067,Malate,malate,direct,4,3,M+3,0.051058019757230816
condition1,theta1_sample_067,Malate,malate,direct,4,4,M+4,0.46444646481110585
condition1,theta1_sample_067,Glutamine,glutamine,direct,5,0,M+0,0.026899754598205521
condition1,theta1_sample_067,Glutamine,glutamine,direct,5,1,M+1,0.062966408056418441
condition1,theta1_sample_067,Glutamine,glutamine,direct,5,2,M+2,0.12613348372607613
condition1,theta1_sample_067,Glutamine,glutamine,direct,5,3,M+3,0.29368873442765703
condition1,theta1_sample_067,Glutamine,glutamine,direct,5,4,M+4,0.14785767474975914
condition1,theta1_sample_067,Glutamine,glutamine,direct,5,5,M+5,0.34245394444188576
condition1,theta1_sample_067,Aspartate,aspartate,reporter,4,0,M+0,0.08932336401959165
condition1,theta1_sample_067,Aspartate,aspartate,reporter,4,1,M+1,0.19904541269278092
condition1,theta1_sample_067,Aspartate,aspartate,reporter,4,2,M+2,0.022352557125747519
condition1,theta1_sample_067,Aspartate,aspartate,reporter,4,3,M+3,0.20086519159179617
condition1,theta1_sample_067,Aspartate,aspartate,reporter,4,4,M+4,0.48841347457008422
condition1,theta1_sample_067,Glycine,glycine,reporter,2,0,M+0,0.29999999999999999
condition1,theta1_sample_067,Glycine,glycine,reporter,2,1,M+1,-0
condition1,theta1_sample_067,Glycine,glycine,reporter,2,2,M+2,0.70000000000000007
condition1,theta1_sample_067,Serine,serine,reporter,3,0,M+0,0.29999999999999999
condition1,theta1_sample_067,Serine,serine,reporter,3,1,M+1,-0
condition1,theta1_sample_067,Serine,serine,reporter,3,2,M+2,-0
condition1,theta1_sample_067,Serine,serine,reporter,3,3,M+3,0.70000000000000007
condition1,theta1_sample_068,Pyruvate,pyruvate,direct,3,0,M+0,0.29878446802153691
condition1,theta1_sample_068,Pyruvate,pyruvate,direct,3,1,M+1,0.0011060224490426849
condition1,theta1_sample_068,Pyruvate,pyruvate,direct,3,2,M+2,0.0014345510373039501
condition1,theta1_sample_068,Pyruvate,pyruvate,direct,3,3,M+3,0.69867495849211647
condition1,theta1_sample_068,Alanine,alanine,reporter,3,0,M+0,0.29878446802153691
condition1,theta1_sample_068,Alanine,alanine,reporter,3,1,M+1,0.0011060224490426849
condition1,theta1_sample_068,Alanine,alanine,reporter,3,2,M+2,0.0014345510373039501
condition1,theta1_sample_068,Alanine,alanine,reporter,3,3,M+3,0.69867495849211647
condition1,theta1_sample_068,Lactate,lactate,reporter,3,0,M+0,0.29878446802153691
condition1,theta1_sample_068,Lactate,lactate,reporter,3,1,M+1,0.0011060224490426849
condition1,theta1_sample_068,Lactate,lactate,reporter,3,2,M+2,0.0014345510373039501
condition1,theta1_sample_068,Lactate,lactate,reporter,3,3,M+3,0.69867495849211647
condition1,theta1_sample_068,Citrate,citrate,reporter,6,0,M+0,0.026567085136588852
condition1,theta1_sample_068,Citrate,citrate,reporter,6,1,M+1,0.059655460390695352
condition1,theta1_sample_068,Citrate,citrate,reporter,6,2,M+2,0.069405121386035426
condition1,theta1_sample_068,Citrate,citrate,reporter,6,3,M+3,0.19942806842624355
condition1,theta1_sample_068,Citrate,citrate,reporter,6,4,M+4,0.16209473118770187
condition1,theta1_sample_068,Citrate,citrate,reporter,6,5,M+5,0.14222603402871364
condition1,theta1_sample_068,Citrate,citrate,reporter,6,6,M+6,0.34062349944402109
condition1,theta1_sample_068,aKG,akg,direct,5,0,M+0,0.026849026873694119
condition1,theta1_sample_068,aKG,akg,direct,5,1,M+1,0.062949304225754163
condition1,theta1_sample_068,aKG,akg,direct,5,2,M+2,0.12620092610293054
condition1,theta1_sample_068,aKG,akg,direct,5,3,M+3,0.2935315850918398
condition1,theta1_sample_068,aKG,akg,direct,5,4,M+4,0.1482917002360401
condition1,theta1_sample_068,aKG,akg,direct,5,5,M+5,0.34217745746974038
condition1,theta1_sample_068,Succinate,succinate,direct,4,0,M+0,0.086535596975658796
condition1,theta1_sample_068,Succinate,succinate,direct,4,1,M+1,0.0069051086850534273
condition1,theta1_sample_068,Succinate,succinate,direct,4,2,M+2,0.4084835864037008
condition1,theta1_sample_068,Succinate,succinate,direct,4,3,M+3,0.016175113234801267
condition1,theta1_sample_068,Succinate,succinate,direct,4,4,M+4,0.48190059470078428
condition1,theta1_sample_068,Fumarate,fumarate,direct,4,0,M+0,0.086535596975658796
condition1,theta1_sample_068,Fumarate,fumarate,direct,4,1,M+1,0.0069051086850534273
condition1,theta1_sample_068,Fumarate,fumarate,direct,4,2,M+2,0.40848358640370086
condition1,theta1_sample_068,Fumarate,fumarate,direct,4,3,M+3,0.01617511323480127
condition1,theta1_sample_068,Fumarate,fumarate,direct,4,4,M+4,0.48190059470078428
condition1,theta1_sample_068,Malate,malate,direct,4,0,M+0,0.073433733391920095
condition1,theta1_sample_068,Malate,malate,direct,4,1,M+1,0.033009462754510374
condition1,theta1_sample_068,Malate,malate,direct,4,2,M+2,0.36494320525526586
condition1,theta1_sample_068,Malate,malate,direct,4,3,M+3,0.07735026765825552
condition1,theta1_sample_068,Malate,malate,direct,4,4,M+4,0.45126333094004706
condition1,theta1_sample_068,Glutamine,glutamine,direct,5,0,M+0,0.026849026873694112
condition1,theta1_sample_068,Glutamine,glutamine,direct,5,1,M+1,0.062949304225754135
condition1,theta1_sample_068,Glutamine,glutamine,direct,5,2,M+2,0.12620092610293052
condition1,theta1_sample_068,Glutamine,glutamine,direct,5,3,M+3,0.29353158509183969
condition1,theta1_sample_068,Glutamine,glutamine,direct,5,4,M+4,0.14829170023604005
condition1,theta1_sample_068,Glutamine,glutamine,direct,5,5,M+5,0.34217745746974026
condition1,theta1_sample_068,Aspartate,aspartate,reporter,4,0,M+0,0.088892787355968617
condition1,theta1_sample_068,Aspartate,aspartate,reporter,4,1,M+1,0.19893142364102112
condition1,theta1_sample_068,Aspartate,aspartate,reporter,4,2,M+2,0.022852950510954238
condition1,theta1_sample_068,Aspartate,aspartate,reporter,4,3,M+3,0.20192867863115335
condition1,theta1_sample_068,Aspartate,aspartate,reporter,4,4,M+4,0.4873941598609024
condition1,theta1_sample_068,Glycine,glycine,reporter,2,0,M+0,0.29999999999999993
condition1,theta1_sample_068,Glycine,glycine,reporter,2,1,M+1,-0
condition1,theta1_sample_068,Glycine,glycine,reporter,2,2,M+2,0.69999999999999996
condition1,theta1_sample_068,Serine,serine,reporter,3,0,M+0,0.29999999999999993
condition1,theta1_sample_068,Serine,serine,reporter,3,1,M+1,-0
condition1,theta1_sample_068,Serine,serine,reporter,3,2,M+2,-0
condition1,theta1_sample_068,Serine,serine,reporter,3,3,M+3,0.69999999999999996
condition1,theta1_sample_069,Pyruvate,pyruvate,direct,3,0,M+0,0.29817800168839192
condition1,theta1_sample_069,Pyruvate,pyruvate,direct,3,1,M+1,0.0017018874922939263
condition1,theta1_sample_069,Pyruvate,pyruvate,direct,3,2,M+2,0.0020622199502366035
condition1,theta1_sample_069,Pyruvate,pyruvate,direct,3,3,M+3,0.69805789086907788
condition1,theta1_sample_069,Alanine,alanine,reporter,3,0,M+0,0.29817800168839192
condition1,theta1_sample_069,Alanine,alanine,reporter,3,1,M+1,0.0017018874922939263
condition1,theta1_sample_069,Alanine,alanine,reporter,3,2,M+2,0.0020622199502366035
condition1,theta1_sample_069,Alanine,alanine,reporter,3,3,M+3,0.69805789086907788
condition1,theta1_sample_069,Lactate,lactate,reporter,3,0,M+0,0.29817800168839192
condition1,theta1_sample_069,Lactate,lactate,reporter,3,1,M+1,0.0017018874922939263
condition1,theta1_sample_069,Lactate,lactate,reporter,3,2,M+2,0.0020622199502366035
condition1,theta1_sample_069,Lactate,lactate,reporter,3,3,M+3,0.69805789086907788
condition1,theta1_sample_069,Citrate,citrate,reporter,6,0,M+0,0.026570494031659501
condition1,theta1_sample_069,Citrate,citrate,reporter,6,1,M+1,0.060101982993765388
condition1,theta1_sample_069,Citrate,citrate,reporter,6,2,M+2,0.068750538550862855
condition1,theta1_sample_069,Citrate,citrate,reporter,6,3,M+3,0.20060310552752789
condition1,theta1_sample_069,Citrate,citrate,reporter,6,4,M+4,0.15990196127763415
condition1,theta1_sample_069,Citrate,citrate,reporter,6,5,M+5,0.14345172749991436
condition1,theta1_sample_069,Citrate,citrate,reporter,6,6,M+6,0.3406201901186367
condition1,theta1_sample_069,aKG,akg,direct,5,0,M+0,0.02673393739224815
condition1,theta1_sample_069,aKG,akg,direct,5,1,M+1,0.062910032808893582
condition1,theta1_sample_069,aKG,akg,direct,5,2,M+2,0.12635347048848017
condition1,theta1_sample_069,aKG,akg,direct,5,3,M+3,0.29317665736597964
condition1,theta1_sample_069,aKG,akg,direct,5,4,M+4,0.14927645560578748
condition1,theta1_sample_069,aKG,akg,direct,5,5,M+5,0.34154944633861251
condition1,theta1_sample_069,Succinate,succinate,direct,4,0,M+0,0.086594395180740566
condition1,theta1_sample_069,Succinate,succinate,direct,4,1,M+1,0.0067776937518282954
condition1,theta1_sample_069,Succinate,succinate,direct,4,2,M+2,0.40869267178472296
condition1,theta1_sample_069,Succinate,succinate,direct,4,3,M+3,0.015903994452108057
condition1,theta1_sample_069,Succinate,succinate,direct,4,4,M+4,0.482031244830601
condition1,theta1_sample_069,Fumarate,fumarate,direct,4,0,M+0,0.086594395180740566
condition1,theta1_sample_069,Fumarate,fumarate,direct,4,1,M+1,0.0067776937518282945
condition1,theta1_sample_069,Fumarate,fumarate,direct,4,2,M+2,0.40869267178472296
condition1,theta1_sample_069,Fumarate,fumarate,direct,4,3,M+3,0.015903994452108057
condition1,theta1_sample_069,Fumarate,fumarate,direct,4,4,M+4,0.482031244830601
condition1,theta1_sample_069,Malate,malate,direct,4,0,M+0,0.077623186341878883
condition1,theta1_sample_069,Malate,malate,direct,4,1,M+1,0.024615927484193549
condition1,theta1_sample_069,Malate,malate,direct,4,2,M+2,0.37892755424899482
condition1,theta1_sample_069,Malate,malate,direct,4,3,M+3,0.057804363681915251
condition1,theta1_sample_069,Malate,malate,direct,4,4,M+4,0.46102896824301837
condition1,theta1_sample_069,Glutamine,glutamine,direct,5,0,M+0,0.026733937392248157
condition1,theta1_sample_069,Glutamine,glutamine,direct,5,1,M+1,0.062910032808893596
condition1,theta1_sample_069,Glutamine,glutamine,direct,5,2,M+2,0.1263534704884802
condition1,theta1_sample_069,Glutamine,glutamine,direct,5,3,M+3,0.2931766573659797
condition1,theta1_sample_069,Glutamine,glutamine,direct,5,4,M+4,0.14927645560578751
condition1,theta1_sample_069,Glutamine,glutamine,direct,5,5,M+5,0.34154944633861262
condition1,theta1_sample_069,Aspartate,aspartate,reporter,4,0,M+0,0.08908259175372274
condition1,theta1_sample_069,Aspartate,aspartate,reporter,4,1,M+1,0.20046870265844094
condition1,theta1_sample_069,Aspartate,aspartate,reporter,4,2,M+2,0.019622006277403178
condition1,theta1_sample_069,Aspartate,aspartate,reporter,4,3,M+3,0.20301951245498065
condition1,theta1_sample_069,Aspartate,aspartate,reporter,4,4,M+4,0.48780718685545305
condition1,theta1_sample_069,Glycine,glycine,reporter,2,0,M+0,0.30000000000000004
condition1,theta1_sample_069,Glycine,glycine,reporter,2,1,M+1,-0
condition1,theta1_sample_069,Glycine,glycine,reporter,2,2,M+2,0.70000000000000007
condition1,theta1_sample_069,Serine,serine,reporter,3,0,M+0,0.30000000000000004
condition1,theta1_sample_069,Serine,serine,reporter,3,1,M+1,-0
condition1,theta1_sample_069,Serine,serine,reporter,3,2,M+2,-0
condition1,theta1_sample_069,Serine,serine,reporter,3,3,M+3,0.70000000000000007
condition1,theta1_sample_070,Pyruvate,pyruvate,direct,3,0,M+0,0.29741858915426339
condition1,theta1_sample_070,Pyruvate,pyruvate,direct,3,1,M+1,0.002247383443523948
condition1,theta1_sample_070,Pyruvate,pyruvate,direct,3,2,M+2,0.0032494656501623679
condition1,theta1_sample_070,Pyruvate,pyruvate,direct,3,3,M+3,0.69708456175205069
condition1,theta1_sample_070,Alanine,alanine,reporter,3,0,M+0,0.29741858915426339
condition1,theta1_sample_070,Alanine,alanine,reporter,3,1,M+1,0.002247383443523948
condition1,theta1_sample_070,Alanine,alanine,reporter,3,2,M+2,0.0032494656501623679
condition1,theta1_sample_070,Alanine,alanine,reporter,3,3,M+3,0.69708456175205069
condition1,theta1_sample_070,Lactate,lactate,reporter,3,0,M+0,0.29741858915426339
condition1,theta1_sample_070,Lactate,lactate,reporter,3,1,M+1,0.002247383443523948
condition1,theta1_sample_070,Lactate,lactate,reporter,3,2,M+2,0.0032494656501623679
condition1,theta1_sample_070,Lactate,lactate,reporter,3,3,M+3,0.69708456175205069
condition1,theta1_sample_070,Citrate,citrate,reporter,6,0,M+0,0.026105075143607753
condition1,theta1_sample_070,Citrate,citrate,reporter,6,1,M+1,0.058782002136066505
condition1,theta1_sample_070,Citrate,citrate,reporter,6,2,M+2,0.070795712995071453
condition1,theta1_sample_070,Citrate,citrate,reporter,6,3,M+3,0.19721856486847344
condition1,theta1_sample_070,Citrate,citrate,reporter,6,4,M+4,0.16555287897447077
condition1,theta1_sample_070,Citrate,citrate,reporter,6,5,M+5,0.14351523392337417
condition1,theta1_sample_070,Citrate,citrate,reporter,6,6,M+6,0.33803053195893651
condition1,theta1_sample_070,aKG,akg,direct,5,0,M+0,0.026665765624955543
condition1,theta1_sample_070,aKG,akg,direct,5,1,M+1,0.062886639470078026
condition1,theta1_sample_070,aKG,akg,direct,5,2,M+2,0.1264436967618188
condition1,theta1_sample_070,aKG,akg,direct,5,3,M+3,0.29296687319083825
condition1,theta1_sample_070,aKG,akg,direct,5,4,M+4,0.14985977732777747
condition1,theta1_sample_070,aKG,akg,direct,5,5,M+5,0.34117724762453211
condition1,theta1_sample_070,Succinate,succinate,direct,4,0,M+0,0.085740650703612281
condition1,theta1_sample_070,Succinate,succinate,direct,4,1,M+1,0.0084629443287652061
condition1,theta1_sample_070,Succinate,succinate,direct,4,2,M+2,0.40587650803072145
condition1,theta1_sample_070,Succinate,succinate,direct,4,3,M+3,0.019895548137812955
condition1,theta1_sample_070,Succinate,succinate,direct,4,4,M+4,0.48002434879908873
condition1,theta1_sample_070,Fumarate,fumarate,direct,4,0,M+0,0.085740650703612281
condition1,theta1_sample_070,Fumarate,fumarate,direct,4,1,M+1,0.0084629443287652061
condition1,theta1_sample_070,Fumarate,fumarate,direct,4,2,M+2,0.40587650803072145
condition1,theta1_sample_070,Fumarate,fumarate,direct,4,3,M+3,0.019895548137812955
condition1,theta1_sample_070,Fumarate,fumarate,direct,4,4,M+4,0.48002434879908878
condition1,theta1_sample_070,Malate,malate,direct,4,0,M+0,0.065997349403217567
condition1,theta1_sample_070,Malate,malate,direct,4,1,M+1,0.047640348105265469
condition1,theta1_sample_070,Malate,malate,direct,4,2,M+2,0.34047776879512459
condition1,theta1_sample_070,Malate,malate,direct,4,3,M+3,0.11213402048108459
condition1,theta1_sample_070,Malate,malate,direct,4,4,M+4,0.43375051321530833
condition1,theta1_sample_070,Glutamine,glutamine,direct,5,0,M+0,0.02666576562495554
condition1,theta1_sample_070,Glutamine,glutamine,direct,5,1,M+1,0.062886639470078026
condition1,theta1_sample_070,Glutamine,glutamine,direct,5,2,M+2,0.12644369676181877
condition1,theta1_sample_070,Glutamine,glutamine,direct,5,3,M+3,0.2929668731908382
condition1,theta1_sample_070,Glutamine,glutamine,direct,5,4,M+4,0.14985977732777747
condition1,theta1_sample_070,Glutamine,glutamine,direct,5,5,M+5,0.341177247624532
condition1,theta1_sample_070,Aspartate,aspartate,reporter,4,0,M+0,0.087698300873066112
condition1,theta1_sample_070,Aspartate,aspartate,reporter,4,1,M+1,0.19610087172670049
condition1,theta1_sample_070,Aspartate,aspartate,reporter,4,2,M+2,0.02921746994067927
condition1,theta1_sample_070,Aspartate,aspartate,reporter,4,3,M+3,0.20246924144627562
condition1,theta1_sample_070,Aspartate,aspartate,reporter,4,4,M+4,0.48451411601327865
condition1,theta1_sample_070,Glycine,glycine,reporter,2,0,M+0,0.30000000000000004
condition1,theta1_sample_070,Glycine,glycine,reporter,2,1,M+1,-0
condition1,theta1_sample_070,Glycine,glycine,reporter,2,2,M+2,0.70000000000000018
condition1,theta1_sample_070,Serine,serine,reporter,3,0,M+0,0.30000000000000004
condition1,theta1_sample_070,Serine,serine,reporter,3,1,M+1,-0
condition1,theta1_sample_070,Serine,serine,reporter,3,2,M+2,-0
condition1,theta1_sample_070,Serine,serine,reporter,3,3,M+3,0.70000000000000018
condition1,theta1_sample_071,Pyruvate,pyruvate,direct,3,0,M+0,0.29705014307556132
condition1,theta1_sample_071,Pyruvate,pyruvate,direct,3,1,M+1,0.0025718871599203193
condition1,theta1_sample_071,Pyruvate,pyruvate,direct,3,2,M+2,0.0037057964534754433
condition1,theta1_sample_071,Pyruvate,pyruvate,direct,3,3,M+3,0.69667217331104292
condition1,theta1_sample_071,Alanine,alanine,reporter,3,0,M+0,0.29705014307556132
condition1,theta1_sample_071,Alanine,alanine,reporter,3,1,M+1,0.0025718871599203193
condition1,theta1_sample_071,Alanine,alanine,reporter,3,2,M+2,0.0037057964534754433
condition1,theta1_sample_071,Alanine,alanine,reporter,3,3,M+3,0.69667217331104292
condition1,theta1_sample_071,Lactate,lactate,reporter,3,0,M+0,0.29705014307556132
condition1,theta1_sample_071,Lactate,lactate,reporter,3,1,M+1,0.0025718871599203193
condition1,theta1_sample_071,Lactate,lactate,reporter,3,2,M+2,0.0037057964534754433
condition1,theta1_sample_071,Lactate,lactate,reporter,3,3,M+3,0.69667217331104292
condition1,theta1_sample_071,Citrate,citrate,reporter,6,0,M+0,0.026402146072231555
condition1,theta1_sample_071,Citrate,citrate,reporter,6,1,M+1,0.06088175058527337
condition1,theta1_sample_071,Citrate,citrate,reporter,6,2,M+2,0.067277184433406967
condition1,theta1_sample_071,Citrate,citrate,reporter,6,3,M+3,0.20317243785615385
condition1,theta1_sample_071,Citrate,citrate,reporter,6,4,M+4,0.15595235923749909
condition1,theta1_sample_071,Citrate,citrate,reporter,6,5,M+5,0.14664760086315673
condition1,theta1_sample_071,Citrate,citrate,reporter,6,6,M+6,0.33966652095227851
condition1,theta1_sample_071,aKG,akg,direct,5,0,M+0,0.026667690211192197
condition1,theta1_sample_071,aKG,akg,direct,5,1,M+1,0.062887574005900851
condition1,theta1_sample_071,aKG,akg,direct,5,2,M+2,0.12644142365391386
condition1,theta1_sample_071,aKG,akg,direct,5,3,M+3,0.29297185154586375
condition1,theta1_sample_071,aKG,akg,direct,5,4,M+4,0.14984327886696638
condition1,theta1_sample_071,aKG,akg,direct,5,5,M+5,0.34118818171616261
condition1,theta1_sample_071,Succinate,succinate,direct,4,0,M+0,0.087307580218674449
condition1,theta1_sample_071,Succinate,succinate,direct,4,1,M+1,0.0053508969555380965
condition1,theta1_sample_071,Succinate,succinate,direct,4,2,M+2,0.41107052420506496
condition1,theta1_sample_071,Succinate,succinate,direct,4,3,M+3,0.012575939848556476
condition1,theta1_sample_071,Succinate,succinate,direct,4,4,M+4,0.48369505877216457
condition1,theta1_sample_071,Fumarate,fumarate,direct,4,0,M+0,0.087307580218674449
condition1,theta1_sample_071,Fumarate,fumarate,direct,4,1,M+1,0.0053508969555380965
condition1,theta1_sample_071,Fumarate,fumarate,direct,4,2,M+2,0.41107052420506496
condition1,theta1_sample_071,Fumarate,fumarate,direct,4,3,M+3,0.012575939848556475
condition1,theta1_sample_071,Fumarate,fumarate,direct,4,4,M+4,0.48369505877216457
condition1,theta1_sample_071,Malate,malate,direct,4,0,M+0,0.066717119468413841
condition1,theta1_sample_071,Malate,malate,direct,4,1,M+1,0.046162522952597367
condition1,theta1_sample_071,Malate,malate,direct,4,2,M+2,0.3429280490421458
condition1,theta1_sample_071,Malate,malate,direct,4,3,M+3,0.10878785518426023
condition1,theta1_sample_071,Malate,malate,direct,4,4,M+4,0.43540445335258193
condition1,theta1_sample_071,Glutamine,glutamine,direct,5,0,M+0,0.026667690211192186
condition1,theta1_sample_071,Glutamine,glutamine,direct,5,1,M+1,0.062887574005900837
condition1,theta1_sample_071,Glutamine,glutamine,direct,5,2,M+2,0.12644142365391381
condition1,theta1_sample_071,Glutamine,glutamine,direct,5,3,M+3,0.29297185154586364
condition1,theta1_sample_071,Glutamine,glutamine,direct,5,4,M+4,0.14984327886696633
condition1,theta1_sample_071,Glutamine,glutamine,direct,5,5,M+5,0.3411881817161625
condition1,theta1_sample_071,Aspartate,aspartate,reporter,4,0,M+0,0.088796369669888756
condition1,theta1_sample_071,Aspartate,aspartate,reporter,4,1,M+1,0.20316646616265566
condition1,theta1_sample_071,Aspartate,aspartate,reporter,4,2,M+2,0.014371239436359436
condition1,theta1_sample_071,Aspartate,aspartate,reporter,4,3,M+3,0.20657264395975952
condition1,theta1_sample_071,Aspartate,aspartate,reporter,4,4,M+4,0.48709328077133679
condition1,theta1_sample_071,Glycine,glycine,reporter,2,0,M+0,0.30000000000000004
condition1,theta1_sample_071,Glycine,glycine,reporter,2,1,M+1,-0
condition1,theta1_sample_071,Glycine,glycine,reporter,2,2,M+2,0.70000000000000007
condition1,theta1_sample_071,Serine,serine,reporter,3,0,M+0,0.30000000000000004
condition1,theta1_sample_071,Serine,serine,reporter,3,1,M+1,-0
condition1,theta1_sample_071,Serine,serine,reporter,3,2,M+2,-0
condition1,theta1_sample_071,Serine,serine,reporter,3,3,M+3,0.70000000000000007
condition1,theta1_sample_072,Pyruvate,pyruvate,direct,3,0,M+0,0.29665251259757436
condition1,theta1_sample_072,Pyruvate,pyruvate,direct,3,1,M+1,0.0029129817978534576
condition1,theta1_sample_072,Pyruvate,pyruvate,direct,3,2,M+2,0.0042164986115699327
condition1,theta1_sample_072,Pyruvate,pyruvate,direct,3,3,M+3,0.69621800699300218
condition1,theta1_sample_072,Alanine,alanine,reporter,3,0,M+0,0.29665251259757436
condition1,theta1_sample_072,Alanine,alanine,reporter,3,1,M+1,0.0029129817978534576
condition1,theta1_sample_072,Alanine,alanine,reporter,3,2,M+2,0.0042164986115699327
condition1,theta1_sample_072,Alanine,alanine,reporter,3,3,M+3,0.69621800699300218
condition1,theta1_sample_072,Lactate,lactate,reporter,3,0,M+0,0.29665251259757436
condition1,theta1_sample_072,Lactate,lactate,reporter,3,1,M+1,0.0029129817978534576
condition1,theta1_sample_072,Lactate,lactate,reporter,3,2,M+2,0.0042164986115699327
condition1,theta1_sample_072,Lactate,lactate,reporter,3,3,M+3,0.69621800699300218
condition1,theta1_sample_072,Citrate,citrate,reporter,6,0,M+0,0.02634487985917364
condition1,theta1_sample_072,Citrate,citrate,reporter,6,1,M+1,0.060883566820568114
condition1,theta1_sample_072,Citrate,citrate,reporter,6,2,M+2,0.067309750398688695
condition1,theta1_sample_072,Citrate,citrate,reporter,6,3,M+3,0.20316220305342436
condition1,theta1_sample_072,Citrate,citrate,reporter,6,4,M+4,0.15581850179182855
condition1,theta1_sample_072,Citrate,citrate,reporter,6,5,M+5,0.14715027240343254
condition1,theta1_sample_072,Citrate,citrate,reporter,6,6,M+6,0.33933082567288408
condition1,theta1_sample_072,aKG,akg,direct,5,0,M+0,0.026610095660058203
condition1,theta1_sample_072,aKG,akg,direct,5,1,M+1,0.062867631525511725
condition1,theta1_sample_072,aKG,akg,direct,5,2,M+2,0.12651747209208142
condition1,theta1_sample_072,aKG,akg,direct,5,3,M+3,0.29279523218644837
condition1,theta1_sample_072,aKG,akg,direct,5,4,M+4,0.1503361149485215
condition1,theta1_sample_072,aKG,akg,direct,5,5,M+5,0.34087345358737903
condition1,theta1_sample_072,Succinate,succinate,direct,4,0,M+0,0.087255658710393813
condition1,theta1_sample_072,Succinate,succinate,direct,4,1,M+1,0.0054512839706779385
condition1,theta1_sample_072,Succinate,succinate,direct,4,2,M+2,0.4109020605126914
condition1,theta1_sample_072,Succinate,succinate,direct,4,3,M+3,0.012819392221006474
condition1,theta1_sample_072,Succinate,succinate,direct,4,4,M+4,0.48357160458522902
condition1,theta1_sample_072,Fumarate,fumarate,direct,4,0,M+0,0.087255658710393813
condition1,theta1_sample_072,Fumarate,fumarate,direct,4,1,M+1,0.0054512839706779394
condition1,theta1_sample_072,Fumarate,fumarate,direct,4,2,M+2,0.4109020605126914
condition1,theta1_sample_072,Fumarate,fumarate,direct,4,3,M+3,0.012819392221006474
condition1,theta1_sample_072,Fumarate,fumarate,direct,4,4,M+4,0.48357160458522908
condition1,theta1_sample_072,Malate,malate,direct,4,0,M+0,0.066371724097451054
condition1,theta1_sample_072,Malate,malate,direct,4,1,M+1,0.046794185792900976
condition1,theta1_sample_072,Malate,malate,direct,4,2,M+2,0.34185556834109904
condition1,theta1_sample_072,Malate,malate,direct,4,3,M+3,0.11041940954929366
condition1,theta1_sample_072,Malate,malate,direct,4,4,M+4,0.43455911221925436
condition1,theta1_sample_072,Glutamine,glutamine,direct,5,0,M+0,0.026610095660058199
condition1,theta1_sample_072,Glutamine,glutamine,direct,5,1,M+1,0.062867631525511725
condition1,theta1_sample_072,Glutamine,glutamine,direct,5,2,M+2,0.12651747209208142
condition1,theta1_sample_072,Glutamine,glutamine,direct,5,3,M+3,0.29279523218644837
condition1,theta1_sample_072,Glutamine,glutamine,direct,5,4,M+4,0.1503361149485215
condition1,theta1_sample_072,Glutamine,glutamine,direct,5,5,M+5,0.34087345358737903
condition1,theta1_sample_072,Aspartate,aspartate,reporter,4,0,M+0,0.088709753256481255
condition1,theta1_sample_072,Aspartate,aspartate,reporter,4,1,M+1,0.20320493426829417
condition1,theta1_sample_072,Aspartate,aspartate,reporter,4,2,M+2,0.0143207652927459
condition1,theta1_sample_072,Aspartate,aspartate,reporter,4,3,M+3,0.20690465358370042
condition1,theta1_sample_072,Aspartate,aspartate,reporter,4,4,M+4,0.48685989359877807
condition1,theta1_sample_072,Glycine,glycine,reporter,2,0,M+0,0.29999999999999999
condition1,theta1_sample_072,Glycine,glycine,reporter,2,1,M+1,-0
condition1,theta1_sample_072,Glycine,glycine,reporter,2,2,M+2,0.69999999999999996
condition1,theta1_sample_072,Serine,serine,reporter,3,0,M+0,0.29999999999999999
condition1,theta1_sample_072,Serine,serine,reporter,3,1,M+1,-0
condition1,theta1_sample_072,Serine,serine,reporter,3,2,M+2,-0
condition1,theta1_sample_072,Serine,serine,reporter,3,3,M+3,0.69999999999999996
condition1,theta1_sample_073,Pyruvate,pyruvate,direct,3,0,M+0,0.29716560253494484
condition1,theta1_sample_073,Pyruvate,pyruvate,direct,3,1,M+1,0.0025335893080638246
condition1,theta1_sample_073,Pyruvate,pyruvate,direct,3,2,M+2,0.0034360137790377838
condition1,theta1_sample_073,Pyruvate,pyruvate,direct,3,3,M+3,0.69686479437795346
condition1,theta1_sample_073,Alanine,alanine,reporter,3,0,M+0,0.29716560253494484
condition1,theta1_sample_073,Alanine,alanine,reporter,3,1,M+1,0.0025335893080638246
condition1,theta1_sample_073,Alanine,alanine,reporter,3,2,M+2,0.0034360137790377838
condition1,theta1_sample_073,Alanine,alanine,reporter,3,3,M+3,0.69686479437795346
condition1,theta1_sample_073,Lactate,lactate,reporter,3,0,M+0,0.29716560253494484
condition1,theta1_sample_073,Lactate,lactate,reporter,3,1,M+1,0.0025335893080638246
condition1,theta1_sample_073,Lactate,lactate,reporter,3,2,M+2,0.0034360137790377838
condition1,theta1_sample_073,Lactate,lactate,reporter,3,3,M+3,0.69686479437795346
condition1,theta1_sample_073,Citrate,citrate,reporter,6,0,M+0,0.026547784099310641
condition1,theta1_sample_073,Citrate,citrate,reporter,6,1,M+1,0.061664155352411362
condition1,theta1_sample_073,Citrate,citrate,reporter,6,2,M+2,0.065956711067340357
condition1,theta1_sample_073,Citrate,citrate,reporter,6,3,M+3,0.20538593940070896
condition1,theta1_sample_073,Citrate,citrate,reporter,6,4,M+4,0.15243627142286001
condition1,theta1_sample_073,Citrate,citrate,reporter,6,5,M+5,0.14753531332487052
condition1,theta1_sample_073,Citrate,citrate,reporter,6,6,M+6,0.34047382533249781
condition1,theta1_sample_073,aKG,akg,direct,5,0,M+0,0.026671989751397115
condition1,theta1_sample_073,aKG,akg,direct,5,1,M+1,0.062889027768414735
condition1,theta1_sample_073,aKG,akg,direct,5,2,M+2,0.12643571151608632
condition1,theta1_sample_073,aKG,akg,direct,5,3,M+3,0.29298515699807803
condition1,theta1_sample_073,aKG,akg,direct,5,4,M+4,0.14980649162494186
condition1,theta1_sample_073,aKG,akg,direct,5,5,M+5,0.34121162234108271
condition1,theta1_sample_073,Succinate,succinate,direct,4,0,M+0,0.087991203784811206
condition1,theta1_sample_073,Succinate,succinate,direct,4,1,M+1,0.0039960800762568159
condition1,theta1_sample_073,Succinate,succinate,direct,4,2,M+2,0.41333269575486614
condition1,theta1_sample_073,Succinate,succinate,direct,4,3,M+3,0.0093815531222561435
condition1,theta1_sample_073,Succinate,succinate,direct,4,4,M+4,0.48529846726181258
condition1,theta1_sample_073,Fumarate,fumarate,direct,4,0,M+0,0.087991203784811206
condition1,theta1_sample_073,Fumarate,fumarate,direct,4,1,M+1,0.0039960800762568159
condition1,theta1_sample_073,Fumarate,fumarate,direct,4,2,M+2,0.4133326957548662
condition1,theta1_sample_073,Fumarate,fumarate,direct,4,3,M+3,0.0093815531222561435
condition1,theta1_sample_073,Fumarate,fumarate,direct,4,4,M+4,0.48529846726181258
condition1,theta1_sample_073,Malate,malate,direct,4,0,M+0,0.071053182475170049
condition1,theta1_sample_073,Malate,malate,direct,4,1,M+1,0.037574953430627882
condition1,theta1_sample_073,Malate,malate,direct,4,2,M+2,0.35726885040927697
condition1,theta1_sample_073,Malate,malate,direct,4,3,M+3,0.088524708988884884
condition1,theta1_sample_073,Malate,malate,direct,4,4,M+4,0.44557830469604226
condition1,theta1_sample_073,Glutamine,glutamine,direct,5,0,M+0,0.026671989751397125
condition1,theta1_sample_073,Glutamine,glutamine,direct,5,1,M+1,0.062889027768414762
condition1,theta1_sample_073,Glutamine,glutamine,direct,5,2,M+2,0.12643571151608637
condition1,theta1_sample_073,Glutamine,glutamine,direct,5,3,M+3,0.29298515699807814
condition1,theta1_sample_073,Glutamine,glutamine,direct,5,4,M+4,0.14980649162494192
condition1,theta1_sample_073,Glutamine,glutamine,direct,5,5,M+5,0.34121162234108293
condition1,theta1_sample_073,Aspartate,aspartate,reporter,4,0,M+0,0.089268893386538428
condition1,theta1_sample_073,Aspartate,aspartate,reporter,4,1,M+1,0.20578411781694866
condition1,theta1_sample_073,Aspartate,aspartate,reporter,4,2,M+2,0.0088357486200376714
condition1,theta1_sample_073,Aspartate,aspartate,reporter,4,3,M+3,0.2079005757629247
condition1,theta1_sample_073,Aspartate,aspartate,reporter,4,4,M+4,0.48821066441355032
condition1,theta1_sample_073,Glycine,glycine,reporter,2,0,M+0,0.30000000000000004
condition1,theta1_sample_073,Glycine,glycine,reporter,2,1,M+1,-0
condition1,theta1_sample_073,Glycine,glycine,reporter,2,2,M+2,0.70000000000000007
condition1,theta1_sample_073,Serine,serine,reporter,3,0,M+0,0.30000000000000004
condition1,theta1_sample_073,Serine,serine,reporter,3,1,M+1,-0
condition1,theta1_sample_073,Serine,serine,reporter,3,2,M+2,-0
condition1,theta1_sample_073,Serine,serine,reporter,3,3,M+3,0.70000000000000007
condition1,theta1_sample_074,Pyruvate,pyruvate,direct,3,0,M+0,0.29829377878754787
condition1,theta1_sample_074,Pyruvate,pyruvate,direct,3,1,M+1,0.0015415831585954083
condition1,theta1_sample_074,Pyruvate,pyruvate,direct,3,2,M+2,0.0020354973201656035
condition1,theta1_sample_074,Pyruvate,pyruvate,direct,3,3,M+3,0.69812914073369114
condition1,theta1_sample_074,Alanine,alanine,reporter,3,0,M+0,0.29829377878754787
condition1,theta1_sample_074,Alanine,alanine,reporter,3,1,M+1,0.0015415831585954083
condition1,theta1_sample_074,Alanine,alanine,reporter,3,2,M+2,0.0020354973201656035
condition1,theta1_sample_074,Alanine,alanine,reporter,3,3,M+3,0.69812914073369114
condition1,theta1_sample_074,Lactate,lactate,reporter,3,0,M+0,0.29829377878754787
condition1,theta1_sample_074,Lactate,lactate,reporter,3,1,M+1,0.0015415831585954083
condition1,theta1_sample_074,Lactate,lactate,reporter,3,2,M+2,0.0020354973201656035
condition1,theta1_sample_074,Lactate,lactate,reporter,3,3,M+3,0.69812914073369114
condition1,theta1_sample_074,Citrate,citrate,reporter,6,0,M+0,0.026603181161084104
condition1,theta1_sample_074,Citrate,citrate,reporter,6,1,M+1,0.061229770762921534
condition1,theta1_sample_074,Citrate,citrate,reporter,6,2,M+2,0.066494901397236059
condition1,theta1_sample_074,Citrate,citrate,reporter,6,3,M+3,0.20435296137258671
condition1,theta1_sample_074,Citrate,citrate,reporter,6,4,M+4,0.15465472148235831
condition1,theta1_sample_074,Citrate,citrate,reporter,6,5,M+5,0.14588412654746691
condition1,theta1_sample_074,Citrate,citrate,reporter,6,6,M+6,0.34078033727634649
condition1,theta1_sample_074,aKG,akg,direct,5,0,M+0,0.026756683721714237
condition1,theta1_sample_074,aKG,akg,direct,5,1,M+1,0.0629178245931339
condition1,theta1_sample_074,aKG,akg,direct,5,2,M+2,0.1263233517236102
condition1,theta1_sample_074,aKG,akg,direct,5,3,M+3,0.29324670151243282
condition1,theta1_sample_074,aKG,akg,direct,5,4,M+4,0.14908182482319718
condition1,theta1_sample_074,aKG,akg,direct,5,5,M+5,0.34167361362591198
condition1,theta1_sample_074,Succinate,succinate,direct,4,0,M+0,0.087817653260034143
condition1,theta1_sample_074,Succinate,succinate,direct,4,1,M+1,0.004346580780786858
condition1,theta1_sample_074,Succinate,succinate,direct,4,2,M+2,0.41274966113230677
condition1,theta1_sample_074,Succinate,succinate,direct,4,3,M+3,0.010190322352888586
condition1,theta1_sample_074,Succinate,succinate,direct,4,4,M+4,0.48489578247398329
condition1,theta1_sample_074,Fumarate,fumarate,direct,4,0,M+0,0.087817653260034129
condition1,theta1_sample_074,Fumarate,fumarate,direct,4,1,M+1,0.004346580780786858
condition1,theta1_sample_074,Fumarate,fumarate,direct,4,2,M+2,0.41274966113230677
condition1,theta1_sample_074,Fumarate,fumarate,direct,4,3,M+3,0.010190322352888586
condition1,theta1_sample_074,Fumarate,fumarate,direct,4,4,M+4,0.48489578247398324
condition1,theta1_sample_074,Malate,malate,direct,4,0,M+0,0.072768006961701492
condition1,theta1_sample_074,Malate,malate,direct,4,1,M+1,0.034286233029510768
condition1,theta1_sample_074,Malate,malate,direct,4,2,M+2,0.36279702726845309
condition1,theta1_sample_074,Malate,malate,direct,4,3,M+3,0.080475218527754785
condition1,theta1_sample_074,Malate,malate,direct,4,4,M+4,0.44967351421257945
condition1,theta1_sample_074,Glutamine,glutamine,direct,5,0,M+0,0.02675668372171424
condition1,theta1_sample_074,Glutamine,glutamine,direct,5,1,M+1,0.0629178245931339
condition1,theta1_sample_074,Glutamine,glutamine,direct,5,2,M+2,0.1263233517236102
condition1,theta1_sample_074,Glutamine,glutamine,direct,5,3,M+3,0.29324670151243287
condition1,theta1_sample_074,Glutamine,glutamine,direct,5,4,M+4,0.14908182482319721
condition1,theta1_sample_074,Glutamine,glutamine,direct,5,5,M+5,0.34167361362591198
condition1,theta1_sample_074,Aspartate,aspartate,reporter,4,0,M+0,0.089147596219105424
condition1,theta1_sample_074,Aspartate,aspartate,reporter,4,1,M+1,0.20423609512183555
condition1,theta1_sample_074,Aspartate,aspartate,reporter,4,2,M+2,0.012017319020932223
condition1,theta1_sample_074,Aspartate,aspartate,reporter,4,3,M+3,0.20666669171620758
condition1,theta1_sample_074,Aspartate,aspartate,reporter,4,4,M+4,0.4879322979219195
condition1,theta1_sample_074,Glycine,glycine,reporter,2,0,M+0,0.29999999999999993
condition1,theta1_sample_074,Glycine,glycine,reporter,2,1,M+1,-0
condition1,theta1_sample_074,Glycine,glycine,reporter,2,2,M+2,0.70000000000000007
condition1,theta1_sample_074,Serine,serine,reporter,3,0,M+0,0.29999999999999993
condition1,theta1_sample_074,Serine,serine,reporter,3,1,M+1,-0
condition1,theta1_sample_074,Serine,serine,reporter,3,2,M+2,-0
condition1,theta1_sample_074,Serine,serine,reporter,3,3,M+3,0.70000000000000007
condition1,theta1_sample_075,Pyruvate,pyruvate,direct,3,0,M+0,0.29799363687906189
condition1,theta1_sample_075,Pyruvate,pyruvate,direct,3,1,M+1,0.0018026860563355052
condition1,theta1_sample_075,Pyruvate,pyruvate,direct,3,2,M+2,0.002413717250143907
condition1,theta1_sample_075,Pyruvate,pyruvate,direct,3,3,M+3,0.69778995981445924
condition1,theta1_sample_075,Alanine,alanine,reporter,3,0,M+0,0.29799363687906189
condition1,theta1_sample_075,Alanine,alanine,reporter,3,1,M+1,0.0018026860563355052
condition1,theta1_sample_075,Alanine,alanine,reporter,3,2,M+2,0.002413717250143907
condition1,theta1_sample_075,Alanine,alanine,reporter,3,3,M+3,0.69778995981445924
condition1,theta1_sample_075,Lactate,lactate,reporter,3,0,M+0,0.29799363687906189
condition1,theta1_sample_075,Lactate,lactate,reporter,3,1,M+1,0.0018026860563355052
condition1,theta1_sample_075,Lactate,lactate,reporter,3,2,M+2,0.002413717250143907
condition1,theta1_sample_075,Lactate,lactate,reporter,3,3,M+3,0.69778995981445924
condition1,theta1_sample_075,Citrate,citrate,reporter,6,0,M+0,0.026573003824658121
condition1,theta1_sample_075,Citrate,citrate,reporter,6,1,M+1,0.061154200550554705
condition1,theta1_sample_075,Citrate,citrate,reporter,6,2,M+2,0.066705795923472519
condition1,theta1_sample_075,Citrate,citrate,reporter,6,3,M+3,0.20403388901564443
condition1,theta1_sample_075,Citrate,citrate,reporter,6,4,M+4,0.1549521509445913
condition1,theta1_sample_075,Citrate,citrate,reporter,6,5,M+5,0.14596182166927493
condition1,theta1_sample_075,Citrate,citrate,reporter,6,6,M+6,0.34061913807180555
condition1,theta1_sample_075,aKG,akg,direct,5,0,M+0,0.026744096810449133
condition1,theta1_sample_075,aKG,akg,direct,5,1,M+1,0.062913591314689196
condition1,theta1_sample_075,aKG,akg,direct,5,2,M+2,0.12634009663060752
condition1,theta1_sample_075,aKG,akg,direct,5,3,M+3,0.29320767188650254
condition1,theta1_sample_075,aKG,akg,direct,5,4,M+4,0.14918951702417216
condition1,theta1_sample_075,aKG,akg,direct,5,5,M+5,0.34160502633358064
condition1,theta1_sample_075,Succinate,succinate,direct,4,0,M+0,0.087712372057929727
condition1,theta1_sample_075,Succinate,succinate,direct,4,1,M+1,0.0045537254978668075
condition1,theta1_sample_075,Succinate,succinate,direct,4,2,M+2,0.41240328070813159
condition1,theta1_sample_075,Succinate,succinate,direct,4,3,M+3,0.010682773858420268
condition1,theta1_sample_075,Succinate,succinate,direct,4,4,M+4,0.4846478478776538
condition1,theta1_sample_075,Fumarate,fumarate,direct,4,0,M+0,0.087712372057929727
condition1,theta1_sample_075,Fumarate,fumarate,direct,4,1,M+1,0.0045537254978668075
condition1,theta1_sample_075,Fumarate,fumarate,direct,4,2,M+2,0.41240328070813159
condition1,theta1_sample_075,Fumarate,fumarate,direct,4,3,M+3,0.010682773858420268
condition1,theta1_sample_075,Fumarate,fumarate,direct,4,4,M+4,0.4846478478776538
condition1,theta1_sample_075,Malate,malate,direct,4,0,M+0,0.071814150742118152
condition1,theta1_sample_075,Malate,malate,direct,4,1,M+1,0.036152486532964691
condition1,theta1_sample_075,Malate,malate,direct,4,2,M+2,0.35967278511746004
condition1,theta1_sample_075,Malate,malate,direct,4,3,M+3,0.084940367197716013
condition1,theta1_sample_075,Malate,malate,direct,4,4,M+4,0.44742021040974328
condition1,theta1_sample_075,Glutamine,glutamine,direct,5,0,M+0,0.026744096810449133
condition1,theta1_sample_075,Glutamine,glutamine,direct,5,1,M+1,0.062913591314689196
condition1,theta1_sample_075,Glutamine,glutamine,direct,5,2,M+2,0.12634009663060752
condition1,theta1_sample_075,Glutamine,glutamine,direct,5,3,M+3,0.29320767188650249
condition1,theta1_sample_075,Glutamine,glutamine,direct,5,4,M+4,0.14918951702417216
condition1,theta1_sample_075,Glutamine,glutamine,direct,5,5,M+5,0.34160502633358059
condition1,theta1_sample_075,Aspartate,aspartate,reporter,4,0,M+0,0.089127369302588577
condition1,theta1_sample_075,Aspartate,aspartate,reporter,4,1,M+1,0.20400644684671429
condition1,theta1_sample_075,Aspartate,aspartate,reporter,4,2,M+2,0.012495705374587957
condition1,theta1_sample_075,Aspartate,aspartate,reporter,4,3,M+3,0.20647977150032842
condition1,theta1_sample_075,Aspartate,aspartate,reporter,4,4,M+4,0.48789070697578185
condition1,theta1_sample_075,Glycine,glycine,reporter,2,0,M+0,0.3000000000000001
condition1,theta1_sample_075,Glycine,glycine,reporter,2,1,M+1,-0
condition1,theta1_sample_075,Glycine,glycine,reporter,2,2,M+2,0.70000000000000018
condition1,theta1_sample_075,Serine,serine,reporter,3,0,M+0,0.3000000000000001
condition1,theta1_sample_075,Serine,serine,reporter,3,1,M+1,-0
condition1,theta1_sample_075,Serine,serine,reporter,3,2,M+2,-0
condition1,theta1_sample_075,Serine,serine,reporter,3,3,M+3,0.70000000000000018
condition1,theta1_sample_076,Pyruvate,pyruvate,direct,3,0,M+0,0.29824587561725968
condition1,theta1_sample_076,Pyruvate,pyruvate,direct,3,1,M+1,0.0015834521268448371
condition1,theta1_sample_076,Pyruvate,pyruvate,direct,3,2,M+2,0.0020954688945310968
condition1,theta1_sample_076,Pyruvate,pyruvate,direct,3,3,M+3,0.69807520336136442
condition1,theta1_sample_076,Alanine,alanine,reporter,3,0,M+0,0.29824587561725968
condition1,theta1_sample_076,Alanine,alanine,reporter,3,1,M+1,0.0015834521268448371
condition1,theta1_sample_076,Alanine,alanine,reporter,3,2,M+2,0.0020954688945310968
condition1,theta1_sample_076,Alanine,alanine,reporter,3,3,M+3,0.69807520336136442
condition1,theta1_sample_076,Lactate,lactate,reporter,3,0,M+0,0.29824587561725968
condition1,theta1_sample_076,Lactate,lactate,reporter,3,1,M+1,0.0015834521268448371
condition1,theta1_sample_076,Lactate,lactate,reporter,3,2,M+2,0.0020954688945310968
condition1,theta1_sample_076,Lactate,lactate,reporter,3,3,M+3,0.69807520336136442
condition1,theta1_sample_076,Citrate,citrate,reporter,6,0,M+0,0.026589750169086795
condition1,theta1_sample_076,Citrate,citrate,reporter,6,1,M+1,0.060820776457871303
condition1,theta1_sample_076,Citrate,citrate,reporter,6,2,M+2,0.067311774831519622
condition1,theta1_sample_076,Citrate,citrate,reporter,6,3,M+3,0.20299162052845746
condition1,theta1_sample_076,Citrate,citrate,reporter,6,4,M+4,0.15657633639395827
condition1,theta1_sample_076,Citrate,citrate,reporter,6,5,M+5,0.14498298299675455
condition1,theta1_sample_076,Citrate,citrate,reporter,6,6,M+6,0.34072675862235169
condition1,theta1_sample_076,aKG,akg,direct,5,0,M+0,0.026785724580266054
condition1,theta1_sample_076,aKG,akg,direct,5,1,M+1,0.062927834489867635
condition1,theta1_sample_076,aKG,akg,direct,5,2,M+2,0.12628496018942426
condition1,theta1_sample_076,aKG,akg,direct,5,3,M+3,0.29333591552492255
condition1,theta1_sample_076,aKG,akg,direct,5,4,M+4,0.14883332752108175
condition1,theta1_sample_076,aKG,akg,direct,5,5,M+5,0.34183223769443805
condition1,theta1_sample_076,Succinate,succinate,direct,4,0,M+0,0.087477722456778456
condition1,theta1_sample_076,Succinate,succinate,direct,4,1,M+1,0.0050223799122655882
condition1,theta1_sample_076,Succinate,succinate,direct,4,2,M+2,0.41162197508816484
condition1,theta1_sample_076,Succinate,succinate,direct,4,3,M+3,0.011778020259759566
condition1,theta1_sample_076,Succinate,succinate,direct,4,4,M+4,0.48409990228303146
condition1,theta1_sample_076,Fumarate,fumarate,direct,4,0,M+0,0.08747772245677847
condition1,theta1_sample_076,Fumarate,fumarate,direct,4,1,M+1,0.0050223799122655882
condition1,theta1_sample_076,Fumarate,fumarate,direct,4,2,M+2,0.41162197508816489
condition1,theta1_sample_076,Fumarate,fumarate,direct,4,3,M+3,0.011778020259759566
condition1,theta1_sample_076,Fumarate,fumarate,direct,4,4,M+4,0.48409990228303151
condition1,theta1_sample_076,Malate,malate,direct,4,0,M+0,0.072495801649478803
condition1,theta1_sample_076,Malate,malate,direct,4,1,M+1,0.034822920342876706
condition1,theta1_sample_076,Malate,malate,direct,4,2,M+2,0.36189997397581691
condition1,theta1_sample_076,Malate,malate,direct,4,3,M+3,0.081748084421820716
condition1,theta1_sample_076,Malate,malate,direct,4,4,M+4,0.44903321961000675
condition1,theta1_sample_076,Glutamine,glutamine,direct,5,0,M+0,0.026785724580266061
condition1,theta1_sample_076,Glutamine,glutamine,direct,5,1,M+1,0.062927834489867648
condition1,theta1_sample_076,Glutamine,glutamine,direct,5,2,M+2,0.12628496018942428
condition1,theta1_sample_076,Glutamine,glutamine,direct,5,3,M+3,0.29333591552492261
condition1,theta1_sample_076,Glutamine,glutamine,direct,5,4,M+4,0.14883332752108178
condition1,theta1_sample_076,Glutamine,glutamine,direct,5,5,M+5,0.3418322376944381
condition1,theta1_sample_076,Aspartate,aspartate,reporter,4,0,M+0,0.089115542506910186
condition1,theta1_sample_076,Aspartate,aspartate,reporter,4,1,M+1,0.20286947145175752
condition1,theta1_sample_076,Aspartate,aspartate,reporter,4,2,M+2,0.014800314877549261
condition1,theta1_sample_076,Aspartate,aspartate,reporter,4,3,M+3,0.20532878586198808
condition1,theta1_sample_076,Aspartate,aspartate,reporter,4,4,M+4,0.48788588530179489
condition1,theta1_sample_076,Glycine,glycine,reporter,2,0,M+0,0.29999999999999999
condition1,theta1_sample_076,Glycine,glycine,reporter,2,1,M+1,-0
condition1,theta1_sample_076,Glycine,glycine,reporter,2,2,M+2,0.70000000000000007
condition1,theta1_sample_076,Serine,serine,reporter,3,0,M+0,0.29999999999999999
condition1,theta1_sample_076,Serine,serine,reporter,3,1,M+1,-0
condition1,theta1_sample_076,Serine,serine,reporter,3,2,M+2,-0
condition1,theta1_sample_076,Serine,serine,reporter,3,3,M+3,0.70000000000000007
condition1,theta1_sample_077,Pyruvate,pyruvate,direct,3,0,M+0,0.29868702703985983
condition1,theta1_sample_077,Pyruvate,pyruvate,direct,3,1,M+1,0.0011964612024326802
condition1,theta1_sample_077,Pyruvate,pyruvate,direct,3,2,M+2,0.0015459964755550326
condition1,theta1_sample_077,Pyruvate,pyruvate,direct,3,3,M+3,0.69857051528215242
condition1,theta1_sample_077,Alanine,alanine,reporter,3,0,M+0,0.29868702703985983
condition1,theta1_sample_077,Alanine,alanine,reporter,3,1,M+1,0.0011964612024326802
condition1,theta1_sample_077,Alanine,alanine,reporter,3,2,M+2,0.0015459964755550326
condition1,theta1_sample_077,Alanine,alanine,reporter,3,3,M+3,0.69857051528215242
condition1,theta1_sample_077,Lactate,lactate,reporter,3,0,M+0,0.29868702703985983
condition1,theta1_sample_077,Lactate,lactate,reporter,3,1,M+1,0.0011964612024326802
condition1,theta1_sample_077,Lactate,lactate,reporter,3,2,M+2,0.0015459964755550326
condition1,theta1_sample_077,Lactate,lactate,reporter,3,3,M+3,0.69857051528215242
condition1,theta1_sample_077,Citrate,citrate,reporter,6,0,M+0,0.026659516408752824
condition1,theta1_sample_077,Citrate,citrate,reporter,6,1,M+1,0.060921513711731219
condition1,theta1_sample_077,Citrate,citrate,reporter,6,2,M+2,0.067070108980752927
condition1,theta1_sample_077,Citrate,citrate,reporter,6,3,M+3,0.20334783943390877
condition1,theta1_sample_077,Citrate,citrate,reporter,6,4,M+4,0.15622475040521408
condition1,theta1_sample_077,Citrate,citrate,reporter,6,5,M+5,0.14466187795366001
condition1,theta1_sample_077,Citrate,citrate,reporter,6,6,M+6,0.34111439310597985
condition1,theta1_sample_077,aKG,akg,direct,5,0,M+0,0.026827180255050296
condition1,theta1_sample_077,aKG,akg,direct,5,1,M+1,0.062941880524252702
condition1,theta1_sample_077,aKG,akg,direct,5,2,M+2,0.12622991343250226
condition1,theta1_sample_077,aKG,akg,direct,5,3,M+3,0.29346410520649191
condition1,theta1_sample_077,aKG,akg,direct,5,4,M+4,0.14847862591724731
condition1,theta1_sample_077,aKG,akg,direct,5,5,M+5,0.34205829466445559
condition1,theta1_sample_077,Succinate,succinate,direct,4,0,M+0,0.087632559368431159
condition1,theta1_sample_077,Succinate,succinate,direct,4,1,M+1,0.0047184749792017495
condition1,theta1_sample_077,Succinate,succinate,direct,4,2,M+2,0.41213040627335173
condition1,theta1_sample_077,Succinate,succinate,direct,4,3,M+3,0.011053525041966389
condition1,theta1_sample_077,Succinate,succinate,direct,4,4,M+4,0.48446503433704874
condition1,theta1_sample_077,Fumarate,fumarate,direct,4,0,M+0,0.087632559368431159
condition1,theta1_sample_077,Fumarate,fumarate,direct,4,1,M+1,0.0047184749792017495
condition1,theta1_sample_077,Fumarate,fumarate,direct,4,2,M+2,0.41213040627335173
condition1,theta1_sample_077,Fumarate,fumarate,direct,4,3,M+3,0.011053525041966389
condition1,theta1_sample_077,Fumarate,fumarate,direct,4,4,M+4,0.48446503433704874
condition1,theta1_sample_077,Malate,malate,direct,4,0,M+0,0.07409295737919798
condition1,theta1_sample_077,Malate,malate,direct,4,1,M+1,0.031686598566710633
condition1,theta1_sample_077,Malate,malate,direct,4,2,M+2,0.36714650683051775
condition1,theta1_sample_077,Malate,malate,direct,4,3,M+3,0.074275361122040362
condition1,theta1_sample_077,Malate,malate,direct,4,4,M+4,0.45279857610153307
condition1,theta1_sample_077,Glutamine,glutamine,direct,5,0,M+0,0.026827180255050296
condition1,theta1_sample_077,Glutamine,glutamine,direct,5,1,M+1,0.062941880524252702
condition1,theta1_sample_077,Glutamine,glutamine,direct,5,2,M+2,0.12622991343250226
condition1,theta1_sample_077,Glutamine,glutamine,direct,5,3,M+3,0.29346410520649191
condition1,theta1_sample_077,Glutamine,glutamine,direct,5,4,M+4,0.14847862591724731
condition1,theta1_sample_077,Glutamine,glutamine,direct,5,5,M+5,0.34205829466445559
condition1,theta1_sample_077,Aspartate,aspartate,reporter,4,0,M+0,0.089229584060366199
condition1,theta1_sample_077,Aspartate,aspartate,reporter,4,1,M+1,0.2031726743889026
condition1,theta1_sample_077,Aspartate,aspartate,reporter,4,2,M+2,0.014126867453017729
condition1,theta1_sample_077,Aspartate,aspartate,reporter,4,3,M+3,0.20530990568579163
condition1,theta1_sample_077,Aspartate,aspartate,reporter,4,4,M+4,0.48816096841192164
condition1,theta1_sample_077,Glycine,glycine,reporter,2,0,M+0,0.29999999999999999
condition1,theta1_sample_077,Glycine,glycine,reporter,2,1,M+1,-0
condition1,theta1_sample_077,Glycine,glycine,reporter,2,2,M+2,0.69999999999999996
condition1,theta1_sample_077,Serine,serine,reporter,3,0,M+0,0.29999999999999999
condition1,theta1_sample_077,Serine,serine,reporter,3,1,M+1,-0
condition1,theta1_sample_077,Serine,serine,reporter,3,2,M+2,-0
condition1,theta1_sample_077,Serine,serine,reporter,3,3,M+3,0.69999999999999996
condition1,theta1_sample_078,Pyruvate,pyruvate,direct,3,0,M+0,0.29856066136955001
condition1,theta1_sample_078,Pyruvate,pyruvate,direct,3,1,M+1,0.0013286844348534604
condition1,theta1_sample_078,Pyruvate,pyruvate,direct,3,2,M+2,0.0016606470216424349
condition1,theta1_sample_078,Pyruvate,pyruvate,direct,3,3,M+3,0.69845000717395356
condition1,theta1_sample_078,Alanine,alanine,reporter,3,0,M+0,0.29856066136955001
condition1,theta1_sample_078,Alanine,alanine,reporter,3,1,M+1,0.0013286844348534604
condition1,theta1_sample_078,Alanine,alanine,reporter,3,2,M+2,0.0016606470216424349
condition1,theta1_sample_078,Alanine,alanine,reporter,3,3,M+3,0.69845000717395356
condition1,theta1_sample_078,Lactate,lactate,reporter,3,0,M+0,0.29856066136955001
condition1,theta1_sample_078,Lactate,lactate,reporter,3,1,M+1,0.0013286844348534604
condition1,theta1_sample_078,Lactate,lactate,reporter,3,2,M+2,0.0016606470216424349
condition1,theta1_sample_078,Lactate,lactate,reporter,3,3,M+3,0.69845000717395356
condition1,theta1_sample_078,Citrate,citrate,reporter,6,0,M+0,0.026511728446029247
condition1,theta1_sample_078,Citrate,citrate,reporter,6,1,M+1,0.059547249309441851
condition1,theta1_sample_078,Citrate,citrate,reporter,6,2,M+2,0.06960071532208556
condition1,theta1_sample_078,Citrate,citrate,reporter,6,3,M+3,0.19912939996120832
condition1,theta1_sample_078,Citrate,citrate,reporter,6,4,M+4,0.16247913602695951
condition1,theta1_sample_078,Citrate,citrate,reporter,6,5,M+5,0.14244404955072651
condition1,theta1_sample_078,Citrate,citrate,reporter,6,6,M+6,0.34028772138354785
condition1,theta1_sample_078,aKG,akg,direct,5,0,M+0,0.026747574393442684
condition1,theta1_sample_078,aKG,akg,direct,5,1,M+1,0.062914674072658175
condition1,theta1_sample_078,aKG,akg,direct,5,2,M+2,0.12633538341692027
condition1,theta1_sample_078,aKG,akg,direct,5,3,M+3,0.29321875431439604
condition1,theta1_sample_078,aKG,akg,direct,5,4,M+4,0.1491597728625999
condition1,theta1_sample_078,aKG,akg,direct,5,5,M+5,0.34162384093998244
condition1,theta1_sample_078,Succinate,succinate,direct,4,0,M+0,0.086229436208185822
condition1,theta1_sample_078,Succinate,succinate,direct,4,1,M+1,0.0075105741624526207
condition1,theta1_sample_078,Succinate,succinate,direct,4,2,M+2,0.40747219192218675
condition1,theta1_sample_078,Succinate,succinate,direct,4,3,M+3,0.017606148835524259
condition1,theta1_sample_078,Succinate,succinate,direct,4,4,M+4,0.48118164887164983
condition1,theta1_sample_078,Fumarate,fumarate,direct,4,0,M+0,0.086229436208185822
condition1,theta1_sample_078,Fumarate,fumarate,direct,4,1,M+1,0.0075105741624526216
condition1,theta1_sample_078,Fumarate,fumarate,direct,4,2,M+2,0.40747219192218681
condition1,theta1_sample_078,Fumarate,fumarate,direct,4,3,M+3,0.017606148835524259
condition1,theta1_sample_078,Fumarate,fumarate,direct,4,4,M+4,0.48118164887164983
condition1,theta1_sample_078,Malate,malate,direct,4,0,M+0,0.075604944748593209
condition1,theta1_sample_078,Malate,malate,direct,4,1,M+1,0.028663050710433707
condition1,theta1_sample_078,Malate,malate,direct,4,2,M+2,0.37218589555181686
condition1,theta1_sample_078,Malate,malate,direct,4,3,M+3,0.067219277770691088
condition1,theta1_sample_078,Malate,malate,direct,4,4,M+4,0.45632683121846429
condition1,theta1_sample_078,Glutamine,glutamine,direct,5,0,M+0,0.026747574393442684
condition1,theta1_sample_078,Glutamine,glutamine,direct,5,1,M+1,0.062914674072658175
condition1,theta1_sample_078,Glutamine,glutamine,direct,5,2,M+2,0.12633538341692027
condition1,theta1_sample_078,Glutamine,glutamine,direct,5,3,M+3,0.29321875431439604
condition1,theta1_sample_078,Glutamine,glutamine,direct,5,4,M+4,0.1491597728625999
condition1,theta1_sample_078,Glutamine,glutamine,direct,5,5,M+5,0.34162384093998244
condition1,theta1_sample_078,Aspartate,aspartate,reporter,4,0,M+0,0.08877378865092006
condition1,theta1_sample_078,Aspartate,aspartate,reporter,4,1,M+1,0.19858594887435238
condition1,theta1_sample_078,Aspartate,aspartate,reporter,4,2,M+2,0.023575817083132337
condition1,theta1_sample_078,Aspartate,aspartate,reporter,4,3,M+3,0.20199536460699694
condition1,theta1_sample_078,Aspartate,aspartate,reporter,4,4,M+4,0.48706908078459771
condition1,theta1_sample_078,Glycine,glycine,reporter,2,0,M+0,0.29999999999999988
condition1,theta1_sample_078,Glycine,glycine,reporter,2,1,M+1,-0
condition1,theta1_sample_078,Glycine,glycine,reporter,2,2,M+2,0.69999999999999984
condition1,theta1_sample_078,Serine,serine,reporter,3,0,M+0,0.29999999999999988
condition1,theta1_sample_078,Serine,serine,reporter,3,1,M+1,-0
condition1,theta1_sample_078,Serine,serine,reporter,3,2,M+2,-0
condition1,theta1_sample_078,Serine,serine,reporter,3,3,M+3,0.69999999999999984
condition1,theta1_sample_079,Pyruvate,pyruvate,direct,3,0,M+0,0.29861173402488289
condition1,theta1_sample_079,Pyruvate,pyruvate,direct,3,1,M+1,0.0012711686545948165
condition1,theta1_sample_079,Pyruvate,pyruvate,direct,3,2,M+2,0.0016224606161618731
condition1,theta1_sample_079,Pyruvate,pyruvate,direct,3,3,M+3,0.69849463670436063
condition1,theta1_sample_079,Alanine,alanine,reporter,3,0,M+0,0.29861173402488289
condition1,theta1_sample_079,Alanine,alanine,reporter,3,1,M+1,0.0012711686545948165
condition1,theta1_sample_079,Alanine,alanine,reporter,3,2,M+2,0.0016224606161618731
condition1,theta1_sample_079,Alanine,alanine,reporter,3,3,M+3,0.69849463670436063
condition1,theta1_sample_079,Lactate,lactate,reporter,3,0,M+0,0.29861173402488289
condition1,theta1_sample_079,Lactate,lactate,reporter,3,1,M+1,0.0012711686545948165
condition1,theta1_sample_079,Lactate,lactate,reporter,3,2,M+2,0.0016224606161618731
condition1,theta1_sample_079,Lactate,lactate,reporter,3,3,M+3,0.69849463670436063
condition1,theta1_sample_079,Citrate,citrate,reporter,6,0,M+0,0.026635130865555679
condition1,theta1_sample_079,Citrate,citrate,reporter,6,1,M+1,0.060781264339949216
condition1,theta1_sample_079,Citrate,citrate,reporter,6,2,M+2,0.067335533175376258
condition1,theta1_sample_079,Citrate,citrate,reporter,6,3,M+3,0.20291331771679391
condition1,theta1_sample_079,Citrate,citrate,reporter,6,4,M+4,0.15684041293283774
condition1,theta1_sample_079,Citrate,citrate,reporter,6,5,M+5,0.1445199813893587
condition1,theta1_sample_079,Citrate,citrate,reporter,6,6,M+6,0.34097435958012906
condition1,theta1_sample_079,aKG,akg,direct,5,0,M+0,0.02680264253558955
condition1,theta1_sample_079,aKG,akg,direct,5,1,M+1,0.062933514823934056
condition1,theta1_sample_079,aKG,akg,direct,5,2,M+2,0.12626244393128497
condition1,theta1_sample_079,aKG,akg,direct,5,3,M+3,0.29338840788766452
condition1,theta1_sample_079,aKG,akg,direct,5,4,M+4,0.14868858045713393
condition1,theta1_sample_079,aKG,akg,direct,5,5,M+5,0.34192441036439414
condition1,theta1_sample_079,Succinate,succinate,direct,4,0,M+0,0.087513802339747274
condition1,theta1_sample_079,Succinate,succinate,direct,4,1,M+1,0.0049541441202279463
condition1,theta1_sample_079,Succinate,succinate,direct,4,2,M+2,0.41173700939952784
condition1,theta1_sample_079,Succinate,succinate,direct,4,3,M+3,0.011608339481272172
condition1,theta1_sample_079,Succinate,succinate,direct,4,4,M+4,0.48418670465922531
condition1,theta1_sample_079,Fumarate,fumarate,direct,4,0,M+0,0.087513802339747274
condition1,theta1_sample_079,Fumarate,fumarate,direct,4,1,M+1,0.0049541441202279454
condition1,theta1_sample_079,Fumarate,fumarate,direct,4,2,M+2,0.41173700939952784
condition1,theta1_sample_079,Fumarate,fumarate,direct,4,3,M+3,0.011608339481272172
condition1,theta1_sample_079,Fumarate,fumarate,direct,4,4,M+4,0.48418670465922531
condition1,theta1_sample_079,Malate,malate,direct,4,0,M+0,0.074821617362998694
condition1,theta1_sample_079,Malate,malate,direct,4,1,M+1,0.030227998590684018
condition1,theta1_sample_079,Malate,malate,direct,4,2,M+2,0.36957708012108731
condition1,theta1_sample_079,Malate,malate,direct,4,3,M+3,0.07087537453377922
condition1,theta1_sample_079,Malate,malate,direct,4,4,M+4,0.45449792939145117
condition1,theta1_sample_079,Glutamine,glutamine,direct,5,0,M+0,0.026802642535589553
condition1,theta1_sample_079,Glutamine,glutamine,direct,5,1,M+1,0.06293351482393407
condition1,theta1_sample_079,Glutamine,glutamine,direct,5,2,M+2,0.126262443931285
condition1,theta1_sample_079,Glutamine,glutamine,direct,5,3,M+3,0.29338840788766452
condition1,theta1_sample_079,Glutamine,glutamine,direct,5,4,M+4,0.14868858045713396
condition1,theta1_sample_079,Glutamine,glutamine,direct,5,5,M+5,0.34192441036439419
condition1,theta1_sample_079,Aspartate,aspartate,reporter,4,0,M+0,0.089170305880947917
condition1,theta1_sample_079,Aspartate,aspartate,reporter,4,1,M+1,0.20270985048496576
condition1,theta1_sample_079,Aspartate,aspartate,reporter,4,2,M+2,0.015082227762444301
condition1,theta1_sample_079,Aspartate,aspartate,reporter,4,3,M+3,0.20502476949642312
condition1,theta1_sample_079,Aspartate,aspartate,reporter,4,4,M+4,0.48801284637521936
condition1,theta1_sample_079,Glycine,glycine,reporter,2,0,M+0,0.3000000000000001
condition1,theta1_sample_079,Glycine,glycine,reporter,2,1,M+1,-0
condition1,theta1_sample_079,Glycine,glycine,reporter,2,2,M+2,0.70000000000000018
condition1,theta1_sample_079,Serine,serine,reporter,3,0,M+0,0.3000000000000001
condition1,theta1_sample_079,Serine,serine,reporter,3,1,M+1,-0
condition1,theta1_sample_079,Serine,serine,reporter,3,2,M+2,-0
condition1,theta1_sample_079,Serine,serine,reporter,3,3,M+3,0.70000000000000018
condition1,theta1_sample_080,Pyruvate,pyruvate,direct,3,0,M+0,0.29886939466625945
condition1,theta1_sample_080,Pyruvate,pyruvate,direct,3,1,M+1,0.0010495696333865548
condition1,theta1_sample_080,Pyruvate,pyruvate,direct,3,2,M+2,0.0012926767344483055
condition1,theta1_sample_080,Pyruvate,pyruvate,direct,3,3,M+3,0.6987883589659053
condition1,theta1_sample_080,Alanine,alanine,reporter,3,0,M+0,0.29886939466625945
condition1,theta1_sample_080,Alanine,alanine,reporter,3,1,M+1,0.0010495696333865548
condition1,theta1_sample_080,Alanine,alanine,reporter,3,2,M+2,0.0012926767344483055
condition1,theta1_sample_080,Alanine,alanine,reporter,3,3,M+3,0.6987883589659053
condition1,theta1_sample_080,Lactate,lactate,reporter,3,0,M+0,0.29886939466625945
condition1,theta1_sample_080,Lactate,lactate,reporter,3,1,M+1,0.0010495696333865548
condition1,theta1_sample_080,Lactate,lactate,reporter,3,2,M+2,0.0012926767344483055
condition1,theta1_sample_080,Lactate,lactate,reporter,3,3,M+3,0.6987883589659053
condition1,theta1_sample_080,Citrate,citrate,reporter,6,0,M+0,0.026674987094986381
condition1,theta1_sample_080,Citrate,citrate,reporter,6,1,M+1,0.060782288602523923
condition1,theta1_sample_080,Citrate,citrate,reporter,6,2,M+2,0.067308478251387388
condition1,theta1_sample_080,Citrate,citrate,reporter,6,3,M+3,0.20293168565246866
condition1,theta1_sample_080,Citrate,citrate,reporter,6,4,M+4,0.15690093841179723
condition1,theta1_sample_080,Citrate,citrate,reporter,6,5,M+5,0.14420778763091061
condition1,theta1_sample_080,Citrate,citrate,reporter,6,6,M+6,0.34119383435592476
condition1,theta1_sample_080,aKG,akg,direct,5,0,M+0,0.026812863953770267
condition1,theta1_sample_080,aKG,akg,direct,5,1,M+1,0.062936971028907093
condition1,theta1_sample_080,aKG,akg,direct,5,2,M+2,0.12624886443928995
condition1,theta1_sample_080,aKG,akg,direct,5,3,M+3,0.29342003885167478
condition1,theta1_sample_080,aKG,akg,direct,5,4,M+4,0.14860112509430057
condition1,theta1_sample_080,aKG,akg,direct,5,5,M+5,0.3419801366320569
condition1,theta1_sample_080,Succinate,succinate,direct,4,0,M+0,0.087508080519674167
condition1,theta1_sample_080,Succinate,succinate,direct,4,1,M+1,0.0049682997685326176
condition1,theta1_sample_080,Succinate,succinate,direct,4,2,M+2,0.41171432065507263
condition1,theta1_sample_080,Succinate,succinate,direct,4,3,M+3,0.011634137305560399
condition1,theta1_sample_080,Succinate,succinate,direct,4,4,M+4,0.48417516175115999
condition1,theta1_sample_080,Fumarate,fumarate,direct,4,0,M+0,0.087508080519674153
condition1,theta1_sample_080,Fumarate,fumarate,direct,4,1,M+1,0.0049682997685326176
condition1,theta1_sample_080,Fumarate,fumarate,direct,4,2,M+2,0.41171432065507257
condition1,theta1_sample_080,Fumarate,fumarate,direct,4,3,M+3,0.011634137305560399
condition1,theta1_sample_080,Fumarate,fumarate,direct,4,4,M+4,0.48417516175115993
condition1,theta1_sample_080,Malate,malate,direct,4,0,M+0,0.077032299103257124
condition1,theta1_sample_080,Malate,malate,direct,4,1,M+1,0.025844879938508779
condition1,theta1_sample_080,Malate,malate,direct,4,2,M+2,0.37689502615082632
condition1,theta1_sample_080,Malate,malate,direct,4,3,M+3,0.060546111469792448
condition1,theta1_sample_080,Malate,malate,direct,4,4,M+4,0.45968168333761494
condition1,theta1_sample_080,Glutamine,glutamine,direct,5,0,M+0,0.026812863953770263
condition1,theta1_sample_080,Glutamine,glutamine,direct,5,1,M+1,0.062936971028907093
condition1,theta1_sample_080,Glutamine,glutamine,direct,5,2,M+2,0.12624886443928995
condition1,theta1_sample_080,Glutamine,glutamine,direct,5,3,M+3,0.29342003885167478
condition1,theta1_sample_080,Glutamine,glutamine,direct,5,4,M+4,0.14860112509430057
condition1,theta1_sample_080,Glutamine,glutamine,direct,5,5,M+5,0.3419801366320569
condition1,theta1_sample_080,Aspartate,aspartate,reporter,4,0,M+0,0.089234843596924768
condition1,theta1_sample_080,Aspartate,aspartate,reporter,4,1,M+1,0.20269401493383343
condition1,theta1_sample_080,Aspartate,aspartate,reporter,4,2,M+2,0.015073279502989829
condition1,theta1_sample_080,Aspartate,aspartate,reporter,4,3,M+3,0.20483202180482052
condition1,theta1_sample_080,Aspartate,aspartate,reporter,4,4,M+4,0.48816584016143083
condition1,theta1_sample_080,Glycine,glycine,reporter,2,0,M+0,0.30000000000000004
condition1,theta1_sample_080,Glycine,glycine,reporter,2,1,M+1,-0
condition1,theta1_sample_080,Glycine,glycine,reporter,2,2,M+2,0.69999999999999996
condition1,theta1_sample_080,Serine,serine,reporter,3,0,M+0,0.30000000000000004
condition1,theta1_sample_080,Serine,serine,reporter,3,1,M+1,-0
condition1,theta1_sample_080,Serine,serine,reporter,3,2,M+2,-0
condition1,theta1_sample_080,Serine,serine,reporter,3,3,M+3,0.69999999999999996
condition1,theta1_sample_081,Pyruvate,pyruvate,direct,3,0,M+0,0.29890817247692708
condition1,theta1_sample_081,Pyruvate,pyruvate,direct,3,1,M+1,0.001035915943646072
condition1,theta1_sample_081,Pyruvate,pyruvate,direct,3,2,M+2,0.0012036506819269395
condition1,theta1_sample_081,Pyruvate,pyruvate,direct,3,3,M+3,0.69885226089750019
condition1,theta1_sample_081,Alanine,alanine,reporter,3,0,M+0,0.29890817247692708
condition1,theta1_sample_081,Alanine,alanine,reporter,3,1,M+1,0.001035915943646072
condition1,theta1_sample_081,Alanine,alanine,reporter,3,2,M+2,0.0012036506819269395
condition1,theta1_sample_081,Alanine,alanine,reporter,3,3,M+3,0.69885226089750019
condition1,theta1_sample_081,Lactate,lactate,reporter,3,0,M+0,0.29890817247692708
condition1,theta1_sample_081,Lactate,lactate,reporter,3,1,M+1,0.001035915943646072
condition1,theta1_sample_081,Lactate,lactate,reporter,3,2,M+2,0.0012036506819269395
condition1,theta1_sample_081,Lactate,lactate,reporter,3,3,M+3,0.69885226089750019
condition1,theta1_sample_081,Citrate,citrate,reporter,6,0,M+0,0.026736639442601511
condition1,theta1_sample_081,Citrate,citrate,reporter,6,1,M+1,0.060949624246538367
condition1,theta1_sample_081,Citrate,citrate,reporter,6,2,M+2,0.067076137804986835
condition1,theta1_sample_081,Citrate,citrate,reporter,6,3,M+3,0.20332194329907985
condition1,theta1_sample_081,Citrate,citrate,reporter,6,4,M+4,0.15618856561040287
condition1,theta1_sample_081,Citrate,citrate,reporter,6,5,M+5,0.14418452977370819
condition1,theta1_sample_081,Citrate,citrate,reporter,6,6,M+6,0.34154255982268333
condition1,theta1_sample_081,aKG,akg,direct,5,0,M+0,0.0268231854667529
condition1,theta1_sample_081,aKG,akg,direct,5,1,M+1,0.062940483588286592
condition1,theta1_sample_081,aKG,akg,direct,5,2,M+2,0.12623517447703189
condition1,theta1_sample_081,aKG,akg,direct,5,3,M+3,0.29345190203577542
condition1,theta1_sample_081,aKG,akg,direct,5,4,M+4,0.14851281081044379
condition1,theta1_sample_081,aKG,akg,direct,5,5,M+5,0.34203644362171015
condition1,theta1_sample_081,Succinate,succinate,direct,4,0,M+0,0.087612570595536662
condition1,theta1_sample_081,Succinate,succinate,direct,4,1,M+1,0.0047603021036097364
condition1,theta1_sample_081,Succinate,succinate,direct,4,2,M+2,0.41206131092554515
condition1,theta1_sample_081,Succinate,succinate,direct,4,3,M+3,0.011146189455935242
condition1,theta1_sample_081,Succinate,succinate,direct,4,4,M+4,0.48441962691937418
condition1,theta1_sample_081,Fumarate,fumarate,direct,4,0,M+0,0.087612570595536648
condition1,theta1_sample_081,Fumarate,fumarate,direct,4,1,M+1,0.0047603021036097364
condition1,theta1_sample_081,Fumarate,fumarate,direct,4,2,M+2,0.41206131092554515
condition1,theta1_sample_081,Fumarate,fumarate,direct,4,3,M+3,0.011146189455935242
condition1,theta1_sample_081,Fumarate,fumarate,direct,4,4,M+4,0.48441962691937412
condition1,theta1_sample_081,Malate,malate,direct,4,0,M+0,0.080553354649529119
condition1,theta1_sample_081,Malate,malate,direct,4,1,M+1,0.018829150957026565
condition1,theta1_sample_081,Malate,malate,direct,4,2,M+2,0.38859670182365103
condition1,theta1_sample_081,Malate,malate,direct,4,3,M+3,0.044105724883503096
condition1,theta1_sample_081,Malate,malate,direct,4,4,M+4,0.4679150676862911
condition1,theta1_sample_081,Glutamine,glutamine,direct,5,0,M+0,0.026823185466752896
condition1,theta1_sample_081,Glutamine,glutamine,direct,5,1,M+1,0.062940483588286592
condition1,theta1_sample_081,Glutamine,glutamine,direct,5,2,M+2,0.12623517447703186
condition1,theta1_sample_081,Glutamine,glutamine,direct,5,3,M+3,0.29345190203577542
condition1,theta1_sample_081,Glutamine,glutamine,direct,5,4,M+4,0.14851281081044379
condition1,theta1_sample_081,Glutamine,glutamine,direct,5,5,M+5,0.34203644362171015
condition1,theta1_sample_081,Aspartate,aspartate,reporter,4,0,M+0,0.089435122756430729
condition1,theta1_sample_081,Aspartate,aspartate,reporter,4,1,M+1,0.20325073724863801
condition1,theta1_sample_081,Aspartate,aspartate,reporter,4,2,M+2,0.013844001995972698
condition1,theta1_sample_081,Aspartate,aspartate,reporter,4,3,M+3,0.20481929323641826
condition1,theta1_sample_081,Aspartate,aspartate,reporter,4,4,M+4,0.48865084476254084
condition1,theta1_sample_081,Glycine,glycine,reporter,2,0,M+0,0.3000000000000001
condition1,theta1_sample_081,Glycine,glycine,reporter,2,1,M+1,-0
condition1,theta1_sample_081,Glycine,glycine,reporter,2,2,M+2,0.70000000000000018
condition1,theta1_sample_081,Serine,serine,reporter,3,0,M+0,0.3000000000000001
condition1,theta1_sample_081,Serine,serine,reporter,3,1,M+1,-0
condition1,theta1_sample_081,Serine,serine,reporter,3,2,M+2,-0
condition1,theta1_sample_081,Serine,serine,reporter,3,3,M+3,0.70000000000000018
condition1,theta1_sample_082,Pyruvate,pyruvate,direct,3,0,M+0,0.29901628140899317
condition1,theta1_sample_082,Pyruvate,pyruvate,direct,3,1,M+1,0.00092234691941863681
condition1,theta1_sample_082,Pyruvate,pyruvate,direct,3,2,M+2,0.0011064619341833724
condition1,theta1_sample_082,Pyruvate,pyruvate,direct,3,3,M+3,0.69895490973740493
condition1,theta1_sample_082,Alanine,alanine,reporter,3,0,M+0,0.29901628140899317
condition1,theta1_sample_082,Alanine,alanine,reporter,3,1,M+1,0.00092234691941863681
condition1,theta1_sample_082,Alanine,alanine,reporter,3,2,M+2,0.0011064619341833724
condition1,theta1_sample_082,Alanine,alanine,reporter,3,3,M+3,0.69895490973740493
condition1,theta1_sample_082,Lactate,lactate,reporter,3,0,M+0,0.29901628140899317
condition1,theta1_sample_082,Lactate,lactate,reporter,3,1,M+1,0.00092234691941863681
condition1,theta1_sample_082,Lactate,lactate,reporter,3,2,M+2,0.0011064619341833724
condition1,theta1_sample_082,Lactate,lactate,reporter,3,3,M+3,0.69895490973740493
condition1,theta1_sample_082,Citrate,citrate,reporter,6,0,M+0,0.026696520509880917
condition1,theta1_sample_082,Citrate,citrate,reporter,6,1,M+1,0.060347397699399272
condition1,theta1_sample_082,Citrate,citrate,reporter,6,2,M+2,0.06816339963231699
condition1,theta1_sample_082,Citrate,citrate,reporter,6,3,M+3,0.20148897690640388
condition1,theta1_sample_082,Citrate,citrate,reporter,6,4,M+4,0.1589825123913593
condition1,theta1_sample_082,Citrate,citrate,reporter,6,5,M+5,0.14299833441252108
condition1,theta1_sample_082,Citrate,citrate,reporter,6,6,M+6,0.34132285844811905
condition1,theta1_sample_082,aKG,akg,direct,5,0,M+0,0.02683878240450965
condition1,theta1_sample_082,aKG,akg,direct,5,1,M+1,0.062945779039023361
condition1,theta1_sample_082,aKG,akg,direct,5,2,M+2,0.12621447503150729
condition1,theta1_sample_082,aKG,akg,direct,5,3,M+3,0.29350009355146106
condition1,theta1_sample_082,aKG,akg,direct,5,4,M+4,0.14837935962391544
condition1,theta1_sample_082,aKG,akg,direct,5,5,M+5,0.34212151034958382
condition1,theta1_sample_082,Succinate,succinate,direct,4,0,M+0,0.087096811933312895
condition1,theta1_sample_082,Succinate,succinate,direct,4,1,M+1,0.0057899346682140137
condition1,theta1_sample_082,Succinate,succinate,direct,4,2,M+2,0.41034462839792352
condition1,theta1_sample_082,Succinate,succinate,direct,4,3,M+3,0.013553691466260129
condition1,theta1_sample_082,Succinate,succinate,direct,4,4,M+4,0.48321493353429001
condition1,theta1_sample_082,Fumarate,fumarate,direct,4,0,M+0,0.087096811933312895
condition1,theta1_sample_082,Fumarate,fumarate,direct,4,1,M+1,0.0057899346682140137
condition1,theta1_sample_082,Fumarate,fumarate,direct,4,2,M+2,0.41034462839792352
condition1,theta1_sample_082,Fumarate,fumarate,direct,4,3,M+3,0.013553691466260129
condition1,theta1_sample_082,Fumarate,fumarate,direct,4,4,M+4,0.48321493353429001
condition1,theta1_sample_082,Malate,malate,direct,4,0,M+0,0.078448257262279275
condition1,theta1_sample_082,Malate,malate,direct,4,1,M+1,0.023032810082789089
condition1,theta1_sample_082,Malate,malate,direct,4,2,M+2,0.3815884247311343
condition1,theta1_sample_082,Malate,malate,direct,4,3,M+3,0.053931691240247687
condition1,theta1_sample_082,Malate,malate,direct,4,4,M+4,0.46299881668355014
condition1,theta1_sample_082,Glutamine,glutamine,direct,5,0,M+0,0.026838782404509653
condition1,theta1_sample_082,Glutamine,glutamine,direct,5,1,M+1,0.062945779039023361
condition1,theta1_sample_082,Glutamine,glutamine,direct,5,2,M+2,0.12621447503150732
condition1,theta1_sample_082,Glutamine,glutamine,direct,5,3,M+3,0.29350009355146106
condition1,theta1_sample_082,Glutamine,glutamine,direct,5,4,M+4,0.14837935962391544
condition1,theta1_sample_082,Glutamine,glutamine,direct,5,5,M+5,0.34212151034958388
condition1,theta1_sample_082,Aspartate,aspartate,reporter,4,0,M+0,0.089267418871199475
condition1,theta1_sample_082,Aspartate,aspartate,reporter,4,1,M+1,0.20122892571686693
condition1,theta1_sample_082,Aspartate,aspartate,reporter,4,2,M+2,0.017998025006196752
condition1,theta1_sample_082,Aspartate,aspartate,reporter,4,3,M+3,0.20324749735220862
condition1,theta1_sample_082,Aspartate,aspartate,reporter,4,4,M+4,0.48825813305352872
condition1,theta1_sample_082,Glycine,glycine,reporter,2,0,M+0,0.30000000000000004
condition1,theta1_sample_082,Glycine,glycine,reporter,2,1,M+1,-0
condition1,theta1_sample_082,Glycine,glycine,reporter,2,2,M+2,0.69999999999999996
condition1,theta1_sample_082,Serine,serine,reporter,3,0,M+0,0.30000000000000004
condition1,theta1_sample_082,Serine,serine,reporter,3,1,M+1,-0
condition1,theta1_sample_082,Serine,serine,reporter,3,2,M+2,-0
condition1,theta1_sample_082,Serine,serine,reporter,3,3,M+3,0.69999999999999996
condition1,theta1_sample_083,Pyruvate,pyruvate,direct,3,0,M+0,0.29859764855289145
condition1,theta1_sample_083,Pyruvate,pyruvate,direct,3,1,M+1,0.001289949567726381
condition1,theta1_sample_083,Pyruvate,pyruvate,direct,3,2,M+2,0.0016271552058734276
condition1,theta1_sample_083,Pyruvate,pyruvate,direct,3,3,M+3,0.69848524667350931
condition1,theta1_sample_083,Alanine,alanine,reporter,3,0,M+0,0.29859764855289145
condition1,theta1_sample_083,Alanine,alanine,reporter,3,1,M+1,0.001289949567726381
condition1,theta1_sample_083,Alanine,alanine,reporter,3,2,M+2,0.0016271552058734276
condition1,theta1_sample_083,Alanine,alanine,reporter,3,3,M+3,0.69848524667350931
condition1,theta1_sample_083,Lactate,lactate,reporter,3,0,M+0,0.29859764855289145
condition1,theta1_sample_083,Lactate,lactate,reporter,3,1,M+1,0.001289949567726381
condition1,theta1_sample_083,Lactate,lactate,reporter,3,2,M+2,0.0016271552058734276
condition1,theta1_sample_083,Lactate,lactate,reporter,3,3,M+3,0.69848524667350931
condition1,theta1_sample_083,Citrate,citrate,reporter,6,0,M+0,0.026682561537572765
condition1,theta1_sample_083,Citrate,citrate,reporter,6,1,M+1,0.061163051487994904
condition1,theta1_sample_083,Citrate,citrate,reporter,6,2,M+2,0.06666506800384786
condition1,theta1_sample_083,Citrate,citrate,reporter,6,3,M+3,0.20403890663336766
condition1,theta1_sample_083,Citrate,citrate,reporter,6,4,M+4,0.15510097767915756
condition1,theta1_sample_083,Citrate,citrate,reporter,6,5,M+5,0.14511042606078167
condition1,theta1_sample_083,Citrate,citrate,reporter,6,6,M+6,0.34123900859727896
condition1,theta1_sample_083,aKG,akg,direct,5,0,M+0,0.026811998091038725
condition1,theta1_sample_083,aKG,akg,direct,5,1,M+1,0.062936720387551034
condition1,theta1_sample_083,aKG,akg,direct,5,2,M+2,0.1262500569024865
condition1,theta1_sample_083,aKG,akg,direct,5,3,M+3,0.29341721423804495
condition1,theta1_sample_083,aKG,akg,direct,5,4,M+4,0.14860852881105338
condition1,theta1_sample_083,aKG,akg,direct,5,5,M+5,0.34197548156982588
condition1,theta1_sample_083,Succinate,succinate,direct,4,0,M+0,0.08784727363006968
condition1,theta1_sample_083,Succinate,succinate,direct,4,1,M+1,0.0042899431029200337
condition1,theta1_sample_083,Succinate,succinate,direct,4,2,M+2,0.41284492494948638
condition1,theta1_sample_083,Succinate,succinate,direct,4,3,M+3,0.010051226271988203
condition1,theta1_sample_083,Succinate,succinate,direct,4,4,M+4,0.48496663204553564
condition1,theta1_sample_083,Fumarate,fumarate,direct,4,0,M+0,0.08784727363006968
condition1,theta1_sample_083,Fumarate,fumarate,direct,4,1,M+1,0.0042899431029200337
condition1,theta1_sample_083,Fumarate,fumarate,direct,4,2,M+2,0.41284492494948638
condition1,theta1_sample_083,Fumarate,fumarate,direct,4,3,M+3,0.010051226271988203
condition1,theta1_sample_083,Fumarate,fumarate,direct,4,4,M+4,0.48496663204553564
condition1,theta1_sample_083,Malate,malate,direct,4,0,M+0,0.075690777902467726
condition1,theta1_sample_083,Malate,malate,direct,4,1,M+1,0.02849564404624319
condition1,theta1_sample_083,Malate,malate,direct,4,2,M+2,0.37246632653998757
condition1,theta1_sample_083,Malate,malate,direct,4,3,M+3,0.066817303171424328
condition1,theta1_sample_083,Malate,malate,direct,4,4,M+4,0.45652994833987726
condition1,theta1_sample_083,Glutamine,glutamine,direct,5,0,M+0,0.026811998091038722
condition1,theta1_sample_083,Glutamine,glutamine,direct,5,1,M+1,0.062936720387551021
condition1,theta1_sample_083,Glutamine,glutamine,direct,5,2,M+2,0.12625005690248647
condition1,theta1_sample_083,Glutamine,glutamine,direct,5,3,M+3,0.29341721423804495
condition1,theta1_sample_083,Glutamine,glutamine,direct,5,4,M+4,0.14860852881105335
condition1,theta1_sample_083,Glutamine,glutamine,direct,5,5,M+5,0.34197548156982588
condition1,theta1_sample_083,Aspartate,aspartate,reporter,4,0,M+0,0.089334362323967756
condition1,theta1_sample_083,Aspartate,aspartate,reporter,4,1,M+1,0.20398807887930279
condition1,theta1_sample_083,Aspartate,aspartate,reporter,4,2,M+2,0.01242468300174346
condition1,theta1_sample_083,Aspartate,aspartate,reporter,4,3,M+3,0.20584894806273465
condition1,theta1_sample_083,Aspartate,aspartate,reporter,4,4,M+4,0.48840392773225222
condition1,theta1_sample_083,Glycine,glycine,reporter,2,0,M+0,0.30000000000000004
condition1,theta1_sample_083,Glycine,glycine,reporter,2,1,M+1,-0
condition1,theta1_sample_083,Glycine,glycine,reporter,2,2,M+2,0.70000000000000018
condition1,theta1_sample_083,Serine,serine,reporter,3,0,M+0,0.30000000000000004
condition1,theta1_sample_083,Serine,serine,reporter,3,1,M+1,-0
condition1,theta1_sample_083,Serine,serine,reporter,3,2,M+2,-0
condition1,theta1_sample_083,Serine,serine,reporter,3,3,M+3,0.70000000000000018
condition1,theta1_sample_084,Pyruvate,pyruvate,direct,3,0,M+0,0.29811051822211493
condition1,theta1_sample_084,Pyruvate,pyruvate,direct,3,1,M+1,0.0017109992415164717
condition1,theta1_sample_084,Pyruvate,pyruvate,direct,3,2,M+2,0.0022464468506224943
condition1,theta1_sample_084,Pyruvate,pyruvate,direct,3,3,M+3,0.69793203568574635
condition1,theta1_sample_084,Alanine,alanine,reporter,3,0,M+0,0.29811051822211493
condition1,theta1_sample_084,Alanine,alanine,reporter,3,1,M+1,0.0017109992415164717
condition1,theta1_sample_084,Alanine,alanine,reporter,3,2,M+2,0.0022464468506224943
condition1,theta1_sample_084,Alanine,alanine,reporter,3,3,M+3,0.69793203568574635
condition1,theta1_sample_084,Lactate,lactate,reporter,3,0,M+0,0.29811051822211493
condition1,theta1_sample_084,Lactate,lactate,reporter,3,1,M+1,0.0017109992415164717
condition1,theta1_sample_084,Lactate,lactate,reporter,3,2,M+2,0.0022464468506224943
condition1,theta1_sample_084,Lactate,lactate,reporter,3,3,M+3,0.69793203568574635
condition1,theta1_sample_084,Citrate,citrate,reporter,6,0,M+0,0.026538265468859259
condition1,theta1_sample_084,Citrate,citrate,reporter,6,1,M+1,0.060566652604960414
condition1,theta1_sample_084,Citrate,citrate,reporter,6,2,M+2,0.067776647223480133
condition1,theta1_sample_084,Citrate,citrate,reporter,6,3,M+3,0.2022290234800653
condition1,theta1_sample_084,Citrate,citrate,reporter,6,4,M+4,0.15768702893949088
condition1,theta1_sample_084,Citrate,citrate,reporter,6,5,M+5,0.14476942694894523
condition1,theta1_sample_084,Citrate,citrate,reporter,6,6,M+6,0.34043295533419943
condition1,theta1_sample_084,aKG,akg,direct,5,0,M+0,0.026748259254545541
condition1,theta1_sample_084,aKG,akg,direct,5,1,M+1,0.062914982873814224
condition1,theta1_sample_084,aKG,akg,direct,5,2,M+2,0.12633455078290509
condition1,theta1_sample_084,aKG,akg,direct,5,3,M+3,0.29322060766696367
condition1,theta1_sample_084,aKG,akg,direct,5,4,M+4,0.14915390454937366
condition1,theta1_sample_084,aKG,akg,direct,5,5,M+5,0.34162769487239852
condition1,theta1_sample_084,Succinate,succinate,direct,4,0,M+0,0.087235731478900999
condition1,theta1_sample_084,Succinate,succinate,direct,4,1,M+1,0.0055021939177359105
condition1,theta1_sample_084,Succinate,succinate,direct,4,2,M+2,0.41082089576228609
condition1,theta1_sample_084,Succinate,succinate,direct,4,3,M+3,0.01290870080661609
condition1,theta1_sample_084,Succinate,succinate,direct,4,4,M+4,0.48353247803446098
condition1,theta1_sample_084,Fumarate,fumarate,direct,4,0,M+0,0.087235731478900999
condition1,theta1_sample_084,Fumarate,fumarate,direct,4,1,M+1,0.0055021939177359105
condition1,theta1_sample_084,Fumarate,fumarate,direct,4,2,M+2,0.41082089576228614
condition1,theta1_sample_084,Fumarate,fumarate,direct,4,3,M+3,0.012908700806616092
condition1,theta1_sample_084,Fumarate,fumarate,direct,4,4,M+4,0.48353247803446103
condition1,theta1_sample_084,Malate,malate,direct,4,0,M+0,0.072910592131684049
condition1,theta1_sample_084,Malate,malate,direct,4,1,M+1,0.033983822330489064
condition1,theta1_sample_084,Malate,malate,direct,4,2,M+2,0.36329529831380392
condition1,theta1_sample_084,Malate,malate,direct,4,3,M+3,0.079815567854188779
condition1,theta1_sample_084,Malate,malate,direct,4,4,M+4,0.44999471936983432
condition1,theta1_sample_084,Glutamine,glutamine,direct,5,0,M+0,0.026748259254545548
condition1,theta1_sample_084,Glutamine,glutamine,direct,5,1,M+1,0.062914982873814224
condition1,theta1_sample_084,Glutamine,glutamine,direct,5,2,M+2,0.12633455078290509
condition1,theta1_sample_084,Glutamine,glutamine,direct,5,3,M+3,0.29322060766696373
condition1,theta1_sample_084,Glutamine,glutamine,direct,5,4,M+4,0.14915390454937369
condition1,theta1_sample_084,Glutamine,glutamine,direct,5,5,M+5,0.34162769487239852
condition1,theta1_sample_084,Aspartate,aspartate,reporter,4,0,M+0,0.088981611180035364
condition1,theta1_sample_084,Aspartate,aspartate,reporter,4,1,M+1,0.20202968052416265
condition1,theta1_sample_084,Aspartate,aspartate,reporter,4,2,M+2,0.016551402025968408
condition1,theta1_sample_084,Aspartate,aspartate,reporter,4,3,M+3,0.20488170965543426
condition1,theta1_sample_084,Aspartate,aspartate,reporter,4,4,M+4,0.48755559661439968
condition1,theta1_sample_084,Glycine,glycine,reporter,2,0,M+0,0.30000000000000004
condition1,theta1_sample_084,Glycine,glycine,reporter,2,1,M+1,-0
condition1,theta1_sample_084,Glycine,glycine,reporter,2,2,M+2,0.70000000000000018
condition1,theta1_sample_084,Serine,serine,reporter,3,0,M+0,0.30000000000000004
condition1,theta1_sample_084,Serine,serine,reporter,3,1,M+1,-0
condition1,theta1_sample_084,Serine,serine,reporter,3,2,M+2,-0
condition1,theta1_sample_084,Serine,serine,reporter,3,3,M+3,0.70000000000000018
condition1,theta1_sample_085,Pyruvate,pyruvate,direct,3,0,M+0,0.29779883791174494
condition1,theta1_sample_085,Pyruvate,pyruvate,direct,3,1,M+1,0.0019992137185377563
condition1,theta1_sample_085,Pyruvate,pyruvate,direct,3,2,M+2,0.0026050588276895952
condition1,theta1_sample_085,Pyruvate,pyruvate,direct,3,3,M+3,0.69759688954202748
condition1,theta1_sample_085,Alanine,alanine,reporter,3,0,M+0,0.29779883791174494
condition1,theta1_sample_085,Alanine,alanine,reporter,3,1,M+1,0.0019992137185377563
condition1,theta1_sample_085,Alanine,alanine,reporter,3,2,M+2,0.0026050588276895952
condition1,theta1_sample_085,Alanine,alanine,reporter,3,3,M+3,0.69759688954202748
condition1,theta1_sample_085,Lactate,lactate,reporter,3,0,M+0,0.29779883791174494
condition1,theta1_sample_085,Lactate,lactate,reporter,3,1,M+1,0.0019992137185377563
condition1,theta1_sample_085,Lactate,lactate,reporter,3,2,M+2,0.0026050588276895952
condition1,theta1_sample_085,Lactate,lactate,reporter,3,3,M+3,0.69759688954202748
condition1,theta1_sample_085,Citrate,citrate,reporter,6,0,M+0,0.026548549943652442
condition1,theta1_sample_085,Citrate,citrate,reporter,6,1,M+1,0.060941914707845601
condition1,theta1_sample_085,Citrate,citrate,reporter,6,2,M+2,0.067165847110116042
condition1,theta1_sample_085,Citrate,citrate,reporter,6,3,M+3,0.20328983781155552
condition1,theta1_sample_085,Citrate,citrate,reporter,6,4,M+4,0.15589824786787088
condition1,theta1_sample_085,Citrate,citrate,reporter,6,5,M+5,0.14566972918798471
condition1,theta1_sample_085,Citrate,citrate,reporter,6,6,M+6,0.34048587337097463
condition1,theta1_sample_085,aKG,akg,direct,5,0,M+0,0.026716706981789178
condition1,theta1_sample_085,aKG,akg,direct,5,1,M+1,0.062904209362323896
condition1,theta1_sample_085,aKG,akg,direct,5,2,M+2,0.12637636439267524
condition1,theta1_sample_085,aKG,akg,direct,5,3,M+3,0.29312332711887501
condition1,theta1_sample_085,aKG,akg,direct,5,4,M+4,0.14942388022598196
condition1,theta1_sample_085,aKG,akg,direct,5,5,M+5,0.34145551191835405
condition1,theta1_sample_085,Succinate,succinate,direct,4,0,M+0,0.087475938711707599
condition1,theta1_sample_085,Succinate,succinate,direct,4,1,M+1,0.005021855185977378
condition1,theta1_sample_085,Succinate,succinate,direct,4,2,M+2,0.41162148555983508
condition1,theta1_sample_085,Succinate,succinate,direct,4,3,M+3,0.011787708475567028
condition1,theta1_sample_085,Succinate,succinate,direct,4,4,M+4,0.48409301206691252
condition1,theta1_sample_085,Fumarate,fumarate,direct,4,0,M+0,0.087475938711707599
condition1,theta1_sample_085,Fumarate,fumarate,direct,4,1,M+1,0.005021855185977378
condition1,theta1_sample_085,Fumarate,fumarate,direct,4,2,M+2,0.41162148555983502
condition1,theta1_sample_085,Fumarate,fumarate,direct,4,3,M+3,0.011787708475567028
condition1,theta1_sample_085,Fumarate,fumarate,direct,4,4,M+4,0.48409301206691246
condition1,theta1_sample_085,Malate,malate,direct,4,0,M+0,0.07347942434863404
condition1,theta1_sample_085,Malate,malate,direct,4,1,M+1,0.032822310406282834
condition1,theta1_sample_085,Malate,malate,direct,4,2,M+2,0.36522320235737882
condition1,theta1_sample_085,Malate,malate,direct,4,3,M+3,0.077168966671857561
condition1,theta1_sample_085,Malate,malate,direct,4,4,M+4,0.45130609621584644
condition1,theta1_sample_085,Glutamine,glutamine,direct,5,0,M+0,0.026716706981789171
condition1,theta1_sample_085,Glutamine,glutamine,direct,5,1,M+1,0.062904209362323896
condition1,theta1_sample_085,Glutamine,glutamine,direct,5,2,M+2,0.12637636439267527
condition1,theta1_sample_085,Glutamine,glutamine,direct,5,3,M+3,0.29312332711887501
condition1,theta1_sample_085,Glutamine,glutamine,direct,5,4,M+4,0.14942388022598194
condition1,theta1_sample_085,Glutamine,glutamine,direct,5,5,M+5,0.34145551191835399
condition1,theta1_sample_085,Aspartate,aspartate,reporter,4,0,M+0,0.089103954639122074
condition1,theta1_sample_085,Aspartate,aspartate,reporter,4,1,M+1,0.20331123001573065
condition1,theta1_sample_085,Aspartate,aspartate,reporter,4,2,M+2,0.0139025231255191
condition1,theta1_sample_085,Aspartate,aspartate,reporter,4,3,M+3,0.20584544514528152
condition1,theta1_sample_085,Aspartate,aspartate,reporter,4,4,M+4,0.48783684707434655
condition1,theta1_sample_085,Glycine,glycine,reporter,2,0,M+0,0.29999999999999993
condition1,theta1_sample_085,Glycine,glycine,reporter,2,1,M+1,-0
condition1,theta1_sample_085,Glycine,glycine,reporter,2,2,M+2,0.69999999999999973
condition1,theta1_sample_085,Serine,serine,reporter,3,0,M+0,0.29999999999999993
condition1,theta1_sample_085,Serine,serine,reporter,3,1,M+1,-0
condition1,theta1_sample_085,Serine,serine,reporter,3,2,M+2,-0
condition1,theta1_sample_085,Serine,serine,reporter,3,3,M+3,0.69999999999999973
condition1,theta1_sample_086,Pyruvate,pyruvate,direct,3,0,M+0,0.29804037255979093
condition1,theta1_sample_086,Pyruvate,pyruvate,direct,3,1,M+1,0.0018345514975797151
condition1,theta1_sample_086,Pyruvate,pyruvate,direct,3,2,M+2,0.0022097793254678773
condition1,theta1_sample_086,Pyruvate,pyruvate,direct,3,3,M+3,0.69791529661716156
condition1,theta1_sample_086,Alanine,alanine,reporter,3,0,M+0,0.29804037255979093
condition1,theta1_sample_086,Alanine,alanine,reporter,3,1,M+1,0.0018345514975797151
condition1,theta1_sample_086,Alanine,alanine,reporter,3,2,M+2,0.0022097793254678773
condition1,theta1_sample_086,Alanine,alanine,reporter,3,3,M+3,0.69791529661716156
condition1,theta1_sample_086,Lactate,lactate,reporter,3,0,M+0,0.29804037255979093
condition1,theta1_sample_086,Lactate,lactate,reporter,3,1,M+1,0.0018345514975797151
condition1,theta1_sample_086,Lactate,lactate,reporter,3,2,M+2,0.0022097793254678773
condition1,theta1_sample_086,Lactate,lactate,reporter,3,3,M+3,0.69791529661716156
condition1,theta1_sample_086,Citrate,citrate,reporter,6,0,M+0,0.026594622971260463
condition1,theta1_sample_086,Citrate,citrate,reporter,6,1,M+1,0.060462607576859284
condition1,theta1_sample_086,Citrate,citrate,reporter,6,2,M+2,0.068129655899928754
condition1,theta1_sample_086,Citrate,citrate,reporter,6,3,M+3,0.201659639776301
condition1,theta1_sample_086,Citrate,citrate,reporter,6,4,M+4,0.15822328517598644
condition1,theta1_sample_086,Citrate,citrate,reporter,6,5,M+5,0.14417511100755026
condition1,theta1_sample_086,Citrate,citrate,reporter,6,6,M+6,0.34075507759211426
condition1,theta1_sample_086,aKG,akg,direct,5,0,M+0,0.026731388250969428
condition1,theta1_sample_086,aKG,akg,direct,5,1,M+1,0.062909202475121731
condition1,theta1_sample_086,aKG,akg,direct,5,2,M+2,0.12635688872350601
condition1,theta1_sample_086,aKG,akg,direct,5,3,M+3,0.293168659950932
condition1,theta1_sample_086,aKG,akg,direct,5,4,M+4,0.14929826277228384
condition1,theta1_sample_086,aKG,akg,direct,5,5,M+5,0.34153559782718695
condition1,theta1_sample_086,Succinate,succinate,direct,4,0,M+0,0.086939211867267552
condition1,theta1_sample_086,Succinate,succinate,direct,4,1,M+1,0.0060902716000436714
condition1,theta1_sample_086,Succinate,succinate,direct,4,2,M+2,0.40983911244478699
condition1,theta1_sample_086,Succinate,succinate,direct,4,3,M+3,0.014294112841225157
condition1,theta1_sample_086,Succinate,succinate,direct,4,4,M+4,0.48283729124667701
condition1,theta1_sample_086,Fumarate,fumarate,direct,4,0,M+0,0.086939211867267552
condition1,theta1_sample_086,Fumarate,fumarate,direct,4,1,M+1,0.0060902716000436723
condition1,theta1_sample_086,Fumarate,fumarate,direct,4,2,M+2,0.40983911244478699
condition1,theta1_sample_086,Fumarate,fumarate,direct,4,3,M+3,0.014294112841225158
condition1,theta1_sample_086,Fumarate,fumarate,direct,4,4,M+4,0.48283729124667701
condition1,theta1_sample_086,Malate,malate,direct,4,0,M+0,0.07812450016422412
condition1,theta1_sample_086,Malate,malate,direct,4,1,M+1,0.023609364351148094
condition1,theta1_sample_086,Malate,malate,direct,4,2,M+2,0.38060384764128541
condition1,theta1_sample_086,Malate,malate,direct,4,3,M+3,0.055466211007088664
condition1,theta1_sample_086,Malate,malate,direct,4,4,M+4,0.46219607683625402
condition1,theta1_sample_086,Glutamine,glutamine,direct,5,0,M+0,0.026731388250969428
condition1,theta1_sample_086,Glutamine,glutamine,direct,5,1,M+1,0.062909202475121731
condition1,theta1_sample_086,Glutamine,glutamine,direct,5,2,M+2,0.12635688872350601
condition1,theta1_sample_086,Glutamine,glutamine,direct,5,3,M+3,0.29316865995093194
condition1,theta1_sample_086,Glutamine,glutamine,direct,5,4,M+4,0.14929826277228381
condition1,theta1_sample_086,Glutamine,glutamine,direct,5,5,M+5,0.34153559782718695
condition1,theta1_sample_086,Aspartate,aspartate,reporter,4,0,M+0,0.089203535852101626
condition1,theta1_sample_086,Aspartate,aspartate,reporter,4,1,M+1,0.20168681130617694
condition1,theta1_sample_086,Aspartate,aspartate,reporter,4,2,M+2,0.017109731694058074
condition1,theta1_sample_086,Aspartate,aspartate,reporter,4,3,M+3,0.20390595928494656
condition1,theta1_sample_086,Aspartate,aspartate,reporter,4,4,M+4,0.48809396186271709
condition1,theta1_sample_086,Glycine,glycine,reporter,2,0,M+0,0.29999999999999999
condition1,theta1_sample_086,Glycine,glycine,reporter,2,1,M+1,-0
condition1,theta1_sample_086,Glycine,glycine,reporter,2,2,M+2,0.70000000000000007
condition1,theta1_sample_086,Serine,serine,reporter,3,0,M+0,0.29999999999999999
condition1,theta1_sample_086,Serine,serine,reporter,3,1,M+1,-0
condition1,theta1_sample_086,Serine,serine,reporter,3,2,M+2,-0
condition1,theta1_sample_086,Serine,serine,reporter,3,3,M+3,0.70000000000000007
condition1,theta1_sample_087,Pyruvate,pyruvate,direct,3,0,M+0,0.29777011964518407
condition1,theta1_sample_087,Pyruvate,pyruvate,direct,3,1,M+1,0.0020286371513616704
condition1,theta1_sample_087,Pyruvate,pyruvate,direct,3,2,M+2,0.0026323667617246418
condition1,theta1_sample_087,Pyruvate,pyruvate,direct,3,3,M+3,0.69756887644172982
condition1,theta1_sample_087,Alanine,alanine,reporter,3,0,M+0,0.29777011964518407
condition1,theta1_sample_087,Alanine,alanine,reporter,3,1,M+1,0.0020286371513616704
condition1,theta1_sample_087,Alanine,alanine,reporter,3,2,M+2,0.0026323667617246418
condition1,theta1_sample_087,Alanine,alanine,reporter,3,3,M+3,0.69756887644172982
condition1,theta1_sample_087,Lactate,lactate,reporter,3,0,M+0,0.29777011964518407
condition1,theta1_sample_087,Lactate,lactate,reporter,3,1,M+1,0.0020286371513616704
condition1,theta1_sample_087,Lactate,lactate,reporter,3,2,M+2,0.0026323667617246418
condition1,theta1_sample_087,Lactate,lactate,reporter,3,3,M+3,0.69756887644172982
condition1,theta1_sample_087,Citrate,citrate,reporter,6,0,M+0,0.026598791017660248
condition1,theta1_sample_087,Citrate,citrate,reporter,6,1,M+1,0.061112600840708735
condition1,theta1_sample_087,Citrate,citrate,reporter,6,2,M+2,0.066932788571897939
condition1,theta1_sample_087,Citrate,citrate,reporter,6,3,M+3,0.20368620218330349
condition1,theta1_sample_087,Citrate,citrate,reporter,6,4,M+4,0.15516520082699248
condition1,theta1_sample_087,Citrate,citrate,reporter,6,5,M+5,0.14572408719900737
condition1,theta1_sample_087,Citrate,citrate,reporter,6,6,M+6,0.34078032936042962
condition1,theta1_sample_087,aKG,akg,direct,5,0,M+0,0.026750917980462877
condition1,theta1_sample_087,aKG,akg,direct,5,1,M+1,0.062916107690454151
condition1,theta1_sample_087,aKG,akg,direct,5,2,M+2,0.12633124438968271
condition1,theta1_sample_087,aKG,akg,direct,5,3,M+3,0.29322805750151831
condition1,theta1_sample_087,aKG,akg,direct,5,4,M+4,0.14913113116378429
condition1,theta1_sample_087,aKG,akg,direct,5,5,M+5,0.34164254127409782
condition1,theta1_sample_087,Succinate,succinate,direct,4,0,M+0,0.087644325206806442
condition1,theta1_sample_087,Succinate,succinate,direct,4,1,M+1,0.0046871772904970152
condition1,theta1_sample_087,Succinate,succinate,direct,4,2,M+2,0.41217998041720849
condition1,theta1_sample_087,Succinate,succinate,direct,4,3,M+3,0.011001206466866734
condition1,theta1_sample_087,Succinate,succinate,direct,4,4,M+4,0.48448731061862194
condition1,theta1_sample_087,Fumarate,fumarate,direct,4,0,M+0,0.087644325206806442
condition1,theta1_sample_087,Fumarate,fumarate,direct,4,1,M+1,0.0046871772904970152
condition1,theta1_sample_087,Fumarate,fumarate,direct,4,2,M+2,0.41217998041720855
condition1,theta1_sample_087,Fumarate,fumarate,direct,4,3,M+3,0.011001206466866734
condition1,theta1_sample_087,Fumarate,fumarate,direct,4,4,M+4,0.48448731061862194
condition1,theta1_sample_087,Malate,malate,direct,4,0,M+0,0.073810442939278909
condition1,theta1_sample_087,Malate,malate,direct,4,1,M+1,0.032161871070640863
condition1,theta1_sample_087,Malate,malate,direct,4,2,M+2,0.36632446719866496
condition1,theta1_sample_087,Malate,malate,direct,4,3,M+3,0.075623680633632256
condition1,theta1_sample_087,Malate,malate,direct,4,4,M+4,0.45207953815778346
condition1,theta1_sample_087,Glutamine,glutamine,direct,5,0,M+0,0.02675091798046288
condition1,theta1_sample_087,Glutamine,glutamine,direct,5,1,M+1,0.062916107690454151
condition1,theta1_sample_087,Glutamine,glutamine,direct,5,2,M+2,0.12633124438968271
condition1,theta1_sample_087,Glutamine,glutamine,direct,5,3,M+3,0.29322805750151837
condition1,theta1_sample_087,Glutamine,glutamine,direct,5,4,M+4,0.14913113116378429
condition1,theta1_sample_087,Glutamine,glutamine,direct,5,5,M+5,0.34164254127409788
condition1,theta1_sample_087,Aspartate,aspartate,reporter,4,0,M+0,0.089281340928518388
condition1,theta1_sample_087,Aspartate,aspartate,reporter,4,1,M+1,0.20388414280028014
condition1,theta1_sample_087,Aspartate,aspartate,reporter,4,2,M+2,0.012666886460556321
condition1,theta1_sample_087,Aspartate,aspartate,reporter,4,3,M+3,0.20588843496397316
condition1,theta1_sample_087,Aspartate,aspartate,reporter,4,4,M+4,0.48827919484667187
condition1,theta1_sample_087,Glycine,glycine,reporter,2,0,M+0,0.29999999999999999
condition1,theta1_sample_087,Glycine,glycine,reporter,2,1,M+1,-0
condition1,theta1_sample_087,Glycine,glycine,reporter,2,2,M+2,0.70000000000000007
condition1,theta1_sample_087,Serine,serine,reporter,3,0,M+0,0.29999999999999999
condition1,theta1_sample_087,Serine,serine,reporter,3,1,M+1,-0
condition1,theta1_sample_087,Serine,serine,reporter,3,2,M+2,-0
condition1,theta1_sample_087,Serine,serine,reporter,3,3,M+3,0.70000000000000007
condition1,theta1_sample_088,Pyruvate,pyruvate,direct,3,0,M+0,0.29743309866551954
condition1,theta1_sample_088,Pyruvate,pyruvate,direct,3,1,M+1,0.0022857740686600225
condition1,theta1_sample_088,Pyruvate,pyruvate,direct,3,2,M+2,0.0031291558661213979
condition1,theta1_sample_088,Pyruvate,pyruvate,direct,3,3,M+3,0.69715197139969909
condition1,theta1_sample_088,Alanine,alanine,reporter,3,0,M+0,0.29743309866551954
condition1,theta1_sample_088,Alanine,alanine,reporter,3,1,M+1,0.0022857740686600225
condition1,theta1_sample_088,Alanine,alanine,reporter,3,2,M+2,0.0031291558661213979
condition1,theta1_sample_088,Alanine,alanine,reporter,3,3,M+3,0.69715197139969909
condition1,theta1_sample_088,Lactate,lactate,reporter,3,0,M+0,0.29743309866551954
condition1,theta1_sample_088,Lactate,lactate,reporter,3,1,M+1,0.0022857740686600225
condition1,theta1_sample_088,Lactate,lactate,reporter,3,2,M+2,0.0031291558661213979
condition1,theta1_sample_088,Lactate,lactate,reporter,3,3,M+3,0.69715197139969909
condition1,theta1_sample_088,Citrate,citrate,reporter,6,0,M+0,0.026411287481769585
condition1,theta1_sample_088,Citrate,citrate,reporter,6,1,M+1,0.060139159587749867
condition1,theta1_sample_088,Citrate,citrate,reporter,6,2,M+2,0.06865153456948217
condition1,theta1_sample_088,Citrate,citrate,reporter,6,3,M+3,0.20083374922407912
condition1,theta1_sample_088,Citrate,citrate,reporter,6,4,M+4,0.15950691810368309
condition1,theta1_sample_088,Citrate,citrate,reporter,6,5,M+5,0.14471525501310173
condition1,theta1_sample_088,Citrate,citrate,reporter,6,6,M+6,0.33974209602013478
condition1,theta1_sample_088,aKG,akg,direct,5,0,M+0,0.026711485578478807
condition1,theta1_sample_088,aKG,akg,direct,5,1,M+1,0.062902617910830252
condition1,theta1_sample_088,aKG,akg,direct,5,2,M+2,0.12638347528003235
condition1,theta1_sample_088,aKG,akg,direct,5,3,M+3,0.29310656947473546
condition1,theta1_sample_088,aKG,akg,direct,5,4,M+4,0.14946853567471827
condition1,theta1_sample_088,aKG,akg,direct,5,5,M+5,0.34142731608120563
condition1,theta1_sample_088,Succinate,succinate,direct,4,0,M+0,0.086755609249148991
condition1,theta1_sample_088,Succinate,succinate,direct,4,1,M+1,0.0064486082259461288
condition1,theta1_sample_088,Succinate,succinate,direct,4,2,M+2,0.40923892853150468
condition1,theta1_sample_088,Succinate,succinate,direct,4,3,M+3,0.015153881262557043
condition1,theta1_sample_088,Succinate,succinate,direct,4,4,M+4,0.4824029727308437
condition1,theta1_sample_088,Fumarate,fumarate,direct,4,0,M+0,0.086755609249148977
condition1,theta1_sample_088,Fumarate,fumarate,direct,4,1,M+1,0.0064486082259461279
condition1,theta1_sample_088,Fumarate,fumarate,direct,4,2,M+2,0.40923892853150468
condition1,theta1_sample_088,Fumarate,fumarate,direct,4,3,M+3,0.015153881262557043
condition1,theta1_sample_088,Fumarate,fumarate,direct,4,4,M+4,0.48240297273084365
condition1,theta1_sample_088,Malate,malate,direct,4,0,M+0,0.070000794646785131
condition1,theta1_sample_088,Malate,malate,direct,4,1,M+1,0.039692985741006138
condition1,theta1_sample_088,Malate,malate,direct,4,2,M+2,0.3537432154431821
condition1,theta1_sample_088,Malate,malate,direct,4,3,M+3,0.093431433303477543
condition1,theta1_sample_088,Malate,malate,direct,4,4,M+4,0.44313157086554961
condition1,theta1_sample_088,Glutamine,glutamine,direct,5,0,M+0,0.02671148557847881
condition1,theta1_sample_088,Glutamine,glutamine,direct,5,1,M+1,0.062902617910830252
condition1,theta1_sample_088,Glutamine,glutamine,direct,5,2,M+2,0.12638347528003235
condition1,theta1_sample_088,Glutamine,glutamine,direct,5,3,M+3,0.29310656947473546
condition1,theta1_sample_088,Glutamine,glutamine,direct,5,4,M+4,0.14946853567471827
condition1,theta1_sample_088,Glutamine,glutamine,direct,5,5,M+5,0.34142731608120563
condition1,theta1_sample_088,Aspartate,aspartate,reporter,4,0,M+0,0.088734503100037276
condition1,theta1_sample_088,Aspartate,aspartate,reporter,4,1,M+1,0.20064588536770447
condition1,theta1_sample_088,Aspartate,aspartate,reporter,4,2,M+2,0.019489662478633072
condition1,theta1_sample_088,Aspartate,aspartate,reporter,4,3,M+3,0.20414500653947149
condition1,theta1_sample_088,Aspartate,aspartate,reporter,4,4,M+4,0.48698494251415375
condition1,theta1_sample_088,Glycine,glycine,reporter,2,0,M+0,0.3000000000000001
condition1,theta1_sample_088,Glycine,glycine,reporter,2,1,M+1,-0
condition1,theta1_sample_088,Glycine,glycine,reporter,2,2,M+2,0.70000000000000007
condition1,theta1_sample_088,Serine,serine,reporter,3,0,M+0,0.3000000000000001
condition1,theta1_sample_088,Serine,serine,reporter,3,1,M+1,-0
condition1,theta1_sample_088,Serine,serine,reporter,3,2,M+2,-0
condition1,theta1_sample_088,Serine,serine,reporter,3,3,M+3,0.70000000000000007
condition1,theta1_sample_089,Pyruvate,pyruvate,direct,3,0,M+0,0.29685686039641795
condition1,theta1_sample_089,Pyruvate,pyruvate,direct,3,1,M+1,0.0027557459886386592
condition1,theta1_sample_089,Pyruvate,pyruvate,direct,3,2,M+2,0.0039179268334691014
condition1,theta1_sample_089,Pyruvate,pyruvate,direct,3,3,M+3,0.69646946678147459
condition1,theta1_sample_089,Alanine,alanine,reporter,3,0,M+0,0.29685686039641795
condition1,theta1_sample_089,Alanine,alanine,reporter,3,1,M+1,0.0027557459886386592
condition1,theta1_sample_089,Alanine,alanine,reporter,3,2,M+2,0.0039179268334691014
condition1,theta1_sample_089,Alanine,alanine,reporter,3,3,M+3,0.69646946678147459
condition1,theta1_sample_089,Lactate,lactate,reporter,3,0,M+0,0.29685686039641795
condition1,theta1_sample_089,Lactate,lactate,reporter,3,1,M+1,0.0027557459886386592
condition1,theta1_sample_089,Lactate,lactate,reporter,3,2,M+2,0.0039179268334691014
condition1,theta1_sample_089,Lactate,lactate,reporter,3,3,M+3,0.69646946678147459
condition1,theta1_sample_089,Citrate,citrate,reporter,6,0,M+0,0.026370282053594436
condition1,theta1_sample_089,Citrate,citrate,reporter,6,1,M+1,0.060449252914923111
condition1,theta1_sample_089,Citrate,citrate,reporter,6,2,M+2,0.068165730578804429
condition1,theta1_sample_089,Citrate,citrate,reporter,6,3,M+3,0.20170659452205586
condition1,theta1_sample_089,Citrate,citrate,reporter,6,4,M+4,0.15795928479065646
condition1,theta1_sample_089,Citrate,citrate,reporter,6,5,M+5,0.14583076764112027
condition1,theta1_sample_089,Citrate,citrate,reporter,6,6,M+6,0.33951808749884571
condition1,theta1_sample_089,aKG,akg,direct,5,0,M+0,0.026680336570756826
condition1,theta1_sample_089,aKG,akg,direct,5,1,M+1,0.062892237277622512
condition1,theta1_sample_089,aKG,akg,direct,5,2,M+2,0.12642500965969453
condition1,theta1_sample_089,aKG,akg,direct,5,3,M+3,0.29300965328956102
condition1,theta1_sample_089,aKG,akg,direct,5,4,M+4,0.14973503247752107
condition1,theta1_sample_089,aKG,akg,direct,5,5,M+5,0.34125773072484455
condition1,theta1_sample_089,Succinate,succinate,direct,4,0,M+0,0.086992048919394091
condition1,theta1_sample_089,Succinate,succinate,direct,4,1,M+1,0.0059745807440365426
condition1,theta1_sample_089,Succinate,succinate,direct,4,2,M+2,0.4100285916208809
condition1,theta1_sample_089,Succinate,succinate,direct,4,3,M+3,0.014050878848553021
condition1,theta1_sample_089,Succinate,succinate,direct,4,4,M+4,0.48295389986713616
condition1,theta1_sample_089,Fumarate,fumarate,direct,4,0,M+0,0.086992048919394091
condition1,theta1_sample_089,Fumarate,fumarate,direct,4,1,M+1,0.0059745807440365426
condition1,theta1_sample_089,Fumarate,fumarate,direct,4,2,M+2,0.4100285916208809
condition1,theta1_sample_089,Fumarate,fumarate,direct,4,3,M+3,0.014050878848553022
condition1,theta1_sample_089,Fumarate,fumarate,direct,4,4,M+4,0.48295389986713616
condition1,theta1_sample_089,Malate,malate,direct,4,0,M+0,0.067527852568127295
condition1,theta1_sample_089,Malate,malate,direct,4,1,M+1,0.044529263588662001
condition1,theta1_sample_089,Malate,malate,direct,4,2,M+2,0.34564621692720243
condition1,theta1_sample_089,Malate,malate,direct,4,3,M+3,0.10500836510710081
condition1,theta1_sample_089,Malate,malate,direct,4,4,M+4,0.43728830180890815
condition1,theta1_sample_089,Glutamine,glutamine,direct,5,0,M+0,0.026680336570756826
condition1,theta1_sample_089,Glutamine,glutamine,direct,5,1,M+1,0.062892237277622512
condition1,theta1_sample_089,Glutamine,glutamine,direct,5,2,M+2,0.12642500965969453
condition1,theta1_sample_089,Glutamine,glutamine,direct,5,3,M+3,0.29300965328956097
condition1,theta1_sample_089,Glutamine,glutamine,direct,5,4,M+4,0.14973503247752107
condition1,theta1_sample_089,Glutamine,glutamine,direct,5,5,M+5,0.34125773072484461
condition1,theta1_sample_089,Aspartate,aspartate,reporter,4,0,M+0,0.088744783080541595
condition1,theta1_sample_089,Aspartate,aspartate,reporter,4,1,M+1,0.20172798430197275
condition1,theta1_sample_089,Aspartate,aspartate,reporter,4,2,M+2,0.017320154786004384
condition1,theta1_sample_089,Aspartate,aspartate,reporter,4,3,M+3,0.20519660519990682
condition1,theta1_sample_089,Aspartate,aspartate,reporter,4,4,M+4,0.48701047263157454
condition1,theta1_sample_089,Glycine,glycine,reporter,2,0,M+0,0.30000000000000004
condition1,theta1_sample_089,Glycine,glycine,reporter,2,1,M+1,-0
condition1,theta1_sample_089,Glycine,glycine,reporter,2,2,M+2,0.70000000000000007
condition1,theta1_sample_089,Serine,serine,reporter,3,0,M+0,0.30000000000000004
condition1,theta1_sample_089,Serine,serine,reporter,3,1,M+1,-0
condition1,theta1_sample_089,Serine,serine,reporter,3,2,M+2,-0
condition1,theta1_sample_089,Serine,serine,reporter,3,3,M+3,0.70000000000000007
condition1,theta1_sample_090,Pyruvate,pyruvate,direct,3,0,M+0,0.29664506176486638
condition1,theta1_sample_090,Pyruvate,pyruvate,direct,3,1,M+1,0.0029390616691678628
condition1,theta1_sample_090,Pyruvate,pyruvate,direct,3,2,M+2,0.004186691367064844
condition1,theta1_sample_090,Pyruvate,pyruvate,direct,3,3,M+3,0.69622918519890065
condition1,theta1_sample_090,Alanine,alanine,reporter,3,0,M+0,0.29664506176486638
condition1,theta1_sample_090,Alanine,alanine,reporter,3,1,M+1,0.0029390616691678628
condition1,theta1_sample_090,Alanine,alanine,reporter,3,2,M+2,0.004186691367064844
condition1,theta1_sample_090,Alanine,alanine,reporter,3,3,M+3,0.69622918519890065
condition1,theta1_sample_090,Lactate,lactate,reporter,3,0,M+0,0.29664506176486638
condition1,theta1_sample_090,Lactate,lactate,reporter,3,1,M+1,0.0029390616691678628
condition1,theta1_sample_090,Lactate,lactate,reporter,3,2,M+2,0.004186691367064844
condition1,theta1_sample_090,Lactate,lactate,reporter,3,3,M+3,0.69622918519890065
condition1,theta1_sample_090,Citrate,citrate,reporter,6,0,M+0,0.026305621688731847
condition1,theta1_sample_090,Citrate,citrate,reporter,6,1,M+1,0.060366633252980376
condition1,theta1_sample_090,Citrate,citrate,reporter,6,2,M+2,0.068281956133893318
condition1,theta1_sample_090,Citrate,citrate,reporter,6,3,M+3,0.20153406122776155
condition1,theta1_sample_090,Citrate,citrate,reporter,6,4,M+4,0.15822552501126427
condition1,theta1_sample_090,Citrate,citrate,reporter,6,5,M+5,0.14615204536132001
condition1,theta1_sample_090,Citrate,citrate,reporter,6,6,M+6,0.33913415732404828
condition1,theta1_sample_090,aKG,akg,direct,5,0,M+0,0.026623802389264432
condition1,theta1_sample_090,aKG,akg,direct,5,1,M+1,0.062872503673495575
condition1,theta1_sample_090,aKG,akg,direct,5,2,M+2,0.12649949969138818
condition1,theta1_sample_090,aKG,akg,direct,5,3,M+3,0.29283683085667866
condition1,theta1_sample_090,aKG,akg,direct,5,4,M+4,0.15021881257217379
condition1,theta1_sample_090,aKG,akg,direct,5,5,M+5,0.34094855081699943
condition1,theta1_sample_090,Succinate,succinate,direct,4,0,M+0,0.086842117347787615
condition1,theta1_sample_090,Succinate,succinate,direct,4,1,M+1,0.0062697551146562768
condition1,theta1_sample_090,Succinate,succinate,direct,4,2,M+2,0.40953507141231676
condition1,theta1_sample_090,Succinate,succinate,direct,4,3,M+3,0.014752122440247348
condition1,theta1_sample_090,Succinate,succinate,direct,4,4,M+4,0.48260093368499207
condition1,theta1_sample_090,Fumarate,fumarate,direct,4,0,M+0,0.086842117347787601
condition1,theta1_sample_090,Fumarate,fumarate,direct,4,1,M+1,0.0062697551146562768
condition1,theta1_sample_090,Fumarate,fumarate,direct,4,2,M+2,0.40953507141231676
condition1,theta1_sample_090,Fumarate,fumarate,direct,4,3,M+3,0.014752122440247347
condition1,theta1_sample_090,Fumarate,fumarate,direct,4,4,M+4,0.48260093368499207
condition1,theta1_sample_090,Malate,malate,direct,4,0,M+0,0.067338944896957173
condition1,theta1_sample_090,Malate,malate,direct,4,1,M+1,0.044876387190344431
condition1,theta1_sample_090,Malate,malate,direct,4,2,M+2,0.34505744701084556
condition1,theta1_sample_090,Malate,malate,direct,4,3,M+3,0.10590016481944685
condition1,theta1_sample_090,Malate,malate,direct,4,4,M+4,0.43682705608240591
condition1,theta1_sample_090,Glutamine,glutamine,direct,5,0,M+0,0.026623802389264435
condition1,theta1_sample_090,Glutamine,glutamine,direct,5,1,M+1,0.062872503673495575
condition1,theta1_sample_090,Glutamine,glutamine,direct,5,2,M+2,0.12649949969138818
condition1,theta1_sample_090,Glutamine,glutamine,direct,5,3,M+3,0.29283683085667866
condition1,theta1_sample_090,Glutamine,glutamine,direct,5,4,M+4,0.15021881257217379
condition1,theta1_sample_090,Glutamine,glutamine,direct,5,5,M+5,0.34094855081699943
condition1,theta1_sample_090,Aspartate,aspartate,reporter,4,0,M+0,0.088583951272614522
condition1,theta1_sample_090,Aspartate,aspartate,reporter,4,1,M+1,0.20146860344849885
condition1,theta1_sample_090,Aspartate,aspartate,reporter,4,2,M+2,0.017903616188166448
condition1,theta1_sample_090,Aspartate,aspartate,reporter,4,3,M+3,0.20545115218771237
condition1,theta1_sample_090,Aspartate,aspartate,reporter,4,4,M+4,0.48659267690300773
condition1,theta1_sample_090,Glycine,glycine,reporter,2,0,M+0,0.29999999999999993
condition1,theta1_sample_090,Glycine,glycine,reporter,2,1,M+1,-0
condition1,theta1_sample_090,Glycine,glycine,reporter,2,2,M+2,0.69999999999999996
condition1,theta1_sample_090,Serine,serine,reporter,3,0,M+0,0.29999999999999993
condition1,theta1_sample_090,Serine,serine,reporter,3,1,M+1,-0
condition1,theta1_sample_090,Serine,serine,reporter,3,2,M+2,-0
condition1,theta1_sample_090,Serine,serine,reporter,3,3,M+3,0.69999999999999996
condition1,theta1_sample_091,Pyruvate,pyruvate,direct,3,0,M+0,0.29878033610330657
condition1,theta1_sample_091,Pyruvate,pyruvate,direct,3,1,M+1,0.0010838253214182742
condition1,theta1_sample_091,Pyruvate,pyruvate,direct,3,2,M+2,0.0014913410472436267
condition1,theta1_sample_091,Pyruvate,pyruvate,direct,3,3,M+3,0.69864449752803126
condition1,theta1_sample_091,Alanine,alanine,reporter,3,0,M+0,0.29878033610330657
condition1,theta1_sample_091,Alanine,alanine,reporter,3,1,M+1,0.0010838253214182742
condition1,theta1_sample_091,Alanine,alanine,reporter,3,2,M+2,0.0014913410472436267
condition1,theta1_sample_091,Alanine,alanine,reporter,3,3,M+3,0.69864449752803126
condition1,theta1_sample_091,Lactate,lactate,reporter,3,0,M+0,0.29878033610330657
condition1,theta1_sample_091,Lactate,lactate,reporter,3,1,M+1,0.0010838253214182742
condition1,theta1_sample_091,Lactate,lactate,reporter,3,2,M+2,0.0014913410472436267
condition1,theta1_sample_091,Lactate,lactate,reporter,3,3,M+3,0.69864449752803126
condition1,theta1_sample_091,Citrate,citrate,reporter,6,0,M+0,0.026318079667037475
condition1,theta1_sample_091,Citrate,citrate,reporter,6,1,M+1,0.058552216905390198
condition1,theta1_sample_091,Citrate,citrate,reporter,6,2,M+2,0.071168104027010778
condition1,theta1_sample_091,Citrate,citrate,reporter,6,3,M+3,0.19645944105132468
condition1,theta1_sample_091,Citrate,citrate,reporter,6,4,M+4,0.16702111145168208
condition1,theta1_sample_091,Citrate,citrate,reporter,6,5,M+5,0.14123747530544156
condition1,theta1_sample_091,Citrate,citrate,reporter,6,6,M+6,0.33924357159211255
condition1,theta1_sample_091,aKG,akg,direct,5,0,M+0,0.02681195506306442
condition1,theta1_sample_091,aKG,akg,direct,5,1,M+1,0.062936664291263586
condition1,theta1_sample_091,aKG,akg,direct,5,2,M+2,0.12625007251948939
condition1,theta1_sample_091,aKG,akg,direct,5,3,M+3,0.29341722419129196
condition1,theta1_sample_091,aKG,akg,direct,5,4,M+4,0.14860890157856962
condition1,theta1_sample_091,aKG,akg,direct,5,5,M+5,0.34197518235631991
condition1,theta1_sample_091,Succinate,succinate,direct,4,0,M+0,0.08572908402104544
condition1,theta1_sample_091,Succinate,succinate,direct,4,1,M+1,0.0085123947249174398
condition1,theta1_sample_091,Succinate,succinate,direct,4,2,M+2,0.40580286304747354
condition1,theta1_sample_091,Succinate,succinate,direct,4,3,M+3,0.019940753646118317
condition1,theta1_sample_091,Succinate,succinate,direct,4,4,M+4,0.48001490456044488
condition1,theta1_sample_091,Fumarate,fumarate,direct,4,0,M+0,0.08572908402104544
condition1,theta1_sample_091,Fumarate,fumarate,direct,4,1,M+1,0.0085123947249174398
condition1,theta1_sample_091,Fumarate,fumarate,direct,4,2,M+2,0.40580286304747359
condition1,theta1_sample_091,Fumarate,fumarate,direct,4,3,M+3,0.019940753646118317
condition1,theta1_sample_091,Fumarate,fumarate,direct,4,4,M+4,0.48001490456044488
condition1,theta1_sample_091,Malate,malate,direct,4,0,M+0,0.069345777358877717
condition1,theta1_sample_091,Malate,malate,direct,4,1,M+1,0.041156464699755056
condition1,theta1_sample_091,Malate,malate,direct,4,2,M+2,0.35135523197291157
condition1,theta1_sample_091,Malate,malate,direct,4,3,M+3,0.096437032519400195
condition1,theta1_sample_091,Malate,malate,direct,4,4,M+4,0.44170549344905496
condition1,theta1_sample_091,Glutamine,glutamine,direct,5,0,M+0,0.02681195506306442
condition1,theta1_sample_091,Glutamine,glutamine,direct,5,1,M+1,0.062936664291263572
condition1,theta1_sample_091,Glutamine,glutamine,direct,5,2,M+2,0.12625007251948936
condition1,theta1_sample_091,Glutamine,glutamine,direct,5,3,M+3,0.29341722419129196
condition1,theta1_sample_091,Glutamine,glutamine,direct,5,4,M+4,0.14860890157856962
condition1,theta1_sample_091,Glutamine,glutamine,direct,5,5,M+5,0.34197518235631991
condition1,theta1_sample_091,Aspartate,aspartate,reporter,4,0,M+0,0.0880550208180719
condition1,theta1_sample_091,Aspartate,aspartate,reporter,4,1,M+1,0.19524535356456316
condition1,theta1_sample_091,Aspartate,aspartate,reporter,4,2,M+2,0.030753022190302504
condition1,theta1_sample_091,Aspartate,aspartate,reporter,4,3,M+3,0.20053781165341775
condition1,theta1_sample_091,Aspartate,aspartate,reporter,4,4,M+4,0.48540879177364449
condition1,theta1_sample_091,Glycine,glycine,reporter,2,0,M+0,0.29999999999999999
condition1,theta1_sample_091,Glycine,glycine,reporter,2,1,M+1,-0
condition1,theta1_sample_091,Glycine,glycine,reporter,2,2,M+2,0.69999999999999996
condition1,theta1_sample_091,Serine,serine,reporter,3,0,M+0,0.29999999999999999
condition1,theta1_sample_091,Serine,serine,reporter,3,1,M+1,-0
condition1,theta1_sample_091,Serine,serine,reporter,3,2,M+2,-0
condition1,theta1_sample_091,Serine,serine,reporter,3,3,M+3,0.69999999999999996
condition1,theta1_sample_092,Pyruvate,pyruvate,direct,3,0,M+0,0.29930497462914235
condition1,theta1_sample_092,Pyruvate,pyruvate,direct,3,1,M+1,0.00066365857883262638
condition1,theta1_sample_092,Pyruvate,pyruvate,direct,3,2,M+2,0.00075775895490811263
condition1,theta1_sample_092,Pyruvate,pyruvate,direct,3,3,M+3,0.69927360783711723
condition1,theta1_sample_092,Alanine,alanine,reporter,3,0,M+0,0.29930497462914235
condition1,theta1_sample_092,Alanine,alanine,reporter,3,1,M+1,0.00066365857883262638
condition1,theta1_sample_092,Alanine,alanine,reporter,3,2,M+2,0.00075775895490811263
condition1,theta1_sample_092,Alanine,alanine,reporter,3,3,M+3,0.69927360783711723
condition1,theta1_sample_092,Lactate,lactate,reporter,3,0,M+0,0.29930497462914235
condition1,theta1_sample_092,Lactate,lactate,reporter,3,1,M+1,0.00066365857883262638
condition1,theta1_sample_092,Lactate,lactate,reporter,3,2,M+2,0.00075775895490811263
condition1,theta1_sample_092,Lactate,lactate,reporter,3,3,M+3,0.69927360783711723
condition1,theta1_sample_092,Citrate,citrate,reporter,6,0,M+0,0.026768790051760073
condition1,theta1_sample_092,Citrate,citrate,reporter,6,1,M+1,0.059954634127109024
condition1,theta1_sample_092,Citrate,citrate,reporter,6,2,M+2,0.06896780897715353
condition1,theta1_sample_092,Citrate,citrate,reporter,6,3,M+3,0.20011841997805058
condition1,theta1_sample_092,Citrate,citrate,reporter,6,4,M+4,0.16092792310405982
condition1,theta1_sample_092,Citrate,citrate,reporter,6,5,M+5,0.1415317470030098
condition1,theta1_sample_092,Citrate,citrate,reporter,6,6,M+6,0.3417306767588576
condition1,theta1_sample_092,aKG,akg,direct,5,0,M+0,0.026883511345489945
condition1,theta1_sample_092,aKG,akg,direct,5,1,M+1,0.062960918952044961
condition1,theta1_sample_092,aKG,akg,direct,5,2,M+2,0.12615506670956181
condition1,theta1_sample_092,aKG,akg,direct,5,3,M+3,0.29363845711819136
condition1,theta1_sample_092,aKG,akg,direct,5,4,M+4,0.14799665309930315
condition1,theta1_sample_092,aKG,akg,direct,5,5,M+5,0.34236539277540928
condition1,theta1_sample_092,Succinate,succinate,direct,4,0,M+0,0.086738368729132931
condition1,theta1_sample_092,Succinate,succinate,direct,4,1,M+1,0.0065095323923052206
condition1,theta1_sample_092,Succinate,succinate,direct,4,2,M+2,0.40914620262968188
condition1,theta1_sample_092,Succinate,succinate,direct,4,3,M+3,0.015225522647189807
condition1,theta1_sample_092,Succinate,succinate,direct,4,4,M+4,0.48238037360169084
condition1,theta1_sample_092,Fumarate,fumarate,direct,4,0,M+0,0.086738368729132917
condition1,theta1_sample_092,Fumarate,fumarate,direct,4,1,M+1,0.0065095323923052206
condition1,theta1_sample_092,Fumarate,fumarate,direct,4,2,M+2,0.40914620262968188
condition1,theta1_sample_092,Fumarate,fumarate,direct,4,3,M+3,0.015225522647189805
condition1,theta1_sample_092,Fumarate,fumarate,direct,4,4,M+4,0.48238037360169078
condition1,theta1_sample_092,Malate,malate,direct,4,0,M+0,0.081168970646046737
condition1,theta1_sample_092,Malate,malate,direct,4,1,M+1,0.017623340277321074
condition1,theta1_sample_092,Malate,malate,direct,4,2,M+2,0.39061486006093654
condition1,theta1_sample_092,Malate,malate,direct,4,3,M+3,0.041224376461977477
condition1,theta1_sample_092,Malate,malate,direct,4,4,M+4,0.46936845255371867
condition1,theta1_sample_092,Glutamine,glutamine,direct,5,0,M+0,0.026883511345489945
condition1,theta1_sample_092,Glutamine,glutamine,direct,5,1,M+1,0.062960918952044961
condition1,theta1_sample_092,Glutamine,glutamine,direct,5,2,M+2,0.12615506670956181
condition1,theta1_sample_092,Glutamine,glutamine,direct,5,3,M+3,0.29363845711819136
condition1,theta1_sample_092,Glutamine,glutamine,direct,5,4,M+4,0.14799665309930315
condition1,theta1_sample_092,Glutamine,glutamine,direct,5,5,M+5,0.34236539277540928
condition1,theta1_sample_092,Aspartate,aspartate,reporter,4,0,M+0,0.089429473225962855
condition1,theta1_sample_092,Aspartate,aspartate,reporter,4,1,M+1,0.19989586808603382
condition1,theta1_sample_092,Aspartate,aspartate,reporter,4,2,M+2,0.020575285611583616
condition1,theta1_sample_092,Aspartate,aspartate,reporter,4,3,M+3,0.20144393161488022
condition1,theta1_sample_092,Aspartate,aspartate,reporter,4,4,M+4,0.48865544146153966
condition1,theta1_sample_092,Glycine,glycine,reporter,2,0,M+0,0.3000000000000001
condition1,theta1_sample_092,Glycine,glycine,reporter,2,1,M+1,-0
condition1,theta1_sample_092,Glycine,glycine,reporter,2,2,M+2,0.70000000000000007
condition1,theta1_sample_092,Serine,serine,reporter,3,0,M+0,0.3000000000000001
condition1,theta1_sample_092,Serine,serine,reporter,3,1,M+1,-0
condition1,theta1_sample_092,Serine,serine,reporter,3,2,M+2,-0
condition1,theta1_sample_092,Serine,serine,reporter,3,3,M+3,0.70000000000000007
condition1,theta1_sample_093,Pyruvate,pyruvate,direct,3,0,M+0,0.29944611343000038
condition1,theta1_sample_093,Pyruvate,pyruvate,direct,3,1,M+1,0.00054147780648759736
condition1,theta1_sample_093,Pyruvate,pyruvate,direct,3,2,M+2,0.00057870409702379284
condition1,theta1_sample_093,Pyruvate,pyruvate,direct,3,3,M+3,0.69943370466648824
condition1,theta1_sample_093,Alanine,alanine,reporter,3,0,M+0,0.29944611343000038
condition1,theta1_sample_093,Alanine,alanine,reporter,3,1,M+1,0.00054147780648759736
condition1,theta1_sample_093,Alanine,alanine,reporter,3,2,M+2,0.00057870409702379284
condition1,theta1_sample_093,Alanine,alanine,reporter,3,3,M+3,0.69943370466648824
condition1,theta1_sample_093,Lactate,lactate,reporter,3,0,M+0,0.29944611343000038
condition1,theta1_sample_093,Lactate,lactate,reporter,3,1,M+1,0.00054147780648759736
condition1,theta1_sample_093,Lactate,lactate,reporter,3,2,M+2,0.00057870409702379284
condition1,theta1_sample_093,Lactate,lactate,reporter,3,3,M+3,0.69943370466648824
condition1,theta1_sample_093,Citrate,citrate,reporter,6,0,M+0,0.026850797304719985
condition1,theta1_sample_093,Citrate,citrate,reporter,6,1,M+1,0.060140048951136935
condition1,theta1_sample_093,Citrate,citrate,reporter,6,2,M+2,0.068686966916126219
condition1,theta1_sample_093,Citrate,citrate,reporter,6,3,M+3,0.20057832798126854
condition1,theta1_sample_093,Citrate,citrate,reporter,6,4,M+4,0.16015145688876378
condition1,theta1_sample_093,Citrate,citrate,reporter,6,5,M+5,0.1414092060301588
condition1,theta1_sample_093,Citrate,citrate,reporter,6,6,M+6,0.34218319592782642
condition1,theta1_sample_093,aKG,akg,direct,5,0,M+0,0.02690151240377207
condition1,theta1_sample_093,aKG,akg,direct,5,1,M+1,0.062966990852527258
condition1,theta1_sample_093,aKG,akg,direct,5,2,M+2,0.12613113684624044
condition1,theta1_sample_093,aKG,akg,direct,5,3,M+3,0.2936942139684724
condition1,theta1_sample_093,aKG,akg,direct,5,4,M+4,0.14784263609536452
condition1,theta1_sample_093,aKG,akg,direct,5,5,M+5,0.34246350983362323
condition1,theta1_sample_093,Succinate,succinate,direct,4,0,M+0,0.086897124974803577
condition1,theta1_sample_093,Succinate,succinate,direct,4,1,M+1,0.0061950586863093243
condition1,theta1_sample_093,Succinate,succinate,direct,4,2,M+2,0.40967133840145625
condition1,theta1_sample_093,Succinate,succinate,direct,4,3,M+3,0.014483647238943975
condition1,theta1_sample_093,Succinate,succinate,direct,4,4,M+4,0.48275283069848585
condition1,theta1_sample_093,Fumarate,fumarate,direct,4,0,M+0,0.086897124974803591
condition1,theta1_sample_093,Fumarate,fumarate,direct,4,1,M+1,0.0061950586863093252
condition1,theta1_sample_093,Fumarate,fumarate,direct,4,2,M+2,0.40967133840145631
condition1,theta1_sample_093,Fumarate,fumarate,direct,4,3,M+3,0.014483647238943975
condition1,theta1_sample_093,Fumarate,fumarate,direct,4,4,M+4,0.48275283069848585
condition1,theta1_sample_093,Malate,malate,direct,4,0,M+0,0.084914374216652974
condition1,theta1_sample_093,Malate,malate,direct,4,1,M+1,0.010153348669069844
condition1,theta1_sample_093,Malate,malate,direct,4,2,M+2,0.40307178458567522
condition1,theta1_sample_093,Malate,malate,direct,4,3,M+3,0.023738887954827117
condition1,theta1_sample_093,Malate,malate,direct,4,4,M+4,0.47812160457377395
condition1,theta1_sample_093,Glutamine,glutamine,direct,5,0,M+0,0.02690151240377206
condition1,theta1_sample_093,Glutamine,glutamine,direct,5,1,M+1,0.062966990852527244
condition1,theta1_sample_093,Glutamine,glutamine,direct,5,2,M+2,0.12613113684624042
condition1,theta1_sample_093,Glutamine,glutamine,direct,5,3,M+3,0.29369421396847234
condition1,theta1_sample_093,Glutamine,glutamine,direct,5,4,M+4,0.14784263609536447
condition1,theta1_sample_093,Glutamine,glutamine,direct,5,5,M+5,0.34246350983362311
condition1,theta1_sample_093,Aspartate,aspartate,reporter,4,0,M+0,0.089665424337565053
condition1,theta1_sample_093,Aspartate,aspartate,reporter,4,1,M+1,0.20050526705280416
condition1,theta1_sample_093,Aspartate,aspartate,reporter,4,2,M+2,0.019206924225057653
condition1,theta1_sample_093,Aspartate,aspartate,reporter,4,3,M+3,0.20140865304121289
condition1,theta1_sample_093,Aspartate,aspartate,reporter,4,4,M+4,0.48921373134336094
condition1,theta1_sample_093,Glycine,glycine,reporter,2,0,M+0,0.3000000000000001
condition1,theta1_sample_093,Glycine,glycine,reporter,2,1,M+1,-0
condition1,theta1_sample_093,Glycine,glycine,reporter,2,2,M+2,0.70000000000000018
condition1,theta1_sample_093,Serine,serine,reporter,3,0,M+0,0.3000000000000001
condition1,theta1_sample_093,Serine,serine,reporter,3,1,M+1,-0
condition1,theta1_sample_093,Serine,serine,reporter,3,2,M+2,-0
condition1,theta1_sample_093,Serine,serine,reporter,3,3,M+3,0.70000000000000018
condition1,theta1_sample_094,Pyruvate,pyruvate,direct,3,0,M+0,0.29879695548824847
condition1,theta1_sample_094,Pyruvate,pyruvate,direct,3,1,M+1,0.0010876539171022586
condition1,theta1_sample_094,Pyruvate,pyruvate,direct,3,2,M+2,0.0014338257010498808
condition1,theta1_sample_094,Pyruvate,pyruvate,direct,3,3,M+3,0.69868156489359901
condition1,theta1_sample_094,Alanine,alanine,reporter,3,0,M+0,0.29879695548824847
condition1,theta1_sample_094,Alanine,alanine,reporter,3,1,M+1,0.0010876539171022586
condition1,theta1_sample_094,Alanine,alanine,reporter,3,2,M+2,0.0014338257010498808
condition1,theta1_sample_094,Alanine,alanine,reporter,3,3,M+3,0.69868156489359901
condition1,theta1_sample_094,Lactate,lactate,reporter,3,0,M+0,0.29879695548824847
condition1,theta1_sample_094,Lactate,lactate,reporter,3,1,M+1,0.0010876539171022586
condition1,theta1_sample_094,Lactate,lactate,reporter,3,2,M+2,0.0014338257010498808
condition1,theta1_sample_094,Lactate,lactate,reporter,3,3,M+3,0.69868156489359901
condition1,theta1_sample_094,Citrate,citrate,reporter,6,0,M+0,0.026596519530946616
condition1,theta1_sample_094,Citrate,citrate,reporter,6,1,M+1,0.060506121518892418
condition1,theta1_sample_094,Citrate,citrate,reporter,6,2,M+2,0.067742932086888807
condition1,theta1_sample_094,Citrate,citrate,reporter,6,3,M+3,0.20220496716109379
condition1,theta1_sample_094,Citrate,citrate,reporter,6,4,M+4,0.1581144513751401
condition1,theta1_sample_094,Citrate,citrate,reporter,6,5,M+5,0.14407474263873912
condition1,theta1_sample_094,Citrate,citrate,reporter,6,6,M+6,0.34076026568829793
condition1,theta1_sample_094,aKG,akg,direct,5,0,M+0,0.026819398451351284
condition1,theta1_sample_094,aKG,akg,direct,5,1,M+1,0.062939200922169272
condition1,theta1_sample_094,aKG,akg,direct,5,2,M+2,0.12624020350325041
condition1,theta1_sample_094,aKG,akg,direct,5,3,M+3,0.29344019022754236
condition1,theta1_sample_094,aKG,akg,direct,5,4,M+4,0.14854521308972918
condition1,theta1_sample_094,aKG,akg,direct,5,5,M+5,0.3420157938059567
condition1,theta1_sample_094,Succinate,succinate,direct,4,0,M+0,0.087284287329584834
condition1,theta1_sample_094,Succinate,succinate,direct,4,1,M+1,0.0054136383118459294
condition1,theta1_sample_094,Succinate,succinate,direct,4,2,M+2,0.41097134047059508
condition1,theta1_sample_094,Succinate,succinate,direct,4,3,M+3,0.012679254804931777
condition1,theta1_sample_094,Succinate,succinate,direct,4,4,M+4,0.48365147908304168
condition1,theta1_sample_094,Fumarate,fumarate,direct,4,0,M+0,0.087284287329584848
condition1,theta1_sample_094,Fumarate,fumarate,direct,4,1,M+1,0.0054136383118459294
condition1,theta1_sample_094,Fumarate,fumarate,direct,4,2,M+2,0.41097134047059508
condition1,theta1_sample_094,Fumarate,fumarate,direct,4,3,M+3,0.012679254804931777
condition1,theta1_sample_094,Fumarate,fumarate,direct,4,4,M+4,0.48365147908304168
condition1,theta1_sample_094,Malate,malate,direct,4,0,M+0,0.072683838606198647
condition1,theta1_sample_094,Malate,malate,direct,4,1,M+1,0.034505453631662998
condition1,theta1_sample_094,Malate,malate,direct,4,2,M+2,0.36244862089524815
condition1,theta1_sample_094,Malate,malate,direct,4,3,M+3,0.080851042889719102
condition1,theta1_sample_094,Malate,malate,direct,4,4,M+4,0.44951104397717034
condition1,theta1_sample_094,Glutamine,glutamine,direct,5,0,M+0,0.026819398451351284
condition1,theta1_sample_094,Glutamine,glutamine,direct,5,1,M+1,0.062939200922169272
condition1,theta1_sample_094,Glutamine,glutamine,direct,5,2,M+2,0.12624020350325041
condition1,theta1_sample_094,Glutamine,glutamine,direct,5,3,M+3,0.29344019022754236
condition1,theta1_sample_094,Glutamine,glutamine,direct,5,4,M+4,0.14854521308972918
condition1,theta1_sample_094,Glutamine,glutamine,direct,5,5,M+5,0.3420157938059567
condition1,theta1_sample_094,Aspartate,aspartate,reporter,4,0,M+0,0.08898624270084543
condition1,theta1_sample_094,Aspartate,aspartate,reporter,4,1,M+1,0.20177565933285588
condition1,theta1_sample_094,Aspartate,aspartate,reporter,4,2,M+2,0.017068020895003984
condition1,theta1_sample_094,Aspartate,aspartate,reporter,4,3,M+3,0.20459200940804176
condition1,theta1_sample_094,Aspartate,aspartate,reporter,4,4,M+4,0.48757806766325218
condition1,theta1_sample_094,Glycine,glycine,reporter,2,0,M+0,0.29999999999999993
condition1,theta1_sample_094,Glycine,glycine,reporter,2,1,M+1,-0
condition1,theta1_sample_094,Glycine,glycine,reporter,2,2,M+2,0.69999999999999984
condition1,theta1_sample_094,Serine,serine,reporter,3,0,M+0,0.29999999999999993
condition1,theta1_sample_094,Serine,serine,reporter,3,1,M+1,-0
condition1,theta1_sample_094,Serine,serine,reporter,3,2,M+2,-0
condition1,theta1_sample_094,Serine,serine,reporter,3,3,M+3,0.69999999999999984
condition1,theta1_sample_095,Pyruvate,pyruvate,direct,3,0,M+0,0.29896304874445173
condition1,theta1_sample_095,Pyruvate,pyruvate,direct,3,1,M+1,0.00098269768018232435
condition1,theta1_sample_095,Pyruvate,pyruvate,direct,3,2,M+2,0.0011454584062803154
condition1,theta1_sample_095,Pyruvate,pyruvate,direct,3,3,M+3,0.69890879516908577
condition1,theta1_sample_095,Alanine,alanine,reporter,3,0,M+0,0.29896304874445173
condition1,theta1_sample_095,Alanine,alanine,reporter,3,1,M+1,0.00098269768018232435
condition1,theta1_sample_095,Alanine,alanine,reporter,3,2,M+2,0.0011454584062803154
condition1,theta1_sample_095,Alanine,alanine,reporter,3,3,M+3,0.69890879516908577
condition1,theta1_sample_095,Lactate,lactate,reporter,3,0,M+0,0.29896304874445173
condition1,theta1_sample_095,Lactate,lactate,reporter,3,1,M+1,0.00098269768018232435
condition1,theta1_sample_095,Lactate,lactate,reporter,3,2,M+2,0.0011454584062803154
condition1,theta1_sample_095,Lactate,lactate,reporter,3,3,M+3,0.69890879516908577
condition1,theta1_sample_095,Citrate,citrate,reporter,6,0,M+0,0.026703335331141234
condition1,theta1_sample_095,Citrate,citrate,reporter,6,1,M+1,0.059798513852009773
condition1,theta1_sample_095,Citrate,citrate,reporter,6,2,M+2,0.069296458323377622
condition1,theta1_sample_095,Citrate,citrate,reporter,6,3,M+3,0.19960662294492401
condition1,theta1_sample_095,Citrate,citrate,reporter,6,4,M+4,0.16155600609923837
condition1,theta1_sample_095,Citrate,citrate,reporter,6,5,M+5,0.14166970442634413
condition1,theta1_sample_095,Citrate,citrate,reporter,6,6,M+6,0.34136935902296461
condition1,theta1_sample_095,aKG,akg,direct,5,0,M+0,0.026845102616268823
condition1,theta1_sample_095,aKG,akg,direct,5,1,M+1,0.062947932828590902
condition1,theta1_sample_095,aKG,akg,direct,5,2,M+2,0.12620609513480946
condition1,theta1_sample_095,aKG,akg,direct,5,3,M+3,0.2935195943634058
condition1,theta1_sample_095,aKG,akg,direct,5,4,M+4,0.14832528147305157
condition1,theta1_sample_095,aKG,akg,direct,5,5,M+5,0.34215599358387283
condition1,theta1_sample_095,Succinate,succinate,direct,4,0,M+0,0.086493261907724689
condition1,theta1_sample_095,Succinate,succinate,direct,4,1,M+1,0.0069920994229666269
condition1,theta1_sample_095,Succinate,succinate,direct,4,2,M+2,0.40833937537452736
condition1,theta1_sample_095,Succinate,succinate,direct,4,3,M+3,0.016371903351145654
condition1,theta1_sample_095,Succinate,succinate,direct,4,4,M+4,0.48180335994363477
condition1,theta1_sample_095,Fumarate,fumarate,direct,4,0,M+0,0.086493261907724689
condition1,theta1_sample_095,Fumarate,fumarate,direct,4,1,M+1,0.0069920994229666269
condition1,theta1_sample_095,Fumarate,fumarate,direct,4,2,M+2,0.40833937537452736
condition1,theta1_sample_095,Fumarate,fumarate,direct,4,3,M+3,0.016371903351145654
condition1,theta1_sample_095,Fumarate,fumarate,direct,4,4,M+4,0.48180335994363482
condition1,theta1_sample_095,Malate,malate,direct,4,0,M+0,0.079869033192197597
condition1,theta1_sample_095,Malate,malate,direct,4,1,M+1,0.020196413852743209
condition1,theta1_sample_095,Malate,malate,direct,4,2,M+2,0.38631747032447389
condition1,theta1_sample_095,Malate,malate,direct,4,3,M+3,0.047299685024031313
condition1,theta1_sample_095,Malate,malate,direct,4,4,M+4,0.46631739760655322
condition1,theta1_sample_095,Glutamine,glutamine,direct,5,0,M+0,0.026845102616268816
condition1,theta1_sample_095,Glutamine,glutamine,direct,5,1,M+1,0.062947932828590888
condition1,theta1_sample_095,Glutamine,glutamine,direct,5,2,M+2,0.12620609513480943
condition1,theta1_sample_095,Glutamine,glutamine,direct,5,3,M+3,0.29351959436340574
condition1,theta1_sample_095,Glutamine,glutamine,direct,5,4,M+4,0.14832528147305155
condition1,theta1_sample_095,Glutamine,glutamine,direct,5,5,M+5,0.34215599358387278
condition1,theta1_sample_095,Aspartate,aspartate,reporter,4,0,M+0,0.089307697044390885
condition1,theta1_sample_095,Aspartate,aspartate,reporter,4,1,M+1,0.19939739383131205
condition1,theta1_sample_095,Aspartate,aspartate,reporter,4,2,M+2,0.021647690675234699
condition1,theta1_sample_095,Aspartate,aspartate,reporter,4,3,M+3,0.20128164897803044
condition1,theta1_sample_095,Aspartate,aspartate,reporter,4,4,M+4,0.48836556947103155
condition1,theta1_sample_095,Glycine,glycine,reporter,2,0,M+0,0.29999999999999993
condition1,theta1_sample_095,Glycine,glycine,reporter,2,1,M+1,-0
condition1,theta1_sample_095,Glycine,glycine,reporter,2,2,M+2,0.69999999999999996
condition1,theta1_sample_095,Serine,serine,reporter,3,0,M+0,0.29999999999999993
condition1,theta1_sample_095,Serine,serine,reporter,3,1,M+1,-0
condition1,theta1_sample_095,Serine,serine,reporter,3,2,M+2,-0
condition1,theta1_sample_095,Serine,serine,reporter,3,3,M+3,0.69999999999999996
condition1,theta1_sample_096,Pyruvate,pyruvate,direct,3,0,M+0,0.29731896364828847
condition1,theta1_sample_096,Pyruvate,pyruvate,direct,3,1,M+1,0.0023829182837671486
condition1,theta1_sample_096,Pyruvate,pyruvate,direct,3,2,M+2,0.003277272487599923
condition1,theta1_sample_096,Pyruvate,pyruvate,direct,3,3,M+3,0.69702084558034405
condition1,theta1_sample_096,Alanine,alanine,reporter,3,0,M+0,0.29731896364828847
condition1,theta1_sample_096,Alanine,alanine,reporter,3,1,M+1,0.0023829182837671486
condition1,theta1_sample_096,Alanine,alanine,reporter,3,2,M+2,0.003277272487599923
condition1,theta1_sample_096,Alanine,alanine,reporter,3,3,M+3,0.69702084558034405
condition1,theta1_sample_096,Lactate,lactate,reporter,3,0,M+0,0.29731896364828847
condition1,theta1_sample_096,Lactate,lactate,reporter,3,1,M+1,0.0023829182837671486
condition1,theta1_sample_096,Lactate,lactate,reporter,3,2,M+2,0.003277272487599923
condition1,theta1_sample_096,Lactate,lactate,reporter,3,3,M+3,0.69702084558034405
condition1,theta1_sample_096,Citrate,citrate,reporter,6,0,M+0,0.026003473329488196
condition1,theta1_sample_096,Citrate,citrate,reporter,6,1,M+1,0.05728756244254448
condition1,theta1_sample_096,Citrate,citrate,reporter,6,2,M+2,0.07364055214925086
condition1,theta1_sample_096,Citrate,citrate,reporter,6,3,M+3,0.19247142073896562
condition1,theta1_sample_096,Citrate,citrate,reporter,6,4,M+4,0.17245563976092004
condition1,theta1_sample_096,Citrate,citrate,reporter,6,5,M+5,0.14065359747460657
condition1,theta1_sample_096,Citrate,citrate,reporter,6,6,M+6,0.33748775410422338
condition1,theta1_sample_096,aKG,akg,direct,5,0,M+0,0.026631176067849118
condition1,theta1_sample_096,aKG,akg,direct,5,1,M+1,0.062874619703088649
condition1,theta1_sample_096,aKG,akg,direct,5,2,M+2,0.12648932625667322
condition1,theta1_sample_096,aKG,akg,direct,5,3,M+3,0.29286094871908852
condition1,theta1_sample_096,aKG,akg,direct,5,4,M+4,0.15015576464020072
condition1,theta1_sample_096,aKG,akg,direct,5,5,M+5,0.340988164613098
condition1,theta1_sample_096,Succinate,succinate,direct,4,0,M+0,0.084283056009710408
condition1,theta1_sample_096,Succinate,succinate,direct,4,1,M+1,0.01135163166841471
condition1,theta1_sample_096,Succinate,succinate,direct,4,2,M+2,0.4010531951152535
condition1,theta1_sample_096,Succinate,succinate,direct,4,3,M+3,0.026706490725405891
condition1,theta1_sample_096,Succinate,succinate,direct,4,4,M+4,0.47660562648121413
condition1,theta1_sample_096,Fumarate,fumarate,direct,4,0,M+0,0.084283056009710408
condition1,theta1_sample_096,Fumarate,fumarate,direct,4,1,M+1,0.01135163166841471
condition1,theta1_sample_096,Fumarate,fumarate,direct,4,2,M+2,0.4010531951152535
condition1,theta1_sample_096,Fumarate,fumarate,direct,4,3,M+3,0.026706490725405891
condition1,theta1_sample_096,Fumarate,fumarate,direct,4,4,M+4,0.47660562648121418
condition1,theta1_sample_096,Malate,malate,direct,4,0,M+0,0.06883361139552166
condition1,theta1_sample_096,Malate,malate,direct,4,1,M+1,0.041995322415705208
condition1,theta1_sample_096,Malate,malate,direct,4,2,M+2,0.34989531104274035
condition1,theta1_sample_096,Malate,malate,direct,4,3,M+3,0.098888965085315694
condition1,theta1_sample_096,Malate,malate,direct,4,4,M+4,0.44038679006071585
condition1,theta1_sample_096,Glutamine,glutamine,direct,5,0,M+0,0.026631176067849115
condition1,theta1_sample_096,Glutamine,glutamine,direct,5,1,M+1,0.062874619703088636
condition1,theta1_sample_096,Glutamine,glutamine,direct,5,2,M+2,0.1264893262566732
condition1,theta1_sample_096,Glutamine,glutamine,direct,5,3,M+3,0.29286094871908847
condition1,theta1_sample_096,Glutamine,glutamine,direct,5,4,M+4,0.1501557646402007
condition1,theta1_sample_096,Glutamine,glutamine,direct,5,5,M+5,0.34098816461309794
condition1,theta1_sample_096,Aspartate,aspartate,reporter,4,0,M+0,0.087394132830033666
condition1,theta1_sample_096,Aspartate,aspartate,reporter,4,1,M+1,0.19109209416684106
condition1,theta1_sample_096,Aspartate,aspartate,reporter,4,2,M+2,0.039457307561118954
condition1,theta1_sample_096,Aspartate,aspartate,reporter,4,3,M+3,0.19823257105710357
condition1,theta1_sample_096,Aspartate,aspartate,reporter,4,4,M+4,0.48382389438490225
condition1,theta1_sample_096,Glycine,glycine,reporter,2,0,M+0,0.29999999999999999
condition1,theta1_sample_096,Glycine,glycine,reporter,2,1,M+1,-0
condition1,theta1_sample_096,Glycine,glycine,reporter,2,2,M+2,0.69999999999999984
condition1,theta1_sample_096,Serine,serine,reporter,3,0,M+0,0.29999999999999999
condition1,theta1_sample_096,Serine,serine,reporter,3,1,M+1,-0
condition1,theta1_sample_096,Serine,serine,reporter,3,2,M+2,-0
condition1,theta1_sample_096,Serine,serine,reporter,3,3,M+3,0.69999999999999984
condition1,theta1_sample_097,Pyruvate,pyruvate,direct,3,0,M+0,0.29838740744175646
condition1,theta1_sample_097,Pyruvate,pyruvate,direct,3,1,M+1,0.0014818107137978833
condition1,theta1_sample_097,Pyruvate,pyruvate,direct,3,2,M+2,0.0018741562471349836
condition1,theta1_sample_097,Pyruvate,pyruvate,direct,3,3,M+3,0.69825662559731083
condition1,theta1_sample_097,Alanine,alanine,reporter,3,0,M+0,0.29838740744175646
condition1,theta1_sample_097,Alanine,alanine,reporter,3,1,M+1,0.0014818107137978833
condition1,theta1_sample_097,Alanine,alanine,reporter,3,2,M+2,0.0018741562471349836
condition1,theta1_sample_097,Alanine,alanine,reporter,3,3,M+3,0.69825662559731083
condition1,theta1_sample_097,Lactate,lactate,reporter,3,0,M+0,0.29838740744175646
condition1,theta1_sample_097,Lactate,lactate,reporter,3,1,M+1,0.0014818107137978833
condition1,theta1_sample_097,Lactate,lactate,reporter,3,2,M+2,0.0018741562471349836
condition1,theta1_sample_097,Lactate,lactate,reporter,3,3,M+3,0.69825662559731083
condition1,theta1_sample_097,Citrate,citrate,reporter,6,0,M+0,0.026540584592838302
condition1,theta1_sample_097,Citrate,citrate,reporter,6,1,M+1,0.059903379572118713
condition1,theta1_sample_097,Citrate,citrate,reporter,6,2,M+2,0.069007399475234044
condition1,theta1_sample_097,Citrate,citrate,reporter,6,3,M+3,0.20014223948669951
condition1,theta1_sample_097,Citrate,citrate,reporter,6,4,M+4,0.16083174857982613
condition1,theta1_sample_097,Citrate,citrate,reporter,6,5,M+5,0.14311978106169004
condition1,theta1_sample_097,Citrate,citrate,reporter,6,6,M+6,0.34045486723159341
condition1,theta1_sample_097,aKG,akg,direct,5,0,M+0,0.026765797707318996
condition1,theta1_sample_097,aKG,akg,direct,5,1,M+1,0.06292093911906832
condition1,theta1_sample_097,aKG,akg,direct,5,2,M+2,0.12631127627353678
condition1,theta1_sample_097,aKG,akg,direct,5,3,M+3,0.29327479252845684
condition1,theta1_sample_097,aKG,akg,direct,5,4,M+4,0.14900384110960876
condition1,theta1_sample_097,aKG,akg,direct,5,5,M+5,0.34172335326201081
condition1,theta1_sample_097,Succinate,succinate,direct,4,0,M+0,0.086602273536940472
condition1,theta1_sample_097,Succinate,succinate,direct,4,1,M+1,0.0067655837424233011
condition1,theta1_sample_097,Succinate,succinate,direct,4,2,M+2,0.40871407070139609
condition1,theta1_sample_097,Succinate,succinate,direct,4,3,M+3,0.01586601322217665
condition1,theta1_sample_097,Succinate,succinate,direct,4,4,M+4,0.48205205879706398
condition1,theta1_sample_097,Fumarate,fumarate,direct,4,0,M+0,0.086602273536940472
condition1,theta1_sample_097,Fumarate,fumarate,direct,4,1,M+1,0.0067655837424233003
condition1,theta1_sample_097,Fumarate,fumarate,direct,4,2,M+2,0.40871407070139609
condition1,theta1_sample_097,Fumarate,fumarate,direct,4,3,M+3,0.01586601322217665
condition1,theta1_sample_097,Fumarate,fumarate,direct,4,4,M+4,0.48205205879706398
condition1,theta1_sample_097,Malate,malate,direct,4,0,M+0,0.07502382781701096
condition1,theta1_sample_097,Malate,malate,direct,4,1,M+1,0.029804977830474914
condition1,theta1_sample_097,Malate,malate,direct,4,2,M+2,0.37027591477070754
condition1,theta1_sample_097,Malate,malate,direct,4,3,M+3,0.06993792569911679
condition1,theta1_sample_097,Malate,malate,direct,4,4,M+4,0.45495735388269015
condition1,theta1_sample_097,Glutamine,glutamine,direct,5,0,M+0,0.026765797707318996
condition1,theta1_sample_097,Glutamine,glutamine,direct,5,1,M+1,0.06292093911906832
condition1,theta1_sample_097,Glutamine,glutamine,direct,5,2,M+2,0.12631127627353678
condition1,theta1_sample_097,Glutamine,glutamine,direct,5,3,M+3,0.29327479252845684
condition1,theta1_sample_097,Glutamine,glutamine,direct,5,4,M+4,0.14900384110960876
condition1,theta1_sample_097,Glutamine,glutamine,direct,5,5,M+5,0.34172335326201081
condition1,theta1_sample_097,Aspartate,aspartate,reporter,4,0,M+0,0.08891750233058493
condition1,theta1_sample_097,Aspartate,aspartate,reporter,4,1,M+1,0.19978876224514028
condition1,theta1_sample_097,Aspartate,aspartate,reporter,4,2,M+2,0.021088633961069036
condition1,theta1_sample_097,Aspartate,aspartate,reporter,4,3,M+3,0.20278643602010149
condition1,theta1_sample_097,Aspartate,aspartate,reporter,4,4,M+4,0.4874186654431043
condition1,theta1_sample_097,Glycine,glycine,reporter,2,0,M+0,0.30000000000000004
condition1,theta1_sample_097,Glycine,glycine,reporter,2,1,M+1,-0
condition1,theta1_sample_097,Glycine,glycine,reporter,2,2,M+2,0.70000000000000007
condition1,theta1_sample_097,Serine,serine,reporter,3,0,M+0,0.30000000000000004
condition1,theta1_sample_097,Serine,serine,reporter,3,1,M+1,-0
condition1,theta1_sample_097,Serine,serine,reporter,3,2,M+2,-0
condition1,theta1_sample_097,Serine,serine,reporter,3,3,M+3,0.70000000000000007
condition1,theta1_sample_098,Pyruvate,pyruvate,direct,3,0,M+0,0.29856964555693105
condition1,theta1_sample_098,Pyruvate,pyruvate,direct,3,1,M+1,0.0013592476294784239
condition1,theta1_sample_098,Pyruvate,pyruvate,direct,3,2,M+2,0.00157256807025022
condition1,theta1_sample_098,Pyruvate,pyruvate,direct,3,3,M+3,0.69849853874334067
condition1,theta1_sample_098,Alanine,alanine,reporter,3,0,M+0,0.29856964555693105
condition1,theta1_sample_098,Alanine,alanine,reporter,3,1,M+1,0.0013592476294784239
condition1,theta1_sample_098,Alanine,alanine,reporter,3,2,M+2,0.00157256807025022
condition1,theta1_sample_098,Alanine,alanine,reporter,3,3,M+3,0.69849853874334067
condition1,theta1_sample_098,Lactate,lactate,reporter,3,0,M+0,0.29856964555693105
condition1,theta1_sample_098,Lactate,lactate,reporter,3,1,M+1,0.0013592476294784239
condition1,theta1_sample_098,Lactate,lactate,reporter,3,2,M+2,0.00157256807025022
condition1,theta1_sample_098,Lactate,lactate,reporter,3,3,M+3,0.69849853874334067
condition1,theta1_sample_098,Citrate,citrate,reporter,6,0,M+0,0.026687165196869454
condition1,theta1_sample_098,Citrate,citrate,reporter,6,1,M+1,0.059707395002325032
condition1,theta1_sample_098,Citrate,citrate,reporter,6,2,M+2,0.069603794828665758
condition1,theta1_sample_098,Citrate,citrate,reporter,6,3,M+3,0.19914215376043909
condition1,theta1_sample_098,Citrate,citrate,reporter,6,4,M+4,0.16192418539296499
condition1,theta1_sample_098,Citrate,citrate,reporter,6,5,M+5,0.14165002242524941
condition1,theta1_sample_098,Citrate,citrate,reporter,6,6,M+6,0.34128528339348713
condition1,theta1_sample_098,aKG,akg,direct,5,0,M+0,0.026824609479373155
condition1,theta1_sample_098,aKG,akg,direct,5,1,M+1,0.062941061918967492
condition1,theta1_sample_098,aKG,akg,direct,5,2,M+2,0.12623337945334573
condition1,theta1_sample_098,aKG,akg,direct,5,3,M+3,0.29345597524681272
condition1,theta1_sample_098,aKG,akg,direct,5,4,M+4,0.14850061607360307
condition1,theta1_sample_098,aKG,akg,direct,5,5,M+5,0.34204435782789877
condition1,theta1_sample_098,Succinate,succinate,direct,4,0,M+0,0.086349945584019719
condition1,theta1_sample_098,Succinate,succinate,direct,4,1,M+1,0.007270256105905773
condition1,theta1_sample_098,Succinate,succinate,direct,4,2,M+2,0.40787295558147207
condition1,theta1_sample_098,Succinate,succinate,direct,4,3,M+3,0.017043538183259547
condition1,theta1_sample_098,Succinate,succinate,direct,4,4,M+4,0.48146330454534281
condition1,theta1_sample_098,Fumarate,fumarate,direct,4,0,M+0,0.086349945584019719
condition1,theta1_sample_098,Fumarate,fumarate,direct,4,1,M+1,0.0072702561059057738
condition1,theta1_sample_098,Fumarate,fumarate,direct,4,2,M+2,0.40787295558147207
condition1,theta1_sample_098,Fumarate,fumarate,direct,4,3,M+3,0.017043538183259547
condition1,theta1_sample_098,Fumarate,fumarate,direct,4,4,M+4,0.48146330454534286
condition1,theta1_sample_098,Malate,malate,direct,4,0,M+0,0.080232640262987334
condition1,theta1_sample_098,Malate,malate,direct,4,1,M+1,0.019448449935031926
condition1,theta1_sample_098,Malate,malate,direct,4,2,M+2,0.38755716026194897
condition1,theta1_sample_098,Malate,malate,direct,4,3,M+3,0.045609768619056898
condition1,theta1_sample_098,Malate,malate,direct,4,4,M+4,0.46715198092097487
condition1,theta1_sample_098,Glutamine,glutamine,direct,5,0,M+0,0.026824609479373148
condition1,theta1_sample_098,Glutamine,glutamine,direct,5,1,M+1,0.062941061918967478
condition1,theta1_sample_098,Glutamine,glutamine,direct,5,2,M+2,0.12623337945334573
condition1,theta1_sample_098,Glutamine,glutamine,direct,5,3,M+3,0.29345597524681272
condition1,theta1_sample_098,Glutamine,glutamine,direct,5,4,M+4,0.14850061607360307
condition1,theta1_sample_098,Glutamine,glutamine,direct,5,5,M+5,0.34204435782789877
condition1,theta1_sample_098,Aspartate,aspartate,reporter,4,0,M+0,0.08936742103399882
condition1,theta1_sample_098,Aspartate,aspartate,reporter,4,1,M+1,0.19911821132593066
condition1,theta1_sample_098,Aspartate,aspartate,reporter,4,2,M+2,0.022172707773659046
condition1,theta1_sample_098,Aspartate,aspartate,reporter,4,3,M+3,0.2008302663388955
condition1,theta1_sample_098,Aspartate,aspartate,reporter,4,4,M+4,0.48851139352751666
condition1,theta1_sample_098,Glycine,glycine,reporter,2,0,M+0,0.3000000000000001
condition1,theta1_sample_098,Glycine,glycine,reporter,2,1,M+1,-0
condition1,theta1_sample_098,Glycine,glycine,reporter,2,2,M+2,0.70000000000000018
condition1,theta1_sample_098,Serine,serine,reporter,3,0,M+0,0.3000000000000001
condition1,theta1_sample_098,Serine,serine,reporter,3,1,M+1,-0
condition1,theta1_sample_098,Serine,serine,reporter,3,2,M+2,-0
condition1,theta1_sample_098,Serine,serine,reporter,3,3,M+3,0.70000000000000018
condition1,theta1_sample_099,Pyruvate,pyruvate,direct,3,0,M+0,0.29819551183391751
condition1,theta1_sample_099,Pyruvate,pyruvate,direct,3,1,M+1,0.0016674477368774929
condition1,theta1_sample_099,Pyruvate,pyruvate,direct,3,2,M+2,0.0020785690244926047
condition1,theta1_sample_099,Pyruvate,pyruvate,direct,3,3,M+3,0.69805847140471255
condition1,theta1_sample_099,Alanine,alanine,reporter,3,0,M+0,0.29819551183391751
condition1,theta1_sample_099,Alanine,alanine,reporter,3,1,M+1,0.0016674477368774929
condition1,theta1_sample_099,Alanine,alanine,reporter,3,2,M+2,0.0020785690244926047
condition1,theta1_sample_099,Alanine,alanine,reporter,3,3,M+3,0.69805847140471255
condition1,theta1_sample_099,Lactate,lactate,reporter,3,0,M+0,0.29819551183391751
condition1,theta1_sample_099,Lactate,lactate,reporter,3,1,M+1,0.0016674477368774929
condition1,theta1_sample_099,Lactate,lactate,reporter,3,2,M+2,0.0020785690244926047
condition1,theta1_sample_099,Lactate,lactate,reporter,3,3,M+3,0.69805847140471255
condition1,theta1_sample_099,Citrate,citrate,reporter,6,0,M+0,0.026519838216383023
condition1,theta1_sample_099,Citrate,citrate,reporter,6,1,M+1,0.059079031552568093
condition1,theta1_sample_099,Citrate,citrate,reporter,6,2,M+2,0.070696168365821474
condition1,theta1_sample_099,Citrate,citrate,reporter,6,3,M+3,0.19734356036115164
condition1,theta1_sample_099,Citrate,citrate,reporter,6,4,M+4,0.16467462840038036
condition1,theta1_sample_099,Citrate,citrate,reporter,6,5,M+5,0.14132120159135919
condition1,theta1_sample_099,Citrate,citrate,reporter,6,6,M+6,0.34036557151233576
condition1,theta1_sample_099,aKG,akg,direct,5,0,M+0,0.026787676284855042
condition1,theta1_sample_099,aKG,akg,direct,5,1,M+1,0.062928550331769903
condition1,theta1_sample_099,aKG,akg,direct,5,2,M+2,0.12628242319034486
condition1,theta1_sample_099,aKG,akg,direct,5,3,M+3,0.29334176266310069
condition1,theta1_sample_099,aKG,akg,direct,5,4,M+4,0.14881662235140847
condition1,theta1_sample_099,aKG,akg,direct,5,5,M+5,0.34184296517852047
condition1,theta1_sample_099,Succinate,succinate,direct,4,0,M+0,0.085799543071273868
condition1,theta1_sample_099,Succinate,succinate,direct,4,1,M+1,0.008358813665839928
condition1,theta1_sample_099,Succinate,succinate,direct,4,2,M+2,0.40605461049306218
condition1,theta1_sample_099,Succinate,succinate,direct,4,3,M+3,0.01961616573125886
condition1,theta1_sample_099,Succinate,succinate,direct,4,4,M+4,0.48017086703856382
condition1,theta1_sample_099,Fumarate,fumarate,direct,4,0,M+0,0.085799543071273882
condition1,theta1_sample_099,Fumarate,fumarate,direct,4,1,M+1,0.0083588136658399297
condition1,theta1_sample_099,Fumarate,fumarate,direct,4,2,M+2,0.40605461049306218
condition1,theta1_sample_099,Fumarate,fumarate,direct,4,3,M+3,0.019616165731258864
condition1,theta1_sample_099,Fumarate,fumarate,direct,4,4,M+4,0.48017086703856382
condition1,theta1_sample_099,Malate,malate,direct,4,0,M+0,0.075584107296892591
condition1,theta1_sample_099,Malate,malate,direct,4,1,M+1,0.028673132839707356
condition1,theta1_sample_099,Malate,malate,direct,4,2,M+2,0.37215856107831813
condition1,theta1_sample_099,Malate,malate,direct,4,3,M+3,0.067327050136670022
condition1,theta1_sample_099,Malate,malate,direct,4,4,M+4,0.45625714864841072
condition1,theta1_sample_099,Glutamine,glutamine,direct,5,0,M+0,0.026787676284855042
condition1,theta1_sample_099,Glutamine,glutamine,direct,5,1,M+1,0.062928550331769903
condition1,theta1_sample_099,Glutamine,glutamine,direct,5,2,M+2,0.12628242319034486
condition1,theta1_sample_099,Glutamine,glutamine,direct,5,3,M+3,0.29334176266310069
condition1,theta1_sample_099,Glutamine,glutamine,direct,5,4,M+4,0.14881662235140844
condition1,theta1_sample_099,Glutamine,glutamine,direct,5,5,M+5,0.34184296517852047
condition1,theta1_sample_099,Aspartate,aspartate,reporter,4,0,M+0,0.088903754777549762
condition1,theta1_sample_099,Aspartate,aspartate,reporter,4,1,M+1,0.19703919420397287
condition1,theta1_sample_099,Aspartate,aspartate,reporter,4,2,M+2,0.02663180501715252
condition1,theta1_sample_099,Aspartate,aspartate,reporter,4,3,M+3,0.20000378824357712
condition1,theta1_sample_099,Aspartate,aspartate,reporter,4,4,M+4,0.48742145775774742
condition1,theta1_sample_099,Glycine,glycine,reporter,2,0,M+0,0.30000000000000004
condition1,theta1_sample_099,Glycine,glycine,reporter,2,1,M+1,-0
condition1,theta1_sample_099,Glycine,glycine,reporter,2,2,M+2,0.70000000000000007
condition1,theta1_sample_099,Serine,serine,reporter,3,0,M+0,0.30000000000000004
condition1,theta1_sample_099,Serine,serine,reporter,3,1,M+1,-0
condition1,theta1_sample_099,Serine,serine,reporter,3,2,M+2,-0
condition1,theta1_sample_099,Serine,serine,reporter,3,3,M+3,0.70000000000000007
